DATE ADDED TO CATALOG	PUBMEDID	FIRST AUTHOR	DATE	JOURNAL	LINK	STUDY	DISEASE/TRAIT	INITIAL SAMPLE SIZE	REPLICATION SAMPLE SIZE	REGION	CHR_ID	CHR_POS	REPORTED GENE(S)	MAPPED_GENE	UPSTREAM_GENE_ID	DOWNSTREAM_GENE_ID	SNP_GENE_IDS	UPSTREAM_GENE_DISTANCE	DOWNSTREAM_GENE_DISTANCE	STRONGEST SNP-RISK ALLELE	SNPS	MERGED	SNP_ID_CURRENT	CONTEXT	INTERGENIC	RISK ALLELE FREQUENCY	P-VALUE	PVALUE_MLOG	P-VALUE (TEXT)	OR or BETA	95% CI (TEXT)	PLATFORM [SNPS PASSING QC]	CNV	MAPPED_TRAIT	MAPPED_TRAIT_URI	STUDY ACCESSION	GENOTYPING TECHNOLOGY
2016-09-07	26398136	Kuo PH	2015-09-23	PLoS One	www.ncbi.nlm.nih.gov/pubmed/26398136	Genome-Wide Association Study for Autism Spectrum Disorder in Taiwanese Han Population.	Autism spectrum disorder	315 Han Chinese ancestry cases, 1,115 Han Chinese ancestry controls	282 Han Chinese ancestry cases, 480 Han Chinese ancestry controls	3q26.31	3	174846812	NAALADL2	NAALADL2			ENSG00000177694			rs3914502-A	rs3914502	0	3914502	intergenic_variant	0	0.38	4E-6	5.3979400086720375		1.4	[1.20-1.60]	Affymetrix [546171]	N	autism spectrum disorder	http://purl.obolibrary.org/obo/MONDO_0005258	GCST003130	Genome-wide genotyping array
2016-09-07	26398136	Kuo PH	2015-09-23	PLoS One	www.ncbi.nlm.nih.gov/pubmed/26398136	Genome-Wide Association Study for Autism Spectrum Disorder in Taiwanese Han Population.	Autism spectrum disorder	315 Han Chinese ancestry cases, 1,115 Han Chinese ancestry controls	282 Han Chinese ancestry cases, 480 Han Chinese ancestry controls	8q24.13	8	122499413	intergenic	LINC01151			ENSG00000253819			rs12543592-G	rs12543592	0	12543592	intron_variant	0	0.5	3E-6	5.522878745280337		1.43	[1.25-1.67]	Affymetrix [546171]	N	autism spectrum disorder	http://purl.obolibrary.org/obo/MONDO_0005258	GCST003130	Genome-wide genotyping array
2016-09-07	26398136	Kuo PH	2015-09-23	PLoS One	www.ncbi.nlm.nih.gov/pubmed/26398136	Genome-Wide Association Study for Autism Spectrum Disorder in Taiwanese Han Population.	Autism spectrum disorder	315 Han Chinese ancestry cases, 1,115 Han Chinese ancestry controls	282 Han Chinese ancestry cases, 480 Han Chinese ancestry controls	1q44	1	248241352	OR2M4	OR2M4			ENSG00000171180			rs10888329-?	rs10888329	0	10888329	3_prime_UTR_variant	0	0.804	8E-6	5.096910013008056		1.82	[1.39-2.33]	Affymetrix [546171]	N	autism spectrum disorder	http://purl.obolibrary.org/obo/MONDO_0005258	GCST003130	Genome-wide genotyping array
2016-09-07	26398136	Kuo PH	2015-09-23	PLoS One	www.ncbi.nlm.nih.gov/pubmed/26398136	Genome-Wide Association Study for Autism Spectrum Disorder in Taiwanese Han Population.	Autism spectrum disorder	315 Han Chinese ancestry cases, 1,115 Han Chinese ancestry controls	282 Han Chinese ancestry cases, 480 Han Chinese ancestry controls	17p13.3	17	2374770	MNT	SGSM2			ENSG00000141258			rs2447097-A	rs2447097	0	2447097	intron_variant	0	0.261	9E-6	5.045757490560675		1.53	[1.27-1.85]	Affymetrix [546171]	N	autism spectrum disorder	http://purl.obolibrary.org/obo/MONDO_0005258	GCST003130	Genome-wide genotyping array
2016-08-17	26314684	Liu X	2015-08-28	Autism Res	www.ncbi.nlm.nih.gov/pubmed/26314684	Genome-wide Association Study of Autism Spectrum Disorder in the East Asian Populations.	Autism spectrum disorder	156 Japanese ancestry cases, 620 Japanese ancestry controls	205 Japanese ancestry cases, 184 Japanese ancestry controls, 418 Han Chinese ancestry cases and 836 Han Chinese ancestry controls from 418 trios	18q12.3	18	42611606	RIT2	LINC00907			ENSG00000267586			rs16976358-C	rs16976358	0	16976358	intron_variant	0	NR	6E-7	6.221848749616356	(Japanese)	2.0506	[NR]	Affymetrix [561592]	N	autism spectrum disorder	http://purl.obolibrary.org/obo/MONDO_0005258	GCST003104	Genome-wide genotyping array
2017-08-16	28540026	Anney RJL	2017-05-22	Mol Autism	www.ncbi.nlm.nih.gov/pubmed/28540026	Meta-analysis of GWAS of over 16,000 individuals with autism spectrum disorder highlights a novel locus at 10q24.32 and a significant overlap with schizophrenia.	Autism spectrum disorder	6,197 European ancestry cases, 7,377 European ancestry controls, 1,190 cases, 1,190 controls	8,266 European ancestry cases, 147,562 European ancestry controls, 886 cases, 1,105 controls	8q24.11	8	118082680	EXT1	EXT1			ENSG00000182197			rs7835763-A	rs7835763	0	7835763	intron_variant	0	NR	2E-6	5.698970004336019		1.1	[1.06-1.14]	Affymetrix, Illumina [6695386] (imputed)	N	autism spectrum disorder	http://purl.obolibrary.org/obo/MONDO_0005258	GCST004520	Genome-wide genotyping array
2017-08-16	28540026	Anney RJL	2017-05-22	Mol Autism	www.ncbi.nlm.nih.gov/pubmed/28540026	Meta-analysis of GWAS of over 16,000 individuals with autism spectrum disorder highlights a novel locus at 10q24.32 and a significant overlap with schizophrenia.	Autism spectrum disorder	6,197 European ancestry cases, 7,377 European ancestry controls, 1,190 cases, 1,190 controls	8,266 European ancestry cases, 147,562 European ancestry controls, 886 cases, 1,105 controls	6p22.1	6	29942680	NR	HLA-A, POLR1HASP, POLR1HASP			ENSG00000206503, ENSG00000204623, ENSG00000293508			rs115254791-G	rs115254791	1	9260125	non_coding_transcript_exon_variant	0	NR	4E-6	5.3979400086720375		1.0869565	[1.05-1.14]	Affymetrix, Illumina [6695386] (imputed)	N	autism spectrum disorder	http://purl.obolibrary.org/obo/MONDO_0005258	GCST004520	Genome-wide genotyping array
2017-08-16	28540026	Anney RJL	2017-05-22	Mol Autism	www.ncbi.nlm.nih.gov/pubmed/28540026	Meta-analysis of GWAS of over 16,000 individuals with autism spectrum disorder highlights a novel locus at 10q24.32 and a significant overlap with schizophrenia.	Autism spectrum disorder	6,197 European ancestry cases, 7,377 European ancestry controls, 1,190 cases, 1,190 controls	8,266 European ancestry cases, 147,562 European ancestry controls, 886 cases, 1,105 controls	6p22.3	6	23819007	NR	RNU6-1060P - SPTLC1P2	ENSG00000207394	ENSG00000218512		693920	37691	rs142968358-T	rs142968358	1	11964038	intergenic_variant	1	NR	1E-6	6.0		1.1	[1.06-1.14]	Affymetrix, Illumina [6695386] (imputed)	N	autism spectrum disorder	http://purl.obolibrary.org/obo/MONDO_0005258	GCST004520	Genome-wide genotyping array
2017-07-21	28533516	Cantor RM	2017-05-23	Mol Psychiatry	www.ncbi.nlm.nih.gov/pubmed/28533516	ASD restricted and repetitive behaviors associated at 17q21.33: genes prioritized by expression in fetal brains.	Restricted and repetitive behaviours in autism spectrum disorder	4,664 European ancestry children from 2,145 families	NA	17q21.33	17	49405591	PHB	ZNF652-AS1, PHB1			ENSG00000248714, ENSG00000167085			rs2898883-?	rs2898883	0	2898883	intron_variant	0	NR	2E-8	7.698970004336019	(Repetitive use of objects)			Illumina [at least 3972813] (imputed)	N	behavior trait	http://purl.obolibrary.org/obo/OBA_VT0010442	GCST004377	Genome-wide genotyping array
2017-09-11	28641744	Guo W	2017-07-01	Eur Neuropsychopharmacol	www.ncbi.nlm.nih.gov/pubmed/28641744	Polygenic risk score and heritability estimates reveals a genetic relationship between ASD and OCD.	Obsessive-compulsive disorder or autism spectrum disorder	2,998 European ancestry obsessive-compulsive disorder cases, 6,898 European ancestry autism spectrum disorder cases	NA	16q24.3	16	89939045	TUBB3, MC1R	TUBB3 - DEF8	ENSG00000258947	ENSG00000140995		284	9082	rs4785741-T	rs4785741	0	4785741	intergenic_variant	1	NR	7E-7	6.154901959985743		70.9925	[42.97-99.02] unit increase	Illumina [6995140] (imputed)	N	obsessive-compulsive disorder, autism spectrum disorder	http://purl.obolibrary.org/obo/MONDO_0008114, http://purl.obolibrary.org/obo/MONDO_0005258	GCST004703	Genome-wide genotyping array
2017-09-11	28641744	Guo W	2017-07-01	Eur Neuropsychopharmacol	www.ncbi.nlm.nih.gov/pubmed/28641744	Polygenic risk score and heritability estimates reveals a genetic relationship between ASD and OCD.	Obsessive-compulsive disorder or autism spectrum disorder	2,998 European ancestry obsessive-compulsive disorder cases, 6,898 European ancestry autism spectrum disorder cases	NA	1p22.3	1	85313923	DDAH1	BCL10-AS1			ENSG00000223653			rs72722664-A	rs72722664	0	72722664	intron_variant	0	NR	2E-6	5.698970004336019		30.6385	[17.99-43.29] unit increase	Illumina [6995140] (imputed)	N	obsessive-compulsive disorder, autism spectrum disorder	http://purl.obolibrary.org/obo/MONDO_0008114, http://purl.obolibrary.org/obo/MONDO_0005258	GCST004703	Genome-wide genotyping array
2017-09-11	28641744	Guo W	2017-07-01	Eur Neuropsychopharmacol	www.ncbi.nlm.nih.gov/pubmed/28641744	Polygenic risk score and heritability estimates reveals a genetic relationship between ASD and OCD.	Obsessive-compulsive disorder or autism spectrum disorder	2,998 European ancestry obsessive-compulsive disorder cases, 6,898 European ancestry autism spectrum disorder cases	NA	18p11.21	18	11981209	IMPA2	IMPA2			ENSG00000141401			rs2075824-T	rs2075824	0	2075824	regulatory_region_variant	0	NR	4E-6	5.3979400086720375		56.9756	[32.75-81.2] unit increase	Illumina [6995140] (imputed)	N	obsessive-compulsive disorder, autism spectrum disorder	http://purl.obolibrary.org/obo/MONDO_0008114, http://purl.obolibrary.org/obo/MONDO_0005258	GCST004703	Genome-wide genotyping array
2017-09-11	28641744	Guo W	2017-07-01	Eur Neuropsychopharmacol	www.ncbi.nlm.nih.gov/pubmed/28641744	Polygenic risk score and heritability estimates reveals a genetic relationship between ASD and OCD.	Obsessive-compulsive disorder or autism spectrum disorder	2,998 European ancestry obsessive-compulsive disorder cases, 6,898 European ancestry autism spectrum disorder cases	NA	4q28.3	4	137582680	PCDH18	LINC02172			ENSG00000251632			rs11735612-A	rs11735612	0	11735612	intron_variant	0	NR	4E-6	5.3979400086720375		66.5774	[38.14-95.02] unit increase	Illumina [6995140] (imputed)	N	obsessive-compulsive disorder, autism spectrum disorder	http://purl.obolibrary.org/obo/MONDO_0008114, http://purl.obolibrary.org/obo/MONDO_0005258	GCST004703	Genome-wide genotyping array
2017-09-11	28641744	Guo W	2017-07-01	Eur Neuropsychopharmacol	www.ncbi.nlm.nih.gov/pubmed/28641744	Polygenic risk score and heritability estimates reveals a genetic relationship between ASD and OCD.	Obsessive-compulsive disorder or autism spectrum disorder	2,998 European ancestry obsessive-compulsive disorder cases, 6,898 European ancestry autism spectrum disorder cases	NA	8p22	8	13943870	intergenic	DLC1 - SGCZ	ENSG00000164741	ENSG00000185053		339260	140975	rs75216060-A	rs75216060	0	75216060	intergenic_variant	1	NR	7E-6	5.154901959985743		61.3145	[34.62-88.01] unit decrease	Illumina [6995140] (imputed)	N	obsessive-compulsive disorder, autism spectrum disorder	http://purl.obolibrary.org/obo/MONDO_0008114, http://purl.obolibrary.org/obo/MONDO_0005258	GCST004703	Genome-wide genotyping array
2017-09-11	28641744	Guo W	2017-07-01	Eur Neuropsychopharmacol	www.ncbi.nlm.nih.gov/pubmed/28641744	Polygenic risk score and heritability estimates reveals a genetic relationship between ASD and OCD.	Obsessive-compulsive disorder or autism spectrum disorder	2,998 European ancestry obsessive-compulsive disorder cases, 6,898 European ancestry autism spectrum disorder cases	NA	3p21.31	3	48372784	intergenic	FBXW12			ENSG00000164049			rs17080138-T	rs17080138	0	17080138	missense_variant	0	NR	7E-6	5.154901959985743		22.0	[12.41-31.59] unit increase	Illumina [6995140] (imputed)	N	obsessive-compulsive disorder, autism spectrum disorder	http://purl.obolibrary.org/obo/MONDO_0008114, http://purl.obolibrary.org/obo/MONDO_0005258	GCST004703	Genome-wide genotyping array
2017-09-11	28641744	Guo W	2017-07-01	Eur Neuropsychopharmacol	www.ncbi.nlm.nih.gov/pubmed/28641744	Polygenic risk score and heritability estimates reveals a genetic relationship between ASD and OCD.	Obsessive-compulsive disorder or autism spectrum disorder	2,998 European ancestry obsessive-compulsive disorder cases, 6,898 European ancestry autism spectrum disorder cases	NA	14q23.2	14	63217357	intergenic	RHOJ			ENSG00000126785			rs59093387-A	rs59093387	0	59093387	intron_variant	0	NR	7E-6	5.154901959985743		52.5822	[29.65-75.52] unit increase	Illumina [6995140] (imputed)	N	obsessive-compulsive disorder, autism spectrum disorder	http://purl.obolibrary.org/obo/MONDO_0008114, http://purl.obolibrary.org/obo/MONDO_0005258	GCST004703	Genome-wide genotyping array
2017-09-11	28641744	Guo W	2017-07-01	Eur Neuropsychopharmacol	www.ncbi.nlm.nih.gov/pubmed/28641744	Polygenic risk score and heritability estimates reveals a genetic relationship between ASD and OCD.	Obsessive-compulsive disorder or autism spectrum disorder	2,998 European ancestry obsessive-compulsive disorder cases, 6,898 European ancestry autism spectrum disorder cases	NA	1p36.22	1	11704224	C1orf187	DRAXIN			ENSG00000162490			rs12045323-T	rs12045323	0	12045323	intron_variant	0	NR	7E-6	5.154901959985743		57.5469	[32.42-82.68] unit increase	Illumina [6995140] (imputed)	N	obsessive-compulsive disorder, autism spectrum disorder	http://purl.obolibrary.org/obo/MONDO_0008114, http://purl.obolibrary.org/obo/MONDO_0005258	GCST004703	Genome-wide genotyping array
2017-09-11	28641744	Guo W	2017-07-01	Eur Neuropsychopharmacol	www.ncbi.nlm.nih.gov/pubmed/28641744	Polygenic risk score and heritability estimates reveals a genetic relationship between ASD and OCD.	Obsessive-compulsive disorder or autism spectrum disorder	2,998 European ancestry obsessive-compulsive disorder cases, 6,898 European ancestry autism spectrum disorder cases	NA	10q22.1	10	70368301	intergenic	LRRC20			ENSG00000172731			rs9731813-A	rs9731813	0	9731813	intron_variant	0	NR	7E-6	5.154901959985743		27.618	[15.56-39.68] unit decrease	Illumina [6995140] (imputed)	N	obsessive-compulsive disorder, autism spectrum disorder	http://purl.obolibrary.org/obo/MONDO_0008114, http://purl.obolibrary.org/obo/MONDO_0005258	GCST004703	Genome-wide genotyping array
2017-09-11	28641744	Guo W	2017-07-01	Eur Neuropsychopharmacol	www.ncbi.nlm.nih.gov/pubmed/28641744	Polygenic risk score and heritability estimates reveals a genetic relationship between ASD and OCD.	Obsessive-compulsive disorder or autism spectrum disorder	2,998 European ancestry obsessive-compulsive disorder cases, 6,898 European ancestry autism spectrum disorder cases	NA	15q22.2	15	60080022	intergenic	FOXB1 - ANXA2	ENSG00000171956	ENSG00000182718		18292	267112	rs8032150-C	rs8032150	0	8032150	intron_variant	1	NR	7E-6	5.154901959985743		59.4319	[33.47-85.39] unit decrease	Illumina [6995140] (imputed)	N	obsessive-compulsive disorder, autism spectrum disorder	http://purl.obolibrary.org/obo/MONDO_0008114, http://purl.obolibrary.org/obo/MONDO_0005258	GCST004703	Genome-wide genotyping array
2017-09-11	28641744	Guo W	2017-07-01	Eur Neuropsychopharmacol	www.ncbi.nlm.nih.gov/pubmed/28641744	Polygenic risk score and heritability estimates reveals a genetic relationship between ASD and OCD.	Obsessive-compulsive disorder or autism spectrum disorder	2,998 European ancestry obsessive-compulsive disorder cases, 6,898 European ancestry autism spectrum disorder cases	NA	20p12.1	20	16640453	RPL7AL3, RPLP0P1	RPLP0P1 - Y_RNA	ENSG00000226229	ENSG00000200544		53760	30188	rs6034559-T	rs6034559	0	6034559	intergenic_variant	1	NR	8E-6	5.096910013008056		66.7955	[37.45-96.14] unit decrease	Illumina [6995140] (imputed)	N	obsessive-compulsive disorder, autism spectrum disorder	http://purl.obolibrary.org/obo/MONDO_0008114, http://purl.obolibrary.org/obo/MONDO_0005258	GCST004703	Genome-wide genotyping array
2017-09-11	28641744	Guo W	2017-07-01	Eur Neuropsychopharmacol	www.ncbi.nlm.nih.gov/pubmed/28641744	Polygenic risk score and heritability estimates reveals a genetic relationship between ASD and OCD.	Obsessive-compulsive disorder or autism spectrum disorder	2,998 European ancestry obsessive-compulsive disorder cases, 6,898 European ancestry autism spectrum disorder cases	NA	2q34	2	208389154	PTH2R	PTH2R			ENSG00000144407			rs78907274-A	rs78907274	0	78907274	intron_variant	0	NR	9E-6	5.045757490560675		33.5591	[18.75-48.37] unit decrease	Illumina [6995140] (imputed)	N	obsessive-compulsive disorder, autism spectrum disorder	http://purl.obolibrary.org/obo/MONDO_0008114, http://purl.obolibrary.org/obo/MONDO_0005258	GCST004703	Genome-wide genotyping array
2017-09-11	28641744	Guo W	2017-07-01	Eur Neuropsychopharmacol	www.ncbi.nlm.nih.gov/pubmed/28641744	Polygenic risk score and heritability estimates reveals a genetic relationship between ASD and OCD.	Obsessive-compulsive disorder or autism spectrum disorder	2,998 European ancestry obsessive-compulsive disorder cases, 6,898 European ancestry autism spectrum disorder cases	NA	6q16.1	6	96391163	FUT9	UFL1-AS1			ENSG00000233797			rs767619-T	rs767619	0	767619	intron_variant	0	NR	9E-6	5.045757490560675		45.9769	[25.63-66.32] unit decrease	Illumina [6995140] (imputed)	N	obsessive-compulsive disorder, autism spectrum disorder	http://purl.obolibrary.org/obo/MONDO_0008114, http://purl.obolibrary.org/obo/MONDO_0005258	GCST004703	Genome-wide genotyping array
2021-11-09	30675382	Leblond CS	2019-01-21	NPJ Genom Med	www.ncbi.nlm.nih.gov/pubmed/30675382	Both rare and common genetic variants contribute to autism in the Faroe Islands.	Autism	36 European ancestry, 176 European ancestry controls	NA	1p31.3	1	60946459	NFIA, AS2	NFIA-AS2, NFIA			ENSG00000237928, ENSG00000162599			rs17121331-G	rs17121331	0	17121331	intron_variant	0	NR	5E-6	5.301029995663981				Illumina [1690491] (imputed)	N	autism	http://purl.obolibrary.org/obo/MONDO_0005260	GCST012498	Genome-wide genotyping array
2021-11-09	30675382	Leblond CS	2019-01-21	NPJ Genom Med	www.ncbi.nlm.nih.gov/pubmed/30675382	Both rare and common genetic variants contribute to autism in the Faroe Islands.	Autism	36 European ancestry, 176 European ancestry controls	NA	1q41	1	216527482	ESRRG	ESRRG			ENSG00000196482			rs12058696-G	rs12058696	0	12058696	intron_variant	0	NR	4E-6	5.3979400086720375				Illumina [1690491] (imputed)	N	autism	http://purl.obolibrary.org/obo/MONDO_0005260	GCST012498	Genome-wide genotyping array
2021-11-09	30675382	Leblond CS	2019-01-21	NPJ Genom Med	www.ncbi.nlm.nih.gov/pubmed/30675382	Both rare and common genetic variants contribute to autism in the Faroe Islands.	Autism	36 European ancestry, 176 European ancestry controls	NA	3p14.2	3	63453658	SYNPR	SYNPR, SYNPR-AS1			ENSG00000163630, ENSG00000241359			rs9823776-A	rs9823776	0	9823776	intron_variant	0	NR	5E-6	5.301029995663981				Illumina [1690491] (imputed)	N	autism	http://purl.obolibrary.org/obo/MONDO_0005260	GCST012498	Genome-wide genotyping array
2021-11-09	30675382	Leblond CS	2019-01-21	NPJ Genom Med	www.ncbi.nlm.nih.gov/pubmed/30675382	Both rare and common genetic variants contribute to autism in the Faroe Islands.	Autism	36 European ancestry, 176 European ancestry controls	NA	5q34	5	167904318	TENM2	TENM2			ENSG00000145934			rs7710122-C	rs7710122	0	7710122	intron_variant	0	NR	5E-6	5.301029995663981				Illumina [1690491] (imputed)	N	autism	http://purl.obolibrary.org/obo/MONDO_0005260	GCST012498	Genome-wide genotyping array
2021-11-09	30675382	Leblond CS	2019-01-21	NPJ Genom Med	www.ncbi.nlm.nih.gov/pubmed/30675382	Both rare and common genetic variants contribute to autism in the Faroe Islands.	Autism	36 European ancestry, 176 European ancestry controls	NA	8p23.1	8	6350568	intergenic	MCPH1-DT			ENSG00000246089			rs17533237-A	rs17533237	0	17533237	intron_variant	0	NR	6E-6	5.221848749616356				Illumina [1690491] (imputed)	N	autism	http://purl.obolibrary.org/obo/MONDO_0005260	GCST012498	Genome-wide genotyping array
2021-11-09	30675382	Leblond CS	2019-01-21	NPJ Genom Med	www.ncbi.nlm.nih.gov/pubmed/30675382	Both rare and common genetic variants contribute to autism in the Faroe Islands.	Autism	36 European ancestry, 176 European ancestry controls	NA	11q24.1	11	122999975	intergenic	BSX - SAE1P1	ENSG00000188909	ENSG00000213184		18141	17663	rs6589964-A	rs6589964	0	6589964	intergenic_variant	1	NR	4E-6	5.3979400086720375				Illumina [1690491] (imputed)	N	autism	http://purl.obolibrary.org/obo/MONDO_0005260	GCST012498	Genome-wide genotyping array
2021-11-09	30675382	Leblond CS	2019-01-21	NPJ Genom Med	www.ncbi.nlm.nih.gov/pubmed/30675382	Both rare and common genetic variants contribute to autism in the Faroe Islands.	Autism	36 European ancestry, 176 European ancestry controls	NA	12q23.1	12	97901591	intergenic	PAFAH1B2P2 - MIR4495	ENSG00000293309	ENSG00000265861		26410	37465	rs1551064-C	rs1551064	0	1551064	intergenic_variant	1	NR	4E-6	5.3979400086720375				Illumina [1690491] (imputed)	N	autism	http://purl.obolibrary.org/obo/MONDO_0005260	GCST012498	Genome-wide genotyping array
2021-11-09	30675382	Leblond CS	2019-01-21	NPJ Genom Med	www.ncbi.nlm.nih.gov/pubmed/30675382	Both rare and common genetic variants contribute to autism in the Faroe Islands.	Autism	36 European ancestry, 176 European ancestry controls	NA	13q22.2	13	76644438	intergenic	RN7SL571P - KCTD12	ENSG00000243274	ENSG00000178695		509213	235737	rs9573902-C	rs9573902	0	9573902	intron_variant	1	NR	9E-6	5.045757490560675				Illumina [1690491] (imputed)	N	autism	http://purl.obolibrary.org/obo/MONDO_0005260	GCST012498	Genome-wide genotyping array
2021-11-09	30675382	Leblond CS	2019-01-21	NPJ Genom Med	www.ncbi.nlm.nih.gov/pubmed/30675382	Both rare and common genetic variants contribute to autism in the Faroe Islands.	Autism	36 European ancestry, 176 European ancestry controls	NA	Xq28	X	151247507	intergenic	NAB1P1 - Metazoa_SRP	ENSG00000228717	ENSG00000275978		19792	28002	rs12557937-A	rs12557937	0	12557937	intergenic_variant	1	NR	4E-6	5.3979400086720375				Illumina [1690491] (imputed)	N	autism	http://purl.obolibrary.org/obo/MONDO_0005260	GCST012498	Genome-wide genotyping array
2021-11-09	30675382	Leblond CS	2019-01-21	NPJ Genom Med	www.ncbi.nlm.nih.gov/pubmed/30675382	Both rare and common genetic variants contribute to autism in the Faroe Islands.	Autism	36 European ancestry, 176 European ancestry controls	NA				SNX29							chr16:12594568-A	chr16:12594568	0			1	NR	4E-6	5.3979400086720375				Illumina [1690491] (imputed)	N	autism	http://purl.obolibrary.org/obo/MONDO_0005260	GCST012498	Genome-wide genotyping array
2021-11-09	30675382	Leblond CS	2019-01-21	NPJ Genom Med	www.ncbi.nlm.nih.gov/pubmed/30675382	Both rare and common genetic variants contribute to autism in the Faroe Islands.	Autism	36 European ancestry, 176 European ancestry controls	NA				ASIC2							chr17:31559597-C	chr17:31559597	0			1	NR	3E-6	5.522878745280337				Illumina [1690491] (imputed)	N	autism	http://purl.obolibrary.org/obo/MONDO_0005260	GCST012498	Genome-wide genotyping array
2021-11-09	30675382	Leblond CS	2019-01-21	NPJ Genom Med	www.ncbi.nlm.nih.gov/pubmed/30675382	Both rare and common genetic variants contribute to autism in the Faroe Islands.	Autism	36 European ancestry, 176 European ancestry controls	NA				intergenic							chr18:41228896-G	chr18:41228896	0			1	NR	7E-6	5.154901959985743				Illumina [1690491] (imputed)	N	autism	http://purl.obolibrary.org/obo/MONDO_0005260	GCST012498	Genome-wide genotyping array
2021-11-09	30675382	Leblond CS	2019-01-21	NPJ Genom Med	www.ncbi.nlm.nih.gov/pubmed/30675382	Both rare and common genetic variants contribute to autism in the Faroe Islands.	Autism	36 European ancestry, 176 European ancestry controls	NA				intergenic							chr20:44957939-T	chr20:44957939	0			1	NR	9E-6	5.045757490560675				Illumina [1690491] (imputed)	N	autism	http://purl.obolibrary.org/obo/MONDO_0005260	GCST012498	Genome-wide genotyping array
2019-04-10	30804558	Grove J	2019-02-25	Nat Genet	www.ncbi.nlm.nih.gov/pubmed/30804558	Identification of common genetic risk variants for autism spectrum disorder.	Autism spectrum disorder	18,381 European ancestry cases, 27,969 European ancestry controls	2,119 European ancestry cases, 142,379 European ancestry controls	8p23.1	8	10719265	C8orf74, SOX7, PINX1	RP1L1 - SOX7	ENSG00000183638	ENSG00000171056		7078	4503	rs10099100-C	rs10099100	0	10099100	intergenic_variant	1	0.331	1E-8	8.0		1.08	[NR]	Illumina [9112387] (imputed)	N	autism spectrum disorder	http://purl.obolibrary.org/obo/MONDO_0005258	GCST007556	Genome-wide genotyping array
2019-04-10	30804558	Grove J	2019-02-25	Nat Genet	www.ncbi.nlm.nih.gov/pubmed/30804558	Identification of common genetic risk variants for autism spectrum disorder.	Autism spectrum disorder	18,381 European ancestry cases, 27,969 European ancestry controls	2,119 European ancestry cases, 142,379 European ancestry controls	8q11.1	8	47124851	Intergenic	RN7SKP32 - RNU6-819P	ENSG00000222099	ENSG00000200986		56528	6930	rs183563276-G	rs183563276	0	183563276	non_coding_transcript_exon_variant	1	0.011	4E-6	5.3979400086720375		1.4265335	[NR]	Illumina [9112387] (imputed)	N	autism spectrum disorder	http://purl.obolibrary.org/obo/MONDO_0005258	GCST007556	Genome-wide genotyping array
2019-04-10	30804558	Grove J	2019-02-25	Nat Genet	www.ncbi.nlm.nih.gov/pubmed/30804558	Identification of common genetic risk variants for autism spectrum disorder.	Autism spectrum disorder	18,381 European ancestry cases, 27,969 European ancestry controls	2,119 European ancestry cases, 142,379 European ancestry controls	8q24.22	8	130459801	Intergenic	ASAP1 - ADCY8	ENSG00000153317	ENSG00000155897		16039	320499	rs10110094-A	rs10110094	0	10110094	intergenic_variant	1	0.163	8E-7	6.096910013008056		1.091	[NR]	Illumina [9112387] (imputed)	N	autism spectrum disorder	http://purl.obolibrary.org/obo/MONDO_0005258	GCST007556	Genome-wide genotyping array
2019-04-10	30804558	Grove J	2019-02-25	Nat Genet	www.ncbi.nlm.nih.gov/pubmed/30804558	Identification of common genetic risk variants for autism spectrum disorder.	Autism spectrum disorder	18,381 European ancestry cases, 27,969 European ancestry controls	2,119 European ancestry cases, 142,379 European ancestry controls	8q24.3	8	141605122	MROH5	C8orf90 - MIR1302-7	ENSG00000226490	ENSG00000221768		86385	181120	rs11787216-C	rs11787216	0	11787216	intron_variant	1	0.636	4E-6	5.3979400086720375		1.0638298	[NR]	Illumina [9112387] (imputed)	N	autism spectrum disorder	http://purl.obolibrary.org/obo/MONDO_0005258	GCST007556	Genome-wide genotyping array
2019-04-10	30804558	Grove J	2019-02-25	Nat Genet	www.ncbi.nlm.nih.gov/pubmed/30804558	Identification of common genetic risk variants for autism spectrum disorder.	Autism spectrum disorder	18,381 European ancestry cases, 27,969 European ancestry controls	2,119 European ancestry cases, 142,379 European ancestry controls	10p13	10	16649400	Intergenic	RSU1			ENSG00000148484			rs45595836-T	rs45595836	0	45595836	intron_variant	0	0.067	3E-6	5.522878745280337		1.126	[NR]	Illumina [9112387] (imputed)	N	autism spectrum disorder	http://purl.obolibrary.org/obo/MONDO_0005258	GCST007556	Genome-wide genotyping array
2019-04-10	30804558	Grove J	2019-02-25	Nat Genet	www.ncbi.nlm.nih.gov/pubmed/30804558	Identification of common genetic risk variants for autism spectrum disorder.	Autism spectrum disorder	18,381 European ancestry cases, 27,969 European ancestry controls	2,119 European ancestry cases, 142,379 European ancestry controls	10q21.3	10	62889636	Intergenic	EGR2 - RNU6-543P	ENSG00000122877	ENSG00000199446		70469	220503	rs113764414-A	rs113764414	0	113764414	intron_variant	1	0.672	5E-7	6.301029995663981		1.078	[NR]	Illumina [9112387] (imputed)	N	autism spectrum disorder	http://purl.obolibrary.org/obo/MONDO_0005258	GCST007556	Genome-wide genotyping array
2019-04-10	30804558	Grove J	2019-02-25	Nat Genet	www.ncbi.nlm.nih.gov/pubmed/30804558	Identification of common genetic risk variants for autism spectrum disorder.	Autism spectrum disorder	18,381 European ancestry cases, 27,969 European ancestry controls	2,119 European ancestry cases, 142,379 European ancestry controls	10q21.3	10	63661682	Intergenic	MRPL35P2 - RPL7AP50	ENSG00000232075	ENSG00000213609		26855	240769	rs141319505-A	rs141319505	0	141319505	intergenic_variant	1	0.98	4E-6	5.3979400086720375		1.308	[NR]	Illumina [9112387] (imputed)	N	autism spectrum disorder	http://purl.obolibrary.org/obo/MONDO_0005258	GCST007556	Genome-wide genotyping array
2019-04-10	30804558	Grove J	2019-02-25	Nat Genet	www.ncbi.nlm.nih.gov/pubmed/30804558	Identification of common genetic risk variants for autism spectrum disorder.	Autism spectrum disorder	18,381 European ancestry cases, 27,969 European ancestry controls	2,119 European ancestry cases, 142,379 European ancestry controls				Intergenic							"chr11:102751102""-?"	chr11:102751102	0			1	0.037	8E-6	5.096910013008056		1.1641443	[NR]	Illumina [9112387] (imputed)	N	autism spectrum disorder	http://purl.obolibrary.org/obo/MONDO_0005258	GCST007556	Genome-wide genotyping array
2019-04-10	30804558	Grove J	2019-02-25	Nat Genet	www.ncbi.nlm.nih.gov/pubmed/30804558	Identification of common genetic risk variants for autism spectrum disorder.	Autism spectrum disorder	18,381 European ancestry cases, 27,969 European ancestry controls	2,119 European ancestry cases, 142,379 European ancestry controls	11q22.3	11	106957251	Intergenic	GUCY1A2			ENSG00000152402			rs117603308-T	rs117603308	0	117603308	intron_variant	0	0.026	9E-6	5.045757490560675		1.229	[NR]	Illumina [9112387] (imputed)	N	autism spectrum disorder	http://purl.obolibrary.org/obo/MONDO_0005258	GCST007556	Genome-wide genotyping array
2019-04-10	30804558	Grove J	2019-02-25	Nat Genet	www.ncbi.nlm.nih.gov/pubmed/30804558	Identification of common genetic risk variants for autism spectrum disorder.	Autism spectrum disorder	18,381 European ancestry cases, 27,969 European ancestry controls	2,119 European ancestry cases, 142,379 European ancestry controls	13q21.32	13	66396080	Intergenic	PCDH9			ENSG00000184226			rs77691144-C	rs77691144	0	77691144	intron_variant	0	0.025	6E-7	6.221848749616356		1.2330457	[NR]	Illumina [9112387] (imputed)	N	autism spectrum disorder	http://purl.obolibrary.org/obo/MONDO_0005258	GCST007556	Genome-wide genotyping array
2019-04-10	30804558	Grove J	2019-02-25	Nat Genet	www.ncbi.nlm.nih.gov/pubmed/30804558	Identification of common genetic risk variants for autism spectrum disorder.	Autism spectrum disorder	18,381 European ancestry cases, 27,969 European ancestry controls	2,119 European ancestry cases, 142,379 European ancestry controls	14q24.3	14	76369281	Intergenic	ESRRB			ENSG00000119715			rs201369005-G	rs201369005	0	201369005	intron_variant	0	0.051	9E-6	5.045757490560675		1.155	[NR]	Illumina [9112387] (imputed)	N	autism spectrum disorder	http://purl.obolibrary.org/obo/MONDO_0005258	GCST007556	Genome-wide genotyping array
2019-04-10	30804558	Grove J	2019-02-25	Nat Genet	www.ncbi.nlm.nih.gov/pubmed/30804558	Identification of common genetic risk variants for autism spectrum disorder.	Autism spectrum disorder	18,381 European ancestry cases, 27,969 European ancestry controls	2,119 European ancestry cases, 142,379 European ancestry controls	14q32.13	14	94371805	Intergenic	SERPINA2 - SERPINA1	ENSG00000258597	ENSG00000197249		5107	4940	rs112635299-T	rs112635299	0	112635299	intron_variant	1	0.025	2E-7	6.698970004336019		1.245	[NR]	Illumina [9112387] (imputed)	N	autism spectrum disorder	http://purl.obolibrary.org/obo/MONDO_0005258	GCST007556	Genome-wide genotyping array
2019-04-10	30804558	Grove J	2019-02-25	Nat Genet	www.ncbi.nlm.nih.gov/pubmed/30804558	Identification of common genetic risk variants for autism spectrum disorder.	Autism spectrum disorder	18,381 European ancestry cases, 27,969 European ancestry controls	2,119 European ancestry cases, 142,379 European ancestry controls	17q21.31	17	45782039	Intergenic	LINC02210-CRHR1			ENSG00000263715			rs12942300-T	rs12942300	0	12942300	intron_variant	0	0.829	2E-6	5.698970004336019		1.0893246	[NR]	Illumina [9112387] (imputed)	N	autism spectrum disorder	http://purl.obolibrary.org/obo/MONDO_0005258	GCST007556	Genome-wide genotyping array
2019-04-10	30804558	Grove J	2019-02-25	Nat Genet	www.ncbi.nlm.nih.gov/pubmed/30804558	Identification of common genetic risk variants for autism spectrum disorder.	Autism spectrum disorder	18,381 European ancestry cases, 27,969 European ancestry controls	2,119 European ancestry cases, 142,379 European ancestry controls	17q21.31	17	45941717	Intergenic	MAPT			ENSG00000186868			rs141455452-T	rs141455452	0	141455452	intron_variant	0	0.525	6E-7	6.221848749616356		1.078	[NR]	Illumina [9112387] (imputed)	N	autism spectrum disorder	http://purl.obolibrary.org/obo/MONDO_0005258	GCST007556	Genome-wide genotyping array
2019-04-10	30804558	Grove J	2019-02-25	Nat Genet	www.ncbi.nlm.nih.gov/pubmed/30804558	Identification of common genetic risk variants for autism spectrum disorder.	Autism spectrum disorder	18,381 European ancestry cases, 27,969 European ancestry controls	2,119 European ancestry cases, 142,379 European ancestry controls	17q21.31	17	46224474	Intergenic	KANSL1			ENSG00000120071			rs142920272-C	rs142920272	1	2532407	regulatory_region_variant	0	0.187	9E-7	6.045757490560675		1.0881393	[NR]	Illumina [9112387] (imputed)	N	autism spectrum disorder	http://purl.obolibrary.org/obo/MONDO_0005258	GCST007556	Genome-wide genotyping array
2019-04-10	30804558	Grove J	2019-02-25	Nat Genet	www.ncbi.nlm.nih.gov/pubmed/30804558	Identification of common genetic risk variants for autism spectrum disorder.	Autism spectrum disorder	18,381 European ancestry cases, 27,969 European ancestry controls	2,119 European ancestry cases, 142,379 European ancestry controls	18q12.2	18	35685266	Intergenic	GALNT1			ENSG00000141429			rs143609523-G	rs143609523	0	143609523	intron_variant	0	0.012	1E-6	6.0		1.3513513	[NR]	Illumina [9112387] (imputed)	N	autism spectrum disorder	http://purl.obolibrary.org/obo/MONDO_0005258	GCST007556	Genome-wide genotyping array
2019-04-10	30804558	Grove J	2019-02-25	Nat Genet	www.ncbi.nlm.nih.gov/pubmed/30804558	Identification of common genetic risk variants for autism spectrum disorder.	Autism spectrum disorder	18,381 European ancestry cases, 27,969 European ancestry controls	2,119 European ancestry cases, 142,379 European ancestry controls	18q21.31	18	58205326	Intergenic	NEDD4L			ENSG00000049759			rs292441-G	rs292441	0	292441	intron_variant	0	0.324	3E-6	5.522878745280337		1.0672358	[NR]	Illumina [9112387] (imputed)	N	autism spectrum disorder	http://purl.obolibrary.org/obo/MONDO_0005258	GCST007556	Genome-wide genotyping array
2019-04-10	30804558	Grove J	2019-02-25	Nat Genet	www.ncbi.nlm.nih.gov/pubmed/30804558	Identification of common genetic risk variants for autism spectrum disorder.	Autism spectrum disorder	18,381 European ancestry cases, 27,969 European ancestry controls	2,119 European ancestry cases, 142,379 European ancestry controls	19q13.12	19	36948739	Intergenic	ZNF568			ENSG00000198453			rs138867053-A	rs138867053	0	138867053	intron_variant	0	0.017	4E-7	6.3979400086720375		1.285	[NR]	Illumina [9112387] (imputed)	N	autism spectrum disorder	http://purl.obolibrary.org/obo/MONDO_0005258	GCST007556	Genome-wide genotyping array
2019-04-10	30804558	Grove J	2019-02-25	Nat Genet	www.ncbi.nlm.nih.gov/pubmed/30804558	Identification of common genetic risk variants for autism spectrum disorder.	Autism spectrum disorder	18,381 European ancestry cases, 27,969 European ancestry controls	2,119 European ancestry cases, 142,379 European ancestry controls	20p12.1	20	14855598	MACROD2	MACROD2			ENSG00000172264			rs71190156-G	rs71190156	0	71190156	intron_variant	0	0.519	4E-8	7.3979400086720375		1.0741138	[NR]	Illumina [9112387] (imputed)	N	autism spectrum disorder	http://purl.obolibrary.org/obo/MONDO_0005258	GCST007556	Genome-wide genotyping array
2019-04-10	30804558	Grove J	2019-02-25	Nat Genet	www.ncbi.nlm.nih.gov/pubmed/30804558	Identification of common genetic risk variants for autism spectrum disorder.	Autism spectrum disorder	18,381 European ancestry cases, 27,969 European ancestry controls	2,119 European ancestry cases, 142,379 European ancestry controls	20p11.23	20	21141571	Intergenic	KIZ			ENSG00000088970			rs6047270-T	rs6047270	0	6047270	intron_variant	0	0.319	8E-7	6.096910013008056		1.071	[NR]	Illumina [9112387] (imputed)	N	autism spectrum disorder	http://purl.obolibrary.org/obo/MONDO_0005258	GCST007556	Genome-wide genotyping array
2019-04-10	30804558	Grove J	2019-02-25	Nat Genet	www.ncbi.nlm.nih.gov/pubmed/30804558	Identification of common genetic risk variants for autism spectrum disorder.	Autism spectrum disorder	18,381 European ancestry cases, 27,969 European ancestry controls	2,119 European ancestry cases, 142,379 European ancestry controls	20p11.23	20	21267478	KIZ, XRN2, NKX2-2, NKX2-4	ZNF877P - XRN2	ENSG00000226875	ENSG00000088930		1013	35826	rs910805-G	rs910805	0	910805	intergenic_variant	1	0.24	3E-7	6.522878745280337		1.0787487	[NR]	Illumina [9112387] (imputed)	N	autism spectrum disorder	http://purl.obolibrary.org/obo/MONDO_0005258	GCST007556	Genome-wide genotyping array
2019-04-10	30804558	Grove J	2019-02-25	Nat Genet	www.ncbi.nlm.nih.gov/pubmed/30804558	Identification of common genetic risk variants for autism spectrum disorder.	Autism spectrum disorder	18,381 European ancestry cases, 27,969 European ancestry controls	2,119 European ancestry cases, 142,379 European ancestry controls				LOC102723661, PTBP2							rs201910565-AT	rs201910565	0	34213746		1	0.311	4E-8	7.3979400086720375		1.0787487	[NR]	Illumina [9112387] (imputed)	N	autism spectrum disorder	http://purl.obolibrary.org/obo/MONDO_0005258	GCST007556	Genome-wide genotyping array
2019-04-10	30804558	Grove J	2019-02-25	Nat Genet	www.ncbi.nlm.nih.gov/pubmed/30804558	Identification of common genetic risk variants for autism spectrum disorder.	Autism spectrum disorder	18,381 European ancestry cases, 27,969 European ancestry controls	2,119 European ancestry cases, 142,379 European ancestry controls	1p21.3	1	96513405	Intergenic	EEF1A1P11 - RN7SL831P	ENSG00000228502	ENSG00000241992		65087	69804	rs2391769-G	rs2391769	0	2391769	intron_variant	1	0.631	5E-7	6.301029995663981		1.0695187	[NR]	Illumina [9112387] (imputed)	N	autism spectrum disorder	http://purl.obolibrary.org/obo/MONDO_0005258	GCST007556	Genome-wide genotyping array
2019-04-10	30804558	Grove J	2019-02-25	Nat Genet	www.ncbi.nlm.nih.gov/pubmed/30804558	Identification of common genetic risk variants for autism spectrum disorder.	Autism spectrum disorder	18,381 European ancestry cases, 27,969 European ancestry controls	2,119 European ancestry cases, 142,379 European ancestry controls	1p21.3	1	98627228	Intergenic	LINC01776 - SNX7-DT	ENSG00000226053	ENSG00000280040		354570	33160	rs6701243-A	rs6701243	0	6701243	intergenic_variant	1	0.609	1E-6	6.0		1.067	[NR]	Illumina [9112387] (imputed)	N	autism spectrum disorder	http://purl.obolibrary.org/obo/MONDO_0005258	GCST007556	Genome-wide genotyping array
2019-04-10	30804558	Grove J	2019-02-25	Nat Genet	www.ncbi.nlm.nih.gov/pubmed/30804558	Identification of common genetic risk variants for autism spectrum disorder.	Autism spectrum disorder	18,381 European ancestry cases, 27,969 European ancestry controls	2,119 European ancestry cases, 142,379 European ancestry controls	1p21.1	1	104249635	Intergenic	THAP3P1 - CDK4P1	ENSG00000293061	ENSG00000225036		22957	1184359	rs11185408-G	rs11185408	0	11185408	intergenic_variant	1	0.477	1E-6	6.0		1.0649627	[NR]	Illumina [9112387] (imputed)	N	autism spectrum disorder	http://purl.obolibrary.org/obo/MONDO_0005258	GCST007556	Genome-wide genotyping array
2019-04-10	30804558	Grove J	2019-02-25	Nat Genet	www.ncbi.nlm.nih.gov/pubmed/30804558	Identification of common genetic risk variants for autism spectrum disorder.	Autism spectrum disorder	18,381 European ancestry cases, 27,969 European ancestry controls	2,119 European ancestry cases, 142,379 European ancestry controls	1q31.2	1	193533479	Intergenic	LINC01031 - RPL23AP22	ENSG00000232077	ENSG00000237213		75728	223336	rs6692705-A	rs6692705	0	6692705	intron_variant	1	0.4	1E-6	6.0		1.066	[NR]	Illumina [9112387] (imputed)	N	autism spectrum disorder	http://purl.obolibrary.org/obo/MONDO_0005258	GCST007556	Genome-wide genotyping array
2019-04-10	30804558	Grove J	2019-02-25	Nat Genet	www.ncbi.nlm.nih.gov/pubmed/30804558	Identification of common genetic risk variants for autism spectrum disorder.	Autism spectrum disorder	18,381 European ancestry cases, 27,969 European ancestry controls	2,119 European ancestry cases, 142,379 European ancestry controls	2q24.1	2	158528670	Intergenic	PKP4			ENSG00000144283			rs59566011-GA	rs59566011	0	59566011	intron_variant	0	0.569	1E-6	6.0		1.068	[NR]	Illumina [9112387] (imputed)	N	autism spectrum disorder	http://purl.obolibrary.org/obo/MONDO_0005258	GCST007556	Genome-wide genotyping array
2019-04-10	30804558	Grove J	2019-02-25	Nat Genet	www.ncbi.nlm.nih.gov/pubmed/30804558	Identification of common genetic risk variants for autism spectrum disorder.	Autism spectrum disorder	18,381 European ancestry cases, 27,969 European ancestry controls	2,119 European ancestry cases, 142,379 European ancestry controls	3p24.3	3	20600474	Intergenic	SGO1-AS1			ENSG00000231304			rs148587110-C	rs148587110	0	148587110	intron_variant	0	0.011	1E-6	6.0		1.3927578	[NR]	Illumina [9112387] (imputed)	N	autism spectrum disorder	http://purl.obolibrary.org/obo/MONDO_0005258	GCST007556	Genome-wide genotyping array
2019-04-10	30804558	Grove J	2019-02-25	Nat Genet	www.ncbi.nlm.nih.gov/pubmed/30804558	Identification of common genetic risk variants for autism spectrum disorder.	Autism spectrum disorder	18,381 European ancestry cases, 27,969 European ancestry controls	2,119 European ancestry cases, 142,379 European ancestry controls	3p14.2	3	62495388	CADPS	CADPS			ENSG00000163618			rs1452075-T	rs1452075	0	1452075	intron_variant	0	0.721	6E-7	6.221848749616356		1.074	[NR]	Illumina [9112387] (imputed)	N	autism spectrum disorder	http://purl.obolibrary.org/obo/MONDO_0005258	GCST007556	Genome-wide genotyping array
2019-04-10	30804558	Grove J	2019-02-25	Nat Genet	www.ncbi.nlm.nih.gov/pubmed/30804558	Identification of common genetic risk variants for autism spectrum disorder.	Autism spectrum disorder	18,381 European ancestry cases, 27,969 European ancestry controls	2,119 European ancestry cases, 142,379 European ancestry controls	3q25.32	3	158283895	Intergenic	RSRC1			ENSG00000174891			rs200332011-C	rs200332011	0	200332011	intron_variant	0	0.769	6E-6	5.221848749616356		1.0775862	[NR]	Illumina [9112387] (imputed)	N	autism spectrum disorder	http://purl.obolibrary.org/obo/MONDO_0005258	GCST007556	Genome-wide genotyping array
2019-04-10	30804558	Grove J	2019-02-25	Nat Genet	www.ncbi.nlm.nih.gov/pubmed/30804558	Identification of common genetic risk variants for autism spectrum disorder.	Autism spectrum disorder	18,381 European ancestry cases, 27,969 European ancestry controls	2,119 European ancestry cases, 142,379 European ancestry controls	3q28	3	192120380	Intergenic	RN7SKP222 - FGF12	ENSG00000222583	ENSG00000114279		26944	19010	rs79940520-G	rs79940520	0	79940520	intergenic_variant	1	0.141	9E-6	5.045757490560675		1.0893246	[NR]	Illumina [9112387] (imputed)	N	autism spectrum disorder	http://purl.obolibrary.org/obo/MONDO_0005258	GCST007556	Genome-wide genotyping array
2019-04-10	30804558	Grove J	2019-02-25	Nat Genet	www.ncbi.nlm.nih.gov/pubmed/30804558	Identification of common genetic risk variants for autism spectrum disorder.	Autism spectrum disorder	18,381 European ancestry cases, 27,969 European ancestry controls	2,119 European ancestry cases, 142,379 European ancestry controls	4q21.23	4	83700165	Intergenic	Y_RNA - LINC02994	ENSG00000200544	ENSG00000250546		63875	96256	rs56054767-C	rs56054767	1	34501822	intron_variant	1	0.113	4E-6	5.3979400086720375		1.11	[NR]	Illumina [9112387] (imputed)	N	autism spectrum disorder	http://purl.obolibrary.org/obo/MONDO_0005258	GCST007556	Genome-wide genotyping array
2019-04-10	30804558	Grove J	2019-02-25	Nat Genet	www.ncbi.nlm.nih.gov/pubmed/30804558	Identification of common genetic risk variants for autism spectrum disorder.	Autism spectrum disorder	18,381 European ancestry cases, 27,969 European ancestry controls	2,119 European ancestry cases, 142,379 European ancestry controls	5q14.3	5	88558577	Intergenic	MIR9-2HG			ENSG00000245526			rs4916723-C	rs4916723	0	4916723	intron_variant	0	0.428	3E-6	5.522878745280337		1.0626993	[NR]	Illumina [9112387] (imputed)	N	autism spectrum disorder	http://purl.obolibrary.org/obo/MONDO_0005258	GCST007556	Genome-wide genotyping array
2019-04-10	30804558	Grove J	2019-02-25	Nat Genet	www.ncbi.nlm.nih.gov/pubmed/30804558	Identification of common genetic risk variants for autism spectrum disorder.	Autism spectrum disorder	18,381 European ancestry cases, 27,969 European ancestry controls	2,119 European ancestry cases, 142,379 European ancestry controls	5q14.3	5	92919459	Intergenic	LINC02058			ENSG00000248528			rs2635182-T	rs2635182	0	2635182	intron_variant	0	0.466	5E-7	6.301029995663981		1.067	[NR]	Illumina [9112387] (imputed)	N	autism spectrum disorder	http://purl.obolibrary.org/obo/MONDO_0005258	GCST007556	Genome-wide genotyping array
2019-04-10	30804558	Grove J	2019-02-25	Nat Genet	www.ncbi.nlm.nih.gov/pubmed/30804558	Identification of common genetic risk variants for autism spectrum disorder.	Autism spectrum disorder	18,381 European ancestry cases, 27,969 European ancestry controls	2,119 European ancestry cases, 142,379 European ancestry controls	5q21.2	5	104659667	Intergenic	NIHCOLE - RNU6-334P	ENSG00000251026	ENSG00000252881		229422	120621	rs325485-A	rs325485	0	325485	intron_variant	1	0.378	2E-6	5.698970004336019		1.066	[NR]	Illumina [9112387] (imputed)	N	autism spectrum disorder	http://purl.obolibrary.org/obo/MONDO_0005258	GCST007556	Genome-wide genotyping array
2019-04-10	30804558	Grove J	2019-02-25	Nat Genet	www.ncbi.nlm.nih.gov/pubmed/30804558	Identification of common genetic risk variants for autism spectrum disorder.	Autism spectrum disorder	18,381 European ancestry cases, 27,969 European ancestry controls	2,119 European ancestry cases, 142,379 European ancestry controls	5q22.3	5	114465726	Intergenic	KCNN2			ENSG00000080709			rs13188074-A	rs13188074	0	13188074	intron_variant	0	0.391	2E-6	5.698970004336019		1.064	[NR]	Illumina [9112387] (imputed)	N	autism spectrum disorder	http://purl.obolibrary.org/obo/MONDO_0005258	GCST007556	Genome-wide genotyping array
2019-04-10	30804558	Grove J	2019-02-25	Nat Genet	www.ncbi.nlm.nih.gov/pubmed/30804558	Identification of common genetic risk variants for autism spectrum disorder.	Autism spectrum disorder	18,381 European ancestry cases, 27,969 European ancestry controls	2,119 European ancestry cases, 142,379 European ancestry controls	5q33.2	5	154221702	Intergenic	GALNT10			ENSG00000164574			rs34509057-A	rs34509057	0	34509057	intron_variant	0	0.226	6E-6	5.221848749616356		1.071	[NR]	Illumina [9112387] (imputed)	N	autism spectrum disorder	http://purl.obolibrary.org/obo/MONDO_0005258	GCST007556	Genome-wide genotyping array
2019-04-10	30804558	Grove J	2019-02-25	Nat Genet	www.ncbi.nlm.nih.gov/pubmed/30804558	Identification of common genetic risk variants for autism spectrum disorder.	Autism spectrum disorder	18,381 European ancestry cases, 27,969 European ancestry controls	2,119 European ancestry cases, 142,379 European ancestry controls				Intergenic							chr5:168173526-A	chr5:168173526	0			1	0.016	2E-7	6.698970004336019		1.332	[NR]	Illumina [9112387] (imputed)	N	autism spectrum disorder	http://purl.obolibrary.org/obo/MONDO_0005258	GCST007556	Genome-wide genotyping array
2019-04-10	30804558	Grove J	2019-02-25	Nat Genet	www.ncbi.nlm.nih.gov/pubmed/30804558	Identification of common genetic risk variants for autism spectrum disorder.	Autism spectrum disorder	18,381 European ancestry cases, 27,969 European ancestry controls	2,119 European ancestry cases, 142,379 European ancestry controls	6p24.1	6	11731766	Intergenic	ADTRP			ENSG00000111863			rs210894-T	rs210894	0	210894	non_coding_transcript_exon_variant	0	0.548	4E-7	6.3979400086720375		1.068	[NR]	Illumina [9112387] (imputed)	N	autism spectrum disorder	http://purl.obolibrary.org/obo/MONDO_0005258	GCST007556	Genome-wide genotyping array
2019-04-10	30804558	Grove J	2019-02-25	Nat Genet	www.ncbi.nlm.nih.gov/pubmed/30804558	Identification of common genetic risk variants for autism spectrum disorder.	Autism spectrum disorder	18,381 European ancestry cases, 27,969 European ancestry controls	2,119 European ancestry cases, 142,379 European ancestry controls	6p22.3	6	23766810	Intergenic	RNU6-1060P - SPTLC1P2	ENSG00000207394	ENSG00000218512		641723	89888	rs12203328-C	rs12203328	0	12203328	intergenic_variant	1	0.278	2E-6	5.698970004336019		1.069	[NR]	Illumina [9112387] (imputed)	N	autism spectrum disorder	http://purl.obolibrary.org/obo/MONDO_0005258	GCST007556	Genome-wide genotyping array
2019-04-10	30804558	Grove J	2019-02-25	Nat Genet	www.ncbi.nlm.nih.gov/pubmed/30804558	Identification of common genetic risk variants for autism spectrum disorder.	Autism spectrum disorder	18,381 European ancestry cases, 27,969 European ancestry controls	2,119 European ancestry cases, 142,379 European ancestry controls	6p22.3	6	23870548	Intergenic	SPTLC1P2 - ISG20L2P1	ENSG00000218512	ENSG00000220748		13730	101331	rs34739626-T	rs34739626	0	34739626	intron_variant	1	0.617	8E-6	5.096910013008056		1.067	[NR]	Illumina [9112387] (imputed)	N	autism spectrum disorder	http://purl.obolibrary.org/obo/MONDO_0005258	GCST007556	Genome-wide genotyping array
2019-04-10	30804558	Grove J	2019-02-25	Nat Genet	www.ncbi.nlm.nih.gov/pubmed/30804558	Identification of common genetic risk variants for autism spectrum disorder.	Autism spectrum disorder	18,381 European ancestry cases, 27,969 European ancestry controls	2,119 European ancestry cases, 142,379 European ancestry controls	6p22.1	6	29607628	Intergenic	GABBR1			ENSG00000204681			rs740883-T	rs740883	0	740883	intron_variant	0	0.088	1E-6	6.0		1.1160713	[NR]	Illumina [9112387] (imputed)	N	autism spectrum disorder	http://purl.obolibrary.org/obo/MONDO_0005258	GCST007556	Genome-wide genotyping array
2019-04-10	30804558	Grove J	2019-02-25	Nat Genet	www.ncbi.nlm.nih.gov/pubmed/30804558	Identification of common genetic risk variants for autism spectrum disorder.	Autism spectrum disorder	18,381 European ancestry cases, 27,969 European ancestry controls	2,119 European ancestry cases, 142,379 European ancestry controls				Intergenic							chr6:96509180-D	chr6:96509180	0			1	0.641	8E-6	5.096910013008056		1.072	[NR]	Illumina [9112387] (imputed)	N	autism spectrum disorder	http://purl.obolibrary.org/obo/MONDO_0005258	GCST007556	Genome-wide genotyping array
2019-04-10	30804558	Grove J	2019-02-25	Nat Genet	www.ncbi.nlm.nih.gov/pubmed/30804558	Identification of common genetic risk variants for autism spectrum disorder.	Autism spectrum disorder	18,381 European ancestry cases, 27,969 European ancestry controls	2,119 European ancestry cases, 142,379 European ancestry controls	6q16.1	6	98135612	Intergenic	MIR2113 - EIF4EBP2P3	ENSG00000238367	ENSG00000220505		110991	43887	rs72934503-G	rs72934503	0	72934503	intron_variant	1	0.463	2E-7	6.698970004336019		1.0718113	[NR]	Illumina [9112387] (imputed)	N	autism spectrum disorder	http://purl.obolibrary.org/obo/MONDO_0005258	GCST007556	Genome-wide genotyping array
2019-04-10	30804558	Grove J	2019-02-25	Nat Genet	www.ncbi.nlm.nih.gov/pubmed/30804558	Identification of common genetic risk variants for autism spectrum disorder.	Autism spectrum disorder	18,381 European ancestry cases, 27,969 European ancestry controls	2,119 European ancestry cases, 142,379 European ancestry controls	7q22.3	7	105103772	KMT2E, SRPK2	KMT2E			ENSG00000005483			rs111931861-G	rs111931861	0	111931861	non_coding_transcript_exon_variant	0	0.034	3E-8	7.522878745280337		1.242236	[NR]	Illumina [9112387] (imputed)	N	autism spectrum disorder	http://purl.obolibrary.org/obo/MONDO_0005258	GCST007556	Genome-wide genotyping array
2019-04-10	30804558	Grove J	2019-02-25	Nat Genet	www.ncbi.nlm.nih.gov/pubmed/30804558	Identification of common genetic risk variants for autism spectrum disorder.	Autism spectrum disorder	18,381 European ancestry cases, 27,969 European ancestry controls	2,119 European ancestry cases, 142,379 European ancestry controls				Intergenic							chr7:105064665-T	chr7:105064665	0			1	0.25	3E-6	5.522878745280337		1.076	[NR]	Illumina [9112387] (imputed)	N	autism spectrum disorder	http://purl.obolibrary.org/obo/MONDO_0005258	GCST007556	Genome-wide genotyping array
2019-04-10	30804558	Grove J	2019-02-25	Nat Genet	www.ncbi.nlm.nih.gov/pubmed/30804558	Identification of common genetic risk variants for autism spectrum disorder.	Autism and educational attainment (MTAG)	18,381 European ancestry autism cases, 27,969 European ancestry controls, 328,917 individuals with educational attainment data	NA	6q16.1	6	98143746		MIR2113 - EIF4EBP2P3	ENSG00000238367	ENSG00000220505		119125	35753	rs2388334-A	rs2388334	0	2388334	intron_variant	1	0.517	3E-12	11.522878745280337		0.065	[0.047-0.083] unit decrease	Illumina [NR] (imputed)	N	autism spectrum disorder, self reported educational attainment	http://purl.obolibrary.org/obo/MONDO_0005258, http://www.ebi.ac.uk/efo/EFO_0004784	GCST007554	Genome-wide genotyping array
2019-04-10	30804558	Grove J	2019-02-25	Nat Genet	www.ncbi.nlm.nih.gov/pubmed/30804558	Identification of common genetic risk variants for autism spectrum disorder.	Autism and educational attainment (MTAG)	18,381 European ancestry autism cases, 27,969 European ancestry controls, 328,917 individuals with educational attainment data	NA	3p14.2	3	62495388		CADPS			ENSG00000163618			rs1452075-T	rs1452075	0	1452075	intron_variant	0	0.721	3E-9	8.522878745280337		0.061	[0.041-0.081] unit increase	Illumina [NR] (imputed)	N	autism spectrum disorder, self reported educational attainment	http://purl.obolibrary.org/obo/MONDO_0005258, http://www.ebi.ac.uk/efo/EFO_0004784	GCST007554	Genome-wide genotyping array
2019-04-10	30804558	Grove J	2019-02-25	Nat Genet	www.ncbi.nlm.nih.gov/pubmed/30804558	Identification of common genetic risk variants for autism spectrum disorder.	Autism and educational attainment (MTAG)	18,381 European ancestry autism cases, 27,969 European ancestry controls, 328,917 individuals with educational attainment data	NA	8q24.3	8	141605122		C8orf90 - MIR1302-7	ENSG00000226490	ENSG00000221768		86385	181120	rs11787216-T	rs11787216	0	11787216	intron_variant	1	0.364	2E-9	8.698970004336019		0.058	[0.038-0.078] unit decrease	Illumina [NR] (imputed)	N	autism spectrum disorder, self reported educational attainment	http://purl.obolibrary.org/obo/MONDO_0005258, http://www.ebi.ac.uk/efo/EFO_0004784	GCST007554	Genome-wide genotyping array
2019-04-10	30804558	Grove J	2019-02-25	Nat Genet	www.ncbi.nlm.nih.gov/pubmed/30804558	Identification of common genetic risk variants for autism spectrum disorder.	Autism and educational attainment (MTAG)	18,381 European ancestry autism cases, 27,969 European ancestry controls, 328,917 individuals with educational attainment data	NA	9p21.3	9	23358877		LINC03142			ENSG00000284418			rs13294439-A	rs13294439	0	13294439	intron_variant	0	0.596	3E-7	6.522878745280337		0.048	[0.03-0.066] unit decrease	Illumina [NR] (imputed)	N	autism spectrum disorder, self reported educational attainment	http://purl.obolibrary.org/obo/MONDO_0005258, http://www.ebi.ac.uk/efo/EFO_0004784	GCST007554	Genome-wide genotyping array
2011-01-09	21182207	Salyakina D	2010-12-01	Autism Res	www.ncbi.nlm.nih.gov/pubmed/21182207	Variants in several genomic regions associated with asperger disorder.	Asperger disorder	848 individuals from 232 families	NA	5q15	5	98553032	RGMB	MTCO1P24 - CTBP2P4	ENSG00000249448	ENSG00000251102		141240	23309	rs4703129-?	rs4703129	0	4703129	intergenic_variant	1	0.41	1E-6	6.0				Illumina [439282] (imputed)	N	autism spectrum disorder 1	http://purl.obolibrary.org/obo/MONDO_0100610	GCST000904	Genome-wide genotyping array
2011-01-09	21182207	Salyakina D	2010-12-01	Autism Res	www.ncbi.nlm.nih.gov/pubmed/21182207	Variants in several genomic regions associated with asperger disorder.	Asperger disorder	848 individuals from 232 families	NA	15q22.1	15	58882340	RNF111, SLTM	RNF111, SLTM			ENSG00000157450, ENSG00000137776			rs7179456-?	rs7179456	0	7179456	intron_variant	0	0.39	7E-6	5.154901959985743				Illumina [439282] (imputed)	N	autism spectrum disorder 1	http://purl.obolibrary.org/obo/MONDO_0100610	GCST000904	Genome-wide genotyping array
2011-01-09	21182207	Salyakina D	2010-12-01	Autism Res	www.ncbi.nlm.nih.gov/pubmed/21182207	Variants in several genomic regions associated with asperger disorder.	Asperger disorder	848 individuals from 232 families	NA	11q25	11	131450176	NTM	NTM			ENSG00000182667			rs1550976-?	rs1550976	0	1550976	intron_variant	0	0.33	2E-6	5.698970004336019				Illumina [439282] (imputed)	N	autism spectrum disorder 1	http://purl.obolibrary.org/obo/MONDO_0100610	GCST000904	Genome-wide genotyping array
2011-01-09	21182207	Salyakina D	2010-12-01	Autism Res	www.ncbi.nlm.nih.gov/pubmed/21182207	Variants in several genomic regions associated with asperger disorder.	Asperger disorder	848 individuals from 232 families	NA	19q13.2	19	38422124	ODF3L2	RASGRP4			ENSG00000171777			rs892055-?	rs892055	0	892055	missense_variant	0	0.33	5E-6	5.301029995663981				Illumina [439282] (imputed)	N	autism spectrum disorder 1	http://purl.obolibrary.org/obo/MONDO_0100610	GCST000904	Genome-wide genotyping array
2011-01-09	21182207	Salyakina D	2010-12-01	Autism Res	www.ncbi.nlm.nih.gov/pubmed/21182207	Variants in several genomic regions associated with asperger disorder.	Asperger disorder	848 individuals from 232 families	NA	3p14.2	3	60304113	FHIT	FHIT			ENSG00000189283			rs10510837-?	rs10510837	0	10510837	intron_variant	0	0.12	4E-6	5.3979400086720375				Illumina [439282] (imputed)	N	autism spectrum disorder 1	http://purl.obolibrary.org/obo/MONDO_0100610	GCST000904	Genome-wide genotyping array
2009-05-11	19404256	Wang K	2009-04-28	Nature	www.ncbi.nlm.nih.gov/pubmed/19404256	Common genetic variants on 5p14.1 associate with autism spectrum disorders.	Autism	3,101 European ancestry individuals from 780 families, 1,204 European ancestry cases, 6,491 European ancestry controls	1,390 European ancestry individuals from 447 families, 108 European ancestry cases, 540 European ancestry controls	5p14.1	5	25967594	CDH10, CDH9	MSNP1 - RNU4-43P	ENSG00000251593	ENSG00000222560		56360	45295	rs4307059-T	rs4307059	0	4307059	intron_variant	1	0.61	2E-10	9.698970004336019		1.19	[NR]	Illumina [474019]	N	autism	http://purl.obolibrary.org/obo/MONDO_0005260	GCST000382	Genome-wide genotyping array
2009-06-10	19456320	Ma D	2009-05-28	Ann Hum Genet	www.ncbi.nlm.nih.gov/pubmed/19456320	A genome-wide association study of autism reveals a common novel risk locus at 5p14.1.	Autism	1,390 European ancestry individuals from 438 families	2,390 European ancestry individuals from 457 families	5p14.1	5	25902233	intergenic	RNU6-374P - MSNP1	ENSG00000201016	ENSG00000251593		200909	7270	rs10038113-T	rs10038113	0	10038113	intergenic_variant	1	0.59	3E-6	5.522878745280337		1.33	[1.11-1.43]	Illumina [775311]	N	autism	http://purl.obolibrary.org/obo/MONDO_0005260	GCST000411	Genome-wide genotyping array
2009-10-23	19812673	Weiss LA	2009-10-08	Nature	www.ncbi.nlm.nih.gov/pubmed/19812673	A genome-wide linkage and association scan reveals novel loci for autism.	Autism	1,553 cases from 1,031 families	2,073 trios	5p15.31	5	9623510	SEMA5A, TAS2R1	SNHG18 - TAS2R1	ENSG00000250786	ENSG00000169777		26163	3837	rs10513025-?	rs10513025	0	10513025	non_coding_transcript_exon_variant	1	NR	2E-7	6.698970004336019		1.81	[NR]	Affymetrix [~ 365000]	N	autism	http://purl.obolibrary.org/obo/MONDO_0005260	GCST000496	Genome-wide genotyping array
2009-10-23	19812673	Weiss LA	2009-10-08	Nature	www.ncbi.nlm.nih.gov/pubmed/19812673	A genome-wide linkage and association scan reveals novel loci for autism.	Autism	1,553 cases from 1,031 families	2,073 trios	5q13.3	5	77121217	NR	ZBED3-AS1, PDE8B			ENSG00000250802, ENSG00000284762			rs6453278-?	rs6453278	0	6453278	intron_variant	0	NR	5E-6	5.301029995663981		1.25	[NR]	Affymetrix [~ 365000]	N	autism	http://purl.obolibrary.org/obo/MONDO_0005260	GCST000496	Genome-wide genotyping array
2010-09-10	20663923	Anney R	2010-07-27	Hum Mol Genet	www.ncbi.nlm.nih.gov/pubmed/20663923	A genome-wide scan for common alleles affecting risk for autism.	Autism	1,230 European ancestry child cases from 1,217 families, 155 African American Asian or Latino child cases from 152 families, 1,880 controls	783 European ancestry child cases from 440 families, 303 child cases from 155 families, 1,965 European, African American and other ancestry controls	20p12.1	20	14766825	MACROD2	MACROD2			ENSG00000172264			rs4141463-?	rs4141463	0	4141463	intron_variant	0	0.57	4E-8	7.3979400086720375	(Str)	1.37	[1.22-1.52]	Illumina [842348]	N	autism	http://purl.obolibrary.org/obo/MONDO_0005260	GCST000740	Genome-wide genotyping array
2010-09-10	20663923	Anney R	2010-07-27	Hum Mol Genet	www.ncbi.nlm.nih.gov/pubmed/20663923	A genome-wide scan for common alleles affecting risk for autism.	Autism	1,230 European ancestry child cases from 1,217 families, 155 African American Asian or Latino child cases from 152 families, 1,880 controls	783 European ancestry child cases from 440 families, 303 child cases from 155 families, 1,965 European, African American and other ancestry controls	14q32.31	14	101894408	PPP2R5C	PPP2R5C			ENSG00000078304			rs7142002-?	rs7142002	0	7142002	intron_variant	0	0.94	3E-6	5.522878745280337	(Spc)	1.56	[1.28-1.89]	Illumina [842348]	N	autism	http://purl.obolibrary.org/obo/MONDO_0005260	GCST000740	Genome-wide genotyping array
2012-09-26	22843504	Anney R	2012-07-26	Hum Mol Genet	www.ncbi.nlm.nih.gov/pubmed/22843504	Individual common variants exert weak effects on the risk for autism spectrum disorders.	Autism	1,419 European ancestry cases from 1416 families	1,314 European ancestry cases from 1301 families	2q33.3	2	205221447	PARD3B	PARD3B			ENSG00000116117			rs4675502-?	rs4675502	0	4675502	intron_variant	0	NR	4E-7	6.3979400086720375	(Strict, all)	1.28	[1.16-1.41]	Illumina [947233]	N	autism	http://purl.obolibrary.org/obo/MONDO_0005260	GCST001619	Genome-wide genotyping array
2012-09-26	22843504	Anney R	2012-07-26	Hum Mol Genet	www.ncbi.nlm.nih.gov/pubmed/22843504	Individual common variants exert weak effects on the risk for autism spectrum disorders.	Autism	1,419 European ancestry cases from 1416 families	1,314 European ancestry cases from 1301 families	5q34	5	162656512	intergenic	RNU6-164P - ARL2BPP5	ENSG00000201474	ENSG00000254351		178519	105321	rs7711337-?	rs7711337	0	7711337	intron_variant	1	NR	8E-7	6.096910013008056	(Spectrum, all)	1.22	[1.12-1.32]	Illumina [947233]	N	autism	http://purl.obolibrary.org/obo/MONDO_0005260	GCST001619	Genome-wide genotyping array
2012-09-26	22843504	Anney R	2012-07-26	Hum Mol Genet	www.ncbi.nlm.nih.gov/pubmed/22843504	Individual common variants exert weak effects on the risk for autism spectrum disorders.	Autism	1,419 European ancestry cases from 1416 families	1,314 European ancestry cases from 1301 families	8q13.3	8	71649507	intergenic	EYA1 - U8	ENSG00000104313	ENSG00000212594		57482	165987	rs7834018-?	rs7834018	0	7834018	intron_variant	1	NR	8E-7	6.096910013008056	(Strict, EA)	1.56	[1.3-1.89]	Illumina [947233]	N	autism	http://purl.obolibrary.org/obo/MONDO_0005260	GCST001619	Genome-wide genotyping array
2012-09-26	22843504	Anney R	2012-07-26	Hum Mol Genet	www.ncbi.nlm.nih.gov/pubmed/22843504	Individual common variants exert weak effects on the risk for autism spectrum disorders.	Autism	1,419 European ancestry cases from 1416 families	1,314 European ancestry cases from 1301 families	16q24.1	16	84180078	TAF1C	TAF1C			ENSG00000103168			rs4150167-?	rs4150167	0	4150167	missense_variant	0	NR	3E-7	6.522878745280337	(Spectrum, all)	1.96	[1.52-2.56]	Illumina [947233]	N	autism	http://purl.obolibrary.org/obo/MONDO_0005260	GCST001619	Genome-wide genotyping array
2014-04-11	24133439	Jones RM	2013-10-11	Front Hum Neurosci	www.ncbi.nlm.nih.gov/pubmed/24133439	Genome-wide association study of autistic-like traits in a general population study of young adults.	Social autistic-like traits	965 European ancestry young adult individuals	NA	4q31.23	4	150180520	DCLK2	DCLK2			ENSG00000170390			rs11947645-A	rs11947645	0	11947645	intron_variant	0	NR	1E-6	6.0		5.329	[3.17-7.48] unit increase	Illumina [2462046] (imputed)	N	autism spectrum disorder symptom	http://www.ebi.ac.uk/efo/EFO_0005426	GCST002228	Genome-wide genotyping array
2014-04-11	24133439	Jones RM	2013-10-11	Front Hum Neurosci	www.ncbi.nlm.nih.gov/pubmed/24133439	Genome-wide association study of autistic-like traits in a general population study of young adults.	Social autistic-like traits	965 European ancestry young adult individuals	NA	16q12.1	16	49108595	N4BP1, CBLN1	MTND4LP25 - CBLN1	ENSG00000260067	ENSG00000102924		41866	169322	rs16946931-C	rs16946931	0	16946931	intron_variant	1	NR	2E-6	5.698970004336019		1.681	[1-2.37] unit increase	Illumina [2462046] (imputed)	N	autism spectrum disorder symptom	http://www.ebi.ac.uk/efo/EFO_0005426	GCST002228	Genome-wide genotyping array
2014-04-11	24133439	Jones RM	2013-10-11	Front Hum Neurosci	www.ncbi.nlm.nih.gov/pubmed/24133439	Genome-wide association study of autistic-like traits in a general population study of young adults.	Social autistic-like traits	965 European ancestry young adult individuals	NA	6q27	6	167143546	GPR31, CCR6	CCR6 - GPR31	ENSG00000112486	ENSG00000120436		4405	11701	rs11575088-A	rs11575088	0	11575088	intergenic_variant	1	NR	3E-6	5.522878745280337		1.62	[0.94-2.30] unit increase	Illumina [2462046] (imputed)	N	autism spectrum disorder symptom	http://www.ebi.ac.uk/efo/EFO_0005426	GCST002228	Genome-wide genotyping array
2014-04-11	24133439	Jones RM	2013-10-11	Front Hum Neurosci	www.ncbi.nlm.nih.gov/pubmed/24133439	Genome-wide association study of autistic-like traits in a general population study of young adults.	Social autistic-like traits	965 European ancestry young adult individuals	NA	10q24.32	10	102448042	MIR146B, LOC100505761	C10orf95-AS1			ENSG00000269609			rs927821-A	rs927821	0	927821	intron_variant	0	NR	3E-6	5.522878745280337		1.7024	[0.99-2.42] unit increase	Illumina [2462046] (imputed)	N	autism spectrum disorder symptom	http://www.ebi.ac.uk/efo/EFO_0005426	GCST002228	Genome-wide genotyping array
2014-04-11	24133439	Jones RM	2013-10-11	Front Hum Neurosci	www.ncbi.nlm.nih.gov/pubmed/24133439	Genome-wide association study of autistic-like traits in a general population study of young adults.	Social autistic-like traits	965 European ancestry young adult individuals	NA	12q23.3	12	106835927	RIC8B	RIC8B			ENSG00000111785			rs10444533-C	rs10444533	0	10444533	intron_variant	0	NR	4E-6	5.3979400086720375		1.458	[0.84-2.07] unit increase	Illumina [2462046] (imputed)	N	autism spectrum disorder symptom	http://www.ebi.ac.uk/efo/EFO_0005426	GCST002228	Genome-wide genotyping array
2014-04-11	24133439	Jones RM	2013-10-11	Front Hum Neurosci	www.ncbi.nlm.nih.gov/pubmed/24133439	Genome-wide association study of autistic-like traits in a general population study of young adults.	Social autistic-like traits	965 European ancestry young adult individuals	NA	16q24.3	16	88901029	CBFA2T3	CBFA2T3			ENSG00000129993			rs533581-C	rs533581	0	533581	intron_variant	0	NR	8E-6	5.096910013008056		1.363	[0.77-1.96] unit increase	Illumina [2462046] (imputed)	N	autism spectrum disorder symptom	http://www.ebi.ac.uk/efo/EFO_0005426	GCST002228	Genome-wide genotyping array
2015-06-18	25534755	Chaste P	2014-09-30	Biol Psychiatry	www.ncbi.nlm.nih.gov/pubmed/25534755	A genome-wide association study of autism using the Simons Simplex Collection: Does reducing phenotypic heterogeneity in autism increase genetic homogeneity?	Autism spectrum disorder-related traits	1633 European ancestry trios, 942 trios	NA	16q24.3	16	88707485	CTU2	CTU2			ENSG00000174177			rs11641365-?	rs11641365	0	11641365	intron_variant	0	NR	3E-7	6.522878745280337	(ADOS CSS RRB much higher than SA)	2.06	[1.54-2.76]	Illumina [up to 2017939]	N	autism spectrum disorder symptom	http://www.ebi.ac.uk/efo/EFO_0005426	GCST002639	Genome-wide genotyping array
2015-06-18	25534755	Chaste P	2014-09-30	Biol Psychiatry	www.ncbi.nlm.nih.gov/pubmed/25534755	A genome-wide association study of autism using the Simons Simplex Collection: Does reducing phenotypic heterogeneity in autism increase genetic homogeneity?	Autism spectrum disorder-related traits	1633 European ancestry trios, 942 trios	NA	10q21.2	10	62579087	ZNF365	LINC02929			ENSG00000285551			rs2393895-?	rs2393895	0	2393895	intron_variant	0	NR	2E-7	6.698970004336019	(Higher ADOS social affect impairment)	1.91	[1.48-2.47]	Illumina [up to 2017939]	N	autism spectrum disorder symptom	http://www.ebi.ac.uk/efo/EFO_0005426	GCST002639	Genome-wide genotyping array
2015-06-18	25534755	Chaste P	2014-09-30	Biol Psychiatry	www.ncbi.nlm.nih.gov/pubmed/25534755	A genome-wide association study of autism using the Simons Simplex Collection: Does reducing phenotypic heterogeneity in autism increase genetic homogeneity?	Autism spectrum disorder-related traits	1633 European ancestry trios, 942 trios	NA	3q22.1	3	133691804	intergenic	INHCAP			ENSG00000242337			rs1867503-?	rs1867503	0	1867503	non_coding_transcript_exon_variant	0	NR	4E-7	6.3979400086720375	(ASD paternal model)	1.55	[1.30-1.84]	Illumina [up to 2017939]	N	autism spectrum disorder	http://purl.obolibrary.org/obo/MONDO_0005258	GCST002639	Genome-wide genotyping array
2015-06-18	25534755	Chaste P	2014-09-30	Biol Psychiatry	www.ncbi.nlm.nih.gov/pubmed/25534755	A genome-wide association study of autism using the Simons Simplex Collection: Does reducing phenotypic heterogeneity in autism increase genetic homogeneity?	Autism spectrum disorder-related traits	1633 European ancestry trios, 942 trios	NA	10q24.32	10	102431844	CUEDC2	CUEDC2			ENSG00000107874			rs1409313-?	rs1409313	0	1409313	intron_variant	0	NR	4E-7	6.3979400086720375	(ASD paternal model)	1.75	[1.40-2.18]	Illumina [up to 2017939]	N	autism spectrum disorder	http://purl.obolibrary.org/obo/MONDO_0005258	GCST002639	Genome-wide genotyping array
2015-06-18	25534755	Chaste P	2014-09-30	Biol Psychiatry	www.ncbi.nlm.nih.gov/pubmed/25534755	A genome-wide association study of autism using the Simons Simplex Collection: Does reducing phenotypic heterogeneity in autism increase genetic homogeneity?	Autism spectrum disorder-related traits	1633 European ancestry trios, 942 trios	NA	13q33.3	13	109501681	intergenic	LINC00399 - LINC00676	ENSG00000229792	ENSG00000234854		100040	226601	rs4773054-?	rs4773054	0	4773054	intron_variant	1	NR	5E-8	7.301029995663981	(ASD paternal model)	2.66	[1.83-3.86]	Illumina [up to 2017939]	N	autism spectrum disorder	http://purl.obolibrary.org/obo/MONDO_0005258	GCST002639	Genome-wide genotyping array
2015-06-18	25534755	Chaste P	2014-09-30	Biol Psychiatry	www.ncbi.nlm.nih.gov/pubmed/25534755	A genome-wide association study of autism using the Simons Simplex Collection: Does reducing phenotypic heterogeneity in autism increase genetic homogeneity?	Autism spectrum disorder-related traits	1633 European ancestry trios, 942 trios	NA	13q33.3	13	109501681	intergenic	LINC00399 - LINC00676	ENSG00000229792	ENSG00000234854		100040	226601	rs4773054-?	rs4773054	0	4773054	intron_variant	1	NR	7E-8	7.154901959985743	(Autism paternal model)	2.9	[1.91-4.39]	Illumina [up to 2017939]	N	autism	http://purl.obolibrary.org/obo/MONDO_0005260	GCST002639	Genome-wide genotyping array
2014-07-23	24189344	Xia K	2013-11-05	Mol Psychiatry	www.ncbi.nlm.nih.gov/pubmed/24189344	Common genetic variants on 1p13.2 associate with risk of autism.	Autism	275 Chinese ancestry cases and 550 Chinese ancestry controls from 275 trios, 136 Chinese ancestry cases, 984 Chinese ancestry controls	1,299 European ancestry cases and 2,598 European ancestry controls from 1,299 trios	1p13.2	1;1	114697195;114716978	AMPD1, NRAS, CASDE1	AMPD1 - RN7SL432P; CSDE1						rs926938-A; rs8453-G	rs926938; rs8453	0		intergenic_variant; 3_prime_UTR_variant		0.481	3E-8	7.522878745280337				Illumina [702234] (imputed)	N	autism	http://purl.obolibrary.org/obo/MONDO_0005260	GCST002268	Genome-wide genotyping array
2014-07-23	24189344	Xia K	2013-11-05	Mol Psychiatry	www.ncbi.nlm.nih.gov/pubmed/24189344	Common genetic variants on 1p13.2 associate with risk of autism.	Autism	275 Chinese ancestry cases and 550 Chinese ancestry controls from 275 trios, 136 Chinese ancestry cases, 984 Chinese ancestry controls	1,299 European ancestry cases and 2,598 European ancestry controls from 1,299 trios	1p13.2	1;1;1	114697195;114716978;114721064	NRAS, CASDE1, AMPD1	AMPD1 - RN7SL432P; CSDE1; CSDE1						rs926938-A; rs8453-G; rs10489525-G	rs926938; rs8453; rs10489525	0		intergenic_variant; 3_prime_UTR_variant; intron_variant		0.465	9E-8	7.045757490560675				Illumina [702234] (imputed)	N	autism	http://purl.obolibrary.org/obo/MONDO_0005260	GCST002268	Genome-wide genotyping array
2014-07-23	24189344	Xia K	2013-11-05	Mol Psychiatry	www.ncbi.nlm.nih.gov/pubmed/24189344	Common genetic variants on 1p13.2 associate with risk of autism.	Autism	275 Chinese ancestry cases and 550 Chinese ancestry controls from 275 trios, 136 Chinese ancestry cases, 984 Chinese ancestry controls	1,299 European ancestry cases and 2,598 European ancestry controls from 1,299 trios	1p13.2	1;1;1;1;1;1	114405659;114416918;114431068;114453702;114456655;114496497	TRIM33	TRIM33; TRIM33; TRIM33; TRIM33; TRIM33; TRIM33						rs6537825-A; rs11582563-G; rs11585926-T; rs11589568-T; rs7511633-G; rs6661053-T	rs6537825; rs11582563; rs11585926; rs11589568; rs7511633; rs6661053	0		missense_variant; intron_variant; intron_variant; intron_variant; intron_variant; intron_variant		0.382	2E-7	6.698970004336019				Illumina [702234] (imputed)	N	autism	http://purl.obolibrary.org/obo/MONDO_0005260	GCST002268	Genome-wide genotyping array
2014-07-23	24189344	Xia K	2013-11-05	Mol Psychiatry	www.ncbi.nlm.nih.gov/pubmed/24189344	Common genetic variants on 1p13.2 associate with risk of autism.	Autism	275 Chinese ancestry cases and 550 Chinese ancestry controls from 275 trios, 136 Chinese ancestry cases, 984 Chinese ancestry controls	1,299 European ancestry cases and 2,598 European ancestry controls from 1,299 trios	1p13.2	1;1;1;1;1;1;1	114416918;114431068;114453702;114405659;114456655;114496497;114498310	TRIM33	TRIM33; TRIM33; TRIM33; TRIM33; TRIM33; TRIM33; TRIM33						rs11582563-G; rs11585926-T; rs11589568-T; rs6537825-A; rs7511633-G; rs6661053-T; rs11102800-C	rs11582563; rs11585926; rs11589568; rs6537825; rs7511633; rs6661053; rs11102800	0		intron_variant; intron_variant; intron_variant; missense_variant; intron_variant; intron_variant; intron_variant		0.382	6E-8	7.221848749616356				Illumina [702234] (imputed)	N	autism	http://purl.obolibrary.org/obo/MONDO_0005260	GCST002268	Genome-wide genotyping array
2014-07-23	24189344	Xia K	2013-11-05	Mol Psychiatry	www.ncbi.nlm.nih.gov/pubmed/24189344	Common genetic variants on 1p13.2 associate with risk of autism.	Autism	275 Chinese ancestry cases and 550 Chinese ancestry controls from 275 trios, 136 Chinese ancestry cases, 984 Chinese ancestry controls	1,299 European ancestry cases and 2,598 European ancestry controls from 1,299 trios	1p13.2	1;1;1;1;1;1;1;1	114405659;114416918;114431068;114453702;114456655;114496497;114498310;114510087	TRIM33	TRIM33; TRIM33; TRIM33; TRIM33; TRIM33; TRIM33; TRIM33; TRIM33						rs6537825-A; rs11582563-G; rs11585926-T; rs11589568-T; rs7511633-G; rs6661053-T; rs11102800-C; rs3827735-C	rs6537825; rs11582563; rs11585926; rs11589568; rs7511633; rs6661053; rs11102800; rs3827735	0		missense_variant; intron_variant; intron_variant; intron_variant; intron_variant; intron_variant; intron_variant; intron_variant		0.382	6E-8	7.221848749616356				Illumina [702234] (imputed)	N	autism	http://purl.obolibrary.org/obo/MONDO_0005260	GCST002268	Genome-wide genotyping array
2014-07-23	24189344	Xia K	2013-11-05	Mol Psychiatry	www.ncbi.nlm.nih.gov/pubmed/24189344	Common genetic variants on 1p13.2 associate with risk of autism.	Autism	275 Chinese ancestry cases and 550 Chinese ancestry controls from 275 trios, 136 Chinese ancestry cases, 984 Chinese ancestry controls	1,299 European ancestry cases and 2,598 European ancestry controls from 1,299 trios	1p13.2	1;1;1;1;1;1;1;1;1	114405659;114416918;114431068;114453702;114456655;114496497;114498310;114510087;114518963	TRIM33	TRIM33; TRIM33; TRIM33; TRIM33; TRIM33; TRIM33; TRIM33; TRIM33; TRIM33 - PKMP1						rs6537825-A; rs11582563-G; rs11585926-T; rs11589568-T; rs7511633-G; rs6661053-T; rs11102800-C; rs3827735-C; rs11102807-A	rs6537825; rs11582563; rs11585926; rs11589568; rs7511633; rs6661053; rs11102800; rs3827735; rs11102807	0		missense_variant; intron_variant; intron_variant; intron_variant; intron_variant; intron_variant; intron_variant; intron_variant; intergenic_variant		0.382	4E-8	7.3979400086720375				Illumina [702234] (imputed)	N	autism	http://purl.obolibrary.org/obo/MONDO_0005260	GCST002268	Genome-wide genotyping array
2014-07-23	24189344	Xia K	2013-11-05	Mol Psychiatry	www.ncbi.nlm.nih.gov/pubmed/24189344	Common genetic variants on 1p13.2 associate with risk of autism.	Autism	275 Chinese ancestry cases and 550 Chinese ancestry controls from 275 trios, 136 Chinese ancestry cases, 984 Chinese ancestry controls	1,299 European ancestry cases and 2,598 European ancestry controls from 1,299 trios	1p13.2	1;1;1	114531255;114537037;114556471	BCAS2, TRIM33	TRIM33 - PKMP1; PKMP1; PKMP1 - BCAS2						rs10858047-T; rs11587400-C; rs1877455-T	rs10858047; rs11587400; rs1877455	0		intergenic_variant; non_coding_transcript_exon_variant; intergenic_variant		0.444	8E-8	7.096910013008056				Illumina [702234] (imputed)	N	autism	http://purl.obolibrary.org/obo/MONDO_0005260	GCST002268	Genome-wide genotyping array
2014-07-23	24189344	Xia K	2013-11-05	Mol Psychiatry	www.ncbi.nlm.nih.gov/pubmed/24189344	Common genetic variants on 1p13.2 associate with risk of autism.	Autism	275 Chinese ancestry cases and 550 Chinese ancestry controls from 275 trios, 136 Chinese ancestry cases, 984 Chinese ancestry controls	1,299 European ancestry cases and 2,598 European ancestry controls from 1,299 trios	1p13.2	1;1	114537037;114556471	TRIM33, BCAS2	PKMP1; PKMP1 - BCAS2						rs11587400-C; rs1877455-T	rs11587400; rs1877455	0		non_coding_transcript_exon_variant; intergenic_variant		0.449	7E-8	7.154901959985743				Illumina [702234] (imputed)	N	autism	http://purl.obolibrary.org/obo/MONDO_0005260	GCST002268	Genome-wide genotyping array
2014-07-23	24189344	Xia K	2013-11-05	Mol Psychiatry	www.ncbi.nlm.nih.gov/pubmed/24189344	Common genetic variants on 1p13.2 associate with risk of autism.	Autism	275 Chinese ancestry cases and 550 Chinese ancestry controls from 275 trios, 136 Chinese ancestry cases, 984 Chinese ancestry controls	1,299 European ancestry cases and 2,598 European ancestry controls from 1,299 trios	1p13.2	1	114405659	TRIM33, BCAS2, DENND2C	TRIM33			ENSG00000197323			rs6537825-A	rs6537825	0	6537825	missense_variant	0	NR	3E-8	7.522878745280337		1.4	[NR]	Illumina [702234] (imputed)	N	autism	http://purl.obolibrary.org/obo/MONDO_0005260	GCST002268	Genome-wide genotyping array
2014-07-23	24189344	Xia K	2013-11-05	Mol Psychiatry	www.ncbi.nlm.nih.gov/pubmed/24189344	Common genetic variants on 1p13.2 associate with risk of autism.	Autism	275 Chinese ancestry cases and 550 Chinese ancestry controls from 275 trios, 136 Chinese ancestry cases, 984 Chinese ancestry controls	1,299 European ancestry cases and 2,598 European ancestry controls from 1,299 trios	1p13.2	1	114697195	AMPD1, NRAS, CSDE1	AMPD1 - RN7SL432P	ENSG00000116748	ENSG00000242769		1577	432	rs926938-A	rs926938	0	926938	intergenic_variant	1	0.50	4E-8	7.3979400086720375		1.27	[NR]	Illumina [702234] (imputed)	N	autism	http://purl.obolibrary.org/obo/MONDO_0005260	GCST002268	Genome-wide genotyping array
2014-07-23	24189344	Xia K	2013-11-05	Mol Psychiatry	www.ncbi.nlm.nih.gov/pubmed/24189344	Common genetic variants on 1p13.2 associate with risk of autism.	Autism	275 Chinese ancestry cases and 550 Chinese ancestry controls from 275 trios, 136 Chinese ancestry cases, 984 Chinese ancestry controls	1,299 European ancestry cases and 2,598 European ancestry controls from 1,299 trios	12q23.1	12	97040442	NEDD1	Y_RNA - LINC02409	ENSG00000200544	ENSG00000257920		60813	222041	rs6538761-A	rs6538761	0	6538761	intron_variant	1	NR	2E-6	5.698970004336019		1.24	[NR]	Illumina [702234] (imputed)	N	autism	http://purl.obolibrary.org/obo/MONDO_0005260	GCST002268	Genome-wide genotyping array
2020-11-07	32996047	Alsubaie LM	2020-09-29	Mol Biol Rep	www.ncbi.nlm.nih.gov/pubmed/32996047	Risk Y-haplotypes and pathogenic variants of Arab-ancestry boys with autism by an exome-wide association study.	Autism	47 Saudi Arab ancestry young male cases, 43 Saudi Arab ancestry young male controls	NA	Yp11.2	Y	6885470	intergenic	AMELY			ENSG00000099721			rs978597-G	rs9785971	0	9785971	intron_variant	0	0.167	7E-8	7.154901959985743		22.4151	[5.1219-98.0966]	Illumina [243345]	N	autism	http://purl.obolibrary.org/obo/MONDO_0005260	GCST010733	Exome genotyping array [Exome array]
2020-11-07	32996047	Alsubaie LM	2020-09-29	Mol Biol Rep	www.ncbi.nlm.nih.gov/pubmed/32996047	Risk Y-haplotypes and pathogenic variants of Arab-ancestry boys with autism by an exome-wide association study.	Autism	47 Saudi Arab ancestry young male cases, 43 Saudi Arab ancestry young male controls	NA	Yp11.2	Y	7000077	TBL1Y	TBL1Y			ENSG00000092377			rs1865680-G	rs1865680	0	1865680	intron_variant	0	0.174	2E-8	7.698970004336019		24.6226	[5.6469-107.3643]	Illumina [243345]	N	autism	http://purl.obolibrary.org/obo/MONDO_0005260	GCST010733	Exome genotyping array [Exome array]
2020-11-07	32996047	Alsubaie LM	2020-09-29	Mol Biol Rep	www.ncbi.nlm.nih.gov/pubmed/32996047	Risk Y-haplotypes and pathogenic variants of Arab-ancestry boys with autism by an exome-wide association study.	Autism	47 Saudi Arab ancestry young male cases, 43 Saudi Arab ancestry young male controls	NA	Yq11.221	Y	12914512	DDX3Y	DDX3Y			ENSG00000067048			rs2032624-A	rs2032624	0	2032624	intron_variant	0	0.165	2E-8	7.698970004336019		20.8868	[4.7675-91.5071]	Illumina [243345]	N	autism	http://purl.obolibrary.org/obo/MONDO_0005260	GCST010733	Exome genotyping array [Exome array]
2020-11-07	32996047	Alsubaie LM	2020-09-29	Mol Biol Rep	www.ncbi.nlm.nih.gov/pubmed/32996047	Risk Y-haplotypes and pathogenic variants of Arab-ancestry boys with autism by an exome-wide association study.	Autism	47 Saudi Arab ancestry young male cases, 43 Saudi Arab ancestry young male controls	NA	Yq11.221	Y	13470103	UTY	UTY			ENSG00000183878			rs2032658-A	rs2032658	0	2032658	intron_variant	0	0.155	3E-9	8.522878745280337		46.3585	[6.1221-351.0397]	Illumina [243345]	N	autism	http://purl.obolibrary.org/obo/MONDO_0005260	GCST010733	Exome genotyping array [Exome array]
2020-11-07	32996047	Alsubaie LM	2020-09-29	Mol Biol Rep	www.ncbi.nlm.nih.gov/pubmed/32996047	Risk Y-haplotypes and pathogenic variants of Arab-ancestry boys with autism by an exome-wide association study.	Autism	47 Saudi Arab ancestry young male cases, 43 Saudi Arab ancestry young male controls	NA	Yq11.223	Y	19705901	KDM5D	KDM5D			ENSG00000012817			rs2032631-G	rs2032631	0	2032631	3_prime_UTR_variant	0	0.174	2E-8	7.698970004336019		24.2308	[5.5455-105.8754]	Illumina [243345]	N	autism	http://purl.obolibrary.org/obo/MONDO_0005260	GCST010733	Exome genotyping array [Exome array]
2020-11-07	32996047	Alsubaie LM	2020-09-29	Mol Biol Rep	www.ncbi.nlm.nih.gov/pubmed/32996047	Risk Y-haplotypes and pathogenic variants of Arab-ancestry boys with autism by an exome-wide association study.	Autism	47 Saudi Arab ancestry young male cases, 43 Saudi Arab ancestry young male controls	NA	Yq11.223	Y	20577481	EIF1AY	EIF1AY			ENSG00000198692			rs9786153-T	rs9786153	0	9786153	intron_variant	0	0.151	3E-9	8.522878745280337		1.7955	[0.1597-20.1843]	Illumina [243345]	N	autism	http://purl.obolibrary.org/obo/MONDO_0005260	GCST010733	Exome genotyping array [Exome array]
2020-11-07	32996047	Alsubaie LM	2020-09-29	Mol Biol Rep	www.ncbi.nlm.nih.gov/pubmed/32996047	Risk Y-haplotypes and pathogenic variants of Arab-ancestry boys with autism by an exome-wide association study.	Autism	47 Saudi Arab ancestry young male cases, 43 Saudi Arab ancestry young male controls	NA	Yq11.223	Y	20587967	EIF1AY	EIF1AY			ENSG00000198692			rs13447352-A	rs13447352	0	13447352	intron_variant	0	0.62	5E-6	5.301029995663981		4.970179	[1.91-12.95]	Illumina [243345]	N	autism	http://purl.obolibrary.org/obo/MONDO_0005260	GCST010733	Exome genotyping array [Exome array]
2020-11-07	32996047	Alsubaie LM	2020-09-29	Mol Biol Rep	www.ncbi.nlm.nih.gov/pubmed/32996047	Risk Y-haplotypes and pathogenic variants of Arab-ancestry boys with autism by an exome-wide association study.	Autism	47 Saudi Arab ancestry young male cases, 43 Saudi Arab ancestry young male controls	NA	8q24.3	8;8	144357897;144379425	NR	SLC52A2; FBXL6; ADCK5						rs2280840-G; rs6599528-A	rs2280840; rs6599528	0		intron_variant; missense_variant		0.625	9E-6	5.045757490560675				Illumina [243345]	N	autism	http://purl.obolibrary.org/obo/MONDO_0005260	GCST010733	Exome genotyping array [Exome array]
2020-11-07	32996047	Alsubaie LM	2020-09-29	Mol Biol Rep	www.ncbi.nlm.nih.gov/pubmed/32996047	Risk Y-haplotypes and pathogenic variants of Arab-ancestry boys with autism by an exome-wide association study.	Autism	47 Saudi Arab ancestry young male cases, 43 Saudi Arab ancestry young male controls	NA	19p13.11	19;19	17205973;17192965	NR	MYO9B; MYO9B						rs7248508-C; rs1545620-G	rs7248508; rs1545620	0		missense_variant; missense_variant		0.426	9E-6	5.045757490560675				Illumina [243345]	N	autism	http://purl.obolibrary.org/obo/MONDO_0005260	GCST010733	Exome genotyping array [Exome array]
2020-10-07	32606422	Wu Y	2020-06-30	Transl Psychiatry	www.ncbi.nlm.nih.gov/pubmed/32606422	Multi-trait analysis for genome-wide association study of five psychiatric disorders.	Autism spectrum disorder (MTAG)	60,817 individuals	NA	5q21.2	5	104655775	NR	NIHCOLE - RNU6-334P	ENSG00000251026	ENSG00000252881		225530	124513	rs416223-?	rs416223	0	416223	intron_variant	1	NR	1E-10	10.0				NR [520857]	N	autism spectrum disorder	http://purl.obolibrary.org/obo/MONDO_0005258	GCST010643	Genome-wide genotyping array
2020-10-07	32606422	Wu Y	2020-06-30	Transl Psychiatry	www.ncbi.nlm.nih.gov/pubmed/32606422	Multi-trait analysis for genome-wide association study of five psychiatric disorders.	Autism spectrum disorder (MTAG)	60,817 individuals	NA	5q33.2	5	154221702	NR	GALNT10			ENSG00000164574			rs34509057-?	rs34509057	0	34509057	intron_variant	0	NR	1E-8	8.0				NR [520857]	N	autism spectrum disorder	http://purl.obolibrary.org/obo/MONDO_0005258	GCST010643	Genome-wide genotyping array
2020-10-07	32606422	Wu Y	2020-06-30	Transl Psychiatry	www.ncbi.nlm.nih.gov/pubmed/32606422	Multi-trait analysis for genome-wide association study of five psychiatric disorders.	Autism spectrum disorder (MTAG)	60,817 individuals	NA	7p15.3	7	24486420	NR	NPY - RNU6-1103P	ENSG00000122585	ENSG00000206877		194558	50912	rs6461809-?	rs6461809	0	6461809	intergenic_variant	1	NR	8E-9	8.096910013008056				NR [520857]	N	autism spectrum disorder	http://purl.obolibrary.org/obo/MONDO_0005258	GCST010643	Genome-wide genotyping array
2020-10-07	32606422	Wu Y	2020-06-30	Transl Psychiatry	www.ncbi.nlm.nih.gov/pubmed/32606422	Multi-trait analysis for genome-wide association study of five psychiatric disorders.	Autism spectrum disorder (MTAG)	60,817 individuals	NA	18q21.2	18	53220821	NR	DCC			ENSG00000187323			rs6508210-?	rs6508210	0	6508210	intron_variant	0	NR	3E-8	7.522878745280337				NR [520857]	N	autism spectrum disorder	http://purl.obolibrary.org/obo/MONDO_0005258	GCST010643	Genome-wide genotyping array
2020-10-07	32606422	Wu Y	2020-06-30	Transl Psychiatry	www.ncbi.nlm.nih.gov/pubmed/32606422	Multi-trait analysis for genome-wide association study of five psychiatric disorders.	Autism spectrum disorder (MTAG)	60,817 individuals	NA	20p12.1	20	14855598	NR	MACROD2			ENSG00000172264			rs71190156-?	rs71190156	0	71190156	intron_variant	0	NR	3E-8	7.522878745280337				NR [520857]	N	autism spectrum disorder	http://purl.obolibrary.org/obo/MONDO_0005258	GCST010643	Genome-wide genotyping array
2020-10-07	32606422	Wu Y	2020-06-30	Transl Psychiatry	www.ncbi.nlm.nih.gov/pubmed/32606422	Multi-trait analysis for genome-wide association study of five psychiatric disorders.	Autism spectrum disorder (MTAG)	60,817 individuals	NA	20p11.23	20	21267478	NR	ZNF877P - XRN2	ENSG00000226875	ENSG00000088930		1013	35826	rs910805-?	rs910805	0	910805	intergenic_variant	1	NR	1E-10	10.0				NR [520857]	N	autism spectrum disorder	http://purl.obolibrary.org/obo/MONDO_0005258	GCST010643	Genome-wide genotyping array
2020-10-07	32606422	Wu Y	2020-06-30	Transl Psychiatry	www.ncbi.nlm.nih.gov/pubmed/32606422	Multi-trait analysis for genome-wide association study of five psychiatric disorders.	Autism spectrum disorder (MTAG)	60,817 individuals	NA	3q25.32	3	158138357	NR	RSRC1			ENSG00000174891			rs1589526-?	rs1589526	0	1589526	intron_variant	0	NR	2E-8	7.698970004336019				NR [520857]	N	autism spectrum disorder	http://purl.obolibrary.org/obo/MONDO_0005258	GCST010643	Genome-wide genotyping array
2020-10-07	32606422	Wu Y	2020-06-30	Transl Psychiatry	www.ncbi.nlm.nih.gov/pubmed/32606422	Multi-trait analysis for genome-wide association study of five psychiatric disorders.	Autism spectrum disorder (MTAG)	60,817 individuals	NA	8p23.1	8	10719265	NR	RP1L1 - SOX7	ENSG00000183638	ENSG00000171056		7078	4503	rs10099100-?	rs10099100	0	10099100	intergenic_variant	1	NR	1E-8	8.0				NR [520857]	N	autism spectrum disorder	http://purl.obolibrary.org/obo/MONDO_0005258	GCST010643	Genome-wide genotyping array
2020-10-07	32606422	Wu Y	2020-06-30	Transl Psychiatry	www.ncbi.nlm.nih.gov/pubmed/32606422	Multi-trait analysis for genome-wide association study of five psychiatric disorders.	Autism spectrum disorder (MTAG)	60,817 individuals	NA	10q25.1	10	104985346	NR	SORCS3			ENSG00000156395			rs6584649-?	rs6584649	0	6584649	intron_variant	0	NR	6E-9	8.221848749616356				NR [520857]	N	autism spectrum disorder	http://purl.obolibrary.org/obo/MONDO_0005258	GCST010643	Genome-wide genotyping array
2020-10-07	32606422	Wu Y	2020-06-30	Transl Psychiatry	www.ncbi.nlm.nih.gov/pubmed/32606422	Multi-trait analysis for genome-wide association study of five psychiatric disorders.	Autism spectrum disorder (MTAG)	60,817 individuals	NA	16p13.3	16	6292640	NR	RBFOX1			ENSG00000078328			rs6500768-?	rs6500768	0	6500768	intron_variant	0	NR	4E-8	7.3979400086720375				NR [520857]	N	autism spectrum disorder	http://purl.obolibrary.org/obo/MONDO_0005258	GCST010643	Genome-wide genotyping array
2020-09-10	32747698	Matoba N	2020-08-03	Transl Psychiatry	www.ncbi.nlm.nih.gov/pubmed/32747698	Common genetic risk variants identified in the SPARK cohort support DDHD2 as a candidate risk gene for autism.	Autism spectrum disorder	22,916 European ancestry cases, 32,504 European ancestry controls	NA	6p22.3	6	23777604	NR	RNU6-1060P - SPTLC1P2	ENSG00000207394	ENSG00000218512		652517	79094	rs145570843-A	rs145570843	0	145570843	intergenic_variant	1	0.98923	4E-6	5.3979400086720375		2.1276596	[1.54-2.94]	Illumina [up to 8992756] (imputed)	N	autism spectrum disorder	http://purl.obolibrary.org/obo/MONDO_0005258	GCST010514	Genome-wide genotyping array
2020-09-10	32747698	Matoba N	2020-08-03	Transl Psychiatry	www.ncbi.nlm.nih.gov/pubmed/32747698	Common genetic risk variants identified in the SPARK cohort support DDHD2 as a candidate risk gene for autism.	Autism spectrum disorder	22,916 European ancestry cases, 32,504 European ancestry controls	NA	3p25.3	3	8678265	NR	SSUH2			ENSG00000125046			rs405182-G	rs405182	0	405182	non_coding_transcript_exon_variant	0	0.692795	5E-6	5.301029995663981		1.1904762	[1.1-1.28]	Illumina [up to 8992756] (imputed)	N	autism spectrum disorder	http://purl.obolibrary.org/obo/MONDO_0005258	GCST010514	Genome-wide genotyping array
2020-09-10	32747698	Matoba N	2020-08-03	Transl Psychiatry	www.ncbi.nlm.nih.gov/pubmed/32747698	Common genetic risk variants identified in the SPARK cohort support DDHD2 as a candidate risk gene for autism.	Autism spectrum disorder	22,916 European ancestry cases, 32,504 European ancestry controls	NA	8p11.23	8	38442106	NR	FGFR1			ENSG00000077782			rs60527016-T	rs60527016	0	60527016	intron_variant	0	0.792283	3E-6	5.522878745280337		1.0752687	[1.04-1.1]	Illumina [up to 8992756] (imputed)	N	autism spectrum disorder	http://purl.obolibrary.org/obo/MONDO_0005258	GCST010514	Genome-wide genotyping array
2020-09-10	32747698	Matoba N	2020-08-03	Transl Psychiatry	www.ncbi.nlm.nih.gov/pubmed/32747698	Common genetic risk variants identified in the SPARK cohort support DDHD2 as a candidate risk gene for autism.	Autism spectrum disorder	22,916 European ancestry cases, 32,504 European ancestry controls	NA	8p23.1	8	8924057	NR	RNU6-682P - SNORA70	ENSG00000200713	ENSG00000206958		28139	37518	rs36059156-G	rs36059156	0	36059156	intron_variant	1	0.696869	8E-6	5.096910013008056		1.0638298	[1.04-1.1]	Illumina [up to 8992756] (imputed)	N	autism spectrum disorder	http://purl.obolibrary.org/obo/MONDO_0005258	GCST010514	Genome-wide genotyping array
2020-09-10	32747698	Matoba N	2020-08-03	Transl Psychiatry	www.ncbi.nlm.nih.gov/pubmed/32747698	Common genetic risk variants identified in the SPARK cohort support DDHD2 as a candidate risk gene for autism.	Autism spectrum disorder	22,916 European ancestry cases, 32,504 European ancestry controls	NA	12q21.33	12	91843377	NR	LINC03130 - LINC02404	ENSG00000258125	ENSG00000257893		162504	31876	rs61925919-A	rs61925919	0	61925919	intergenic_variant	1	0.195114	5E-6	5.301029995663981		1.08	[1.05-1.12]	Illumina [up to 8992756] (imputed)	N	autism spectrum disorder	http://purl.obolibrary.org/obo/MONDO_0005258	GCST010514	Genome-wide genotyping array
2020-09-10	32747698	Matoba N	2020-08-03	Transl Psychiatry	www.ncbi.nlm.nih.gov/pubmed/32747698	Common genetic risk variants identified in the SPARK cohort support DDHD2 as a candidate risk gene for autism.	Autism spectrum disorder	4,535 European ancestry cases, 37 African ancestry cases, 83 East Asian ancestry cases, 1,567 cases, 4,535 European ancestry controls, 37 African ancestry controls, 83 East Asian ancestry controls, 1,567 controls	NA	18q23	18	75424019	NR	SMIM21			ENSG00000206026			rs118045675-G	rs118045675	0	118045675	intron_variant	0	0.9682542	3E-6	5.522878745280337		1.4084507	[1.22-1.64]	Illumina [8992756] (imputed)	N	autism spectrum disorder	http://purl.obolibrary.org/obo/MONDO_0005258	GCST010515	Genome-wide genotyping array
2020-09-10	32747698	Matoba N	2020-08-03	Transl Psychiatry	www.ncbi.nlm.nih.gov/pubmed/32747698	Common genetic risk variants identified in the SPARK cohort support DDHD2 as a candidate risk gene for autism.	Autism spectrum disorder	4,535 European ancestry cases, 37 African ancestry cases, 83 East Asian ancestry cases, 1,567 cases, 4,535 European ancestry controls, 37 African ancestry controls, 83 East Asian ancestry controls, 1,567 controls	NA	8p11.23	8	38442106	NR	FGFR1			ENSG00000077782			rs60527016-T	rs60527016	0	60527016	intron_variant	0	0.792283	5E-8	7.301029995663981		1.1904762	[1.11-1.27]	Illumina [8992756] (imputed)	N	autism spectrum disorder	http://purl.obolibrary.org/obo/MONDO_0005258	GCST010515	Genome-wide genotyping array
2020-09-10	32747698	Matoba N	2020-08-03	Transl Psychiatry	www.ncbi.nlm.nih.gov/pubmed/32747698	Common genetic risk variants identified in the SPARK cohort support DDHD2 as a candidate risk gene for autism.	Autism spectrum disorder	4,535 European ancestry cases, 37 African ancestry cases, 83 East Asian ancestry cases, 1,567 cases, 4,535 European ancestry controls, 37 African ancestry controls, 83 East Asian ancestry controls, 1,567 controls	NA	3p25.3	3	8678265	NR	SSUH2			ENSG00000125046			rs405182-G	rs405182	0	405182	non_coding_transcript_exon_variant	0	0.692795	2E-6	5.698970004336019		1.1764705	[1.1-1.25]	Illumina [8992756] (imputed)	N	autism spectrum disorder	http://purl.obolibrary.org/obo/MONDO_0005258	GCST010515	Genome-wide genotyping array
2020-09-10	32747698	Matoba N	2020-08-03	Transl Psychiatry	www.ncbi.nlm.nih.gov/pubmed/32747698	Common genetic risk variants identified in the SPARK cohort support DDHD2 as a candidate risk gene for autism.	Autism spectrum disorder	4,535 European ancestry cases, 37 African ancestry cases, 83 East Asian ancestry cases, 1,567 cases, 4,535 European ancestry controls, 37 African ancestry controls, 83 East Asian ancestry controls, 1,567 controls	NA	19q13.43	19	55856118	NR	NLRP4			ENSG00000160505			rs60624745-C	rs60624745	0	60624745	intron_variant	0	0.721586	6E-6	5.221848749616356		1.1627907	[1.09-1.23]	Illumina [8992756] (imputed)	N	autism spectrum disorder	http://purl.obolibrary.org/obo/MONDO_0005258	GCST010515	Genome-wide genotyping array
2020-09-10	32747698	Matoba N	2020-08-03	Transl Psychiatry	www.ncbi.nlm.nih.gov/pubmed/32747698	Common genetic risk variants identified in the SPARK cohort support DDHD2 as a candidate risk gene for autism.	Autism spectrum disorder	4,535 European ancestry cases, 37 African ancestry cases, 83 East Asian ancestry cases, 1,567 cases, 4,535 European ancestry controls, 37 African ancestry controls, 83 East Asian ancestry controls, 1,567 controls	NA	19p13.3	19	1095337	NR	POLR2E			ENSG00000099817			rs1046041-T	rs1046041	0	1046041	5_prime_UTR_variant	0	0.518174	6E-6	5.221848749616356		1.1235955	[1.06-1.18]	Illumina [8992756] (imputed)	N	autism spectrum disorder	http://purl.obolibrary.org/obo/MONDO_0005258	GCST010515	Genome-wide genotyping array
2020-09-10	32747698	Matoba N	2020-08-03	Transl Psychiatry	www.ncbi.nlm.nih.gov/pubmed/32747698	Common genetic risk variants identified in the SPARK cohort support DDHD2 as a candidate risk gene for autism.	Autism spectrum disorder	4,535 European ancestry cases, 37 African ancestry cases, 83 East Asian ancestry cases, 1,567 cases, 4,535 European ancestry controls, 37 African ancestry controls, 83 East Asian ancestry controls, 1,567 controls	NA	1p21.1	1	105395840	NR	THAP3P1 - CDK4P1	ENSG00000293061	ENSG00000225036		1169162	38154	rs11184553-A	rs11184553	0	11184553	intergenic_variant	1	0.460644	6E-6	5.221848749616356		1.12	[1.07-1.18]	Illumina [8992756] (imputed)	N	autism spectrum disorder	http://purl.obolibrary.org/obo/MONDO_0005258	GCST010515	Genome-wide genotyping array
2020-09-10	32747698	Matoba N	2020-08-03	Transl Psychiatry	www.ncbi.nlm.nih.gov/pubmed/32747698	Common genetic risk variants identified in the SPARK cohort support DDHD2 as a candidate risk gene for autism.	Autism spectrum disorder	4,535 European ancestry cases, 37 African ancestry cases, 83 East Asian ancestry cases, 1,567 cases, 4,535 European ancestry controls, 37 African ancestry controls, 83 East Asian ancestry controls, 1,567 controls	NA	10q24.1	10	95558200	NR	SORBS1			ENSG00000095637			rs11188360-A	rs11188360	0	11188360	intron_variant	0	0.149671	3E-6	5.522878745280337		1.19	[1.1-1.27]	Illumina [8992756] (imputed)	N	autism spectrum disorder	http://purl.obolibrary.org/obo/MONDO_0005258	GCST010515	Genome-wide genotyping array
2020-09-10	32747698	Matoba N	2020-08-03	Transl Psychiatry	www.ncbi.nlm.nih.gov/pubmed/32747698	Common genetic risk variants identified in the SPARK cohort support DDHD2 as a candidate risk gene for autism.	Autism spectrum disorder	4,535 European ancestry cases, 37 African ancestry cases, 83 East Asian ancestry cases, 1,567 cases, 4,535 European ancestry controls, 37 African ancestry controls, 83 East Asian ancestry controls, 1,567 controls	NA	11p14.3	11	24997823	NR	LUZP2			ENSG00000187398			rs77230196-C	rs77230196	0	77230196	intron_variant	0	0.0706573	3E-6	5.522878745280337		1.29	[1.16-1.43]	Illumina [8992756] (imputed)	N	autism spectrum disorder	http://purl.obolibrary.org/obo/MONDO_0005258	GCST010515	Genome-wide genotyping array
2020-09-10	32747698	Matoba N	2020-08-03	Transl Psychiatry	www.ncbi.nlm.nih.gov/pubmed/32747698	Common genetic risk variants identified in the SPARK cohort support DDHD2 as a candidate risk gene for autism.	Autism spectrum disorder	4,535 European ancestry cases, 37 African ancestry cases, 83 East Asian ancestry cases, 1,567 cases, 4,535 European ancestry controls, 37 African ancestry controls, 83 East Asian ancestry controls, 1,567 controls	NA	11p11.2	11	45672434	NR	CHST1 - MIR7154	ENSG00000175264	ENSG00000276639		6338	19270	rs10742763-T	rs10742763	0	10742763	intergenic_variant	1	0.063043	4E-6	5.3979400086720375		1.31	[1.17-1.46]	Illumina [8992756] (imputed)	N	autism spectrum disorder	http://purl.obolibrary.org/obo/MONDO_0005258	GCST010515	Genome-wide genotyping array
2020-09-10	32747698	Matoba N	2020-08-03	Transl Psychiatry	www.ncbi.nlm.nih.gov/pubmed/32747698	Common genetic risk variants identified in the SPARK cohort support DDHD2 as a candidate risk gene for autism.	Autism spectrum disorder	4,535 European ancestry cases, 37 African ancestry cases, 83 East Asian ancestry cases, 1,567 cases, 4,535 European ancestry controls, 37 African ancestry controls, 83 East Asian ancestry controls, 1,567 controls	NA	13q21.31	13	63231583	NR	LINC00376			ENSG00000227564			rs9598562-T	rs9598562	0	9598562	intron_variant	0	0.212546	4E-6	5.3979400086720375		1.15	[1.09-1.23]	Illumina [8992756] (imputed)	N	autism spectrum disorder	http://purl.obolibrary.org/obo/MONDO_0005258	GCST010515	Genome-wide genotyping array
2020-09-10	32747698	Matoba N	2020-08-03	Transl Psychiatry	www.ncbi.nlm.nih.gov/pubmed/32747698	Common genetic risk variants identified in the SPARK cohort support DDHD2 as a candidate risk gene for autism.	Autism spectrum disorder	4,535 European ancestry cases, 37 African ancestry cases, 83 East Asian ancestry cases, 1,567 cases, 4,535 European ancestry controls, 37 African ancestry controls, 83 East Asian ancestry controls, 1,567 controls	NA	13q32.1	13	96859683	NR	HS6ST3 - HSP90AB6P	ENSG00000185352	ENSG00000235137		20121	24159	rs72646783-T	rs72646783	0	72646783	intergenic_variant	1	0.0377415	6E-6	5.221848749616356		1.35	[1.19-1.55]	Illumina [8992756] (imputed)	N	autism spectrum disorder	http://purl.obolibrary.org/obo/MONDO_0005258	GCST010515	Genome-wide genotyping array
2020-09-10	32747698	Matoba N	2020-08-03	Transl Psychiatry	www.ncbi.nlm.nih.gov/pubmed/32747698	Common genetic risk variants identified in the SPARK cohort support DDHD2 as a candidate risk gene for autism.	Autism spectrum disorder	4,535 European ancestry cases, 37 African ancestry cases, 83 East Asian ancestry cases, 1,567 cases, 4,535 European ancestry controls, 37 African ancestry controls, 83 East Asian ancestry controls, 1,567 controls	NA	16q21	16	65377873	NR	LINC00922			ENSG00000261742			rs77562299-C	rs77562299	0	77562299	intron_variant	0	0.06984	4E-6	5.3979400086720375		1.26	[1.14-1.39]	Illumina [8992756] (imputed)	N	autism spectrum disorder	http://purl.obolibrary.org/obo/MONDO_0005258	GCST010515	Genome-wide genotyping array
2020-09-10	32747698	Matoba N	2020-08-03	Transl Psychiatry	www.ncbi.nlm.nih.gov/pubmed/32747698	Common genetic risk variants identified in the SPARK cohort support DDHD2 as a candidate risk gene for autism.	Autism spectrum disorder	4,535 European ancestry cases, 37 African ancestry cases, 83 East Asian ancestry cases, 1,567 cases, 4,535 European ancestry controls, 37 African ancestry controls, 83 East Asian ancestry controls, 1,567 controls	NA	18q22.2	18	69268412	NR	CCDC102B - DOK6	ENSG00000150636	ENSG00000206052		211286	132476	rs632349-G	rs632349	0	632349	intergenic_variant	1	0.362939	3E-6	5.522878745280337		1.13	[1.08-1.2]	Illumina [8992756] (imputed)	N	autism spectrum disorder	http://purl.obolibrary.org/obo/MONDO_0005258	GCST010515	Genome-wide genotyping array
2020-09-10	32747698	Matoba N	2020-08-03	Transl Psychiatry	www.ncbi.nlm.nih.gov/pubmed/32747698	Common genetic risk variants identified in the SPARK cohort support DDHD2 as a candidate risk gene for autism.	Autism spectrum disorder	4,535 European ancestry cases, 37 African ancestry cases, 83 East Asian ancestry cases, 1,567 cases, 4,535 European ancestry controls, 37 African ancestry controls, 83 East Asian ancestry controls, 1,567 controls	NA	22q13.2	22	43499322	NR	MPPED1			ENSG00000186732			rs143634450-A	rs143634450	0	143634450	intron_variant	0	0.0394467	1E-6	6.0		1.39	[1.22-1.58]	Illumina [8992756] (imputed)	N	autism spectrum disorder	http://purl.obolibrary.org/obo/MONDO_0005258	GCST010515	Genome-wide genotyping array
2020-09-10	32747698	Matoba N	2020-08-03	Transl Psychiatry	www.ncbi.nlm.nih.gov/pubmed/32747698	Common genetic risk variants identified in the SPARK cohort support DDHD2 as a candidate risk gene for autism.	Autism spectrum disorder	4,535 European ancestry cases, 37 African ancestry cases, 83 East Asian ancestry cases, 1,567 cases, 4,535 European ancestry controls, 37 African ancestry controls, 83 East Asian ancestry controls, 1,567 controls	NA	3q13.33	3	120312093	NR	PTOV1P1 - LRRC58	ENSG00000240882	ENSG00000163428		4141	12416	rs2638592-C	rs2638592	0	2638592	intergenic_variant	1	0.235119	7E-6	5.154901959985743		1.14	[1.08-1.21]	Illumina [8992756] (imputed)	N	autism spectrum disorder	http://purl.obolibrary.org/obo/MONDO_0005258	GCST010515	Genome-wide genotyping array
2020-09-10	32747698	Matoba N	2020-08-03	Transl Psychiatry	www.ncbi.nlm.nih.gov/pubmed/32747698	Common genetic risk variants identified in the SPARK cohort support DDHD2 as a candidate risk gene for autism.	Autism spectrum disorder	4,535 European ancestry cases, 37 African ancestry cases, 83 East Asian ancestry cases, 1,567 cases, 4,535 European ancestry controls, 37 African ancestry controls, 83 East Asian ancestry controls, 1,567 controls	NA	3q24	3	143236587	NR	PBX2P1 - SLC9A9	ENSG00000244171	ENSG00000181804		58970	28635	rs7627815-T	rs7627815	0	7627815	regulatory_region_variant	1	0.0343502	8E-6	5.096910013008056		1.38	[1.2-1.58]	Illumina [8992756] (imputed)	N	autism spectrum disorder	http://purl.obolibrary.org/obo/MONDO_0005258	GCST010515	Genome-wide genotyping array
2020-09-10	32747698	Matoba N	2020-08-03	Transl Psychiatry	www.ncbi.nlm.nih.gov/pubmed/32747698	Common genetic risk variants identified in the SPARK cohort support DDHD2 as a candidate risk gene for autism.	Autism spectrum disorder	4,535 European ancestry cases, 37 African ancestry cases, 83 East Asian ancestry cases, 1,567 cases, 4,535 European ancestry controls, 37 African ancestry controls, 83 East Asian ancestry controls, 1,567 controls	NA	5q35.3	5	178734176	NR	ZNF354A - AACSP1	ENSG00000169131	ENSG00000291019		1795	33028	rs56027323-A	rs56027323	0	56027323	intron_variant	1	0.093149	9E-6	5.045757490560675		1.22	[1.12-1.33]	Illumina [8992756] (imputed)	N	autism spectrum disorder	http://purl.obolibrary.org/obo/MONDO_0005258	GCST010515	Genome-wide genotyping array
2020-10-07	32606422	Wu Y	2020-06-30	Transl Psychiatry	www.ncbi.nlm.nih.gov/pubmed/32606422	Multi-trait analysis for genome-wide association study of five psychiatric disorders.	Autism spectrum disorder	46,350 individuals	NA	8p23.1	8	10719265	NR	RP1L1 - SOX7	ENSG00000183638	ENSG00000171056		7078	4503	rs10099100-?	rs10099100	0	10099100	intergenic_variant	1	NR	1E-8	8.0				NR [9087710]	N	autism spectrum disorder	http://purl.obolibrary.org/obo/MONDO_0005258	GCST010648	Genome-wide genotyping array
2020-10-07	32606422	Wu Y	2020-06-30	Transl Psychiatry	www.ncbi.nlm.nih.gov/pubmed/32606422	Multi-trait analysis for genome-wide association study of five psychiatric disorders.	Autism spectrum disorder	46,350 individuals	NA	20p12.1	20	14855598	NR	MACROD2			ENSG00000172264			rs71190156-?	rs71190156	0	71190156	intron_variant	0	NR	3E-8	7.522878745280337				NR [9087710]	N	autism spectrum disorder	http://purl.obolibrary.org/obo/MONDO_0005258	GCST010648	Genome-wide genotyping array
2020-10-07	32606422	Wu Y	2020-06-30	Transl Psychiatry	www.ncbi.nlm.nih.gov/pubmed/32606422	Multi-trait analysis for genome-wide association study of five psychiatric disorders.	Autism spectrum disorder	46,350 individuals	NA	20p11.23	20	21267478	NR	ZNF877P - XRN2	ENSG00000226875	ENSG00000088930		1013	35826	rs910805-?	rs910805	0	910805	intergenic_variant	1	NR	2E-9	8.698970004336019				NR [9087710]	N	autism spectrum disorder	http://purl.obolibrary.org/obo/MONDO_0005258	GCST010648	Genome-wide genotyping array
2020-09-17	32624584	Yousaf A	2020-07-05	Transl Psychiatry	www.ncbi.nlm.nih.gov/pubmed/32624584	Quantitative genome-wide association study of six phenotypic subdomains identifies novel genome-wide significant variants in autism spectrum disorder.	Autism spectrum disorders (social interaction)	2,509 individuals	NA	7q11.23	7	74386980	CLIP2	CLIP2			ENSG00000106665			rs34459814-?	rs34459814	0	34459814	intron_variant	0	NR	3E-8	7.522878745280337		0.492	NR unit increase	Illumina [6900500] (imputed)	N	autism spectrum disorder symptom	http://www.ebi.ac.uk/efo/EFO_0005426	GCST010584	Genome-wide genotyping array
2020-09-17	32624584	Yousaf A	2020-07-05	Transl Psychiatry	www.ncbi.nlm.nih.gov/pubmed/32624584	Quantitative genome-wide association study of six phenotypic subdomains identifies novel genome-wide significant variants in autism spectrum disorder.	Autism spectrum disorders (social interaction)	2,509 individuals	NA	1p31.3	1	61910798	PATJ	PATJ			ENSG00000132849			rs2095092-?	rs2095092	0	2095092	intron_variant	0	NR	4E-8	7.3979400086720375		0.53	NR unit decrease	Illumina [6900500] (imputed)	N	autism spectrum disorder symptom	http://www.ebi.ac.uk/efo/EFO_0005426	GCST010584	Genome-wide genotyping array
2020-09-17	32624584	Yousaf A	2020-07-05	Transl Psychiatry	www.ncbi.nlm.nih.gov/pubmed/32624584	Quantitative genome-wide association study of six phenotypic subdomains identifies novel genome-wide significant variants in autism spectrum disorder.	Autism spectrum disorders (social interaction)	2,509 individuals	NA	1p22.3	1	84732077	intergenic	SSX2IP - LPAR3	ENSG00000117155	ENSG00000171517		41122	79524	rs377634870-?	rs377634870	0	377634870	intergenic_variant	1	NR	5E-8	7.301029995663981		0.532	NR unit increase	Illumina [6900500] (imputed)	N	autism spectrum disorder symptom	http://www.ebi.ac.uk/efo/EFO_0005426	GCST010584	Genome-wide genotyping array
2020-09-17	32624584	Yousaf A	2020-07-05	Transl Psychiatry	www.ncbi.nlm.nih.gov/pubmed/32624584	Quantitative genome-wide association study of six phenotypic subdomains identifies novel genome-wide significant variants in autism spectrum disorder.	Autism spectrum disorders (social interaction)	2,509 individuals	NA	10p13	10	15659213	ITGA8	ITGA8			ENSG00000077943			rs9333127-?	rs9333127	1	5783462	intron_variant	0	NR	3E-6	5.522878745280337		0.414	NR unit increase	Illumina [6900500] (imputed)	N	autism spectrum disorder symptom	http://www.ebi.ac.uk/efo/EFO_0005426	GCST010584	Genome-wide genotyping array
2020-09-17	32624584	Yousaf A	2020-07-05	Transl Psychiatry	www.ncbi.nlm.nih.gov/pubmed/32624584	Quantitative genome-wide association study of six phenotypic subdomains identifies novel genome-wide significant variants in autism spectrum disorder.	Autism spectrum disorders (peer interaction)	2,509 individuals	NA	9p21.1	9	31057423	intergenic	HSPA8P17 - SLC25A6P2	ENSG00000228557	ENSG00000232203		66851	196478	rs10115292-?	rs10115292	0	10115292	intergenic_variant	1	NR	2E-8	7.698970004336019		0.388	NR unit increase	Illumina [6900500] (imputed)	N	autism spectrum disorder symptom	http://www.ebi.ac.uk/efo/EFO_0005426	GCST010582	Genome-wide genotyping array
2020-09-17	32624584	Yousaf A	2020-07-05	Transl Psychiatry	www.ncbi.nlm.nih.gov/pubmed/32624584	Quantitative genome-wide association study of six phenotypic subdomains identifies novel genome-wide significant variants in autism spectrum disorder.	Autism spectrum disorders (peer interaction)	2,509 individuals	NA	7q21.11	7	80994616	intergenic	SEMA3C - EIF4EP4	ENSG00000075223	ENSG00000232968		72237	468420	rs7777015-?	rs7777015	0	7777015	intergenic_variant	1	NR	4E-6	5.3979400086720375		0.321	NR unit increase	Illumina [6900500] (imputed)	N	autism spectrum disorder symptom	http://www.ebi.ac.uk/efo/EFO_0005426	GCST010582	Genome-wide genotyping array
2020-09-17	32624584	Yousaf A	2020-07-05	Transl Psychiatry	www.ncbi.nlm.nih.gov/pubmed/32624584	Quantitative genome-wide association study of six phenotypic subdomains identifies novel genome-wide significant variants in autism spectrum disorder.	Autism spectrum disorders (peer interaction)	2,509 individuals	NA	7q21.11	7	80997867	intergenic	SEMA3C - EIF4EP4	ENSG00000075223	ENSG00000232968		75488	465169	rs9969152-?	rs9969152	0	9969152	intergenic_variant	1	NR	8E-6	5.096910013008056		0.316	NR unit increase	Illumina [6900500] (imputed)	N	autism spectrum disorder symptom	http://www.ebi.ac.uk/efo/EFO_0005426	GCST010582	Genome-wide genotyping array
2020-09-17	32624584	Yousaf A	2020-07-05	Transl Psychiatry	www.ncbi.nlm.nih.gov/pubmed/32624584	Quantitative genome-wide association study of six phenotypic subdomains identifies novel genome-wide significant variants in autism spectrum disorder.	Autism spectrum disorders (repetitive sensory-motor behaviour)	2,509 individuals	NA	8p21.3	8	21178827	intergenic	LINC02153 - LINC03093	ENSG00000253199	ENSG00000254334		183708	119106	rs7824610-?	rs7824610	0	7824610	intron_variant	1	NR	2E-9	8.698970004336019		0.79	NR unit decrease	Illumina [6900500] (imputed)	N	autism spectrum disorder symptom	http://www.ebi.ac.uk/efo/EFO_0005426	GCST010580	Genome-wide genotyping array
2020-09-17	32624584	Yousaf A	2020-07-05	Transl Psychiatry	www.ncbi.nlm.nih.gov/pubmed/32624584	Quantitative genome-wide association study of six phenotypic subdomains identifies novel genome-wide significant variants in autism spectrum disorder.	Autism spectrum disorders (repetitive sensory-motor behaviour)	2,509 individuals	NA	8p21.3	8	21178719	intergenic	LINC02153 - LINC03093	ENSG00000253199	ENSG00000254334		183600	119214	rs7837513-?	rs7837513	0	7837513	intron_variant	1	NR	4E-9	8.397940008672037		0.776	NR unit decrease	Illumina [6900500] (imputed)	N	autism spectrum disorder symptom	http://www.ebi.ac.uk/efo/EFO_0005426	GCST010580	Genome-wide genotyping array
2020-09-17	32624584	Yousaf A	2020-07-05	Transl Psychiatry	www.ncbi.nlm.nih.gov/pubmed/32624584	Quantitative genome-wide association study of six phenotypic subdomains identifies novel genome-wide significant variants in autism spectrum disorder.	Autism spectrum disorders (repetitive sensory-motor behaviour)	2,509 individuals	NA	8p21.3	8	21177475	intergenic	LINC02153 - LINC03093	ENSG00000253199	ENSG00000254334		182356	120458	rs13274146-?	rs13274146	0	13274146	intron_variant	1	NR	2E-8	7.698970004336019		0.733	NR unit decrease	Illumina [6900500] (imputed)	N	autism spectrum disorder symptom	http://www.ebi.ac.uk/efo/EFO_0005426	GCST010580	Genome-wide genotyping array
2020-09-17	32624584	Yousaf A	2020-07-05	Transl Psychiatry	www.ncbi.nlm.nih.gov/pubmed/32624584	Quantitative genome-wide association study of six phenotypic subdomains identifies novel genome-wide significant variants in autism spectrum disorder.	Autism spectrum disorders (repetitive sensory-motor behaviour)	2,509 individuals	NA	11p15.4	11	2897569	SLC22A18AS	SLC67A1-AS			ENSG00000254827			rs388190-?	rs388190	0	388190	intron_variant	0	NR	3E-7	6.522878745280337		0.438	NR unit decrease	Illumina [6900500] (imputed)	N	autism spectrum disorder symptom	http://www.ebi.ac.uk/efo/EFO_0005426	GCST010580	Genome-wide genotyping array
2025-07-29	40465716	Liu TY	2025-06-04	Sci Adv	www.ncbi.nlm.nih.gov/pubmed/40465716	Diversity and longitudinal records: Genetic architecture of disease associations and polygenic risk in the Taiwanese Han population.	Pervasive developmental disorders (PheCode 313)	1,970 Han Taiwanese ancestry cases, 231,742 Han Taiwanese ancestry controls	NA	1q41	1	217601803		GPATCH2			ENSG00000092978			rs147175663-?	rs147175663	0	147175663	intron_variant	0	NR	4E-7	6.3979400086720375				Affymetrix [14181206] (imputed)	N	autism spectrum disorder	http://purl.obolibrary.org/obo/MONDO_0005258	GCST90652127	Genome-wide genotyping array
2025-03-18	39580447	Li Y	2024-11-23	Transl Psychiatry	www.ncbi.nlm.nih.gov/pubmed/39580447	Shared genetic architecture and causality between autism spectrum disorder and irritable bowel syndrome, multisite pain, and fatigue.	Autism spectrum disorder (MTAG)	at least 46,350 European ancestry individuals (MTAG boosted by functional somatic symptoms samples)	NA	20p11.23	20	21267478		ZNF877P - XRN2	ENSG00000226875	ENSG00000088930		1013	35826	rs910805-?	rs910805	0	910805	intergenic_variant	1	NR	2E-9	8.698970004336019				NR [6506975]	N	autism spectrum disorder	http://purl.obolibrary.org/obo/MONDO_0005258	GCST90565130	Genome-wide genotyping array
2025-03-18	39580447	Li Y	2024-11-23	Transl Psychiatry	www.ncbi.nlm.nih.gov/pubmed/39580447	Shared genetic architecture and causality between autism spectrum disorder and irritable bowel syndrome, multisite pain, and fatigue.	Autism spectrum disorder (MTAG)	at least 46,350 European ancestry individuals (MTAG boosted by functional somatic symptoms samples)	NA	8p23.1	8	10715107		RP1L1 - SOX7	ENSG00000183638	ENSG00000171056		2920	8661	rs60410697-?	rs60410697	0	60410697	intergenic_variant	1	NR	3E-8	7.522878745280337				NR [6506975]	N	autism spectrum disorder	http://purl.obolibrary.org/obo/MONDO_0005258	GCST90565130	Genome-wide genotyping array
2025-03-18	39580447	Li Y	2024-11-23	Transl Psychiatry	www.ncbi.nlm.nih.gov/pubmed/39580447	Shared genetic architecture and causality between autism spectrum disorder and irritable bowel syndrome, multisite pain, and fatigue.	Autism spectrum disorder (MTAG)	at least 46,350 European ancestry individuals (MTAG boosted by functional somatic symptoms samples)	NA	5q21.2	5	104655775		NIHCOLE - RNU6-334P	ENSG00000251026	ENSG00000252881		225530	124513	rs416223-?	rs416223	0	416223	intron_variant	1	NR	2E-8	7.698970004336019				NR [6506975]	N	autism spectrum disorder	http://purl.obolibrary.org/obo/MONDO_0005258	GCST90565130	Genome-wide genotyping array
2025-03-18	39580447	Li Y	2024-11-23	Transl Psychiatry	www.ncbi.nlm.nih.gov/pubmed/39580447	Shared genetic architecture and causality between autism spectrum disorder and irritable bowel syndrome, multisite pain, and fatigue.	Autism spectrum disorder (MTAG)	at least 46,350 European ancestry individuals (MTAG boosted by functional somatic symptoms samples)	NA	18q21.31	18	58214169		NEDD4L			ENSG00000049759			rs63615960-?	rs63615960	0	63615960	intron_variant	0	NR	2E-8	7.698970004336019				NR [6506975]	N	autism spectrum disorder	http://purl.obolibrary.org/obo/MONDO_0005258	GCST90565130	Genome-wide genotyping array
2025-03-18	39580447	Li Y	2024-11-23	Transl Psychiatry	www.ncbi.nlm.nih.gov/pubmed/39580447	Shared genetic architecture and causality between autism spectrum disorder and irritable bowel syndrome, multisite pain, and fatigue.	Autism spectrum disorder (MTAG)	at least 46,350 European ancestry individuals (MTAG boosted by functional somatic symptoms samples)	NA	8p23.1	8	8804024		MFHAS1			ENSG00000147324			rs12547493-?	rs12547493	0	12547493	intron_variant	0	NR	3E-8	7.522878745280337				NR [6506975]	N	autism spectrum disorder	http://purl.obolibrary.org/obo/MONDO_0005258	GCST90565130	Genome-wide genotyping array
2025-07-29	40465716	Liu TY	2025-06-04	Sci Adv	www.ncbi.nlm.nih.gov/pubmed/40465716	Diversity and longitudinal records: Genetic architecture of disease associations and polygenic risk in the Taiwanese Han population.	Autism (PheCode 313.3)	257 Han Taiwanese ancestry cases, 231,742 Han Taiwanese ancestry controls	NA	2p22.1	2	38528650		LINC02613			ENSG00000231367			rs117370501-?	rs117370501	0	117370501	intron_variant	0	NR	4E-8	7.3979400086720375				Affymetrix [14181206] (imputed)	N	autism	http://purl.obolibrary.org/obo/MONDO_0005260	GCST90651671	Genome-wide genotyping array
2021-07-27	33479212	Yao X	2021-01-21	Transl Psychiatry	www.ncbi.nlm.nih.gov/pubmed/33479212	Integrative analysis of genome-wide association studies identifies novel loci associated with neuropsychiatric disorders.	Autism spectrum disorder (MTAG)	at least 18,381 European ancestry cases, at least 27,969 European ancestry controls	NA	1p31.1	1	72113026	NR	NEGR1			ENSG00000172260			rs12402629-T	rs12402629	0	12402629	intron_variant	0	0.5258	4E-8	7.3979400086720375		0.06654919	[0.043-0.09] unit decrease	NR [NR]	N	autism spectrum disorder	http://purl.obolibrary.org/obo/MONDO_0005258	GCST012092	Genome-wide genotyping array
2021-07-27	33479212	Yao X	2021-01-21	Transl Psychiatry	www.ncbi.nlm.nih.gov/pubmed/33479212	Integrative analysis of genome-wide association studies identifies novel loci associated with neuropsychiatric disorders.	Autism spectrum disorder (MTAG)	at least 18,381 European ancestry cases, at least 27,969 European ancestry controls	NA	3p21.1	3	52803777	NR	ITIH3			ENSG00000162267			rs4481150-T	rs4481150	0	4481150	intron_variant	0	0.499	9E-9	8.045757490560675		0.06941006	[0.046-0.093] unit increase	NR [NR]	N	autism spectrum disorder	http://purl.obolibrary.org/obo/MONDO_0005258	GCST012092	Genome-wide genotyping array
2021-07-27	33479212	Yao X	2021-01-21	Transl Psychiatry	www.ncbi.nlm.nih.gov/pubmed/33479212	Integrative analysis of genome-wide association studies identifies novel loci associated with neuropsychiatric disorders.	Autism spectrum disorder (MTAG)	at least 18,381 European ancestry cases, at least 27,969 European ancestry controls	NA	5q21.2	5	104659667	NR	NIHCOLE - RNU6-334P	ENSG00000251026	ENSG00000252881		229422	120621	rs325485-A	rs325485	0	325485	intron_variant	1	0.3738	4E-13	12.397940008672037		0.09012499	[0.066-0.115] unit increase	NR [NR]	N	autism spectrum disorder	http://purl.obolibrary.org/obo/MONDO_0005258	GCST012092	Genome-wide genotyping array
2021-07-27	33479212	Yao X	2021-01-21	Transl Psychiatry	www.ncbi.nlm.nih.gov/pubmed/33479212	Integrative analysis of genome-wide association studies identifies novel loci associated with neuropsychiatric disorders.	Autism spectrum disorder (MTAG)	at least 18,381 European ancestry cases, at least 27,969 European ancestry controls	NA	6p22.1	6	27742386	NR	GPR89P - RSL24D1P1	ENSG00000216915	ENSG00000218069		3892	38233	rs17693963-A	rs17693963	0	17693963	intron_variant	1	0.9135	5E-9	8.301029995663981		0.11696423	[0.078-0.156] unit increase	NR [NR]	N	autism spectrum disorder	http://purl.obolibrary.org/obo/MONDO_0005258	GCST012092	Genome-wide genotyping array
2021-07-27	33479212	Yao X	2021-01-21	Transl Psychiatry	www.ncbi.nlm.nih.gov/pubmed/33479212	Integrative analysis of genome-wide association studies identifies novel loci associated with neuropsychiatric disorders.	Autism spectrum disorder (MTAG)	at least 18,381 European ancestry cases, at least 27,969 European ancestry controls	NA	10q25.1	10	104851081	NR	SORCS3			ENSG00000156395			rs1021363-A	rs1021363	0	1021363	intron_variant	0	0.337999999999999	1E-8	8.0		0.07219548	[0.048-0.097] unit increase	NR [NR]	N	autism spectrum disorder	http://purl.obolibrary.org/obo/MONDO_0005258	GCST012092	Genome-wide genotyping array
2021-07-27	33479212	Yao X	2021-01-21	Transl Psychiatry	www.ncbi.nlm.nih.gov/pubmed/33479212	Integrative analysis of genome-wide association studies identifies novel loci associated with neuropsychiatric disorders.	Autism spectrum disorder (MTAG)	at least 18,381 European ancestry cases, at least 27,969 European ancestry controls	NA	13q21.32	13	66396080	NR	PCDH9			ENSG00000184226			rs77691144-T	rs77691144	0	77691144	intron_variant	0	0.9682	2E-8	7.698970004336019		0.20954372	[0.14-0.28] unit decrease	NR [NR]	N	autism spectrum disorder	http://purl.obolibrary.org/obo/MONDO_0005258	GCST012092	Genome-wide genotyping array
2021-07-27	33479212	Yao X	2021-01-21	Transl Psychiatry	www.ncbi.nlm.nih.gov/pubmed/33479212	Integrative analysis of genome-wide association studies identifies novel loci associated with neuropsychiatric disorders.	Autism spectrum disorder (MTAG)	at least 18,381 European ancestry cases, at least 27,969 European ancestry controls	NA	14q32.33	14	103551768	NR	RNU7-160P - BAG5	ENSG00000252469	ENSG00000166170		1362	4777	rs10141157-T	rs10141157	0	10141157	regulatory_region_variant	1	0.4811	1E-9	9.0		0.074350074	[0.05-0.098] unit decrease	NR [NR]	N	autism spectrum disorder	http://purl.obolibrary.org/obo/MONDO_0005258	GCST012092	Genome-wide genotyping array
2021-07-27	33479212	Yao X	2021-01-21	Transl Psychiatry	www.ncbi.nlm.nih.gov/pubmed/33479212	Integrative analysis of genome-wide association studies identifies novel loci associated with neuropsychiatric disorders.	Autism spectrum disorder (MTAG)	at least 18,381 European ancestry cases, at least 27,969 European ancestry controls	NA	16p13.12	16	13656362	NR	TMF1P1 - ERCC4	ENSG00000262235	ENSG00000175595		197664	263776	rs7403809-T	rs7403809	0	7403809	intron_variant	1	0.2604	6E-9	8.221848749616356		0.08302893	[0.055-0.111] unit increase	NR [NR]	N	autism spectrum disorder	http://purl.obolibrary.org/obo/MONDO_0005258	GCST012092	Genome-wide genotyping array
2021-07-27	33479212	Yao X	2021-01-21	Transl Psychiatry	www.ncbi.nlm.nih.gov/pubmed/33479212	Integrative analysis of genome-wide association studies identifies novel loci associated with neuropsychiatric disorders.	Autism spectrum disorder (MTAG)	at least 18,381 European ancestry cases, at least 27,969 European ancestry controls	NA	20p11.23	20	21252560	NR	KIZ - ZNF877P	ENSG00000088970	ENSG00000226875		5938	13294	rs1000177-T	rs1000177	0	1000177	intergenic_variant	1	0.2227	2E-9	8.698970004336019		0.08559434	[0.058-0.114] unit increase	NR [NR]	N	autism spectrum disorder	http://purl.obolibrary.org/obo/MONDO_0005258	GCST012092	Genome-wide genotyping array
2022-03-30	35215271	Almandil NB	2022-01-27	Pharmaceuticals (Basel)	www.ncbi.nlm.nih.gov/pubmed/35215271	Integration of Transcriptome and Exome Genotyping Identifies Significant Variants with Autism Spectrum Disorder.	Autism spectrum disorder	70 Arab ancestry cases, 132 Arab ancestry controls	NA	6p22.1	6	29397646	NA	OR12D2, OR5V1			ENSG00000280236, ENSG00000243729			rs2073149-A	rs2073149	0	2073149	3_prime_UTR_variant	0	0.5795	9E-9	8.045757490560675		0.2367	[0.143–0.3918]	Illumina [243345]	N	autism spectrum disorder	http://purl.obolibrary.org/obo/MONDO_0005258	GCST012816	Exome-wide sequencing
2022-03-30	35215271	Almandil NB	2022-01-27	Pharmaceuticals (Basel)	www.ncbi.nlm.nih.gov/pubmed/35215271	Integration of Transcriptome and Exome Genotyping Identifies Significant Variants with Autism Spectrum Disorder.	Autism spectrum disorder	70 Arab ancestry cases, 132 Arab ancestry controls	NA	6q25.1	6	149890867	NA	RAET1E-AS1, RAET1E-AS1, RAET1E			ENSG00000268592, ENSG00000223701, ENSG00000164520			rs9383583-T	rs9383583	0	9383583	missense_variant	0	0.2898	2E-7	6.698970004336019		0.1395	[0.06093–0.3193]	Illumina [243345]	N	autism spectrum disorder	http://purl.obolibrary.org/obo/MONDO_0005258	GCST012816	Exome-wide sequencing
2022-03-30	35215271	Almandil NB	2022-01-27	Pharmaceuticals (Basel)	www.ncbi.nlm.nih.gov/pubmed/35215271	Integration of Transcriptome and Exome Genotyping Identifies Significant Variants with Autism Spectrum Disorder.	Autism spectrum disorder	70 Arab ancestry cases, 132 Arab ancestry controls	NA	8q21.13	8	78504987	NA	PKIA-AS1			ENSG00000254266			rs28703878-G	rs28703878	0	28703878	intron_variant	0	0.233	6E-7	6.221848749616356		3.396	[2.08–5.544]	Illumina [243345]	N	autism spectrum disorder	http://purl.obolibrary.org/obo/MONDO_0005258	GCST012816	Exome-wide sequencing
2022-03-30	35215271	Almandil NB	2022-01-27	Pharmaceuticals (Basel)	www.ncbi.nlm.nih.gov/pubmed/35215271	Integration of Transcriptome and Exome Genotyping Identifies Significant Variants with Autism Spectrum Disorder.	Autism spectrum disorder	70 Arab ancestry cases, 132 Arab ancestry controls	NA	12q23.3	12	108501132	NA	LINC01498			ENSG00000247213			rs7963027-C	rs7963027	0	7963027	intergenic_variant	0	0.6118	7E-7	6.154901959985743		0.3029	[0.1874–0.4894]	Illumina [243345]	N	autism spectrum disorder	http://purl.obolibrary.org/obo/MONDO_0005258	GCST012816	Exome-wide sequencing
2022-03-30	35215271	Almandil NB	2022-01-27	Pharmaceuticals (Basel)	www.ncbi.nlm.nih.gov/pubmed/35215271	Integration of Transcriptome and Exome Genotyping Identifies Significant Variants with Autism Spectrum Disorder.	Autism spectrum disorder	70 Arab ancestry cases, 132 Arab ancestry controls	NA	17q25.2	17	76882177	NA	MGAT5B			ENSG00000167889			rs571264-A	rs571264	0	571264	missense_variant	0	0.3693	1E-6	6.0		0.2397	[0.1307–0.4394]	Illumina [243345]	N	autism spectrum disorder	http://purl.obolibrary.org/obo/MONDO_0005258	GCST012816	Exome-wide sequencing
2022-03-30	35215271	Almandil NB	2022-01-27	Pharmaceuticals (Basel)	www.ncbi.nlm.nih.gov/pubmed/35215271	Integration of Transcriptome and Exome Genotyping Identifies Significant Variants with Autism Spectrum Disorder.	Autism spectrum disorder	70 Arab ancestry cases, 132 Arab ancestry controls	NA	17p13.1	17	8269188	NA	PFAS			ENSG00000178921			rs62637606-G	rs62637606	0	62637606	missense_variant	0	0.0511	2E-6	5.698970004336019		5.81	[2.656–12.71]	Illumina [243345]	N	autism spectrum disorder	http://purl.obolibrary.org/obo/MONDO_0005258	GCST012816	Exome-wide sequencing
2022-03-30	35215271	Almandil NB	2022-01-27	Pharmaceuticals (Basel)	www.ncbi.nlm.nih.gov/pubmed/35215271	Integration of Transcriptome and Exome Genotyping Identifies Significant Variants with Autism Spectrum Disorder.	Autism spectrum disorder	70 Arab ancestry cases, 132 Arab ancestry controls	NA	6p21.33	6	31359287	NA	HLA-B			ENSG00000234745			rs2523590-G	rs2523590	0	2523590	intron_variant	0	0.4059	2E-6	5.698970004336019		0.2661	[0.1511–0.4689]	Illumina [243345]	N	autism spectrum disorder	http://purl.obolibrary.org/obo/MONDO_0005258	GCST012816	Exome-wide sequencing
2022-03-30	35215271	Almandil NB	2022-01-27	Pharmaceuticals (Basel)	www.ncbi.nlm.nih.gov/pubmed/35215271	Integration of Transcriptome and Exome Genotyping Identifies Significant Variants with Autism Spectrum Disorder.	Autism spectrum disorder	70 Arab ancestry cases, 132 Arab ancestry controls	NA	2p25.1	2	7007842	NA	RNF144A			ENSG00000151692			rs6741819-T	rs6741819	0	6741819	intron_variant	0	0.4602	2E-6	5.698970004336019		0.2932	[0.174–0.4942]	Illumina [243345]	N	autism spectrum disorder	http://purl.obolibrary.org/obo/MONDO_0005258	GCST012816	Exome-wide sequencing
2022-03-30	35215271	Almandil NB	2022-01-27	Pharmaceuticals (Basel)	www.ncbi.nlm.nih.gov/pubmed/35215271	Integration of Transcriptome and Exome Genotyping Identifies Significant Variants with Autism Spectrum Disorder.	Autism spectrum disorder	70 Arab ancestry cases, 132 Arab ancestry controls	NA	2p22.2	2	37376658	NA	QPCT - CDC42EP3-AS1	ENSG00000115828	ENSG00000236213		3336	48976	rs888096-G	rs888096	0	888096	intron_variant	1	0.3466	3E-6	5.522878745280337		3.016	[1.885–4.828]	Illumina [243345]	N	autism spectrum disorder	http://purl.obolibrary.org/obo/MONDO_0005258	GCST012816	Exome-wide sequencing
2022-03-30	35215271	Almandil NB	2022-01-27	Pharmaceuticals (Basel)	www.ncbi.nlm.nih.gov/pubmed/35215271	Integration of Transcriptome and Exome Genotyping Identifies Significant Variants with Autism Spectrum Disorder.	Autism spectrum disorder	70 Arab ancestry cases, 132 Arab ancestry controls	NA	6p21.33	6	30932317	NA	SFTA2			ENSG00000196260			rs2253705-A	rs2253705	0	2253705	intergenic_variant	0	0.125	4E-6	5.3979400086720375		3.706	[2.086–6.583]	Illumina [243345]	N	autism spectrum disorder	http://purl.obolibrary.org/obo/MONDO_0005258	GCST012816	Exome-wide sequencing
2022-03-30	35215271	Almandil NB	2022-01-27	Pharmaceuticals (Basel)	www.ncbi.nlm.nih.gov/pubmed/35215271	Integration of Transcriptome and Exome Genotyping Identifies Significant Variants with Autism Spectrum Disorder.	Autism spectrum disorder	70 Arab ancestry cases, 132 Arab ancestry controls	NA	6p22.3	6	23774259	NA	RNU6-1060P - SPTLC1P2	ENSG00000207394	ENSG00000218512		649172	82439	rs6911487-A	rs6911487	0	6911487	intergenic_variant	1	0.358	4E-6	5.3979400086720375		2.965	[1.853–4.743]	Illumina [243345]	N	autism spectrum disorder	http://purl.obolibrary.org/obo/MONDO_0005258	GCST012816	Exome-wide sequencing
2022-03-30	35215271	Almandil NB	2022-01-27	Pharmaceuticals (Basel)	www.ncbi.nlm.nih.gov/pubmed/35215271	Integration of Transcriptome and Exome Genotyping Identifies Significant Variants with Autism Spectrum Disorder.	Autism spectrum disorder	70 Arab ancestry cases, 132 Arab ancestry controls	NA	14q24.2	14	70124944	NA	SLC8A3			ENSG00000100678			rs4902780-C	rs4902780	0	4902780	intron_variant	0	0.5795	5E-6	5.301029995663981		0.3342	[0.2077–0.5379]	Illumina [243345]	N	autism spectrum disorder	http://purl.obolibrary.org/obo/MONDO_0005258	GCST012816	Exome-wide sequencing
2022-03-30	35215271	Almandil NB	2022-01-27	Pharmaceuticals (Basel)	www.ncbi.nlm.nih.gov/pubmed/35215271	Integration of Transcriptome and Exome Genotyping Identifies Significant Variants with Autism Spectrum Disorder.	Autism spectrum disorder	70 Arab ancestry cases, 132 Arab ancestry controls	NA	1q21.3	1	150986360	NA	ANXA9			ENSG00000143412			rs267733-G	rs267733	0	267733	missense_variant	0	0.0804	5E-6	5.301029995663981		4.377	[2.245–8.535]	Illumina [243345]	N	autism spectrum disorder	http://purl.obolibrary.org/obo/MONDO_0005258	GCST012816	Exome-wide sequencing
2022-03-30	35215271	Almandil NB	2022-01-27	Pharmaceuticals (Basel)	www.ncbi.nlm.nih.gov/pubmed/35215271	Integration of Transcriptome and Exome Genotyping Identifies Significant Variants with Autism Spectrum Disorder.	Autism spectrum disorder	70 Arab ancestry cases, 132 Arab ancestry controls	NA	5p15.31	5	7227934	NA	LINC02196 - Metazoa_SRP	ENSG00000250974	ENSG00000275978		8643	11847	rs7729273-T	rs7729273	0	7729273	intron_variant	1	0.0454	5E-6	5.301029995663981		5.765	[2.53–13.13]	Illumina [243345]	N	autism spectrum disorder	http://purl.obolibrary.org/obo/MONDO_0005258	GCST012816	Exome-wide sequencing
2022-03-30	35215271	Almandil NB	2022-01-27	Pharmaceuticals (Basel)	www.ncbi.nlm.nih.gov/pubmed/35215271	Integration of Transcriptome and Exome Genotyping Identifies Significant Variants with Autism Spectrum Disorder.	Autism spectrum disorder	70 Arab ancestry cases, 132 Arab ancestry controls	NA	11p15.4	11	10770436	NA	CTR9			ENSG00000198730			rs2132517-A	rs2132517	0	2132517	intron_variant	0	0.25	5E-6	5.301029995663981		0.1707	[0.07411–0.3933]	Illumina [243345]	N	autism spectrum disorder	http://purl.obolibrary.org/obo/MONDO_0005258	GCST012816	Exome-wide sequencing
2022-03-30	35215271	Almandil NB	2022-01-27	Pharmaceuticals (Basel)	www.ncbi.nlm.nih.gov/pubmed/35215271	Integration of Transcriptome and Exome Genotyping Identifies Significant Variants with Autism Spectrum Disorder.	Autism spectrum disorder	70 Arab ancestry cases, 132 Arab ancestry controls	NA	6p21.32	6	32957915	NA	HLA-DMA			ENSG00000204257			rs580962-G	rs580962	0	580962	intergenic_variant	0	0.5852	6E-6	5.221848749616356		0.3383	[0.2105–0.5436]	Illumina [243345]	N	autism spectrum disorder	http://purl.obolibrary.org/obo/MONDO_0005258	GCST012816	Exome-wide sequencing
2022-03-30	35215271	Almandil NB	2022-01-27	Pharmaceuticals (Basel)	www.ncbi.nlm.nih.gov/pubmed/35215271	Integration of Transcriptome and Exome Genotyping Identifies Significant Variants with Autism Spectrum Disorder.	Autism spectrum disorder	70 Arab ancestry cases, 132 Arab ancestry controls	NA	6p21.33	6	31415105	NA	MICA			ENSG00000204520			rs9266825-A	rs9266825	0	9266825	missense_variant	0	0.4659	6E-6	5.221848749616356		0.3147	[0.1885–0.5253]	Illumina [243345]	N	autism spectrum disorder	http://purl.obolibrary.org/obo/MONDO_0005258	GCST012816	Exome-wide sequencing
2022-03-30	35215271	Almandil NB	2022-01-27	Pharmaceuticals (Basel)	www.ncbi.nlm.nih.gov/pubmed/35215271	Integration of Transcriptome and Exome Genotyping Identifies Significant Variants with Autism Spectrum Disorder.	Autism spectrum disorder	70 Arab ancestry cases, 132 Arab ancestry controls	NA	3p24.1	3	27572825	NA	Y_RNA - RPS27P11	ENSG00000200544	ENSG00000223968		24967	51377	rs9854207-C	rs9854207	0	9854207	intergenic_variant	1	0.25	6E-6	5.221848749616356		3.0	[1.848–4.869]	Illumina [243345]	N	autism spectrum disorder	http://purl.obolibrary.org/obo/MONDO_0005258	GCST012816	Exome-wide sequencing
2022-03-30	35215271	Almandil NB	2022-01-27	Pharmaceuticals (Basel)	www.ncbi.nlm.nih.gov/pubmed/35215271	Integration of Transcriptome and Exome Genotyping Identifies Significant Variants with Autism Spectrum Disorder.	Autism spectrum disorder	70 Arab ancestry cases, 132 Arab ancestry controls	NA	6q25.1	6	151006712	NA	MTHFD1L			ENSG00000120254			rs505358-A	rs505358	0	505358	intron_variant	0	0.5909	7E-6	5.154901959985743		0.3422	[0.2132–0.5492]	Illumina [243345]	N	autism spectrum disorder	http://purl.obolibrary.org/obo/MONDO_0005258	GCST012816	Exome-wide sequencing
2022-03-30	35215271	Almandil NB	2022-01-27	Pharmaceuticals (Basel)	www.ncbi.nlm.nih.gov/pubmed/35215271	Integration of Transcriptome and Exome Genotyping Identifies Significant Variants with Autism Spectrum Disorder.	Autism spectrum disorder	70 Arab ancestry cases, 132 Arab ancestry controls	NA	9p24.3	9	334337	NA	DOCK8			ENSG00000107099			rs10970979-G	rs10970979	0	10970979	missense_variant	0	0.2045	7E-6	5.154901959985743		3.122	[1.883–5.176]	Illumina [243345]	N	autism spectrum disorder	http://purl.obolibrary.org/obo/MONDO_0005258	GCST012816	Exome-wide sequencing
2022-03-30	35215271	Almandil NB	2022-01-27	Pharmaceuticals (Basel)	www.ncbi.nlm.nih.gov/pubmed/35215271	Integration of Transcriptome and Exome Genotyping Identifies Significant Variants with Autism Spectrum Disorder.	Autism spectrum disorder	70 Arab ancestry cases, 132 Arab ancestry controls	NA	7p13	7	44834514	NA	H2AZ2			ENSG00000105968			rs1802437-T	rs1802437	0	1802437	missense_variant	0	0.5698	7E-6	5.154901959985743		0.3336	[0.2051–0.5428]	Illumina [243345]	N	autism spectrum disorder	http://purl.obolibrary.org/obo/MONDO_0005258	GCST012816	Exome-wide sequencing
2022-03-30	35215271	Almandil NB	2022-01-27	Pharmaceuticals (Basel)	www.ncbi.nlm.nih.gov/pubmed/35215271	Integration of Transcriptome and Exome Genotyping Identifies Significant Variants with Autism Spectrum Disorder.	Autism spectrum disorder	70 Arab ancestry cases, 132 Arab ancestry controls	NA	14q32.11	14	91272737	NA	CCDC88C			ENSG00000015133			rs941920-A	rs941920	0	941920	missense_variant	0	0.233	7E-6	5.154901959985743		0.1593	[0.06538–0.3883]	Illumina [243345]	N	autism spectrum disorder	http://purl.obolibrary.org/obo/MONDO_0005258	GCST012816	Exome-wide sequencing
2022-03-30	35215271	Almandil NB	2022-01-27	Pharmaceuticals (Basel)	www.ncbi.nlm.nih.gov/pubmed/35215271	Integration of Transcriptome and Exome Genotyping Identifies Significant Variants with Autism Spectrum Disorder.	Autism spectrum disorder	70 Arab ancestry cases, 132 Arab ancestry controls	NA	15q23	15	68332058	NA	ITGA11			ENSG00000137809			rs7168069-A	rs7168069	0	7168069	missense_variant	0	0.233	7E-6	5.154901959985743		0.1593	[0.06538–0.3883]	Illumina [243345]	N	autism spectrum disorder	http://purl.obolibrary.org/obo/MONDO_0005258	GCST012816	Exome-wide sequencing
2022-03-30	35215271	Almandil NB	2022-01-27	Pharmaceuticals (Basel)	www.ncbi.nlm.nih.gov/pubmed/35215271	Integration of Transcriptome and Exome Genotyping Identifies Significant Variants with Autism Spectrum Disorder.	Autism spectrum disorder	70 Arab ancestry cases, 132 Arab ancestry controls	NA	6p22.1	6	28149553	NA	ZKSCAN8			ENSG00000198315			rs62620225-T	rs62620225	0	62620225	missense_variant	0	0.1591	8E-6	5.096910013008056		0.04097	[0.005498–0.3054]	Illumina [243345]	N	autism spectrum disorder	http://purl.obolibrary.org/obo/MONDO_0005258	GCST012816	Exome-wide sequencing
2022-03-30	35215271	Almandil NB	2022-01-27	Pharmaceuticals (Basel)	www.ncbi.nlm.nih.gov/pubmed/35215271	Integration of Transcriptome and Exome Genotyping Identifies Significant Variants with Autism Spectrum Disorder.	Autism spectrum disorder	70 Arab ancestry cases, 132 Arab ancestry controls	NA	19p13.11	19	17192965	NA	MYO9B			ENSG00000099331			rs1545620-T	rs1545620	0	1545620	missense_variant	0	0.358	8E-6	5.096910013008056		2.87	[1.796–4.586]	Illumina [243345]	N	autism spectrum disorder	http://purl.obolibrary.org/obo/MONDO_0005258	GCST012816	Exome-wide sequencing
2022-03-30	35215271	Almandil NB	2022-01-27	Pharmaceuticals (Basel)	www.ncbi.nlm.nih.gov/pubmed/35215271	Integration of Transcriptome and Exome Genotyping Identifies Significant Variants with Autism Spectrum Disorder.	Autism spectrum disorder	70 Arab ancestry cases, 132 Arab ancestry controls	NA	19q13.41	19	52775700	NA	ZNF600			ENSG00000189190			rs7507442-A	rs7507442	0	7507442	intron_variant	0	0.6193	8E-6	5.096910013008056		0.3481	[0.2176–0.5567]	Illumina [243345]	N	autism spectrum disorder	http://purl.obolibrary.org/obo/MONDO_0005258	GCST012816	Exome-wide sequencing
2022-03-30	35215271	Almandil NB	2022-01-27	Pharmaceuticals (Basel)	www.ncbi.nlm.nih.gov/pubmed/35215271	Integration of Transcriptome and Exome Genotyping Identifies Significant Variants with Autism Spectrum Disorder.	Autism spectrum disorder	70 Arab ancestry cases, 132 Arab ancestry controls	NA	3p26.3	3	1856289	NA	RPL23AP39 - RPL21P17	ENSG00000214074	ENSG00000214073		125815	49362	rs2727943-T	rs2727943	0	2727943	intergenic_variant	1	0.2184	8E-6	5.096910013008056		0.1432	[0.05462–0.3752]	Illumina [243345]	N	autism spectrum disorder	http://purl.obolibrary.org/obo/MONDO_0005258	GCST012816	Exome-wide sequencing
2022-03-30	35215271	Almandil NB	2022-01-27	Pharmaceuticals (Basel)	www.ncbi.nlm.nih.gov/pubmed/35215271	Integration of Transcriptome and Exome Genotyping Identifies Significant Variants with Autism Spectrum Disorder.	Autism spectrum disorder	70 Arab ancestry cases, 132 Arab ancestry controls	NA	1q32.2	1	207361901	NA	CD55			ENSG00000196352			rs1507765-A	rs1507765	0	1507765	intergenic_variant	0	0.5795	9E-6	5.045757490560675		0.3463	[0.2155–0.5562]	Illumina [243345]	N	autism spectrum disorder	http://purl.obolibrary.org/obo/MONDO_0005258	GCST012816	Exome-wide sequencing
2022-03-30	35215271	Almandil NB	2022-01-27	Pharmaceuticals (Basel)	www.ncbi.nlm.nih.gov/pubmed/35215271	Integration of Transcriptome and Exome Genotyping Identifies Significant Variants with Autism Spectrum Disorder.	Autism spectrum disorder	70 Arab ancestry cases, 132 Arab ancestry controls	NA	8q21.13	8	77618479	NA	HIGD1AP18 - PKIA-AS1	ENSG00000253952	ENSG00000254266		604451	549154	rs906998-T	rs906998	0	906998	intergenic_variant	1	0.5795	9E-6	5.045757490560675		0.3463	[0.2155–0.5562]	Illumina [243345]	N	autism spectrum disorder	http://purl.obolibrary.org/obo/MONDO_0005258	GCST012816	Exome-wide sequencing
2022-03-30	35215271	Almandil NB	2022-01-27	Pharmaceuticals (Basel)	www.ncbi.nlm.nih.gov/pubmed/35215271	Integration of Transcriptome and Exome Genotyping Identifies Significant Variants with Autism Spectrum Disorder.	Autism spectrum disorder	70 Arab ancestry cases, 132 Arab ancestry controls	NA	2q14.2	2	120229296	NA	TMEM185B - RALB	ENSG00000226479	ENSG00000144118		5896	10754	rs6542573-T	rs6542573	0	6542573	non_coding_transcript_exon_variant	1	0.3864	9E-6	5.045757490560675		0.2888	[0.1641–0.508]	Illumina [243345]	N	autism spectrum disorder	http://purl.obolibrary.org/obo/MONDO_0005258	GCST012816	Exome-wide sequencing
2022-03-30	35215271	Almandil NB	2022-01-27	Pharmaceuticals (Basel)	www.ncbi.nlm.nih.gov/pubmed/35215271	Integration of Transcriptome and Exome Genotyping Identifies Significant Variants with Autism Spectrum Disorder.	Autism spectrum disorder	70 Arab ancestry cases, 132 Arab ancestry controls	NA	19p13.11	19	16697372	NA	TMEM38A - NWD1	ENSG00000072954	ENSG00000188039		7349	22475	rs2633350-C	rs2633350	0	2633350	intergenic_variant	1	0.4148	9E-6	5.045757490560675		0.3033	[0.1765–0.521]	Illumina [243345]	N	autism spectrum disorder	http://purl.obolibrary.org/obo/MONDO_0005258	GCST012816	Exome-wide sequencing
2024-11-20	38250258	Chen D	2024-01-04	Front Psychiatry	www.ncbi.nlm.nih.gov/pubmed/38250258	Unraveling shared susceptibility loci and Mendelian genetic associations linking educational attainment with multiple neuropsychiatric disorders.	Education attainment or autism spectrum disorders	293,723 European ancestry individuals with educational attainment, 18,382 European ancestry ASD cases, 27,969 European ancestry controls	NA	6q16.1	6	98136857		MIR2113 - EIF4EBP2P3	ENSG00000238367	ENSG00000220505		112236	42642	rs9320913-A	rs9320913	0	9320913	intron_variant	1	NR	1E-36	36.0				NR [NR]	N	educational attainment, autism spectrum disorder	http://www.ebi.ac.uk/efo/EFO_0011015, http://purl.obolibrary.org/obo/MONDO_0005258	GCST90455644	Genome-wide genotyping array
2024-11-20	38250258	Chen D	2024-01-04	Front Psychiatry	www.ncbi.nlm.nih.gov/pubmed/38250258	Unraveling shared susceptibility loci and Mendelian genetic associations linking educational attainment with multiple neuropsychiatric disorders.	Education attainment or autism spectrum disorders	293,723 European ancestry individuals with educational attainment, 18,382 European ancestry ASD cases, 27,969 European ancestry controls	NA	8q24.3	8	141609134		C8orf90 - MIR1302-7	ENSG00000226490	ENSG00000221768		90397	177108	rs1106761-A	rs1106761	0	1106761	intron_variant	1	NR	2E-9	8.698970004336019				NR [NR]	N	educational attainment, autism spectrum disorder	http://www.ebi.ac.uk/efo/EFO_0011015, http://purl.obolibrary.org/obo/MONDO_0005258	GCST90455644	Genome-wide genotyping array
2024-11-20	38250258	Chen D	2024-01-04	Front Psychiatry	www.ncbi.nlm.nih.gov/pubmed/38250258	Unraveling shared susceptibility loci and Mendelian genetic associations linking educational attainment with multiple neuropsychiatric disorders.	Education attainment or autism spectrum disorders	293,723 European ancestry individuals with educational attainment, 18,382 European ancestry ASD cases, 27,969 European ancestry controls	NA	17q21.31	17	45823394		LINC02210-CRHR1, MAPT-AS1, CRHR1			ENSG00000263715, ENSG00000264589, ENSG00000120088			rs62057121-A	rs62057121	0	62057121	intron_variant	0	NR	1E-11	11.0				NR [NR]	N	educational attainment, autism spectrum disorder	http://www.ebi.ac.uk/efo/EFO_0011015, http://purl.obolibrary.org/obo/MONDO_0005258	GCST90455644	Genome-wide genotyping array
2021-10-08	34069769	Al-Sarraj Y	2021-05-18	Genes (Basel)	www.ncbi.nlm.nih.gov/pubmed/34069769	Family-Based Genome-Wide Association Study of Autism Spectrum Disorder in Middle Eastern Families.	Autism spectrum disorder	487 Middle Eastern ancestry individuals from 171 families	NA	2q31.1	2	171074308	TLK1, GORASP2	TLK1			ENSG00000198586			rs16823191-G	rs16823191	0	16823191	intron_variant	0	0.06	4E-6	5.3979400086720375		1.22	[1.09-1.36]	Illumina [516320]	N	autism spectrum disorder	http://purl.obolibrary.org/obo/MONDO_0005258	GCST012466	Genome-wide genotyping array
2021-10-08	34069769	Al-Sarraj Y	2021-05-18	Genes (Basel)	www.ncbi.nlm.nih.gov/pubmed/34069769	Family-Based Genome-Wide Association Study of Autism Spectrum Disorder in Middle Eastern Families.	Autism spectrum disorder	487 Middle Eastern ancestry individuals from 171 families	NA	4q32.1	4	156328651	NR	FTH1P21 - LINC02272	ENSG00000249013	ENSG00000251283		321663	285474	rs13103662-A	rs13103662	0	13103662	intron_variant	1	0.18	5E-6	5.301029995663981		0.89	[0.83-0.95]	Illumina [516320]	N	autism spectrum disorder	http://purl.obolibrary.org/obo/MONDO_0005258	GCST012466	Genome-wide genotyping array
2021-10-08	34069769	Al-Sarraj Y	2021-05-18	Genes (Basel)	www.ncbi.nlm.nih.gov/pubmed/34069769	Family-Based Genome-Wide Association Study of Autism Spectrum Disorder in Middle Eastern Families.	Autism spectrum disorder	487 Middle Eastern ancestry individuals from 171 families	NA	9q22.33	9	98831543	GABBR2, ANKS6, GALNT12	GALNT12			ENSG00000119514			rs2295926-G	rs2295926	0	2295926	intron_variant	0	0.295	3E-6	5.522878745280337		0.9	[0.84-0.95]	Illumina [516320]	N	autism spectrum disorder	http://purl.obolibrary.org/obo/MONDO_0005258	GCST012466	Genome-wide genotyping array
2021-10-08	34069769	Al-Sarraj Y	2021-05-18	Genes (Basel)	www.ncbi.nlm.nih.gov/pubmed/34069769	Family-Based Genome-Wide Association Study of Autism Spectrum Disorder in Middle Eastern Families.	Autism spectrum disorder	487 Middle Eastern ancestry individuals from 171 families	NA	15q23	15	71562643	THSD4	THSD4			ENSG00000187720			rs11072298-A	rs11072298	0	11072298	intron_variant	0	0.182	7E-6	5.154901959985743		0.89	[0.83-0.95]	Illumina [516320]	N	autism spectrum disorder	http://purl.obolibrary.org/obo/MONDO_0005258	GCST012466	Genome-wide genotyping array
2021-10-08	34069769	Al-Sarraj Y	2021-05-18	Genes (Basel)	www.ncbi.nlm.nih.gov/pubmed/34069769	Family-Based Genome-Wide Association Study of Autism Spectrum Disorder in Middle Eastern Families.	Autism spectrum disorder	487 Middle Eastern ancestry individuals from 171 families	NA	Xq13.1	X	72303800	PIN4, ERCC6L, RPS4X, CITED1, HDAC8	CITED1			ENSG00000125931			rs2368671-T	rs2368671	0	2368671	intron_variant	0	0.081	6E-6	5.221848749616356		1.15	[1.06-1.24]	Illumina [516320]	N	autism spectrum disorder	http://purl.obolibrary.org/obo/MONDO_0005258	GCST012466	Genome-wide genotyping array
2021-10-08	34069769	Al-Sarraj Y	2021-05-18	Genes (Basel)	www.ncbi.nlm.nih.gov/pubmed/34069769	Family-Based Genome-Wide Association Study of Autism Spectrum Disorder in Middle Eastern Families.	Autism spectrum disorder	487 Middle Eastern ancestry individuals from 171 families	NA	Xq25	X	126250450	DCAF12L2	DCAF12L2 - MTCO1P53	ENSG00000198354	ENSG00000230916		84161	221255	rs2186039-C	rs2186039	0	2186039	intron_variant	1	0.412	3E-6	5.522878745280337		1.08	[1.04-1.13]	Illumina [516320]	N	autism spectrum disorder	http://purl.obolibrary.org/obo/MONDO_0005258	GCST012466	Genome-wide genotyping array
2021-10-08	34069769	Al-Sarraj Y	2021-05-18	Genes (Basel)	www.ncbi.nlm.nih.gov/pubmed/34069769	Family-Based Genome-Wide Association Study of Autism Spectrum Disorder in Middle Eastern Families.	Autism spectrum disorder	487 Middle Eastern ancestry individuals from 171 families	NA	Xq26.3	X	136785924	ARHGEF6	ARHGEF6 - RPL7P56	ENSG00000129675	ENSG00000231164		4236	5140	rs12557857-G	rs12557857	0	12557857	intergenic_variant	1	0.022	4E-6	5.3979400086720375		1.29	[1.12-1.48]	Illumina [516320]	N	autism spectrum disorder	http://purl.obolibrary.org/obo/MONDO_0005258	GCST012466	Genome-wide genotyping array
2025-06-25	33686288	Peyrot WJ	2021-03-08	Nat Genet	www.ncbi.nlm.nih.gov/pubmed/33686288	Identifying loci with different allele frequencies among cases of eight psychiatric disorders using CC-GWAS.	Anorexia nervosa vs autism spectrum disorder (ordinary least squares (OLS))	16,992 cases, 18,381 controls	NA	5q21.2	5	104590343		NIHCOLE - RNU6-334P	ENSG00000251026	ENSG00000252881		160098	189945	rs254013-?	rs254013	0	254013	intron_variant	1	NR	3E-9	8.522878745280337		0.0183	decrease	NR [5647804] (imputed)	N	autism spectrum disorder, anorexia nervosa	http://purl.obolibrary.org/obo/MONDO_0005258, http://purl.obolibrary.org/obo/MONDO_0005351	GCST90016599	Genome-wide genotyping array
2025-06-25	33686288	Peyrot WJ	2021-03-08	Nat Genet	www.ncbi.nlm.nih.gov/pubmed/33686288	Identifying loci with different allele frequencies among cases of eight psychiatric disorders using CC-GWAS.	Autism spectrum disorder vs obsessive compulsive disorder (ordinary least squares (OLS))	18,381 cases, 2,688 controls	NA	1p22.2	1	88401502		PKN2-AS1			ENSG00000237505			rs12568997-?	rs12568997	0	12568997	intron_variant	0	NR	3E-8	7.522878745280337		0.018	increase	NR [6144458] (imputed)	N	obsessive-compulsive disorder, autism spectrum disorder	http://purl.obolibrary.org/obo/MONDO_0008114, http://purl.obolibrary.org/obo/MONDO_0005258	GCST90016602	Genome-wide genotyping array
2025-06-25	33686288	Peyrot WJ	2021-03-08	Nat Genet	www.ncbi.nlm.nih.gov/pubmed/33686288	Identifying loci with different allele frequencies among cases of eight psychiatric disorders using CC-GWAS.	Autism spectrum disorder vs Tourette's syndrome and other tic disorders (ordinary least squares (OLS))	18,381 cases, 4,819 controls	NA	6q16.1	6	98102413		MIR2113 - EIF4EBP2P3	ENSG00000238367	ENSG00000220505		77792	77086	rs1906252-?	rs1906252	0	1906252	intron_variant	1	NR	2E-11	10.698970004336019		0.0213	decrease	NR [6126055] (imputed)	N	autism spectrum disorder, Tourette syndrome	http://purl.obolibrary.org/obo/MONDO_0005258, http://purl.obolibrary.org/obo/MONDO_0007661	GCST90016603	Genome-wide genotyping array
