DATE ADDED TO CATALOG	PUBMEDID	FIRST AUTHOR	DATE	JOURNAL	LINK	STUDY	DISEASE/TRAIT	INITIAL SAMPLE SIZE	REPLICATION SAMPLE SIZE	REGION	CHR_ID	CHR_POS	REPORTED GENE(S)	MAPPED_GENE	UPSTREAM_GENE_ID	DOWNSTREAM_GENE_ID	SNP_GENE_IDS	UPSTREAM_GENE_DISTANCE	DOWNSTREAM_GENE_DISTANCE	STRONGEST SNP-RISK ALLELE	SNPS	MERGED	SNP_ID_CURRENT	CONTEXT	INTERGENIC	RISK ALLELE FREQUENCY	P-VALUE	PVALUE_MLOG	P-VALUE (TEXT)	OR or BETA	95% CI (TEXT)	PLATFORM [SNPS PASSING QC]	CNV	MAPPED_TRAIT	MAPPED_TRAIT_URI	STUDY ACCESSION	GENOTYPING TECHNOLOGY
2016-01-15	25827505	Swaminathan S	2015-03-14	J Affect Disord	www.ncbi.nlm.nih.gov/pubmed/25827505	Characteristics of Bipolar I patients grouped by externalizing disorders.	Bipolar disorder	472 non-externalizing cases, 796 externalizing cases	436 non-externalizing European ancestry cases, 801 externalizing European ancestry cases	1p31.1	1	76682734	ST6GALNAC3	ST6GALNAC3 - TPI1P1	ENSG00000184005	ENSG00000226415		48131	17055	rs17099448-?	rs17099448	0	17099448	intergenic_variant	1	NR	3E-6	5.522878745280337	(externalizing vs. non-externalizing)	2.1584287	[NR]	Affymetrix [677171]	N	bipolar disorder	http://purl.obolibrary.org/obo/MONDO_0004985	GCST002809	Genome-wide genotyping array
2016-01-15	25827505	Swaminathan S	2015-03-14	J Affect Disord	www.ncbi.nlm.nih.gov/pubmed/25827505	Characteristics of Bipolar I patients grouped by externalizing disorders.	Bipolar disorder	472 non-externalizing cases, 796 externalizing cases	436 non-externalizing European ancestry cases, 801 externalizing European ancestry cases	6p22.3	6	21331676	CDKAL1	CDKAL1 - LINC00581	ENSG00000145996	ENSG00000280989		98821	153942	rs17622252-?	rs17622252	0	17622252	intergenic_variant	1	NR	4E-6	5.3979400086720375	(externalizing vs. non-externalizing)	1.658	[NR]	Affymetrix [677171]	N	bipolar disorder	http://purl.obolibrary.org/obo/MONDO_0004985	GCST002809	Genome-wide genotyping array
2016-01-15	25827505	Swaminathan S	2015-03-14	J Affect Disord	www.ncbi.nlm.nih.gov/pubmed/25827505	Characteristics of Bipolar I patients grouped by externalizing disorders.	Bipolar disorder	472 non-externalizing cases, 796 externalizing cases	436 non-externalizing European ancestry cases, 801 externalizing European ancestry cases	6q15	6	89598266	ANKRD6	ANKRD6, LYRM2			ENSG00000135299, ENSG00000083099			rs9359856-?	rs9359856	0	9359856	missense_variant	0	NR	5E-6	5.301029995663981	(early-onset vs. non-externalizing)	1.6417665	[NR]	Affymetrix [677171]	N	bipolar disorder	http://purl.obolibrary.org/obo/MONDO_0004985	GCST002809	Genome-wide genotyping array
2016-01-15	25827505	Swaminathan S	2015-03-14	J Affect Disord	www.ncbi.nlm.nih.gov/pubmed/25827505	Characteristics of Bipolar I patients grouped by externalizing disorders.	Bipolar disorder	472 non-externalizing cases, 796 externalizing cases	436 non-externalizing European ancestry cases, 801 externalizing European ancestry cases	12q24.32	12	128021656	intergenic	LINC00508 - LINC02441	ENSG00000256971	ENSG00000256643		37760	1039	rs4761053-?	rs4761053	0	4761053	intergenic_variant	1	NR	7E-6	5.154901959985743	(early-onset vs. non-externalizing)	1.525	[NR]	Affymetrix [677171]	N	bipolar disorder	http://purl.obolibrary.org/obo/MONDO_0004985	GCST002809	Genome-wide genotyping array
2015-09-10	25917933	Zai CC	2014-11-20	J Psychiatr Res	www.ncbi.nlm.nih.gov/pubmed/25917933	A genome-wide association study of suicide severity scores in bipolar disorder.	Suicide in bipolar disorder	959 European ancestry individuals	NA	8q12.1	8	56592754	LINC00968, PENK	RPL37P6 - RNU6-13P	ENSG00000241431	ENSG00000206975		4054	324330	rs2610025-A	rs2610025	0	2610025	intergenic_variant	1	NR	5E-6	5.301029995663981	(suicide behaviour severity)	0.02332	[0.0069-0.0397] unit decrease	Affymetrix, Illumina [2659407] (imputed)	N	suicide behaviour measurement	http://www.ebi.ac.uk/efo/EFO_0006882	GCST002699	Genome-wide genotyping array
2015-09-10	25917933	Zai CC	2014-11-20	J Psychiatr Res	www.ncbi.nlm.nih.gov/pubmed/25917933	A genome-wide association study of suicide severity scores in bipolar disorder.	Suicide in bipolar disorder	959 European ancestry individuals	NA	10p11.22	10	32704340	CCDC7, C10orf68, ITGB1	CCDC7			ENSG00000216937			rs7079041-A	rs7079041	0	7079041	intron_variant	0	NR	2E-6	5.698970004336019	(suicide behaviour severity)	0.02383	[0.0067-0.0409] unit increase	Affymetrix, Illumina [2659407] (imputed)	N	suicide behaviour measurement	http://www.ebi.ac.uk/efo/EFO_0006882	GCST002699	Genome-wide genotyping array
2015-09-10	25917933	Zai CC	2014-11-20	J Psychiatr Res	www.ncbi.nlm.nih.gov/pubmed/25917933	A genome-wide association study of suicide severity scores in bipolar disorder.	Suicide in bipolar disorder	959 European ancestry individuals	NA	8q21.13	8	79191197	IL7	MITA1 - RPL3P9	ENSG00000285744	ENSG00000240540		235115	379956	rs10448044-C	rs10448044	0	10448044	intergenic_variant	1	NR	3E-6	5.522878745280337	(suicide attempt)	4.685	z score increase	Affymetrix, Illumina [2659407] (imputed)	N	attempted suicide	http://www.ebi.ac.uk/efo/EFO_0004321	GCST002699	Genome-wide genotyping array
2015-09-10	25917933	Zai CC	2014-11-20	J Psychiatr Res	www.ncbi.nlm.nih.gov/pubmed/25917933	A genome-wide association study of suicide severity scores in bipolar disorder.	Suicide in bipolar disorder	959 European ancestry individuals	NA	18q22.1	18	68547459	TMX3	MTL3P - TMX3	ENSG00000264697	ENSG00000166479		19336	126229	rs7244261-T	rs7244261	0	7244261	intergenic_variant	1	NR	4E-6	5.3979400086720375	(suicide attempt)	4.606	z score increase	Affymetrix, Illumina [2659407] (imputed)	N	attempted suicide	http://www.ebi.ac.uk/efo/EFO_0004321	GCST002699	Genome-wide genotyping array
2016-08-31	26297903	Fabbri C	2015-08-20	Prog Neuropsychopharmacol Biol Psychiatry	www.ncbi.nlm.nih.gov/pubmed/26297903	Genetics of long-term treatment outcome in bipolar disorder.	Manic episodes in bipolar disorder	706 European ancestry cases	NA	2p25.1	2	7077341	RNF144A, LOC100506274	RNF144A - RN7SKP112	ENSG00000151692	ENSG00000223145		9055	63886	rs16865916-?	rs16865916	0	16865916	intron_variant	1	NR	6E-6	5.221848749616356		3.621	[2.073-6.324]	Affymetrix [329806] (imputed)	N	manic or hypomanic episode	http://www.ebi.ac.uk/efo/EFO_0007706	GCST003089	Genome-wide genotyping array
2016-08-31	26297903	Fabbri C	2015-08-20	Prog Neuropsychopharmacol Biol Psychiatry	www.ncbi.nlm.nih.gov/pubmed/26297903	Genetics of long-term treatment outcome in bipolar disorder.	Manic episodes in bipolar disorder	706 European ancestry cases	NA	6p21.32	6	32902280	LOC100294145	HLA-Z - HLA-DMB	ENSG00000235301	ENSG00000242574		5790	32349	rs3101942-?	rs3101942	0	3101942	non_coding_transcript_exon_variant	1	NR	7E-6	5.154901959985743		1.733	[1.365-2.201]	Affymetrix [329806] (imputed)	N	manic or hypomanic episode	http://www.ebi.ac.uk/efo/EFO_0007706	GCST003089	Genome-wide genotyping array
2016-08-31	26297903	Fabbri C	2015-08-20	Prog Neuropsychopharmacol Biol Psychiatry	www.ncbi.nlm.nih.gov/pubmed/26297903	Genetics of long-term treatment outcome in bipolar disorder.	Manic episodes in bipolar disorder	706 European ancestry cases	NA	1q32.2	1	210174645	SYT14, C1orf133	SYT14 - SERTAD4-AS1	ENSG00000143469	ENSG00000203706		3256	56803	rs2485892-?	rs2485892	0	2485892	intergenic_variant	1	NR	7E-6	5.154901959985743		1.844	[1.412-2.409]	Affymetrix [329806] (imputed)	N	manic or hypomanic episode	http://www.ebi.ac.uk/efo/EFO_0007706	GCST003089	Genome-wide genotyping array
2018-03-23	29391396	McElroy SL	2018-02-02	Transl Psychiatry	www.ncbi.nlm.nih.gov/pubmed/29391396	Bipolar disorder with binge eating behavior: a genome-wide association study implicates PRR5-ARHGAP8.	Binge eating behaviour in bipolar disorder	398 European ancestry bipolar disorder cases, 1,231 European ancestry bipolar disorder controls	NA	22q13.31	22	44855931	PRR5, ARHGAP8	ARHGAP8, PRR5-ARHGAP8			ENSG00000241484, ENSG00000248405			rs726170-T	rs726170	0	726170	intron_variant	0	0.12	3E-8	7.522878745280337		1.923077	[NR]	Affymetrix, Illumina [8000000] (imputed)	N	binge eating disorder	http://purl.obolibrary.org/obo/MONDO_0005582	GCST005387	Genome-wide genotyping array
2018-03-23	29391396	McElroy SL	2018-02-02	Transl Psychiatry	www.ncbi.nlm.nih.gov/pubmed/29391396	Bipolar disorder with binge eating behavior: a genome-wide association study implicates PRR5-ARHGAP8.	Binge eating behaviour in bipolar disorder	398 European ancestry bipolar disorder cases, 1,231 European ancestry bipolar disorder controls	NA	10p13	10	17089754	CUBN	CUBN			ENSG00000107611			rs7904579-G	rs7904579	0	7904579	intron_variant	0	0.37	1E-7	7.0		1.56	[NR]	Affymetrix, Illumina [8000000] (imputed)	N	binge eating disorder	http://purl.obolibrary.org/obo/MONDO_0005582	GCST005387	Genome-wide genotyping array
2018-03-23	29391396	McElroy SL	2018-02-02	Transl Psychiatry	www.ncbi.nlm.nih.gov/pubmed/29391396	Bipolar disorder with binge eating behavior: a genome-wide association study implicates PRR5-ARHGAP8.	Binge eating behaviour in bipolar disorder	398 European ancestry bipolar disorder cases, 1,231 European ancestry bipolar disorder controls	NA	2q32.1	2	183579642	Intergenic	LIN28AP1 - CACYBPP2	ENSG00000213120	ENSG00000177855		318596	27800	rs1950038-T	rs1950038	0	1950038	intergenic_variant	1	0.3	7E-7	6.154901959985743		1.6	[NR]	Affymetrix, Illumina [8000000] (imputed)	N	binge eating disorder	http://purl.obolibrary.org/obo/MONDO_0005582	GCST005387	Genome-wide genotyping array
2018-03-23	29391396	McElroy SL	2018-02-02	Transl Psychiatry	www.ncbi.nlm.nih.gov/pubmed/29391396	Bipolar disorder with binge eating behavior: a genome-wide association study implicates PRR5-ARHGAP8.	Binge eating behaviour in bipolar disorder	398 European ancestry bipolar disorder cases, 1,231 European ancestry bipolar disorder controls	NA	2q23.3	2	149675023	LOC101929321	MMADHC-DT			ENSG00000231969			rs182107583-C	rs182107583	0	182107583	intron_variant	0	0.04	1E-6	6.0		3.2258062	[NR]	Affymetrix, Illumina [8000000] (imputed)	N	binge eating disorder	http://purl.obolibrary.org/obo/MONDO_0005582	GCST005387	Genome-wide genotyping array
2018-03-23	29391396	McElroy SL	2018-02-02	Transl Psychiatry	www.ncbi.nlm.nih.gov/pubmed/29391396	Bipolar disorder with binge eating behavior: a genome-wide association study implicates PRR5-ARHGAP8.	Binge eating behaviour in bipolar disorder	398 European ancestry bipolar disorder cases, 1,231 European ancestry bipolar disorder controls	NA	20p11.21	20	24330541	intergenic	LINC01721 - GAPDHP53	ENSG00000230133	ENSG00000234069		32057	114850	rs76087671-T	rs76087671	0	76087671	intron_variant	1	0.05	1E-6	6.0		2.3255813	[NR]	Affymetrix, Illumina [8000000] (imputed)	N	binge eating disorder	http://purl.obolibrary.org/obo/MONDO_0005582	GCST005387	Genome-wide genotyping array
2018-03-23	29391396	McElroy SL	2018-02-02	Transl Psychiatry	www.ncbi.nlm.nih.gov/pubmed/29391396	Bipolar disorder with binge eating behavior: a genome-wide association study implicates PRR5-ARHGAP8.	Binge eating behaviour and bipolar disorder	398 European ancestry cases, 1,811 European ancestry controls	NA	2q12.3	2	107366232	AC096669.1	LINC01789 - LINC01885	ENSG00000229457	ENSG00000237880		359	16169	rs111940429-T	rs111940429	0	111940429	intron_variant	1	0.04	1E-8	8.0		2.857143	[NR]	Affymetrix, Illumina [8000000] (imputed)	N	bipolar disorder, binge eating disorder	http://purl.obolibrary.org/obo/MONDO_0004985, http://purl.obolibrary.org/obo/MONDO_0005582	GCST005386	Genome-wide genotyping array
2018-03-23	29391396	McElroy SL	2018-02-02	Transl Psychiatry	www.ncbi.nlm.nih.gov/pubmed/29391396	Bipolar disorder with binge eating behavior: a genome-wide association study implicates PRR5-ARHGAP8.	Binge eating behaviour and bipolar disorder	398 European ancestry cases, 1,811 European ancestry controls	NA	6q14.1	6	80443056	RP11-250B2.3	RPL17P25 - RPSAP72	ENSG00000219547	ENSG00000219361		68487	27015	rs17810023-T	rs17810023	0	17810023	intron_variant	1	0.02	9E-8	7.045757490560675		3.846154	[NR]	Affymetrix, Illumina [8000000] (imputed)	N	bipolar disorder, binge eating disorder	http://purl.obolibrary.org/obo/MONDO_0004985, http://purl.obolibrary.org/obo/MONDO_0005582	GCST005386	Genome-wide genotyping array
2018-03-23	29391396	McElroy SL	2018-02-02	Transl Psychiatry	www.ncbi.nlm.nih.gov/pubmed/29391396	Bipolar disorder with binge eating behavior: a genome-wide association study implicates PRR5-ARHGAP8.	Binge eating behaviour and bipolar disorder	398 European ancestry cases, 1,811 European ancestry controls	NA	13q33.2	13	104623579	intergenic	ATP6V1G1P7 - RPL7P45	ENSG00000230474	ENSG00000225823		1178611	190748	rs7337127-T	rs7337127	0	7337127	intron_variant	1	0.15	3E-7	6.522878745280337		1.754386	[NR]	Affymetrix, Illumina [8000000] (imputed)	N	bipolar disorder, binge eating disorder	http://purl.obolibrary.org/obo/MONDO_0004985, http://purl.obolibrary.org/obo/MONDO_0005582	GCST005386	Genome-wide genotyping array
2018-03-23	29391396	McElroy SL	2018-02-02	Transl Psychiatry	www.ncbi.nlm.nih.gov/pubmed/29391396	Bipolar disorder with binge eating behavior: a genome-wide association study implicates PRR5-ARHGAP8.	Binge eating behaviour and bipolar disorder	398 European ancestry cases, 1,811 European ancestry controls	NA	3p14.1	3	66173478	SLC25A26	SLC25A26			ENSG00000144741			rs145763646-A	rs145763646	0	145763646	intron_variant	0	0.1	3E-7	6.522878745280337		2.0833335	[NR]	Affymetrix, Illumina [8000000] (imputed)	N	bipolar disorder, binge eating disorder	http://purl.obolibrary.org/obo/MONDO_0004985, http://purl.obolibrary.org/obo/MONDO_0005582	GCST005386	Genome-wide genotyping array
2018-03-23	29391396	McElroy SL	2018-02-02	Transl Psychiatry	www.ncbi.nlm.nih.gov/pubmed/29391396	Bipolar disorder with binge eating behavior: a genome-wide association study implicates PRR5-ARHGAP8.	Binge eating behaviour and bipolar disorder	398 European ancestry cases, 1,811 European ancestry controls	NA	12p12.3	12	17370820	intergenic	RPL7P40 - PSMC1P8	ENSG00000242991	ENSG00000256896		248360	12532	rs73057489-C	rs73057489	0	73057489	intergenic_variant	1	0.07	1E-6	6.0		2.0	[NR]	Affymetrix, Illumina [8000000] (imputed)	N	bipolar disorder, binge eating disorder	http://purl.obolibrary.org/obo/MONDO_0004985, http://purl.obolibrary.org/obo/MONDO_0005582	GCST005386	Genome-wide genotyping array
2019-07-09	31043756	Stahl EA	2019-05-01	Nat Genet	www.ncbi.nlm.nih.gov/pubmed/31043756	Genome-wide association study identifies 30 loci associated with bipolar disorder.	Bipolar disorder	20,352 European ancestry cases, 31,358 European ancestry controls	9,412 European ancestry cases, 137,760 European ancestry controls	1q23.2	1	159954778	CCDC19, TAGLN2, IGSF9, SLAMF9, LOC100505633, PIGM	LINC01133			ENSG00000224259			rs68093531-C	rs68093531	0	68093531	intergenic_variant	0	0.878	3E-6	5.522878745280337		1.0846928		NR [9372253] (imputed)	N	bipolar disorder	http://purl.obolibrary.org/obo/MONDO_0004985	GCST008103	Genome-wide genotyping array
2019-07-09	31043756	Stahl EA	2019-05-01	Nat Genet	www.ncbi.nlm.nih.gov/pubmed/31043756	Genome-wide association study identifies 30 loci associated with bipolar disorder.	Bipolar disorder	20,352 European ancestry cases, 31,358 European ancestry controls	9,412 European ancestry cases, 137,760 European ancestry controls	6q24.2	6	142872951	HIVEP2	HIVEP2			ENSG00000010818			rs79032349-T	rs79032349	0	79032349	intron_variant	0	0.958	3E-6	5.522878745280337		1.17457	[1.11-1.24]	NR [9372253] (imputed)	N	bipolar disorder	http://purl.obolibrary.org/obo/MONDO_0004985	GCST008103	Genome-wide genotyping array
2019-07-09	31043756	Stahl EA	2019-05-01	Nat Genet	www.ncbi.nlm.nih.gov/pubmed/31043756	Genome-wide association study identifies 30 loci associated with bipolar disorder.	Bipolar disorder	20,352 European ancestry cases, 31,358 European ancestry controls	9,412 European ancestry cases, 137,760 European ancestry controls	6q21	6	111858435	FYN	FYN			ENSG00000010810			rs17073012-G	rs17073012	0	17073012	intron_variant	0	0.14	3E-6	5.522878745280337		1.0755116		NR [9372253] (imputed)	N	bipolar disorder	http://purl.obolibrary.org/obo/MONDO_0004985	GCST008103	Genome-wide genotyping array
2019-07-09	31043756	Stahl EA	2019-05-01	Nat Genet	www.ncbi.nlm.nih.gov/pubmed/31043756	Genome-wide association study identifies 30 loci associated with bipolar disorder.	Bipolar disorder	20,352 European ancestry cases, 31,358 European ancestry controls	9,412 European ancestry cases, 137,760 European ancestry controls	1p13.3	1	107969525	VAV3, VAV3-AS1	VAV3-AS1			ENSG00000230489			rs436129-G	rs436129	0	436129	intron_variant	0	0.795	4E-6	5.3979400086720375		1.0694042		NR [9372253] (imputed)	N	bipolar disorder	http://purl.obolibrary.org/obo/MONDO_0004985	GCST008103	Genome-wide genotyping array
2019-07-09	31043756	Stahl EA	2019-05-01	Nat Genet	www.ncbi.nlm.nih.gov/pubmed/31043756	Genome-wide association study identifies 30 loci associated with bipolar disorder.	Bipolar disorder	20,352 European ancestry cases, 31,358 European ancestry controls	9,412 European ancestry cases, 137,760 European ancestry controls	7q32.2	7	129627460	NRF1, RNA5SP244, MIR182, MIR96, MIR183	NRF1			ENSG00000106459			rs77516904-G	rs77516904	0	77516904	intron_variant	0	0.03700000000000003	4E-6	5.3979400086720375		1.1497028		NR [9372253] (imputed)	N	bipolar disorder	http://purl.obolibrary.org/obo/MONDO_0004985	GCST008103	Genome-wide genotyping array
2019-07-09	31043756	Stahl EA	2019-05-01	Nat Genet	www.ncbi.nlm.nih.gov/pubmed/31043756	Genome-wide association study identifies 30 loci associated with bipolar disorder.	Bipolar disorder	20,352 European ancestry cases, 31,358 European ancestry controls	9,412 European ancestry cases, 137,760 European ancestry controls	3q25.33	3	160530034	IFT80, SMC4, MIR15B, MIR16-2, TRIM59, KPNA4, SCARNA7	KPNA4			ENSG00000186432			rs58377812-T	rs58377812	0	58377812	intron_variant	0	0.0505	4E-6	5.3979400086720375		1.12266	[1.07-1.17]	NR [9372253] (imputed)	N	bipolar disorder	http://purl.obolibrary.org/obo/MONDO_0004985	GCST008103	Genome-wide genotyping array
2019-07-09	31043756	Stahl EA	2019-05-01	Nat Genet	www.ncbi.nlm.nih.gov/pubmed/31043756	Genome-wide association study identifies 30 loci associated with bipolar disorder.	Bipolar disorder	20,352 European ancestry cases, 31,358 European ancestry controls	9,412 European ancestry cases, 137,760 European ancestry controls	1q24.2	1	168967834	intergenic	LINC00970, LINC00970			ENSG00000203601, ENSG00000293597			rs113123846-G	rs113123846	0	113123846	intron_variant	0	0.01100000000000001	4E-6	5.3979400086720375		1.2811971		NR [9372253] (imputed)	N	bipolar disorder	http://purl.obolibrary.org/obo/MONDO_0004985	GCST008103	Genome-wide genotyping array
2019-07-09	31043756	Stahl EA	2019-05-01	Nat Genet	www.ncbi.nlm.nih.gov/pubmed/31043756	Genome-wide association study identifies 30 loci associated with bipolar disorder.	Bipolar disorder	20,352 European ancestry cases, 31,358 European ancestry controls	9,412 European ancestry cases, 137,760 European ancestry controls	7q22.3	7	105230141	MLL5, SRPK2	SRPK2			ENSG00000135250			rs78785751-C	rs78785751	0	78785751	intron_variant	0	0.028000000000000025	4E-6	5.3979400086720375		1.1793983		NR [9372253] (imputed)	N	bipolar disorder	http://purl.obolibrary.org/obo/MONDO_0004985	GCST008103	Genome-wide genotyping array
2019-07-09	31043756	Stahl EA	2019-05-01	Nat Genet	www.ncbi.nlm.nih.gov/pubmed/31043756	Genome-wide association study identifies 30 loci associated with bipolar disorder.	Bipolar disorder	20,352 European ancestry cases, 31,358 European ancestry controls	9,412 European ancestry cases, 137,760 European ancestry controls	9q22.31	9	93291646	WNK2, C9orf129	WNK2			ENSG00000165238			rs1889339-G	rs1889339	0	1889339	intron_variant	0	0.19899999999999995	4E-6	5.3979400086720375		1.065235		NR [9372253] (imputed)	N	bipolar disorder	http://purl.obolibrary.org/obo/MONDO_0004985	GCST008103	Genome-wide genotyping array
2019-07-09	31043756	Stahl EA	2019-05-01	Nat Genet	www.ncbi.nlm.nih.gov/pubmed/31043756	Genome-wide association study identifies 30 loci associated with bipolar disorder.	Bipolar disorder	20,352 European ancestry cases, 31,358 European ancestry controls	9,412 European ancestry cases, 137,760 European ancestry controls				ARF3, WNT10B, WNT1, DDN, PRKAG1, MLL2, RHEBL1, DHH, LMBR1L, TUBA1B							chr12_49463279_D-?	chr12_49463279_D	0			1	0.434	4E-6	5.3979400086720375		1.05317	[1.03-1.08]	NR [9372253] (imputed)	N	bipolar disorder	http://purl.obolibrary.org/obo/MONDO_0004985	GCST008103	Genome-wide genotyping array
2019-07-09	31043756	Stahl EA	2019-05-01	Nat Genet	www.ncbi.nlm.nih.gov/pubmed/31043756	Genome-wide association study identifies 30 loci associated with bipolar disorder.	Bipolar disorder	20,352 European ancestry cases, 31,358 European ancestry controls	9,412 European ancestry cases, 137,760 European ancestry controls	8q21.3	8	88364075	MMP16	MMP16 - RNA5SP272	ENSG00000156103	ENSG00000251904		36050	32362	rs17730333-G	rs17730333	0	17730333	intron_variant	1	0.017000000000000015	4E-6	5.3979400086720375		1.2032247		NR [9372253] (imputed)	N	bipolar disorder	http://purl.obolibrary.org/obo/MONDO_0004985	GCST008103	Genome-wide genotyping array
2019-07-09	31043756	Stahl EA	2019-05-01	Nat Genet	www.ncbi.nlm.nih.gov/pubmed/31043756	Genome-wide association study identifies 30 loci associated with bipolar disorder.	Bipolar disorder	20,352 European ancestry cases, 31,358 European ancestry controls	9,412 European ancestry cases, 137,760 European ancestry controls	20q13.13	20	51003734	DPM1, MOCS3, KCNG1	KCNG1			ENSG00000026559			rs1850-C	rs1850	0	1850	3_prime_UTR_variant	0	0.347	4E-6	5.3979400086720375		1.055799		NR [9372253] (imputed)	N	bipolar disorder	http://purl.obolibrary.org/obo/MONDO_0004985	GCST008103	Genome-wide genotyping array
2019-07-09	31043756	Stahl EA	2019-05-01	Nat Genet	www.ncbi.nlm.nih.gov/pubmed/31043756	Genome-wide association study identifies 30 loci associated with bipolar disorder.	Bipolar disorder	20,352 European ancestry cases, 31,358 European ancestry controls	9,412 European ancestry cases, 137,760 European ancestry controls	2q24.2	2	161476919	AHCTF1P1	SLC4A10			ENSG00000144290			rs12468729-G	rs12468729	0	12468729	intergenic_variant	0	0.6890000000000001	4E-6	5.3979400086720375		1.0668374		NR [9372253] (imputed)	N	bipolar disorder	http://purl.obolibrary.org/obo/MONDO_0004985	GCST008103	Genome-wide genotyping array
2019-07-09	31043756	Stahl EA	2019-05-01	Nat Genet	www.ncbi.nlm.nih.gov/pubmed/31043756	Genome-wide association study identifies 30 loci associated with bipolar disorder.	Bipolar disorder	20,352 European ancestry cases, 31,358 European ancestry controls	9,412 European ancestry cases, 137,760 European ancestry controls	17q25.1	17	75041773	CDR2L, ICT1, ATP5H, KCTD2, SLC16A5, ARMC7	ATP5PD, RN7SL573P, KCTD2			ENSG00000167863, ENSG00000239607, ENSG00000180901			rs7210415-G	rs7210415	0	7210415	non_coding_transcript_exon_variant	0	0.474	4E-6	5.3979400086720375		1.0535854		NR [9372253] (imputed)	N	bipolar disorder	http://purl.obolibrary.org/obo/MONDO_0004985	GCST008103	Genome-wide genotyping array
2019-07-09	31043756	Stahl EA	2019-05-01	Nat Genet	www.ncbi.nlm.nih.gov/pubmed/31043756	Genome-wide association study identifies 30 loci associated with bipolar disorder.	Bipolar disorder	20,352 European ancestry cases, 31,358 European ancestry controls	9,412 European ancestry cases, 137,760 European ancestry controls	10q26.3	10	130881981	intergenic	Y_RNA - MIR378C	ENSG00000200544	ENSG00000264803		376780	80607	rs2117096-T	rs2117096	0	2117096	intergenic_variant	1	0.772	5E-6	5.301029995663981		1.06386	[1.04-1.09]	NR [9372253] (imputed)	N	bipolar disorder	http://purl.obolibrary.org/obo/MONDO_0004985	GCST008103	Genome-wide genotyping array
2019-07-09	31043756	Stahl EA	2019-05-01	Nat Genet	www.ncbi.nlm.nih.gov/pubmed/31043756	Genome-wide association study identifies 30 loci associated with bipolar disorder.	Bipolar disorder	20,352 European ancestry cases, 31,358 European ancestry controls	9,412 European ancestry cases, 137,760 European ancestry controls	8p23.1	8	10367649	MSRA	MSRA			ENSG00000175806			rs7015455-C	rs7015455	0	7015455	intron_variant	0	0.585	5E-6	5.301029995663981		1.0533745		NR [9372253] (imputed)	N	bipolar disorder	http://purl.obolibrary.org/obo/MONDO_0004985	GCST008103	Genome-wide genotyping array
2019-07-09	31043756	Stahl EA	2019-05-01	Nat Genet	www.ncbi.nlm.nih.gov/pubmed/31043756	Genome-wide association study identifies 30 loci associated with bipolar disorder.	Bipolar disorder	20,352 European ancestry cases, 31,358 European ancestry controls	9,412 European ancestry cases, 137,760 European ancestry controls	16q23.3	16	82828209	CDH13	CDH13			ENSG00000140945			rs10492859-A	rs10492859	0	10492859	intron_variant	0	0.758	5E-6	5.301029995663981		1.06269	[1.04-1.09]	NR [9372253] (imputed)	N	bipolar disorder	http://purl.obolibrary.org/obo/MONDO_0004985	GCST008103	Genome-wide genotyping array
2019-07-09	31043756	Stahl EA	2019-05-01	Nat Genet	www.ncbi.nlm.nih.gov/pubmed/31043756	Genome-wide association study identifies 30 loci associated with bipolar disorder.	Bipolar disorder	20,352 European ancestry cases, 31,358 European ancestry controls	9,412 European ancestry cases, 137,760 European ancestry controls	7q31.1	7	110557355	IMMP2L	RPL3P8 - IMMP2L	ENSG00000232199	ENSG00000184903		557731	105289	rs13231398-G	rs13231398	0	13231398	intergenic_variant	1	0.889	5E-6	5.301029995663981		1.0863189		NR [9372253] (imputed)	N	bipolar disorder	http://purl.obolibrary.org/obo/MONDO_0004985	GCST008103	Genome-wide genotyping array
2019-07-09	31043756	Stahl EA	2019-05-01	Nat Genet	www.ncbi.nlm.nih.gov/pubmed/31043756	Genome-wide association study identifies 30 loci associated with bipolar disorder.	Bipolar disorder	20,352 European ancestry cases, 31,358 European ancestry controls	9,412 European ancestry cases, 137,760 European ancestry controls	2q11.2	2	98773244	MGAT4A, KIAA1211L	LINC02611			ENSG00000226791			rs7581349-G	rs7581349	0	7581349	intergenic_variant	0	0.492	5E-6	5.301029995663981		1.0528532		NR [9372253] (imputed)	N	bipolar disorder	http://purl.obolibrary.org/obo/MONDO_0004985	GCST008103	Genome-wide genotyping array
2019-07-09	31043756	Stahl EA	2019-05-01	Nat Genet	www.ncbi.nlm.nih.gov/pubmed/31043756	Genome-wide association study identifies 30 loci associated with bipolar disorder.	Bipolar disorder	20,352 European ancestry cases, 31,358 European ancestry controls	9,412 European ancestry cases, 137,760 European ancestry controls	19p13.2	19	10637445	AP1M2, SLC44A2, ILF3-AS1, ILF3, QTRT1, DNM2, MIR638, MIR4748	SLC44A2			ENSG00000129353			rs3843751-T	rs3843751	0	3843751	intron_variant	0	0.676	5E-6	5.301029995663981		1.05622	[1.03-1.08]	NR [9372253] (imputed)	N	bipolar disorder	http://purl.obolibrary.org/obo/MONDO_0004985	GCST008103	Genome-wide genotyping array
2019-07-09	31043756	Stahl EA	2019-05-01	Nat Genet	www.ncbi.nlm.nih.gov/pubmed/31043756	Genome-wide association study identifies 30 loci associated with bipolar disorder.	Bipolar disorder	20,352 European ancestry cases, 31,358 European ancestry controls	9,412 European ancestry cases, 137,760 European ancestry controls	3q25.33	3	160083194	IL12A	IL12A-AS1			ENSG00000244040			rs75677206-C	rs75677206	0	75677206	intron_variant	0	0.017000000000000015	5E-6	5.301029995663981		1.2618774		NR [9372253] (imputed)	N	bipolar disorder	http://purl.obolibrary.org/obo/MONDO_0004985	GCST008103	Genome-wide genotyping array
2019-07-09	31043756	Stahl EA	2019-05-01	Nat Genet	www.ncbi.nlm.nih.gov/pubmed/31043756	Genome-wide association study identifies 30 loci associated with bipolar disorder.	Bipolar disorder	20,352 European ancestry cases, 31,358 European ancestry controls	9,412 European ancestry cases, 137,760 European ancestry controls	2p24.1	2	22381268	intergenic	LINC01830, LINC03116			ENSG00000228999, ENSG00000234207			rs2339519-A	rs2339519	0	2339519	intron_variant	0	0.449	5E-6	5.301029995663981		1.05285	[1.03-1.07]	NR [9372253] (imputed)	N	bipolar disorder	http://purl.obolibrary.org/obo/MONDO_0004985	GCST008103	Genome-wide genotyping array
2019-07-09	31043756	Stahl EA	2019-05-01	Nat Genet	www.ncbi.nlm.nih.gov/pubmed/31043756	Genome-wide association study identifies 30 loci associated with bipolar disorder.	Bipolar disorder	20,352 European ancestry cases, 31,358 European ancestry controls	9,412 European ancestry cases, 137,760 European ancestry controls				intergenic							chr2_186025770_D-?	chr2_186025770_D	0			1	0.12	5E-6	5.301029995663981		1.0857763		NR [9372253] (imputed)	N	bipolar disorder	http://purl.obolibrary.org/obo/MONDO_0004985	GCST008103	Genome-wide genotyping array
2019-07-09	31043756	Stahl EA	2019-05-01	Nat Genet	www.ncbi.nlm.nih.gov/pubmed/31043756	Genome-wide association study identifies 30 loci associated with bipolar disorder.	Bipolar disorder	20,352 European ancestry cases, 31,358 European ancestry controls	9,412 European ancestry cases, 137,760 European ancestry controls	17p12	17	15025416	CDRT7	LINC02096 - CDRT7	ENSG00000238212	ENSG00000259944		68200	5559	rs1013191-T	rs1013191	0	1013191	intron_variant	1	0.43999999999999995	5E-6	5.301029995663981		1.052953		NR [9372253] (imputed)	N	bipolar disorder	http://purl.obolibrary.org/obo/MONDO_0004985	GCST008103	Genome-wide genotyping array
2019-07-09	31043756	Stahl EA	2019-05-01	Nat Genet	www.ncbi.nlm.nih.gov/pubmed/31043756	Genome-wide association study identifies 30 loci associated with bipolar disorder.	Bipolar disorder	20,352 European ancestry cases, 31,358 European ancestry controls	9,412 European ancestry cases, 137,760 European ancestry controls	9q33.1	9	119363076	DBC1	BRINP1			ENSG00000078725			rs942516-A	rs942516	0	942516	intron_variant	0	0.148	5E-6	5.301029995663981		1.07412	[1.04-1.1]	NR [9372253] (imputed)	N	bipolar disorder	http://purl.obolibrary.org/obo/MONDO_0004985	GCST008103	Genome-wide genotyping array
2019-07-09	31043756	Stahl EA	2019-05-01	Nat Genet	www.ncbi.nlm.nih.gov/pubmed/31043756	Genome-wide association study identifies 30 loci associated with bipolar disorder.	Bipolar disorder	20,352 European ancestry cases, 31,358 European ancestry controls	9,412 European ancestry cases, 137,760 European ancestry controls	1p31.1	1	78795698	intergenic	IFI44 - ADGRL4	ENSG00000137965	ENSG00000162618		131286	94066	rs11162556-A	rs11162556	0	11162556	intergenic_variant	1	0.665	5E-6	5.301029995663981		1.05929	[1.03-1.08]	NR [9372253] (imputed)	N	bipolar disorder	http://purl.obolibrary.org/obo/MONDO_0004985	GCST008103	Genome-wide genotyping array
2019-07-09	31043756	Stahl EA	2019-05-01	Nat Genet	www.ncbi.nlm.nih.gov/pubmed/31043756	Genome-wide association study identifies 30 loci associated with bipolar disorder.	Bipolar disorder	20,352 European ancestry cases, 31,358 European ancestry controls	9,412 European ancestry cases, 137,760 European ancestry controls	Xq26.1	X	130151035	ELF4, AIFM1, RAB33A	AIFM1			ENSG00000156709			rs188076915-G	rs188076915	0	188076915	intron_variant	0	0.015000000000000013	5E-6	5.301029995663981		1.2708741		NR [9372253] (imputed)	N	bipolar disorder	http://purl.obolibrary.org/obo/MONDO_0004985	GCST008103	Genome-wide genotyping array
2019-07-09	31043756	Stahl EA	2019-05-01	Nat Genet	www.ncbi.nlm.nih.gov/pubmed/31043756	Genome-wide association study identifies 30 loci associated with bipolar disorder.	Bipolar disorder	20,352 European ancestry cases, 31,358 European ancestry controls	9,412 European ancestry cases, 137,760 European ancestry controls	5q14.1	5	79544787	HOMER1	Y_RNA - Y_RNA	ENSG00000200544	ENSG00000200544		9833	17958	rs7707252-G	rs7707252	0	7707252	intron_variant	1	0.275	5E-6	5.301029995663981		1.0581226		NR [9372253] (imputed)	N	bipolar disorder	http://purl.obolibrary.org/obo/MONDO_0004985	GCST008103	Genome-wide genotyping array
2019-07-09	31043756	Stahl EA	2019-05-01	Nat Genet	www.ncbi.nlm.nih.gov/pubmed/31043756	Genome-wide association study identifies 30 loci associated with bipolar disorder.	Bipolar disorder	20,352 European ancestry cases, 31,358 European ancestry controls	9,412 European ancestry cases, 137,760 European ancestry controls	4q27	4	122589611	KIAA1109, ADAD1, IL2, IL21	IL2 - IL21	ENSG00000109471	ENSG00000138684		132886	20497	rs6829845-A	rs6829845	0	6829845	intergenic_variant	1	0.328	5E-6	5.301029995663981		1.05538	[1.03-1.08]	NR [9372253] (imputed)	N	bipolar disorder	http://purl.obolibrary.org/obo/MONDO_0004985	GCST008103	Genome-wide genotyping array
2019-07-09	31043756	Stahl EA	2019-05-01	Nat Genet	www.ncbi.nlm.nih.gov/pubmed/31043756	Genome-wide association study identifies 30 loci associated with bipolar disorder.	Bipolar disorder	20,352 European ancestry cases, 31,358 European ancestry controls	9,412 European ancestry cases, 137,760 European ancestry controls				SNAP91							chr6_84351889_I-?	chr6_84351889_I	0			1	0.444	6E-6	5.221848749616356		1.05707	[1.03-1.08]	NR [9372253] (imputed)	N	bipolar disorder	http://purl.obolibrary.org/obo/MONDO_0004985	GCST008103	Genome-wide genotyping array
2019-07-09	31043756	Stahl EA	2019-05-01	Nat Genet	www.ncbi.nlm.nih.gov/pubmed/31043756	Genome-wide association study identifies 30 loci associated with bipolar disorder.	Bipolar disorder	20,352 European ancestry cases, 31,358 European ancestry controls	9,412 European ancestry cases, 137,760 European ancestry controls	14q11.2	14	21205210	OR5AU1, LINC00641, HNRNPC	LINC00641			ENSG00000258441			rs72673100-C	rs72673100	0	72673100	intron_variant	0	0.544	6E-6	5.221848749616356		1.0574961		NR [9372253] (imputed)	N	bipolar disorder	http://purl.obolibrary.org/obo/MONDO_0004985	GCST008103	Genome-wide genotyping array
2019-07-09	31043756	Stahl EA	2019-05-01	Nat Genet	www.ncbi.nlm.nih.gov/pubmed/31043756	Genome-wide association study identifies 30 loci associated with bipolar disorder.	Bipolar disorder	20,352 European ancestry cases, 31,358 European ancestry controls	9,412 European ancestry cases, 137,760 European ancestry controls	Xp22.12	X	21304805	intergenic	RNU6-133P - CNKSR2	ENSG00000206716	ENSG00000149970		90062	67996	rs12392936-A	rs12392936	0	12392936	intron_variant	1	0.911	6E-6	5.221848749616356		1.11193	[1.07-1.16]	NR [9372253] (imputed)	N	bipolar disorder	http://purl.obolibrary.org/obo/MONDO_0004985	GCST008103	Genome-wide genotyping array
2019-07-09	31043756	Stahl EA	2019-05-01	Nat Genet	www.ncbi.nlm.nih.gov/pubmed/31043756	Genome-wide association study identifies 30 loci associated with bipolar disorder.	Bipolar disorder	20,352 European ancestry cases, 31,358 European ancestry controls	9,412 European ancestry cases, 137,760 European ancestry controls	12q23.3	12	108202622	WSCD2	WSCD2			ENSG00000075035			rs7971456-C	rs7971456	0	7971456	intron_variant	0	0.486	6E-6	5.221848749616356		1.0526427		NR [9372253] (imputed)	N	bipolar disorder	http://purl.obolibrary.org/obo/MONDO_0004985	GCST008103	Genome-wide genotyping array
2019-07-09	31043756	Stahl EA	2019-05-01	Nat Genet	www.ncbi.nlm.nih.gov/pubmed/31043756	Genome-wide association study identifies 30 loci associated with bipolar disorder.	Bipolar disorder	20,352 European ancestry cases, 31,358 European ancestry controls	9,412 European ancestry cases, 137,760 European ancestry controls	17q25.3	17	80651956	RPTOR	RPTOR			ENSG00000141564			rs8066384-C	rs8066384	0	8066384	intron_variant	0	0.704	6E-6	5.221848749616356		1.0587612		NR [9372253] (imputed)	N	bipolar disorder	http://purl.obolibrary.org/obo/MONDO_0004985	GCST008103	Genome-wide genotyping array
2019-07-09	31043756	Stahl EA	2019-05-01	Nat Genet	www.ncbi.nlm.nih.gov/pubmed/31043756	Genome-wide association study identifies 30 loci associated with bipolar disorder.	Bipolar disorder	20,352 European ancestry cases, 31,358 European ancestry controls	9,412 European ancestry cases, 137,760 European ancestry controls	4q26	4	117740497	intergenic	LINC01378 - LINC02264	ENSG00000236922	ENSG00000229565		49309	93636	rs10005422-T	rs10005422	0	10005422	intron_variant	1	0.397	6E-6	5.221848749616356		1.0564348		NR [9372253] (imputed)	N	bipolar disorder	http://purl.obolibrary.org/obo/MONDO_0004985	GCST008103	Genome-wide genotyping array
2019-07-09	31043756	Stahl EA	2019-05-01	Nat Genet	www.ncbi.nlm.nih.gov/pubmed/31043756	Genome-wide association study identifies 30 loci associated with bipolar disorder.	Bipolar disorder	20,352 European ancestry cases, 31,358 European ancestry controls	9,412 European ancestry cases, 137,760 European ancestry controls	10p13	10	12489159	CAMK1D	CAMK1D			ENSG00000183049			rs142920219-C	rs142920219	0	142920219	intron_variant	0	0.9218999999999999	6E-6	5.221848749616356		1.1018555		NR [9372253] (imputed)	N	bipolar disorder	http://purl.obolibrary.org/obo/MONDO_0004985	GCST008103	Genome-wide genotyping array
2019-07-09	31043756	Stahl EA	2019-05-01	Nat Genet	www.ncbi.nlm.nih.gov/pubmed/31043756	Genome-wide association study identifies 30 loci associated with bipolar disorder.	Bipolar disorder	20,352 European ancestry cases, 31,358 European ancestry controls	9,412 European ancestry cases, 137,760 European ancestry controls				intergenic							chr6_18802039_I-?	chr6_18802039_I	0			1	0.9774	6E-6	5.221848749616356		1.1953001		NR [9372253] (imputed)	N	bipolar disorder	http://purl.obolibrary.org/obo/MONDO_0004985	GCST008103	Genome-wide genotyping array
2019-07-09	31043756	Stahl EA	2019-05-01	Nat Genet	www.ncbi.nlm.nih.gov/pubmed/31043756	Genome-wide association study identifies 30 loci associated with bipolar disorder.	Bipolar disorder	20,352 European ancestry cases, 31,358 European ancestry controls	9,412 European ancestry cases, 137,760 European ancestry controls	9q21.2	9	77685834	GNA14, GNAQ	GNA14 - GNAQ	ENSG00000156049	ENSG00000156052		37512	30263	rs189574365-A	rs189574365	0	189574365	intergenic_variant	1	0.0243	6E-6	5.221848749616356		1.18175	[1.11-1.25]	NR [9372253] (imputed)	N	bipolar disorder	http://purl.obolibrary.org/obo/MONDO_0004985	GCST008103	Genome-wide genotyping array
2019-07-09	31043756	Stahl EA	2019-05-01	Nat Genet	www.ncbi.nlm.nih.gov/pubmed/31043756	Genome-wide association study identifies 30 loci associated with bipolar disorder.	Bipolar disorder	20,352 European ancestry cases, 31,358 European ancestry controls	9,412 European ancestry cases, 137,760 European ancestry controls	11p15.2	11	15509462	intergenic	INSC - LINC02751	ENSG00000188487	ENSG00000254946		262254	43036	rs77015885-A	rs77015885	0	77015885	intron_variant	1	0.0365	7E-6	5.154901959985743		1.14993	[1.09-1.21]	NR [9372253] (imputed)	N	bipolar disorder	http://purl.obolibrary.org/obo/MONDO_0004985	GCST008103	Genome-wide genotyping array
2019-07-09	31043756	Stahl EA	2019-05-01	Nat Genet	www.ncbi.nlm.nih.gov/pubmed/31043756	Genome-wide association study identifies 30 loci associated with bipolar disorder.	Bipolar disorder	20,352 European ancestry cases, 31,358 European ancestry controls	9,412 European ancestry cases, 137,760 European ancestry controls	7q22.1	7	100848615	ZAN, EPHB4, SLC12A9, TRIP6, SRRT, UFSP1, ACHE	SLC12A9-AS1, SLC12A9			ENSG00000236305, ENSG00000146828			rs117450257-G	rs117450257	0	117450257	intron_variant	0	0.041000000000000036	7E-6	5.154901959985743		1.1336069		NR [9372253] (imputed)	N	bipolar disorder	http://purl.obolibrary.org/obo/MONDO_0004985	GCST008103	Genome-wide genotyping array
2019-07-09	31043756	Stahl EA	2019-05-01	Nat Genet	www.ncbi.nlm.nih.gov/pubmed/31043756	Genome-wide association study identifies 30 loci associated with bipolar disorder.	Bipolar disorder	20,352 European ancestry cases, 31,358 European ancestry controls	9,412 European ancestry cases, 137,760 European ancestry controls	17q24.2	17	66538700	PRKCA	PRKCA			ENSG00000154229			rs9895770-T	rs9895770	0	9895770	intron_variant	0	0.236	7E-6	5.154901959985743		1.06014	[1.03-1.09]	NR [9372253] (imputed)	N	bipolar disorder	http://purl.obolibrary.org/obo/MONDO_0004985	GCST008103	Genome-wide genotyping array
2019-07-09	31043756	Stahl EA	2019-05-01	Nat Genet	www.ncbi.nlm.nih.gov/pubmed/31043756	Genome-wide association study identifies 30 loci associated with bipolar disorder.	Bipolar disorder	20,352 European ancestry cases, 31,358 European ancestry controls	9,412 European ancestry cases, 137,760 European ancestry controls	Xp22.12	X	21362148	CNKSR2	RNU6-133P - CNKSR2	ENSG00000206716	ENSG00000149970		147405	10653	rs1378559-T	rs1378559	0	1378559	intron_variant	1	0.834	7E-6	5.154901959985743		1.07369	[1.04-1.1]	NR [9372253] (imputed)	N	bipolar disorder	http://purl.obolibrary.org/obo/MONDO_0004985	GCST008103	Genome-wide genotyping array
2019-07-09	31043756	Stahl EA	2019-05-01	Nat Genet	www.ncbi.nlm.nih.gov/pubmed/31043756	Genome-wide association study identifies 30 loci associated with bipolar disorder.	Bipolar disorder	20,352 European ancestry cases, 31,358 European ancestry controls	9,412 European ancestry cases, 137,760 European ancestry controls				intergenic							chr16_60146407_D-?	chr16_60146407_D	0			1	0.014000000000000012	7E-6	5.154901959985743		1.2433326		NR [9372253] (imputed)	N	bipolar disorder	http://purl.obolibrary.org/obo/MONDO_0004985	GCST008103	Genome-wide genotyping array
2019-07-09	31043756	Stahl EA	2019-05-01	Nat Genet	www.ncbi.nlm.nih.gov/pubmed/31043756	Genome-wide association study identifies 30 loci associated with bipolar disorder.	Bipolar disorder	20,352 European ancestry cases, 31,358 European ancestry controls	9,412 European ancestry cases, 137,760 European ancestry controls	1q32.1	1	199032122	intergenic	LINC01221			ENSG00000235492			rs115858175-G	rs115858175	1	111725205	intron_variant	0	0.16500000000000004	7E-6	5.154901959985743		1.06865		NR [9372253] (imputed)	N	bipolar disorder	http://purl.obolibrary.org/obo/MONDO_0004985	GCST008103	Genome-wide genotyping array
2019-07-09	31043756	Stahl EA	2019-05-01	Nat Genet	www.ncbi.nlm.nih.gov/pubmed/31043756	Genome-wide association study identifies 30 loci associated with bipolar disorder.	Bipolar disorder	20,352 European ancestry cases, 31,358 European ancestry controls	9,412 European ancestry cases, 137,760 European ancestry controls	8q13.1	8	66342488	LOC100505676, RRS1, ADHFE1, C8orf46	RRS1-DT			ENSG00000246145			rs10092482-T	rs10092482	0	10092482	intron_variant	0	0.178	7E-6	5.154901959985743		1.06577	[1.04-1.09]	NR [9372253] (imputed)	N	bipolar disorder	http://purl.obolibrary.org/obo/MONDO_0004985	GCST008103	Genome-wide genotyping array
2019-07-09	31043756	Stahl EA	2019-05-01	Nat Genet	www.ncbi.nlm.nih.gov/pubmed/31043756	Genome-wide association study identifies 30 loci associated with bipolar disorder.	Bipolar disorder	20,352 European ancestry cases, 31,358 European ancestry controls	9,412 European ancestry cases, 137,760 European ancestry controls	8q23.2	8	109796715	intergenic	SYBU - U2	ENSG00000147642	ENSG00000274755		104924	77198	rs1552246-G	rs1552246	0	1552246	intergenic_variant	1	0.5720000000000001	7E-6	5.154901959985743		1.0521111		NR [9372253] (imputed)	N	bipolar disorder	http://purl.obolibrary.org/obo/MONDO_0004985	GCST008103	Genome-wide genotyping array
2019-07-09	31043756	Stahl EA	2019-05-01	Nat Genet	www.ncbi.nlm.nih.gov/pubmed/31043756	Genome-wide association study identifies 30 loci associated with bipolar disorder.	Bipolar disorder	20,352 European ancestry cases, 31,358 European ancestry controls	9,412 European ancestry cases, 137,760 European ancestry controls	8p11.23	8	38391683	WHSC1L1, LETM2, FGFR1	LETM2			ENSG00000165046			rs12677998-G	rs12677998	0	12677998	intron_variant	0	0.891	7E-6	5.154901959985743		1.090679		NR [9372253] (imputed)	N	bipolar disorder	http://purl.obolibrary.org/obo/MONDO_0004985	GCST008103	Genome-wide genotyping array
2019-07-09	31043756	Stahl EA	2019-05-01	Nat Genet	www.ncbi.nlm.nih.gov/pubmed/31043756	Genome-wide association study identifies 30 loci associated with bipolar disorder.	Bipolar disorder	20,352 European ancestry cases, 31,358 European ancestry controls	9,412 European ancestry cases, 137,760 European ancestry controls	12q13.11	12	47784411	RAPGEF3, SLC48A1, HDAC7	HDAC7			ENSG00000061273			rs7307046-G	rs7307046	0	7307046	intron_variant	0	0.5820000000000001	7E-6	5.154901959985743		1.0527425		NR [9372253] (imputed)	N	bipolar disorder	http://purl.obolibrary.org/obo/MONDO_0004985	GCST008103	Genome-wide genotyping array
2019-07-09	31043756	Stahl EA	2019-05-01	Nat Genet	www.ncbi.nlm.nih.gov/pubmed/31043756	Genome-wide association study identifies 30 loci associated with bipolar disorder.	Bipolar disorder	20,352 European ancestry cases, 31,358 European ancestry controls	9,412 European ancestry cases, 137,760 European ancestry controls				MYO1A, TMEM194A, NAB2, STAT6, LRP1							chr12_57483523_I-?	chr12_57483523_I	0			1	0.647	7E-6	5.154901959985743		1.0567473		NR [9372253] (imputed)	N	bipolar disorder	http://purl.obolibrary.org/obo/MONDO_0004985	GCST008103	Genome-wide genotyping array
2019-07-09	31043756	Stahl EA	2019-05-01	Nat Genet	www.ncbi.nlm.nih.gov/pubmed/31043756	Genome-wide association study identifies 30 loci associated with bipolar disorder.	Bipolar disorder	20,352 European ancestry cases, 31,358 European ancestry controls	9,412 European ancestry cases, 137,760 European ancestry controls	17p13.3	17	1916217	RPA1, RTN4RL1	RPA1 - RTN4RL1	ENSG00000132383	ENSG00000185924		16135	18460	rs66506713-T	rs66506713	0	66506713	non_coding_transcript_exon_variant	1	0.369	8E-6	5.096910013008056		1.05897	[1.03-1.08]	NR [9372253] (imputed)	N	bipolar disorder	http://purl.obolibrary.org/obo/MONDO_0004985	GCST008103	Genome-wide genotyping array
2019-07-09	31043756	Stahl EA	2019-05-01	Nat Genet	www.ncbi.nlm.nih.gov/pubmed/31043756	Genome-wide association study identifies 30 loci associated with bipolar disorder.	Bipolar disorder	20,352 European ancestry cases, 31,358 European ancestry controls	9,412 European ancestry cases, 137,760 European ancestry controls	16p11.2	16	31140200	VKORC1, BCKDK, KAT8, PRSS8, PRSS36, FUS	PRSS36			ENSG00000178226			rs8047469-G	rs8047469	0	8047469	intron_variant	0	0.879	8E-6	5.096910013008056		1.133029		NR [9372253] (imputed)	N	bipolar disorder	http://purl.obolibrary.org/obo/MONDO_0004985	GCST008103	Genome-wide genotyping array
2019-07-09	31043756	Stahl EA	2019-05-01	Nat Genet	www.ncbi.nlm.nih.gov/pubmed/31043756	Genome-wide association study identifies 30 loci associated with bipolar disorder.	Bipolar disorder	20,352 European ancestry cases, 31,358 European ancestry controls	9,412 European ancestry cases, 137,760 European ancestry controls	1q44	1	246455643	SMYD3, LOC255654, TFB2M	SMYD3			ENSG00000185420			rs7550853-C	rs7550853	0	7550853	intron_variant	0	0.251	8E-6	5.096910013008056		1.0582347		NR [9372253] (imputed)	N	bipolar disorder	http://purl.obolibrary.org/obo/MONDO_0004985	GCST008103	Genome-wide genotyping array
2019-07-09	31043756	Stahl EA	2019-05-01	Nat Genet	www.ncbi.nlm.nih.gov/pubmed/31043756	Genome-wide association study identifies 30 loci associated with bipolar disorder.	Bipolar disorder	20,352 European ancestry cases, 31,358 European ancestry controls	9,412 European ancestry cases, 137,760 European ancestry controls	5q15	5	94785878	MCTP1	MCTP1			ENSG00000175471			rs255353-A	rs255353	0	255353	intron_variant	0	0.375	8E-6	5.096910013008056		1.05264	[1.03-1.08]	NR [9372253] (imputed)	N	bipolar disorder	http://purl.obolibrary.org/obo/MONDO_0004985	GCST008103	Genome-wide genotyping array
2019-07-09	31043756	Stahl EA	2019-05-01	Nat Genet	www.ncbi.nlm.nih.gov/pubmed/31043756	Genome-wide association study identifies 30 loci associated with bipolar disorder.	Bipolar disorder	20,352 European ancestry cases, 31,358 European ancestry controls	9,412 European ancestry cases, 137,760 European ancestry controls	3p22.2	3	36876910	TRANK1	TRANK1			ENSG00000168016			rs73068042-G	rs73068042	0	73068042	intron_variant	0	0.9396	8E-6	5.096910013008056		1.1203101		NR [9372253] (imputed)	N	bipolar disorder	http://purl.obolibrary.org/obo/MONDO_0004985	GCST008103	Genome-wide genotyping array
2019-07-09	31043756	Stahl EA	2019-05-01	Nat Genet	www.ncbi.nlm.nih.gov/pubmed/31043756	Genome-wide association study identifies 30 loci associated with bipolar disorder.	Bipolar disorder	20,352 European ancestry cases, 31,358 European ancestry controls	9,412 European ancestry cases, 137,760 European ancestry controls	2q34	2	209292126	MAP2	MEAF6P1 - MAP2	ENSG00000240286	ENSG00000078018		110108	131862	rs16842765-G	rs16842765	0	16842765	intergenic_variant	1	0.681	8E-6	5.096910013008056		1.054641		NR [9372253] (imputed)	N	bipolar disorder	http://purl.obolibrary.org/obo/MONDO_0004985	GCST008103	Genome-wide genotyping array
2019-07-09	31043756	Stahl EA	2019-05-01	Nat Genet	www.ncbi.nlm.nih.gov/pubmed/31043756	Genome-wide association study identifies 30 loci associated with bipolar disorder.	Bipolar disorder	20,352 European ancestry cases, 31,358 European ancestry controls	9,412 European ancestry cases, 137,760 European ancestry controls	5q31.3	5	140418422	PFDN1, HBEGF, SLC4A9, ANKHD1, ANKHD1-EIF4EBP3	ANKHD1, ANKHD1-EIF4EBP3			ENSG00000131503, ENSG00000254996			rs111998037-C	rs111998037	0	111998037	intron_variant	0	0.248	9E-6	5.045757490560675		1.0592884		NR [9372253] (imputed)	N	bipolar disorder	http://purl.obolibrary.org/obo/MONDO_0004985	GCST008103	Genome-wide genotyping array
2019-07-09	31043756	Stahl EA	2019-05-01	Nat Genet	www.ncbi.nlm.nih.gov/pubmed/31043756	Genome-wide association study identifies 30 loci associated with bipolar disorder.	Bipolar disorder	20,352 European ancestry cases, 31,358 European ancestry controls	9,412 European ancestry cases, 137,760 European ancestry controls				LOC145820							chr15_96034210_I-?	chr15_96034210_I	0			1	0.9346	9E-6	5.045757490560675		1.1355249		NR [9372253] (imputed)	N	bipolar disorder	http://purl.obolibrary.org/obo/MONDO_0004985	GCST008103	Genome-wide genotyping array
2019-07-09	31043756	Stahl EA	2019-05-01	Nat Genet	www.ncbi.nlm.nih.gov/pubmed/31043756	Genome-wide association study identifies 30 loci associated with bipolar disorder.	Bipolar disorder	20,352 European ancestry cases, 31,358 European ancestry controls	9,412 European ancestry cases, 137,760 European ancestry controls				MKLN1							chr7_130876812_D-?	chr7_130876812_D	0			1	0.892	9E-6	5.045757490560675		1.0862126		NR [9372253] (imputed)	N	bipolar disorder	http://purl.obolibrary.org/obo/MONDO_0004985	GCST008103	Genome-wide genotyping array
2019-07-09	31043756	Stahl EA	2019-05-01	Nat Genet	www.ncbi.nlm.nih.gov/pubmed/31043756	Genome-wide association study identifies 30 loci associated with bipolar disorder.	Bipolar disorder	20,352 European ancestry cases, 31,358 European ancestry controls	9,412 European ancestry cases, 137,760 European ancestry controls	9q31.2	9	105992588	intergenic	SLC25A6P5 - LINC01505	ENSG00000228948	ENSG00000234323		141163	659	rs111930716-A	rs111930716	0	111930716	intron_variant	1	0.0282	9E-6	5.045757490560675		1.1587	[1.09-1.22]	NR [9372253] (imputed)	N	bipolar disorder	http://purl.obolibrary.org/obo/MONDO_0004985	GCST008103	Genome-wide genotyping array
2019-07-09	31043756	Stahl EA	2019-05-01	Nat Genet	www.ncbi.nlm.nih.gov/pubmed/31043756	Genome-wide association study identifies 30 loci associated with bipolar disorder.	Bipolar disorder	20,352 European ancestry cases, 31,358 European ancestry controls	9,412 European ancestry cases, 137,760 European ancestry controls	3q28	3	192499942	FGF12	FGF12			ENSG00000114279			rs6788153-T	rs6788153	0	6788153	intron_variant	0	0.921	9E-6	5.045757490560675		1.09604	[1.06-1.14]	NR [9372253] (imputed)	N	bipolar disorder	http://purl.obolibrary.org/obo/MONDO_0004985	GCST008103	Genome-wide genotyping array
2019-07-12	31043756	Stahl EA	2019-05-01	Nat Genet	www.ncbi.nlm.nih.gov/pubmed/31043756	Genome-wide association study identifies 30 loci associated with bipolar disorder.	Schizoaffective disorder-bipolar type	977 European ancestry cases, 31,358 European ancestry controls	NA	20q13.33	20	64131898	NR	MYT1			ENSG00000196132			rs11906570-A	rs11906570	0	11906570	intergenic_variant	0	0.0212	7E-7	6.154901959985743		2.91276	[NR]	NR [9372253] (imputed)	N	Schizoaffective disorder-bipolar type	http://www.ebi.ac.uk/efo/EFO_0009965	GCST008117	Genome-wide genotyping array
2019-07-09	31043756	Stahl EA	2019-05-01	Nat Genet	www.ncbi.nlm.nih.gov/pubmed/31043756	Genome-wide association study identifies 30 loci associated with bipolar disorder.	Bipolar disorder	20,352 European ancestry cases, 31,358 European ancestry controls	9,412 European ancestry cases, 137,760 European ancestry controls	4q32.2	4	161420812	FSTL5	FSTL5			ENSG00000168843			rs181957530-?	rs181957530	0	181957530	intron_variant	0	NR	2E-6	5.698970004336019	(Conditioned on rs11724116)			NR [9372253] (imputed)	N	bipolar disorder	http://purl.obolibrary.org/obo/MONDO_0004985	GCST008103	Genome-wide genotyping array
2019-07-09	31043756	Stahl EA	2019-05-01	Nat Genet	www.ncbi.nlm.nih.gov/pubmed/31043756	Genome-wide association study identifies 30 loci associated with bipolar disorder.	Bipolar disorder	20,352 European ancestry cases, 31,358 European ancestry controls	9,412 European ancestry cases, 137,760 European ancestry controls	3p22.2	3	36814539	TRANK1	HSPD1P6 - LINC02033	ENSG00000230067	ENSG00000279727		45740	4737	rs9834970-C	rs9834970	0	9834970	regulatory_region_variant	1	0.491	6E-12	11.221848749616356		1.0803686		NR [9372253] (imputed)	N	bipolar disorder	http://purl.obolibrary.org/obo/MONDO_0004985	GCST008103	Genome-wide genotyping array
2019-07-09	31043756	Stahl EA	2019-05-01	Nat Genet	www.ncbi.nlm.nih.gov/pubmed/31043756	Genome-wide association study identifies 30 loci associated with bipolar disorder.	Bipolar disorder	20,352 European ancestry cases, 31,358 European ancestry controls	9,412 European ancestry cases, 137,760 European ancestry controls	3p21.1	3	52780240	NISCH, STAB1, NT5DC2, SMIM4, PBRM1, GNL3, SNORD19, SNORD19B, SNORD69, GLT8D1, SPCS1, NEK4, ITIH1, ITIH3, ITIH4, MUSTN1, TMEM110-MUSTN1, TMEM110	ITIH1			ENSG00000055957			rs2302417-T	rs2302417	0	2302417	intron_variant	0	0.51	7E-11	10.154901959985743		1.07616		NR [9372253] (imputed)	N	bipolar disorder	http://purl.obolibrary.org/obo/MONDO_0004985	GCST008103	Genome-wide genotyping array
2019-07-09	31043756	Stahl EA	2019-05-01	Nat Genet	www.ncbi.nlm.nih.gov/pubmed/31043756	Genome-wide association study identifies 30 loci associated with bipolar disorder.	Bipolar disorder	20,352 European ancestry cases, 31,358 European ancestry controls	9,412 European ancestry cases, 137,760 European ancestry controls	16p13.2	16	9833109	GRIN2A	GRIN2A			ENSG00000183454			rs11647445-G	rs11647445	0	11647445	intron_variant	0	0.346	1E-10	10.0		1.0785276		NR [9372253] (imputed)	N	bipolar disorder	http://purl.obolibrary.org/obo/MONDO_0004985	GCST008103	Genome-wide genotyping array
2019-07-09	31043756	Stahl EA	2019-05-01	Nat Genet	www.ncbi.nlm.nih.gov/pubmed/31043756	Genome-wide association study identifies 30 loci associated with bipolar disorder.	Bipolar disorder	20,352 European ancestry cases, 31,358 European ancestry controls	9,412 European ancestry cases, 137,760 European ancestry controls	12p13.33	12	2277933	CACNA1C, CACNA1C-AS4, CACNA1C-IT3	CACNA1C, CACNA1C-IT3			ENSG00000151067, ENSG00000256721			rs10744560-T	rs10744560	0	10744560	intron_variant	0	0.336	4E-10	9.397940008672037		1.07595	[1.05-1.1]	NR [9372253] (imputed)	N	bipolar disorder	http://purl.obolibrary.org/obo/MONDO_0004985	GCST008103	Genome-wide genotyping array
2019-07-09	31043756	Stahl EA	2019-05-01	Nat Genet	www.ncbi.nlm.nih.gov/pubmed/31043756	Genome-wide association study identifies 30 loci associated with bipolar disorder.	Bipolar disorder	20,352 European ancestry cases, 31,358 European ancestry controls	9,412 European ancestry cases, 137,760 European ancestry controls				BRAF, MRPS33, TMEM178B							chr7_140700006_I-?	chr7_140700006_I	0			1	0.748	6E-10	9.221848749616356		1.088388		NR [9372253] (imputed)	N	bipolar disorder	http://purl.obolibrary.org/obo/MONDO_0004985	GCST008103	Genome-wide genotyping array
2019-07-09	31043756	Stahl EA	2019-05-01	Nat Genet	www.ncbi.nlm.nih.gov/pubmed/31043756	Genome-wide association study identifies 30 loci associated with bipolar disorder.	Bipolar disorder	20,352 European ancestry cases, 31,358 European ancestry controls	9,412 European ancestry cases, 137,760 European ancestry controls				intergenic							chr2_194465711_D-?	chr2_194465711_D	0			1	0.5860000000000001	8E-10	9.096910013008056		1.0727197		NR [9372253] (imputed)	N	bipolar disorder	http://purl.obolibrary.org/obo/MONDO_0004985	GCST008103	Genome-wide genotyping array
2019-07-09	31043756	Stahl EA	2019-05-01	Nat Genet	www.ncbi.nlm.nih.gov/pubmed/31043756	Genome-wide association study identifies 30 loci associated with bipolar disorder.	Bipolar disorder	20,352 European ancestry cases, 31,358 European ancestry controls	9,412 European ancestry cases, 137,760 European ancestry controls	11q12.2	11	61824435	MYRF, TMEM258, MIR611, FEN1, FADS1, MIR1908, FADS2, FADS3	FADS2, FADS1			ENSG00000134824, ENSG00000149485			rs12226877-A	rs12226877	0	12226877	intron_variant	0	0.293	1E-9	9.0		1.08502	[1.06-1.11]	NR [9372253] (imputed)	N	bipolar disorder	http://purl.obolibrary.org/obo/MONDO_0004985	GCST008103	Genome-wide genotyping array
2019-07-09	31043756	Stahl EA	2019-05-01	Nat Genet	www.ncbi.nlm.nih.gov/pubmed/31043756	Genome-wide association study identifies 30 loci associated with bipolar disorder.	Bipolar disorder	20,352 European ancestry cases, 31,358 European ancestry controls	9,412 European ancestry cases, 137,760 European ancestry controls	7q22.3	7	105407711	SRPK2, PUS7	SRPK2 - PUS7	ENSG00000135250	ENSG00000091127		8403	31950	rs73188321-C	rs73188321	0	73188321	intergenic_variant	1	0.667	1E-9	9.0		1.0811278		NR [9372253] (imputed)	N	bipolar disorder	http://purl.obolibrary.org/obo/MONDO_0004985	GCST008103	Genome-wide genotyping array
2019-07-09	31043756	Stahl EA	2019-05-01	Nat Genet	www.ncbi.nlm.nih.gov/pubmed/31043756	Genome-wide association study identifies 30 loci associated with bipolar disorder.	Bipolar disorder	20,352 European ancestry cases, 31,358 European ancestry controls	9,412 European ancestry cases, 137,760 European ancestry controls	19p13.11	19	19247398	MEF2BNB-MEF2B, MEF2BNB, RFXANK, NR2C2AP, NCAN, HAPLN4, TM6SF2, SUGP1, MAU2, GATAD2A, TSSK6, NDUFA13, YJEFN3, CILP2, PBX4, LPAR2, GMIP, ATP13A1	NCAN			ENSG00000130287			rs111444407-T	rs111444407	0	111444407	intron_variant	0	0.148	1E-9	9.0		1.09702	[1.07-1.13]	NR [9372253] (imputed)	N	bipolar disorder	http://purl.obolibrary.org/obo/MONDO_0004985	GCST008103	Genome-wide genotyping array
2019-07-09	31043756	Stahl EA	2019-05-01	Nat Genet	www.ncbi.nlm.nih.gov/pubmed/31043756	Genome-wide association study identifies 30 loci associated with bipolar disorder.	Bipolar disorder	20,352 European ancestry cases, 31,358 European ancestry controls	9,412 European ancestry cases, 137,760 European ancestry controls	2q24.3	2	165295879	SCN2A, CSRNP3	SCN2A			ENSG00000136531			rs17183814-G	rs17183814	0	17183814	missense_variant	0	0.9251	2E-9	8.698970004336019		1.1416829		NR [9372253] (imputed)	N	bipolar disorder	http://purl.obolibrary.org/obo/MONDO_0004985	GCST008103	Genome-wide genotyping array
2019-07-09	31043756	Stahl EA	2019-05-01	Nat Genet	www.ncbi.nlm.nih.gov/pubmed/31043756	Genome-wide association study identifies 30 loci associated with bipolar disorder.	Bipolar disorder	20,352 European ancestry cases, 31,358 European ancestry controls	9,412 European ancestry cases, 137,760 European ancestry controls	7p21.3	7	11832161	THSD7A	THSD7A			ENSG00000005108			rs113779084-A	rs113779084	0	113779084	5_prime_UTR_variant	0	0.304	3E-9	8.522878745280337		1.07562	[1.05-1.1]	NR [9372253] (imputed)	N	bipolar disorder	http://purl.obolibrary.org/obo/MONDO_0004985	GCST008103	Genome-wide genotyping array
2019-07-09	31043756	Stahl EA	2019-05-01	Nat Genet	www.ncbi.nlm.nih.gov/pubmed/31043756	Genome-wide association study identifies 30 loci associated with bipolar disorder.	Bipolar disorder	20,352 European ancestry cases, 31,358 European ancestry controls	9,412 European ancestry cases, 137,760 European ancestry controls				KANSL3, FER1L5, LMAN2L, CNNM4, MIR3127, CNNM3, ANKRD23							chr2_97376407_I-?	chr2_97376407_I	0			1	0.6579999999999999	4E-9	8.397940008672037		1.0736871		NR [9372253] (imputed)	N	bipolar disorder	http://purl.obolibrary.org/obo/MONDO_0004985	GCST008103	Genome-wide genotyping array
2019-07-09	31043756	Stahl EA	2019-05-01	Nat Genet	www.ncbi.nlm.nih.gov/pubmed/31043756	Genome-wide association study identifies 30 loci associated with bipolar disorder.	Bipolar disorder	20,352 European ancestry cases, 31,358 European ancestry controls	9,412 European ancestry cases, 137,760 European ancestry controls	6q16.1	6	98143746	intergenic	MIR2113 - EIF4EBP2P3	ENSG00000238367	ENSG00000220505		119125	35753	rs2388334-G	rs2388334	0	2388334	intron_variant	1	0.481	4E-9	8.397940008672037		1.0671562		NR [9372253] (imputed)	N	bipolar disorder	http://purl.obolibrary.org/obo/MONDO_0004985	GCST008103	Genome-wide genotyping array
2019-07-09	31043756	Stahl EA	2019-05-01	Nat Genet	www.ncbi.nlm.nih.gov/pubmed/31043756	Genome-wide association study identifies 30 loci associated with bipolar disorder.	Bipolar disorder	20,352 European ancestry cases, 31,358 European ancestry controls	9,412 European ancestry cases, 137,760 European ancestry controls	10q21.2	10	60366098	ANK3	ANK3			ENSG00000151150			rs10994318-C	rs10994318	0	10994318	intron_variant	0	0.0574	7E-9	8.154901959985743		1.14488	[1.1-1.19]	NR [9372253] (imputed)	N	bipolar disorder	http://purl.obolibrary.org/obo/MONDO_0004985	GCST008103	Genome-wide genotyping array
2019-07-09	31043756	Stahl EA	2019-05-01	Nat Genet	www.ncbi.nlm.nih.gov/pubmed/31043756	Genome-wide association study identifies 30 loci associated with bipolar disorder.	Bipolar disorder	20,352 European ancestry cases, 31,358 European ancestry controls	9,412 European ancestry cases, 137,760 European ancestry controls	11q13.4	11	70671822	SHANK2, SHANK2-AS1	SHANK2			ENSG00000162105			rs12575685-A	rs12575685	0	12575685	intron_variant	0	0.314	8E-9	8.096910013008056		1.07272	[1.05-1.1]	NR [9372253] (imputed)	N	bipolar disorder	http://purl.obolibrary.org/obo/MONDO_0004985	GCST008103	Genome-wide genotyping array
2019-07-09	31043756	Stahl EA	2019-05-01	Nat Genet	www.ncbi.nlm.nih.gov/pubmed/31043756	Genome-wide association study identifies 30 loci associated with bipolar disorder.	Bipolar disorder	20,352 European ancestry cases, 31,358 European ancestry controls	9,412 European ancestry cases, 137,760 European ancestry controls	15q15.2	15	42612706	SNAP23, LRRC57, HAUS2, STARD9	STARD9			ENSG00000159433			rs4447398-A	rs4447398	0	4447398	intron_variant	0	0.123	9E-9	8.045757490560675		1.09878	[1.07-1.13]	NR [9372253] (imputed)	N	bipolar disorder	http://purl.obolibrary.org/obo/MONDO_0004985	GCST008103	Genome-wide genotyping array
2019-07-09	31043756	Stahl EA	2019-05-01	Nat Genet	www.ncbi.nlm.nih.gov/pubmed/31043756	Genome-wide association study identifies 30 loci associated with bipolar disorder.	Bipolar disorder	20,352 European ancestry cases, 31,358 European ancestry controls	9,412 European ancestry cases, 137,760 European ancestry controls				PABPC1L, TOMM34, STK4-AS1, STK4, KCNS1, WFDC5, WFDC12							chr20_43682549_I-?	chr20_43682549_I	0			1	0.719	1E-8	8.0		1.0759515		NR [9372253] (imputed)	N	bipolar disorder	http://purl.obolibrary.org/obo/MONDO_0004985	GCST008103	Genome-wide genotyping array
2019-07-09	31043756	Stahl EA	2019-05-01	Nat Genet	www.ncbi.nlm.nih.gov/pubmed/31043756	Genome-wide association study identifies 30 loci associated with bipolar disorder.	Bipolar disorder	20,352 European ancestry cases, 31,358 European ancestry controls	9,412 European ancestry cases, 137,760 European ancestry controls				XPNPEP1, LOC100505933, ADD3							chr10_111745562_I-?	chr10_111745562_I	0			1	0.164	1E-8	8.0		1.09013	[1.06-1.12]	NR [9372253] (imputed)	N	bipolar disorder	http://purl.obolibrary.org/obo/MONDO_0004985	GCST008103	Genome-wide genotyping array
2019-07-09	31043756	Stahl EA	2019-05-01	Nat Genet	www.ncbi.nlm.nih.gov/pubmed/31043756	Genome-wide association study identifies 30 loci associated with bipolar disorder.	Bipolar disorder	20,352 European ancestry cases, 31,358 European ancestry controls	9,412 European ancestry cases, 137,760 European ancestry controls				ADCY2							chr5_7587236_D-?	chr5_7587236_D	0			1	0.17800000000000005	1E-8	8.0		1.088388		NR [9372253] (imputed)	N	bipolar disorder	http://purl.obolibrary.org/obo/MONDO_0004985	GCST008103	Genome-wide genotyping array
2019-07-09	31043756	Stahl EA	2019-05-01	Nat Genet	www.ncbi.nlm.nih.gov/pubmed/31043756	Genome-wide association study identifies 30 loci associated with bipolar disorder.	Bipolar disorder	20,352 European ancestry cases, 31,358 European ancestry controls	9,412 European ancestry cases, 137,760 European ancestry controls	11q13.2	11	66177715	SART1, EIF1AD, BANF1, CST6, CATSPER1, GAL3ST3, SF3B2, PACS1, KLC2, RAB1B, CNIH2, YIF1A, TMEM151A, CD248, RIN1, BRMS1	PACS1			ENSG00000175115			rs10896090-A	rs10896090	0	10896090	intron_variant	0	0.809	2E-8	7.698970004336019		1.08372	[1.06-1.11]	NR [9372253] (imputed)	N	bipolar disorder	http://purl.obolibrary.org/obo/MONDO_0004985	GCST008103	Genome-wide genotyping array
2019-07-09	31043756	Stahl EA	2019-05-01	Nat Genet	www.ncbi.nlm.nih.gov/pubmed/31043756	Genome-wide association study identifies 30 loci associated with bipolar disorder.	Bipolar disorder	20,352 European ancestry cases, 31,358 European ancestry controls	9,412 European ancestry cases, 137,760 European ancestry controls	3q13.12	3	108074862	CD47, IFT57	CD47			ENSG00000196776			rs3804640-A	rs3804640	0	3804640	intron_variant	0	0.533	2E-8	7.698970004336019		1.06481	[1.04-1.09]	NR [9372253] (imputed)	N	bipolar disorder	http://purl.obolibrary.org/obo/MONDO_0004985	GCST008103	Genome-wide genotyping array
2019-07-09	31043756	Stahl EA	2019-05-01	Nat Genet	www.ncbi.nlm.nih.gov/pubmed/31043756	Genome-wide association study identifies 30 loci associated with bipolar disorder.	Bipolar disorder	20,352 European ancestry cases, 31,358 European ancestry controls	9,412 European ancestry cases, 137,760 European ancestry controls	4q32.2	4	161372886	FSTL5	RPS14P7 - FSTL5	ENSG00000242635	ENSG00000168843		554017	11011	rs11724116-C	rs11724116	0	11724116	intergenic_variant	1	0.84	2E-8	7.698970004336019		1.0887198		NR [9372253] (imputed)	N	bipolar disorder	http://purl.obolibrary.org/obo/MONDO_0004985	GCST008103	Genome-wide genotyping array
2019-07-09	31043756	Stahl EA	2019-05-01	Nat Genet	www.ncbi.nlm.nih.gov/pubmed/31043756	Genome-wide association study identifies 30 loci associated with bipolar disorder.	Bipolar disorder	20,352 European ancestry cases, 31,358 European ancestry controls	9,412 European ancestry cases, 137,760 European ancestry controls	17q21.31	17	44123673	LSM12, G6PC3, HDAC5, C17orf53, ASB16, ASB16-AS1, TMUB2, ATXN7L3, UBTF, SLC4A1	HDAC5			ENSG00000108840			rs112114764-G	rs112114764	0	112114764	regulatory_region_variant	0	0.31100000000000005	2E-8	7.698970004336019		1.0702628		NR [9372253] (imputed)	N	bipolar disorder	http://purl.obolibrary.org/obo/MONDO_0004985	GCST008103	Genome-wide genotyping array
2019-07-12	31043756	Stahl EA	2019-05-01	Nat Genet	www.ncbi.nlm.nih.gov/pubmed/31043756	Genome-wide association study identifies 30 loci associated with bipolar disorder.	Bipolar I disorder	14,879 European ancestry cases, 31,358 European ancestry controls	NA	6q27	6	166583503	NR	RPS6KA2, RAMACL			ENSG00000071242, ENSG00000235272			rs960145-A	rs960145	0	960145	3_prime_UTR_variant	0	0.47	2E-7	6.698970004336019		1.08166		NR [9372253] (imputed)	N	bipolar I disorder	http://www.ebi.ac.uk/efo/EFO_0009963	GCST008115	Genome-wide genotyping array
2019-07-12	31043756	Stahl EA	2019-05-01	Nat Genet	www.ncbi.nlm.nih.gov/pubmed/31043756	Genome-wide association study identifies 30 loci associated with bipolar disorder.	Bipolar I disorder	14,879 European ancestry cases, 31,358 European ancestry controls	NA	4q32.2	4	161420812	NR	FSTL5			ENSG00000168843			rs181957530-C	rs181957530	0	181957530	intron_variant	0	0.016000000000000014	3E-7	6.522878745280337		1.3703886	[NR]	NR [9372253] (imputed)	N	bipolar I disorder	http://www.ebi.ac.uk/efo/EFO_0009963	GCST008115	Genome-wide genotyping array
2019-07-12	31043756	Stahl EA	2019-05-01	Nat Genet	www.ncbi.nlm.nih.gov/pubmed/31043756	Genome-wide association study identifies 30 loci associated with bipolar disorder.	Bipolar I disorder	14,879 European ancestry cases, 31,358 European ancestry controls	NA	20q13.33	20	63501358	KCNQ2, EEF1A2, PPDPF, PTK6, SRMS	EEF1A2 - PPDPF	ENSG00000101210	ENSG00000125534		825	19396	rs6090435-G	rs6090435	0	6090435	intergenic_variant	1	0.497	3E-7	6.522878745280337		1.0910003	[NR]	NR [9372253] (imputed)	N	bipolar I disorder	http://www.ebi.ac.uk/efo/EFO_0009963	GCST008115	Genome-wide genotyping array
2019-07-12	31043756	Stahl EA	2019-05-01	Nat Genet	www.ncbi.nlm.nih.gov/pubmed/31043756	Genome-wide association study identifies 30 loci associated with bipolar disorder.	Bipolar I disorder	14,879 European ancestry cases, 31,358 European ancestry controls	NA	4q32.2	4	161358233	NR	RPS14P7 - FSTL5	ENSG00000242635	ENSG00000168843		539364	25664	rs17395886-C	rs17395886	0	17395886	intergenic_variant	1	0.836	3E-7	6.522878745280337		1.1139331	[NR]	NR [9372253] (imputed)	N	bipolar I disorder	http://www.ebi.ac.uk/efo/EFO_0009963	GCST008115	Genome-wide genotyping array
2019-07-12	31043756	Stahl EA	2019-05-01	Nat Genet	www.ncbi.nlm.nih.gov/pubmed/31043756	Genome-wide association study identifies 30 loci associated with bipolar disorder.	Bipolar I disorder	14,879 European ancestry cases, 31,358 European ancestry controls	NA	20q13.12	20	45041000	NR	STK4			ENSG00000101109			rs6065777-T	rs6065777	0	6065777	intron_variant	0	0.697	3E-7	6.522878745280337		1.08904		NR [9372253] (imputed)	N	bipolar I disorder	http://www.ebi.ac.uk/efo/EFO_0009963	GCST008115	Genome-wide genotyping array
2019-07-12	31043756	Stahl EA	2019-05-01	Nat Genet	www.ncbi.nlm.nih.gov/pubmed/31043756	Genome-wide association study identifies 30 loci associated with bipolar disorder.	Bipolar I disorder	14,879 European ancestry cases, 31,358 European ancestry controls	NA	6q16.1	6	98143746	intergenic	MIR2113 - EIF4EBP2P3	ENSG00000238367	ENSG00000220505		119125	35753	rs2388334-G	rs2388334	0	2388334	intron_variant	1	0.481	3E-7	6.522878745280337		1.0800419	[NR]	NR [9372253] (imputed)	N	bipolar I disorder	http://www.ebi.ac.uk/efo/EFO_0009963	GCST008115	Genome-wide genotyping array
2019-07-12	31043756	Stahl EA	2019-05-01	Nat Genet	www.ncbi.nlm.nih.gov/pubmed/31043756	Genome-wide association study identifies 30 loci associated with bipolar disorder.	Bipolar I disorder	14,879 European ancestry cases, 31,358 European ancestry controls	NA	4p15.1	4	28921093	NR	MESTP3 - LINC02364	ENSG00000250927	ENSG00000250190		96882	75391	rs73222936-A	rs73222936	0	73222936	intergenic_variant	1	0.0441	3E-7	6.522878745280337		1.25986		NR [9372253] (imputed)	N	bipolar I disorder	http://www.ebi.ac.uk/efo/EFO_0009963	GCST008115	Genome-wide genotyping array
2019-07-12	31043756	Stahl EA	2019-05-01	Nat Genet	www.ncbi.nlm.nih.gov/pubmed/31043756	Genome-wide association study identifies 30 loci associated with bipolar disorder.	Bipolar I disorder	14,879 European ancestry cases, 31,358 European ancestry controls	NA				NR							chr2_181742430_D-?	chr2_181742430_D	0			1	0.05500000000000005	3E-7	6.522878745280337		1.1793983	[NR]	NR [9372253] (imputed)	N	bipolar I disorder	http://www.ebi.ac.uk/efo/EFO_0009963	GCST008115	Genome-wide genotyping array
2019-07-12	31043756	Stahl EA	2019-05-01	Nat Genet	www.ncbi.nlm.nih.gov/pubmed/31043756	Genome-wide association study identifies 30 loci associated with bipolar disorder.	Bipolar I disorder	14,879 European ancestry cases, 31,358 European ancestry controls	NA	1p31.1	1	77524238	NR	AK5			ENSG00000154027			rs12754946-T	rs12754946	0	12754946	intron_variant	0	0.575	3E-7	6.522878745280337		1.0835		NR [9372253] (imputed)	N	bipolar I disorder	http://www.ebi.ac.uk/efo/EFO_0009963	GCST008115	Genome-wide genotyping array
2019-07-12	31043756	Stahl EA	2019-05-01	Nat Genet	www.ncbi.nlm.nih.gov/pubmed/31043756	Genome-wide association study identifies 30 loci associated with bipolar disorder.	Bipolar I disorder	14,879 European ancestry cases, 31,358 European ancestry controls	NA	22q13.2	22	40813300	MKL1, MCHR1, SLC25A17, MIR4766, ST13, XPNPEP3, DNAJB7, RBX1	SLC25A17			ENSG00000100372			rs138321-A	rs138321	0	138321	intron_variant	0	0.502	3E-7	6.522878745280337		1.08091		NR [9372253] (imputed)	N	bipolar I disorder	http://www.ebi.ac.uk/efo/EFO_0009963	GCST008115	Genome-wide genotyping array
2019-07-12	31043756	Stahl EA	2019-05-01	Nat Genet	www.ncbi.nlm.nih.gov/pubmed/31043756	Genome-wide association study identifies 30 loci associated with bipolar disorder.	Bipolar I disorder	14,879 European ancestry cases, 31,358 European ancestry controls	NA	11q14.1	11	79445704	TENM4, MIR708, MIR5579	TENM4 - RNU6-544P	ENSG00000149256	ENSG00000200146		4674	1082256	rs73496688-A	rs73496688	0	73496688	intergenic_variant	1	0.144	4E-7	6.3979400086720375		1.11483		NR [9372253] (imputed)	N	bipolar I disorder	http://www.ebi.ac.uk/efo/EFO_0009963	GCST008115	Genome-wide genotyping array
2019-07-12	31043756	Stahl EA	2019-05-01	Nat Genet	www.ncbi.nlm.nih.gov/pubmed/31043756	Genome-wide association study identifies 30 loci associated with bipolar disorder.	Bipolar I disorder	14,879 European ancestry cases, 31,358 European ancestry controls	NA	2p24.1	2	21307787	NR	TDRD15 - NUTF2P8	ENSG00000218819	ENSG00000270654		163419	54505	rs60960031-G	rs60960031	0	60960031	intron_variant	1	0.5920000000000001	4E-7	6.3979400086720375		1.0815605	[NR]	NR [9372253] (imputed)	N	bipolar I disorder	http://www.ebi.ac.uk/efo/EFO_0009963	GCST008115	Genome-wide genotyping array
2019-07-12	31043756	Stahl EA	2019-05-01	Nat Genet	www.ncbi.nlm.nih.gov/pubmed/31043756	Genome-wide association study identifies 30 loci associated with bipolar disorder.	Bipolar I disorder	14,879 European ancestry cases, 31,358 European ancestry controls	NA	3p12.1	3	85008130	CADM2	CADM2			ENSG00000175161			rs4301023-T	rs4301023	0	4301023	intron_variant	0	0.474	4E-7	6.3979400086720375		1.0795		NR [9372253] (imputed)	N	bipolar I disorder	http://www.ebi.ac.uk/efo/EFO_0009963	GCST008115	Genome-wide genotyping array
2019-07-12	31043756	Stahl EA	2019-05-01	Nat Genet	www.ncbi.nlm.nih.gov/pubmed/31043756	Genome-wide association study identifies 30 loci associated with bipolar disorder.	Bipolar I disorder	14,879 European ancestry cases, 31,358 European ancestry controls	NA	7q34	7	141068359	NR	RNU4-74P - TMEM178B	ENSG00000223212	ENSG00000261115		15950	5705	rs35755081-A	rs35755081	0	35755081	intergenic_variant	1	0.481	4E-7	6.3979400086720375		1.08643		NR [9372253] (imputed)	N	bipolar I disorder	http://www.ebi.ac.uk/efo/EFO_0009963	GCST008115	Genome-wide genotyping array
2019-07-12	31043756	Stahl EA	2019-05-01	Nat Genet	www.ncbi.nlm.nih.gov/pubmed/31043756	Genome-wide association study identifies 30 loci associated with bipolar disorder.	Bipolar I disorder	14,879 European ancestry cases, 31,358 European ancestry controls	NA	7q31.2	7	115282097	NR	LINC01392 - POLR2DP2	ENSG00000233607	ENSG00000244565		50742	221270	rs56158970-G	rs56158970	0	56158970	intron_variant	1	0.014000000000000012	4E-7	6.3979400086720375		1.3937476	[NR]	NR [9372253] (imputed)	N	bipolar I disorder	http://www.ebi.ac.uk/efo/EFO_0009963	GCST008115	Genome-wide genotyping array
2019-07-12	31043756	Stahl EA	2019-05-01	Nat Genet	www.ncbi.nlm.nih.gov/pubmed/31043756	Genome-wide association study identifies 30 loci associated with bipolar disorder.	Bipolar I disorder	14,879 European ancestry cases, 31,358 European ancestry controls	NA	1p32.1	1	60628168	NR	LINC01748			ENSG00000226476			rs546671-A	rs546671	0	546671	intergenic_variant	0	0.447	4E-7	6.3979400086720375		1.07929		NR [9372253] (imputed)	N	bipolar I disorder	http://www.ebi.ac.uk/efo/EFO_0009963	GCST008115	Genome-wide genotyping array
2019-07-12	31043756	Stahl EA	2019-05-01	Nat Genet	www.ncbi.nlm.nih.gov/pubmed/31043756	Genome-wide association study identifies 30 loci associated with bipolar disorder.	Bipolar I disorder	14,879 European ancestry cases, 31,358 European ancestry controls	NA	9q33.1	9	119412084	NR	BRINP1 - LINC01613	ENSG00000078725	ENSG00000261432		42569	522679	rs1331621-T	rs1331621	0	1331621	intron_variant	1	0.351	4E-7	6.3979400086720375		1.08318		NR [9372253] (imputed)	N	bipolar I disorder	http://www.ebi.ac.uk/efo/EFO_0009963	GCST008115	Genome-wide genotyping array
2019-07-12	31043756	Stahl EA	2019-05-01	Nat Genet	www.ncbi.nlm.nih.gov/pubmed/31043756	Genome-wide association study identifies 30 loci associated with bipolar disorder.	Bipolar I disorder	14,879 European ancestry cases, 31,358 European ancestry controls	NA	11p11.2	11	45892443	NR	MAPK8IP1			ENSG00000121653			rs78014668-C	rs78014668	0	78014668	intron_variant	0	0.0818	5E-7	6.301029995663981		1.15189		NR [9372253] (imputed)	N	bipolar I disorder	http://www.ebi.ac.uk/efo/EFO_0009963	GCST008115	Genome-wide genotyping array
2019-07-12	31043756	Stahl EA	2019-05-01	Nat Genet	www.ncbi.nlm.nih.gov/pubmed/31043756	Genome-wide association study identifies 30 loci associated with bipolar disorder.	Bipolar I disorder	14,879 European ancestry cases, 31,358 European ancestry controls	NA	2q11.2	2	96835038	NR	ANKRD23, CNNM3			ENSG00000163126, ENSG00000168763			rs78381888-A	rs78381888	0	78381888	3_prime_UTR_variant	0	0.815	5E-7	6.301029995663981		1.12165		NR [9372253] (imputed)	N	bipolar I disorder	http://www.ebi.ac.uk/efo/EFO_0009963	GCST008115	Genome-wide genotyping array
2019-07-12	31043756	Stahl EA	2019-05-01	Nat Genet	www.ncbi.nlm.nih.gov/pubmed/31043756	Genome-wide association study identifies 30 loci associated with bipolar disorder.	Bipolar I disorder	14,879 European ancestry cases, 31,358 European ancestry controls	NA	16p11.2	16	31140200	VKORC1, BCKDK, KAT8, PRSS8, PRSS36, FUS	PRSS36			ENSG00000178226			rs8047469-G	rs8047469	0	8047469	intron_variant	0	0.878	5E-7	6.301029995663981		1.1792731	[NR]	NR [9372253] (imputed)	N	bipolar I disorder	http://www.ebi.ac.uk/efo/EFO_0009963	GCST008115	Genome-wide genotyping array
2019-07-12	31043756	Stahl EA	2019-05-01	Nat Genet	www.ncbi.nlm.nih.gov/pubmed/31043756	Genome-wide association study identifies 30 loci associated with bipolar disorder.	Bipolar I disorder	14,879 European ancestry cases, 31,358 European ancestry controls	NA	12q23.1	12	99102252	ANKS1B	ANKS1B			ENSG00000185046			rs10745843-A	rs10745843	0	10745843	intron_variant	0	0.621	5E-7	6.301029995663981		1.08091		NR [9372253] (imputed)	N	bipolar I disorder	http://www.ebi.ac.uk/efo/EFO_0009963	GCST008115	Genome-wide genotyping array
2019-07-12	31043756	Stahl EA	2019-05-01	Nat Genet	www.ncbi.nlm.nih.gov/pubmed/31043756	Genome-wide association study identifies 30 loci associated with bipolar disorder.	Bipolar I disorder	14,879 European ancestry cases, 31,358 European ancestry controls	NA	16p13.2	16	9833109	GRIN2A	GRIN2A			ENSG00000183454			rs11647445-G	rs11647445	0	11647445	intron_variant	0	0.346	5E-7	6.301029995663981		1.0834001	[NR]	NR [9372253] (imputed)	N	bipolar I disorder	http://www.ebi.ac.uk/efo/EFO_0009963	GCST008115	Genome-wide genotyping array
2019-07-12	31043756	Stahl EA	2019-05-01	Nat Genet	www.ncbi.nlm.nih.gov/pubmed/31043756	Genome-wide association study identifies 30 loci associated with bipolar disorder.	Bipolar I disorder	14,879 European ancestry cases, 31,358 European ancestry controls	NA	12q13.12	12	49083734	NR	RHEBL1 - DHH	ENSG00000167550	ENSG00000139549		13695	2922	rs7314975-A	rs7314975	0	7314975	intergenic_variant	1	0.427	5E-7	6.301029995663981		1.08101		NR [9372253] (imputed)	N	bipolar I disorder	http://www.ebi.ac.uk/efo/EFO_0009963	GCST008115	Genome-wide genotyping array
2019-07-12	31043756	Stahl EA	2019-05-01	Nat Genet	www.ncbi.nlm.nih.gov/pubmed/31043756	Genome-wide association study identifies 30 loci associated with bipolar disorder.	Bipolar I disorder	14,879 European ancestry cases, 31,358 European ancestry controls	NA	12q24.11	12	110281387	NR	ATP2A2			ENSG00000174437			rs3026433-G	rs3026433	0	3026433	5_prime_UTR_variant	0	0.22499999999999998	6E-7	6.221848749616356		1.0986717	[NR]	NR [9372253] (imputed)	N	bipolar I disorder	http://www.ebi.ac.uk/efo/EFO_0009963	GCST008115	Genome-wide genotyping array
2019-07-12	31043756	Stahl EA	2019-05-01	Nat Genet	www.ncbi.nlm.nih.gov/pubmed/31043756	Genome-wide association study identifies 30 loci associated with bipolar disorder.	Bipolar I disorder	14,879 European ancestry cases, 31,358 European ancestry controls	NA	6q27	6	166646138	RPS6KA2	RPS6KA2			ENSG00000071242			rs9295358-A	rs9295358	0	9295358	intron_variant	0	0.719	7E-8	7.154901959985743		1.09527		NR [9372253] (imputed)	N	bipolar I disorder	http://www.ebi.ac.uk/efo/EFO_0009963	GCST008115	Genome-wide genotyping array
2019-07-12	31043756	Stahl EA	2019-05-01	Nat Genet	www.ncbi.nlm.nih.gov/pubmed/31043756	Genome-wide association study identifies 30 loci associated with bipolar disorder.	Bipolar I disorder	14,879 European ancestry cases, 31,358 European ancestry controls	NA	3q26.1	3	167586401	NR	WDR49			ENSG00000174776			rs7613933-G	rs7613933	0	7613933	intron_variant	0	0.507	7E-7	6.154901959985743		1.0792842	[NR]	NR [9372253] (imputed)	N	bipolar I disorder	http://www.ebi.ac.uk/efo/EFO_0009963	GCST008115	Genome-wide genotyping array
2019-07-12	31043756	Stahl EA	2019-05-01	Nat Genet	www.ncbi.nlm.nih.gov/pubmed/31043756	Genome-wide association study identifies 30 loci associated with bipolar disorder.	Bipolar I disorder	14,879 European ancestry cases, 31,358 European ancestry controls	NA	20p12.1	20	14495111	NR	MACROD2			ENSG00000172264			rs6079463-G	rs6079463	0	6079463	intron_variant	0	0.19499999999999995	8E-7	6.096910013008056		1.0970205	[NR]	NR [9372253] (imputed)	N	bipolar I disorder	http://www.ebi.ac.uk/efo/EFO_0009963	GCST008115	Genome-wide genotyping array
2019-07-12	31043756	Stahl EA	2019-05-01	Nat Genet	www.ncbi.nlm.nih.gov/pubmed/31043756	Genome-wide association study identifies 30 loci associated with bipolar disorder.	Bipolar I disorder	14,879 European ancestry cases, 31,358 European ancestry controls	NA	4q26	4	117548415	NR	LINC01378			ENSG00000236922			rs998817-T	rs998817	0	998817	intron_variant	0	0.507	8E-7	6.096910013008056		1.07735		NR [9372253] (imputed)	N	bipolar I disorder	http://www.ebi.ac.uk/efo/EFO_0009963	GCST008115	Genome-wide genotyping array
2019-07-12	31043756	Stahl EA	2019-05-01	Nat Genet	www.ncbi.nlm.nih.gov/pubmed/31043756	Genome-wide association study identifies 30 loci associated with bipolar disorder.	Bipolar I disorder	14,879 European ancestry cases, 31,358 European ancestry controls	NA	1q32.1	1	199032122	intergenic	LINC01221			ENSG00000235492			rs115858175-G	rs115858175	1	111725205	intron_variant	0	0.16500000000000004	8E-7	6.096910013008056		1.1046184	[NR]	NR [9372253] (imputed)	N	bipolar I disorder	http://www.ebi.ac.uk/efo/EFO_0009963	GCST008115	Genome-wide genotyping array
2019-07-12	31043756	Stahl EA	2019-05-01	Nat Genet	www.ncbi.nlm.nih.gov/pubmed/31043756	Genome-wide association study identifies 30 loci associated with bipolar disorder.	Bipolar I disorder	14,879 European ancestry cases, 31,358 European ancestry controls	NA	5q31.3	5	140418422	PFDN1, HBEGF, SLC4A9, ANKHD1, ANKHD1-EIF4EBP3	ANKHD1, ANKHD1-EIF4EBP3			ENSG00000131503, ENSG00000254996			rs111998037-C	rs111998037	0	111998037	intron_variant	0	0.248	8E-7	6.096910013008056		1.0910003	[NR]	NR [9372253] (imputed)	N	bipolar I disorder	http://www.ebi.ac.uk/efo/EFO_0009963	GCST008115	Genome-wide genotyping array
2019-07-12	31043756	Stahl EA	2019-05-01	Nat Genet	www.ncbi.nlm.nih.gov/pubmed/31043756	Genome-wide association study identifies 30 loci associated with bipolar disorder.	Bipolar I disorder	14,879 European ancestry cases, 31,358 European ancestry controls	NA	13q33.3	13	109076822	NR	MYO16			ENSG00000041515			rs9521159-G	rs9521159	0	9521159	intron_variant	0	0.604	8E-7	6.096910013008056		1.0793891	[NR]	NR [9372253] (imputed)	N	bipolar I disorder	http://www.ebi.ac.uk/efo/EFO_0009963	GCST008115	Genome-wide genotyping array
2019-07-12	31043756	Stahl EA	2019-05-01	Nat Genet	www.ncbi.nlm.nih.gov/pubmed/31043756	Genome-wide association study identifies 30 loci associated with bipolar disorder.	Bipolar I disorder	14,879 European ancestry cases, 31,358 European ancestry controls	NA	3p21.31	3	50443604	NR	CACNA2D2			ENSG00000007402			rs11917269-G	rs11917269	0	11917269	intron_variant	0	0.738	9E-7	6.045757490560675		1.0916554	[NR]	NR [9372253] (imputed)	N	bipolar I disorder	http://www.ebi.ac.uk/efo/EFO_0009963	GCST008115	Genome-wide genotyping array
2019-07-12	31043756	Stahl EA	2019-05-01	Nat Genet	www.ncbi.nlm.nih.gov/pubmed/31043756	Genome-wide association study identifies 30 loci associated with bipolar disorder.	Bipolar I disorder	14,879 European ancestry cases, 31,358 European ancestry controls	NA	9q33.1	9	117186184	NR	ASTN2			ENSG00000148219			rs7858026-T	rs7858026	0	7858026	intron_variant	0	0.476	1E-6	6.0		1.0790745	[NR]	NR [9372253] (imputed)	N	bipolar I disorder	http://www.ebi.ac.uk/efo/EFO_0009963	GCST008115	Genome-wide genotyping array
2019-07-12	31043756	Stahl EA	2019-05-01	Nat Genet	www.ncbi.nlm.nih.gov/pubmed/31043756	Genome-wide association study identifies 30 loci associated with bipolar disorder.	Bipolar I disorder	14,879 European ancestry cases, 31,358 European ancestry controls	NA	8q21.3	8	89152810	NR	RLIG1P3 - RPSAP74	ENSG00000250962	ENSG00000253621		666716	90591	rs143685090-C	rs143685090	0	143685090	intergenic_variant	1	0.009000000000000008	1E-6	6.0		1.56816	[NR]	NR [9372253] (imputed)	N	bipolar I disorder	http://www.ebi.ac.uk/efo/EFO_0009963	GCST008115	Genome-wide genotyping array
2019-07-12	31043756	Stahl EA	2019-05-01	Nat Genet	www.ncbi.nlm.nih.gov/pubmed/31043756	Genome-wide association study identifies 30 loci associated with bipolar disorder.	Bipolar I disorder	14,879 European ancestry cases, 31,358 European ancestry controls	NA	6q25.2	6	152469438	SYNE1	SYNE1			ENSG00000131018			rs9371601-T	rs9371601	0	9371601	intron_variant	0	0.349	1E-6	6.0		1.07983		NR [9372253] (imputed)	N	bipolar I disorder	http://www.ebi.ac.uk/efo/EFO_0009963	GCST008115	Genome-wide genotyping array
2019-07-12	31043756	Stahl EA	2019-05-01	Nat Genet	www.ncbi.nlm.nih.gov/pubmed/31043756	Genome-wide association study identifies 30 loci associated with bipolar disorder.	Bipolar II disorder	3,421 European ancestry cases, 31,358 European ancestry controls	NA	19p13.2	19	6908884	NR	ADGRE1			ENSG00000174837			rs147650109-G	rs147650109	0	147650109	intron_variant	0	0.026000000000000023	7E-7	6.154901959985743		1.5724013	[NR]	NR [9372253] (imputed)	N	bipolar II disorder	http://www.ebi.ac.uk/efo/EFO_0009964	GCST008116	Genome-wide genotyping array
2019-07-12	31043756	Stahl EA	2019-05-01	Nat Genet	www.ncbi.nlm.nih.gov/pubmed/31043756	Genome-wide association study identifies 30 loci associated with bipolar disorder.	Bipolar II disorder	3,421 European ancestry cases, 31,358 European ancestry controls	NA	5p13.1	5	41654144	NR	PLCXD3 - OXCT1	ENSG00000182836	ENSG00000083720		143543	75920	rs72761817-G	rs72761817	0	72761817	intergenic_variant	1	0.025000000000000022	3E-7	6.522878745280337		1.5387928	[NR]	NR [9372253] (imputed)	N	bipolar II disorder	http://www.ebi.ac.uk/efo/EFO_0009964	GCST008116	Genome-wide genotyping array
2019-07-12	31043756	Stahl EA	2019-05-01	Nat Genet	www.ncbi.nlm.nih.gov/pubmed/31043756	Genome-wide association study identifies 30 loci associated with bipolar disorder.	Bipolar II disorder	3,421 European ancestry cases, 31,358 European ancestry controls	NA				NR							chr21_26773583_D-?	chr21_26773583_D	0			1	0.03400000000000003	9E-8	7.045757490560675		1.5260652	[NR]	NR [9372253] (imputed)	N	bipolar II disorder	http://www.ebi.ac.uk/efo/EFO_0009964	GCST008116	Genome-wide genotyping array
2019-07-12	31043756	Stahl EA	2019-05-01	Nat Genet	www.ncbi.nlm.nih.gov/pubmed/31043756	Genome-wide association study identifies 30 loci associated with bipolar disorder.	Bipolar II disorder	3,421 European ancestry cases, 31,358 European ancestry controls	NA	19p13.11	19	19247398	MEF2BNB-MEF2B, MEF2BNB, RFXANK, NR2C2AP, NCAN, HAPLN4, TM6SF2, SUGP1, MAU2, GATAD2A, TSSK6, NDUFA13, YJEFN3, CILP2, PBX4, LPAR2, GMIP, ATP13A1	NCAN			ENSG00000130287			rs111444407-T	rs111444407	0	111444407	intron_variant	0	0.144	4E-6	5.3979400086720375		1.18685	[NR]	NR [9372253] (imputed)	N	bipolar II disorder	http://www.ebi.ac.uk/efo/EFO_0009964	GCST008116	Genome-wide genotyping array
2019-07-12	31043756	Stahl EA	2019-05-01	Nat Genet	www.ncbi.nlm.nih.gov/pubmed/31043756	Genome-wide association study identifies 30 loci associated with bipolar disorder.	Bipolar II disorder	3,421 European ancestry cases, 31,358 European ancestry controls	NA	11q13.4	11	71576909	NR	KRTAP5-13P - KRTAP5-14P	ENSG00000248903	ENSG00000249387		7975	2819	rs79143696-C	rs79143696	0	79143696	intergenic_variant	1	0.0212	9E-8	7.045757490560675		1.66496	[NR]	NR [9372253] (imputed)	N	bipolar II disorder	http://www.ebi.ac.uk/efo/EFO_0009964	GCST008116	Genome-wide genotyping array
2019-07-12	31043756	Stahl EA	2019-05-01	Nat Genet	www.ncbi.nlm.nih.gov/pubmed/31043756	Genome-wide association study identifies 30 loci associated with bipolar disorder.	Schizoaffective disorder-bipolar type	977 European ancestry cases, 31,358 European ancestry controls	NA	9q22.32	9	95602990	NR	PTCH1 - ERCC6L2-AS1	ENSG00000185920	ENSG00000175611		85933	156241	rs140724264-G	rs140724264	0	140724264	intron_variant	1	0.025000000000000022	2E-7	6.698970004336019		2.0680385	[NR]	NR [9372253] (imputed)	N	Schizoaffective disorder-bipolar type	http://www.ebi.ac.uk/efo/EFO_0009965	GCST008117	Genome-wide genotyping array
2019-07-12	31043756	Stahl EA	2019-05-01	Nat Genet	www.ncbi.nlm.nih.gov/pubmed/31043756	Genome-wide association study identifies 30 loci associated with bipolar disorder.	Schizoaffective disorder-bipolar type	977 European ancestry cases, 31,358 European ancestry controls	NA	11q24.1	11	123653388	NR	SCN3B			ENSG00000166257			rs3851101-G	rs3851101	0	3851101	intron_variant	0	0.136	4E-7	6.3979400086720375		1.4237511	[NR]	NR [9372253] (imputed)	N	Schizoaffective disorder-bipolar type	http://www.ebi.ac.uk/efo/EFO_0009965	GCST008117	Genome-wide genotyping array
2019-07-12	31043756	Stahl EA	2019-05-01	Nat Genet	www.ncbi.nlm.nih.gov/pubmed/31043756	Genome-wide association study identifies 30 loci associated with bipolar disorder.	Schizoaffective disorder-bipolar type	977 European ancestry cases, 31,358 European ancestry controls	NA	7p13	7	44936750	NR	PURB - MYO1G	ENSG00000146676	ENSG00000136286		51220	25912	rs1990042-C	rs1990042	0	1990042	intergenic_variant	1	0.724	1E-6	6.0		1.405936	[NR]	NR [9372253] (imputed)	N	Schizoaffective disorder-bipolar type	http://www.ebi.ac.uk/efo/EFO_0009965	GCST008117	Genome-wide genotyping array
2019-07-12	31043756	Stahl EA	2019-05-01	Nat Genet	www.ncbi.nlm.nih.gov/pubmed/31043756	Genome-wide association study identifies 30 loci associated with bipolar disorder.	Schizoaffective disorder-bipolar type	977 European ancestry cases, 31,358 European ancestry controls	NA	2q32.1	2	185171397	NR	ZNF804A - ELF2P4	ENSG00000170396	ENSG00000225406		231905	375738	rs62198555-G	rs62198555	0	62198555	intron_variant	1	0.5760000000000001	7E-7	6.154901959985743		1.3027787	[NR]	NR [9372253] (imputed)	N	Schizoaffective disorder-bipolar type	http://www.ebi.ac.uk/efo/EFO_0009965	GCST008117	Genome-wide genotyping array
2019-07-12	31043756	Stahl EA	2019-05-01	Nat Genet	www.ncbi.nlm.nih.gov/pubmed/31043756	Genome-wide association study identifies 30 loci associated with bipolar disorder.	Schizoaffective disorder-bipolar type	977 European ancestry cases, 31,358 European ancestry controls	NA	12q23.3	12	103617146	NR	STAB2			ENSG00000136011			rs703610-G	rs703610	0	703610	intron_variant	0	0.528	7E-7	6.154901959985743		1.2964116	[NR]	NR [9372253] (imputed)	N	Schizoaffective disorder-bipolar type	http://www.ebi.ac.uk/efo/EFO_0009965	GCST008117	Genome-wide genotyping array
2019-07-12	31043756	Stahl EA	2019-05-01	Nat Genet	www.ncbi.nlm.nih.gov/pubmed/31043756	Genome-wide association study identifies 30 loci associated with bipolar disorder.	Schizoaffective disorder-bipolar type	977 European ancestry cases, 31,358 European ancestry controls	NA	7q21.11	7	82927912	NR	PCLO			ENSG00000186472			rs10954695-A	rs10954695	0	10954695	intron_variant	0	0.373	3E-7	6.522878745280337		1.30591	[NR]	NR [9372253] (imputed)	N	Schizoaffective disorder-bipolar type	http://www.ebi.ac.uk/efo/EFO_0009965	GCST008117	Genome-wide genotyping array
2019-07-12	31043756	Stahl EA	2019-05-01	Nat Genet	www.ncbi.nlm.nih.gov/pubmed/31043756	Genome-wide association study identifies 30 loci associated with bipolar disorder.	Schizoaffective disorder-bipolar type	977 European ancestry cases, 31,358 European ancestry controls	NA	1p21.2	1	101217609	NR	DPH5-DT - S1PR1-DT	ENSG00000233184	ENSG00000225938		127096	11160	rs12405527-A	rs12405527	0	12405527	intron_variant	1	0.0702	6E-7	6.221848749616356		1.71343	[NR]	NR [9372253] (imputed)	N	Schizoaffective disorder-bipolar type	http://www.ebi.ac.uk/efo/EFO_0009965	GCST008117	Genome-wide genotyping array
2019-07-12	31043756	Stahl EA	2019-05-01	Nat Genet	www.ncbi.nlm.nih.gov/pubmed/31043756	Genome-wide association study identifies 30 loci associated with bipolar disorder.	Schizoaffective disorder-bipolar type	977 European ancestry cases, 31,358 European ancestry controls	NA	14q24.3	14	78645876	NR	NRXN3			ENSG00000021645			rs11849937-T	rs11849937	0	11849937	intron_variant	0	0.034	8E-7	6.096910013008056		1.80273	[NR]	NR [9372253] (imputed)	N	Schizoaffective disorder-bipolar type	http://www.ebi.ac.uk/efo/EFO_0009965	GCST008117	Genome-wide genotyping array
2019-07-12	31043756	Stahl EA	2019-05-01	Nat Genet	www.ncbi.nlm.nih.gov/pubmed/31043756	Genome-wide association study identifies 30 loci associated with bipolar disorder.	Schizoaffective disorder-bipolar type	977 European ancestry cases, 31,358 European ancestry controls	NA	8q24.11	8	116848536	NR	UTP23, RAD21			ENSG00000147679, ENSG00000164754			rs10098598-T	rs10098598	0	10098598	intron_variant	0	0.0302	6E-7	6.221848749616356		1.94507	[NR]	NR [9372253] (imputed)	N	Schizoaffective disorder-bipolar type	http://www.ebi.ac.uk/efo/EFO_0009965	GCST008117	Genome-wide genotyping array
2019-07-12	31043756	Stahl EA	2019-05-01	Nat Genet	www.ncbi.nlm.nih.gov/pubmed/31043756	Genome-wide association study identifies 30 loci associated with bipolar disorder.	Bipolar I disorder	14,879 European ancestry cases, 31,358 European ancestry controls	NA	3p22.2	3	36814539	TRANK1	HSPD1P6 - LINC02033	ENSG00000230067	ENSG00000279727		45740	4737	rs9834970-C	rs9834970	0	9834970	regulatory_region_variant	1	0.491	4E-14	13.397940008672037		1.1213151	[NR]	NR [9372253] (imputed)	N	bipolar I disorder	http://www.ebi.ac.uk/efo/EFO_0009963	GCST008115	Genome-wide genotyping array
2019-07-12	31043756	Stahl EA	2019-05-01	Nat Genet	www.ncbi.nlm.nih.gov/pubmed/31043756	Genome-wide association study identifies 30 loci associated with bipolar disorder.	Bipolar I disorder	14,879 European ancestry cases, 31,358 European ancestry controls	NA	19p13.11	19	19247398	MEF2BNB-MEF2B, MEF2BNB, RFXANK, NR2C2AP, NCAN, HAPLN4, TM6SF2, SUGP1, MAU2, GATAD2A, TSSK6, NDUFA13, YJEFN3, CILP2, PBX4, LPAR2, GMIP, ATP13A1	NCAN			ENSG00000130287			rs111444407-T	rs111444407	0	111444407	intron_variant	0	0.147	3E-9	8.522878745280337		1.13032		NR [9372253] (imputed)	N	bipolar I disorder	http://www.ebi.ac.uk/efo/EFO_0009963	GCST008115	Genome-wide genotyping array
2019-07-12	31043756	Stahl EA	2019-05-01	Nat Genet	www.ncbi.nlm.nih.gov/pubmed/31043756	Genome-wide association study identifies 30 loci associated with bipolar disorder.	Bipolar I disorder	14,879 European ancestry cases, 31,358 European ancestry controls	NA	7p22.3	7	1940114	NR	MAD1L1			ENSG00000002822			rs10950456-A	rs10950456	0	10950456	intron_variant	0	0.572	6E-9	8.221848749616356		1.0945		NR [9372253] (imputed)	N	bipolar I disorder	http://www.ebi.ac.uk/efo/EFO_0009963	GCST008115	Genome-wide genotyping array
2019-07-12	31043756	Stahl EA	2019-05-01	Nat Genet	www.ncbi.nlm.nih.gov/pubmed/31043756	Genome-wide association study identifies 30 loci associated with bipolar disorder.	Bipolar I disorder	14,879 European ancestry cases, 31,358 European ancestry controls	NA				ADCY2							chr5_7587236_D-?	chr5_7587236_D	0			1	0.17800000000000005	7E-9	8.154901959985743		1.123444	[NR]	NR [9372253] (imputed)	N	bipolar I disorder	http://www.ebi.ac.uk/efo/EFO_0009963	GCST008115	Genome-wide genotyping array
2019-07-12	31043756	Stahl EA	2019-05-01	Nat Genet	www.ncbi.nlm.nih.gov/pubmed/31043756	Genome-wide association study identifies 30 loci associated with bipolar disorder.	Bipolar I disorder	14,879 European ancestry cases, 31,358 European ancestry controls	NA	12p13.33	12	2277933	CACNA1C, CACNA1C-AS4, CACNA1C-IT3	CACNA1C, CACNA1C-IT3			ENSG00000151067, ENSG00000256721			rs10744560-T	rs10744560	0	10744560	intron_variant	0	0.336	8E-9	8.096910013008056		1.09483		NR [9372253] (imputed)	N	bipolar I disorder	http://www.ebi.ac.uk/efo/EFO_0009963	GCST008115	Genome-wide genotyping array
2019-07-12	31043756	Stahl EA	2019-05-01	Nat Genet	www.ncbi.nlm.nih.gov/pubmed/31043756	Genome-wide association study identifies 30 loci associated with bipolar disorder.	Bipolar I disorder	14,879 European ancestry cases, 31,358 European ancestry controls	NA	15q14	15	38681592	NR	LINC02694			ENSG00000175779			rs35958438-G	rs35958438	0	35958438	intron_variant	0	0.776	1E-8	8.0		1.1116052	[NR]	NR [9372253] (imputed)	N	bipolar I disorder	http://www.ebi.ac.uk/efo/EFO_0009963	GCST008115	Genome-wide genotyping array
2019-07-12	31043756	Stahl EA	2019-05-01	Nat Genet	www.ncbi.nlm.nih.gov/pubmed/31043756	Genome-wide association study identifies 30 loci associated with bipolar disorder.	Bipolar I disorder	14,879 European ancestry cases, 31,358 European ancestry controls	NA	10q21.2	10	60366098	ANK3	ANK3			ENSG00000151150			rs10994318-C	rs10994318	0	10994318	intron_variant	0	0.0574	2E-8	7.698970004336019		1.19339		NR [9372253] (imputed)	N	bipolar I disorder	http://www.ebi.ac.uk/efo/EFO_0009963	GCST008115	Genome-wide genotyping array
2019-07-12	31043756	Stahl EA	2019-05-01	Nat Genet	www.ncbi.nlm.nih.gov/pubmed/31043756	Genome-wide association study identifies 30 loci associated with bipolar disorder.	Bipolar I disorder	14,879 European ancestry cases, 31,358 European ancestry controls	NA	8q24.3	8	144002361	PLEC, MIR661, PARP10, GRINA, SPATC1, OPLAH, EXOSC4, GPAA1	PARP10			ENSG00000178685			rs57957974-A	rs57957974	0	57957974	intron_variant	0	0.351	2E-8	7.698970004336019		1.09582		NR [9372253] (imputed)	N	bipolar I disorder	http://www.ebi.ac.uk/efo/EFO_0009963	GCST008115	Genome-wide genotyping array
2019-07-12	31043756	Stahl EA	2019-05-01	Nat Genet	www.ncbi.nlm.nih.gov/pubmed/31043756	Genome-wide association study identifies 30 loci associated with bipolar disorder.	Bipolar I disorder	14,879 European ancestry cases, 31,358 European ancestry controls	NA	2p23.2	2	27891044	NR	MRPL33, BABAM2			ENSG00000243147, ENSG00000158019			rs2305929-G	rs2305929	0	2305929	intron_variant	0	0.17600000000000005	2E-8	7.698970004336019		1.1169441	[NR]	NR [9372253] (imputed)	N	bipolar I disorder	http://www.ebi.ac.uk/efo/EFO_0009963	GCST008115	Genome-wide genotyping array
2019-07-12	31043756	Stahl EA	2019-05-01	Nat Genet	www.ncbi.nlm.nih.gov/pubmed/31043756	Genome-wide association study identifies 30 loci associated with bipolar disorder.	Bipolar I disorder	14,879 European ancestry cases, 31,358 European ancestry controls	NA	11q13.1	11	66087090	NR	PACS1			ENSG00000175115			rs489337-G	rs489337	0	489337	intron_variant	0	0.765	2E-8	7.698970004336019		1.1068313	[NR]	NR [9372253] (imputed)	N	bipolar I disorder	http://www.ebi.ac.uk/efo/EFO_0009963	GCST008115	Genome-wide genotyping array
2019-07-12	31043756	Stahl EA	2019-05-01	Nat Genet	www.ncbi.nlm.nih.gov/pubmed/31043756	Genome-wide association study identifies 30 loci associated with bipolar disorder.	Bipolar I disorder	14,879 European ancestry cases, 31,358 European ancestry controls	NA	11q12.2	11	61824435	MYRF, TMEM258, MIR611, FEN1, FADS1, MIR1908, FADS2, FADS3	FADS2, FADS1			ENSG00000134824, ENSG00000149485			rs12226877-A	rs12226877	0	12226877	intron_variant	0	0.293	3E-8	7.522878745280337		1.10429		NR [9372253] (imputed)	N	bipolar I disorder	http://www.ebi.ac.uk/efo/EFO_0009963	GCST008115	Genome-wide genotyping array
2019-07-12	31043756	Stahl EA	2019-05-01	Nat Genet	www.ncbi.nlm.nih.gov/pubmed/31043756	Genome-wide association study identifies 30 loci associated with bipolar disorder.	Bipolar I disorder	14,879 European ancestry cases, 31,358 European ancestry controls	NA	15q15.2	15	42738205	NR	TTBK2-AS1			ENSG00000246283			rs112968809-A	rs112968809	0	112968809	intron_variant	0	0.229	3E-8	7.522878745280337		1.10362		NR [9372253] (imputed)	N	bipolar I disorder	http://www.ebi.ac.uk/efo/EFO_0009963	GCST008115	Genome-wide genotyping array
2019-07-12	31043756	Stahl EA	2019-05-01	Nat Genet	www.ncbi.nlm.nih.gov/pubmed/31043756	Genome-wide association study identifies 30 loci associated with bipolar disorder.	Bipolar I disorder	14,879 European ancestry cases, 31,358 European ancestry controls	NA	15q25.2	15	84610573	NR	ZSCAN2-AS1, ZSCAN2			ENSG00000275120, ENSG00000176371			rs71395455-A	rs71395455	0	71395455	intron_variant	0	0.684	4E-8	7.3979400086720375		1.09461		NR [9372253] (imputed)	N	bipolar I disorder	http://www.ebi.ac.uk/efo/EFO_0009963	GCST008115	Genome-wide genotyping array
2019-07-12	31043756	Stahl EA	2019-05-01	Nat Genet	www.ncbi.nlm.nih.gov/pubmed/31043756	Genome-wide association study identifies 30 loci associated with bipolar disorder.	Bipolar I disorder	14,879 European ancestry cases, 31,358 European ancestry controls	NA	3p21.1	3	52817121	NR	ITIH4			ENSG00000055955			rs2240917-T	rs2240917	0	2240917	intron_variant	0	0.613	5E-8	7.301029995663981		1.08872		NR [9372253] (imputed)	N	bipolar I disorder	http://www.ebi.ac.uk/efo/EFO_0009963	GCST008115	Genome-wide genotyping array
2019-07-12	31043756	Stahl EA	2019-05-01	Nat Genet	www.ncbi.nlm.nih.gov/pubmed/31043756	Genome-wide association study identifies 30 loci associated with bipolar disorder.	Bipolar I disorder	14,879 European ancestry cases, 31,358 European ancestry controls	NA	20q13.13	20	51003734	DPM1, MOCS3, KCNG1	KCNG1			ENSG00000026559			rs1850-C	rs1850	0	1850	3_prime_UTR_variant	0	0.347	6E-8	7.221848749616356		1.0911194	[NR]	NR [9372253] (imputed)	N	bipolar I disorder	http://www.ebi.ac.uk/efo/EFO_0009963	GCST008115	Genome-wide genotyping array
2019-07-12	31043756	Stahl EA	2019-05-01	Nat Genet	www.ncbi.nlm.nih.gov/pubmed/31043756	Genome-wide association study identifies 30 loci associated with bipolar disorder.	Bipolar I disorder	14,879 European ancestry cases, 31,358 European ancestry controls	NA	6p12.3	6	50849005	TFAP2D, TFAP2B	TFAP2B - RPS17P5	ENSG00000008196	ENSG00000060303		1386	8250	rs55648125-G	rs55648125	0	55648125	intergenic_variant	1	0.10499999999999998	6E-7	6.221848749616356		1.1280571	[NR]	NR [9372253] (imputed)	N	bipolar I disorder	http://www.ebi.ac.uk/efo/EFO_0009963	GCST008115	Genome-wide genotyping array
2019-07-12	31043756	Stahl EA	2019-05-01	Nat Genet	www.ncbi.nlm.nih.gov/pubmed/31043756	Genome-wide association study identifies 30 loci associated with bipolar disorder.	Bipolar I disorder	14,879 European ancestry cases, 31,358 European ancestry controls	NA	17q21.1	17	39933091	NR	LRRC3C			ENSG00000204913			rs4794820-G	rs4794820	0	4794820	intron_variant	0	0.55	1E-7	7.0		1.0867556	[NR]	NR [9372253] (imputed)	N	bipolar I disorder	http://www.ebi.ac.uk/efo/EFO_0009963	GCST008115	Genome-wide genotyping array
2019-07-12	31043756	Stahl EA	2019-05-01	Nat Genet	www.ncbi.nlm.nih.gov/pubmed/31043756	Genome-wide association study identifies 30 loci associated with bipolar disorder.	Bipolar I disorder	14,879 European ancestry cases, 31,358 European ancestry controls	NA	4q27	4	122588558	NR	IL2 - IL21	ENSG00000109471	ENSG00000138684		131833	21550	rs6848834-T	rs6848834	0	6848834	regulatory_region_variant	1	0.328	1E-7	7.0		1.08839		NR [9372253] (imputed)	N	bipolar I disorder	http://www.ebi.ac.uk/efo/EFO_0009963	GCST008115	Genome-wide genotyping array
2019-07-12	31043756	Stahl EA	2019-05-01	Nat Genet	www.ncbi.nlm.nih.gov/pubmed/31043756	Genome-wide association study identifies 30 loci associated with bipolar disorder.	Bipolar I disorder	14,879 European ancestry cases, 31,358 European ancestry controls	NA	14q32.33	14	104625694	C14orf180, TMEM179	TMEM179 - LINC02280	ENSG00000258986	ENSG00000260792		20047	35426	rs10147900-T	rs10147900	0	10147900	intergenic_variant	1	0.138	2E-7	6.698970004336019		1.16137		NR [9372253] (imputed)	N	bipolar I disorder	http://www.ebi.ac.uk/efo/EFO_0009963	GCST008115	Genome-wide genotyping array
2019-07-12	31043756	Stahl EA	2019-05-01	Nat Genet	www.ncbi.nlm.nih.gov/pubmed/31043756	Genome-wide association study identifies 30 loci associated with bipolar disorder.	Bipolar I disorder	14,879 European ancestry cases, 31,358 European ancestry controls	NA	2p16.1	2	57748579	intergenic	EIF2S2P7 - ACTG1P22	ENSG00000271115	ENSG00000271615		699243	16375	rs57681866-G	rs57681866	0	57681866	intron_variant	1	0.9384	2E-7	6.698970004336019		1.1913697	[NR]	NR [9372253] (imputed)	N	bipolar I disorder	http://www.ebi.ac.uk/efo/EFO_0009963	GCST008115	Genome-wide genotyping array
2019-07-12	31043756	Stahl EA	2019-05-01	Nat Genet	www.ncbi.nlm.nih.gov/pubmed/31043756	Genome-wide association study identifies 30 loci associated with bipolar disorder.	Bipolar I disorder	14,879 European ancestry cases, 31,358 European ancestry controls	NA	8q13.1	8	66342488	LOC100505676, RRS1, ADHFE1, C8orf46	RRS1-DT			ENSG00000246145			rs10092482-T	rs10092482	0	10092482	intron_variant	0	0.178	2E-7	6.698970004336019		1.1055		NR [9372253] (imputed)	N	bipolar I disorder	http://www.ebi.ac.uk/efo/EFO_0009963	GCST008115	Genome-wide genotyping array
2019-07-12	31043756	Stahl EA	2019-05-01	Nat Genet	www.ncbi.nlm.nih.gov/pubmed/31043756	Genome-wide association study identifies 30 loci associated with bipolar disorder.	Bipolar I disorder	14,879 European ancestry cases, 31,358 European ancestry controls	NA	12q15	12	68483007	NR	LINC02384			ENSG00000251301			rs2052387-A	rs2052387	0	2052387	intron_variant	0	0.357	2E-7	6.698970004336019		1.08546		NR [9372253] (imputed)	N	bipolar I disorder	http://www.ebi.ac.uk/efo/EFO_0009963	GCST008115	Genome-wide genotyping array
2019-07-12	31043756	Stahl EA	2019-05-01	Nat Genet	www.ncbi.nlm.nih.gov/pubmed/31043756	Genome-wide association study identifies 30 loci associated with bipolar disorder.	Bipolar I disorder	14,879 European ancestry cases, 31,358 European ancestry controls	NA	5q31.2	5	138358306	CDC25C, FAM53C, KDM3B, REEP2	KDM3B			ENSG00000120733			rs10058613-C	rs10058613	0	10058613	intron_variant	0	0.31599999999999995	2E-7	6.698970004336019		1.0936253	[NR]	NR [9372253] (imputed)	N	bipolar I disorder	http://www.ebi.ac.uk/efo/EFO_0009963	GCST008115	Genome-wide genotyping array
2019-07-12	31043756	Stahl EA	2019-05-01	Nat Genet	www.ncbi.nlm.nih.gov/pubmed/31043756	Genome-wide association study identifies 30 loci associated with bipolar disorder.	Bipolar I disorder	14,879 European ancestry cases, 31,358 European ancestry controls	NA	7p13	7	44946070	NR	PURB - MYO1G	ENSG00000146676	ENSG00000136286		60540	16592	rs11972012-G	rs11972012	0	11972012	intergenic_variant	1	0.75	2E-7	6.698970004336019		1.1122727	[NR]	NR [9372253] (imputed)	N	bipolar I disorder	http://www.ebi.ac.uk/efo/EFO_0009963	GCST008115	Genome-wide genotyping array
2019-07-12	31043756	Stahl EA	2019-05-01	Nat Genet	www.ncbi.nlm.nih.gov/pubmed/31043756	Genome-wide association study identifies 30 loci associated with bipolar disorder.	Bipolar I disorder	14,879 European ancestry cases, 31,358 European ancestry controls	NA	7q31.1	7	110557355	IMMP2L	RPL3P8 - IMMP2L	ENSG00000232199	ENSG00000184903		557731	105289	rs13231398-G	rs13231398	0	13231398	intergenic_variant	1	0.889	2E-7	6.698970004336019		1.1363249	[NR]	NR [9372253] (imputed)	N	bipolar I disorder	http://www.ebi.ac.uk/efo/EFO_0009963	GCST008115	Genome-wide genotyping array
2019-07-12	31043756	Stahl EA	2019-05-01	Nat Genet	www.ncbi.nlm.nih.gov/pubmed/31043756	Genome-wide association study identifies 30 loci associated with bipolar disorder.	Bipolar I disorder	14,879 European ancestry cases, 31,358 European ancestry controls	NA	4q26	4	117624232	NR	LINC01378			ENSG00000236922			rs1948223-C	rs1948223	0	1948223	intron_variant	0	0.33899999999999997	6E-7	6.221848749616356		1.0842576	[NR]	NR [9372253] (imputed)	N	bipolar I disorder	http://www.ebi.ac.uk/efo/EFO_0009963	GCST008115	Genome-wide genotyping array
2019-07-09	31043756	Stahl EA	2019-05-01	Nat Genet	www.ncbi.nlm.nih.gov/pubmed/31043756	Genome-wide association study identifies 30 loci associated with bipolar disorder.	Bipolar disorder	20,352 European ancestry cases, 31,358 European ancestry controls	9,412 European ancestry cases, 137,760 European ancestry controls	2p23.2	2	28293404	BRE, LOC100505716	BABAM2			ENSG00000158019			rs7567409-A	rs7567409	0	7567409	intron_variant	0	0.155	3E-7	6.522878745280337		1.08058	[1.05-1.11]	NR [9372253] (imputed)	N	bipolar disorder	http://purl.obolibrary.org/obo/MONDO_0004985	GCST008103	Genome-wide genotyping array
2019-07-09	31043756	Stahl EA	2019-05-01	Nat Genet	www.ncbi.nlm.nih.gov/pubmed/31043756	Genome-wide association study identifies 30 loci associated with bipolar disorder.	Bipolar disorder	20,352 European ancestry cases, 31,358 European ancestry controls	9,412 European ancestry cases, 137,760 European ancestry controls	15q14	15	38694612	C15orf53	LINC02694			ENSG00000175779			rs12898460-C	rs12898460	0	12898460	intron_variant	0	0.69	3E-7	6.522878745280337		1.0639656		NR [9372253] (imputed)	N	bipolar disorder	http://purl.obolibrary.org/obo/MONDO_0004985	GCST008103	Genome-wide genotyping array
2019-07-09	31043756	Stahl EA	2019-05-01	Nat Genet	www.ncbi.nlm.nih.gov/pubmed/31043756	Genome-wide association study identifies 30 loci associated with bipolar disorder.	Bipolar disorder	20,352 European ancestry cases, 31,358 European ancestry controls	9,412 European ancestry cases, 137,760 European ancestry controls	3p21.31	3	44780094	ZNF35, ZNF502, ZNF501, KIAA1143, KIF15, MIR564, TMEM42, TGM4, ZDHHC3	KIF15			ENSG00000163808			rs63722863-G	rs63722863	1	6786371	intron_variant	0	0.474	3E-7	6.522878745280337		1.0619432		NR [9372253] (imputed)	N	bipolar disorder	http://purl.obolibrary.org/obo/MONDO_0004985	GCST008103	Genome-wide genotyping array
2019-07-09	31043756	Stahl EA	2019-05-01	Nat Genet	www.ncbi.nlm.nih.gov/pubmed/31043756	Genome-wide association study identifies 30 loci associated with bipolar disorder.	Bipolar disorder	20,352 European ancestry cases, 31,358 European ancestry controls	9,412 European ancestry cases, 137,760 European ancestry controls	11p15.2	11	14767417	PSMA1, PDE3B, CYP2R1	PDE3B			ENSG00000152270			rs66752127-G	rs66752127	1	10832300	intron_variant	0	0.381	4E-7	6.3979400086720375		1.0613008		NR [9372253] (imputed)	N	bipolar disorder	http://purl.obolibrary.org/obo/MONDO_0004985	GCST008103	Genome-wide genotyping array
2019-07-09	31043756	Stahl EA	2019-05-01	Nat Genet	www.ncbi.nlm.nih.gov/pubmed/31043756	Genome-wide association study identifies 30 loci associated with bipolar disorder.	Bipolar disorder	20,352 European ancestry cases, 31,358 European ancestry controls	9,412 European ancestry cases, 137,760 European ancestry controls	17q22	17	55258467	HLF	STXBP4 - HLF	ENSG00000166263	ENSG00000108924		84835	6493	rs1477143-T	rs1477143	0	1477143	intergenic_variant	1	0.259	4E-7	6.3979400086720375		1.06812	[1.04-1.09]	NR [9372253] (imputed)	N	bipolar disorder	http://purl.obolibrary.org/obo/MONDO_0004985	GCST008103	Genome-wide genotyping array
2019-07-09	31043756	Stahl EA	2019-05-01	Nat Genet	www.ncbi.nlm.nih.gov/pubmed/31043756	Genome-wide association study identifies 30 loci associated with bipolar disorder.	Bipolar disorder	20,352 European ancestry cases, 31,358 European ancestry controls	9,412 European ancestry cases, 137,760 European ancestry controls				NME1-NME2, NME1, NME2, MBTD1, UTP18							chr17_49345320_D-?	chr17_49345320_D	0			1	0.552	4E-7	6.3979400086720375		1.05855	[1.04-1.08]	NR [9372253] (imputed)	N	bipolar disorder	http://purl.obolibrary.org/obo/MONDO_0004985	GCST008103	Genome-wide genotyping array
2019-07-09	31043756	Stahl EA	2019-05-01	Nat Genet	www.ncbi.nlm.nih.gov/pubmed/31043756	Genome-wide association study identifies 30 loci associated with bipolar disorder.	Bipolar disorder	20,352 European ancestry cases, 31,358 European ancestry controls	9,412 European ancestry cases, 137,760 European ancestry controls	11q14.1	11	79445704	TENM4, MIR708, MIR5579	TENM4 - RNU6-544P	ENSG00000149256	ENSG00000200146		4674	1082256	rs73496688-A	rs73496688	0	73496688	intergenic_variant	1	0.144	4E-7	6.3979400086720375		1.08307	[1.05-1.11]	NR [9372253] (imputed)	N	bipolar disorder	http://purl.obolibrary.org/obo/MONDO_0004985	GCST008103	Genome-wide genotyping array
2019-07-09	31043756	Stahl EA	2019-05-01	Nat Genet	www.ncbi.nlm.nih.gov/pubmed/31043756	Genome-wide association study identifies 30 loci associated with bipolar disorder.	Bipolar disorder	20,352 European ancestry cases, 31,358 European ancestry controls	9,412 European ancestry cases, 137,760 European ancestry controls	7p15.3	7	21452971	SP4, DNAH11	SP4			ENSG00000105866			rs6954854-G	rs6954854	0	6954854	intron_variant	0	0.42600000000000005	4E-7	6.3979400086720375		1.0583354		NR [9372253] (imputed)	N	bipolar disorder	http://purl.obolibrary.org/obo/MONDO_0004985	GCST008103	Genome-wide genotyping array
2019-07-09	31043756	Stahl EA	2019-05-01	Nat Genet	www.ncbi.nlm.nih.gov/pubmed/31043756	Genome-wide association study identifies 30 loci associated with bipolar disorder.	Bipolar disorder	20,352 European ancestry cases, 31,358 European ancestry controls	9,412 European ancestry cases, 137,760 European ancestry controls	12q24.11	12	110824378	CCDC63	PPP1CC - RPL29P25	ENSG00000186298	ENSG00000241286		81439	17160	rs12833856-G	rs12833856	0	12833856	intergenic_variant	1	0.357	4E-7	6.3979400086720375		1.0670536		NR [9372253] (imputed)	N	bipolar disorder	http://purl.obolibrary.org/obo/MONDO_0004985	GCST008103	Genome-wide genotyping array
2019-07-09	31043756	Stahl EA	2019-05-01	Nat Genet	www.ncbi.nlm.nih.gov/pubmed/31043756	Genome-wide association study identifies 30 loci associated with bipolar disorder.	Bipolar disorder	20,352 European ancestry cases, 31,358 European ancestry controls	9,412 European ancestry cases, 137,760 European ancestry controls	17q25.3	17	80489926	NPTX1	NPTX1 - RPL32P31	ENSG00000171246	ENSG00000213128		12083	52277	rs7222752-G	rs7222752	0	7222752	intergenic_variant	1	0.17300000000000004	5E-7	6.301029995663981		1.0842576		NR [9372253] (imputed)	N	bipolar disorder	http://purl.obolibrary.org/obo/MONDO_0004985	GCST008103	Genome-wide genotyping array
2019-07-09	31043756	Stahl EA	2019-05-01	Nat Genet	www.ncbi.nlm.nih.gov/pubmed/31043756	Genome-wide association study identifies 30 loci associated with bipolar disorder.	Bipolar disorder	20,352 European ancestry cases, 31,358 European ancestry controls	9,412 European ancestry cases, 137,760 European ancestry controls				CELF1, PTPMT1, KBTBD4, NDUFS3, FAM180B, C1QTNF4							chr11_47580062_D-?	chr11_47580062_D	0			1	0.0881	5E-7	6.301029995663981		1.12705	[1.08-1.17]	NR [9372253] (imputed)	N	bipolar disorder	http://purl.obolibrary.org/obo/MONDO_0004985	GCST008103	Genome-wide genotyping array
2019-07-09	31043756	Stahl EA	2019-05-01	Nat Genet	www.ncbi.nlm.nih.gov/pubmed/31043756	Genome-wide association study identifies 30 loci associated with bipolar disorder.	Bipolar disorder	20,352 European ancestry cases, 31,358 European ancestry controls	9,412 European ancestry cases, 137,760 European ancestry controls	17q21.1	17	40007683	LRRC3C, GSDMA, PSMD3, CSF3, MED24, SNORD124, THRA	PSMD3-AS1			ENSG00000265799			rs8067817-T	rs8067817	0	8067817	intron_variant	0	0.557	6E-7	6.221848749616356		1.05781	[1.04-1.08]	NR [9372253] (imputed)	N	bipolar disorder	http://purl.obolibrary.org/obo/MONDO_0004985	GCST008103	Genome-wide genotyping array
2019-07-09	31043756	Stahl EA	2019-05-01	Nat Genet	www.ncbi.nlm.nih.gov/pubmed/31043756	Genome-wide association study identifies 30 loci associated with bipolar disorder.	Bipolar disorder	20,352 European ancestry cases, 31,358 European ancestry controls	9,412 European ancestry cases, 137,760 European ancestry controls	1p21.3	1	95142777	ALG14, TMEM56, TMEM56-RWDD3	TLCD4-RWDD3, TLCD4			ENSG00000271092, ENSG00000152078			rs72966520-C	rs72966520	0	72966520	5_prime_UTR_variant	0	0.9361	6E-7	6.221848749616356		1.1261388		NR [9372253] (imputed)	N	bipolar disorder	http://purl.obolibrary.org/obo/MONDO_0004985	GCST008103	Genome-wide genotyping array
2019-07-09	31043756	Stahl EA	2019-05-01	Nat Genet	www.ncbi.nlm.nih.gov/pubmed/31043756	Genome-wide association study identifies 30 loci associated with bipolar disorder.	Bipolar disorder	20,352 European ancestry cases, 31,358 European ancestry controls	9,412 European ancestry cases, 137,760 European ancestry controls	3p22.1	3	42473630	LYZL4, VIPR1	RPL35AP8 - VIPR1	ENSG00000235787	ENSG00000114812		3751	15669	rs11709009-A	rs11709009	0	11709009	non_coding_transcript_exon_variant	1	0.194	6E-7	6.221848749616356		1.0724	[1.04-1.1]	NR [9372253] (imputed)	N	bipolar disorder	http://purl.obolibrary.org/obo/MONDO_0004985	GCST008103	Genome-wide genotyping array
2019-07-09	31043756	Stahl EA	2019-05-01	Nat Genet	www.ncbi.nlm.nih.gov/pubmed/31043756	Genome-wide association study identifies 30 loci associated with bipolar disorder.	Bipolar disorder	20,352 European ancestry cases, 31,358 European ancestry controls	9,412 European ancestry cases, 137,760 European ancestry controls	22q11.22	22	21747706	PPIL2, YPEL1, MAPK1, PPM1F, TOP3B	YPEL1 - MAPK1	ENSG00000100027	ENSG00000100030		11912	7831	rs5754941-C	rs5754941	0	5754941	intergenic_variant	1	0.437	6E-7	6.221848749616356		1.05792	[1.04-1.08]	NR [9372253] (imputed)	N	bipolar disorder	http://purl.obolibrary.org/obo/MONDO_0004985	GCST008103	Genome-wide genotyping array
2019-07-09	31043756	Stahl EA	2019-05-01	Nat Genet	www.ncbi.nlm.nih.gov/pubmed/31043756	Genome-wide association study identifies 30 loci associated with bipolar disorder.	Bipolar disorder	20,352 European ancestry cases, 31,358 European ancestry controls	9,412 European ancestry cases, 137,760 European ancestry controls	19q13.33	19	47601390	ZNF541, GLTSCR1	RN7SL322P - BICRA-AS2	ENSG00000276588	ENSG00000277383		20069	6480	rs74577022-A	rs74577022	1	2921552	intergenic_variant	1	0.738	7E-7	6.154901959985743		1.06823	[1.04-1.09]	NR [9372253] (imputed)	N	bipolar disorder	http://purl.obolibrary.org/obo/MONDO_0004985	GCST008103	Genome-wide genotyping array
2019-07-09	31043756	Stahl EA	2019-05-01	Nat Genet	www.ncbi.nlm.nih.gov/pubmed/31043756	Genome-wide association study identifies 30 loci associated with bipolar disorder.	Bipolar disorder	20,352 European ancestry cases, 31,358 European ancestry controls	9,412 European ancestry cases, 137,760 European ancestry controls	6p21.32	6	32335895	GPSM3, NOTCH4, C6orf10	TSBP1, TSBP1-AS1			ENSG00000204296, ENSG00000225914			rs116403057-A	rs116403057	1	6909607	intron_variant	0	0.111	7E-7	6.154901959985743		1.09166	[1.06-1.13]	NR [9372253] (imputed)	N	bipolar disorder	http://purl.obolibrary.org/obo/MONDO_0004985	GCST008103	Genome-wide genotyping array
2019-07-09	31043756	Stahl EA	2019-05-01	Nat Genet	www.ncbi.nlm.nih.gov/pubmed/31043756	Genome-wide association study identifies 30 loci associated with bipolar disorder.	Bipolar disorder	20,352 European ancestry cases, 31,358 European ancestry controls	9,412 European ancestry cases, 137,760 European ancestry controls	13q21.32	13	65233151	intergenic	LGMNP1 - STARP1	ENSG00000214269	ENSG00000214266		273755	76704	rs778433-A	rs778433	0	778433	intergenic_variant	1	0.435	7E-7	6.154901959985743		1.05802	[1.04-1.08]	NR [9372253] (imputed)	N	bipolar disorder	http://purl.obolibrary.org/obo/MONDO_0004985	GCST008103	Genome-wide genotyping array
2019-07-09	31043756	Stahl EA	2019-05-01	Nat Genet	www.ncbi.nlm.nih.gov/pubmed/31043756	Genome-wide association study identifies 30 loci associated with bipolar disorder.	Bipolar disorder	20,352 European ancestry cases, 31,358 European ancestry controls	9,412 European ancestry cases, 137,760 European ancestry controls	12q15	12	68487269	intergenic	LINC02384			ENSG00000251301			rs10878840-G	rs10878840	0	10878840	intron_variant	0	0.381	7E-7	6.154901959985743		1.0585483		NR [9372253] (imputed)	N	bipolar disorder	http://purl.obolibrary.org/obo/MONDO_0004985	GCST008103	Genome-wide genotyping array
2019-07-09	31043756	Stahl EA	2019-05-01	Nat Genet	www.ncbi.nlm.nih.gov/pubmed/31043756	Genome-wide association study identifies 30 loci associated with bipolar disorder.	Bipolar disorder	20,352 European ancestry cases, 31,358 European ancestry controls	9,412 European ancestry cases, 137,760 European ancestry controls	2p25.1	2	9270500	ASAP2	ASAP2			ENSG00000151693			rs907162-C	rs907162	0	907162	intron_variant	0	0.401	8E-7	6.096910013008056		1.0597149		NR [9372253] (imputed)	N	bipolar disorder	http://purl.obolibrary.org/obo/MONDO_0004985	GCST008103	Genome-wide genotyping array
2019-07-09	31043756	Stahl EA	2019-05-01	Nat Genet	www.ncbi.nlm.nih.gov/pubmed/31043756	Genome-wide association study identifies 30 loci associated with bipolar disorder.	Bipolar disorder	20,352 European ancestry cases, 31,358 European ancestry controls	9,412 European ancestry cases, 137,760 European ancestry controls	2p16.1	2	60680195	intergenic	RN7SL361P - IFITM3P9	ENSG00000242158	ENSG00000271134		39193	2678	rs13411201-A	rs13411201	0	13411201	intergenic_variant	1	0.131	8E-7	6.096910013008056		1.08589	[1.05-1.12]	NR [9372253] (imputed)	N	bipolar disorder	http://purl.obolibrary.org/obo/MONDO_0004985	GCST008103	Genome-wide genotyping array
2019-07-09	31043756	Stahl EA	2019-05-01	Nat Genet	www.ncbi.nlm.nih.gov/pubmed/31043756	Genome-wide association study identifies 30 loci associated with bipolar disorder.	Bipolar disorder	20,352 European ancestry cases, 31,358 European ancestry controls	9,412 European ancestry cases, 137,760 European ancestry controls	11q12.2	11	61752514	RPLP0P2, DAGLA, MYRF, DKFZP434K028, TMEM258, MIR611, FEN1, FADS1	MYRF-AS1			ENSG00000124915			rs2956395-C	rs2956395	0	2956395	intron_variant	0	0.692	8E-7	6.096910013008056		1.06396	[1.04-1.09]	NR [9372253] (imputed)	N	bipolar disorder	http://purl.obolibrary.org/obo/MONDO_0004985	GCST008103	Genome-wide genotyping array
2019-07-09	31043756	Stahl EA	2019-05-01	Nat Genet	www.ncbi.nlm.nih.gov/pubmed/31043756	Genome-wide association study identifies 30 loci associated with bipolar disorder.	Bipolar disorder	20,352 European ancestry cases, 31,358 European ancestry controls	9,412 European ancestry cases, 137,760 European ancestry controls	6q21	6	112269480	LAMA4	LAMA4-AS1			ENSG00000226440			rs17680579-A	rs17680579	0	17680579	intron_variant	0	0.877	8E-7	6.096910013008056		1.08806	[1.05-1.12]	NR [9372253] (imputed)	N	bipolar disorder	http://purl.obolibrary.org/obo/MONDO_0004985	GCST008103	Genome-wide genotyping array
2019-07-09	31043756	Stahl EA	2019-05-01	Nat Genet	www.ncbi.nlm.nih.gov/pubmed/31043756	Genome-wide association study identifies 30 loci associated with bipolar disorder.	Bipolar disorder	20,352 European ancestry cases, 31,358 European ancestry controls	9,412 European ancestry cases, 137,760 European ancestry controls	5q31.2	5	138358306	CDC25C, FAM53C, KDM3B, REEP2	KDM3B			ENSG00000120733			rs10058613-C	rs10058613	0	10058613	intron_variant	0	0.31499999999999995	8E-7	6.096910013008056		1.0643846		NR [9372253] (imputed)	N	bipolar disorder	http://purl.obolibrary.org/obo/MONDO_0004985	GCST008103	Genome-wide genotyping array
2019-07-09	31043756	Stahl EA	2019-05-01	Nat Genet	www.ncbi.nlm.nih.gov/pubmed/31043756	Genome-wide association study identifies 30 loci associated with bipolar disorder.	Bipolar disorder	20,352 European ancestry cases, 31,358 European ancestry controls	9,412 European ancestry cases, 137,760 European ancestry controls	20q13.33	20	63501358	KCNQ2, EEF1A2, PPDPF, PTK6, SRMS	EEF1A2 - PPDPF	ENSG00000101210	ENSG00000125534		825	19396	rs6090435-G	rs6090435	0	6090435	intergenic_variant	1	0.497	8E-7	6.096910013008056		1.0613008		NR [9372253] (imputed)	N	bipolar disorder	http://purl.obolibrary.org/obo/MONDO_0004985	GCST008103	Genome-wide genotyping array
2019-07-09	31043756	Stahl EA	2019-05-01	Nat Genet	www.ncbi.nlm.nih.gov/pubmed/31043756	Genome-wide association study identifies 30 loci associated with bipolar disorder.	Bipolar disorder	20,352 European ancestry cases, 31,358 European ancestry controls	9,412 European ancestry cases, 137,760 European ancestry controls				LOC440300, LOC388152, LOC642423, GOLGA6L4, DNM1P41, GOLGA6L5, UBE2Q2P1, LOC100506874, ZSCAN2, SCAND2P, WDR73, NMB, SEC11A, ZNF592, ALPK3, SLC28A1							chr15_85357857_I-?	chr15_85357857_I	0			1	0.719	3E-8	7.522878745280337		1.0726161		NR [9372253] (imputed)	N	bipolar disorder	http://purl.obolibrary.org/obo/MONDO_0004985	GCST008103	Genome-wide genotyping array
2019-07-09	31043756	Stahl EA	2019-05-01	Nat Genet	www.ncbi.nlm.nih.gov/pubmed/31043756	Genome-wide association study identifies 30 loci associated with bipolar disorder.	Bipolar disorder	20,352 European ancestry cases, 31,358 European ancestry controls	9,412 European ancestry cases, 137,760 European ancestry controls	5q14.1	5	81500549	RNU5E-1, RNU5D-1, ACOT12, SSBP2	SSBP2			ENSG00000145687			rs10035291-T	rs10035291	0	10035291	intron_variant	0	0.675	3E-8	7.522878745280337		1.07015	[1.05-1.09]	NR [9372253] (imputed)	N	bipolar disorder	http://purl.obolibrary.org/obo/MONDO_0004985	GCST008103	Genome-wide genotyping array
2019-07-09	31043756	Stahl EA	2019-05-01	Nat Genet	www.ncbi.nlm.nih.gov/pubmed/31043756	Genome-wide association study identifies 30 loci associated with bipolar disorder.	Bipolar disorder	20,352 European ancestry cases, 31,358 European ancestry controls	9,412 European ancestry cases, 137,760 European ancestry controls	20q13.12	20	45121769	STK4, KCNS1, WFDC5, WFDC12, PI3	WFDC5 - WFDC12	ENSG00000175121	ENSG00000168703		6595	1656	rs6130764-T	rs6130764	0	6130764	intergenic_variant	1	0.569	3E-8	7.522878745280337		1.06439	[1.04-1.09]	NR [9372253] (imputed)	N	bipolar disorder	http://purl.obolibrary.org/obo/MONDO_0004985	GCST008103	Genome-wide genotyping array
2019-07-09	31043756	Stahl EA	2019-05-01	Nat Genet	www.ncbi.nlm.nih.gov/pubmed/31043756	Genome-wide association study identifies 30 loci associated with bipolar disorder.	Bipolar disorder	20,352 European ancestry cases, 31,358 European ancestry controls	9,412 European ancestry cases, 137,760 European ancestry controls				intergenic							chr6_72519394_D-?	chr6_72519394_D	0			1	0.443	3E-8	7.522878745280337		1.06439	[1.04-1.09]	NR [9372253] (imputed)	N	bipolar disorder	http://purl.obolibrary.org/obo/MONDO_0004985	GCST008103	Genome-wide genotyping array
2019-07-09	31043756	Stahl EA	2019-05-01	Nat Genet	www.ncbi.nlm.nih.gov/pubmed/31043756	Genome-wide association study identifies 30 loci associated with bipolar disorder.	Bipolar disorder	20,352 European ancestry cases, 31,358 European ancestry controls	9,412 European ancestry cases, 137,760 European ancestry controls	18q21.33	18	62576643	ZCCHC2	ZCCHC2			ENSG00000141664			rs11557713-A	rs11557713	0	11557713	3_prime_UTR_variant	0	0.285	4E-8	7.3979400086720375		1.0694	[1.05-1.09]	NR [9372253] (imputed)	N	bipolar disorder	http://purl.obolibrary.org/obo/MONDO_0004985	GCST008103	Genome-wide genotyping array
2019-07-09	31043756	Stahl EA	2019-05-01	Nat Genet	www.ncbi.nlm.nih.gov/pubmed/31043756	Genome-wide association study identifies 30 loci associated with bipolar disorder.	Bipolar disorder	20,352 European ancestry cases, 31,358 European ancestry controls	9,412 European ancestry cases, 137,760 European ancestry controls	11q13.2	11	66895260	SPTBN2, C11orf80, RCE1, PC, LRFN4	PC			ENSG00000173599			rs7122539-G	rs7122539	0	7122539	intron_variant	0	0.652	4E-8	7.3979400086720375		1.066735		NR [9372253] (imputed)	N	bipolar disorder	http://purl.obolibrary.org/obo/MONDO_0004985	GCST008103	Genome-wide genotyping array
2019-07-09	31043756	Stahl EA	2019-05-01	Nat Genet	www.ncbi.nlm.nih.gov/pubmed/31043756	Genome-wide association study identifies 30 loci associated with bipolar disorder.	Bipolar disorder	20,352 European ancestry cases, 31,358 European ancestry controls	9,412 European ancestry cases, 137,760 European ancestry controls	6q27	6	166581772	RPS6KA2	RPS6KA2			ENSG00000071242			rs10455979-G	rs10455979	0	10455979	intron_variant	0	0.46599999999999997	4E-8	7.3979400086720375		1.0640675		NR [9372253] (imputed)	N	bipolar disorder	http://purl.obolibrary.org/obo/MONDO_0004985	GCST008103	Genome-wide genotyping array
2019-07-09	31043756	Stahl EA	2019-05-01	Nat Genet	www.ncbi.nlm.nih.gov/pubmed/31043756	Genome-wide association study identifies 30 loci associated with bipolar disorder.	Bipolar disorder	20,352 European ancestry cases, 31,358 European ancestry controls	9,412 European ancestry cases, 137,760 European ancestry controls	1q21.2	1	150166501	OTUD7B, VPS45, PLEKHO1, ANP32E, CA14, APH1A, C1orf54, C1orf51	LINC02988			ENSG00000285554			rs7544145-T	rs7544145	0	7544145	intron_variant	0	0.812	5E-8	7.301029995663981		1.08535	[1.06-1.11]	NR [9372253] (imputed)	N	bipolar disorder	http://purl.obolibrary.org/obo/MONDO_0004985	GCST008103	Genome-wide genotyping array
2019-07-09	31043756	Stahl EA	2019-05-01	Nat Genet	www.ncbi.nlm.nih.gov/pubmed/31043756	Genome-wide association study identifies 30 loci associated with bipolar disorder.	Bipolar disorder	20,352 European ancestry cases, 31,358 European ancestry controls	9,412 European ancestry cases, 137,760 European ancestry controls	14q32.2	14	99246608	BCL11B	BCL11B			ENSG00000127152			rs11624408-A	rs11624408	0	11624408	intron_variant	0	0.558	5E-8	7.301029995663981		1.06407	[1.04-1.09]	NR [9372253] (imputed)	N	bipolar disorder	http://purl.obolibrary.org/obo/MONDO_0004985	GCST008103	Genome-wide genotyping array
2019-07-09	31043756	Stahl EA	2019-05-01	Nat Genet	www.ncbi.nlm.nih.gov/pubmed/31043756	Genome-wide association study identifies 30 loci associated with bipolar disorder.	Bipolar disorder	20,352 European ancestry cases, 31,358 European ancestry controls	9,412 European ancestry cases, 137,760 European ancestry controls	11q13.1	11	64017876	COX8A, OTUB1, MACROD1	MACROD1			ENSG00000133315			rs11231677-G	rs11231677	0	11231677	intron_variant	0	0.505	6E-8	7.221848749616356		1.0649173		NR [9372253] (imputed)	N	bipolar disorder	http://purl.obolibrary.org/obo/MONDO_0004985	GCST008103	Genome-wide genotyping array
2019-07-09	31043756	Stahl EA	2019-05-01	Nat Genet	www.ncbi.nlm.nih.gov/pubmed/31043756	Genome-wide association study identifies 30 loci associated with bipolar disorder.	Bipolar disorder	20,352 European ancestry cases, 31,358 European ancestry controls	9,412 European ancestry cases, 137,760 European ancestry controls	9p13.2	9	37166192	LOC100506710, ZCCHC7, GRHPR, ZBTB5	ZCCHC7			ENSG00000147905			rs62535709-T	rs62535709	0	62535709	intron_variant	0	0.0586	8E-8	7.096910013008056		1.13633	[1.09-1.18]	NR [9372253] (imputed)	N	bipolar disorder	http://purl.obolibrary.org/obo/MONDO_0004985	GCST008103	Genome-wide genotyping array
2019-07-09	31043756	Stahl EA	2019-05-01	Nat Genet	www.ncbi.nlm.nih.gov/pubmed/31043756	Genome-wide association study identifies 30 loci associated with bipolar disorder.	Bipolar disorder	20,352 European ancestry cases, 31,358 European ancestry controls	9,412 European ancestry cases, 137,760 European ancestry controls	6p12.3	6	50849005	TFAP2D, TFAP2B	TFAP2B - RPS17P5	ENSG00000008196	ENSG00000060303		1386	8250	rs55648125-G	rs55648125	0	55648125	intergenic_variant	1	0.10499999999999998	8E-8	7.096910013008056		1.1005337		NR [9372253] (imputed)	N	bipolar disorder	http://purl.obolibrary.org/obo/MONDO_0004985	GCST008103	Genome-wide genotyping array
2019-07-09	31043756	Stahl EA	2019-05-01	Nat Genet	www.ncbi.nlm.nih.gov/pubmed/31043756	Genome-wide association study identifies 30 loci associated with bipolar disorder.	Bipolar disorder	20,352 European ancestry cases, 31,358 European ancestry controls	9,412 European ancestry cases, 137,760 European ancestry controls	7p15.3	7	24732158	MPP6, DFNA5, OSBPL3	GSDME			ENSG00000105928			rs17150022-C	rs17150022	0	17150022	intron_variant	0	0.11599999999999999	9E-8	7.045757490560675		1.0944991		NR [9372253] (imputed)	N	bipolar disorder	http://purl.obolibrary.org/obo/MONDO_0004985	GCST008103	Genome-wide genotyping array
2019-07-09	31043756	Stahl EA	2019-05-01	Nat Genet	www.ncbi.nlm.nih.gov/pubmed/31043756	Genome-wide association study identifies 30 loci associated with bipolar disorder.	Bipolar disorder	20,352 European ancestry cases, 31,358 European ancestry controls	9,412 European ancestry cases, 137,760 European ancestry controls	2p23.2	2	27843255	C2orf16, ZNF512, CCDC121, GPN1, SUPT7L, SLC4A1AP, MRPL33, RBKS, BRE-AS1, BRE	RBKS, MRPL33			ENSG00000171174, ENSG00000243147			rs74446114-C	rs74446114	0	74446114	intron_variant	0	0.18500000000000005	1E-7	7.0		1.0801469		NR [9372253] (imputed)	N	bipolar disorder	http://purl.obolibrary.org/obo/MONDO_0004985	GCST008103	Genome-wide genotyping array
2019-07-09	31043756	Stahl EA	2019-05-01	Nat Genet	www.ncbi.nlm.nih.gov/pubmed/31043756	Genome-wide association study identifies 30 loci associated with bipolar disorder.	Bipolar disorder	20,352 European ancestry cases, 31,358 European ancestry controls	9,412 European ancestry cases, 137,760 European ancestry controls	6q25.2	6	152469438	SYNE1	SYNE1			ENSG00000131018			rs9371601-T	rs9371601	0	9371601	intron_variant	0	0.349	1E-7	7.0		1.06258	[1.04-1.09]	NR [9372253] (imputed)	N	bipolar disorder	http://purl.obolibrary.org/obo/MONDO_0004985	GCST008103	Genome-wide genotyping array
2019-07-09	31043756	Stahl EA	2019-05-01	Nat Genet	www.ncbi.nlm.nih.gov/pubmed/31043756	Genome-wide association study identifies 30 loci associated with bipolar disorder.	Bipolar disorder	20,352 European ancestry cases, 31,358 European ancestry controls	9,412 European ancestry cases, 137,760 European ancestry controls	4q26	4	117551578	intergenic	LINC01378			ENSG00000236922			rs2635253-T	rs2635253	0	2635253	intron_variant	0	0.491	1E-7	7.0		1.06099	[1.04-1.08]	NR [9372253] (imputed)	N	bipolar disorder	http://purl.obolibrary.org/obo/MONDO_0004985	GCST008103	Genome-wide genotyping array
2019-07-09	31043756	Stahl EA	2019-05-01	Nat Genet	www.ncbi.nlm.nih.gov/pubmed/31043756	Genome-wide association study identifies 30 loci associated with bipolar disorder.	Bipolar disorder	20,352 European ancestry cases, 31,358 European ancestry controls	9,412 European ancestry cases, 137,760 European ancestry controls	15q23	15	67361344	SMAD3, AAGAB, IQCH, IQCH-AS1	IQCH, IQCH-AS1			ENSG00000103599, ENSG00000259673			rs72745470-G	rs72745470	0	72745470	intron_variant	0	0.374	1E-7	7.0		1.066098		NR [9372253] (imputed)	N	bipolar disorder	http://purl.obolibrary.org/obo/MONDO_0004985	GCST008103	Genome-wide genotyping array
2019-07-09	31043756	Stahl EA	2019-05-01	Nat Genet	www.ncbi.nlm.nih.gov/pubmed/31043756	Genome-wide association study identifies 30 loci associated with bipolar disorder.	Bipolar disorder	20,352 European ancestry cases, 31,358 European ancestry controls	9,412 European ancestry cases, 137,760 European ancestry controls	22q13.2	22	40813300	MKL1, MCHR1, SLC25A17, MIR4766, ST13, XPNPEP3, DNAJB7, RBX1	SLC25A17			ENSG00000100372			rs138321-A	rs138321	0	138321	intron_variant	0	0.502	2E-7	6.698970004336019		1.06003	[1.04-1.08]	NR [9372253] (imputed)	N	bipolar disorder	http://purl.obolibrary.org/obo/MONDO_0004985	GCST008103	Genome-wide genotyping array
2019-07-09	31043756	Stahl EA	2019-05-01	Nat Genet	www.ncbi.nlm.nih.gov/pubmed/31043756	Genome-wide association study identifies 30 loci associated with bipolar disorder.	Bipolar disorder	20,352 European ancestry cases, 31,358 European ancestry controls	9,412 European ancestry cases, 137,760 European ancestry controls	15q15.2	15	42729788	STARD9, CDAN1, TTBK2	CDAN1			ENSG00000140326			rs12594483-A	rs12594483	0	12594483	splice_region_variant	0	0.115	2E-7	6.698970004336019		1.09516	[1.06-1.13]	NR [9372253] (imputed)	N	bipolar disorder	http://purl.obolibrary.org/obo/MONDO_0004985	GCST008103	Genome-wide genotyping array
2019-07-09	31043756	Stahl EA	2019-05-01	Nat Genet	www.ncbi.nlm.nih.gov/pubmed/31043756	Genome-wide association study identifies 30 loci associated with bipolar disorder.	Bipolar disorder	20,352 European ancestry cases, 31,358 European ancestry controls	9,412 European ancestry cases, 137,760 European ancestry controls	5q31.1	5	134570919	PHF15, SAR1B	JADE2			ENSG00000043143			rs329319-A	rs329319	0	329319	intron_variant	0	0.428	2E-7	6.698970004336019		1.0612	[1.04-1.08]	NR [9372253] (imputed)	N	bipolar disorder	http://purl.obolibrary.org/obo/MONDO_0004985	GCST008103	Genome-wide genotyping array
2019-07-09	31043756	Stahl EA	2019-05-01	Nat Genet	www.ncbi.nlm.nih.gov/pubmed/31043756	Genome-wide association study identifies 30 loci associated with bipolar disorder.	Bipolar disorder	20,352 European ancestry cases, 31,358 European ancestry controls	9,412 European ancestry cases, 137,760 European ancestry controls	17q22	17	55290103	HLF	HLF			ENSG00000108924			rs884301-T	rs884301	0	884301	intron_variant	0	0.374	2E-7	6.698970004336019		1.06131	[1.04-1.08]	NR [9372253] (imputed)	N	bipolar disorder	http://purl.obolibrary.org/obo/MONDO_0004985	GCST008103	Genome-wide genotyping array
2019-07-09	31043756	Stahl EA	2019-05-01	Nat Genet	www.ncbi.nlm.nih.gov/pubmed/31043756	Genome-wide association study identifies 30 loci associated with bipolar disorder.	Bipolar disorder	20,352 European ancestry cases, 31,358 European ancestry controls	9,412 European ancestry cases, 137,760 European ancestry controls	3p12.1	3	85008130	CADM2	CADM2			ENSG00000175161			rs4301023-T	rs4301023	0	4301023	intron_variant	0	0.474	2E-7	6.698970004336019		1.05929	[1.04-1.08]	NR [9372253] (imputed)	N	bipolar disorder	http://purl.obolibrary.org/obo/MONDO_0004985	GCST008103	Genome-wide genotyping array
2019-07-09	31043756	Stahl EA	2019-05-01	Nat Genet	www.ncbi.nlm.nih.gov/pubmed/31043756	Genome-wide association study identifies 30 loci associated with bipolar disorder.	Bipolar disorder	20,352 European ancestry cases, 31,358 European ancestry controls	9,412 European ancestry cases, 137,760 European ancestry controls	6q13	6	72155201	RIMS1	RIMS1			ENSG00000079841			rs2463709-T	rs2463709	0	2463709	intron_variant	0	0.428	2E-7	6.698970004336019		1.06279	[1.04-1.09]	NR [9372253] (imputed)	N	bipolar disorder	http://purl.obolibrary.org/obo/MONDO_0004985	GCST008103	Genome-wide genotyping array
2019-07-09	31043756	Stahl EA	2019-05-01	Nat Genet	www.ncbi.nlm.nih.gov/pubmed/31043756	Genome-wide association study identifies 30 loci associated with bipolar disorder.	Bipolar disorder	20,352 European ancestry cases, 31,358 European ancestry controls	9,412 European ancestry cases, 137,760 European ancestry controls	12q23.1	12	99102252	ANKS1B	ANKS1B			ENSG00000185046			rs10745843-A	rs10745843	0	10745843	intron_variant	0	0.621	2E-7	6.698970004336019		1.06099	[1.04-1.08]	NR [9372253] (imputed)	N	bipolar disorder	http://purl.obolibrary.org/obo/MONDO_0004985	GCST008103	Genome-wide genotyping array
2019-07-09	31043756	Stahl EA	2019-05-01	Nat Genet	www.ncbi.nlm.nih.gov/pubmed/31043756	Genome-wide association study identifies 30 loci associated with bipolar disorder.	Bipolar disorder	20,352 European ancestry cases, 31,358 European ancestry controls	9,412 European ancestry cases, 137,760 European ancestry controls	18q12.1	18	28736659	intergenic	ARIH2P1 - RNU6-408P	ENSG00000266296	ENSG00000251719		83451	311961	rs62085738-A	rs62085738	0	62085738	intron_variant	1	0.228	3E-7	6.522878745280337		1.06983	[1.04-1.1]	NR [9372253] (imputed)	N	bipolar disorder	http://purl.obolibrary.org/obo/MONDO_0004985	GCST008103	Genome-wide genotyping array
2019-07-09	31043756	Stahl EA	2019-05-01	Nat Genet	www.ncbi.nlm.nih.gov/pubmed/31043756	Genome-wide association study identifies 30 loci associated with bipolar disorder.	Bipolar disorder	20,352 European ancestry cases, 31,358 European ancestry controls	9,412 European ancestry cases, 137,760 European ancestry controls	3p25.3	3	10483412	ATP2B2	ATP2B2			ENSG00000157087			rs735931-A	rs735931	0	735931	intron_variant	0	0.488	9E-7	6.045757490560675		1.05844	[1.04-1.08]	NR [9372253] (imputed)	N	bipolar disorder	http://purl.obolibrary.org/obo/MONDO_0004985	GCST008103	Genome-wide genotyping array
2019-07-09	31043756	Stahl EA	2019-05-01	Nat Genet	www.ncbi.nlm.nih.gov/pubmed/31043756	Genome-wide association study identifies 30 loci associated with bipolar disorder.	Bipolar disorder	20,352 European ancestry cases, 31,358 European ancestry controls	9,412 European ancestry cases, 137,760 European ancestry controls	2q32.1	2	184947213	ZNF804A	ZNF804A - ELF2P4	ENSG00000170396	ENSG00000225406		7721	599922	rs4380187-A	rs4380187	0	4380187	intergenic_variant	1	0.53	9E-7	6.045757490560675		1.05643	[1.03-1.08]	NR [9372253] (imputed)	N	bipolar disorder	http://purl.obolibrary.org/obo/MONDO_0004985	GCST008103	Genome-wide genotyping array
2019-07-09	31043756	Stahl EA	2019-05-01	Nat Genet	www.ncbi.nlm.nih.gov/pubmed/31043756	Genome-wide association study identifies 30 loci associated with bipolar disorder.	Bipolar disorder	20,352 European ancestry cases, 31,358 European ancestry controls	9,412 European ancestry cases, 137,760 European ancestry controls	6q22.1	6	117483634	ROS1, DCBLD1	DCBLD1			ENSG00000164465			rs62433108-G	rs62433108	0	62433108	intron_variant	0	0.281	9E-7	6.045757490560675		1.0620446		NR [9372253] (imputed)	N	bipolar disorder	http://purl.obolibrary.org/obo/MONDO_0004985	GCST008103	Genome-wide genotyping array
2019-07-09	31043756	Stahl EA	2019-05-01	Nat Genet	www.ncbi.nlm.nih.gov/pubmed/31043756	Genome-wide association study identifies 30 loci associated with bipolar disorder.	Bipolar disorder	20,352 European ancestry cases, 31,358 European ancestry controls	9,412 European ancestry cases, 137,760 European ancestry controls	13q34	13	113229001	F7, F10, PROZ, PCID2, CUL4A, LAMP1	CUL4A			ENSG00000139842			rs1819204-A	rs1819204	0	1819204	intron_variant	0	0.731	1E-6	6.0		1.06823	[1.04-1.09]	NR [9372253] (imputed)	N	bipolar disorder	http://purl.obolibrary.org/obo/MONDO_0004985	GCST008103	Genome-wide genotyping array
2019-07-09	31043756	Stahl EA	2019-05-01	Nat Genet	www.ncbi.nlm.nih.gov/pubmed/31043756	Genome-wide association study identifies 30 loci associated with bipolar disorder.	Bipolar disorder	20,352 European ancestry cases, 31,358 European ancestry controls	9,412 European ancestry cases, 137,760 European ancestry controls	4p11	4	48443799	SLAIN2, SLC10A4, ZAR1, FRYL	SLAIN2 - SLC10A4	ENSG00000109171	ENSG00000145248		17598	39544	rs184148144-T	rs184148144	0	184148144	intergenic_variant	1	0.833	1E-6	6.0		1.08058	[1.05-1.11]	NR [9372253] (imputed)	N	bipolar disorder	http://purl.obolibrary.org/obo/MONDO_0004985	GCST008103	Genome-wide genotyping array
2019-07-09	31043756	Stahl EA	2019-05-01	Nat Genet	www.ncbi.nlm.nih.gov/pubmed/31043756	Genome-wide association study identifies 30 loci associated with bipolar disorder.	Bipolar disorder	20,352 European ancestry cases, 31,358 European ancestry controls	9,412 European ancestry cases, 137,760 European ancestry controls	7q35	7	145943513	intergenic	DPY19L4P2 - CNTNAP2	ENSG00000231839	ENSG00000174469		358696	172489	rs143577122-C	rs143577122	0	143577122	intergenic_variant	1	0.9538	1E-6	6.0		1.1713991		NR [9372253] (imputed)	N	bipolar disorder	http://purl.obolibrary.org/obo/MONDO_0004985	GCST008103	Genome-wide genotyping array
2019-07-09	31043756	Stahl EA	2019-05-01	Nat Genet	www.ncbi.nlm.nih.gov/pubmed/31043756	Genome-wide association study identifies 30 loci associated with bipolar disorder.	Bipolar disorder	20,352 European ancestry cases, 31,358 European ancestry controls	9,412 European ancestry cases, 137,760 European ancestry controls	1q21.3	1	154893617	KCNN3, PMVK, PBXIP1, PYGO2, SHC1, CKS1B, MIR4258, FLAD1, LENEP, ZBTB7B, DCST2, DCST1, LOC100505666, ADAM15	KCNN3 - PMVK	ENSG00000143603	ENSG00000163344		23336	31115	rs4845399-T	rs4845399	0	4845399	intergenic_variant	1	0.358	1E-6	6.0		1.05823	[1.04-1.08]	NR [9372253] (imputed)	N	bipolar disorder	http://purl.obolibrary.org/obo/MONDO_0004985	GCST008103	Genome-wide genotyping array
2019-07-09	31043756	Stahl EA	2019-05-01	Nat Genet	www.ncbi.nlm.nih.gov/pubmed/31043756	Genome-wide association study identifies 30 loci associated with bipolar disorder.	Bipolar disorder	20,352 European ancestry cases, 31,358 European ancestry controls	9,412 European ancestry cases, 137,760 European ancestry controls	2p16.1	2	57748579	intergenic	EIF2S2P7 - ACTG1P22	ENSG00000271115	ENSG00000271615		699243	16375	rs57681866-G	rs57681866	0	57681866	intron_variant	1	0.9385	1E-6	6.0		1.1236713		NR [9372253] (imputed)	N	bipolar disorder	http://purl.obolibrary.org/obo/MONDO_0004985	GCST008103	Genome-wide genotyping array
2019-07-09	31043756	Stahl EA	2019-05-01	Nat Genet	www.ncbi.nlm.nih.gov/pubmed/31043756	Genome-wide association study identifies 30 loci associated with bipolar disorder.	Bipolar disorder	20,352 European ancestry cases, 31,358 European ancestry controls	9,412 European ancestry cases, 137,760 European ancestry controls	14q13.1	14	32925854	NPAS3	AKAP6 - NPAS3	ENSG00000151320	ENSG00000151322		88170	8542	rs35955717-T	rs35955717	0	35955717	intergenic_variant	1	0.851	1E-6	6.0		1.08134	[1.05-1.11]	NR [9372253] (imputed)	N	bipolar disorder	http://purl.obolibrary.org/obo/MONDO_0004985	GCST008103	Genome-wide genotyping array
2019-07-09	31043756	Stahl EA	2019-05-01	Nat Genet	www.ncbi.nlm.nih.gov/pubmed/31043756	Genome-wide association study identifies 30 loci associated with bipolar disorder.	Bipolar disorder	20,352 European ancestry cases, 31,358 European ancestry controls	9,412 European ancestry cases, 137,760 European ancestry controls				CNN3, LOC729970, ALG14, TMEM56, TMEM56-RWDD3							chr1_95580645_I-?	chr1_95580645_I	0			1	0.345	1E-6	6.0		1.05844	[1.04-1.08]	NR [9372253] (imputed)	N	bipolar disorder	http://purl.obolibrary.org/obo/MONDO_0004985	GCST008103	Genome-wide genotyping array
2019-07-09	31043756	Stahl EA	2019-05-01	Nat Genet	www.ncbi.nlm.nih.gov/pubmed/31043756	Genome-wide association study identifies 30 loci associated with bipolar disorder.	Bipolar disorder	20,352 European ancestry cases, 31,358 European ancestry controls	9,412 European ancestry cases, 137,760 European ancestry controls	1q23.3	1	163781667	intergenic	RNA5SP63 - U3	ENSG00000212527	ENSG00000221496		272072	142003	rs2345964-A	rs2345964	0	2345964	intron_variant	1	0.458	1E-6	6.0		1.05538	[1.03-1.08]	NR [9372253] (imputed)	N	bipolar disorder	http://purl.obolibrary.org/obo/MONDO_0004985	GCST008103	Genome-wide genotyping array
2019-07-09	31043756	Stahl EA	2019-05-01	Nat Genet	www.ncbi.nlm.nih.gov/pubmed/31043756	Genome-wide association study identifies 30 loci associated with bipolar disorder.	Bipolar disorder	20,352 European ancestry cases, 31,358 European ancestry controls	9,412 European ancestry cases, 137,760 European ancestry controls	8q24.3	8	144002361	PLEC, MIR661, PARP10, GRINA, SPATC1, OPLAH, EXOSC4, GPAA1	PARP10			ENSG00000178685			rs57957974-A	rs57957974	0	57957974	intron_variant	0	0.351	1E-6	6.0		1.05919	[1.04-1.08]	NR [9372253] (imputed)	N	bipolar disorder	http://purl.obolibrary.org/obo/MONDO_0004985	GCST008103	Genome-wide genotyping array
2019-07-09	31043756	Stahl EA	2019-05-01	Nat Genet	www.ncbi.nlm.nih.gov/pubmed/31043756	Genome-wide association study identifies 30 loci associated with bipolar disorder.	Bipolar disorder	20,352 European ancestry cases, 31,358 European ancestry controls	9,412 European ancestry cases, 137,760 European ancestry controls	12q24.31	12	120384246	PXN, SIRT4, PLA2G1B, MSI1, COX6A1	RPS27P25 - COX6A1	ENSG00000239881	ENSG00000111775		12611	53844	rs206949-A	rs206949	0	206949	intergenic_variant	1	0.268	1E-6	6.0		1.06343	[1.04-1.09]	NR [9372253] (imputed)	N	bipolar disorder	http://purl.obolibrary.org/obo/MONDO_0004985	GCST008103	Genome-wide genotyping array
2019-07-09	31043756	Stahl EA	2019-05-01	Nat Genet	www.ncbi.nlm.nih.gov/pubmed/31043756	Genome-wide association study identifies 30 loci associated with bipolar disorder.	Bipolar disorder	20,352 European ancestry cases, 31,358 European ancestry controls	9,412 European ancestry cases, 137,760 European ancestry controls	Xp11.22	X	53707621	SMC1A, RIBC1, HSD17B10, HUWE1, MIR98, MIRLET7F2	HUWE1 - MRPL32P2	ENSG00000086758	ENSG00000229037		20869	100155	rs6529693-G	rs6529693	0	6529693	intergenic_variant	1	0.5349999999999999	1E-6	6.0		1.0524322		NR [9372253] (imputed)	N	bipolar disorder	http://purl.obolibrary.org/obo/MONDO_0004985	GCST008103	Genome-wide genotyping array
2019-07-09	31043756	Stahl EA	2019-05-01	Nat Genet	www.ncbi.nlm.nih.gov/pubmed/31043756	Genome-wide association study identifies 30 loci associated with bipolar disorder.	Bipolar disorder	20,352 European ancestry cases, 31,358 European ancestry controls	9,412 European ancestry cases, 137,760 European ancestry controls	16q21	16	64687040	intergenic	LINC02165 - PPIAP48	ENSG00000261014	ENSG00000260187		931156	49754	rs976498-T	rs976498	0	976498	intron_variant	1	0.829	1E-6	6.0		1.07691	[1.05-1.11]	NR [9372253] (imputed)	N	bipolar disorder	http://purl.obolibrary.org/obo/MONDO_0004985	GCST008103	Genome-wide genotyping array
2019-07-09	31043756	Stahl EA	2019-05-01	Nat Genet	www.ncbi.nlm.nih.gov/pubmed/31043756	Genome-wide association study identifies 30 loci associated with bipolar disorder.	Bipolar disorder	20,352 European ancestry cases, 31,358 European ancestry controls	9,412 European ancestry cases, 137,760 European ancestry controls	2p14	2	65532537	intergenic	LINC02934			ENSG00000204929			rs3911862-A	rs3911862	0	3911862	intron_variant	0	0.446	1E-6	6.0		1.05506	[1.03-1.08]	NR [9372253] (imputed)	N	bipolar disorder	http://purl.obolibrary.org/obo/MONDO_0004985	GCST008103	Genome-wide genotyping array
2019-07-09	31043756	Stahl EA	2019-05-01	Nat Genet	www.ncbi.nlm.nih.gov/pubmed/31043756	Genome-wide association study identifies 30 loci associated with bipolar disorder.	Bipolar disorder	20,352 European ancestry cases, 31,358 European ancestry controls	9,412 European ancestry cases, 137,760 European ancestry controls	5q33.1	5	152697204	intergenic	LINC01470			ENSG00000249484			rs12153740-C	rs12153740	0	12153740	intron_variant	0	0.636	1E-6	6.0		1.066735		NR [9372253] (imputed)	N	bipolar disorder	http://purl.obolibrary.org/obo/MONDO_0004985	GCST008103	Genome-wide genotyping array
2019-07-09	31043756	Stahl EA	2019-05-01	Nat Genet	www.ncbi.nlm.nih.gov/pubmed/31043756	Genome-wide association study identifies 30 loci associated with bipolar disorder.	Bipolar disorder	20,352 European ancestry cases, 31,358 European ancestry controls	9,412 European ancestry cases, 137,760 European ancestry controls				ANAPC7, ARPC3, GPN3, FAM216A							chr12_110877946_I-?	chr12_110877946_I	0			1	0.0257	1E-6	6.0		1.22507	[1.14-1.31]	NR [9372253] (imputed)	N	bipolar disorder	http://purl.obolibrary.org/obo/MONDO_0004985	GCST008103	Genome-wide genotyping array
2019-07-09	31043756	Stahl EA	2019-05-01	Nat Genet	www.ncbi.nlm.nih.gov/pubmed/31043756	Genome-wide association study identifies 30 loci associated with bipolar disorder.	Bipolar disorder	20,352 European ancestry cases, 31,358 European ancestry controls	9,412 European ancestry cases, 137,760 European ancestry controls	14q12	14	32749087	AKAP6	AKAP6			ENSG00000151320			rs142370491-C	rs142370491	0	142370491	intron_variant	0	0.018000000000000016	1E-6	6.0		1.2743075		NR [9372253] (imputed)	N	bipolar disorder	http://purl.obolibrary.org/obo/MONDO_0004985	GCST008103	Genome-wide genotyping array
2019-07-09	31043756	Stahl EA	2019-05-01	Nat Genet	www.ncbi.nlm.nih.gov/pubmed/31043756	Genome-wide association study identifies 30 loci associated with bipolar disorder.	Bipolar disorder	20,352 European ancestry cases, 31,358 European ancestry controls	9,412 European ancestry cases, 137,760 European ancestry controls	2q14.2	2	119565915	SCTR, PCDP1	CFAP221			ENSG00000163075			rs75580062-T	rs75580062	0	75580062	intron_variant	0	0.0257	2E-6	5.698970004336019		1.18994	[1.12-1.26]	NR [9372253] (imputed)	N	bipolar disorder	http://purl.obolibrary.org/obo/MONDO_0004985	GCST008103	Genome-wide genotyping array
2019-07-09	31043756	Stahl EA	2019-05-01	Nat Genet	www.ncbi.nlm.nih.gov/pubmed/31043756	Genome-wide association study identifies 30 loci associated with bipolar disorder.	Bipolar disorder	20,352 European ancestry cases, 31,358 European ancestry controls	9,412 European ancestry cases, 137,760 European ancestry controls	Xp22.12	X	20638387	intergenic	RN7SKP183 - RNU6-133P	ENSG00000252978	ENSG00000206716		185956	576250	rs5990908-C	rs5990908	0	5990908	intron_variant	1	0.875	2E-6	5.698970004336019		1.0835057		NR [9372253] (imputed)	N	bipolar disorder	http://purl.obolibrary.org/obo/MONDO_0004985	GCST008103	Genome-wide genotyping array
2019-07-09	31043756	Stahl EA	2019-05-01	Nat Genet	www.ncbi.nlm.nih.gov/pubmed/31043756	Genome-wide association study identifies 30 loci associated with bipolar disorder.	Bipolar disorder	20,352 European ancestry cases, 31,358 European ancestry controls	9,412 European ancestry cases, 137,760 European ancestry controls	2q24.3	2	168535393	CERS6, MIR4774	CERS6			ENSG00000172292			rs13006127-C	rs13006127	0	13006127	intron_variant	0	0.5429999999999999	2E-6	5.698970004336019		1.055164		NR [9372253] (imputed)	N	bipolar disorder	http://purl.obolibrary.org/obo/MONDO_0004985	GCST008103	Genome-wide genotyping array
2019-07-09	31043756	Stahl EA	2019-05-01	Nat Genet	www.ncbi.nlm.nih.gov/pubmed/31043756	Genome-wide association study identifies 30 loci associated with bipolar disorder.	Bipolar disorder	20,352 European ancestry cases, 31,358 European ancestry controls	9,412 European ancestry cases, 137,760 European ancestry controls	14q21.2	14	43505794	intergenic	HNRNPUP1 - KRT8P2	ENSG00000259051	ENSG00000258828		205199	35089	rs62002181-C	rs62002181	0	62002181	intron_variant	1	0.14	2E-6	5.698970004336019		1.07972	[1.05-1.11]	NR [9372253] (imputed)	N	bipolar disorder	http://purl.obolibrary.org/obo/MONDO_0004985	GCST008103	Genome-wide genotyping array
2019-07-09	31043756	Stahl EA	2019-05-01	Nat Genet	www.ncbi.nlm.nih.gov/pubmed/31043756	Genome-wide association study identifies 30 loci associated with bipolar disorder.	Bipolar disorder	20,352 European ancestry cases, 31,358 European ancestry controls	9,412 European ancestry cases, 137,760 European ancestry controls	14q32.33	14	103748005	APOPT1, KLC1, XRCC3, ZFYVE21, PPP1R13B, LINC00637, C14orf2	PPP1R13B			ENSG00000088808			rs4906364-G	rs4906364	0	4906364	intron_variant	0	0.32399999999999995	2E-6	5.698970004336019		1.0587612		NR [9372253] (imputed)	N	bipolar disorder	http://purl.obolibrary.org/obo/MONDO_0004985	GCST008103	Genome-wide genotyping array
2019-07-09	31043756	Stahl EA	2019-05-01	Nat Genet	www.ncbi.nlm.nih.gov/pubmed/31043756	Genome-wide association study identifies 30 loci associated with bipolar disorder.	Bipolar disorder	20,352 European ancestry cases, 31,358 European ancestry controls	9,412 European ancestry cases, 137,760 European ancestry controls	5p15.1	5	15113630	intergenic	LINC02149			ENSG00000249332			rs77626951-G	rs77626951	0	77626951	intergenic_variant	0	0.010000000000000009	2E-6	5.698970004336019		1.3078734		NR [9372253] (imputed)	N	bipolar disorder	http://purl.obolibrary.org/obo/MONDO_0004985	GCST008103	Genome-wide genotyping array
2019-07-09	31043756	Stahl EA	2019-05-01	Nat Genet	www.ncbi.nlm.nih.gov/pubmed/31043756	Genome-wide association study identifies 30 loci associated with bipolar disorder.	Bipolar disorder	20,352 European ancestry cases, 31,358 European ancestry controls	9,412 European ancestry cases, 137,760 European ancestry controls	1q21.3	1	154293485	UBAP2L, HAX1, AQP10, ATP8B2	HAX1 - RNU6-239P	ENSG00000143575	ENSG00000212292		17603	2018	rs115462819-C	rs115462819	0	115462819	intergenic_variant	1	0.9527	2E-6	5.698970004336019		1.1660312		NR [9372253] (imputed)	N	bipolar disorder	http://purl.obolibrary.org/obo/MONDO_0004985	GCST008103	Genome-wide genotyping array
2019-07-09	31043756	Stahl EA	2019-05-01	Nat Genet	www.ncbi.nlm.nih.gov/pubmed/31043756	Genome-wide association study identifies 30 loci associated with bipolar disorder.	Bipolar disorder	20,352 European ancestry cases, 31,358 European ancestry controls	9,412 European ancestry cases, 137,760 European ancestry controls	5q22.3	5	114086246	intergenic	KCNN2			ENSG00000080709			rs76420936-A	rs76420936	0	76420936	intron_variant	0	0.0137	2E-6	5.698970004336019		1.26314	[1.17-1.36]	NR [9372253] (imputed)	N	bipolar disorder	http://purl.obolibrary.org/obo/MONDO_0004985	GCST008103	Genome-wide genotyping array
2019-07-09	31043756	Stahl EA	2019-05-01	Nat Genet	www.ncbi.nlm.nih.gov/pubmed/31043756	Genome-wide association study identifies 30 loci associated with bipolar disorder.	Bipolar disorder	20,352 European ancestry cases, 31,358 European ancestry controls	9,412 European ancestry cases, 137,760 European ancestry controls	3q26.33	3	180084126	PEX5L	PEX5L - RNA5SP149	ENSG00000114757	ENSG00000201822		47073	77760	rs191580074-A	rs191580074	0	191580074	intron_variant	1	0.0154	2E-6	5.698970004336019		1.32287	[1.21-1.44]	NR [9372253] (imputed)	N	bipolar disorder	http://purl.obolibrary.org/obo/MONDO_0004985	GCST008103	Genome-wide genotyping array
2019-07-09	31043756	Stahl EA	2019-05-01	Nat Genet	www.ncbi.nlm.nih.gov/pubmed/31043756	Genome-wide association study identifies 30 loci associated with bipolar disorder.	Bipolar disorder	20,352 European ancestry cases, 31,358 European ancestry controls	9,412 European ancestry cases, 137,760 European ancestry controls	2q11.2	2	97983036	COX5B, ACTR1B, LOC728537, ZAP70, TMEM131	TMEM131			ENSG00000075568			rs56397913-C	rs56397913	0	56397913	intron_variant	0	0.9054	2E-6	5.698970004336019		1.1094838		NR [9372253] (imputed)	N	bipolar disorder	http://purl.obolibrary.org/obo/MONDO_0004985	GCST008103	Genome-wide genotyping array
2019-07-09	31043756	Stahl EA	2019-05-01	Nat Genet	www.ncbi.nlm.nih.gov/pubmed/31043756	Genome-wide association study identifies 30 loci associated with bipolar disorder.	Bipolar disorder	20,352 European ancestry cases, 31,358 European ancestry controls	9,412 European ancestry cases, 137,760 European ancestry controls	6p24.3	6	10167324	intergenic	RPL7AP36 - RPL21P62	ENSG00000216368	ENSG00000229765		48071	46557	rs6902652-G	rs6902652	0	6902652	intergenic_variant	1	0.9546	2E-6	5.698970004336019		1.1421393		NR [9372253] (imputed)	N	bipolar disorder	http://purl.obolibrary.org/obo/MONDO_0004985	GCST008103	Genome-wide genotyping array
2019-07-09	31043756	Stahl EA	2019-05-01	Nat Genet	www.ncbi.nlm.nih.gov/pubmed/31043756	Genome-wide association study identifies 30 loci associated with bipolar disorder.	Bipolar disorder	20,352 European ancestry cases, 31,358 European ancestry controls	9,412 European ancestry cases, 137,760 European ancestry controls	6q27	6	166646138	RPS6KA2	RPS6KA2			ENSG00000071242			rs9295358-A	rs9295358	0	9295358	intron_variant	0	0.718	2E-6	5.698970004336019		1.06056	[1.04-1.08]	NR [9372253] (imputed)	N	bipolar disorder	http://purl.obolibrary.org/obo/MONDO_0004985	GCST008103	Genome-wide genotyping array
2019-07-09	31043756	Stahl EA	2019-05-01	Nat Genet	www.ncbi.nlm.nih.gov/pubmed/31043756	Genome-wide association study identifies 30 loci associated with bipolar disorder.	Bipolar disorder	20,352 European ancestry cases, 31,358 European ancestry controls	9,412 European ancestry cases, 137,760 European ancestry controls	12q23.1	12	99298229	ANKS1B	ANKS1B			ENSG00000185046			rs10860416-G	rs10860416	0	10860416	intron_variant	0	0.30500000000000005	2E-6	5.698970004336019		1.0613008		NR [9372253] (imputed)	N	bipolar disorder	http://purl.obolibrary.org/obo/MONDO_0004985	GCST008103	Genome-wide genotyping array
2019-07-09	31043756	Stahl EA	2019-05-01	Nat Genet	www.ncbi.nlm.nih.gov/pubmed/31043756	Genome-wide association study identifies 30 loci associated with bipolar disorder.	Bipolar disorder	20,352 European ancestry cases, 31,358 European ancestry controls	9,412 European ancestry cases, 137,760 European ancestry controls	9q34.3	9	138141056	CACNA1B, TUBBP5	IL9RP1			ENSG00000229926			rs3004668-G	rs3004668	0	3004668	intron_variant	0	0.369	2E-6	5.698970004336019		1.070469		NR [9372253] (imputed)	N	bipolar disorder	http://purl.obolibrary.org/obo/MONDO_0004985	GCST008103	Genome-wide genotyping array
2019-07-09	31043756	Stahl EA	2019-05-01	Nat Genet	www.ncbi.nlm.nih.gov/pubmed/31043756	Genome-wide association study identifies 30 loci associated with bipolar disorder.	Bipolar disorder	20,352 European ancestry cases, 31,358 European ancestry controls	9,412 European ancestry cases, 137,760 European ancestry controls	9q33.3	9	126444553	MVB12B, NRON	MVB12B			ENSG00000196814			rs10122788-G	rs10122788	0	10122788	intron_variant	0	0.43600000000000005	2E-6	5.698970004336019		1.0540073		NR [9372253] (imputed)	N	bipolar disorder	http://purl.obolibrary.org/obo/MONDO_0004985	GCST008103	Genome-wide genotyping array
2019-07-09	31043756	Stahl EA	2019-05-01	Nat Genet	www.ncbi.nlm.nih.gov/pubmed/31043756	Genome-wide association study identifies 30 loci associated with bipolar disorder.	Bipolar disorder	20,352 European ancestry cases, 31,358 European ancestry controls	9,412 European ancestry cases, 137,760 European ancestry controls	2p12	2	82237883	intergenic	RN7SL201P - LYARP1	ENSG00000242118	ENSG00000229560		270509	30544	rs6714647-A	rs6714647	0	6714647	intergenic_variant	1	0.756	2E-6	5.698970004336019		1.06599	[1.04-1.09]	NR [9372253] (imputed)	N	bipolar disorder	http://purl.obolibrary.org/obo/MONDO_0004985	GCST008103	Genome-wide genotyping array
2019-07-09	31043756	Stahl EA	2019-05-01	Nat Genet	www.ncbi.nlm.nih.gov/pubmed/31043756	Genome-wide association study identifies 30 loci associated with bipolar disorder.	Bipolar disorder	20,352 European ancestry cases, 31,358 European ancestry controls	9,412 European ancestry cases, 137,760 European ancestry controls	1p32.1	1	60626784	intergenic	LINC01748			ENSG00000226476			rs814197-G	rs814197	0	814197	intergenic_variant	0	0.44799999999999995	2E-6	5.698970004336019		1.0537963		NR [9372253] (imputed)	N	bipolar disorder	http://purl.obolibrary.org/obo/MONDO_0004985	GCST008103	Genome-wide genotyping array
2019-07-09	31043756	Stahl EA	2019-05-01	Nat Genet	www.ncbi.nlm.nih.gov/pubmed/31043756	Genome-wide association study identifies 30 loci associated with bipolar disorder.	Bipolar disorder	20,352 European ancestry cases, 31,358 European ancestry controls	9,412 European ancestry cases, 137,760 European ancestry controls	14q24.2	14	70118552	SLC8A3	SLC8A3			ENSG00000100678			rs10136228-G	rs10136228	0	10136228	intron_variant	0	0.45999999999999996	2E-6	5.698970004336019		1.0539074		NR [9372253] (imputed)	N	bipolar disorder	http://purl.obolibrary.org/obo/MONDO_0004985	GCST008103	Genome-wide genotyping array
2019-07-09	31043756	Stahl EA	2019-05-01	Nat Genet	www.ncbi.nlm.nih.gov/pubmed/31043756	Genome-wide association study identifies 30 loci associated with bipolar disorder.	Bipolar disorder	20,352 European ancestry cases, 31,358 European ancestry controls	9,412 European ancestry cases, 137,760 European ancestry controls	14q32.33	14	104625694	C14orf180, TMEM179	TMEM179 - LINC02280	ENSG00000258986	ENSG00000260792		20047	35426	rs10147900-T	rs10147900	0	10147900	intergenic_variant	1	0.138	2E-6	5.698970004336019		1.10054	[1.06-1.14]	NR [9372253] (imputed)	N	bipolar disorder	http://purl.obolibrary.org/obo/MONDO_0004985	GCST008103	Genome-wide genotyping array
2019-07-09	31043756	Stahl EA	2019-05-01	Nat Genet	www.ncbi.nlm.nih.gov/pubmed/31043756	Genome-wide association study identifies 30 loci associated with bipolar disorder.	Bipolar disorder	20,352 European ancestry cases, 31,358 European ancestry controls	9,412 European ancestry cases, 137,760 European ancestry controls	15q24.1	15	73731297	CD276, C15orf59	CD276 - INSYN1	ENSG00000103855	ENSG00000205363		16779	4144	rs28627084-C	rs28627084	0	28627084	intron_variant	1	0.888	2E-6	5.698970004336019		1.0879499		NR [9372253] (imputed)	N	bipolar disorder	http://purl.obolibrary.org/obo/MONDO_0004985	GCST008103	Genome-wide genotyping array
2019-07-09	31043756	Stahl EA	2019-05-01	Nat Genet	www.ncbi.nlm.nih.gov/pubmed/31043756	Genome-wide association study identifies 30 loci associated with bipolar disorder.	Bipolar disorder	20,352 European ancestry cases, 31,358 European ancestry controls	9,412 European ancestry cases, 137,760 European ancestry controls	Xq13.2	X	73035874	LINC00684, FAM226A, FAM226B, PABPC1L2B, PABPC1L2A, NAP1L6, NAP1L2	PABPC1L2B-AS1			ENSG00000226725			rs140643378-G	rs140643378	1	5937289	intron_variant	0	0.62	3E-6	5.522878745280337		1.0589743		NR [9372253] (imputed)	N	bipolar disorder	http://purl.obolibrary.org/obo/MONDO_0004985	GCST008103	Genome-wide genotyping array
2019-07-09	31043756	Stahl EA	2019-05-01	Nat Genet	www.ncbi.nlm.nih.gov/pubmed/31043756	Genome-wide association study identifies 30 loci associated with bipolar disorder.	Bipolar disorder	20,352 European ancestry cases, 31,358 European ancestry controls	9,412 European ancestry cases, 137,760 European ancestry controls	8p23.3	8	1677566	DLGAP2	DLGAP2			ENSG00000198010			rs59811079-G	rs59811079	0	59811079	intron_variant	0	0.716	3E-6	5.522878745280337		1.0640675		NR [9372253] (imputed)	N	bipolar disorder	http://purl.obolibrary.org/obo/MONDO_0004985	GCST008103	Genome-wide genotyping array
2019-07-09	31043756	Stahl EA	2019-05-01	Nat Genet	www.ncbi.nlm.nih.gov/pubmed/31043756	Genome-wide association study identifies 30 loci associated with bipolar disorder.	Bipolar disorder	20,352 European ancestry cases, 31,358 European ancestry controls	9,412 European ancestry cases, 137,760 European ancestry controls				PLXNA4							chr7_131863813_D-?	chr7_131863813_D	0			1	0.471	3E-6	5.522878745280337		1.05791		NR [9372253] (imputed)	N	bipolar disorder	http://purl.obolibrary.org/obo/MONDO_0004985	GCST008103	Genome-wide genotyping array
2019-07-09	31043756	Stahl EA	2019-05-01	Nat Genet	www.ncbi.nlm.nih.gov/pubmed/31043756	Genome-wide association study identifies 30 loci associated with bipolar disorder.	Bipolar disorder	20,352 European ancestry cases, 31,358 European ancestry controls	9,412 European ancestry cases, 137,760 European ancestry controls				FAM160B1							chr10_116615129_I-?	chr10_116615129_I	0			1	0.0148	3E-6	5.522878745280337		1.33309	[1.21-1.45]	NR [9372253] (imputed)	N	bipolar disorder	http://purl.obolibrary.org/obo/MONDO_0004985	GCST008103	Genome-wide genotyping array
2019-07-09	31043756	Stahl EA	2019-05-01	Nat Genet	www.ncbi.nlm.nih.gov/pubmed/31043756	Genome-wide association study identifies 30 loci associated with bipolar disorder.	Bipolar disorder	20,352 European ancestry cases, 31,358 European ancestry controls	9,412 European ancestry cases, 137,760 European ancestry controls	20q13.12	20	45212068	PI3, SEMG1, SEMG2, SLPI	SEMG1 - SEMG2	ENSG00000124233	ENSG00000124157		1463	9305	rs190905111-A	rs190905111	0	190905111	intergenic_variant	1	0.949	3E-6	5.522878745280337		1.15004	[1.09-1.21]	NR [9372253] (imputed)	N	bipolar disorder	http://purl.obolibrary.org/obo/MONDO_0004985	GCST008103	Genome-wide genotyping array
2019-07-09	31043756	Stahl EA	2019-05-01	Nat Genet	www.ncbi.nlm.nih.gov/pubmed/31043756	Genome-wide association study identifies 30 loci associated with bipolar disorder.	Bipolar disorder	20,352 European ancestry cases, 31,358 European ancestry controls	9,412 European ancestry cases, 137,760 European ancestry controls	Xp22.2	X	13358691	LOC100093698, ATXN3L, LOC100133123	LINC01203			ENSG00000226985			rs142204301-A	rs142204301	0	142204301	intron_variant	0	0.0169	3E-6	5.522878745280337		1.23491	[1.15-1.32]	NR [9372253] (imputed)	N	bipolar disorder	http://purl.obolibrary.org/obo/MONDO_0004985	GCST008103	Genome-wide genotyping array
2019-07-09	31043756	Stahl EA	2019-05-01	Nat Genet	www.ncbi.nlm.nih.gov/pubmed/31043756	Genome-wide association study identifies 30 loci associated with bipolar disorder.	Bipolar disorder	20,352 European ancestry cases, 31,358 European ancestry controls	9,412 European ancestry cases, 137,760 European ancestry controls	12q24.11	12	110075511	GLTP, TCHP, GIT2, ANKRD13A, C12orf76, IFT81	C12orf76 - IFT81	ENSG00000174456	ENSG00000122970		1875	48824	rs78781559-A	rs78781559	0	78781559	intergenic_variant	1	0.083	3E-6	5.522878745280337		1.10583	[1.06-1.15]	NR [9372253] (imputed)	N	bipolar disorder	http://purl.obolibrary.org/obo/MONDO_0004985	GCST008103	Genome-wide genotyping array
2019-07-09	31043756	Stahl EA	2019-05-01	Nat Genet	www.ncbi.nlm.nih.gov/pubmed/31043756	Genome-wide association study identifies 30 loci associated with bipolar disorder.	Bipolar disorder	20,352 European ancestry cases, 31,358 European ancestry controls	9,412 European ancestry cases, 137,760 European ancestry controls	11q23.1	11	111542740	BTG4, MIR34B, MIR34C, C11orf88, LAYN	LAYN			ENSG00000204381			rs4938784-T	rs4938784	0	4938784	intron_variant	0	0.321	3E-6	5.522878745280337		1.05823	[1.03-1.08]	NR [9372253] (imputed)	N	bipolar disorder	http://purl.obolibrary.org/obo/MONDO_0004985	GCST008103	Genome-wide genotyping array
2019-07-09	31043756	Stahl EA	2019-05-01	Nat Genet	www.ncbi.nlm.nih.gov/pubmed/31043756	Genome-wide association study identifies 30 loci associated with bipolar disorder.	Bipolar disorder	20,352 European ancestry cases, 31,358 European ancestry controls	9,412 European ancestry cases, 137,760 European ancestry controls	8p23.1	8	9836046	TNKS, LINC00599, MIR124-1	TNKS - MIR124-1HG	ENSG00000173273	ENSG00000253230		53700	63698	rs56662938-A	rs56662938	0	56662938	intergenic_variant	1	0.132	3E-6	5.522878745280337		1.07853	[1.05-1.11]	NR [9372253] (imputed)	N	bipolar disorder	http://purl.obolibrary.org/obo/MONDO_0004985	GCST008103	Genome-wide genotyping array
2019-07-09	31043756	Stahl EA	2019-05-01	Nat Genet	www.ncbi.nlm.nih.gov/pubmed/31043756	Genome-wide association study identifies 30 loci associated with bipolar disorder.	Bipolar disorder	20,352 European ancestry cases, 31,358 European ancestry controls	9,412 European ancestry cases, 137,760 European ancestry controls	2q37.1	2	232927715	C2orf82, NGEF	NGEF			ENSG00000066248			rs2592118-T	rs2592118	0	2592118	intron_variant	0	0.444	3E-6	5.522878745280337		1.05432	[1.03-1.08]	NR [9372253] (imputed)	N	bipolar disorder	http://purl.obolibrary.org/obo/MONDO_0004985	GCST008103	Genome-wide genotyping array
2019-07-09	31043756	Stahl EA	2019-05-01	Nat Genet	www.ncbi.nlm.nih.gov/pubmed/31043756	Genome-wide association study identifies 30 loci associated with bipolar disorder.	Bipolar disorder	20,352 European ancestry cases, 31,358 European ancestry controls	9,412 European ancestry cases, 137,760 European ancestry controls				ITCH, DYNLRB1, MAP1LC3A, PIGU, TP53INP2, NCOA6, HMGB3P1, GGT7, ACSS2, GSS, MYH7B							chr20_33361359_I-?	chr20_33361359_I	0			1	0.823	3E-6	5.522878745280337		1.0727197		NR [9372253] (imputed)	N	bipolar disorder	http://purl.obolibrary.org/obo/MONDO_0004985	GCST008103	Genome-wide genotyping array
2019-07-12	31164008	Mullins N	2019-06-05	Am J Psychiatry	www.ncbi.nlm.nih.gov/pubmed/31164008	GWAS of Suicide Attempt in Psychiatric Disorders and Association With Major Depression Polygenic Risk Scores.	Suicide attempts in bipolar disorder	3,264 European ancestry attempters, 5,500 European ancestry nonattempters	NA	13q12.3	13	28335698	NR	FLT1			ENSG00000102755			rs7982251-C	rs7982251	0	7982251	intron_variant	0	0.13	3E-6	5.522878745280337		1.2658228	[1.15-1.39]	NR [8807005] (imputed)	N	attempted suicide	http://www.ebi.ac.uk/efo/EFO_0004321	GCST008119	Genome-wide genotyping array
2019-07-12	31164008	Mullins N	2019-06-05	Am J Psychiatry	www.ncbi.nlm.nih.gov/pubmed/31164008	GWAS of Suicide Attempt in Psychiatric Disorders and Association With Major Depression Polygenic Risk Scores.	Suicide attempts in bipolar disorder	3,264 European ancestry attempters, 5,500 European ancestry nonattempters	NA	8p21.1	8	27810276	NR	ESCO2, PBK			ENSG00000171320, ENSG00000168078			rs1052873-C	rs1052873	0	1052873	3_prime_UTR_variant	0	0.78	2E-6	5.698970004336019		1.2048193	[1.12-1.32]	NR [8807005] (imputed)	N	attempted suicide	http://www.ebi.ac.uk/efo/EFO_0004321	GCST008119	Genome-wide genotyping array
2019-07-12	31164008	Mullins N	2019-06-05	Am J Psychiatry	www.ncbi.nlm.nih.gov/pubmed/31164008	GWAS of Suicide Attempt in Psychiatric Disorders and Association With Major Depression Polygenic Risk Scores.	Suicide attempts in bipolar disorder	3,264 European ancestry attempters, 5,500 European ancestry nonattempters	NA	1p22.2	1	90359648	NR	RNU6-695P - LINC02787	ENSG00000212459	ENSG00000229201		106089	114882	rs6428588-C	rs6428588	0	6428588	intergenic_variant	1	0.6599999999999999	3E-6	5.522878745280337		1.1764705	[1.1-1.27]	NR [8807005] (imputed)	N	attempted suicide	http://www.ebi.ac.uk/efo/EFO_0004321	GCST008119	Genome-wide genotyping array
2019-07-12	31164008	Mullins N	2019-06-05	Am J Psychiatry	www.ncbi.nlm.nih.gov/pubmed/31164008	GWAS of Suicide Attempt in Psychiatric Disorders and Association With Major Depression Polygenic Risk Scores.	Suicide attempts in bipolar disorder	3,264 European ancestry attempters, 5,500 European ancestry nonattempters	NA	12q13.11	12	47085745	NR	PCED1B			ENSG00000179715			rs7979008-C	rs7979008	0	7979008	intron_variant	0	0.6599999999999999	4E-6	5.3979400086720375		1.1764705	[1.1-1.27]	NR [8807005] (imputed)	N	attempted suicide	http://www.ebi.ac.uk/efo/EFO_0004321	GCST008119	Genome-wide genotyping array
2019-07-12	31164008	Mullins N	2019-06-05	Am J Psychiatry	www.ncbi.nlm.nih.gov/pubmed/31164008	GWAS of Suicide Attempt in Psychiatric Disorders and Association With Major Depression Polygenic Risk Scores.	Suicide attempts in bipolar disorder	3,264 European ancestry attempters, 5,500 European ancestry nonattempters	NA	15q14	15	34021840	NR	CHRM5, AVEN			ENSG00000184984, ENSG00000169857			rs5016373-C	rs5016373	0	5016373	intron_variant	0	0.35	6E-6	5.221848749616356		1.1627907	[1.09-1.25]	NR [8807005] (imputed)	N	attempted suicide	http://www.ebi.ac.uk/efo/EFO_0004321	GCST008119	Genome-wide genotyping array
2019-07-12	31164008	Mullins N	2019-06-05	Am J Psychiatry	www.ncbi.nlm.nih.gov/pubmed/31164008	GWAS of Suicide Attempt in Psychiatric Disorders and Association With Major Depression Polygenic Risk Scores.	Suicide attempts in bipolar disorder	3,264 European ancestry attempters, 5,500 European ancestry nonattempters	NA	8p23.2	8	3429211	NR	CSMD1			ENSG00000183117			rs67658161-A	rs67658161	0	67658161	intron_variant	0	0.48	3E-6	5.522878745280337		1.16	1.09-1.24	NR [8807005] (imputed)	N	attempted suicide	http://www.ebi.ac.uk/efo/EFO_0004321	GCST008119	Genome-wide genotyping array
2019-07-12	31164008	Mullins N	2019-06-05	Am J Psychiatry	www.ncbi.nlm.nih.gov/pubmed/31164008	GWAS of Suicide Attempt in Psychiatric Disorders and Association With Major Depression Polygenic Risk Scores.	Suicide attempts in bipolar disorder	3,264 European ancestry attempters, 5,500 European ancestry nonattempters	NA	22q11.21	22	19965038	NR	COMT			ENSG00000093010			rs165774-A	rs165774	0	165774	intron_variant	0	0.33	9E-6	5.045757490560675		1.18	1.1-1.27	NR [8807005] (imputed)	N	attempted suicide	http://www.ebi.ac.uk/efo/EFO_0004321	GCST008119	Genome-wide genotyping array
2019-07-12	31164008	Mullins N	2019-06-05	Am J Psychiatry	www.ncbi.nlm.nih.gov/pubmed/31164008	GWAS of Suicide Attempt in Psychiatric Disorders and Association With Major Depression Polygenic Risk Scores.	Suicide attempts in bipolar disorder	3,264 European ancestry attempters, 5,500 European ancestry nonattempters	NA				NR							chr10_7228436-I-?	chr10_7228436-I	0			1	0.14	9E-6	5.045757490560675		1.31	1.16-1.47	NR [8807005] (imputed)	N	attempted suicide	http://www.ebi.ac.uk/efo/EFO_0004321	GCST008119	Genome-wide genotyping array
2019-07-12	31164008	Mullins N	2019-06-05	Am J Psychiatry	www.ncbi.nlm.nih.gov/pubmed/31164008	GWAS of Suicide Attempt in Psychiatric Disorders and Association With Major Depression Polygenic Risk Scores.	Suicide attempts in bipolar disorder	3,264 European ancestry attempters, 5,500 European ancestry nonattempters	NA	14q11.2	14	19312355	NR	DUXAP10			ENSG00000292986			rs190572487-T	rs190572487	1	2845031	intron_variant	0	0.75	7E-6	5.154901959985743		1.35	1.18-1.54	NR [8807005] (imputed)	N	attempted suicide	http://www.ebi.ac.uk/efo/EFO_0004321	GCST008119	Genome-wide genotyping array
2019-07-12	31164008	Mullins N	2019-06-05	Am J Psychiatry	www.ncbi.nlm.nih.gov/pubmed/31164008	GWAS of Suicide Attempt in Psychiatric Disorders and Association With Major Depression Polygenic Risk Scores.	Suicide attempts in bipolar disorder	3,264 European ancestry attempters, 5,500 European ancestry nonattempters	NA	11q14.3	11	91720868	NR	LINC02748 - LINC02756	ENSG00000255187	ENSG00000255332		486480	73451	rs3847511-T	rs3847511	0	3847511	intergenic_variant	1	0.08	8E-6	5.096910013008056		1.36	1.19-1.55	NR [8807005] (imputed)	N	attempted suicide	http://www.ebi.ac.uk/efo/EFO_0004321	GCST008119	Genome-wide genotyping array
2019-07-12	31164008	Mullins N	2019-06-05	Am J Psychiatry	www.ncbi.nlm.nih.gov/pubmed/31164008	GWAS of Suicide Attempt in Psychiatric Disorders and Association With Major Depression Polygenic Risk Scores.	Suicide attempts in bipolar disorder	3,264 European ancestry attempters, 5,500 European ancestry nonattempters	NA	19p13.3	19	2955761	NR	ZNF77 - TLE6	ENSG00000175691	ENSG00000104953		10790	21777	rs55893662-T	rs55893662	0	55893662	intergenic_variant	1	0.11	5E-6	5.301029995663981		1.46	1.24-1.73	NR [8807005] (imputed)	N	attempted suicide	http://www.ebi.ac.uk/efo/EFO_0004321	GCST008119	Genome-wide genotyping array
2019-07-12	31164008	Mullins N	2019-06-05	Am J Psychiatry	www.ncbi.nlm.nih.gov/pubmed/31164008	GWAS of Suicide Attempt in Psychiatric Disorders and Association With Major Depression Polygenic Risk Scores.	Suicide attempts in bipolar disorder	3,264 European ancestry attempters, 5,500 European ancestry nonattempters	NA	10p11.22	10	32657081	NR	CCDC7			ENSG00000216937			rs118167891-T	rs118167891	0	118167891	intron_variant	0	0.02	2E-6	5.698970004336019		1.93	1.47-2.53	NR [8807005] (imputed)	N	attempted suicide	http://www.ebi.ac.uk/efo/EFO_0004321	GCST008119	Genome-wide genotyping array
2019-07-12	31164008	Mullins N	2019-06-05	Am J Psychiatry	www.ncbi.nlm.nih.gov/pubmed/31164008	GWAS of Suicide Attempt in Psychiatric Disorders and Association With Major Depression Polygenic Risk Scores.	Suicide attempts in bipolar disorder	3,264 European ancestry attempters, 5,500 European ancestry nonattempters	NA	11p14.1	11	29739727		LINC02755			ENSG00000254530			rs141199126-T	rs141199126	0	141199126	intron_variant	0	0.02	9E-6	5.045757490560675		2.05	1.49-2.83	NR [8807005] (imputed)	N	attempted suicide	http://www.ebi.ac.uk/efo/EFO_0004321	GCST008119	Genome-wide genotyping array
2019-07-12	31164008	Mullins N	2019-06-05	Am J Psychiatry	www.ncbi.nlm.nih.gov/pubmed/31164008	GWAS of Suicide Attempt in Psychiatric Disorders and Association With Major Depression Polygenic Risk Scores.	Suicide attempts in bipolar disorder	3,264 European ancestry attempters, 5,500 European ancestry nonattempters	NA	4q28.3	4	135037116	NR	LINC02462 - EEF1A1P35	ENSG00000251291	ENSG00000250144		482590	8348	rs12639760-A	rs12639760	0	12639760	intergenic_variant	1	0.22	9E-6	5.045757490560675		1.21	1.11-1.31	NR [8807005] (imputed)	N	attempted suicide	http://www.ebi.ac.uk/efo/EFO_0004321	GCST008119	Genome-wide genotyping array
2020-01-07	31754094	Pisanu C	2019-11-21	Transl Psychiatry	www.ncbi.nlm.nih.gov/pubmed/31754094	Evidence that genes involved in hedgehog signaling are associated with both bipolar disorder and high BMI.	Bipolar disorder or body mass index	20,352 European ancestry bipolar disorder cases, 31,358 European ancestry controls, 322,154 European ancestry individuals with BMI data.	NA	3q27.2	3	186106215	ETV5	ETV5, DGKG			ENSG00000244405, ENSG00000058866			rs1516725-T	rs1516725	0	1516725	intron_variant	0	NR	1E-24	24.0		0.046	[0.038-0.054] unit decrease	Illumina [2013566] (imputed)	N	bipolar disorder, body mass index	http://purl.obolibrary.org/obo/MONDO_0004985, http://www.ebi.ac.uk/efo/EFO_0004340	GCST009371	Genome-wide genotyping array, Targeted genotyping array
2020-01-07	31754094	Pisanu C	2019-11-21	Transl Psychiatry	www.ncbi.nlm.nih.gov/pubmed/31754094	Evidence that genes involved in hedgehog signaling are associated with both bipolar disorder and high BMI.	Bipolar disorder or body mass index	20,352 European ancestry bipolar disorder cases, 31,358 European ancestry controls, 322,154 European ancestry individuals with BMI data.	NA	16p11.2	16	28878165	NPIPL1	ATP2A1-AS1			ENSG00000260442			rs3888190-A	rs3888190	0	3888190	non_coding_transcript_exon_variant	0	NR	1E-24	24.0		0.031	[0.025-0.037] unit increase	Illumina [2013566] (imputed)	N	bipolar disorder, body mass index	http://purl.obolibrary.org/obo/MONDO_0004985, http://www.ebi.ac.uk/efo/EFO_0004340	GCST009371	Genome-wide genotyping array, Targeted genotyping array
2020-01-07	31754094	Pisanu C	2019-11-21	Transl Psychiatry	www.ncbi.nlm.nih.gov/pubmed/31754094	Evidence that genes involved in hedgehog signaling are associated with both bipolar disorder and high BMI.	Bipolar disorder or body mass index	20,352 European ancestry bipolar disorder cases, 31,358 European ancestry controls, 322,154 European ancestry individuals with BMI data.	NA	16p12.1	16	28479196	NPIPL1-CLN3	CLN3			ENSG00000188603			rs151181-T	rs151181	0	151181	intron_variant	0	NR	3E-19	18.522878745280337		0.027	[0.021-0.033] unit decrease	Illumina [2013566] (imputed)	N	bipolar disorder, body mass index	http://purl.obolibrary.org/obo/MONDO_0004985, http://www.ebi.ac.uk/efo/EFO_0004340	GCST009371	Genome-wide genotyping array, Targeted genotyping array
2020-01-07	31754094	Pisanu C	2019-11-21	Transl Psychiatry	www.ncbi.nlm.nih.gov/pubmed/31754094	Evidence that genes involved in hedgehog signaling are associated with both bipolar disorder and high BMI.	Bipolar disorder or body mass index	20,352 European ancestry bipolar disorder cases, 31,358 European ancestry controls, 322,154 European ancestry individuals with BMI data.	NA	9p21.1	9	28414341	LINGO2	LINGO2			ENSG00000174482			rs10968576-A	rs10968576	0	10968576	intron_variant	0	NR	3E-15	14.522878745280337		0.025	[0.019-0.031] unit decrease	Illumina [2013566] (imputed)	N	bipolar disorder, body mass index	http://purl.obolibrary.org/obo/MONDO_0004985, http://www.ebi.ac.uk/efo/EFO_0004340	GCST009371	Genome-wide genotyping array, Targeted genotyping array
2020-01-07	31754094	Pisanu C	2019-11-21	Transl Psychiatry	www.ncbi.nlm.nih.gov/pubmed/31754094	Evidence that genes involved in hedgehog signaling are associated with both bipolar disorder and high BMI.	Bipolar disorder or body mass index	20,352 European ancestry bipolar disorder cases, 31,358 European ancestry controls, 322,154 European ancestry individuals with BMI data.	NA	1p31.1	1	72263459	NEGR1	NEGR1			ENSG00000172260			rs1620977-A	rs1620977	0	1620977	intron_variant	0	NR	9E-13	12.045757490560675		0.024	[0.018-0.03] unit increase	Illumina [2013566] (imputed)	N	bipolar disorder, body mass index	http://purl.obolibrary.org/obo/MONDO_0004985, http://www.ebi.ac.uk/efo/EFO_0004340	GCST009371	Genome-wide genotyping array, Targeted genotyping array
2020-01-07	31754094	Pisanu C	2019-11-21	Transl Psychiatry	www.ncbi.nlm.nih.gov/pubmed/31754094	Evidence that genes involved in hedgehog signaling are associated with both bipolar disorder and high BMI.	Bipolar disorder or body mass index	20,352 European ancestry bipolar disorder cases, 31,358 European ancestry controls, 322,154 European ancestry individuals with BMI data.	NA	1p21.3	1	96421814	Intergenic	UBE2WP1 - EEF1A1P11	ENSG00000234422	ENSG00000228502		2881	25116	rs2968487-T	rs2968487	0	2968487	intergenic_variant	1	NR	3E-12	11.522878745280337		0.025	[0.017-0.033] unit increase	Illumina [2013566] (imputed)	N	bipolar disorder, body mass index	http://purl.obolibrary.org/obo/MONDO_0004985, http://www.ebi.ac.uk/efo/EFO_0004340	GCST009371	Genome-wide genotyping array, Targeted genotyping array
2020-01-07	31754094	Pisanu C	2019-11-21	Transl Psychiatry	www.ncbi.nlm.nih.gov/pubmed/31754094	Evidence that genes involved in hedgehog signaling are associated with both bipolar disorder and high BMI.	Bipolar disorder or body mass index	20,352 European ancestry bipolar disorder cases, 31,358 European ancestry controls, 322,154 European ancestry individuals with BMI data.	NA	15q23	15	67798486	MAP2K5	MAP2K5			ENSG00000137764			rs2127162-A	rs2127162	0	2127162	intron_variant	0	NR	5E-11	10.301029995663981		0.023	[0.015-0.031] unit decrease	Illumina [2013566] (imputed)	N	bipolar disorder, body mass index	http://purl.obolibrary.org/obo/MONDO_0004985, http://www.ebi.ac.uk/efo/EFO_0004340	GCST009371	Genome-wide genotyping array, Targeted genotyping array
2020-01-07	31754094	Pisanu C	2019-11-21	Transl Psychiatry	www.ncbi.nlm.nih.gov/pubmed/31754094	Evidence that genes involved in hedgehog signaling are associated with both bipolar disorder and high BMI.	Bipolar disorder or body mass index	20,352 European ancestry bipolar disorder cases, 31,358 European ancestry controls, 322,154 European ancestry individuals with BMI data.	NA	6p12.3	6	50978808	Intergenic	FTH1P5 - TIAL1P1	ENSG00000230204	ENSG00000270306		65552	406474	rs4141973-T	rs4141973	0	4141973	intergenic_variant	1	NR	2E-9	8.698970004336019		0.029	[0.019-0.039] unit increase	Illumina [2013566] (imputed)	N	bipolar disorder, body mass index	http://purl.obolibrary.org/obo/MONDO_0004985, http://www.ebi.ac.uk/efo/EFO_0004340	GCST009371	Genome-wide genotyping array, Targeted genotyping array
2020-01-07	31754094	Pisanu C	2019-11-21	Transl Psychiatry	www.ncbi.nlm.nih.gov/pubmed/31754094	Evidence that genes involved in hedgehog signaling are associated with both bipolar disorder and high BMI.	Bipolar disorder or body mass index	20,352 European ancestry bipolar disorder cases, 31,358 European ancestry controls, 322,154 European ancestry individuals with BMI data.	NA	16q12.2	16	53678223	RPGRIP1L	RPGRIP1L			ENSG00000103494			rs1477199-A	rs1477199	0	1477199	intron_variant	0	NR	6E-9	8.221848749616356		0.025	[0.017-0.033] unit decrease	Illumina [2013566] (imputed)	N	bipolar disorder, body mass index	http://purl.obolibrary.org/obo/MONDO_0004985, http://www.ebi.ac.uk/efo/EFO_0004340	GCST009371	Genome-wide genotyping array, Targeted genotyping array
2020-01-07	31754094	Pisanu C	2019-11-21	Transl Psychiatry	www.ncbi.nlm.nih.gov/pubmed/31754094	Evidence that genes involved in hedgehog signaling are associated with both bipolar disorder and high BMI.	Bipolar disorder or body mass index	20,352 European ancestry bipolar disorder cases, 31,358 European ancestry controls, 322,154 European ancestry individuals with BMI data.	NA	2q33.3	2	207390794	Intergenic	MYOSLID-AS1			ENSG00000223725			rs17203016-A	rs17203016	0	17203016	intron_variant	0	NR	1E-8	8.0		0.022	[0.014-0.03] unit decrease	Illumina [2013566] (imputed)	N	bipolar disorder, body mass index	http://purl.obolibrary.org/obo/MONDO_0004985, http://www.ebi.ac.uk/efo/EFO_0004340	GCST009371	Genome-wide genotyping array, Targeted genotyping array
2020-01-07	31754094	Pisanu C	2019-11-21	Transl Psychiatry	www.ncbi.nlm.nih.gov/pubmed/31754094	Evidence that genes involved in hedgehog signaling are associated with both bipolar disorder and high BMI.	Bipolar disorder or body mass index	20,352 European ancestry bipolar disorder cases, 31,358 European ancestry controls, 322,154 European ancestry individuals with BMI data.	NA	1p21.3	1	96535401	Intergenic	EEF1A1P11 - RN7SL831P	ENSG00000228502	ENSG00000241992		87083	47808	rs6671342-T	rs6671342	0	6671342	intergenic_variant	1	NR	2E-8	7.698970004336019		0.023	[0.015-0.031] unit decrease	Illumina [2013566] (imputed)	N	bipolar disorder, body mass index	http://purl.obolibrary.org/obo/MONDO_0004985, http://www.ebi.ac.uk/efo/EFO_0004340	GCST009371	Genome-wide genotyping array, Targeted genotyping array
2020-01-07	31754094	Pisanu C	2019-11-21	Transl Psychiatry	www.ncbi.nlm.nih.gov/pubmed/31754094	Evidence that genes involved in hedgehog signaling are associated with both bipolar disorder and high BMI.	Bipolar disorder or body mass index	20,352 European ancestry bipolar disorder cases, 31,358 European ancestry controls, 322,154 European ancestry individuals with BMI data.	NA	7q11.23	7	77007753	DTX2P1-UPK3BP1-PMS2P11	DTX2P1-UPK3BP1-PMS2P11			ENSG00000265479			rs4729098-A	rs4729098	0	4729098	intron_variant	0	NR	3E-8	7.522878745280337		0.037	[0.023-0.051] unit decrease	Illumina [2013566] (imputed)	N	bipolar disorder, body mass index	http://purl.obolibrary.org/obo/MONDO_0004985, http://www.ebi.ac.uk/efo/EFO_0004340	GCST009371	Genome-wide genotyping array, Targeted genotyping array
2020-01-07	31754094	Pisanu C	2019-11-21	Transl Psychiatry	www.ncbi.nlm.nih.gov/pubmed/31754094	Evidence that genes involved in hedgehog signaling are associated with both bipolar disorder and high BMI.	Bipolar disorder or body mass index	20,352 European ancestry bipolar disorder cases, 31,358 European ancestry controls, 322,154 European ancestry individuals with BMI data.	NA	6p21.31	6	34585020	Intergenic	IFITM3P3 - ILRUN	ENSG00000196114	ENSG00000196821		8364	2268	rs2814944-A	rs2814944	0	2814944	intergenic_variant	1	NR	4E-8	7.3979400086720375		0.023	[0.015-0.031] unit increase	Illumina [2013566] (imputed)	N	bipolar disorder, body mass index	http://purl.obolibrary.org/obo/MONDO_0004985, http://www.ebi.ac.uk/efo/EFO_0004340	GCST009371	Genome-wide genotyping array, Targeted genotyping array
2020-01-07	31754094	Pisanu C	2019-11-21	Transl Psychiatry	www.ncbi.nlm.nih.gov/pubmed/31754094	Evidence that genes involved in hedgehog signaling are associated with both bipolar disorder and high BMI.	Bipolar disorder or type 2 diabetes	20,352 European ancestry bipolar disorder cases, 26,676 European ancestry type 2 diabetes cases, 163,890 European ancestry controls	NA	3p21.2	3	52186187	intergenic	POC1A - ALDOAP1	ENSG00000164087	ENSG00000242849		31452	6983	rs614288-T	rs614288	0	614288	intron_variant	1	NR	2E-8	7.698970004336019		0.05	[0.030-0.070] unit increase	NR [2013566] (imputed)	N	bipolar disorder, type 2 diabetes mellitus	http://purl.obolibrary.org/obo/MONDO_0004985, http://purl.obolibrary.org/obo/MONDO_0005148	GCST009372	Genome-wide genotyping array
2020-01-07	31754094	Pisanu C	2019-11-21	Transl Psychiatry	www.ncbi.nlm.nih.gov/pubmed/31754094	Evidence that genes involved in hedgehog signaling are associated with both bipolar disorder and high BMI.	Bipolar disorder or type 2 diabetes	20,352 European ancestry bipolar disorder cases, 26,676 European ancestry type 2 diabetes cases, 163,890 European ancestry controls	NA	20q13.13	20	51014081	KCNG1	KCNG1			ENSG00000026559			rs6091248-A	rs6091248	0	6091248	intron_variant	0	NR	4E-8	7.3979400086720375		0.05	[0.030-0.070] unit increase	NR [2013566] (imputed)	N	bipolar disorder, type 2 diabetes mellitus	http://purl.obolibrary.org/obo/MONDO_0004985, http://purl.obolibrary.org/obo/MONDO_0005148	GCST009372	Genome-wide genotyping array
2019-10-23	31579629	Fiorica PN	2019-09-26	PeerJ	www.ncbi.nlm.nih.gov/pubmed/31579629	Transcriptome association studies of neuropsychiatric traits in African Americans implicate PRMT7 in schizophrenia.	Bipolar disorder	671 African American cases, 348 African American controls	NA	2q14.2	2	121320830	NR	RPS17P7 - CLASP1	ENSG00000232723	ENSG00000074054		10418	16946	rs10168049-G	rs10168049	0	10168049	intergenic_variant	1	0.465	1E-6	6.0				Affymetrix [12799548] (imputed)	N	bipolar disorder	http://purl.obolibrary.org/obo/MONDO_0004985	GCST008905	Genome-wide genotyping array
2017-03-14	27769005	Nassan M	2016-09-30	J Affect Disord	www.ncbi.nlm.nih.gov/pubmed/27769005	A genome wide association study suggests the association of muskelin with early onset bipolar disorder: Implications for a GABAergic epileptogenic neurogenesis model.	Bipolar disorder (early onset)	600 European ancestry cases, 1,811 European ancestry controls	142 European ancestry cases, 746 European ancestry controls	7q32.3	7	131128204	MKLN1	MKLN1			ENSG00000128585			rs114034759-A	rs114034759	0	114034759	intergenic_variant	0	NR	6E-7	6.221848749616356		1.83	[NR]	Affymetrix, Illumina [7859701] (imputed)	N	bipolar disorder	http://purl.obolibrary.org/obo/MONDO_0004985	GCST003742	Genome-wide genotyping array
2017-05-11	27890468	van Hulzen KJE	2016-10-18	Biol Psychiatry	www.ncbi.nlm.nih.gov/pubmed/27890468	Genetic Overlap Between Attention-Deficit/Hyperactivity Disorder and Bipolar Disorder: Evidence From Genome-wide Association Study Meta-analysis.	Bipolar disorder (age of onset <21) or attention deficit hyperactivity disorder	5,167 European ancestry bipolar disorder cases, 2,950 European ancestry ADHD cases, 1,659 European and unknown ancestry ADHD cases, 16,325 European ancestry controls, 2,942 European and unknown ancestry controls, 2,096 controls	NA	5p15.31	5	7755787	ADCY2	ADCY2			ENSG00000078295			rs58502974-A	rs58502974	0	58502974	intron_variant	0	0.44	2E-8	7.698970004336019		1.13	[NR]	Affymetrix, Illumina [NR]	N	attention deficit-hyperactivity disorder, bipolar disorder	http://purl.obolibrary.org/obo/MONDO_0007743, http://purl.obolibrary.org/obo/MONDO_0004985	GCST004002	Genome-wide genotyping array
2017-05-11	27890468	van Hulzen KJE	2016-10-18	Biol Psychiatry	www.ncbi.nlm.nih.gov/pubmed/27890468	Genetic Overlap Between Attention-Deficit/Hyperactivity Disorder and Bipolar Disorder: Evidence From Genome-wide Association Study Meta-analysis.	Bipolar disorder (age of onset <21) or attention deficit hyperactivity disorder	5,167 European ancestry bipolar disorder cases, 2,950 European ancestry ADHD cases, 1,659 European and unknown ancestry ADHD cases, 16,325 European ancestry controls, 2,942 European and unknown ancestry controls, 2,096 controls	NA	6q22.31	6	118318224	CEP85L	SLC35F1 - CEP85L	ENSG00000196376	ENSG00000111860		548	142548	rs1334489-?	rs1334489	0	1334489	intron_variant	1	NR	7E-6	5.154901959985743				Affymetrix, Illumina [NR]	N	attention deficit-hyperactivity disorder, bipolar disorder	http://purl.obolibrary.org/obo/MONDO_0007743, http://purl.obolibrary.org/obo/MONDO_0004985	GCST004002	Genome-wide genotyping array
2017-05-11	27890468	van Hulzen KJE	2016-10-18	Biol Psychiatry	www.ncbi.nlm.nih.gov/pubmed/27890468	Genetic Overlap Between Attention-Deficit/Hyperactivity Disorder and Bipolar Disorder: Evidence From Genome-wide Association Study Meta-analysis.	Bipolar disorder (age of onset <21) or attention deficit hyperactivity disorder	5,167 European ancestry bipolar disorder cases, 2,950 European ancestry ADHD cases, 1,659 European and unknown ancestry ADHD cases, 16,325 European ancestry controls, 2,942 European and unknown ancestry controls, 2,096 controls	NA	1q23.3	1	165408315	RXRG	RXRG			ENSG00000143171			rs2134095-?	rs2134095	0	2134095	synonymous_variant	0	NR	7E-6	5.154901959985743				Affymetrix, Illumina [NR]	N	attention deficit-hyperactivity disorder, bipolar disorder	http://purl.obolibrary.org/obo/MONDO_0007743, http://purl.obolibrary.org/obo/MONDO_0004985	GCST004002	Genome-wide genotyping array
2017-05-11	27890468	van Hulzen KJE	2016-10-18	Biol Psychiatry	www.ncbi.nlm.nih.gov/pubmed/27890468	Genetic Overlap Between Attention-Deficit/Hyperactivity Disorder and Bipolar Disorder: Evidence From Genome-wide Association Study Meta-analysis.	Bipolar disorder (age of onset <21) or attention deficit hyperactivity disorder	5,167 European ancestry bipolar disorder cases, 2,950 European ancestry ADHD cases, 1,659 European and unknown ancestry ADHD cases, 16,325 European ancestry controls, 2,942 European and unknown ancestry controls, 2,096 controls	NA	20q13.2	20	53935345	BCAS1	BCAS1-AS1			ENSG00000236352			rs16998572-?	rs16998572	0	16998572	intron_variant	0	NR	8E-6	5.096910013008056				Affymetrix, Illumina [NR]	N	attention deficit-hyperactivity disorder, bipolar disorder	http://purl.obolibrary.org/obo/MONDO_0007743, http://purl.obolibrary.org/obo/MONDO_0004985	GCST004002	Genome-wide genotyping array
2017-05-11	27890468	van Hulzen KJE	2016-10-18	Biol Psychiatry	www.ncbi.nlm.nih.gov/pubmed/27890468	Genetic Overlap Between Attention-Deficit/Hyperactivity Disorder and Bipolar Disorder: Evidence From Genome-wide Association Study Meta-analysis.	Bipolar disorder (age of onset <21) or attention deficit hyperactivity disorder	5,167 European ancestry bipolar disorder cases, 2,950 European ancestry ADHD cases, 1,659 European and unknown ancestry ADHD cases, 16,325 European ancestry controls, 2,942 European and unknown ancestry controls, 2,096 controls	NA	1p31.1	1	78795698	ADGRL4	IFI44 - ADGRL4	ENSG00000137965	ENSG00000162618		131286	94066	rs11162556-?	rs11162556	0	11162556	intergenic_variant	1	NR	2E-6	5.698970004336019				Affymetrix, Illumina [NR]	N	attention deficit-hyperactivity disorder, bipolar disorder	http://purl.obolibrary.org/obo/MONDO_0007743, http://purl.obolibrary.org/obo/MONDO_0004985	GCST004002	Genome-wide genotyping array
2017-05-11	27890468	van Hulzen KJE	2016-10-18	Biol Psychiatry	www.ncbi.nlm.nih.gov/pubmed/27890468	Genetic Overlap Between Attention-Deficit/Hyperactivity Disorder and Bipolar Disorder: Evidence From Genome-wide Association Study Meta-analysis.	Bipolar disorder (age of onset <21) or attention deficit hyperactivity disorder	5,167 European ancestry bipolar disorder cases, 2,950 European ancestry ADHD cases, 1,659 European and unknown ancestry ADHD cases, 16,325 European ancestry controls, 2,942 European and unknown ancestry controls, 2,096 controls	NA	10q25.3	10	114993789	TAF9BP2	TRUB1 - LINC02626	ENSG00000165832	ENSG00000236799		16113	868	rs12761122-?	rs12761122	0	12761122	intergenic_variant	1	NR	4E-6	5.3979400086720375				Affymetrix, Illumina [NR]	N	attention deficit-hyperactivity disorder, bipolar disorder	http://purl.obolibrary.org/obo/MONDO_0007743, http://purl.obolibrary.org/obo/MONDO_0004985	GCST004002	Genome-wide genotyping array
2017-05-11	27890468	van Hulzen KJE	2016-10-18	Biol Psychiatry	www.ncbi.nlm.nih.gov/pubmed/27890468	Genetic Overlap Between Attention-Deficit/Hyperactivity Disorder and Bipolar Disorder: Evidence From Genome-wide Association Study Meta-analysis.	Bipolar disorder or attention deficit hyperactivity disorder	9,650 European ancestry bipolar disorder cases, 2,950 European ancestry ADHD cases, 1,659 European and unknown ancestry ADHD cases, 16,325 European ancestry controls, 2,942 European and unknown ancestry controls, 2,096 controls	NA	10q25.3	10	114809806	TAF9BP2	TAF9BP2			ENSG00000215760			rs7089973-C	rs7089973	0	7089973	intron_variant	0	0.74	2E-8	7.698970004336019		1.1111112	[NR]	Affymetrix, Illumina [NR] (imputed)	N	attention deficit-hyperactivity disorder, bipolar disorder	http://purl.obolibrary.org/obo/MONDO_0007743, http://purl.obolibrary.org/obo/MONDO_0004985	GCST004001	Genome-wide genotyping array
2017-05-11	27890468	van Hulzen KJE	2016-10-18	Biol Psychiatry	www.ncbi.nlm.nih.gov/pubmed/27890468	Genetic Overlap Between Attention-Deficit/Hyperactivity Disorder and Bipolar Disorder: Evidence From Genome-wide Association Study Meta-analysis.	Bipolar disorder or attention deficit hyperactivity disorder	9,650 European ancestry bipolar disorder cases, 2,950 European ancestry ADHD cases, 1,659 European and unknown ancestry ADHD cases, 16,325 European ancestry controls, 2,942 European and unknown ancestry controls, 2,096 controls	NA	6q22.31	6	118672469	CEP85L	CEP85L			ENSG00000111860			rs11756438-A	rs11756438	0	11756438	intron_variant	0	0.34	4E-8	7.3979400086720375		1.1	[NR]	Affymetrix, Illumina [NR] (imputed)	N	attention deficit-hyperactivity disorder, bipolar disorder	http://purl.obolibrary.org/obo/MONDO_0007743, http://purl.obolibrary.org/obo/MONDO_0004985	GCST004001	Genome-wide genotyping array
2017-05-11	27890468	van Hulzen KJE	2016-10-18	Biol Psychiatry	www.ncbi.nlm.nih.gov/pubmed/27890468	Genetic Overlap Between Attention-Deficit/Hyperactivity Disorder and Bipolar Disorder: Evidence From Genome-wide Association Study Meta-analysis.	Bipolar disorder or attention deficit hyperactivity disorder	9,650 European ancestry bipolar disorder cases, 2,950 European ancestry ADHD cases, 1,659 European and unknown ancestry ADHD cases, 16,325 European ancestry controls, 2,942 European and unknown ancestry controls, 2,096 controls	NA	3q26.31	3	173822316	NLGN1	NLGN1			ENSG00000169760			rs34096808-?	rs34096808	0	34096808	intron_variant	0	NR	1E-7	7.0				Affymetrix, Illumina [NR] (imputed)	N	attention deficit-hyperactivity disorder, bipolar disorder	http://purl.obolibrary.org/obo/MONDO_0007743, http://purl.obolibrary.org/obo/MONDO_0004985	GCST004001	Genome-wide genotyping array
2017-05-11	27890468	van Hulzen KJE	2016-10-18	Biol Psychiatry	www.ncbi.nlm.nih.gov/pubmed/27890468	Genetic Overlap Between Attention-Deficit/Hyperactivity Disorder and Bipolar Disorder: Evidence From Genome-wide Association Study Meta-analysis.	Bipolar disorder or attention deficit hyperactivity disorder	9,650 European ancestry bipolar disorder cases, 2,950 European ancestry ADHD cases, 1,659 European and unknown ancestry ADHD cases, 16,325 European ancestry controls, 2,942 European and unknown ancestry controls, 2,096 controls	NA	5p15.31	5	7755787	ADCY2	ADCY2			ENSG00000078295			rs58502974-?	rs58502974	0	58502974	intron_variant	0	NR	1E-7	7.0				Affymetrix, Illumina [NR] (imputed)	N	attention deficit-hyperactivity disorder, bipolar disorder	http://purl.obolibrary.org/obo/MONDO_0007743, http://purl.obolibrary.org/obo/MONDO_0004985	GCST004001	Genome-wide genotyping array
2017-05-11	27890468	van Hulzen KJE	2016-10-18	Biol Psychiatry	www.ncbi.nlm.nih.gov/pubmed/27890468	Genetic Overlap Between Attention-Deficit/Hyperactivity Disorder and Bipolar Disorder: Evidence From Genome-wide Association Study Meta-analysis.	Bipolar disorder or attention deficit hyperactivity disorder	9,650 European ancestry bipolar disorder cases, 2,950 European ancestry ADHD cases, 1,659 European and unknown ancestry ADHD cases, 16,325 European ancestry controls, 2,942 European and unknown ancestry controls, 2,096 controls	NA	1q23.3	1	165411386	RXRG	RXRG			ENSG00000143171			rs10489744-?	rs10489744	0	10489744	intron_variant	0	NR	2E-7	6.698970004336019				Affymetrix, Illumina [NR] (imputed)	N	attention deficit-hyperactivity disorder, bipolar disorder	http://purl.obolibrary.org/obo/MONDO_0007743, http://purl.obolibrary.org/obo/MONDO_0004985	GCST004001	Genome-wide genotyping array
2017-05-11	27890468	van Hulzen KJE	2016-10-18	Biol Psychiatry	www.ncbi.nlm.nih.gov/pubmed/27890468	Genetic Overlap Between Attention-Deficit/Hyperactivity Disorder and Bipolar Disorder: Evidence From Genome-wide Association Study Meta-analysis.	Bipolar disorder or attention deficit hyperactivity disorder	9,650 European ancestry bipolar disorder cases, 2,950 European ancestry ADHD cases, 1,659 European and unknown ancestry ADHD cases, 16,325 European ancestry controls, 2,942 European and unknown ancestry controls, 2,096 controls	NA	22q12.2	22	29820911	ASCC2	ASCC2			ENSG00000100325			rs9608816-?	rs9608816	0	9608816	intron_variant	0	NR	6E-7	6.221848749616356				Affymetrix, Illumina [NR] (imputed)	N	attention deficit-hyperactivity disorder, bipolar disorder	http://purl.obolibrary.org/obo/MONDO_0007743, http://purl.obolibrary.org/obo/MONDO_0004985	GCST004001	Genome-wide genotyping array
2017-05-11	27890468	van Hulzen KJE	2016-10-18	Biol Psychiatry	www.ncbi.nlm.nih.gov/pubmed/27890468	Genetic Overlap Between Attention-Deficit/Hyperactivity Disorder and Bipolar Disorder: Evidence From Genome-wide Association Study Meta-analysis.	Bipolar disorder or attention deficit hyperactivity disorder	9,650 European ancestry bipolar disorder cases, 2,950 European ancestry ADHD cases, 1,659 European and unknown ancestry ADHD cases, 16,325 European ancestry controls, 2,942 European and unknown ancestry controls, 2,096 controls	NA	20q13.2	20	53935345	BCAS1	BCAS1-AS1			ENSG00000236352			rs16998572-?	rs16998572	0	16998572	intron_variant	0	NR	8E-7	6.096910013008056				Affymetrix, Illumina [NR] (imputed)	N	attention deficit-hyperactivity disorder, bipolar disorder	http://purl.obolibrary.org/obo/MONDO_0007743, http://purl.obolibrary.org/obo/MONDO_0004985	GCST004001	Genome-wide genotyping array
2017-05-11	27890468	van Hulzen KJE	2016-10-18	Biol Psychiatry	www.ncbi.nlm.nih.gov/pubmed/27890468	Genetic Overlap Between Attention-Deficit/Hyperactivity Disorder and Bipolar Disorder: Evidence From Genome-wide Association Study Meta-analysis.	Bipolar disorder or attention deficit hyperactivity disorder	9,650 European ancestry bipolar disorder cases, 2,950 European ancestry ADHD cases, 1,659 European and unknown ancestry ADHD cases, 16,325 European ancestry controls, 2,942 European and unknown ancestry controls, 2,096 controls	NA	9p24.2	9	2411646	LOC105375956	VLDLR-AS1			ENSG00000236404			rs36030485-?	rs36030485	0	36030485	intron_variant	0	NR	9E-7	6.045757490560675				Affymetrix, Illumina [NR] (imputed)	N	attention deficit-hyperactivity disorder, bipolar disorder	http://purl.obolibrary.org/obo/MONDO_0007743, http://purl.obolibrary.org/obo/MONDO_0004985	GCST004001	Genome-wide genotyping array
2017-05-11	27890468	van Hulzen KJE	2016-10-18	Biol Psychiatry	www.ncbi.nlm.nih.gov/pubmed/27890468	Genetic Overlap Between Attention-Deficit/Hyperactivity Disorder and Bipolar Disorder: Evidence From Genome-wide Association Study Meta-analysis.	Bipolar disorder or attention deficit hyperactivity disorder	9,650 European ancestry bipolar disorder cases, 2,950 European ancestry ADHD cases, 1,659 European and unknown ancestry ADHD cases, 16,325 European ancestry controls, 2,942 European and unknown ancestry controls, 2,096 controls	NA	1p31.1	1	78795698	ADGRL4	IFI44 - ADGRL4	ENSG00000137965	ENSG00000162618		131286	94066	rs11162556-?	rs11162556	0	11162556	intergenic_variant	1	NR	4E-7	6.3979400086720375				Affymetrix, Illumina [NR] (imputed)	N	attention deficit-hyperactivity disorder, bipolar disorder	http://purl.obolibrary.org/obo/MONDO_0007743, http://purl.obolibrary.org/obo/MONDO_0004985	GCST004001	Genome-wide genotyping array
2017-05-11	27890468	van Hulzen KJE	2016-10-18	Biol Psychiatry	www.ncbi.nlm.nih.gov/pubmed/27890468	Genetic Overlap Between Attention-Deficit/Hyperactivity Disorder and Bipolar Disorder: Evidence From Genome-wide Association Study Meta-analysis.	Bipolar disorder or attention deficit hyperactivity disorder	9,650 European ancestry bipolar disorder cases, 2,950 European ancestry ADHD cases, 1,659 European and unknown ancestry ADHD cases, 16,325 European ancestry controls, 2,942 European and unknown ancestry controls, 2,096 controls	NA	2q24.2	2	161719475	SLC4A10	SLC4A10			ENSG00000144290			rs56037433-?	rs56037433	0	56037433	intron_variant	0	NR	9E-7	6.045757490560675				Affymetrix, Illumina [NR] (imputed)	N	attention deficit-hyperactivity disorder, bipolar disorder	http://purl.obolibrary.org/obo/MONDO_0007743, http://purl.obolibrary.org/obo/MONDO_0004985	GCST004001	Genome-wide genotyping array
2017-05-11	27890468	van Hulzen KJE	2016-10-18	Biol Psychiatry	www.ncbi.nlm.nih.gov/pubmed/27890468	Genetic Overlap Between Attention-Deficit/Hyperactivity Disorder and Bipolar Disorder: Evidence From Genome-wide Association Study Meta-analysis.	Bipolar disorder or attention deficit hyperactivity disorder	9,650 European ancestry bipolar disorder cases, 2,950 European ancestry ADHD cases, 1,659 European and unknown ancestry ADHD cases, 16,325 European ancestry controls, 2,942 European and unknown ancestry controls, 2,096 controls	NA	2q32.3	2	194986941	intergenic	LINC01790 - RNU6-169P	ENSG00000230173	ENSG00000202206		225506	527095	rs71420669-?	rs71420669	0	71420669	intergenic_variant	1	NR	9E-7	6.045757490560675				Affymetrix, Illumina [NR] (imputed)	N	attention deficit-hyperactivity disorder, bipolar disorder	http://purl.obolibrary.org/obo/MONDO_0007743, http://purl.obolibrary.org/obo/MONDO_0004985	GCST004001	Genome-wide genotyping array
2017-05-11	27890468	van Hulzen KJE	2016-10-18	Biol Psychiatry	www.ncbi.nlm.nih.gov/pubmed/27890468	Genetic Overlap Between Attention-Deficit/Hyperactivity Disorder and Bipolar Disorder: Evidence From Genome-wide Association Study Meta-analysis.	Bipolar disorder or attention deficit hyperactivity disorder	9,650 European ancestry bipolar disorder cases, 2,950 European ancestry ADHD cases, 1,659 European and unknown ancestry ADHD cases, 16,325 European ancestry controls, 2,942 European and unknown ancestry controls, 2,096 controls	NA	3p14.2	3	61634560	PTPRG	PTPRG			ENSG00000144724			rs13061878-?	rs13061878	0	13061878	intron_variant	0	NR	8E-7	6.096910013008056				Affymetrix, Illumina [NR] (imputed)	N	attention deficit-hyperactivity disorder, bipolar disorder	http://purl.obolibrary.org/obo/MONDO_0007743, http://purl.obolibrary.org/obo/MONDO_0004985	GCST004001	Genome-wide genotyping array
2017-05-11	27890468	van Hulzen KJE	2016-10-18	Biol Psychiatry	www.ncbi.nlm.nih.gov/pubmed/27890468	Genetic Overlap Between Attention-Deficit/Hyperactivity Disorder and Bipolar Disorder: Evidence From Genome-wide Association Study Meta-analysis.	Bipolar disorder or attention deficit hyperactivity disorder	9,650 European ancestry bipolar disorder cases, 2,950 European ancestry ADHD cases, 1,659 European and unknown ancestry ADHD cases, 16,325 European ancestry controls, 2,942 European and unknown ancestry controls, 2,096 controls	NA	6q22.31	6	118318224	CEP85L	SLC35F1 - CEP85L	ENSG00000196376	ENSG00000111860		548	142548	rs1334489-?	rs1334489	0	1334489	intron_variant	1	NR	6E-8	7.221848749616356				Affymetrix, Illumina [NR] (imputed)	N	attention deficit-hyperactivity disorder, bipolar disorder	http://purl.obolibrary.org/obo/MONDO_0007743, http://purl.obolibrary.org/obo/MONDO_0004985	GCST004001	Genome-wide genotyping array
2017-05-11	27890468	van Hulzen KJE	2016-10-18	Biol Psychiatry	www.ncbi.nlm.nih.gov/pubmed/27890468	Genetic Overlap Between Attention-Deficit/Hyperactivity Disorder and Bipolar Disorder: Evidence From Genome-wide Association Study Meta-analysis.	Bipolar disorder or attention deficit hyperactivity disorder	9,650 European ancestry bipolar disorder cases, 2,950 European ancestry ADHD cases, 1,659 European and unknown ancestry ADHD cases, 16,325 European ancestry controls, 2,942 European and unknown ancestry controls, 2,096 controls	NA	6q22.31	6	118473527	CEP85L	CEP85L			ENSG00000111860			rs12661338-?	rs12661338	0	12661338	intron_variant	0	NR	5E-7	6.301029995663981				Affymetrix, Illumina [NR] (imputed)	N	attention deficit-hyperactivity disorder, bipolar disorder	http://purl.obolibrary.org/obo/MONDO_0007743, http://purl.obolibrary.org/obo/MONDO_0004985	GCST004001	Genome-wide genotyping array
2017-05-11	27890468	van Hulzen KJE	2016-10-18	Biol Psychiatry	www.ncbi.nlm.nih.gov/pubmed/27890468	Genetic Overlap Between Attention-Deficit/Hyperactivity Disorder and Bipolar Disorder: Evidence From Genome-wide Association Study Meta-analysis.	Bipolar disorder or attention deficit hyperactivity disorder	9,650 European ancestry bipolar disorder cases, 2,950 European ancestry ADHD cases, 1,659 European and unknown ancestry ADHD cases, 16,325 European ancestry controls, 2,942 European and unknown ancestry controls, 2,096 controls	NA	10q25.3	10	114998320	TAF9BP2	LINC02626 - ATRNL1	ENSG00000236799	ENSG00000107518		1727	95045	rs968847-?	rs968847	0	968847	intergenic_variant	1	NR	3E-7	6.522878745280337				Affymetrix, Illumina [NR] (imputed)	N	attention deficit-hyperactivity disorder, bipolar disorder	http://purl.obolibrary.org/obo/MONDO_0007743, http://purl.obolibrary.org/obo/MONDO_0004985	GCST004001	Genome-wide genotyping array
2016-02-02	25781172	Avramopoulos D	2015-03-17	PLoS One	www.ncbi.nlm.nih.gov/pubmed/25781172	Infection and inflammation in schizophrenia and bipolar disorder: a genome wide study for interactions with genetic variation.	Bipolar disorder (inflammation and infection response interaction)	397 Ashkenazi Jewish bipolar disorder cases, 241  Ashkenazi Jewish controls	NA	9q22.31	9	91519428	ROR2, NFIL3, AUH, MIR3910	NFIL3 - ROR2	ENSG00000165030	ENSG00000169071		94362	43663	rs6479352-?	rs6479352	0	6479352	intergenic_variant	1	NR	8E-6	5.096910013008056	(anti-CMV)			Affymetrix [516638]	N	bipolar disorder, cytomegalovirus seropositivity	http://purl.obolibrary.org/obo/MONDO_0004985, http://www.ebi.ac.uk/efo/EFO_0007037	GCST002815	Genome-wide genotyping array
2016-02-02	25781172	Avramopoulos D	2015-03-17	PLoS One	www.ncbi.nlm.nih.gov/pubmed/25781172	Infection and inflammation in schizophrenia and bipolar disorder: a genome wide study for interactions with genetic variation.	Bipolar disorder (inflammation and infection response interaction)	397 Ashkenazi Jewish bipolar disorder cases, 241  Ashkenazi Jewish controls	NA	17q24.2	17	68348562	intergenic	ARSG			ENSG00000141337			rs9910816-?	rs9910816	0	9910816	intron_variant	0	NR	2E-6	5.698970004336019	(anti-CMV)			Affymetrix [516638]	N	bipolar disorder, cytomegalovirus seropositivity	http://purl.obolibrary.org/obo/MONDO_0004985, http://www.ebi.ac.uk/efo/EFO_0007037	GCST002815	Genome-wide genotyping array
2016-02-02	25781172	Avramopoulos D	2015-03-17	PLoS One	www.ncbi.nlm.nih.gov/pubmed/25781172	Infection and inflammation in schizophrenia and bipolar disorder: a genome wide study for interactions with genetic variation.	Bipolar disorder (inflammation and infection response interaction)	397 Ashkenazi Jewish bipolar disorder cases, 241  Ashkenazi Jewish controls	NA	2p21	2	45229251	LINC01121, SRBD1	LINC01121			ENSG00000205054			rs885553-?	rs885553	0	885553	intron_variant	0	NR	8E-7	6.096910013008056	(anti-HSV1)			Affymetrix [516638]	N	bipolar disorder, HSV1 seropositivity	http://purl.obolibrary.org/obo/MONDO_0004985, http://www.ebi.ac.uk/efo/EFO_0007050	GCST002815	Genome-wide genotyping array
2016-02-02	25781172	Avramopoulos D	2015-03-17	PLoS One	www.ncbi.nlm.nih.gov/pubmed/25781172	Infection and inflammation in schizophrenia and bipolar disorder: a genome wide study for interactions with genetic variation.	Bipolar disorder (inflammation and infection response interaction)	397 Ashkenazi Jewish bipolar disorder cases, 241  Ashkenazi Jewish controls	NA	4q21.21	4	79929651	ANTXR2, PCAT4	ANTXR2			ENSG00000163297			rs4234848-?	rs4234848	0	4234848	intron_variant	0	NR	4E-6	5.3979400086720375	(anti-HSV1)			Affymetrix [516638]	N	bipolar disorder, HSV1 seropositivity	http://purl.obolibrary.org/obo/MONDO_0004985, http://www.ebi.ac.uk/efo/EFO_0007050	GCST002815	Genome-wide genotyping array
2016-02-02	25781172	Avramopoulos D	2015-03-17	PLoS One	www.ncbi.nlm.nih.gov/pubmed/25781172	Infection and inflammation in schizophrenia and bipolar disorder: a genome wide study for interactions with genetic variation.	Bipolar disorder (inflammation and infection response interaction)	397 Ashkenazi Jewish bipolar disorder cases, 241  Ashkenazi Jewish controls	NA	9p13.3	9	36194572	CLTA, GNE, RNF38, GLIPR2, RECK	CLTA			ENSG00000122705			rs3736986-?	rs3736986	0	3736986	intron_variant	0	NR	6E-6	5.221848749616356	(anti-HSV1)			Affymetrix [516638]	N	bipolar disorder, HSV1 seropositivity	http://purl.obolibrary.org/obo/MONDO_0004985, http://www.ebi.ac.uk/efo/EFO_0007050	GCST002815	Genome-wide genotyping array
2016-09-27	26503763	Song J	2015-10-27	Mol Psychiatry	www.ncbi.nlm.nih.gov/pubmed/26503763	Genome-wide association study identifies SESTD1 as a novel risk gene for lithium-responsive bipolar disorder.	Subjective response to lithium treatment	1,639  European ancestry bipolar disorder responder cases, 8,899 European ancestry controls	NA	1p32.1	1	59139525	OR4F16, OR4F29, LOC729467, LOC100133331, LOC100132287, FGGY	FGGY-DT, JUN-DT			ENSG00000224609, ENSG00000234807			rs12144699-A	rs12144699	0	12144699	intron_variant	0	0.04	6E-7	6.221848749616356		1.67	[NR]	Affymetrix, Illumina [> 8000000] (imputed)	N	bipolar disorder, response to lithium ion	http://purl.obolibrary.org/obo/MONDO_0004985, http://purl.obolibrary.org/obo/GO_0010226	GCST003158	Genome-wide genotyping array
2016-09-27	26503763	Song J	2015-10-27	Mol Psychiatry	www.ncbi.nlm.nih.gov/pubmed/26503763	Genome-wide association study identifies SESTD1 as a novel risk gene for lithium-responsive bipolar disorder.	Subjective response to lithium treatment	1,639  European ancestry bipolar disorder responder cases, 8,899 European ancestry controls	NA	3p22.2	3	36814539	TRANK1, MLH1, MIR4273, LRRFIP2, GOLGA4, FRG2C, EPM2AIP1	HSPD1P6 - LINC02033	ENSG00000230067	ENSG00000279727		45740	4737	rs9834970-C	rs9834970	0	9834970	regulatory_region_variant	1	0.5	8E-7	6.096910013008056		1.22	[NR]	Affymetrix, Illumina [> 8000000] (imputed)	N	bipolar disorder, response to lithium ion	http://purl.obolibrary.org/obo/MONDO_0004985, http://purl.obolibrary.org/obo/GO_0010226	GCST003158	Genome-wide genotyping array
2016-09-27	26503763	Song J	2015-10-27	Mol Psychiatry	www.ncbi.nlm.nih.gov/pubmed/26503763	Genome-wide association study identifies SESTD1 as a novel risk gene for lithium-responsive bipolar disorder.	Subjective response to lithium treatment	1,639  European ancestry bipolar disorder responder cases, 8,899 European ancestry controls	NA	3q27.1	3	183147285	MCF2L2, MCCC1, LAMP3, DCUN1D1, ATP11B	LAMP3			ENSG00000078081			rs12493050-G	rs12493050	0	12493050	intron_variant	0	0.2	9E-7	6.045757490560675		1.27	[NR]	Affymetrix, Illumina [> 8000000] (imputed)	N	bipolar disorder, response to lithium ion	http://purl.obolibrary.org/obo/MONDO_0004985, http://purl.obolibrary.org/obo/GO_0010226	GCST003158	Genome-wide genotyping array
2016-09-27	26503763	Song J	2015-10-27	Mol Psychiatry	www.ncbi.nlm.nih.gov/pubmed/26503763	Genome-wide association study identifies SESTD1 as a novel risk gene for lithium-responsive bipolar disorder.	Subjective response to lithium treatment	1,639  European ancestry bipolar disorder responder cases, 8,899 European ancestry controls	NA	7p11.2	7	55008114	EGFR	SEC61G-DT - EGFR	ENSG00000234707	ENSG00000146648		193526	10706	rs4947962-G	rs4947962	0	4947962	intergenic_variant	1	0.11	1E-6	6.0		1.35	[NR]	Affymetrix, Illumina [> 8000000] (imputed)	N	bipolar disorder, response to lithium ion	http://purl.obolibrary.org/obo/MONDO_0004985, http://purl.obolibrary.org/obo/GO_0010226	GCST003158	Genome-wide genotyping array
2016-09-27	26503763	Song J	2015-10-27	Mol Psychiatry	www.ncbi.nlm.nih.gov/pubmed/26503763	Genome-wide association study identifies SESTD1 as a novel risk gene for lithium-responsive bipolar disorder.	Subjective response to lithium treatment in bipolar disorder	1,639 European ancestry responder cases, 1,059 European ancestry non-responder cases	NA	20q13.33	20	62608205	MIR1-1, C20orf200, C20orf166, MIR133A2	LINC02970 - SLCO4A1	ENSG00000273812	ENSG00000101187		4850	34235	rs73918339-C	rs73918339	0	73918339	intergenic_variant	1	0.09	4E-7	6.3979400086720375		1.79	[NR]	NR [> 8000000] (imputed)	N	response to lithium ion	http://purl.obolibrary.org/obo/GO_0010226	GCST003160	Genome-wide genotyping array
2016-09-27	26503763	Song J	2015-10-27	Mol Psychiatry	www.ncbi.nlm.nih.gov/pubmed/26503763	Genome-wide association study identifies SESTD1 as a novel risk gene for lithium-responsive bipolar disorder.	Subjective response to lithium treatment in bipolar disorder	1,639 European ancestry responder cases, 1,059 European ancestry non-responder cases	NA	18q23	18	76723198	LOC105372213	ARL2BPP1 - CCND3P2	ENSG00000265934	ENSG00000265836		18944	28107	rs7240206-G	rs7240206	0	7240206	splice_region_variant	1	0.91	4E-7	6.3979400086720375		1.67	[NR]	NR [> 8000000] (imputed)	N	response to lithium ion	http://purl.obolibrary.org/obo/GO_0010226	GCST003160	Genome-wide genotyping array
2016-09-27	26503763	Song J	2015-10-27	Mol Psychiatry	www.ncbi.nlm.nih.gov/pubmed/26503763	Genome-wide association study identifies SESTD1 as a novel risk gene for lithium-responsive bipolar disorder.	Subjective response to lithium treatment in bipolar disorder	1,639 European ancestry responder cases, 1,059 European ancestry non-responder cases	NA	7p12.3	7	45825128	SEPT7P2, IGFBP3, IGFBP1, ADCY1	CICP20 - RNU6-326P	ENSG00000235955	ENSG00000202350		6112	18506	rs116927879-G	rs116927879	0	116927879	intergenic_variant	1	0.85	5E-7	6.301029995663981		1.53	[NR]	NR [> 8000000] (imputed)	N	response to lithium ion	http://purl.obolibrary.org/obo/GO_0010226	GCST003160	Genome-wide genotyping array
2016-09-27	26503763	Song J	2015-10-27	Mol Psychiatry	www.ncbi.nlm.nih.gov/pubmed/26503763	Genome-wide association study identifies SESTD1 as a novel risk gene for lithium-responsive bipolar disorder.	Subjective response to lithium treatment in bipolar disorder	1,639 European ancestry responder cases, 1,059 European ancestry non-responder cases	NA	4q21.1	4	75570281	USO1, TMSL3, G3BP2, FRG2, CDKL2, C4orf26	ODAPH - CDKL2	ENSG00000174792	ENSG00000138769		4410	6213	rs78295376-C	rs78295376	0	78295376	intergenic_variant	1	0.1	7E-7	6.154901959985743		1.75	[NR]	NR [> 8000000] (imputed)	N	response to lithium ion	http://purl.obolibrary.org/obo/GO_0010226	GCST003160	Genome-wide genotyping array
2016-09-27	26503763	Song J	2015-10-27	Mol Psychiatry	www.ncbi.nlm.nih.gov/pubmed/26503763	Genome-wide association study identifies SESTD1 as a novel risk gene for lithium-responsive bipolar disorder.	Objective response to lithium treatment	323 European ancestry bipolar disorder responder cases, 6,684 European ancestry controls	NA	11q23.1	11	112247868	PLET1, PTS	PTS			ENSG00000150787			rs146727601-?	rs146727601	0	146727601	intergenic_variant	0	0.01	1E-8	8.0		3.98	[NR]	Affymetrix, Illumina [> 8000000] (imputed)	N	bipolar disorder, response to lithium ion	http://purl.obolibrary.org/obo/MONDO_0004985, http://purl.obolibrary.org/obo/GO_0010226	GCST003159	Genome-wide genotyping array
2016-09-27	26503763	Song J	2015-10-27	Mol Psychiatry	www.ncbi.nlm.nih.gov/pubmed/26503763	Genome-wide association study identifies SESTD1 as a novel risk gene for lithium-responsive bipolar disorder.	Objective response to lithium treatment	323 European ancestry bipolar disorder responder cases, 6,684 European ancestry controls	NA	2q31.2	2	179120817	SESTD1, CCDC141	SESTD1			ENSG00000187231			rs116323614-A	rs116323614	0	116323614	intron_variant	0	0.03	3E-8	7.522878745280337		3.14	[NR]	Affymetrix, Illumina [> 8000000] (imputed)	N	bipolar disorder, response to lithium ion	http://purl.obolibrary.org/obo/MONDO_0004985, http://purl.obolibrary.org/obo/GO_0010226	GCST003159	Genome-wide genotyping array
2016-09-27	26503763	Song J	2015-10-27	Mol Psychiatry	www.ncbi.nlm.nih.gov/pubmed/26503763	Genome-wide association study identifies SESTD1 as a novel risk gene for lithium-responsive bipolar disorder.	Objective response to lithium treatment	323 European ancestry bipolar disorder responder cases, 6,684 European ancestry controls	NA	19p13.3	19	1637053	TCF3, KIR3DP1, KIR2DL4	TCF3			ENSG00000071564			rs77866734-T	rs77866734	0	77866734	intron_variant	0	0.02	1E-7	7.0		3.7	[NR]	Affymetrix, Illumina [> 8000000] (imputed)	N	bipolar disorder, response to lithium ion	http://purl.obolibrary.org/obo/MONDO_0004985, http://purl.obolibrary.org/obo/GO_0010226	GCST003159	Genome-wide genotyping array
2016-09-27	26503763	Song J	2015-10-27	Mol Psychiatry	www.ncbi.nlm.nih.gov/pubmed/26503763	Genome-wide association study identifies SESTD1 as a novel risk gene for lithium-responsive bipolar disorder.	Objective response to lithium treatment	323 European ancestry bipolar disorder responder cases, 6,684 European ancestry controls	NA	17q23.2	17	62310560	TBC1D3P2, MIR4315-2, MIR4315-1, METTL2A, MED13, EFCAB3	USP32P4 - RPL36AP47	ENSG00000263887	ENSG00000242123		13534	9324	rs142643109-G	rs142643109	0	142643109	intergenic_variant	1	0.02	4E-7	6.3979400086720375		3.57	[NR]	Affymetrix, Illumina [> 8000000] (imputed)	N	bipolar disorder, response to lithium ion	http://purl.obolibrary.org/obo/MONDO_0004985, http://purl.obolibrary.org/obo/GO_0010226	GCST003159	Genome-wide genotyping array
2016-09-27	26503763	Song J	2015-10-27	Mol Psychiatry	www.ncbi.nlm.nih.gov/pubmed/26503763	Genome-wide association study identifies SESTD1 as a novel risk gene for lithium-responsive bipolar disorder.	Objective response to lithium treatment in bipolar disorder	323 European ancestry responder cases, 853 European ancestry non-responder cases	NA	6p21.32	6	32218468	NOTCH4	NOTCH4			ENSG00000204301			rs438475-A	rs438475	0	438475	intron_variant	0	0.12	2E-6	5.698970004336019		2.04	[NR]	Affymetrix, Illumina [> 8000000] (imputed)	N	response to lithium ion	http://purl.obolibrary.org/obo/GO_0010226	GCST003161	Genome-wide genotyping array
2016-09-27	26503763	Song J	2015-10-27	Mol Psychiatry	www.ncbi.nlm.nih.gov/pubmed/26503763	Genome-wide association study identifies SESTD1 as a novel risk gene for lithium-responsive bipolar disorder.	Objective response to lithium treatment in bipolar disorder	323 European ancestry responder cases, 853 European ancestry non-responder cases	NA	11q22.1	11	99428262	CNTN5	CNTN5			ENSG00000149972			rs113262272-A	rs113262272	0	113262272	intron_variant	0	0.71	4E-6	5.3979400086720375		1.93	[NR]	Affymetrix, Illumina [> 8000000] (imputed)	N	response to lithium ion	http://purl.obolibrary.org/obo/GO_0010226	GCST003161	Genome-wide genotyping array
2016-09-27	26503763	Song J	2015-10-27	Mol Psychiatry	www.ncbi.nlm.nih.gov/pubmed/26503763	Genome-wide association study identifies SESTD1 as a novel risk gene for lithium-responsive bipolar disorder.	Objective response to lithium treatment in bipolar disorder	323 European ancestry responder cases, 853 European ancestry non-responder cases	NA	14q24.3	14	78090121	NRXN3	FXNP1 - NRXN3	ENSG00000258421	ENSG00000021645		29843	80252	rs809-T	rs809	0	809	intergenic_variant	1	0.47	4E-6	5.3979400086720375		1.64	[NR]	Affymetrix, Illumina [> 8000000] (imputed)	N	response to lithium ion	http://purl.obolibrary.org/obo/GO_0010226	GCST003161	Genome-wide genotyping array
2016-09-27	26503763	Song J	2015-10-27	Mol Psychiatry	www.ncbi.nlm.nih.gov/pubmed/26503763	Genome-wide association study identifies SESTD1 as a novel risk gene for lithium-responsive bipolar disorder.	Objective response to lithium treatment in bipolar disorder	323 European ancestry responder cases, 853 European ancestry non-responder cases	NA	6q13	6	74372527	LOC101928516	FAM136FP - NUP50P4	ENSG00000217178	ENSG00000219736		89867	476550	rs181812561-A	rs181812561	0	181812561	intron_variant	1	0.02	6E-6	5.221848749616356		7.69	[NR]	Affymetrix, Illumina [> 8000000] (imputed)	N	response to lithium ion	http://purl.obolibrary.org/obo/GO_0010226	GCST003161	Genome-wide genotyping array
2016-09-06	26433762	Liu X	2015-09-25	J Affect Disord	www.ncbi.nlm.nih.gov/pubmed/26433762	A genome-wide association study of bipolar disorder with comorbid eating disorder replicates the SOX2-OT region.	Eating disorder in bipolar disorder	184 European ancestry cases, 2,006 European ancestry controls	NA	3p26.2	3	3523843	NR	CRBN - SUMF1	ENSG00000113851	ENSG00000144455		344116	176971	rs9845942-T	rs9845942	0	9845942	intron_variant	1	0.27	5E-6	5.301029995663981		1.68	[NR]	Affymetrix [703012]	N	eating disorder	http://purl.obolibrary.org/obo/MONDO_0005451	GCST003132	Genome-wide genotyping array
2016-09-06	26433762	Liu X	2015-09-25	J Affect Disord	www.ncbi.nlm.nih.gov/pubmed/26433762	A genome-wide association study of bipolar disorder with comorbid eating disorder replicates the SOX2-OT region.	Eating disorder in bipolar disorder	184 European ancestry cases, 2,006 European ancestry controls	NA	3q26.33	3	180949777	FXR1	FXR1			ENSG00000114416			rs1805576-G	rs1805576	0	1805576	intron_variant	0	0.21	4E-6	5.3979400086720375		1.71	[NR]	Affymetrix [703012]	N	eating disorder	http://purl.obolibrary.org/obo/MONDO_0005451	GCST003132	Genome-wide genotyping array
2016-09-06	26433762	Liu X	2015-09-25	J Affect Disord	www.ncbi.nlm.nih.gov/pubmed/26433762	A genome-wide association study of bipolar disorder with comorbid eating disorder replicates the SOX2-OT region.	Eating disorder in bipolar disorder	184 European ancestry cases, 2,006 European ancestry controls	NA	3q26.33	3	181080939	SOX2-OT	SOX2-OT			ENSG00000242808			rs13086738-G	rs13086738	0	13086738	intron_variant	0	0.20	2E-7	6.698970004336019		1.84	[NR]	Affymetrix [703012]	N	eating disorder	http://purl.obolibrary.org/obo/MONDO_0005451	GCST003132	Genome-wide genotyping array
2016-09-06	26433762	Liu X	2015-09-25	J Affect Disord	www.ncbi.nlm.nih.gov/pubmed/26433762	A genome-wide association study of bipolar disorder with comorbid eating disorder replicates the SOX2-OT region.	Eating disorder in bipolar disorder	184 European ancestry cases, 2,006 European ancestry controls	NA	16q23.2	16	80071969	NR	LINC01228 - DYNLRB2-AS1	ENSG00000261082	ENSG00000259867		244784	83010	rs12149074-G	rs12149074	0	12149074	intron_variant	1	0.63	4E-7	6.3979400086720375		1.8867927	[NR]	Affymetrix [703012]	N	eating disorder	http://purl.obolibrary.org/obo/MONDO_0005451	GCST003132	Genome-wide genotyping array
2016-09-06	26433762	Liu X	2015-09-25	J Affect Disord	www.ncbi.nlm.nih.gov/pubmed/26433762	A genome-wide association study of bipolar disorder with comorbid eating disorder replicates the SOX2-OT region.	Eating disorder in bipolar disorder	184 European ancestry cases, 2,006 European ancestry controls	NA	21q22.3	21	42202157	ABCG1	ABCG1			ENSG00000160179			rs4148087-A	rs4148087	0	4148087	intergenic_variant	0	0.13	4E-7	6.3979400086720375		2.0	[NR]	Affymetrix [703012]	N	eating disorder	http://purl.obolibrary.org/obo/MONDO_0005451	GCST003132	Genome-wide genotyping array
2016-09-06	26433762	Liu X	2015-09-25	J Affect Disord	www.ncbi.nlm.nih.gov/pubmed/26433762	A genome-wide association study of bipolar disorder with comorbid eating disorder replicates the SOX2-OT region.	Bipolar disorder and eating disorder	184 European ancestry cases with bipolar disorder and eating disorder, 1,370 European ancestry controls	NA	1q23.2	1	159184522	CADM3	AIM2, CADM3, CADM3-AS1			ENSG00000163568, ENSG00000162706, ENSG00000225670			rs16841832-G	rs16841832	0	16841832	intron_variant	0	0.76	9E-6	5.045757490560675		2.0	[NR]	Affymetrix [703012]	N	eating disorder, bipolar disorder	http://purl.obolibrary.org/obo/MONDO_0005451, http://purl.obolibrary.org/obo/MONDO_0004985	GCST003135	Genome-wide genotyping array
2016-09-06	26433762	Liu X	2015-09-25	J Affect Disord	www.ncbi.nlm.nih.gov/pubmed/26433762	A genome-wide association study of bipolar disorder with comorbid eating disorder replicates the SOX2-OT region.	Bipolar disorder and eating disorder	184 European ancestry cases with bipolar disorder and eating disorder, 1,370 European ancestry controls	NA	1q43	1	237735135	RYR2	RYR2			ENSG00000198626			rs2685295-A	rs2685295	0	2685295	intron_variant	0	0.61	7E-6	5.154901959985743		1.724138	[NR]	Affymetrix [703012]	N	eating disorder, bipolar disorder	http://purl.obolibrary.org/obo/MONDO_0005451, http://purl.obolibrary.org/obo/MONDO_0004985	GCST003135	Genome-wide genotyping array
2016-09-06	26433762	Liu X	2015-09-25	J Affect Disord	www.ncbi.nlm.nih.gov/pubmed/26433762	A genome-wide association study of bipolar disorder with comorbid eating disorder replicates the SOX2-OT region.	Bipolar disorder and eating disorder	184 European ancestry cases with bipolar disorder and eating disorder, 1,370 European ancestry controls	NA	3q26.33	3	180949777	FXR1	FXR1			ENSG00000114416			rs1805576-G	rs1805576	0	1805576	intron_variant	0	0.21	1E-6	6.0		1.79	[NR]	Affymetrix [703012]	N	eating disorder, bipolar disorder	http://purl.obolibrary.org/obo/MONDO_0005451, http://purl.obolibrary.org/obo/MONDO_0004985	GCST003135	Genome-wide genotyping array
2016-09-06	26433762	Liu X	2015-09-25	J Affect Disord	www.ncbi.nlm.nih.gov/pubmed/26433762	A genome-wide association study of bipolar disorder with comorbid eating disorder replicates the SOX2-OT region.	Bipolar disorder and eating disorder	184 European ancestry cases with bipolar disorder and eating disorder, 1,370 European ancestry controls	NA	3q26.33	3	181063312	SOX2-OT	SOX2-OT			ENSG00000242808			rs4854912-T	rs4854912	0	4854912	intron_variant	0	0.19	9E-8	7.045757490560675		1.91	[NR]	Affymetrix [703012]	N	eating disorder, bipolar disorder	http://purl.obolibrary.org/obo/MONDO_0005451, http://purl.obolibrary.org/obo/MONDO_0004985	GCST003135	Genome-wide genotyping array
2016-09-06	26433762	Liu X	2015-09-25	J Affect Disord	www.ncbi.nlm.nih.gov/pubmed/26433762	A genome-wide association study of bipolar disorder with comorbid eating disorder replicates the SOX2-OT region.	Bipolar disorder and eating disorder	184 European ancestry cases with bipolar disorder and eating disorder, 1,370 European ancestry controls	NA	9p21.3	9	23516290	CR627240	LINC03142 - SUMO2P2	ENSG00000284418	ENSG00000227607		77590	115816	rs10965890-C	rs10965890	0	10965890	intron_variant	1	0.06	4E-6	5.3979400086720375		2.27	[NR]	Affymetrix [703012]	N	eating disorder, bipolar disorder	http://purl.obolibrary.org/obo/MONDO_0005451, http://purl.obolibrary.org/obo/MONDO_0004985	GCST003135	Genome-wide genotyping array
2016-09-06	26433762	Liu X	2015-09-25	J Affect Disord	www.ncbi.nlm.nih.gov/pubmed/26433762	A genome-wide association study of bipolar disorder with comorbid eating disorder replicates the SOX2-OT region.	Bipolar disorder and eating disorder	184 European ancestry cases with bipolar disorder and eating disorder, 1,370 European ancestry controls	NA	10q23.1	10	81895974	NRG3	NRG3			ENSG00000185737			rs7912575-G	rs7912575	0	7912575	intron_variant	0	0.01	3E-6	5.522878745280337		4.52	[NR]	Affymetrix [703012]	N	eating disorder, bipolar disorder	http://purl.obolibrary.org/obo/MONDO_0005451, http://purl.obolibrary.org/obo/MONDO_0004985	GCST003135	Genome-wide genotyping array
2016-09-06	26433762	Liu X	2015-09-25	J Affect Disord	www.ncbi.nlm.nih.gov/pubmed/26433762	A genome-wide association study of bipolar disorder with comorbid eating disorder replicates the SOX2-OT region.	Bipolar disorder and eating disorder	184 European ancestry cases with bipolar disorder and eating disorder, 1,370 European ancestry controls	NA	12q21.32	12	87334666	NR	RPL23AP68 - CYCSP30	ENSG00000242850	ENSG00000257648		164237	415476	rs10858583-C	rs10858583	0	10858583	intergenic_variant	1	0.23	2E-7	6.698970004336019		1.84	[NR]	Affymetrix [703012]	N	eating disorder, bipolar disorder	http://purl.obolibrary.org/obo/MONDO_0005451, http://purl.obolibrary.org/obo/MONDO_0004985	GCST003135	Genome-wide genotyping array
2016-09-06	26433762	Liu X	2015-09-25	J Affect Disord	www.ncbi.nlm.nih.gov/pubmed/26433762	A genome-wide association study of bipolar disorder with comorbid eating disorder replicates the SOX2-OT region.	Bipolar disorder and eating disorder	184 European ancestry cases with bipolar disorder and eating disorder, 1,370 European ancestry controls	NA	13q31.2	13	89259450	NR	LINC00440			ENSG00000234660			rs314580-G	rs314580	0	314580	intron_variant	0	0.04	8E-6	5.096910013008056		2.41	[NR]	Affymetrix [703012]	N	eating disorder, bipolar disorder	http://purl.obolibrary.org/obo/MONDO_0005451, http://purl.obolibrary.org/obo/MONDO_0004985	GCST003135	Genome-wide genotyping array
2016-09-06	26433762	Liu X	2015-09-25	J Affect Disord	www.ncbi.nlm.nih.gov/pubmed/26433762	A genome-wide association study of bipolar disorder with comorbid eating disorder replicates the SOX2-OT region.	Bipolar disorder and eating disorder	184 European ancestry cases with bipolar disorder and eating disorder, 1,370 European ancestry controls	NA	13q32.3	13	101073961	NALCN	NALCN-AS1, NALCN			ENSG00000233009, ENSG00000102452			rs9554752-T	rs9554752	0	9554752	intron_variant	0	0.36	6E-6	5.221848749616356		1.65	[NR]	Affymetrix [703012]	N	eating disorder, bipolar disorder	http://purl.obolibrary.org/obo/MONDO_0005451, http://purl.obolibrary.org/obo/MONDO_0004985	GCST003135	Genome-wide genotyping array
2016-09-06	26433762	Liu X	2015-09-25	J Affect Disord	www.ncbi.nlm.nih.gov/pubmed/26433762	A genome-wide association study of bipolar disorder with comorbid eating disorder replicates the SOX2-OT region.	Bipolar disorder and eating disorder	184 European ancestry cases with bipolar disorder and eating disorder, 1,370 European ancestry controls	NA	16q23.2	16	80071969	NR	LINC01228 - DYNLRB2-AS1	ENSG00000261082	ENSG00000259867		244784	83010	rs12149074-G	rs12149074	0	12149074	intron_variant	1	0.63	4E-6	5.3979400086720375		1.7857143	[NR]	Affymetrix [703012]	N	eating disorder, bipolar disorder	http://purl.obolibrary.org/obo/MONDO_0005451, http://purl.obolibrary.org/obo/MONDO_0004985	GCST003135	Genome-wide genotyping array
2017-03-10	27329760	Hou L	2016-06-21	Hum Mol Genet	www.ncbi.nlm.nih.gov/pubmed/27329760	Genome-wide association study of 40,000 individuals identifies two novel loci associated with bipolar disorder.	Bipolar disorder	7,647 European ancestry cases, 27,303 European ancestry controls	2,137 European ancestry cases, 3,168 European ancestry controls	6q16.1	6	98106018	POU3F2, MIR2113	MIR2113 - EIF4EBP2P3	ENSG00000238367	ENSG00000220505		81397	73481	rs1487441-G	rs1487441	0	1487441	intron_variant	1	0.51	3E-8	7.522878745280337		1.12	[1.08-1.15]	Affymetrix, Illumina [9692718] (imputed)	N	bipolar disorder	http://purl.obolibrary.org/obo/MONDO_0004985	GCST003724	Genome-wide genotyping array
2017-03-10	27329760	Hou L	2016-06-21	Hum Mol Genet	www.ncbi.nlm.nih.gov/pubmed/27329760	Genome-wide association study of 40,000 individuals identifies two novel loci associated with bipolar disorder.	Bipolar disorder	7,647 European ancestry cases, 27,303 European ancestry controls	2,137 European ancestry cases, 3,168 European ancestry controls	3p22.2	3	36814539	TRANK1	HSPD1P6 - LINC02033	ENSG00000230067	ENSG00000279727		45740	4737	rs9834970-T	rs9834970	0	9834970	regulatory_region_variant	1	0.5	5E-10	9.301029995663981		1.14	[1.09-1.18]	Affymetrix, Illumina [9692718] (imputed)	N	bipolar disorder	http://purl.obolibrary.org/obo/MONDO_0004985	GCST003724	Genome-wide genotyping array
2017-03-10	27329760	Hou L	2016-06-21	Hum Mol Genet	www.ncbi.nlm.nih.gov/pubmed/27329760	Genome-wide association study of 40,000 individuals identifies two novel loci associated with bipolar disorder.	Bipolar disorder	7,647 European ancestry cases, 27,303 European ancestry controls	2,137 European ancestry cases, 3,168 European ancestry controls	7p22.3	7	1856777	MAD1L1	MAD1L1			ENSG00000002822			rs4236274-G	rs4236274	0	4236274	intron_variant	0	0.39	8E-12	11.096910013008056		1.15	[1.10-1.20]	Affymetrix, Illumina [9692718] (imputed)	N	bipolar disorder	http://purl.obolibrary.org/obo/MONDO_0004985	GCST003724	Genome-wide genotyping array
2017-03-10	27329760	Hou L	2016-06-21	Hum Mol Genet	www.ncbi.nlm.nih.gov/pubmed/27329760	Genome-wide association study of 40,000 individuals identifies two novel loci associated with bipolar disorder.	Bipolar disorder	7,647 European ancestry cases, 27,303 European ancestry controls	2,137 European ancestry cases, 3,168 European ancestry controls	9p21.3	9	23347867	intergenic	LINC03142			ENSG00000284418			rs12553324-C	rs12553324	0	12553324	intron_variant	0	0.59	6E-9	8.221848749616356		1.12	[1.07-1.16]	Affymetrix, Illumina [9692718] (imputed)	N	bipolar disorder	http://purl.obolibrary.org/obo/MONDO_0004985	GCST003724	Genome-wide genotyping array
2017-03-10	27329760	Hou L	2016-06-21	Hum Mol Genet	www.ncbi.nlm.nih.gov/pubmed/27329760	Genome-wide association study of 40,000 individuals identifies two novel loci associated with bipolar disorder.	Bipolar disorder	7,647 European ancestry cases, 27,303 European ancestry controls	2,137 European ancestry cases, 3,168 European ancestry controls	12q13.12	12	48995537	DDN	DDN			ENSG00000181418			rs1054442-A	rs1054442	0	1054442	3_prime_UTR_variant	0	0.62	1E-8	8.0		1.13	[1.09-1.17]	Affymetrix, Illumina [9692718] (imputed)	N	bipolar disorder	http://purl.obolibrary.org/obo/MONDO_0004985	GCST003724	Genome-wide genotyping array
2017-03-10	27329760	Hou L	2016-06-21	Hum Mol Genet	www.ncbi.nlm.nih.gov/pubmed/27329760	Genome-wide association study of 40,000 individuals identifies two novel loci associated with bipolar disorder.	Bipolar disorder	7,647 European ancestry cases, 27,303 European ancestry controls	2,137 European ancestry cases, 3,168 European ancestry controls	17q12	17	39690259	ERBB2	ERBB2, PGAP3			ENSG00000141736, ENSG00000161395			rs2517959-T	rs2517959	0	2517959	intron_variant	0	0.67	5E-9	8.301029995663981		1.13	[1.09-1.17]	Affymetrix, Illumina [9692718] (imputed)	N	bipolar disorder	http://purl.obolibrary.org/obo/MONDO_0004985	GCST003724	Genome-wide genotyping array
2021-10-15	26806518	Hou L	2016-01-22	Lancet	www.ncbi.nlm.nih.gov/pubmed/26806518	Genetic variants associated with response to lithium treatment in bipolar disorder: a genome-wide association study.	Response to lithium treatment in bipolar disorder (continuous phenotype)	2,039 European ancestry individuals	NA	21q21.1	21	18954018	AL157359.3	PPIAP22 - SLC6A6P1	ENSG00000198618	ENSG00000226818		95742	290525	rs74795342-G	rs74795342	0	74795342	intron_variant	1	0.94	3E-9	8.522878745280337		1.16	[0.78-1.54] unit increase	Affymetrix, Illumina [> 6000000] (imputed)	N	response to lithium ion	http://purl.obolibrary.org/obo/GO_0010226	GCST012487	Genome-wide genotyping array
2021-10-15	26806518	Hou L	2016-01-22	Lancet	www.ncbi.nlm.nih.gov/pubmed/26806518	Genetic variants associated with response to lithium treatment in bipolar disorder: a genome-wide association study.	Response to lithium treatment in bipolar disorder (continuous phenotype)	2,039 European ancestry individuals	NA	1p35.1	1	34138966	CSMD2	CSMD2			ENSG00000121904			rs9662615-T	rs9662615	0	9662615	intron_variant	0	0.44	5E-7	6.301029995663981		0.45	[0.27-0.62] unit increase	Affymetrix, Illumina [> 6000000] (imputed)	N	response to lithium ion	http://purl.obolibrary.org/obo/GO_0010226	GCST012487	Genome-wide genotyping array
2021-10-15	26806518	Hou L	2016-01-22	Lancet	www.ncbi.nlm.nih.gov/pubmed/26806518	Genetic variants associated with response to lithium treatment in bipolar disorder: a genome-wide association study.	Response to lithium treatment in bipolar disorder (continuous phenotype)	2,039 European ancestry individuals	NA	7p21.1	7	18404796	HDAC9	HDAC9			ENSG00000048052			rs61549860-T	rs61549860	0	61549860	intron_variant	0	0.22	5E-7	6.301029995663981		0.59	[0.36-0.83] unit increase	Affymetrix, Illumina [> 6000000] (imputed)	N	response to lithium ion	http://purl.obolibrary.org/obo/GO_0010226	GCST012487	Genome-wide genotyping array
2021-10-15	26806518	Hou L	2016-01-22	Lancet	www.ncbi.nlm.nih.gov/pubmed/26806518	Genetic variants associated with response to lithium treatment in bipolar disorder: a genome-wide association study.	Response to lithium treatment in bipolar disorder (continuous phenotype)	2,039 European ancestry individuals	NA	21q21.1	21	18940294	AL157359.3, AL157359.4	PPIAP22 - SLC6A6P1	ENSG00000198618	ENSG00000226818		82018	304249	rs78015114-T	rs78015114	0	78015114	intergenic_variant	1	0.94	1E-8	8.0		1.1	[0.72-1.48] unit increase	Affymetrix, Illumina [> 6000000] (imputed)	N	response to lithium ion	http://purl.obolibrary.org/obo/GO_0010226	GCST012487	Genome-wide genotyping array
2021-10-15	26806518	Hou L	2016-01-22	Lancet	www.ncbi.nlm.nih.gov/pubmed/26806518	Genetic variants associated with response to lithium treatment in bipolar disorder: a genome-wide association study.	Response to lithium treatment in bipolar disorder (dichotomous phenotype)	659 European ancestry responders, 1,684 European ancestry non-responders	NA	4q34.3	4	181855624	Intergenic	TENM3-AS1			ENSG00000177822			rs28625169-T	rs28625169	0	28625169	intron_variant	0	0.37	9E-7	6.045757490560675		1.43	[1.24-1.65]	Affymetrix, Illumina [> 6000000] (imputed)	N	response to lithium ion	http://purl.obolibrary.org/obo/GO_0010226	GCST012486	Genome-wide genotyping array
2021-10-15	26806518	Hou L	2016-01-22	Lancet	www.ncbi.nlm.nih.gov/pubmed/26806518	Genetic variants associated with response to lithium treatment in bipolar disorder: a genome-wide association study.	Response to lithium treatment in bipolar disorder (dichotomous phenotype)	659 European ancestry responders, 1,684 European ancestry non-responders	NA	6p22.3	6	17160887	Intergenic	STMND1 - RBM24	ENSG00000230873	ENSG00000112183		29509	120474	rs9396756-C	rs9396756	0	9396756	intergenic_variant	1	0.15	3E-7	6.522878745280337		1.64	[1.36-1.97]	Affymetrix, Illumina [> 6000000] (imputed)	N	response to lithium ion	http://purl.obolibrary.org/obo/GO_0010226	GCST012486	Genome-wide genotyping array
2021-10-15	26806518	Hou L	2016-01-22	Lancet	www.ncbi.nlm.nih.gov/pubmed/26806518	Genetic variants associated with response to lithium treatment in bipolar disorder: a genome-wide association study.	Response to lithium treatment in bipolar disorder (dichotomous phenotype)	659 European ancestry responders, 1,684 European ancestry non-responders	NA	7q22.2	7	104776829	LHFPL3	LHFPL3, LHFPL3-AS1			ENSG00000187416, ENSG00000226869			rs12669727-T	rs12669727	0	12669727	intron_variant	0	0.22	4E-7	6.3979400086720375		1.51	[1.29-1.77]	Affymetrix, Illumina [> 6000000] (imputed)	N	response to lithium ion	http://purl.obolibrary.org/obo/GO_0010226	GCST012486	Genome-wide genotyping array
2021-05-27	26806518	Hou L	2016-01-22	Lancet	www.ncbi.nlm.nih.gov/pubmed/26806518	Genetic variants associated with response to lithium treatment in bipolar disorder: a genome-wide association study.	Response to lithium treatment in bipolar disorder (continuous phenotype)	2,039 European ancestry individuals, 194 East Asian ancestry individuals	NA	21q21.1	21	18954018	AL157359.3, AL157359.4	PPIAP22 - SLC6A6P1	ENSG00000198618	ENSG00000226818		95742	290525	rs74795342-G	rs74795342	0	74795342	intron_variant	1	0.94	3E-9	8.522878745280337		1.1	[0.74-1.47] unit increase	Affymetrix, Illumina [> 6000000] (imputed)	N	response to lithium ion	http://purl.obolibrary.org/obo/GO_0010226	GCST011750	Genome-wide genotyping array
2021-05-27	26806518	Hou L	2016-01-22	Lancet	www.ncbi.nlm.nih.gov/pubmed/26806518	Genetic variants associated with response to lithium treatment in bipolar disorder: a genome-wide association study.	Response to lithium treatment in bipolar disorder (continuous phenotype)	2,039 European ancestry individuals, 194 East Asian ancestry individuals	NA	8p21.3	8	21805336	GFRA2	GFRA2			ENSG00000168546			rs7833426-A	rs7833426	0	7833426	intergenic_variant	0	0.92	2E-7	6.698970004336019	(East Asian)	3.66	[2.37-4.94] unit increase	Affymetrix, Illumina [> 6000000] (imputed)	N	response to lithium ion	http://purl.obolibrary.org/obo/GO_0010226	GCST011750	Genome-wide genotyping array
2016-11-29	26806518	Hou L	2016-01-22	Lancet	www.ncbi.nlm.nih.gov/pubmed/26806518	Genetic variants associated with response to lithium treatment in bipolar disorder: a genome-wide association study.	Response to lithium treatment in bipolar disorder (dichotomous phenotype)	659 European ancestry responders, 44 East Asian ancestry responders, 1,684 European ancestry non-responders, 176 East Asian ancestry non-responders	NA				ENSG00000258081							chr14:27602830-?	chr14:27602830	0			1	0.36	8E-7	6.096910013008056		1.41	[1.23-1.62]	Affymetrix, Illumina [> 6000000] (imputed)	N	response to lithium ion	http://purl.obolibrary.org/obo/GO_0010226	GCST003378	Genome-wide genotyping array
2017-05-11	28072414	Charney AW	2017-01-10	Transl Psychiatry	www.ncbi.nlm.nih.gov/pubmed/28072414	Evidence for genetic heterogeneity between clinical subtypes of bipolar disorder.	Bipolar disorder	13,903 European ancestry cases, 19,279 European ancestry controls.	NA	2q11.2	2	96714492	FER1L5, LMAN2L, CNNM4	LMAN2L			ENSG00000114988			rs56361249-?	rs56361249	0	56361249	intron_variant	0	NR	3E-10	9.522878745280337		1.12		Affymetrix, Illumina [8837380] (imputed)	N	bipolar disorder	http://purl.obolibrary.org/obo/MONDO_0004985	GCST003962	Genome-wide genotyping array
2017-05-11	28072414	Charney AW	2017-01-10	Transl Psychiatry	www.ncbi.nlm.nih.gov/pubmed/28072414	Evidence for genetic heterogeneity between clinical subtypes of bipolar disorder.	Bipolar disorder	13,903 European ancestry cases, 19,279 European ancestry controls.	NA	3p22.2	3	36814539	TRANK1	HSPD1P6 - LINC02033	ENSG00000230067	ENSG00000279727		45740	4737	rs9834970-?	rs9834970	0	9834970	regulatory_region_variant	1	NR	2E-10	9.698970004336019		1.11		Affymetrix, Illumina [8837380] (imputed)	N	bipolar disorder	http://purl.obolibrary.org/obo/MONDO_0004985	GCST003962	Genome-wide genotyping array
2017-05-11	28072414	Charney AW	2017-01-10	Transl Psychiatry	www.ncbi.nlm.nih.gov/pubmed/28072414	Evidence for genetic heterogeneity between clinical subtypes of bipolar disorder.	Bipolar disorder	13,903 European ancestry cases, 19,279 European ancestry controls.	NA	3p21.1	3	52780240	NR	ITIH1			ENSG00000055957			rs2302417-?	rs2302417	0	2302417	intron_variant	0	NR	3E-9	8.522878745280337		1.11		Affymetrix, Illumina [8837380] (imputed)	N	bipolar disorder	http://purl.obolibrary.org/obo/MONDO_0004985	GCST003962	Genome-wide genotyping array
2017-05-11	28072414	Charney AW	2017-01-10	Transl Psychiatry	www.ncbi.nlm.nih.gov/pubmed/28072414	Evidence for genetic heterogeneity between clinical subtypes of bipolar disorder.	Bipolar disorder	13,903 European ancestry cases, 19,279 European ancestry controls.	NA	6q25.2	6	152393471	SYNE1	SYNE1			ENSG00000131018			rs1203233-?	rs1203233	0	1203233	intron_variant	0	NR	4E-8	7.3979400086720375		1.1		Affymetrix, Illumina [8837380] (imputed)	N	bipolar disorder	http://purl.obolibrary.org/obo/MONDO_0004985	GCST003962	Genome-wide genotyping array
2017-05-11	28072414	Charney AW	2017-01-10	Transl Psychiatry	www.ncbi.nlm.nih.gov/pubmed/28072414	Evidence for genetic heterogeneity between clinical subtypes of bipolar disorder.	Bipolar disorder	13,903 European ancestry cases, 19,279 European ancestry controls.	NA	10q21.2	10	60316870	ANK3	ANK3			ENSG00000151150			rs10994299-?	rs10994299	0	10994299	intron_variant	0	NR	1E-9	9.0		1.23		Affymetrix, Illumina [8837380] (imputed)	N	bipolar disorder	http://purl.obolibrary.org/obo/MONDO_0004985	GCST003962	Genome-wide genotyping array
2017-05-11	28072414	Charney AW	2017-01-10	Transl Psychiatry	www.ncbi.nlm.nih.gov/pubmed/28072414	Evidence for genetic heterogeneity between clinical subtypes of bipolar disorder.	Bipolar disorder	13,903 European ancestry cases, 19,279 European ancestry controls.	NA	10q25.1	10	110015049	ADD3, LOC100505933, XPNPEP1	ADD3			ENSG00000148700			rs10884920-?	rs10884920	0	10884920	intron_variant	0	NR	3E-8	7.522878745280337		1.12		Affymetrix, Illumina [8837380] (imputed)	N	bipolar disorder	http://purl.obolibrary.org/obo/MONDO_0004985	GCST003962	Genome-wide genotyping array
2017-05-11	28072414	Charney AW	2017-01-10	Transl Psychiatry	www.ncbi.nlm.nih.gov/pubmed/28072414	Evidence for genetic heterogeneity between clinical subtypes of bipolar disorder.	Bipolar disorder	13,903 European ancestry cases, 19,279 European ancestry controls.	NA	12p13.33	12	2310730	CACNA1C	CACNA1C			ENSG00000151067			rs4765913-?	rs4765913	0	4765913	intron_variant	0	NR	3E-9	8.522878745280337		1.13		Affymetrix, Illumina [8837380] (imputed)	N	bipolar disorder	http://purl.obolibrary.org/obo/MONDO_0004985	GCST003962	Genome-wide genotyping array
2017-05-11	28072414	Charney AW	2017-01-10	Transl Psychiatry	www.ncbi.nlm.nih.gov/pubmed/28072414	Evidence for genetic heterogeneity between clinical subtypes of bipolar disorder.	Bipolar disorder	13,903 European ancestry cases, 19,279 European ancestry controls.	NA	12q13.12	12	49073211	NR	RHEBL1 - DHH	ENSG00000167550	ENSG00000139549		3172	13445	rs10459221-?	rs10459221	0	10459221	intergenic_variant	1	NR	2E-8	7.698970004336019		1.1		Affymetrix, Illumina [8837380] (imputed)	N	bipolar disorder	http://purl.obolibrary.org/obo/MONDO_0004985	GCST003962	Genome-wide genotyping array
2017-06-04	28115744	Ikeda M	2017-01-24	Mol Psychiatry	www.ncbi.nlm.nih.gov/pubmed/28115744	A genome-wide association study identifies two novel susceptibility loci and trans population polygenicity associated with bipolar disorder.	Bipolar disorder	2,964 Japanese ancestry case, 61,887 Japanese ancestry controls, 7,481 European ancestry cases, 9,250 European ancestry controls	NA	8q24.3	8	142064186	LOC100131146	DNAJC8P3 - MIR4472-1	ENSG00000254183	ENSG00000265247		95345	112153	rs12334475-T	rs12334475	0	12334475	intergenic_variant	1	NR	3E-7	6.522878745280337		1.3733491	[1.21714766313734-1.54959718221248]	Illumina [at least 6195093] (imputed)	N	bipolar disorder	http://purl.obolibrary.org/obo/MONDO_0004985	GCST004139	Genome-wide genotyping array
2017-06-04	28115744	Ikeda M	2017-01-24	Mol Psychiatry	www.ncbi.nlm.nih.gov/pubmed/28115744	A genome-wide association study identifies two novel susceptibility loci and trans population polygenicity associated with bipolar disorder.	Bipolar disorder	2,964 Japanese ancestry case, 61,887 Japanese ancestry controls, 7,481 European ancestry cases, 9,250 European ancestry controls	NA	11q12.2	11	61836038	FADS2, C11orf9, C11orf10, FEN1, FADS1	FADS2			ENSG00000134824			rs174576-A	rs174576	0	174576	intron_variant	0	NR	1E-10	10.0		1.1258574	[1.085854143728-1.16733516060197]	Illumina [at least 6195093] (imputed)	N	bipolar disorder	http://purl.obolibrary.org/obo/MONDO_0004985	GCST004139	Genome-wide genotyping array
2017-06-04	28115744	Ikeda M	2017-01-24	Mol Psychiatry	www.ncbi.nlm.nih.gov/pubmed/28115744	A genome-wide association study identifies two novel susceptibility loci and trans population polygenicity associated with bipolar disorder.	Bipolar disorder	2,964 Japanese ancestry case, 61,887 Japanese ancestry controls, 7,481 European ancestry cases, 9,250 European ancestry controls	NA	11q13.2	11	66783531	C11orf80, SPTBN2	TOP6BL			ENSG00000173715			rs10896135-G	rs10896135	0	10896135	intron_variant	0	NR	1E-7	7.0		1.12427	[1.0763-1.17437]	Illumina [at least 6195093] (imputed)	N	bipolar disorder	http://purl.obolibrary.org/obo/MONDO_0004985	GCST004139	Genome-wide genotyping array
2017-06-04	28115744	Ikeda M	2017-01-24	Mol Psychiatry	www.ncbi.nlm.nih.gov/pubmed/28115744	A genome-wide association study identifies two novel susceptibility loci and trans population polygenicity associated with bipolar disorder.	Bipolar disorder	2,964 Japanese ancestry case, 61,887 Japanese ancestry controls, 7,481 European ancestry cases, 9,250 European ancestry controls	NA	11q14.1	11	79366149	ODZ4	TENM4			ENSG00000149256			rs12576775-G	rs12576775	0	12576775	intron_variant	0	NR	3E-9	8.522878745280337		1.1829699	[1.11890240150022-1.25070508499166]	Illumina [at least 6195093] (imputed)	N	bipolar disorder	http://purl.obolibrary.org/obo/MONDO_0004985	GCST004139	Genome-wide genotyping array
2017-06-04	28115744	Ikeda M	2017-01-24	Mol Psychiatry	www.ncbi.nlm.nih.gov/pubmed/28115744	A genome-wide association study identifies two novel susceptibility loci and trans population polygenicity associated with bipolar disorder.	Bipolar disorder	2,964 Japanese ancestry case, 61,887 Japanese ancestry controls, 7,481 European ancestry cases, 9,250 European ancestry controls	NA	12q23.1	12	98170438	LOC100131529	MIR4303 - RNU4-41P	ENSG00000263890	ENSG00000201296		174990	247458	rs1842329-T	rs1842329	0	1842329	intron_variant	1	NR	4E-7	6.3979400086720375		1.1168443	[1.07016653931685-1.1655568622743]	Illumina [at least 6195093] (imputed)	N	bipolar disorder	http://purl.obolibrary.org/obo/MONDO_0004985	GCST004139	Genome-wide genotyping array
2017-06-04	28115744	Ikeda M	2017-01-24	Mol Psychiatry	www.ncbi.nlm.nih.gov/pubmed/28115744	A genome-wide association study identifies two novel susceptibility loci and trans population polygenicity associated with bipolar disorder.	Bipolar disorder	2,964 Japanese ancestry case, 61,887 Japanese ancestry controls, 7,481 European ancestry cases, 9,250 European ancestry controls	NA	19p13.13	19	13042221	NFIX	NFIX			ENSG00000008441			rs4926298-G	rs4926298	0	4926298	intron_variant	0	NR	6E-10	9.221848749616356		1.1321515	[1.08856333588057-1.17748461027614]	Illumina [at least 6195093] (imputed)	N	bipolar disorder	http://purl.obolibrary.org/obo/MONDO_0004985	GCST004139	Genome-wide genotyping array
2017-06-04	28115744	Ikeda M	2017-01-24	Mol Psychiatry	www.ncbi.nlm.nih.gov/pubmed/28115744	A genome-wide association study identifies two novel susceptibility loci and trans population polygenicity associated with bipolar disorder.	Bipolar disorder	2,964 Japanese ancestry case, 61,887 Japanese ancestry controls, 7,481 European ancestry cases, 9,250 European ancestry controls	NA	1q25.2	1	178131084	RASAL2	RASAL2			ENSG00000075391			rs186197500-A	rs186197500	0	186197500	intron_variant	0	NR	7E-7	6.154901959985743	(Japanese)	1.8491876	[1.45126296159233-2.35622325686603]	Illumina [at least 6195093] (imputed)	N	bipolar disorder	http://purl.obolibrary.org/obo/MONDO_0004985	GCST004139	Genome-wide genotyping array
2017-06-04	28115744	Ikeda M	2017-01-24	Mol Psychiatry	www.ncbi.nlm.nih.gov/pubmed/28115744	A genome-wide association study identifies two novel susceptibility loci and trans population polygenicity associated with bipolar disorder.	Bipolar disorder	2,964 Japanese ancestry case, 61,887 Japanese ancestry controls, 7,481 European ancestry cases, 9,250 European ancestry controls	NA	3p14.2	3	63148173	LOC285401	LINC00698			ENSG00000244342			rs72874541-G	rs72874541	0	72874541	intron_variant	0	NR	2E-7	6.698970004336019	(Japanese)	1.23368	[1.13997-1.33509]	Illumina [at least 6195093] (imputed)	N	bipolar disorder	http://purl.obolibrary.org/obo/MONDO_0004985	GCST004139	Genome-wide genotyping array
2017-06-04	28115744	Ikeda M	2017-01-24	Mol Psychiatry	www.ncbi.nlm.nih.gov/pubmed/28115744	A genome-wide association study identifies two novel susceptibility loci and trans population polygenicity associated with bipolar disorder.	Bipolar disorder	2,964 Japanese ancestry case, 61,887 Japanese ancestry controls, 7,481 European ancestry cases, 9,250 European ancestry controls	NA	6p22.1	6	28545105	TRNAR7	GPX5 - SCAND3	ENSG00000224586	ENSG00000232040		10150	25430	rs115769866-A	rs115769866	1	2394103	intergenic_variant	1	NR	8E-7	6.096910013008056	(Japanese)	1.18655	[1.1087-1.26988]	Illumina [at least 6195093] (imputed)	N	bipolar disorder	http://purl.obolibrary.org/obo/MONDO_0004985	GCST004139	Genome-wide genotyping array
2017-06-04	28115744	Ikeda M	2017-01-24	Mol Psychiatry	www.ncbi.nlm.nih.gov/pubmed/28115744	A genome-wide association study identifies two novel susceptibility loci and trans population polygenicity associated with bipolar disorder.	Bipolar disorder	2,964 Japanese ancestry case, 61,887 Japanese ancestry controls, 7,481 European ancestry cases, 9,250 European ancestry controls	NA	7p22.3	7	1991957	MAD1L1	MAD1L1			ENSG00000002822			rs3931398-A	rs3931398	0	3931398	intron_variant	0	NR	4E-7	6.3979400086720375	(Japanese)	1.34919	[1.20176-1.51471]	Illumina [at least 6195093] (imputed)	N	bipolar disorder	http://purl.obolibrary.org/obo/MONDO_0004985	GCST004139	Genome-wide genotyping array
2017-06-04	28115744	Ikeda M	2017-01-24	Mol Psychiatry	www.ncbi.nlm.nih.gov/pubmed/28115744	A genome-wide association study identifies two novel susceptibility loci and trans population polygenicity associated with bipolar disorder.	Bipolar disorder	2,964 Japanese ancestry case, 61,887 Japanese ancestry controls, 7,481 European ancestry cases, 9,250 European ancestry controls	NA	10q24.1	10	97119904	SLIT1	SLIT1			ENSG00000187122			rs35425515-C	rs35425515	0	35425515	intron_variant	0	NR	7E-7	6.154901959985743	(Japanese)	1.5163853	[1.28695491024776-1.78671931532916]	Illumina [at least 6195093] (imputed)	N	bipolar disorder	http://purl.obolibrary.org/obo/MONDO_0004985	GCST004139	Genome-wide genotyping array
2017-06-04	28115744	Ikeda M	2017-01-24	Mol Psychiatry	www.ncbi.nlm.nih.gov/pubmed/28115744	A genome-wide association study identifies two novel susceptibility loci and trans population polygenicity associated with bipolar disorder.	Bipolar disorder	2,964 Japanese ancestry case, 61,887 Japanese ancestry controls, 7,481 European ancestry cases, 9,250 European ancestry controls	NA	10q26.13	10	125424260	RPS27P18	MRPS21P6 - RPS27P18	ENSG00000214298	ENSG00000233135		257323	49426	rs78089757-A	rs78089757	0	78089757	intergenic_variant	1	NR	4E-7	6.3979400086720375	(Japanese)	1.406913	[1.23294984483326-1.6054224749514]	Illumina [at least 6195093] (imputed)	N	bipolar disorder	http://purl.obolibrary.org/obo/MONDO_0004985	GCST004139	Genome-wide genotyping array
2017-06-04	28115744	Ikeda M	2017-01-24	Mol Psychiatry	www.ncbi.nlm.nih.gov/pubmed/28115744	A genome-wide association study identifies two novel susceptibility loci and trans population polygenicity associated with bipolar disorder.	Bipolar disorder	2,964 Japanese ancestry case, 61,887 Japanese ancestry controls, 7,481 European ancestry cases, 9,250 European ancestry controls	NA	11q25	11	133907053	LOC646543	IGSF9B			ENSG00000080854			rs329674-A	rs329674	0	329674	3_prime_UTR_variant	0	NR	1E-7	7.0	(Japanese)	1.2155114	[1.13140218066456-1.30587513221986]	Illumina [at least 6195093] (imputed)	N	bipolar disorder	http://purl.obolibrary.org/obo/MONDO_0004985	GCST004139	Genome-wide genotyping array
2017-06-04	28115744	Ikeda M	2017-01-24	Mol Psychiatry	www.ncbi.nlm.nih.gov/pubmed/28115744	A genome-wide association study identifies two novel susceptibility loci and trans population polygenicity associated with bipolar disorder.	Bipolar disorder	2,964 Japanese ancestry case, 61,887 Japanese ancestry controls, 7,481 European ancestry cases, 9,250 European ancestry controls	NA	12q12	12	38807668	CPNE8	CPNE8			ENSG00000139117			rs185880008-T	rs185880008	0	185880008	intron_variant	0	NR	4E-7	6.3979400086720375	(Japanese)	1.18733	[1.11096-1.26895]	Illumina [at least 6195093] (imputed)	N	bipolar disorder	http://purl.obolibrary.org/obo/MONDO_0004985	GCST004139	Genome-wide genotyping array
2017-06-04	28115744	Ikeda M	2017-01-24	Mol Psychiatry	www.ncbi.nlm.nih.gov/pubmed/28115744	A genome-wide association study identifies two novel susceptibility loci and trans population polygenicity associated with bipolar disorder.	Bipolar disorder	2,964 Japanese ancestry case, 61,887 Japanese ancestry controls, 7,481 European ancestry cases, 9,250 European ancestry controls	NA	17p13.1	17	8319459	ARHGEF15, CTC1, PFAS	ARHGEF15			ENSG00000198844			rs76317718-G	rs76317718	0	76317718	intron_variant	0	NR	2E-7	6.698970004336019	(Japanese)	1.19429	[1.11666-1.27731]	Illumina [at least 6195093] (imputed)	N	bipolar disorder	http://purl.obolibrary.org/obo/MONDO_0004985	GCST004139	Genome-wide genotyping array
2017-06-04	28115744	Ikeda M	2017-01-24	Mol Psychiatry	www.ncbi.nlm.nih.gov/pubmed/28115744	A genome-wide association study identifies two novel susceptibility loci and trans population polygenicity associated with bipolar disorder.	Bipolar disorder	2,964 Japanese ancestry case, 61,887 Japanese ancestry controls, 7,481 European ancestry cases, 9,250 European ancestry controls	NA	22q12.3	22	34102046	LARGE	LINC01643			ENSG00000236052			rs61580878-A	rs61580878	0	61580878	intron_variant	0	NR	9E-7	6.045757490560675	(Japanese)	1.19373	[1.11231-1.2811]	Illumina [at least 6195093] (imputed)	N	bipolar disorder	http://purl.obolibrary.org/obo/MONDO_0004985	GCST004139	Genome-wide genotyping array
2017-06-04	28115744	Ikeda M	2017-01-24	Mol Psychiatry	www.ncbi.nlm.nih.gov/pubmed/28115744	A genome-wide association study identifies two novel susceptibility loci and trans population polygenicity associated with bipolar disorder.	Bipolar disorder	2,964 Japanese ancestry case, 61,887 Japanese ancestry controls, 7,481 European ancestry cases, 9,250 European ancestry controls	NA	3p22.2	3	36814539	TRANK1	HSPD1P6 - LINC02033	ENSG00000230067	ENSG00000279727		45740	4737	rs9834970-C	rs9834970	0	9834970	regulatory_region_variant	1	NR	2E-9	8.698970004336019		1.11554	[1.07634-1.15616]	Illumina [at least 6195093] (imputed)	N	bipolar disorder	http://purl.obolibrary.org/obo/MONDO_0004985	GCST004139	Genome-wide genotyping array
2017-06-04	28115744	Ikeda M	2017-01-24	Mol Psychiatry	www.ncbi.nlm.nih.gov/pubmed/28115744	A genome-wide association study identifies two novel susceptibility loci and trans population polygenicity associated with bipolar disorder.	Bipolar disorder	2,964 Japanese ancestry case, 61,887 Japanese ancestry controls, 7,481 European ancestry cases, 9,250 European ancestry controls	NA	6p22.1	6	27363817	ZNF204P	ZNF204P - ZNF391	ENSG00000204789	ENSG00000124613		3963	10798	rs9393813-A	rs9393813	0	9393813	intron_variant	1	NR	5E-7	6.301029995663981		1.09431	[1.05655-1.13342]	Illumina [at least 6195093] (imputed)	N	bipolar disorder	http://purl.obolibrary.org/obo/MONDO_0004985	GCST004139	Genome-wide genotyping array
2017-06-04	28115744	Ikeda M	2017-01-24	Mol Psychiatry	www.ncbi.nlm.nih.gov/pubmed/28115744	A genome-wide association study identifies two novel susceptibility loci and trans population polygenicity associated with bipolar disorder.	Bipolar disorder	2,964 Japanese ancestry case, 61,887 Japanese ancestry controls, 7,481 European ancestry cases, 9,250 European ancestry controls	NA	6p22.1	6	27512448	TRNAS3	ZNF184 - HNRNPA1P1	ENSG00000096654	ENSG00000218347		39307	10628	rs2205829-G	rs2205829	0	2205829	intron_variant	1	NR	4E-7	6.3979400086720375		1.09434	[1.05685-1.13317]	Illumina [at least 6195093] (imputed)	N	bipolar disorder	http://purl.obolibrary.org/obo/MONDO_0004985	GCST004139	Genome-wide genotyping array
2017-06-04	28115744	Ikeda M	2017-01-24	Mol Psychiatry	www.ncbi.nlm.nih.gov/pubmed/28115744	A genome-wide association study identifies two novel susceptibility loci and trans population polygenicity associated with bipolar disorder.	Bipolar disorder	2,964 Japanese ancestry case, 61,887 Japanese ancestry controls, 7,481 European ancestry cases, 9,250 European ancestry controls	NA	6q25.2	6	152472277	SYNE1	SYNE1			ENSG00000131018			rs4523096-A	rs4523096	0	4523096	intron_variant	0	NR	7E-8	7.154901959985743		1.15455	[1.09573-1.21652]	Illumina [at least 6195093] (imputed)	N	bipolar disorder	http://purl.obolibrary.org/obo/MONDO_0004985	GCST004139	Genome-wide genotyping array
2017-06-04	28115744	Ikeda M	2017-01-24	Mol Psychiatry	www.ncbi.nlm.nih.gov/pubmed/28115744	A genome-wide association study identifies two novel susceptibility loci and trans population polygenicity associated with bipolar disorder.	Bipolar disorder	2,964 Japanese ancestry case, 61,887 Japanese ancestry controls, 7,481 European ancestry cases, 9,250 European ancestry controls	NA	7p22.3	7	1911173	MAD1L1	MAD1L1			ENSG00000002822			rs4332037-T	rs4332037	0	4332037	intron_variant	0	NR	2E-9	8.698970004336019		1.1659197	[1.10894251242016-1.22582369222999]	Illumina [at least 6195093] (imputed)	N	bipolar disorder	http://purl.obolibrary.org/obo/MONDO_0004985	GCST004139	Genome-wide genotyping array
2017-06-04	28115744	Ikeda M	2017-01-24	Mol Psychiatry	www.ncbi.nlm.nih.gov/pubmed/28115744	A genome-wide association study identifies two novel susceptibility loci and trans population polygenicity associated with bipolar disorder.	Bipolar disorder	2,964 Japanese ancestry case, 61,887 Japanese ancestry controls, 7,481 European ancestry cases, 9,250 European ancestry controls	NA	11q12.2	11	61822009	C11orf9, DAGLA, C11orf10, FEN1, FADS1, FADS2	FADS2, FADS1			ENSG00000134824, ENSG00000149485			rs28456-G	rs28456	0	28456	intron_variant	0	NR	6E-9	8.221848749616356	(Japanese)	1.18	[1.11-1.24]	Illumina [at least 6195093] (imputed)	N	bipolar disorder	http://purl.obolibrary.org/obo/MONDO_0004985	GCST004139	Genome-wide genotyping array
2017-06-04	28115744	Ikeda M	2017-01-24	Mol Psychiatry	www.ncbi.nlm.nih.gov/pubmed/28115744	A genome-wide association study identifies two novel susceptibility loci and trans population polygenicity associated with bipolar disorder.	Bipolar disorder	2,964 Japanese ancestry case, 61,887 Japanese ancestry controls, 7,481 European ancestry cases, 9,250 European ancestry controls	NA	12q13.12	12	49028311	DDN, LOC100652964, MLL2, RHEBL1	KMT2D			ENSG00000167548			rs10875914-G	rs10875914	0	10875914	intron_variant	0	NR	6E-8	7.221848749616356		1.11	[1.07-1.15]	Illumina [at least 6195093] (imputed)	N	bipolar disorder	http://purl.obolibrary.org/obo/MONDO_0004985	GCST004139	Genome-wide genotyping array
2012-01-24	21254220	Jiang Y	2011-02-01	Genet Epidemiol	www.ncbi.nlm.nih.gov/pubmed/21254220	Propensity score-based nonparametric test revealing genetic variants underlying bipolar disorder.	Bipolar disorder	1,868 European ancestry cases, 2,938 European ancestry controls	NA	2q12.1	2	104366809	NR	LINC01965 - AHCYP3	ENSG00000256637	ENSG00000233955		264835	28193	rs7570682-?	rs7570682	0	7570682	intron_variant	1	NR	3E-6	5.522878745280337	(addtive)			Affymetrix [NR]	N	bipolar disorder	http://purl.obolibrary.org/obo/MONDO_0004985	GCST000961	Genome-wide genotyping array
2012-01-24	21254220	Jiang Y	2011-02-01	Genet Epidemiol	www.ncbi.nlm.nih.gov/pubmed/21254220	Propensity score-based nonparametric test revealing genetic variants underlying bipolar disorder.	Bipolar disorder	1,868 European ancestry cases, 2,938 European ancestry controls	NA	2q14.1	2	115483610	NR	DPP10			ENSG00000175497			rs1375144-?	rs1375144	0	1375144	intron_variant	0	NR	2E-6	5.698970004336019	(addtive)			Affymetrix [NR]	N	bipolar disorder	http://purl.obolibrary.org/obo/MONDO_0004985	GCST000961	Genome-wide genotyping array
2012-01-24	21254220	Jiang Y	2011-02-01	Genet Epidemiol	www.ncbi.nlm.nih.gov/pubmed/21254220	Propensity score-based nonparametric test revealing genetic variants underlying bipolar disorder.	Bipolar disorder	1,868 European ancestry cases, 2,938 European ancestry controls	NA	2q37.3	2	240582850	NR	CAPN10-DT			ENSG00000260942			rs2953174-?	rs2953174	1	1133353	intron_variant	0	NR	6E-6	5.221848749616356	(addtive)			Affymetrix [NR]	N	bipolar disorder	http://purl.obolibrary.org/obo/MONDO_0004985	GCST000961	Genome-wide genotyping array
2012-01-24	21254220	Jiang Y	2011-02-01	Genet Epidemiol	www.ncbi.nlm.nih.gov/pubmed/21254220	Propensity score-based nonparametric test revealing genetic variants underlying bipolar disorder.	Bipolar disorder	1,868 European ancestry cases, 2,938 European ancestry controls	NA	3p22.3	3	32306332	NR	CMTM8			ENSG00000170293			rs4627791-?	rs4627791	0	4627791	intron_variant	0	NR	2E-6	5.698970004336019	(addtive)			Affymetrix [NR]	N	bipolar disorder	http://purl.obolibrary.org/obo/MONDO_0004985	GCST000961	Genome-wide genotyping array
2012-01-24	21254220	Jiang Y	2011-02-01	Genet Epidemiol	www.ncbi.nlm.nih.gov/pubmed/21254220	Propensity score-based nonparametric test revealing genetic variants underlying bipolar disorder.	Bipolar disorder	1,868 European ancestry cases, 2,938 European ancestry controls	NA	3q27.1	3	183152648	NR	LAMP3			ENSG00000078081			rs514636-?	rs514636	0	514636	intron_variant	0	NR	7E-7	6.154901959985743	(dominant)			Affymetrix [NR]	N	bipolar disorder	http://purl.obolibrary.org/obo/MONDO_0004985	GCST000961	Genome-wide genotyping array
2012-01-24	21254220	Jiang Y	2011-02-01	Genet Epidemiol	www.ncbi.nlm.nih.gov/pubmed/21254220	Propensity score-based nonparametric test revealing genetic variants underlying bipolar disorder.	Bipolar disorder	1,868 European ancestry cases, 2,938 European ancestry controls	NA	4q34.3	4	179766847	NR	RNA5SP173 - NDUFB5P1	ENSG00000201727	ENSG00000251025		1360017	806617	rs6844851-?	rs6844851	0	6844851	intergenic_variant	1	NR	9E-7	6.045757490560675	(dominant)			Affymetrix [NR]	N	bipolar disorder	http://purl.obolibrary.org/obo/MONDO_0004985	GCST000961	Genome-wide genotyping array
2012-01-24	21254220	Jiang Y	2011-02-01	Genet Epidemiol	www.ncbi.nlm.nih.gov/pubmed/21254220	Propensity score-based nonparametric test revealing genetic variants underlying bipolar disorder.	Bipolar disorder	1,868 European ancestry cases, 2,938 European ancestry controls	NA	7p15.3	7	22945391	NR	HYCC1			ENSG00000122591			rs2286492-?	rs2286492	0	2286492	3_prime_UTR_variant	0	NR	8E-6	5.096910013008056	(recessive)			Affymetrix [NR]	N	bipolar disorder	http://purl.obolibrary.org/obo/MONDO_0004985	GCST000961	Genome-wide genotyping array
2012-01-24	21254220	Jiang Y	2011-02-01	Genet Epidemiol	www.ncbi.nlm.nih.gov/pubmed/21254220	Propensity score-based nonparametric test revealing genetic variants underlying bipolar disorder.	Bipolar disorder	1,868 European ancestry cases, 2,938 European ancestry controls	NA	8p12	8	34379474	NR	RPL10AP3 - LINC01288	ENSG00000215264	ENSG00000254344		55832	404554	rs2609653-?	rs2609653	0	2609653	intergenic_variant	1	NR	7E-6	5.154901959985743	(addtive)			Affymetrix [NR]	N	bipolar disorder	http://purl.obolibrary.org/obo/MONDO_0004985	GCST000961	Genome-wide genotyping array
2012-01-24	21254220	Jiang Y	2011-02-01	Genet Epidemiol	www.ncbi.nlm.nih.gov/pubmed/21254220	Propensity score-based nonparametric test revealing genetic variants underlying bipolar disorder.	Bipolar disorder	1,868 European ancestry cases, 2,938 European ancestry controls	NA	8p11.23	8	37084024	NR	KCNU1 - SMARCE1P4	ENSG00000215262	ENSG00000253650		147899	11126	rs4739466-?	rs4739466	0	4739466	intron_variant	1	NR	4E-6	5.3979400086720375	(recessive)			Affymetrix [NR]	N	bipolar disorder	http://purl.obolibrary.org/obo/MONDO_0004985	GCST000961	Genome-wide genotyping array
2012-01-24	21254220	Jiang Y	2011-02-01	Genet Epidemiol	www.ncbi.nlm.nih.gov/pubmed/21254220	Propensity score-based nonparametric test revealing genetic variants underlying bipolar disorder.	Bipolar disorder	1,868 European ancestry cases, 2,938 European ancestry controls	NA	9q21.31	9	79695983	NR	TLE4			ENSG00000106829			rs914715-?	rs914715	0	914715	intron_variant	0	NR	1E-6	6.0	(dominant)			Affymetrix [NR]	N	bipolar disorder	http://purl.obolibrary.org/obo/MONDO_0004985	GCST000961	Genome-wide genotyping array
2012-01-24	21254220	Jiang Y	2011-02-01	Genet Epidemiol	www.ncbi.nlm.nih.gov/pubmed/21254220	Propensity score-based nonparametric test revealing genetic variants underlying bipolar disorder.	Bipolar disorder	1,868 European ancestry cases, 2,938 European ancestry controls	NA	9q32	9	114498554	NR	WHRN			ENSG00000095397			rs10982256-?	rs10982256	0	10982256	intron_variant	0	NR	9E-6	5.045757490560675	(addtive)			Affymetrix [NR]	N	bipolar disorder	http://purl.obolibrary.org/obo/MONDO_0004985	GCST000961	Genome-wide genotyping array
2012-01-24	21254220	Jiang Y	2011-02-01	Genet Epidemiol	www.ncbi.nlm.nih.gov/pubmed/21254220	Propensity score-based nonparametric test revealing genetic variants underlying bipolar disorder.	Bipolar disorder	1,868 European ancestry cases, 2,938 European ancestry controls	NA	10q22.1	10	70703238	NR	ADAMTS14			ENSG00000138316			rs17600642-?	rs17600642	0	17600642	intron_variant	0	NR	5E-6	5.301029995663981	(addtive)			Affymetrix [NR]	N	bipolar disorder	http://purl.obolibrary.org/obo/MONDO_0004985	GCST000961	Genome-wide genotyping array
2012-01-24	21254220	Jiang Y	2011-02-01	Genet Epidemiol	www.ncbi.nlm.nih.gov/pubmed/21254220	Propensity score-based nonparametric test revealing genetic variants underlying bipolar disorder.	Bipolar disorder	1,868 European ancestry cases, 2,938 European ancestry controls	NA	11p14.1	11	27987916	NR	HSP90AA2P - KIF18A	ENSG00000224411	ENSG00000121621		96883	32702	rs1568889-?	rs1568889	0	1568889	intron_variant	1	NR	2E-6	5.698970004336019	(recessive)			Affymetrix [NR]	N	bipolar disorder	http://purl.obolibrary.org/obo/MONDO_0004985	GCST000961	Genome-wide genotyping array
2012-01-24	21254220	Jiang Y	2011-02-01	Genet Epidemiol	www.ncbi.nlm.nih.gov/pubmed/21254220	Propensity score-based nonparametric test revealing genetic variants underlying bipolar disorder.	Bipolar disorder	1,868 European ancestry cases, 2,938 European ancestry controls	NA	14q23.1	14	57652478	NR	SLC35F4			ENSG00000151812			rs10134944-?	rs10134944	0	10134944	intron_variant	0	NR	1E-6	6.0	(dominant)			Affymetrix [NR]	N	bipolar disorder	http://purl.obolibrary.org/obo/MONDO_0004985	GCST000961	Genome-wide genotyping array
2012-01-24	21254220	Jiang Y	2011-02-01	Genet Epidemiol	www.ncbi.nlm.nih.gov/pubmed/21254220	Propensity score-based nonparametric test revealing genetic variants underlying bipolar disorder.	Bipolar disorder	1,868 European ancestry cases, 2,938 European ancestry controls	NA	14q31.3	14	88093648	NR	HISLA			ENSG00000258867			rs6574988-?	rs6574988	0	6574988	intron_variant	0	NR	4E-6	5.3979400086720375	(dominant)			Affymetrix [NR]	N	bipolar disorder	http://purl.obolibrary.org/obo/MONDO_0004985	GCST000961	Genome-wide genotyping array
2012-01-24	21254220	Jiang Y	2011-02-01	Genet Epidemiol	www.ncbi.nlm.nih.gov/pubmed/21254220	Propensity score-based nonparametric test revealing genetic variants underlying bipolar disorder.	Bipolar disorder	1,868 European ancestry cases, 2,938 European ancestry controls	NA	14q32.33	14	104042739	NR	TDRD9			ENSG00000156414			rs11622475-?	rs11622475	0	11622475	intron_variant	0	NR	2E-6	5.698970004336019	(addtive)			Affymetrix [NR]	N	bipolar disorder	http://purl.obolibrary.org/obo/MONDO_0004985	GCST000961	Genome-wide genotyping array
2012-01-24	21254220	Jiang Y	2011-02-01	Genet Epidemiol	www.ncbi.nlm.nih.gov/pubmed/21254220	Propensity score-based nonparametric test revealing genetic variants underlying bipolar disorder.	Bipolar disorder	1,868 European ancestry cases, 2,938 European ancestry controls	NA	16q12.2	16	52878387	RPGRIP1L	CASC16 - PHB1P21	ENSG00000249231	ENSG00000260326		226255	56426	rs1344484-?	rs1344484	0	1344484	intergenic_variant	1	NR	2E-6	5.698970004336019	(addtive)			Affymetrix [NR]	N	bipolar disorder	http://purl.obolibrary.org/obo/MONDO_0004985	GCST000961	Genome-wide genotyping array
2012-01-24	21254220	Jiang Y	2011-02-01	Genet Epidemiol	www.ncbi.nlm.nih.gov/pubmed/21254220	Propensity score-based nonparametric test revealing genetic variants underlying bipolar disorder.	Bipolar disorder	1,868 European ancestry cases, 2,938 European ancestry controls	NA	19p13.2	19	12580371	NR	ZNF490			ENSG00000188033			rs7247513-?	rs7247513	0	7247513	3_prime_UTR_variant	0	NR	2E-6	5.698970004336019	(addtive)			Affymetrix [NR]	N	bipolar disorder	http://purl.obolibrary.org/obo/MONDO_0004985	GCST000961	Genome-wide genotyping array
2012-01-24	21254220	Jiang Y	2011-02-01	Genet Epidemiol	www.ncbi.nlm.nih.gov/pubmed/21254220	Propensity score-based nonparametric test revealing genetic variants underlying bipolar disorder.	Bipolar disorder	1,868 European ancestry cases, 2,938 European ancestry controls	NA	6p21.33	6	31359924	NR	HLA-B			ENSG00000234745			rs9378249-?	rs9378249	0	9378249	intron_variant	0	NR	1E-8	8.0	(addtive)			Affymetrix [NR]	N	bipolar disorder	http://purl.obolibrary.org/obo/MONDO_0004985	GCST000961	Genome-wide genotyping array
2012-01-24	21254220	Jiang Y	2011-02-01	Genet Epidemiol	www.ncbi.nlm.nih.gov/pubmed/21254220	Propensity score-based nonparametric test revealing genetic variants underlying bipolar disorder.	Bipolar disorder	1,868 European ancestry cases, 2,938 European ancestry controls	NA	17q22	17	57788926	NR	CCDC182 - RN7SKP94	ENSG00000166329	ENSG00000222976		43627	523	rs12938916-?	rs12938916	0	12938916	intron_variant	1	NR	5E-7	6.301029995663981	(dominant)			Affymetrix [NR]	N	bipolar disorder	http://purl.obolibrary.org/obo/MONDO_0004985	GCST000961	Genome-wide genotyping array
2012-01-24	21254220	Jiang Y	2011-02-01	Genet Epidemiol	www.ncbi.nlm.nih.gov/pubmed/21254220	Propensity score-based nonparametric test revealing genetic variants underlying bipolar disorder.	Bipolar disorder	1,868 European ancestry cases, 2,938 European ancestry controls	NA	16p12.2	16	23622705	NR	PALB2-AS1, PALB2			ENSG00000261723, ENSG00000083093			rs420259-?	rs420259	0	420259	intron_variant	0	NR	9E-9	8.045757490560675	(recessive)			Affymetrix [NR]	N	bipolar disorder	http://purl.obolibrary.org/obo/MONDO_0004985	GCST000961	Genome-wide genotyping array
2012-01-24	21254220	Jiang Y	2011-02-01	Genet Epidemiol	www.ncbi.nlm.nih.gov/pubmed/21254220	Propensity score-based nonparametric test revealing genetic variants underlying bipolar disorder.	Bipolar disorder	1,868 European ancestry cases, 2,938 European ancestry controls	NA	20p13	20	3795528	NR	CDC25B			ENSG00000101224			rs3761218-?	rs3761218	0	3761218	intron_variant	0	NR	1E-6	6.0	(dominant)			Affymetrix [NR]	N	bipolar disorder	http://purl.obolibrary.org/obo/MONDO_0004985	GCST000961	Genome-wide genotyping array
2012-01-24	21254220	Jiang Y	2011-02-01	Genet Epidemiol	www.ncbi.nlm.nih.gov/pubmed/21254220	Propensity score-based nonparametric test revealing genetic variants underlying bipolar disorder.	Bipolar disorder	1,868 European ancestry cases, 2,938 European ancestry controls	NA	1p32.1	1	60593587	NR	LINC01748			ENSG00000226476			rs2989476-?	rs2989476	0	2989476	intron_variant	0	NR	2E-6	5.698970004336019	(dominant)			Affymetrix [NR]	N	bipolar disorder	http://purl.obolibrary.org/obo/MONDO_0004985	GCST000961	Genome-wide genotyping array
2012-01-24	21254220	Jiang Y	2011-02-01	Genet Epidemiol	www.ncbi.nlm.nih.gov/pubmed/21254220	Propensity score-based nonparametric test revealing genetic variants underlying bipolar disorder.	Bipolar disorder	1,868 European ancestry cases, 2,938 European ancestry controls	NA	2p25.1	2	11897366	NR	MIR3681HG			ENSG00000224184			rs4027132-?	rs4027132	0	4027132	intergenic_variant	0	NR	3E-6	5.522878745280337	(recessive)			Affymetrix [NR]	N	bipolar disorder	http://purl.obolibrary.org/obo/MONDO_0004985	GCST000961	Genome-wide genotyping array
2015-04-22	21305692	Belmonte Mahon P	2011-02-08	Am J Med Genet B Neuropsychiatr Genet	www.ncbi.nlm.nih.gov/pubmed/21305692	Genome-wide association analysis of age at onset and psychotic symptoms in bipolar disorder.	Bipolar disorder (age of onset and psychotic symptoms)	2,836 European ancestry cases, 2,744 European ancestry controls	3,916 European cases, 5,112 controls	15q21.3	15	57470595	CGNL1	CGNL1			ENSG00000128849			rs2934442-?	rs2934442	0	2934442	intron_variant	0	NR	1E-6	6.0	(age of onset)	1.022	[NR] unit decrease	Affymetrix, Illumina [2373895] (imputed)	N	bipolar disorder, age at onset	http://purl.obolibrary.org/obo/MONDO_0004985, http://www.ebi.ac.uk/efo/EFO_0004847	GCST000969	Genome-wide genotyping array
2015-04-22	21305692	Belmonte Mahon P	2011-02-08	Am J Med Genet B Neuropsychiatr Genet	www.ncbi.nlm.nih.gov/pubmed/21305692	Genome-wide association analysis of age at onset and psychotic symptoms in bipolar disorder.	Bipolar disorder (age of onset and psychotic symptoms)	2,836 European ancestry cases, 2,744 European ancestry controls	3,916 European cases, 5,112 controls	7q36.1	7	151849504	PRKAG2	PRKAG2			ENSG00000106617			rs7795096-?	rs7795096	0	7795096	intron_variant	0	NR	2E-6	5.698970004336019	(psychotic symptoms)	1.2	[NR]	Affymetrix, Illumina [2373895] (imputed)	N	bipolar disorder, psychotic symptoms	http://purl.obolibrary.org/obo/MONDO_0004985, http://www.ebi.ac.uk/efo/EFO_0005940	GCST000969	Genome-wide genotyping array
2015-05-15	21353194	Cichon S	2011-02-23	Am J Hum Genet	www.ncbi.nlm.nih.gov/pubmed/21353194	Genome-wide association study identifies genetic variation in neurocan as a susceptibility factor for bipolar disorder.	Bipolar disorder	682 European ancestry cases, 1,300 European ancestry controls	7,759 European ancestry cases, 34,062 European ancestry controls	19p13.11	19	19250926	NCAN	NCAN			ENSG00000130287			rs1064395-A	rs1064395	0	1064395	3_prime_UTR_variant	0	0.16	2E-9	8.698970004336019		1.17	[NR]	Illumina [511978]	N	bipolar disorder	http://purl.obolibrary.org/obo/MONDO_0004985	GCST000985	Genome-wide genotyping array
2011-04-13	21423239	Willour VL	2011-03-25	Mol Psychiatry	www.ncbi.nlm.nih.gov/pubmed/21423239	A genome-wide association study of attempted suicide.	Suicide attempts in bipolar disorder	1,201 European and unknown ancestry attempters, 1,497 European and unknown ancestry non-attempters	1,295 attempters, 1,822 non-attempters	2p25.3	2	112496	intergenic	FAM110C - SH3YL1	ENSG00000184731	ENSG00000035115		65626	105234	rs300774-A	rs300774	0	300774	intergenic_variant	1	0.18	5E-8	7.301029995663981		1.22	[NR]	Affymetrix, Illumina [2408051] (imputed)	N	attempted suicide	http://www.ebi.ac.uk/efo/EFO_0004321	GCST001015	Genome-wide genotyping array
2011-04-13	21423239	Willour VL	2011-03-25	Mol Psychiatry	www.ncbi.nlm.nih.gov/pubmed/21423239	A genome-wide association study of attempted suicide.	Suicide attempts in bipolar disorder	1,201 European and unknown ancestry attempters, 1,497 European and unknown ancestry non-attempters	1,295 attempters, 1,822 non-attempters	11p13	11	33566664	C11orf41	KIAA1549L			ENSG00000110427			rs10437629-?	rs10437629	0	10437629	intron_variant	0	NR	4E-6	5.3979400086720375		1.34	[NR]	Affymetrix, Illumina [2408051] (imputed)	N	attempted suicide	http://www.ebi.ac.uk/efo/EFO_0004321	GCST001015	Genome-wide genotyping array
2011-04-13	21423239	Willour VL	2011-03-25	Mol Psychiatry	www.ncbi.nlm.nih.gov/pubmed/21423239	A genome-wide association study of attempted suicide.	Suicide attempts in bipolar disorder	1,201 European and unknown ancestry attempters, 1,497 European and unknown ancestry non-attempters	1,295 attempters, 1,822 non-attempters	12q24.32	12	128610527	TMEM132C	TMEM132C			ENSG00000181234			rs7296262-T	rs7296262	0	7296262	intron_variant	0	0.51	1E-6	6.0		1.22	[NR]	Affymetrix, Illumina [2408051] (imputed)	N	attempted suicide	http://www.ebi.ac.uk/efo/EFO_0004321	GCST001015	Genome-wide genotyping array
2015-05-15	21368711	Alliey-Rodriguez N	2011-03-02	Psychiatr Genet	www.ncbi.nlm.nih.gov/pubmed/21368711	Genome-wide association study of personality traits in bipolar patients.	Personality traits in bipolar disorder	1,951 European ancestry cases	NA	20p12.1	20	13143086	SPTLC3	SPTLC3			ENSG00000172296			rs17190927-?	rs17190927	0	17190927	intron_variant	0	NR	8E-7	6.096910013008056	(SPTLC3)			Affymetrix [702866]	N	personality trait	http://www.ebi.ac.uk/efo/EFO_0004365	GCST000995	Genome-wide genotyping array
2015-05-15	21368711	Alliey-Rodriguez N	2011-03-02	Psychiatr Genet	www.ncbi.nlm.nih.gov/pubmed/21368711	Genome-wide association study of personality traits in bipolar patients.	Personality traits in bipolar disorder	1,951 European ancestry cases	NA	5q21.3	5	105618627	intergenic	RAB9BP1 - RNA5SP189	ENSG00000232159	ENSG00000201790		518529	304367	rs10479334-?	rs10479334	0	10479334	intergenic_variant	1	0.078	2E-9	8.698970004336019	(TCI-C1)			Affymetrix [702866]	N	personality trait	http://www.ebi.ac.uk/efo/EFO_0004365	GCST000995	Genome-wide genotyping array
2015-05-15	21368711	Alliey-Rodriguez N	2011-03-02	Psychiatr Genet	www.ncbi.nlm.nih.gov/pubmed/21368711	Genome-wide association study of personality traits in bipolar patients.	Personality traits in bipolar disorder	1,951 European ancestry cases	NA	3p26.1	3	7361959	GRM7	GRM7			ENSG00000196277			rs13080594-?	rs13080594	0	13080594	intron_variant	0	NR	8E-7	6.096910013008056	(ZKPQ-neuroticism anxiety)			Affymetrix [702866]	N	personality trait	http://www.ebi.ac.uk/efo/EFO_0004365	GCST000995	Genome-wide genotyping array
2015-05-15	21368711	Alliey-Rodriguez N	2011-03-02	Psychiatr Genet	www.ncbi.nlm.nih.gov/pubmed/21368711	Genome-wide association study of personality traits in bipolar patients.	Personality traits in bipolar disorder	1,951 European ancestry cases	NA	10q23.33	10	94253948	PLCE1	PLCE1			ENSG00000138193			rs9419788-?	rs9419788	0	9419788	intron_variant	0	0.354	4E-8	7.3979400086720375	(TCI-ST1)			Affymetrix [702866]	N	personality trait	http://www.ebi.ac.uk/efo/EFO_0004365	GCST000995	Genome-wide genotyping array
2015-05-15	21368711	Alliey-Rodriguez N	2011-03-02	Psychiatr Genet	www.ncbi.nlm.nih.gov/pubmed/21368711	Genome-wide association study of personality traits in bipolar patients.	Personality traits in bipolar disorder	1,951 European ancestry cases	NA	3p25.1	3	13701633	BC039529	LINC00620			ENSG00000224514			rs9846232-?	rs9846232	0	9846232	intron_variant	0	NR	1E-8	8.0	(TCI-C3)			Affymetrix [702866]	N	personality trait	http://www.ebi.ac.uk/efo/EFO_0004365	GCST000995	Genome-wide genotyping array
2015-05-15	21368711	Alliey-Rodriguez N	2011-03-02	Psychiatr Genet	www.ncbi.nlm.nih.gov/pubmed/21368711	Genome-wide association study of personality traits in bipolar patients.	Personality traits in bipolar disorder	1,951 European ancestry cases	NA	5q33.3	5	157181989	ITK	ITK			ENSG00000113263			rs411174-?	rs411174	0	411174	intron_variant	0	NR	1E-6	6.0	(ZKPQ-neuroticism anxiety)			Affymetrix [702866]	N	personality trait	http://www.ebi.ac.uk/efo/EFO_0004365	GCST000995	Genome-wide genotyping array
2015-05-15	21368711	Alliey-Rodriguez N	2011-03-02	Psychiatr Genet	www.ncbi.nlm.nih.gov/pubmed/21368711	Genome-wide association study of personality traits in bipolar patients.	Personality traits in bipolar disorder	1,951 European ancestry cases	NA	1q23.3	1	165434666	RXRG	RXRG			ENSG00000143171			rs285480-?	rs285480	0	285480	intron_variant	0	NR	4E-7	6.3979400086720375	(ZKPQ-sensation seeking)			Affymetrix [702866]	N	personality trait	http://www.ebi.ac.uk/efo/EFO_0004365	GCST000995	Genome-wide genotyping array
2011-07-27	21738484	Smith EN	2011-06-30	PLoS Genet	www.ncbi.nlm.nih.gov/pubmed/21738484	Genome-wide association of bipolar disorder suggests an enrichment of replicable associations in regions near genes.	Bipolar disorder	1,190 European and unknown ancestry cases, 401 European and unknown ancestry controls	16,179 individuals	1p32.1	1	60593587	NFIA	LINC01748			ENSG00000226476			rs2989476-C	rs2989476	0	2989476	intron_variant	0	NR	3E-6	5.522878745280337		1.16	[NR]	Affymetrix [703019]	N	bipolar disorder	http://purl.obolibrary.org/obo/MONDO_0004985	GCST001135	Genome-wide genotyping array
2011-07-27	21738484	Smith EN	2011-06-30	PLoS Genet	www.ncbi.nlm.nih.gov/pubmed/21738484	Genome-wide association of bipolar disorder suggests an enrichment of replicable associations in regions near genes.	Bipolar disorder	1,190 European and unknown ancestry cases, 401 European and unknown ancestry controls	16,179 individuals	2q11.2	2	98623468	MGAT4A	MGAT4A			ENSG00000071073			rs12618769-T	rs12618769	0	12618769	3_prime_UTR_variant	0	NR	1E-6	6.0		1.25	[NR]	Affymetrix [703019]	N	bipolar disorder	http://purl.obolibrary.org/obo/MONDO_0004985	GCST001135	Genome-wide genotyping array
2011-07-27	21738484	Smith EN	2011-06-30	PLoS Genet	www.ncbi.nlm.nih.gov/pubmed/21738484	Genome-wide association of bipolar disorder suggests an enrichment of replicable associations in regions near genes.	Bipolar disorder	1,190 European and unknown ancestry cases, 401 European and unknown ancestry controls	16,179 individuals	6q25.2	6	152470339	SYNE1	SYNE1			ENSG00000131018			rs7747960-A	rs7747960	0	7747960	intron_variant	0	NR	9E-6	5.045757490560675		1.23	[NR]	Affymetrix [703019]	N	bipolar disorder	http://purl.obolibrary.org/obo/MONDO_0004985	GCST001135	Genome-wide genotyping array
2011-07-27	21738484	Smith EN	2011-06-30	PLoS Genet	www.ncbi.nlm.nih.gov/pubmed/21738484	Genome-wide association of bipolar disorder suggests an enrichment of replicable associations in regions near genes.	Bipolar disorder	1,190 European and unknown ancestry cases, 401 European and unknown ancestry controls	16,179 individuals	13q12.12	13	23118839	SGCG	NUS1P2 - HMGA1P6	ENSG00000234685	ENSG00000233440		202316	15335	rs4770394-A	rs4770394	0	4770394	intron_variant	1	NR	9E-6	5.045757490560675		1.59	[NR]	Affymetrix [703019]	N	bipolar disorder	http://purl.obolibrary.org/obo/MONDO_0004985	GCST001135	Genome-wide genotyping array
2011-07-27	21738484	Smith EN	2011-06-30	PLoS Genet	www.ncbi.nlm.nih.gov/pubmed/21738484	Genome-wide association of bipolar disorder suggests an enrichment of replicable associations in regions near genes.	Bipolar disorder	1,190 European and unknown ancestry cases, 401 European and unknown ancestry controls	16,179 individuals	14q11.2	14	21257495	HNRNPC	HNRNPC			ENSG00000092199			rs17197037-A	rs17197037	0	17197037	intron_variant	0	NR	2E-6	5.698970004336019		1.17	[NR]	Affymetrix [703019]	N	bipolar disorder	http://purl.obolibrary.org/obo/MONDO_0004985	GCST001135	Genome-wide genotyping array
2011-07-27	21738484	Smith EN	2011-06-30	PLoS Genet	www.ncbi.nlm.nih.gov/pubmed/21738484	Genome-wide association of bipolar disorder suggests an enrichment of replicable associations in regions near genes.	Bipolar disorder	1,190 European and unknown ancestry cases, 401 European and unknown ancestry controls	16,179 individuals	15q24.1	15	73720096	CD276	CD276 - INSYN1	ENSG00000103855	ENSG00000205363		5578	15345	rs1038094-G	rs1038094	0	1038094	non_coding_transcript_exon_variant	1	NR	9E-6	5.045757490560675		1.27	[NR]	Affymetrix [703019]	N	bipolar disorder	http://purl.obolibrary.org/obo/MONDO_0004985	GCST001135	Genome-wide genotyping array
2011-09-03	21771265	Yosifova A	2011-07-19	Genes Brain Behav	www.ncbi.nlm.nih.gov/pubmed/21771265	Genome-wide association study on bipolar disorder in the Bulgarian population.	Bipolar disorder	188 Bulgarian ancestry cases, 376 Bulgarian ancestry controls	122 Bulgarian ancestry cases, 328 Bulgarian ancestry controls	19q13.2	19	42016956	GRIK5	GRIK5			ENSG00000105737			rs8099939-T	rs8099939	0	8099939	intron_variant	0	0.39	2E-6	5.698970004336019		1.95	[1.43-2.67]	Illumina [497732]	N	bipolar disorder	http://purl.obolibrary.org/obo/MONDO_0004985	GCST001164	Genome-wide genotyping array
2011-09-03	21771265	Yosifova A	2011-07-19	Genes Brain Behav	www.ncbi.nlm.nih.gov/pubmed/21771265	Genome-wide association study on bipolar disorder in the Bulgarian population.	Bipolar disorder	188 Bulgarian ancestry cases, 376 Bulgarian ancestry controls	122 Bulgarian ancestry cases, 328 Bulgarian ancestry controls	20q13.13	20	50758705	PARD6B	PARD6B - BCAS4	ENSG00000124171	ENSG00000124243		1910	36189	rs6122972-A	rs6122972	0	6122972	regulatory_region_variant	1	0.82	3E-6	5.522878745280337		2.02	[1.46-2.80]	Illumina [497732]	N	bipolar disorder	http://purl.obolibrary.org/obo/MONDO_0004985	GCST001164	Genome-wide genotyping array
2011-09-03	21771265	Yosifova A	2011-07-19	Genes Brain Behav	www.ncbi.nlm.nih.gov/pubmed/21771265	Genome-wide association study on bipolar disorder in the Bulgarian population.	Bipolar disorder	188 Bulgarian ancestry cases, 376 Bulgarian ancestry controls	122 Bulgarian ancestry cases, 328 Bulgarian ancestry controls	15q25.1	15	78932341	CTSH	CTSH			ENSG00000103811			rs2289700-A	rs2289700	0	2289700	missense_variant	0	0.07	9E-6	5.045757490560675		2.13	[1.53-2.95]	Illumina [497732]	N	bipolar disorder	http://purl.obolibrary.org/obo/MONDO_0004985	GCST001164	Genome-wide genotyping array
2011-10-19	21926972	Sklar P	2011-09-18	Nat Genet	www.ncbi.nlm.nih.gov/pubmed/21926972	Large-scale genome-wide association analysis of bipolar disorder identifies a new susceptibility locus near ODZ4.	Bipolar disorder	7,481 European ancestry cases, 9,250 European ancestry controls	4,496 European ancestry cases, 42,422 European ancestry controls	12q13.12	12	48824388	RND1, DDX23, CANCNB3	CACNB3			ENSG00000167535			rs2070615-G	rs2070615	0	2070615	intron_variant	0	NR	1E-6	6.0		1.1	[NR]	Affymetrix, Illumina [2415422] (imputed)	N	bipolar disorder	http://purl.obolibrary.org/obo/MONDO_0004985	GCST001241	Genome-wide genotyping array
2011-10-19	21926972	Sklar P	2011-09-18	Nat Genet	www.ncbi.nlm.nih.gov/pubmed/21926972	Large-scale genome-wide association analysis of bipolar disorder identifies a new susceptibility locus near ODZ4.	Bipolar disorder	7,481 European ancestry cases, 9,250 European ancestry controls	4,496 European ancestry cases, 42,422 European ancestry controls	11q14.1	11	79366149	ODZ4	TENM4			ENSG00000149256			rs12576775-G	rs12576775	0	12576775	intron_variant	0	NR	4E-8	7.3979400086720375		1.14	[NR]	Affymetrix, Illumina [2415422] (imputed)	N	bipolar disorder	http://purl.obolibrary.org/obo/MONDO_0004985	GCST001241	Genome-wide genotyping array
2011-10-19	21926972	Sklar P	2011-09-18	Nat Genet	www.ncbi.nlm.nih.gov/pubmed/21926972	Large-scale genome-wide association analysis of bipolar disorder identifies a new susceptibility locus near ODZ4.	Bipolar disorder	7,481 European ancestry cases, 9,250 European ancestry controls	4,496 European ancestry cases, 42,422 European ancestry controls	2p14	2	65531391	intergenic	LINC02934			ENSG00000204929			rs3845817-T	rs3845817	0	3845817	intron_variant	0	NR	2E-6	5.698970004336019		1.1	[NR]	Affymetrix, Illumina [2415422] (imputed)	N	bipolar disorder	http://purl.obolibrary.org/obo/MONDO_0004985	GCST001241	Genome-wide genotyping array
2011-10-19	21926972	Sklar P	2011-09-18	Nat Genet	www.ncbi.nlm.nih.gov/pubmed/21926972	Large-scale genome-wide association analysis of bipolar disorder identifies a new susceptibility locus near ODZ4.	Bipolar disorder	7,481 European ancestry cases, 9,250 European ancestry controls	4,496 European ancestry cases, 42,422 European ancestry controls	2q32.3	2	194007459	intergenic	SEC61GP1 - GLULP6	ENSG00000224219	ENSG00000215043		276770	121895	rs2176528-C	rs2176528	0	2176528	intergenic_variant	1	NR	4E-6	5.3979400086720375		1.12	[NR]	Affymetrix, Illumina [2415422] (imputed)	N	bipolar disorder	http://purl.obolibrary.org/obo/MONDO_0004985	GCST001241	Genome-wide genotyping array
2011-10-19	21926972	Sklar P	2011-09-18	Nat Genet	www.ncbi.nlm.nih.gov/pubmed/21926972	Large-scale genome-wide association analysis of bipolar disorder identifies a new susceptibility locus near ODZ4.	Bipolar disorder	7,481 European ancestry cases, 9,250 European ancestry controls	4,496 European ancestry cases, 42,422 European ancestry controls	1p34.2	1	41374150	intergenic	FOXO6			ENSG00000204060			rs4660531-T	rs4660531	0	4660531	intron_variant	0	NR	3E-6	5.522878745280337		1.1	[NR]	Affymetrix, Illumina [2415422] (imputed)	N	bipolar disorder	http://purl.obolibrary.org/obo/MONDO_0004985	GCST001241	Genome-wide genotyping array
2011-10-19	21926972	Sklar P	2011-09-18	Nat Genet	www.ncbi.nlm.nih.gov/pubmed/21926972	Large-scale genome-wide association analysis of bipolar disorder identifies a new susceptibility locus near ODZ4.	Bipolar disorder	7,481 European ancestry cases, 9,250 European ancestry controls	4,496 European ancestry cases, 42,422 European ancestry controls	19q13.33	19	48725015	SPHK2, SEC1, RPL18, NTN5, FAM83E, DBP, FUT2, IZUMO1, FUT1, CA11, MAMSTR, FGF21, RASIP1	RASIP1			ENSG00000105538			rs2287921-C	rs2287921	0	2287921	intron_variant	0	NR	3E-6	5.522878745280337		1.1	[NR]	Affymetrix, Illumina [2415422] (imputed)	N	bipolar disorder	http://purl.obolibrary.org/obo/MONDO_0004985	GCST001241	Genome-wide genotyping array
2011-10-19	21926972	Sklar P	2011-09-18	Nat Genet	www.ncbi.nlm.nih.gov/pubmed/21926972	Large-scale genome-wide association analysis of bipolar disorder identifies a new susceptibility locus near ODZ4.	Bipolar disorder	7,481 European ancestry cases, 9,250 European ancestry controls	4,496 European ancestry cases, 42,422 European ancestry controls	8q24.3	8	141290216	LOC731779, GPR20	SLC45A4-AS2, SLC45A4			ENSG00000254197, ENSG00000022567			rs7827290-G	rs7827290	0	7827290	intron_variant	0	NR	9E-6	5.045757490560675		1.1	[NR]	Affymetrix, Illumina [2415422] (imputed)	N	bipolar disorder	http://purl.obolibrary.org/obo/MONDO_0004985	GCST001241	Genome-wide genotyping array
2011-10-19	21926972	Sklar P	2011-09-18	Nat Genet	www.ncbi.nlm.nih.gov/pubmed/21926972	Large-scale genome-wide association analysis of bipolar disorder identifies a new susceptibility locus near ODZ4.	Bipolar disorder	7,481 European ancestry cases, 9,250 European ancestry controls	4,496 European ancestry cases, 42,422 European ancestry controls	1p31.1	1	78789077	intergenic	IFI44 - ADGRL4	ENSG00000137965	ENSG00000162618		124665	100687	rs12730292-C	rs12730292	0	12730292	intergenic_variant	1	NR	5E-6	5.301029995663981		1.1	[NR]	Affymetrix, Illumina [2415422] (imputed)	N	bipolar disorder	http://purl.obolibrary.org/obo/MONDO_0004985	GCST001241	Genome-wide genotyping array
2011-10-19	21926972	Sklar P	2011-09-18	Nat Genet	www.ncbi.nlm.nih.gov/pubmed/21926972	Large-scale genome-wide association analysis of bipolar disorder identifies a new susceptibility locus near ODZ4.	Bipolar disorder	7,481 European ancestry cases, 9,250 European ancestry controls	4,496 European ancestry cases, 42,422 European ancestry controls	2q11.2	2	96745212	LMAN2L, FER1L5, CNNM4	LMAN2L - CNNM4	ENSG00000114988	ENSG00000158158		5128	15686	rs6746896-A	rs6746896	0	6746896	intergenic_variant	1	NR	2E-6	5.698970004336019		1.1	[NR]	Affymetrix, Illumina [2415422] (imputed)	N	bipolar disorder	http://purl.obolibrary.org/obo/MONDO_0004985	GCST001241	Genome-wide genotyping array
2011-10-19	21926972	Sklar P	2011-09-18	Nat Genet	www.ncbi.nlm.nih.gov/pubmed/21926972	Large-scale genome-wide association analysis of bipolar disorder identifies a new susceptibility locus near ODZ4.	Bipolar disorder	7,481 European ancestry cases, 9,250 European ancestry controls	4,496 European ancestry cases, 42,422 European ancestry controls	10q21.2	10	60519366	ANK3	ANK3			ENSG00000151150			rs10994397-T	rs10994397	0	10994397	intron_variant	0	NR	3E-7	6.522878745280337		1.22	[NR]	Affymetrix, Illumina [2415422] (imputed)	N	bipolar disorder	http://purl.obolibrary.org/obo/MONDO_0004985	GCST001241	Genome-wide genotyping array
2011-10-19	21926972	Sklar P	2011-09-18	Nat Genet	www.ncbi.nlm.nih.gov/pubmed/21926972	Large-scale genome-wide association analysis of bipolar disorder identifies a new susceptibility locus near ODZ4.	Bipolar disorder	7,481 European ancestry cases, 9,250 European ancestry controls	4,496 European ancestry cases, 42,422 European ancestry controls	12p13.33	12	2310730	CANCNA1C	CACNA1C			ENSG00000151067			rs4765913-A	rs4765913	0	4765913	intron_variant	0	NR	2E-8	7.698970004336019		1.14	[NR]	Affymetrix, Illumina [2415422] (imputed)	N	bipolar disorder	http://purl.obolibrary.org/obo/MONDO_0004985	GCST001241	Genome-wide genotyping array
2011-10-19	21926972	Sklar P	2011-09-18	Nat Genet	www.ncbi.nlm.nih.gov/pubmed/21926972	Large-scale genome-wide association analysis of bipolar disorder identifies a new susceptibility locus near ODZ4.	Bipolar disorder	7,481 European ancestry cases, 9,250 European ancestry controls	4,496 European ancestry cases, 42,422 European ancestry controls	11q13.2	11	66783531	RCE1, RBM4B, RBM4, RBM14, RAB1B, PELI3, PC, NPAS4, MRPL11, LRFN4, KLC2, DPP3, CTSF, CNIH2, CD248, CCS, CCDC87, C11orf86, GAL3ST3, C11orf80, BRMS1, BBS1, B3GNT1, ACTN3, PACS1, SF3B2, ZDHHC24, YIF1A, TMEM151A, SYT12, SPTBN2, SLC29A2, RIN1	TOP6BL			ENSG00000173715			rs10896135-G	rs10896135	0	10896135	intron_variant	0	NR	2E-7	6.698970004336019		1.12	[NR]	Affymetrix, Illumina [2415422] (imputed)	N	bipolar disorder	http://purl.obolibrary.org/obo/MONDO_0004985	GCST001241	Genome-wide genotyping array
2011-10-19	21926972	Sklar P	2011-09-18	Nat Genet	www.ncbi.nlm.nih.gov/pubmed/21926972	Large-scale genome-wide association analysis of bipolar disorder identifies a new susceptibility locus near ODZ4.	Bipolar disorder	7,481 European ancestry cases, 9,250 European ancestry controls	4,496 European ancestry cases, 42,422 European ancestry controls	2q11.2	2	98766429	MRPL30, MITD1, MGAT4A, LYG1, LYG2, LIPT1, EIF5B, C2orf55, C2orf15, TXNDC9, TSGA10, REV1	LINC02611			ENSG00000226791			rs7578035-G	rs7578035	0	7578035	intron_variant	0	NR	3E-6	5.522878745280337		1.09	[NR]	Affymetrix, Illumina [2415422] (imputed)	N	bipolar disorder	http://purl.obolibrary.org/obo/MONDO_0004985	GCST001241	Genome-wide genotyping array
2011-10-19	21926972	Sklar P	2011-09-18	Nat Genet	www.ncbi.nlm.nih.gov/pubmed/21926972	Large-scale genome-wide association analysis of bipolar disorder identifies a new susceptibility locus near ODZ4.	Bipolar disorder	7,481 European ancestry cases, 9,250 European ancestry controls	4,496 European ancestry cases, 42,422 European ancestry controls	6q25.2	6	152469438	SYNE1	SYNE1			ENSG00000131018			rs9371601-T	rs9371601	0	9371601	intron_variant	0	NR	7E-7	6.154901959985743		1.1	[NR]	Affymetrix, Illumina [2415422] (imputed)	N	bipolar disorder	http://purl.obolibrary.org/obo/MONDO_0004985	GCST001241	Genome-wide genotyping array
2011-10-19	21926972	Sklar P	2011-09-18	Nat Genet	www.ncbi.nlm.nih.gov/pubmed/21926972	Large-scale genome-wide association analysis of bipolar disorder identifies a new susceptibility locus near ODZ4.	Bipolar disorder	7,481 European ancestry cases, 9,250 European ancestry controls	4,496 European ancestry cases, 42,422 European ancestry controls	3p21.1	3	52801338	PHF7, NT5DC2, MUSTN1, LOC440957, GNL3, GLYCTK, GLT8D1, DNAH1, BAP1, ALAS1, ITIH3, ITIH4, PRKCD, ITIH1, NEK4, PBRM1, WDR82, TWF2, TNNC1, TMEM110, TLR9, SPCS1, SNORD69, NISCH, STAB1, SNORD19, SNORD19B, SFMBT1, SEMA3G, RFT1, PPM1M	ITIH3			ENSG00000162267			rs736408-C	rs736408	0	736408	intron_variant	0	NR	2E-6	5.698970004336019		1.1	[NR]	Affymetrix, Illumina [2415422] (imputed)	N	bipolar disorder	http://purl.obolibrary.org/obo/MONDO_0004985	GCST001241	Genome-wide genotyping array
2011-10-19	21926972	Sklar P	2011-09-18	Nat Genet	www.ncbi.nlm.nih.gov/pubmed/21926972	Large-scale genome-wide association analysis of bipolar disorder identifies a new susceptibility locus near ODZ4.	Bipolar disorder	7,481 European ancestry cases, 9,250 European ancestry controls	4,496 European ancestry cases, 42,422 European ancestry controls	15q14	15	38694167	C15orf53	LINC02694			ENSG00000175779			rs12912251-G	rs12912251	0	12912251	intron_variant	0	NR	3E-6	5.522878745280337		1.1	[NR]	Affymetrix, Illumina [2415422] (imputed)	N	bipolar disorder	http://purl.obolibrary.org/obo/MONDO_0004985	GCST001241	Genome-wide genotyping array
2011-10-19	21926972	Sklar P	2011-09-18	Nat Genet	www.ncbi.nlm.nih.gov/pubmed/21926972	Large-scale genome-wide association analysis of bipolar disorder identifies a new susceptibility locus near ODZ4.	Bipolar disorder	7,481 European ancestry cases, 9,250 European ancestry controls	4,496 European ancestry cases, 42,422 European ancestry controls	7p22.3	7	1911173	MAD1L1	MAD1L1			ENSG00000002822			rs4332037-T	rs4332037	0	4332037	intron_variant	0	NR	7E-6	5.154901959985743		1.11	[NR]	Affymetrix, Illumina [2415422] (imputed)	N	bipolar disorder	http://purl.obolibrary.org/obo/MONDO_0004985	GCST001241	Genome-wide genotyping array
2011-10-19	21926972	Sklar P	2011-09-18	Nat Genet	www.ncbi.nlm.nih.gov/pubmed/21926972	Large-scale genome-wide association analysis of bipolar disorder identifies a new susceptibility locus near ODZ4.	Bipolar disorder	7,481 European ancestry cases, 9,250 European ancestry controls	4,496 European ancestry cases, 42,422 European ancestry controls	3p22.2	3	36822998	LBA1	LINC02033 - TRANK1	ENSG00000279727	ENSG00000168016		500	3819	rs6550435-G	rs6550435	0	6550435	intergenic_variant	1	NR	9E-6	5.045757490560675		1.09	[NR]	Affymetrix, Illumina [2415422] (imputed)	N	bipolar disorder	http://purl.obolibrary.org/obo/MONDO_0004985	GCST001241	Genome-wide genotyping array
2012-01-27	22182935	Chen DT	2011-12-20	Mol Psychiatry	www.ncbi.nlm.nih.gov/pubmed/22182935	Genome-wide association study meta-analysis of European and Asian-ancestry samples identifies three novel loci associated with bipolar disorder.	Bipolar disorder	5,568 European ancestry cases, 7,187 European ancestry controls, 1,000 Taiwanese ancestry cases, 1,000 Taiwanese ancestry controls	1,115 European ancestry cases, 2,728 European ancestry controls	1p31.1	1	78772330	PTGFR	IFI44 - ADGRL4	ENSG00000137965	ENSG00000162618		107918	117434	rs4650608-T	rs4650608	0	4650608	intergenic_variant	1	NR	8E-9	8.096910013008056				Affymetrix, Illumina [748555]	N	bipolar disorder	http://purl.obolibrary.org/obo/MONDO_0004985	GCST001358	Genome-wide genotyping array
2012-01-27	22182935	Chen DT	2011-12-20	Mol Psychiatry	www.ncbi.nlm.nih.gov/pubmed/22182935	Genome-wide association study meta-analysis of European and Asian-ancestry samples identifies three novel loci associated with bipolar disorder.	Bipolar disorder	5,568 European ancestry cases, 7,187 European ancestry controls, 1,000 Taiwanese ancestry cases, 1,000 Taiwanese ancestry controls	1,115 European ancestry cases, 2,728 European ancestry controls	2q11.2	2	96739703	LMAN2L	LMAN2L			ENSG00000114988			rs2271893-G	rs2271893	0	2271893	intron_variant	0	NR	2E-10	9.698970004336019				Affymetrix, Illumina [748555]	N	bipolar disorder	http://purl.obolibrary.org/obo/MONDO_0004985	GCST001358	Genome-wide genotyping array
2012-01-27	22182935	Chen DT	2011-12-20	Mol Psychiatry	www.ncbi.nlm.nih.gov/pubmed/22182935	Genome-wide association study meta-analysis of European and Asian-ancestry samples identifies three novel loci associated with bipolar disorder.	Bipolar disorder	5,568 European ancestry cases, 7,187 European ancestry controls, 1,000 Taiwanese ancestry cases, 1,000 Taiwanese ancestry controls	1,115 European ancestry cases, 2,728 European ancestry controls	3p21.2	3	52245578	intergenic	TWF2			ENSG00000247596			rs7618915-G	rs7618915	0	7618915	intron_variant	0	NR	3E-10	9.522878745280337				Affymetrix, Illumina [748555]	N	bipolar disorder	http://purl.obolibrary.org/obo/MONDO_0004985	GCST001358	Genome-wide genotyping array
2012-01-27	22182935	Chen DT	2011-12-20	Mol Psychiatry	www.ncbi.nlm.nih.gov/pubmed/22182935	Genome-wide association study meta-analysis of European and Asian-ancestry samples identifies three novel loci associated with bipolar disorder.	Bipolar disorder	5,568 European ancestry cases, 7,187 European ancestry controls, 1,000 Taiwanese ancestry cases, 1,000 Taiwanese ancestry controls	1,115 European ancestry cases, 2,728 European ancestry controls	3p22.2	3	36814539	TRANK1	HSPD1P6 - LINC02033	ENSG00000230067	ENSG00000279727		45740	4737	rs9834970-C	rs9834970	0	9834970	regulatory_region_variant	1	NR	1E-12	12.0				Affymetrix, Illumina [748555]	N	bipolar disorder	http://purl.obolibrary.org/obo/MONDO_0004985	GCST001358	Genome-wide genotyping array
2012-01-27	22182935	Chen DT	2011-12-20	Mol Psychiatry	www.ncbi.nlm.nih.gov/pubmed/22182935	Genome-wide association study meta-analysis of European and Asian-ancestry samples identifies three novel loci associated with bipolar disorder.	Bipolar disorder	5,568 European ancestry cases, 7,187 European ancestry controls, 1,000 Taiwanese ancestry cases, 1,000 Taiwanese ancestry controls	1,115 European ancestry cases, 2,728 European ancestry controls	10q21.2	10	60425736	ANK3	ANK3			ENSG00000151150			rs4948418-T	rs4948418	0	4948418	intron_variant	0	NR	4E-10	9.397940008672037				Affymetrix, Illumina [748555]	N	bipolar disorder	http://purl.obolibrary.org/obo/MONDO_0004985	GCST001358	Genome-wide genotyping array
2012-01-19	22205951	Kerner B	2011-12-21	PLoS One	www.ncbi.nlm.nih.gov/pubmed/22205951	Genome-wide association study in bipolar patients stratified by co-morbidity.	Bipolar disorder	1,000 European ancestry cases, 1,034 European ancestry controls	NA	6q27	6	165741969	RP11-252P19.1	PDE10A			ENSG00000112541			rs1039002-?	rs1039002	0	1039002	intron_variant	0	NR	2E-8	7.698970004336019	(Latent Class 1)			Affymetrix [728331]	N	bipolar disorder	http://purl.obolibrary.org/obo/MONDO_0004985	GCST001359	Genome-wide genotyping array
2012-01-19	22205951	Kerner B	2011-12-21	PLoS One	www.ncbi.nlm.nih.gov/pubmed/22205951	Genome-wide association study in bipolar patients stratified by co-morbidity.	Bipolar disorder	1,000 European ancestry cases, 1,034 European ancestry controls	NA	1q41	1	220484892	MARK1	LINC02779			ENSG00000231529			rs12563333-?	rs12563333	0	12563333	intron_variant	0	NR	6E-8	7.221848749616356	(Latent Class 1)			Affymetrix [728331]	N	bipolar disorder	http://purl.obolibrary.org/obo/MONDO_0004985	GCST001359	Genome-wide genotyping array
2012-01-19	22205951	Kerner B	2011-12-21	PLoS One	www.ncbi.nlm.nih.gov/pubmed/22205951	Genome-wide association study in bipolar patients stratified by co-morbidity.	Bipolar disorder	1,000 European ancestry cases, 1,034 European ancestry controls	NA	3p26.3	3	1856289	intergenic	RPL23AP39 - RPL21P17	ENSG00000214074	ENSG00000214073		125815	49362	rs2727943-?	rs2727943	0	2727943	intergenic_variant	1	NR	3E-8	7.522878745280337	(Latent Class 2)			Affymetrix [728331]	N	bipolar disorder	http://purl.obolibrary.org/obo/MONDO_0004985	GCST001359	Genome-wide genotyping array
2012-03-30	22365631	Greenwood TA	2012-02-22	Biol Psychiatry	www.ncbi.nlm.nih.gov/pubmed/22365631	Genome-wide association study of temperament in bipolar disorder reveals significant associations with three novel Loci.	Temperament (bipolar disorder)	1,263 European ancestry cases, 1,434 European ancestry controls	NA	12q15	12	68385633	MDM1	LINC02384			ENSG00000251301			rs416350-?	rs416350	0	416350	intron_variant	0	NR	4E-8	7.3979400086720375	(Hyperthymic)	2.1	[NR] unit increase	Affymetrix [703012]	N	behavior trait, personality trait	http://purl.obolibrary.org/obo/OBA_VT0010442, http://www.ebi.ac.uk/efo/EFO_0004365	GCST001419	Genome-wide genotyping array
2012-03-30	22365631	Greenwood TA	2012-02-22	Biol Psychiatry	www.ncbi.nlm.nih.gov/pubmed/22365631	Genome-wide association study of temperament in bipolar disorder reveals significant associations with three novel Loci.	Temperament (bipolar disorder)	1,263 European ancestry cases, 1,434 European ancestry controls	NA	13q31.1	13	84458192	SLITRK1	UBE2D3P4 - MTND4P1	ENSG00000224188	ENSG00000228597		437430	61911	rs17371334-?	rs17371334	0	17371334	intergenic_variant	1	NR	2E-6	5.698970004336019	(Cyclothymic)	1.05	[NR] unit decrease	Affymetrix [703012]	N	behavior trait, personality trait	http://purl.obolibrary.org/obo/OBA_VT0010442, http://www.ebi.ac.uk/efo/EFO_0004365	GCST001419	Genome-wide genotyping array
2012-03-30	22365631	Greenwood TA	2012-02-22	Biol Psychiatry	www.ncbi.nlm.nih.gov/pubmed/22365631	Genome-wide association study of temperament in bipolar disorder reveals significant associations with three novel Loci.	Temperament (bipolar disorder)	1,263 European ancestry cases, 1,434 European ancestry controls	NA	2p24.2	2	18062268	intergenic	KCNS3			ENSG00000170745			rs4075511-?	rs4075511	0	4075511	intergenic_variant	0	NR	3E-6	5.522878745280337	(Irritable)	0.93	[NR] unit decrease	Affymetrix [703012]	N	behavior trait, personality trait	http://purl.obolibrary.org/obo/OBA_VT0010442, http://www.ebi.ac.uk/efo/EFO_0004365	GCST001419	Genome-wide genotyping array
2012-03-30	22365631	Greenwood TA	2012-02-22	Biol Psychiatry	www.ncbi.nlm.nih.gov/pubmed/22365631	Genome-wide association study of temperament in bipolar disorder reveals significant associations with three novel Loci.	Temperament (bipolar disorder)	1,263 European ancestry cases, 1,434 European ancestry controls	NA	4p15.32	4	17133720	intergenic	MTND5P4 - LINC02493	ENSG00000251212	ENSG00000250819		71555	38037	rs4698169-?	rs4698169	0	4698169	intergenic_variant	1	NR	2E-6	5.698970004336019	(Anxious)	2.11	[NR] unit increase	Affymetrix [703012]	N	behavior trait, personality trait	http://purl.obolibrary.org/obo/OBA_VT0010442, http://www.ebi.ac.uk/efo/EFO_0004365	GCST001419	Genome-wide genotyping array
2012-03-30	22365631	Greenwood TA	2012-02-22	Biol Psychiatry	www.ncbi.nlm.nih.gov/pubmed/22365631	Genome-wide association study of temperament in bipolar disorder reveals significant associations with three novel Loci.	Temperament (bipolar disorder)	1,263 European ancestry cases, 1,434 European ancestry controls	NA	12q23.3	12	108209193	WSCD2	WSCD2			ENSG00000075035			rs7313402-?	rs7313402	0	7313402	intron_variant	0	NR	8E-6	5.096910013008056	(Anxious)	1.13	[NR] unit increase	Affymetrix [703012]	N	behavior trait, personality trait	http://purl.obolibrary.org/obo/OBA_VT0010442, http://www.ebi.ac.uk/efo/EFO_0004365	GCST001419	Genome-wide genotyping array
2012-03-30	22365631	Greenwood TA	2012-02-22	Biol Psychiatry	www.ncbi.nlm.nih.gov/pubmed/22365631	Genome-wide association study of temperament in bipolar disorder reveals significant associations with three novel Loci.	Temperament (bipolar disorder)	1,263 European ancestry cases, 1,434 European ancestry controls	NA	22q13.31	22	45566024	FBLN1	FBLN1			ENSG00000077942			rs1985671-?	rs1985671	0	1985671	intron_variant	0	NR	2E-8	7.698970004336019	(Hyperthymic)	1.06	[NR] unit decrease	Affymetrix [703012]	N	behavior trait, personality trait	http://purl.obolibrary.org/obo/OBA_VT0010442, http://www.ebi.ac.uk/efo/EFO_0004365	GCST001419	Genome-wide genotyping array
2012-03-30	22365631	Greenwood TA	2012-02-22	Biol Psychiatry	www.ncbi.nlm.nih.gov/pubmed/22365631	Genome-wide association study of temperament in bipolar disorder reveals significant associations with three novel Loci.	Temperament (bipolar disorder)	1,263 European ancestry cases, 1,434 European ancestry controls	NA	1q32.3	1	211981666	INTS7	INTS7			ENSG00000143493			rs17018311-?	rs17018311	0	17018311	intron_variant	0	NR	2E-8	7.698970004336019	(Irritable)	4.21	[NR] unit increase	Affymetrix [703012]	N	behavior trait, personality trait	http://purl.obolibrary.org/obo/OBA_VT0010442, http://www.ebi.ac.uk/efo/EFO_0004365	GCST001419	Genome-wide genotyping array
2012-03-30	22365631	Greenwood TA	2012-02-22	Biol Psychiatry	www.ncbi.nlm.nih.gov/pubmed/22365631	Genome-wide association study of temperament in bipolar disorder reveals significant associations with three novel Loci.	Temperament (bipolar disorder)	1,263 European ancestry cases, 1,434 European ancestry controls	NA	3p24.3	3	20179220	SGOL1	SGO1, SGO1-AS1			ENSG00000129810, ENSG00000231304			rs6767049-?	rs6767049	0	6767049	intron_variant	0	NR	2E-6	5.698970004336019	(Dysthymic)	0.77	[NR] unit decrease	Affymetrix [703012]	N	behavior trait, personality trait	http://purl.obolibrary.org/obo/OBA_VT0010442, http://www.ebi.ac.uk/efo/EFO_0004365	GCST001419	Genome-wide genotyping array
2012-03-30	22365631	Greenwood TA	2012-02-22	Biol Psychiatry	www.ncbi.nlm.nih.gov/pubmed/22365631	Genome-wide association study of temperament in bipolar disorder reveals significant associations with three novel Loci.	Temperament (bipolar disorder)	1,263 European ancestry cases, 1,434 European ancestry controls	NA	4q34.2	4	175740936	GPM6A	GPM6A			ENSG00000150625			rs17599018-?	rs17599018	0	17599018	intron_variant	0	NR	2E-6	5.698970004336019	(Dysthymic)	0.98	[NR] unit increase	Affymetrix [703012]	N	behavior trait, personality trait	http://purl.obolibrary.org/obo/OBA_VT0010442, http://www.ebi.ac.uk/efo/EFO_0004365	GCST001419	Genome-wide genotyping array
2012-03-30	22365631	Greenwood TA	2012-02-22	Biol Psychiatry	www.ncbi.nlm.nih.gov/pubmed/22365631	Genome-wide association study of temperament in bipolar disorder reveals significant associations with three novel Loci.	Temperament (bipolar disorder)	1,263 European ancestry cases, 1,434 European ancestry controls	NA	11p12	11	39887112	LRRC4C	RNU6-99P - LRRC4C	ENSG00000201591	ENSG00000148948		625899	226362	rs11035577-?	rs11035577	0	11035577	intergenic_variant	1	NR	6E-6	5.221848749616356	(Dysthymic)	1.03	[NR] unit decrease	Affymetrix [703012]	N	behavior trait, personality trait	http://purl.obolibrary.org/obo/OBA_VT0010442, http://www.ebi.ac.uk/efo/EFO_0004365	GCST001419	Genome-wide genotyping array
2012-03-30	22365631	Greenwood TA	2012-02-22	Biol Psychiatry	www.ncbi.nlm.nih.gov/pubmed/22365631	Genome-wide association study of temperament in bipolar disorder reveals significant associations with three novel Loci.	Temperament (bipolar disorder)	1,263 European ancestry cases, 1,434 European ancestry controls	NA	12q14.1	12	59046451	intergenic	LRIG3-DT			ENSG00000257443			rs17121944-?	rs17121944	0	17121944	intron_variant	0	NR	4E-6	5.3979400086720375	(Dysthymic)	2.66	[NR] unit increase	Affymetrix [703012]	N	behavior trait, personality trait	http://purl.obolibrary.org/obo/OBA_VT0010442, http://www.ebi.ac.uk/efo/EFO_0004365	GCST001419	Genome-wide genotyping array
2012-03-30	22365631	Greenwood TA	2012-02-22	Biol Psychiatry	www.ncbi.nlm.nih.gov/pubmed/22365631	Genome-wide association study of temperament in bipolar disorder reveals significant associations with three novel Loci.	Temperament (bipolar disorder)	1,263 European ancestry cases, 1,434 European ancestry controls	NA	18q12.1	18	29026683	CDH2	ARIH2P1 - RNU6-408P	ENSG00000266296	ENSG00000251719		373475	21937	rs2155929-?	rs2155929	0	2155929	intergenic_variant	1	NR	5E-6	5.301029995663981	(Dysthymic)	1.01	[NR] unit increase	Affymetrix [703012]	N	behavior trait, personality trait	http://purl.obolibrary.org/obo/OBA_VT0010442, http://www.ebi.ac.uk/efo/EFO_0004365	GCST001419	Genome-wide genotyping array
2012-03-30	22365631	Greenwood TA	2012-02-22	Biol Psychiatry	www.ncbi.nlm.nih.gov/pubmed/22365631	Genome-wide association study of temperament in bipolar disorder reveals significant associations with three novel Loci.	Temperament (bipolar disorder)	1,263 European ancestry cases, 1,434 European ancestry controls	NA	21q22.2	21	39197853	BRWD1	BRWD1			ENSG00000185658			rs2150410-?	rs2150410	0	2150410	intron_variant	0	NR	4E-6	5.3979400086720375	(Hyperthymic)	1.69	[NR] unit decrease	Affymetrix [703012]	N	behavior trait, personality trait	http://purl.obolibrary.org/obo/OBA_VT0010442, http://www.ebi.ac.uk/efo/EFO_0004365	GCST001419	Genome-wide genotyping array
2008-06-16	17486107	Baum AE	2007-05-08	Mol Psychiatry	www.ncbi.nlm.nih.gov/pubmed/17486107	A genome-wide association study implicates diacylglycerol kinase eta (DGKH) and several other genes in the etiology of bipolar disorder.	Bipolar disorder	461 European ancestry cases, 563 European ancestry controls	772 European ancestry cases, 876 European ancestry controls	13q14.11	13	42079301	DGKH	DGKH			ENSG00000102780			rs1012053-A	rs1012053	0	1012053	intron_variant	0	0.84	2E-8	7.698970004336019		1.59	[1.35-1.87]	Illumina [555235]	N	bipolar disorder	http://purl.obolibrary.org/obo/MONDO_0004985	GCST000033	Genome-wide genotyping array
2008-06-16	17554300	Wellcome Trust Case Control Consortium	2007-06-07	Nature	www.ncbi.nlm.nih.gov/pubmed/17554300	Genome-wide association study of 14,000 cases of seven common diseases and 3,000 shared controls.	Bipolar disorder	1,868 European ancestry cases, 2,938 European ancestry controls	NA	6p21.1	6	42763377	NR	TBCC - BICRAL	ENSG00000124659	ENSG00000112624		17274	18554	rs6458307-?	rs6458307	0	6458307	intergenic_variant	1	0.69	4E-6	5.3979400086720375		1.19	[1.04-1.33]	Affymetrix [469557]	N	bipolar disorder	http://purl.obolibrary.org/obo/MONDO_0004985	GCST000044	Genome-wide genotyping array
2008-06-16	17554300	Wellcome Trust Case Control Consortium	2007-06-07	Nature	www.ncbi.nlm.nih.gov/pubmed/17554300	Genome-wide association study of 14,000 cases of seven common diseases and 3,000 shared controls.	Bipolar disorder	1,868 European ancestry cases, 2,938 European ancestry controls	NA	3q27.1	3	183152030	NR	LAMP3			ENSG00000078081			rs683395-G	rs683395	0	683395	intron_variant	0	0.08	5E-6	5.301029995663981		1.47	[1.26-1.71]	Affymetrix [469557]	N	bipolar disorder	http://purl.obolibrary.org/obo/MONDO_0004985	GCST000044	Genome-wide genotyping array
2008-06-16	17554300	Wellcome Trust Case Control Consortium	2007-06-07	Nature	www.ncbi.nlm.nih.gov/pubmed/17554300	Genome-wide association study of 14,000 cases of seven common diseases and 3,000 shared controls.	Bipolar disorder	1,868 European ancestry cases, 2,938 European ancestry controls	NA	2q37.3	2	240576179	NR	RNPEPL1			ENSG00000142327			rs2953145-C	rs2953145	0	2953145	intron_variant	0	0.23	7E-6	5.154901959985743		1.84	[1.31-2.58]	Affymetrix [469557]	N	bipolar disorder	http://purl.obolibrary.org/obo/MONDO_0004985	GCST000044	Genome-wide genotyping array
2008-06-16	17554300	Wellcome Trust Case Control Consortium	2007-06-07	Nature	www.ncbi.nlm.nih.gov/pubmed/17554300	Genome-wide association study of 14,000 cases of seven common diseases and 3,000 shared controls.	Bipolar disorder	1,868 European ancestry cases, 2,938 European ancestry controls	NA	16p12.2	16	23622705	DCTN5, PALB2, NDUFAB1	PALB2-AS1, PALB2			ENSG00000261723, ENSG00000083093			rs420259-A	rs420259	0	420259	intron_variant	0	0.72	6E-8	7.221848749616356		2.08	[1.60-2.71]	Affymetrix [469557]	N	bipolar disorder	http://purl.obolibrary.org/obo/MONDO_0004985	GCST000044	Genome-wide genotyping array
2008-06-16	17554300	Wellcome Trust Case Control Consortium	2007-06-07	Nature	www.ncbi.nlm.nih.gov/pubmed/17554300	Genome-wide association study of 14,000 cases of seven common diseases and 3,000 shared controls.	Bipolar disorder	1,868 European ancestry cases, 2,938 European ancestry controls	NA	20p13	20	3795528	NR	CDC25B			ENSG00000101224			rs3761218-C	rs3761218	0	3761218	intron_variant	0	0.64	7E-6	5.154901959985743		1.03	[1.15-1.23]	Affymetrix [469557]	N	bipolar disorder	http://purl.obolibrary.org/obo/MONDO_0004985	GCST000044	Genome-wide genotyping array
2008-06-16	17554300	Wellcome Trust Case Control Consortium	2007-06-07	Nature	www.ncbi.nlm.nih.gov/pubmed/17554300	Genome-wide association study of 14,000 cases of seven common diseases and 3,000 shared controls.	Bipolar disorder	1,868 European ancestry cases, 2,938 European ancestry controls	NA	14q23.1	14	57652478	NR	SLC35F4			ENSG00000151812			rs10134944-T	rs10134944	0	10134944	intron_variant	0	0.09	7E-6	5.154901959985743		1.45	[1.24-1.68]	Affymetrix [469557]	N	bipolar disorder	http://purl.obolibrary.org/obo/MONDO_0004985	GCST000044	Genome-wide genotyping array
2008-06-16	17554300	Wellcome Trust Case Control Consortium	2007-06-07	Nature	www.ncbi.nlm.nih.gov/pubmed/17554300	Genome-wide association study of 14,000 cases of seven common diseases and 3,000 shared controls.	Bipolar disorder	1,868 European ancestry cases, 2,938 European ancestry controls	NA	14q32.33	14	104042739	NR	TDRD9			ENSG00000156414			rs11622475-C	rs11622475	0	11622475	intron_variant	0	0.70	8E-6	5.096910013008056		1.13	[0.89-1.44]	Affymetrix [469557]	N	bipolar disorder	http://purl.obolibrary.org/obo/MONDO_0004985	GCST000044	Genome-wide genotyping array
2008-09-12	18711365	Ferreira MA	2008-08-17	Nat Genet	www.ncbi.nlm.nih.gov/pubmed/18711365	Collaborative genome-wide association analysis supports a role for ANK3 and CACNA1C in bipolar disorder.	Bipolar disorder	4,387 European ancestry cases, 6,209 European ancestry controls	NA	11q14.1	11	79372576	NR	TENM4			ENSG00000149256			rs12290811-A	rs12290811	0	12290811	intron_variant	0	0.15	4E-6	5.3979400086720375		1.2	[NR]	Affymetrix [1769948] (imputed)	N	bipolar disorder	http://purl.obolibrary.org/obo/MONDO_0004985	GCST000220	Genome-wide genotyping array
2008-09-12	18711365	Ferreira MA	2008-08-17	Nat Genet	www.ncbi.nlm.nih.gov/pubmed/18711365	Collaborative genome-wide association analysis supports a role for ANK3 and CACNA1C in bipolar disorder.	Bipolar disorder	4,387 European ancestry cases, 6,209 European ancestry controls	NA	10q21.2	10	60420054	ANK3	ANK3			ENSG00000151150			rs10994336-T	rs10994336	0	10994336	intron_variant	0	0.05	9E-9	8.045757490560675		1.45	[NR]	Affymetrix [1769948] (imputed)	N	bipolar disorder	http://purl.obolibrary.org/obo/MONDO_0004985	GCST000220	Genome-wide genotyping array
2008-09-12	18711365	Ferreira MA	2008-08-17	Nat Genet	www.ncbi.nlm.nih.gov/pubmed/18711365	Collaborative genome-wide association analysis supports a role for ANK3 and CACNA1C in bipolar disorder.	Bipolar disorder	4,387 European ancestry cases, 6,209 European ancestry controls	NA	2q11.2	2	96747751	intergenic	LMAN2L - CNNM4	ENSG00000114988	ENSG00000158158		7667	13147	rs2314398-?	rs2314398	0	2314398	intron_variant	1	0.69	3E-6	5.522878745280337		1.17	[NR]	Affymetrix [1769948] (imputed)	N	bipolar disorder	http://purl.obolibrary.org/obo/MONDO_0004985	GCST000220	Genome-wide genotyping array
2008-09-12	18711365	Ferreira MA	2008-08-17	Nat Genet	www.ncbi.nlm.nih.gov/pubmed/18711365	Collaborative genome-wide association analysis supports a role for ANK3 and CACNA1C in bipolar disorder.	Bipolar disorder	4,387 European ancestry cases, 6,209 European ancestry controls	NA	3p24.3	3	21207150	NR	SGO1-AS1 - VENTXP7	ENSG00000231304	ENSG00000236380		38254	198587	rs11720452-?	rs11720452	0	11720452	intron_variant	1	0.58	5E-6	5.301029995663981		1.15	[NR]	Affymetrix [1769948] (imputed)	N	bipolar disorder	http://purl.obolibrary.org/obo/MONDO_0004985	GCST000220	Genome-wide genotyping array
2008-09-12	18711365	Ferreira MA	2008-08-17	Nat Genet	www.ncbi.nlm.nih.gov/pubmed/18711365	Collaborative genome-wide association analysis supports a role for ANK3 and CACNA1C in bipolar disorder.	Bipolar disorder	4,387 European ancestry cases, 6,209 European ancestry controls	NA	15q14	15	38703290	C15orf53, RASGRP1	LINC02694			ENSG00000175779			rs12899449-?	rs12899449	0	12899449	intron_variant	0	0.72	4E-7	6.3979400086720375		1.2	[NR]	Affymetrix [1769948] (imputed)	N	bipolar disorder	http://purl.obolibrary.org/obo/MONDO_0004985	GCST000220	Genome-wide genotyping array
2008-09-12	18711365	Ferreira MA	2008-08-17	Nat Genet	www.ncbi.nlm.nih.gov/pubmed/18711365	Collaborative genome-wide association analysis supports a role for ANK3 and CACNA1C in bipolar disorder.	Bipolar disorder	4,387 European ancestry cases, 6,209 European ancestry controls	NA	14q13.1	14	33011716	NR	NPAS3			ENSG00000151322			rs8015959-T	rs8015959	0	8015959	intron_variant	0	0.02	5E-6	5.301029995663981		1.59	[NR]	Affymetrix [1769948] (imputed)	N	bipolar disorder	http://purl.obolibrary.org/obo/MONDO_0004985	GCST000220	Genome-wide genotyping array
2008-09-12	18711365	Ferreira MA	2008-08-17	Nat Genet	www.ncbi.nlm.nih.gov/pubmed/18711365	Collaborative genome-wide association analysis supports a role for ANK3 and CACNA1C in bipolar disorder.	Bipolar disorder	4,387 European ancestry cases, 6,209 European ancestry controls	NA	3p26.2	3	3617156	NR	CRBN - SUMF1	ENSG00000113851	ENSG00000144455		437429	83658	rs1601875-?	rs1601875	0	1601875	intron_variant	1	0.50	7E-6	5.154901959985743		1.14	[NR]	Affymetrix [1769948] (imputed)	N	bipolar disorder	http://purl.obolibrary.org/obo/MONDO_0004985	GCST000220	Genome-wide genotyping array
2008-09-12	18711365	Ferreira MA	2008-08-17	Nat Genet	www.ncbi.nlm.nih.gov/pubmed/18711365	Collaborative genome-wide association analysis supports a role for ANK3 and CACNA1C in bipolar disorder.	Bipolar disorder	4,387 European ancestry cases, 6,209 European ancestry controls	NA	9q33.3	9	127345685	NR	GARNL3			ENSG00000136895			rs4130590-?	rs4130590	0	4130590	intron_variant	0	0.56	3E-6	5.522878745280337		1.16	[NR]	Affymetrix [1769948] (imputed)	N	bipolar disorder	http://purl.obolibrary.org/obo/MONDO_0004985	GCST000220	Genome-wide genotyping array
2008-09-12	18711365	Ferreira MA	2008-08-17	Nat Genet	www.ncbi.nlm.nih.gov/pubmed/18711365	Collaborative genome-wide association analysis supports a role for ANK3 and CACNA1C in bipolar disorder.	Bipolar disorder	4,387 European ancestry cases, 6,209 European ancestry controls	NA	15q14	15	38219782	NR	LINC02895			ENSG00000259380			rs16966460-G	rs16966460	0	16966460	intergenic_variant	0	0.10	4E-6	5.3979400086720375		1.26	[NR]	Affymetrix [1769948] (imputed)	N	bipolar disorder	http://purl.obolibrary.org/obo/MONDO_0004985	GCST000220	Genome-wide genotyping array
2008-09-12	18711365	Ferreira MA	2008-08-17	Nat Genet	www.ncbi.nlm.nih.gov/pubmed/18711365	Collaborative genome-wide association analysis supports a role for ANK3 and CACNA1C in bipolar disorder.	Bipolar disorder	4,387 European ancestry cases, 6,209 European ancestry controls	NA	14q11.2	14	23912306	NR	RN7SKP205 - LINC00596	ENSG00000222931	ENSG00000259334		120070	9941	rs12436436-C	rs12436436	0	12436436	intergenic_variant	1	0.08	5E-6	5.301029995663981		1.3	[NR]	Affymetrix [1769948] (imputed)	N	bipolar disorder	http://purl.obolibrary.org/obo/MONDO_0004985	GCST000220	Genome-wide genotyping array
2008-09-12	18711365	Ferreira MA	2008-08-17	Nat Genet	www.ncbi.nlm.nih.gov/pubmed/18711365	Collaborative genome-wide association analysis supports a role for ANK3 and CACNA1C in bipolar disorder.	Bipolar disorder	4,387 European ancestry cases, 6,209 European ancestry controls	NA	3p22.3	3	32288005	NR	CMTM8			ENSG00000170293			rs4380451-?	rs4380451	0	4380451	intron_variant	0	0.73	4E-6	5.3979400086720375		1.18	[NR]	Affymetrix [1769948] (imputed)	N	bipolar disorder	http://purl.obolibrary.org/obo/MONDO_0004985	GCST000220	Genome-wide genotyping array
2008-09-12	18711365	Ferreira MA	2008-08-17	Nat Genet	www.ncbi.nlm.nih.gov/pubmed/18711365	Collaborative genome-wide association analysis supports a role for ANK3 and CACNA1C in bipolar disorder.	Bipolar disorder	4,387 European ancestry cases, 6,209 European ancestry controls	NA	9p13.3	9	33799372	NR	UBE2R2-AS1			ENSG00000235481			rs216345-T	rs216345	0	216345	intron_variant	0	0.37	4E-6	5.3979400086720375		1.15	[NR]	Affymetrix [1769948] (imputed)	N	bipolar disorder	http://purl.obolibrary.org/obo/MONDO_0004985	GCST000220	Genome-wide genotyping array
2008-09-12	18711365	Ferreira MA	2008-08-17	Nat Genet	www.ncbi.nlm.nih.gov/pubmed/18711365	Collaborative genome-wide association analysis supports a role for ANK3 and CACNA1C in bipolar disorder.	Bipolar disorder	4,387 European ancestry cases, 6,209 European ancestry controls	NA	3p24.3	3	21664877	NR	ZNF385D			ENSG00000151789			rs3821396-A	rs3821396	0	3821396	intron_variant	0	0.11	5E-6	5.301029995663981		1.23	[NR]	Affymetrix [1769948] (imputed)	N	bipolar disorder	http://purl.obolibrary.org/obo/MONDO_0004985	GCST000220	Genome-wide genotyping array
2008-09-12	18711365	Ferreira MA	2008-08-17	Nat Genet	www.ncbi.nlm.nih.gov/pubmed/18711365	Collaborative genome-wide association analysis supports a role for ANK3 and CACNA1C in bipolar disorder.	Bipolar disorder	4,387 European ancestry cases, 6,209 European ancestry controls	NA	1p21.2	1	101472921	NR	LINC01307 - LINC01709	ENSG00000231671	ENSG00000226715		82618	166588	rs1948368-?	rs1948368	0	1948368	intergenic_variant	1	0.51	6E-6	5.221848749616356		1.15	[NR]	Affymetrix [1769948] (imputed)	N	bipolar disorder	http://purl.obolibrary.org/obo/MONDO_0004985	GCST000220	Genome-wide genotyping array
2008-09-12	18711365	Ferreira MA	2008-08-17	Nat Genet	www.ncbi.nlm.nih.gov/pubmed/18711365	Collaborative genome-wide association analysis supports a role for ANK3 and CACNA1C in bipolar disorder.	Bipolar disorder	4,387 European ancestry cases, 6,209 European ancestry controls	NA	11q24.2	11	124668099	NR	SIAE			ENSG00000110013			rs544368-T	rs544368	0	544368	intron_variant	0	0.12	6E-6	5.221848749616356		1.22	[NR]	Affymetrix [1769948] (imputed)	N	bipolar disorder	http://purl.obolibrary.org/obo/MONDO_0004985	GCST000220	Genome-wide genotyping array
2008-09-12	18711365	Ferreira MA	2008-08-17	Nat Genet	www.ncbi.nlm.nih.gov/pubmed/18711365	Collaborative genome-wide association analysis supports a role for ANK3 and CACNA1C in bipolar disorder.	Bipolar disorder	4,387 European ancestry cases, 6,209 European ancestry controls	NA	15q25.1	15	80402580	NR	ARNT2-DT			ENSG00000259495			rs2278702-?	rs2278702	0	2278702	intron_variant	0	0.83	6E-6	5.221848749616356		1.21	[NR]	Affymetrix [1769948] (imputed)	N	bipolar disorder	http://purl.obolibrary.org/obo/MONDO_0004985	GCST000220	Genome-wide genotyping array
2008-09-12	18711365	Ferreira MA	2008-08-17	Nat Genet	www.ncbi.nlm.nih.gov/pubmed/18711365	Collaborative genome-wide association analysis supports a role for ANK3 and CACNA1C in bipolar disorder.	Bipolar disorder	4,387 European ancestry cases, 6,209 European ancestry controls	NA	18p11.32	18	278796	NR	THOC1-DT			ENSG00000263884			rs7226677-G	rs7226677	0	7226677	intron_variant	0	0.12	7E-6	5.154901959985743		1.24	[NR]	Affymetrix [1769948] (imputed)	N	bipolar disorder	http://purl.obolibrary.org/obo/MONDO_0004985	GCST000220	Genome-wide genotyping array
2008-09-12	18711365	Ferreira MA	2008-08-17	Nat Genet	www.ncbi.nlm.nih.gov/pubmed/18711365	Collaborative genome-wide association analysis supports a role for ANK3 and CACNA1C in bipolar disorder.	Bipolar disorder	4,387 European ancestry cases, 6,209 European ancestry controls	NA	10q22.3	10	79195310	NR	ZMIZ1			ENSG00000108175			rs703965-?	rs703965	0	703965	intron_variant	0	0.54	8E-6	5.096910013008056		1.15	[NR]	Affymetrix [1769948] (imputed)	N	bipolar disorder	http://purl.obolibrary.org/obo/MONDO_0004985	GCST000220	Genome-wide genotyping array
2008-09-12	18711365	Ferreira MA	2008-08-17	Nat Genet	www.ncbi.nlm.nih.gov/pubmed/18711365	Collaborative genome-wide association analysis supports a role for ANK3 and CACNA1C in bipolar disorder.	Bipolar disorder	4,387 European ancestry cases, 6,209 European ancestry controls	NA	12p13.33	12	2236129	CACNA1C	CACNA1C			ENSG00000151067			rs1006737-A	rs1006737	0	1006737	intron_variant	0	0.32	7E-8	7.154901959985743		1.18	[NR]	Affymetrix [1769948] (imputed)	N	bipolar disorder	http://purl.obolibrary.org/obo/MONDO_0004985	GCST000220	Genome-wide genotyping array
2008-09-12	18711365	Ferreira MA	2008-08-17	Nat Genet	www.ncbi.nlm.nih.gov/pubmed/18711365	Collaborative genome-wide association analysis supports a role for ANK3 and CACNA1C in bipolar disorder.	Bipolar disorder	4,387 European ancestry cases, 6,209 European ancestry controls	NA	6q25.2	6	152417619	NR	SYNE1			ENSG00000131018			rs17082664-G	rs17082664	0	17082664	intron_variant	0	0.13	4E-6	5.3979400086720375		1.22	[NR]	Affymetrix [1769948] (imputed)	N	bipolar disorder	http://purl.obolibrary.org/obo/MONDO_0004985	GCST000220	Genome-wide genotyping array
2008-09-12	18711365	Ferreira MA	2008-08-17	Nat Genet	www.ncbi.nlm.nih.gov/pubmed/18711365	Collaborative genome-wide association analysis supports a role for ANK3 and CACNA1C in bipolar disorder.	Bipolar disorder	4,387 European ancestry cases, 6,209 European ancestry controls	NA	9q31.3	9	110434983	NR	SVEP1			ENSG00000165124			rs7042161-?	rs7042161	0	7042161	intron_variant	0	0.65	6E-6	5.221848749616356		1.15	[NR]	Affymetrix [1769948] (imputed)	N	bipolar disorder	http://purl.obolibrary.org/obo/MONDO_0004985	GCST000220	Genome-wide genotyping array
2009-05-14	19416921	Scott LJ	2009-05-05	Proc Natl Acad Sci U S A	www.ncbi.nlm.nih.gov/pubmed/19416921	Genome-wide association and meta-analysis of bipolar disorder in individuals of European ancestry.	Bipolar disorder	3,683 European ancestry cases, 14,507 European ancestry controls	NA	1p32.1	1	60629886	NF1A	LINC01748			ENSG00000226476			rs472913-C	rs472913	0	472913	intergenic_variant	0	0.50	2E-7	6.698970004336019		1.18	[1.11-1.25]	Affymetrix, Illumina [2366197] (imputed)	N	bipolar disorder	http://purl.obolibrary.org/obo/MONDO_0004985	GCST000387	Genome-wide genotyping array
2009-05-14	19416921	Scott LJ	2009-05-05	Proc Natl Acad Sci U S A	www.ncbi.nlm.nih.gov/pubmed/19416921	Genome-wide association and meta-analysis of bipolar disorder in individuals of European ancestry.	Bipolar disorder	3,683 European ancestry cases, 14,507 European ancestry controls	NA	8p12	8	34269430	NR	RPL6P22 - RPL10AP3	ENSG00000240738	ENSG00000215264		409207	53562	rs6990255-T	rs6990255	0	6990255	intron_variant	1	0.95	6E-6	5.221848749616356		1.33	[1.18-1.51]	Affymetrix, Illumina [2366197] (imputed)	N	bipolar disorder	http://purl.obolibrary.org/obo/MONDO_0004985	GCST000387	Genome-wide genotyping array
2009-05-14	19416921	Scott LJ	2009-05-05	Proc Natl Acad Sci U S A	www.ncbi.nlm.nih.gov/pubmed/19416921	Genome-wide association and meta-analysis of bipolar disorder in individuals of European ancestry.	Bipolar disorder	3,683 European ancestry cases, 14,507 European ancestry controls	NA	9q34.13	9	132969648	NR	GFI1B			ENSG00000165702			rs2905072-A	rs2905072	0	2905072	intergenic_variant	0	0.77	6E-6	5.221848749616356		1.21	[1.11-1.32]	Affymetrix, Illumina [2366197] (imputed)	N	bipolar disorder	http://purl.obolibrary.org/obo/MONDO_0004985	GCST000387	Genome-wide genotyping array
2009-05-14	19416921	Scott LJ	2009-05-05	Proc Natl Acad Sci U S A	www.ncbi.nlm.nih.gov/pubmed/19416921	Genome-wide association and meta-analysis of bipolar disorder in individuals of European ancestry.	Bipolar disorder	3,683 European ancestry cases, 14,507 European ancestry controls	NA	17q21.33	17	49486650	NR	ZNF652-AS1 - NGFR	ENSG00000248714	ENSG00000064300		9662	8643	rs1035050-T	rs1035050	0	1035050	regulatory_region_variant	1	0.40	9E-6	5.045757490560675		1.17	[1.09-1.25]	Affymetrix, Illumina [2366197] (imputed)	N	bipolar disorder	http://purl.obolibrary.org/obo/MONDO_0004985	GCST000387	Genome-wide genotyping array
2009-05-14	19416921	Scott LJ	2009-05-05	Proc Natl Acad Sci U S A	www.ncbi.nlm.nih.gov/pubmed/19416921	Genome-wide association and meta-analysis of bipolar disorder in individuals of European ancestry.	Bipolar disorder	3,683 European ancestry cases, 14,507 European ancestry controls	NA	19p13.3	19	1811604	NR	ATP8B3			ENSG00000130270			rs7250872-T	rs7250872	0	7250872	missense_variant	0	0.69	2E-6	5.698970004336019		1.21	[1.12-1.31]	Affymetrix, Illumina [2366197] (imputed)	N	bipolar disorder	http://purl.obolibrary.org/obo/MONDO_0004985	GCST000387	Genome-wide genotyping array
2009-05-14	19416921	Scott LJ	2009-05-05	Proc Natl Acad Sci U S A	www.ncbi.nlm.nih.gov/pubmed/19416921	Genome-wide association and meta-analysis of bipolar disorder in individuals of European ancestry.	Bipolar disorder	3,683 European ancestry cases, 14,507 European ancestry controls	NA	2q11.2	2	98849039	intergenic	CRACDL			ENSG00000196872			rs6733011-G	rs6733011	0	6733011	intron_variant	0	0.46	3E-6	5.522878745280337		1.17	[1.10-1.25]	Affymetrix, Illumina [2366197] (imputed)	N	bipolar disorder	http://purl.obolibrary.org/obo/MONDO_0004985	GCST000387	Genome-wide genotyping array
2009-05-14	19416921	Scott LJ	2009-05-05	Proc Natl Acad Sci U S A	www.ncbi.nlm.nih.gov/pubmed/19416921	Genome-wide association and meta-analysis of bipolar disorder in individuals of European ancestry.	Bipolar disorder	3,683 European ancestry cases, 14,507 European ancestry controls	NA	3p21.1	3	52786995	ITIH1, NEK4	ITIH1			ENSG00000055957			rs1042779-A	rs1042779	0	1042779	missense_variant	0	0.63	2E-7	6.698970004336019		1.19	[1.11-1.27]	Affymetrix, Illumina [2366197] (imputed)	N	bipolar disorder	http://purl.obolibrary.org/obo/MONDO_0004985	GCST000387	Genome-wide genotyping array
2009-05-14	19416921	Scott LJ	2009-05-05	Proc Natl Acad Sci U S A	www.ncbi.nlm.nih.gov/pubmed/19416921	Genome-wide association and meta-analysis of bipolar disorder in individuals of European ancestry.	Bipolar disorder	3,683 European ancestry cases, 14,507 European ancestry controls	NA	3q26.1	3	164044176	NR	NGRNP1 - MIR1263	ENSG00000214210	ENSG00000221251		41711	127295	rs7427021-G	rs7427021	0	7427021	intron_variant	1	0.56	5E-6	5.301029995663981		1.16	[1.09-1.24]	Affymetrix, Illumina [2366197] (imputed)	N	bipolar disorder	http://purl.obolibrary.org/obo/MONDO_0004985	GCST000387	Genome-wide genotyping array
2009-05-14	19416921	Scott LJ	2009-05-05	Proc Natl Acad Sci U S A	www.ncbi.nlm.nih.gov/pubmed/19416921	Genome-wide association and meta-analysis of bipolar disorder in individuals of European ancestry.	Bipolar disorder	3,683 European ancestry cases, 14,507 European ancestry controls	NA	5q15	5	94818883	MCTP1	MCTP1			ENSG00000175471			rs17418283-C	rs17418283	0	17418283	intron_variant	0	0.28	1E-7	7.0		1.21	[1.13-1.30]	Affymetrix, Illumina [2366197] (imputed)	N	bipolar disorder	http://purl.obolibrary.org/obo/MONDO_0004985	GCST000387	Genome-wide genotyping array
2009-05-14	19416921	Scott LJ	2009-05-05	Proc Natl Acad Sci U S A	www.ncbi.nlm.nih.gov/pubmed/19416921	Genome-wide association and meta-analysis of bipolar disorder in individuals of European ancestry.	Bipolar disorder	3,683 European ancestry cases, 14,507 European ancestry controls	NA	15q23	15	70188275	NR	TLE3 - RNU6-745P	ENSG00000140332	ENSG00000200216		90099	4961	rs6494849-A	rs6494849	0	6494849	intergenic_variant	1	0.12	7E-6	5.154901959985743		1.23	[1.13-1.35]	Affymetrix, Illumina [2366197] (imputed)	N	bipolar disorder	http://purl.obolibrary.org/obo/MONDO_0004985	GCST000387	Genome-wide genotyping array
2009-05-14	19416921	Scott LJ	2009-05-05	Proc Natl Acad Sci U S A	www.ncbi.nlm.nih.gov/pubmed/19416921	Genome-wide association and meta-analysis of bipolar disorder in individuals of European ancestry.	Bipolar disorder	3,683 European ancestry cases, 14,507 European ancestry controls	NA	2p12	2	79312862	CTNNA2	CTNNA2			ENSG00000066032			rs13409348-G	rs13409348	0	13409348	intergenic_variant	0	0.24	3E-6	5.522878745280337		1.2	[1.11-1.29]	Affymetrix, Illumina [2366197] (imputed)	N	bipolar disorder	http://purl.obolibrary.org/obo/MONDO_0004985	GCST000387	Genome-wide genotyping array
2009-05-14	19416921	Scott LJ	2009-05-05	Proc Natl Acad Sci U S A	www.ncbi.nlm.nih.gov/pubmed/19416921	Genome-wide association and meta-analysis of bipolar disorder in individuals of European ancestry.	Bipolar disorder	3,683 European ancestry cases, 14,507 European ancestry controls	NA	4q12	4	54616651	KIT	LINC02260 - KIT	ENSG00000250456	ENSG00000157404		9520	40616	rs2537859-T	rs2537859	0	2537859	intergenic_variant	1	0.60	4E-6	5.3979400086720375		1.16	[1.09-1.24]	Affymetrix, Illumina [2366197] (imputed)	N	bipolar disorder	http://purl.obolibrary.org/obo/MONDO_0004985	GCST000387	Genome-wide genotyping array
2009-05-14	19416921	Scott LJ	2009-05-05	Proc Natl Acad Sci U S A	www.ncbi.nlm.nih.gov/pubmed/19416921	Genome-wide association and meta-analysis of bipolar disorder in individuals of European ancestry.	Bipolar disorder	3,683 European ancestry cases, 14,507 European ancestry controls	NA	11q13.2	11	66567837	NR	CTSF			ENSG00000174080			rs2242663-T	rs2242663	0	2242663	intron_variant	0	0.25	1E-6	6.0		1.2	[1.11-1.29]	Affymetrix, Illumina [2366197] (imputed)	N	bipolar disorder	http://purl.obolibrary.org/obo/MONDO_0004985	GCST000387	Genome-wide genotyping array
2009-06-16	19488044	Smith EN	2009-06-02	Mol Psychiatry	www.ncbi.nlm.nih.gov/pubmed/19488044	Genome-wide association study of bipolar disorder in European American and African American individuals.	Bipolar disorder	1,001 European ancestry cases, 1,033 European ancestry controls, 345 African American cases, 670 African American controls	1,550 European ancestry individuals from 250 families, 1,263 European ancestry cases, 431 European ancestry controls	19q13.11	19	32426549	DPY19L3	DPY19L3			ENSG00000178904			rs2111504-T	rs2111504	0	2111504	intron_variant	0	0.23	2E-6	5.698970004336019	(AA)	1.74	[NR]	Affymetrix [702044]	N	bipolar disorder	http://purl.obolibrary.org/obo/MONDO_0004985	GCST000417	Genome-wide genotyping array
2019-01-10	20351715	Liu Y	2010-03-30	Mol Psychiatry	www.ncbi.nlm.nih.gov/pubmed/20351715	Meta-analysis of genome-wide association data of bipolar disorder and major depressive disorder.	Bipolar disorder	4,387 European and unknown ancestry cases, 6,209 European and unknown ancestry controls	NA	9p13.3	9	33942932	UBE2R2, UBAP2, SNORD121B, SNORD121A	UBAP2			ENSG00000137073			rs307660-?	rs307660	0	307660	intron_variant	0	NR	5E-6	5.301029995663981				Affymetrix [1769948] (imputed)	N	bipolar disorder	http://purl.obolibrary.org/obo/MONDO_0004985	GCST006865	Genome-wide genotyping array
2019-01-10	20351715	Liu Y	2010-03-30	Mol Psychiatry	www.ncbi.nlm.nih.gov/pubmed/20351715	Meta-analysis of genome-wide association data of bipolar disorder and major depressive disorder.	Bipolar disorder	4,387 European and unknown ancestry cases, 6,209 European and unknown ancestry controls	NA	9q31.3	9	110434983	SVEP1	SVEP1			ENSG00000165124			rs7042161-?	rs7042161	0	7042161	intron_variant	0	NR	6E-6	5.221848749616356				Affymetrix [1769948] (imputed)	N	bipolar disorder	http://purl.obolibrary.org/obo/MONDO_0004985	GCST006865	Genome-wide genotyping array
2019-01-10	20351715	Liu Y	2010-03-30	Mol Psychiatry	www.ncbi.nlm.nih.gov/pubmed/20351715	Meta-analysis of genome-wide association data of bipolar disorder and major depressive disorder.	Bipolar disorder	4,387 European and unknown ancestry cases, 6,209 European and unknown ancestry controls	NA	15q14	15	38219782	SPRED1	LINC02895			ENSG00000259380			rs16966460-?	rs16966460	0	16966460	intergenic_variant	0	NR	4E-6	5.3979400086720375				Affymetrix [1769948] (imputed)	N	bipolar disorder	http://purl.obolibrary.org/obo/MONDO_0004985	GCST006865	Genome-wide genotyping array
2019-01-10	20351715	Liu Y	2010-03-30	Mol Psychiatry	www.ncbi.nlm.nih.gov/pubmed/20351715	Meta-analysis of genome-wide association data of bipolar disorder and major depressive disorder.	Bipolar disorder	4,387 European and unknown ancestry cases, 6,209 European and unknown ancestry controls	NA	10q22.3	10	79195310	ZMIZ1	ZMIZ1			ENSG00000108175			rs703965-?	rs703965	0	703965	intron_variant	0	NR	8E-6	5.096910013008056				Affymetrix [1769948] (imputed)	N	bipolar disorder	http://purl.obolibrary.org/obo/MONDO_0004985	GCST006865	Genome-wide genotyping array
2019-01-10	20351715	Liu Y	2010-03-30	Mol Psychiatry	www.ncbi.nlm.nih.gov/pubmed/20351715	Meta-analysis of genome-wide association data of bipolar disorder and major depressive disorder.	Bipolar disorder	4,387 European and unknown ancestry cases, 6,209 European and unknown ancestry controls	NA	18p11.32	18	278796	COLEC12, THOC1	THOC1-DT			ENSG00000263884			rs7226677-?	rs7226677	0	7226677	intron_variant	0	NR	7E-6	5.154901959985743				Affymetrix [1769948] (imputed)	N	bipolar disorder	http://purl.obolibrary.org/obo/MONDO_0004985	GCST006865	Genome-wide genotyping array
2019-01-10	20351715	Liu Y	2010-03-30	Mol Psychiatry	www.ncbi.nlm.nih.gov/pubmed/20351715	Meta-analysis of genome-wide association data of bipolar disorder and major depressive disorder.	Bipolar disorder	4,387 European and unknown ancestry cases, 6,209 European and unknown ancestry controls	NA	2q11.2	2	96747751	LMAN2L, FER1L5, CNNM4	LMAN2L - CNNM4	ENSG00000114988	ENSG00000158158		7667	13147	rs2314398-?	rs2314398	0	2314398	intron_variant	1	NR	3E-6	5.522878745280337				Affymetrix [1769948] (imputed)	N	bipolar disorder	http://purl.obolibrary.org/obo/MONDO_0004985	GCST006865	Genome-wide genotyping array
2019-01-10	20351715	Liu Y	2010-03-30	Mol Psychiatry	www.ncbi.nlm.nih.gov/pubmed/20351715	Meta-analysis of genome-wide association data of bipolar disorder and major depressive disorder.	Bipolar disorder	4,387 European and unknown ancestry cases, 6,209 European and unknown ancestry controls	NA	3p24.3	3	21664877	ZNF385D	ZNF385D			ENSG00000151789			rs3821396-?	rs3821396	0	3821396	intron_variant	0	NR	5E-6	5.301029995663981				Affymetrix [1769948] (imputed)	N	bipolar disorder	http://purl.obolibrary.org/obo/MONDO_0004985	GCST006865	Genome-wide genotyping array
2019-01-10	20351715	Liu Y	2010-03-30	Mol Psychiatry	www.ncbi.nlm.nih.gov/pubmed/20351715	Meta-analysis of genome-wide association data of bipolar disorder and major depressive disorder.	Bipolar disorder	4,387 European and unknown ancestry cases, 6,209 European and unknown ancestry controls	NA	6q25.2	6	152417619	SYNE1	SYNE1			ENSG00000131018			rs17082664-?	rs17082664	0	17082664	intron_variant	0	NR	4E-6	5.3979400086720375				Affymetrix [1769948] (imputed)	N	bipolar disorder	http://purl.obolibrary.org/obo/MONDO_0004985	GCST006865	Genome-wide genotyping array
2019-01-10	20351715	Liu Y	2010-03-30	Mol Psychiatry	www.ncbi.nlm.nih.gov/pubmed/20351715	Meta-analysis of genome-wide association data of bipolar disorder and major depressive disorder.	Bipolar disorder	4,387 European and unknown ancestry cases, 6,209 European and unknown ancestry controls	NA	9q33.3	9	127347467	GARNL3, SLC2A8	GARNL3			ENSG00000136895			rs7041940-?	rs7041940	0	7041940	intron_variant	0	NR	3E-6	5.522878745280337				Affymetrix [1769948] (imputed)	N	bipolar disorder	http://purl.obolibrary.org/obo/MONDO_0004985	GCST006865	Genome-wide genotyping array
2019-01-10	20351715	Liu Y	2010-03-30	Mol Psychiatry	www.ncbi.nlm.nih.gov/pubmed/20351715	Meta-analysis of genome-wide association data of bipolar disorder and major depressive disorder.	Bipolar disorder	4,387 European and unknown ancestry cases, 6,209 European and unknown ancestry controls	NA	10q21.2	10	60420054	ANK3	ANK3			ENSG00000151150			rs109944336-?	rs10994336	0	10994336	intron_variant	0	NR	9E-9	8.045757490560675				Affymetrix [1769948] (imputed)	N	bipolar disorder	http://purl.obolibrary.org/obo/MONDO_0004985	GCST006865	Genome-wide genotyping array
2019-01-10	20351715	Liu Y	2010-03-30	Mol Psychiatry	www.ncbi.nlm.nih.gov/pubmed/20351715	Meta-analysis of genome-wide association data of bipolar disorder and major depressive disorder.	Bipolar disorder	4,387 European and unknown ancestry cases, 6,209 European and unknown ancestry controls	NA	10q21.2	10	60540625	intergenic	ANK3			ENSG00000151150			rs1938526-?	rs1938526	0	1938526	intron_variant	0	NR	1E-8	8.0				Affymetrix [1769948] (imputed)	N	bipolar disorder	http://purl.obolibrary.org/obo/MONDO_0004985	GCST006865	Genome-wide genotyping array
2019-01-10	20351715	Liu Y	2010-03-30	Mol Psychiatry	www.ncbi.nlm.nih.gov/pubmed/20351715	Meta-analysis of genome-wide association data of bipolar disorder and major depressive disorder.	Bipolar disorder	4,387 European and unknown ancestry cases, 6,209 European and unknown ancestry controls	NA	11q14.1	11	79372576	hsa-mir-708, ODZ4	TENM4			ENSG00000149256			rs12290811-?	rs12290811	0	12290811	intron_variant	0	NR	4E-6	5.3979400086720375				Affymetrix [1769948] (imputed)	N	bipolar disorder	http://purl.obolibrary.org/obo/MONDO_0004985	GCST006865	Genome-wide genotyping array
2019-01-10	20351715	Liu Y	2010-03-30	Mol Psychiatry	www.ncbi.nlm.nih.gov/pubmed/20351715	Meta-analysis of genome-wide association data of bipolar disorder and major depressive disorder.	Bipolar disorder	4,387 European and unknown ancestry cases, 6,209 European and unknown ancestry controls	NA	11q24.2	11	124668099	PAN3, SIAE, SPA17, TBRG1	SIAE			ENSG00000110013			rs544368-?	rs544368	0	544368	intron_variant	0	NR	6E-6	5.221848749616356				Affymetrix [1769948] (imputed)	N	bipolar disorder	http://purl.obolibrary.org/obo/MONDO_0004985	GCST006865	Genome-wide genotyping array
2019-01-10	20351715	Liu Y	2010-03-30	Mol Psychiatry	www.ncbi.nlm.nih.gov/pubmed/20351715	Meta-analysis of genome-wide association data of bipolar disorder and major depressive disorder.	Bipolar disorder	4,387 European and unknown ancestry cases, 6,209 European and unknown ancestry controls	NA	12p13.33	12	2236129	CACNA1C	CACNA1C			ENSG00000151067			rs1006737-?	rs1006737	0	1006737	intron_variant	0	NR	7E-8	7.154901959985743				Affymetrix [1769948] (imputed)	N	bipolar disorder	http://purl.obolibrary.org/obo/MONDO_0004985	GCST006865	Genome-wide genotyping array
2019-01-10	20351715	Liu Y	2010-03-30	Mol Psychiatry	www.ncbi.nlm.nih.gov/pubmed/20351715	Meta-analysis of genome-wide association data of bipolar disorder and major depressive disorder.	Bipolar disorder	4,387 European and unknown ancestry cases, 6,209 European and unknown ancestry controls	NA	14q11.2	14	23912306	C14orf165, C14orf167, DHRS4	RN7SKP205 - LINC00596	ENSG00000222931	ENSG00000259334		120070	9941	rs12436436-?	rs12436436	0	12436436	intergenic_variant	1	NR	5E-6	5.301029995663981				Affymetrix [1769948] (imputed)	N	bipolar disorder	http://purl.obolibrary.org/obo/MONDO_0004985	GCST006865	Genome-wide genotyping array
2019-01-10	20351715	Liu Y	2010-03-30	Mol Psychiatry	www.ncbi.nlm.nih.gov/pubmed/20351715	Meta-analysis of genome-wide association data of bipolar disorder and major depressive disorder.	Bipolar disorder	4,387 European and unknown ancestry cases, 6,209 European and unknown ancestry controls	NA	15q14	15	38703290	C15orf53	LINC02694			ENSG00000175779			rs12899449-?	rs12899449	0	12899449	intron_variant	0	NR	4E-7	6.3979400086720375				Affymetrix [1769948] (imputed)	N	bipolar disorder	http://purl.obolibrary.org/obo/MONDO_0004985	GCST006865	Genome-wide genotyping array
2019-01-10	20351715	Liu Y	2010-03-30	Mol Psychiatry	www.ncbi.nlm.nih.gov/pubmed/20351715	Meta-analysis of genome-wide association data of bipolar disorder and major depressive disorder.	Bipolar disorder	4,387 European and unknown ancestry cases, 6,209 European and unknown ancestry controls	NA	4q26	4	119514966	COLEC12, THOC1	PDE5A			ENSG00000138735			rs722667-?	rs722667	0	722667	intron_variant	0	NR	7E-6	5.154901959985743				Affymetrix [1769948] (imputed)	N	bipolar disorder	http://purl.obolibrary.org/obo/MONDO_0004985	GCST006865	Genome-wide genotyping array
2019-01-10	20351715	Liu Y	2010-03-30	Mol Psychiatry	www.ncbi.nlm.nih.gov/pubmed/20351715	Meta-analysis of genome-wide association data of bipolar disorder and major depressive disorder.	Bipolar disorder	4,387 European and unknown ancestry cases, 6,209 European and unknown ancestry controls	NA	9p13.3	9	33799372	PRSS3, UBE2R2	UBE2R2-AS1			ENSG00000235481			rs216345-?	rs216345	0	216345	intron_variant	0	NR	4E-6	5.3979400086720375				Affymetrix [1769948] (imputed)	N	bipolar disorder	http://purl.obolibrary.org/obo/MONDO_0004985	GCST006865	Genome-wide genotyping array
2019-01-10	20351715	Liu Y	2010-03-30	Mol Psychiatry	www.ncbi.nlm.nih.gov/pubmed/20351715	Meta-analysis of genome-wide association data of bipolar disorder and major depressive disorder.	Bipolar disorder	4,387 European and unknown ancestry cases, 6,209 European and unknown ancestry controls	NA	15q25.1	15	80402580	ARNT2	ARNT2-DT			ENSG00000259495			rs2278702-?	rs2278702	0	2278702	intron_variant	0	NR	6E-6	5.221848749616356				Affymetrix [1769948] (imputed)	N	bipolar disorder	http://purl.obolibrary.org/obo/MONDO_0004985	GCST006865	Genome-wide genotyping array
2019-01-10	20351715	Liu Y	2010-03-30	Mol Psychiatry	www.ncbi.nlm.nih.gov/pubmed/20351715	Meta-analysis of genome-wide association data of bipolar disorder and major depressive disorder.	Bipolar disorder	4,387 European and unknown ancestry cases, 6,209 European and unknown ancestry controls	NA	1p21.2	1	101475100	intergenic	LINC01307 - LINC01709	ENSG00000231671	ENSG00000226715		84797	164409	rs1419103-?	rs1419103	0	1419103	intergenic_variant	1	NR	6E-6	5.221848749616356				Affymetrix [1769948] (imputed)	N	bipolar disorder	http://purl.obolibrary.org/obo/MONDO_0004985	GCST006865	Genome-wide genotyping array
2019-01-10	20351715	Liu Y	2010-03-30	Mol Psychiatry	www.ncbi.nlm.nih.gov/pubmed/20351715	Meta-analysis of genome-wide association data of bipolar disorder and major depressive disorder.	Bipolar disorder	4,387 European and unknown ancestry cases, 6,209 European and unknown ancestry controls	NA	3p26.2	3	3617156	intergenic	CRBN - SUMF1	ENSG00000113851	ENSG00000144455		437429	83658	rs1601875-?	rs1601875	0	1601875	intron_variant	1	NR	7E-6	5.154901959985743				Affymetrix [1769948] (imputed)	N	bipolar disorder	http://purl.obolibrary.org/obo/MONDO_0004985	GCST006865	Genome-wide genotyping array
2010-05-07	20386566	Lee MT	2010-04-13	Mol Psychiatry	www.ncbi.nlm.nih.gov/pubmed/20386566	Genome-wide association study of bipolar I disorder in the Han Chinese population.	Bipolar I disorder	1,000 Han Chinese ancestry cases, 1,000 Han Chinese ancestry controls	409 Han Chinese ancestry cases, 1,000 Han Chinese ancestry controls	15q26.1	15	92501109	ST8SIA2, C15orf32	C15orf32			ENSG00000183643			rs8040009-C	rs8040009	0	8040009	non_coding_transcript_exon_variant	0	0.11	6E-6	5.221848749616356		1.4	[1.21-1.61]	Illumina [516919]	N	bipolar disorder	http://purl.obolibrary.org/obo/MONDO_0004985	GCST000654	Genome-wide genotyping array
2010-05-07	20386566	Lee MT	2010-04-13	Mol Psychiatry	www.ncbi.nlm.nih.gov/pubmed/20386566	Genome-wide association study of bipolar I disorder in the Han Chinese population.	Bipolar I disorder	1,000 Han Chinese ancestry cases, 1,000 Han Chinese ancestry controls	409 Han Chinese ancestry cases, 1,000 Han Chinese ancestry controls	7p21.1	7	20822683	SP8	SP8 - RPL23P8	ENSG00000164651	ENSG00000219451		35797	4643	rs2709736-G	rs2709736	0	2709736	intron_variant	1	NR	5E-7	6.301029995663981		1.44	[1.25-1.66]	Illumina [516919]	N	bipolar disorder	http://purl.obolibrary.org/obo/MONDO_0004985	GCST000654	Genome-wide genotyping array
2013-04-12	23326512	Greenwood TA	2013-01-10	PLoS One	www.ncbi.nlm.nih.gov/pubmed/23326512	Genome-wide association study of irritable vs. elated mania suggests genetic differences between clinical subtypes of bipolar disorder.	Bipolar disorder (mania)	117 European ancestry Irritable mania cases, 843 European ancestry Elated mania cases, 1033 European ancestry controls	121 European ancestry Irritable maniacases, 1026 European ancestry Elated mania cases	13q31.1	13	85091744	SLITRK1, SLITRK6	LINC00375			ENSG00000226370			rs17079247-T	rs17079247	0	17079247	intron_variant	0	NR	8E-6	5.096910013008056	(IM vs. EM)	1.75		Affymetrix [703012]	N	bipolar disorder	http://purl.obolibrary.org/obo/MONDO_0004985	GCST001811	Genome-wide genotyping array
2012-08-14	22688191	Bergen SE	2012-06-12	Mol Psychiatry	www.ncbi.nlm.nih.gov/pubmed/22688191	Genome-wide association study in a Swedish population yields support for greater CNV and MHC involvement in schizophrenia compared with bipolar disorder.	Bipolar disorder	836 European ancestry cases, 2,093 European ancestry controls	NA	4q34.3	4	179734472	intergenic	RNA5SP173 - NDUFB5P1	ENSG00000201727	ENSG00000251025		1327642	838992	rs17746001-T	rs17746001	0	17746001	intergenic_variant	1	NR	3E-7	6.522878745280337		2.03	[NR]	Affymetrix [745006]	N	bipolar disorder	http://purl.obolibrary.org/obo/MONDO_0004985	GCST001569	Genome-wide genotyping array
2012-08-14	22688191	Bergen SE	2012-06-12	Mol Psychiatry	www.ncbi.nlm.nih.gov/pubmed/22688191	Genome-wide association study in a Swedish population yields support for greater CNV and MHC involvement in schizophrenia compared with bipolar disorder.	Bipolar disorder	836 European ancestry cases, 2,093 European ancestry controls	NA	12q23.3	12	108349043	CMKLR1	CMKLR1 - LINC01498	ENSG00000174600	ENSG00000247213		9726	85083	rs17040430-T	rs17040430	0	17040430	intergenic_variant	1	NR	9E-7	6.045757490560675		1.89	[NR]	Affymetrix [745006]	N	bipolar disorder	http://purl.obolibrary.org/obo/MONDO_0004985	GCST001569	Genome-wide genotyping array
2012-08-14	22688191	Bergen SE	2012-06-12	Mol Psychiatry	www.ncbi.nlm.nih.gov/pubmed/22688191	Genome-wide association study in a Swedish population yields support for greater CNV and MHC involvement in schizophrenia compared with bipolar disorder.	Bipolar disorder	836 European ancestry cases, 2,093 European ancestry controls	NA	1q42.2	1	234527144	IRF2BP2	LINC01354			ENSG00000231768			rs271738-A	rs271738	0	271738	intron_variant	0	NR	5E-6	5.301029995663981		1.32	[NR]	Affymetrix [745006]	N	bipolar disorder	http://purl.obolibrary.org/obo/MONDO_0004985	GCST001569	Genome-wide genotyping array
2012-08-14	22688191	Bergen SE	2012-06-12	Mol Psychiatry	www.ncbi.nlm.nih.gov/pubmed/22688191	Genome-wide association study in a Swedish population yields support for greater CNV and MHC involvement in schizophrenia compared with bipolar disorder.	Bipolar disorder	836 European ancestry cases, 2,093 European ancestry controls	NA	8p22	8	13403027	DLC1	DLC1			ENSG00000164741			rs289585-?	rs289585	0	289585	intron_variant	0	NR	5E-6	5.301029995663981		1.45	[NR]	Affymetrix [745006]	N	bipolar disorder	http://purl.obolibrary.org/obo/MONDO_0004985	GCST001569	Genome-wide genotyping array
2012-11-19	22925353	Lee HJ	2012-08-25	J Affect Disord	www.ncbi.nlm.nih.gov/pubmed/22925353	A genome-wide association study of seasonal pattern mania identifies NF1A as a possible susceptibility gene for bipolar disorder.	Bipolar disorder	2,191 European ancestry cases, 1,434 European ancestry controls	NA	1p31.3	1;1;1	61358717;61366218;61366266	NF1A	NFIA; NFIA; NFIA						rs41453448-G; rs1125777-C; rs12568010-A	rs41453448; rs1125777; rs12568010	0		intron_variant; intron_variant; intron_variant		NR	2E-7	6.698970004336019		2.5	[NR]	Affymetrix [703012]	N	bipolar disorder	http://purl.obolibrary.org/obo/MONDO_0004985	GCST001647	Genome-wide genotyping array
2012-11-19	22925353	Lee HJ	2012-08-25	J Affect Disord	www.ncbi.nlm.nih.gov/pubmed/22925353	A genome-wide association study of seasonal pattern mania identifies NF1A as a possible susceptibility gene for bipolar disorder.	Bipolar disorder	2,191 European ancestry cases, 1,434 European ancestry controls	NA	1p31.3	1;1	61366218;61366266	NF1A	NFIA; NFIA						rs1125777-C; rs12568010-A	rs1125777; rs12568010	0		intron_variant; intron_variant		NR	2E-7	6.698970004336019		2.34	[NR]	Affymetrix [703012]	N	bipolar disorder	http://purl.obolibrary.org/obo/MONDO_0004985	GCST001647	Genome-wide genotyping array
2012-11-19	22925353	Lee HJ	2012-08-25	J Affect Disord	www.ncbi.nlm.nih.gov/pubmed/22925353	A genome-wide association study of seasonal pattern mania identifies NF1A as a possible susceptibility gene for bipolar disorder.	Bipolar disorder	2,191 European ancestry cases, 1,434 European ancestry controls	NA	1p31.3	1;1	61354400;61356147	NF1A	NFIA; NFIA						rs17121983-C; rs7556462-C	rs17121983; rs7556462	0		intron_variant; intron_variant		NR	4E-7	6.3979400086720375		2.26	[NR]	Affymetrix [703012]	N	bipolar disorder	http://purl.obolibrary.org/obo/MONDO_0004985	GCST001647	Genome-wide genotyping array
2012-11-19	22925353	Lee HJ	2012-08-25	J Affect Disord	www.ncbi.nlm.nih.gov/pubmed/22925353	A genome-wide association study of seasonal pattern mania identifies NF1A as a possible susceptibility gene for bipolar disorder.	Bipolar disorder	2,191 European ancestry cases, 1,434 European ancestry controls	NA	1p31.3	1;1	61356147;61356611	NF1A	NFIA; NFIA						rs7556462-C; rs4915737-C	rs7556462; rs4915737	0		intron_variant; intron_variant		NR	4E-7	6.3979400086720375		2.26	[NR]	Affymetrix [703012]	N	bipolar disorder	http://purl.obolibrary.org/obo/MONDO_0004985	GCST001647	Genome-wide genotyping array
2012-11-19	22925353	Lee HJ	2012-08-25	J Affect Disord	www.ncbi.nlm.nih.gov/pubmed/22925353	A genome-wide association study of seasonal pattern mania identifies NF1A as a possible susceptibility gene for bipolar disorder.	Bipolar disorder	2,191 European ancestry cases, 1,434 European ancestry controls	NA	7q11.22	7	70580955	AUTS2	AUTS2			ENSG00000158321			rs10237317-?	rs10237317	0	10237317	intron_variant	0	NR	5E-6	5.301029995663981	(SM vs. Control)	1.775	[NR]	Affymetrix [703012]	N	bipolar disorder	http://purl.obolibrary.org/obo/MONDO_0004985	GCST001647	Genome-wide genotyping array
2012-11-19	22925353	Lee HJ	2012-08-25	J Affect Disord	www.ncbi.nlm.nih.gov/pubmed/22925353	A genome-wide association study of seasonal pattern mania identifies NF1A as a possible susceptibility gene for bipolar disorder.	Bipolar disorder	2,191 European ancestry cases, 1,434 European ancestry controls	NA	9p22.3	9	15309930	TTC39B	TTC39B - RPL7P33	ENSG00000155158	ENSG00000215236		2570	51463	rs2245641-?	rs2245641	0	2245641	intergenic_variant	1	NR	2E-6	5.698970004336019	(SM vs. Control)	1.896	[NR]	Affymetrix [703012]	N	bipolar disorder	http://purl.obolibrary.org/obo/MONDO_0004985	GCST001647	Genome-wide genotyping array
2012-11-19	22925353	Lee HJ	2012-08-25	J Affect Disord	www.ncbi.nlm.nih.gov/pubmed/22925353	A genome-wide association study of seasonal pattern mania identifies NF1A as a possible susceptibility gene for bipolar disorder.	Bipolar disorder	2,191 European ancestry cases, 1,434 European ancestry controls	NA	4q22.1	4	88299792	PIGY	PPM1K-DT			ENSG00000246375			rs9995093-?	rs9995093	0	9995093	intron_variant	0	NR	7E-6	5.154901959985743	(NSM vs. Control)	2.067	[NR]	Affymetrix [703012]	N	bipolar disorder	http://purl.obolibrary.org/obo/MONDO_0004985	GCST001647	Genome-wide genotyping array
2012-11-19	22925353	Lee HJ	2012-08-25	J Affect Disord	www.ncbi.nlm.nih.gov/pubmed/22925353	A genome-wide association study of seasonal pattern mania identifies NF1A as a possible susceptibility gene for bipolar disorder.	Bipolar disorder	2,191 European ancestry cases, 1,434 European ancestry controls	NA	9q21.12	9	69328086	PGM5	ENTREP1			ENSG00000135063			rs3750552-?	rs3750552	0	3750552	intron_variant	0	NR	5E-6	5.301029995663981	(NSM vs. Control)	1.679	[NR]	Affymetrix [703012]	N	bipolar disorder	http://purl.obolibrary.org/obo/MONDO_0004985	GCST001647	Genome-wide genotyping array
2012-11-19	22925353	Lee HJ	2012-08-25	J Affect Disord	www.ncbi.nlm.nih.gov/pubmed/22925353	A genome-wide association study of seasonal pattern mania identifies NF1A as a possible susceptibility gene for bipolar disorder.	Bipolar disorder	2,191 European ancestry cases, 1,434 European ancestry controls	NA	10p12.31	10	20503405	intergenic	AMD1P1 - MIR4675	ENSG00000228339	ENSG00000265372		152305	48565	rs7897194-?	rs7897194	0	7897194	intron_variant	1	NR	8E-6	5.096910013008056	(NSM vs. Control)	2.91	[NR]	Affymetrix [703012]	N	bipolar disorder	http://purl.obolibrary.org/obo/MONDO_0004985	GCST001647	Genome-wide genotyping array
2012-11-19	22925353	Lee HJ	2012-08-25	J Affect Disord	www.ncbi.nlm.nih.gov/pubmed/22925353	A genome-wide association study of seasonal pattern mania identifies NF1A as a possible susceptibility gene for bipolar disorder.	Bipolar disorder	2,191 European ancestry cases, 1,434 European ancestry controls	NA	12q12	12	40853940	intergenic	CNTN1			ENSG00000018236			rs312273-?	rs312273	0	312273	intron_variant	0	NR	9E-6	5.045757490560675	(NSM vs. Control)	1.566	[NR]	Affymetrix [703012]	N	bipolar disorder	http://purl.obolibrary.org/obo/MONDO_0004985	GCST001647	Genome-wide genotyping array
2012-11-19	22925353	Lee HJ	2012-08-25	J Affect Disord	www.ncbi.nlm.nih.gov/pubmed/22925353	A genome-wide association study of seasonal pattern mania identifies NF1A as a possible susceptibility gene for bipolar disorder.	Bipolar disorder	2,191 European ancestry cases, 1,434 European ancestry controls	NA	14q24.3	14	77218327	intergenic	TMEM63C			ENSG00000165548			rs4467006-?	rs4467006	0	4467006	intron_variant	0	NR	7E-6	5.154901959985743	(NSM vs. Control)	1.593	[NR]	Affymetrix [703012]	N	bipolar disorder	http://purl.obolibrary.org/obo/MONDO_0004985	GCST001647	Genome-wide genotyping array
2012-11-19	22925353	Lee HJ	2012-08-25	J Affect Disord	www.ncbi.nlm.nih.gov/pubmed/22925353	A genome-wide association study of seasonal pattern mania identifies NF1A as a possible susceptibility gene for bipolar disorder.	Bipolar disorder	2,191 European ancestry cases, 1,434 European ancestry controls	NA	14q24.3	14	77218499	intergenic	TMEM63C			ENSG00000165548			rs2287375-?	rs2287375	0	2287375	intron_variant	0	NR	5E-6	5.301029995663981	(NSM vs. Control)	1.606	[NR]	Affymetrix [703012]	N	bipolar disorder	http://purl.obolibrary.org/obo/MONDO_0004985	GCST001647	Genome-wide genotyping array
2012-11-19	22925353	Lee HJ	2012-08-25	J Affect Disord	www.ncbi.nlm.nih.gov/pubmed/22925353	A genome-wide association study of seasonal pattern mania identifies NF1A as a possible susceptibility gene for bipolar disorder.	Bipolar disorder	2,191 European ancestry cases, 1,434 European ancestry controls	NA	19q13.12	19	35482387	intergenic	FFAR2 - KRTDAP	ENSG00000126262	ENSG00000188508		30620	4937	rs6510489-?	rs6510489	0	6510489	intergenic_variant	1	NR	8E-6	5.096910013008056	(NSM vs. Control)	1.92	[NR]	Affymetrix [703012]	N	bipolar disorder	http://purl.obolibrary.org/obo/MONDO_0004985	GCST001647	Genome-wide genotyping array
2012-11-19	22925353	Lee HJ	2012-08-25	J Affect Disord	www.ncbi.nlm.nih.gov/pubmed/22925353	A genome-wide association study of seasonal pattern mania identifies NF1A as a possible susceptibility gene for bipolar disorder.	Bipolar disorder	2,191 European ancestry cases, 1,434 European ancestry controls	NA	1p31.3	1	61350127	NF1A	NFIA			ENSG00000162599			rs41350144-T	rs41350144	0	41350144	intron_variant	0	0.477	3E-7	6.522878745280337	(SM vs. NSM)	2.269	[1.66-3.11]	Affymetrix [703012]	N	bipolar disorder	http://purl.obolibrary.org/obo/MONDO_0004985	GCST001647	Genome-wide genotyping array
2012-11-19	22925353	Lee HJ	2012-08-25	J Affect Disord	www.ncbi.nlm.nih.gov/pubmed/22925353	A genome-wide association study of seasonal pattern mania identifies NF1A as a possible susceptibility gene for bipolar disorder.	Bipolar disorder	2,191 European ancestry cases, 1,434 European ancestry controls	NA	20q13.12	20	45092852	SERINC3	KCNS1			ENSG00000124134			rs6124684-?	rs6124684	0	6124684	3_prime_UTR_variant	0	NR	9E-6	5.045757490560675	(NSM vs. Control)	1.73	[NR]	Affymetrix [703012]	N	bipolar disorder	http://purl.obolibrary.org/obo/MONDO_0004985	GCST001647	Genome-wide genotyping array
2015-04-28	23092984	Goes FS	2012-10-23	Transl Psychiatry	www.ncbi.nlm.nih.gov/pubmed/23092984	Genome-wide association of mood-incongruent psychotic bipolar disorder.	Bipolar disorder with mood-incongruent psychosis	2,196 European and other ancestry cases, 8,148 European and other ancestry controls	NA	6q14.2	6	83516876	SNAP91, PRSS35	PRSS35			ENSG00000146250			rs1171113-C	rs1171113	0	1171113	intron_variant	0	NR	1E-7	7.0		1.23	[NR]	Affymetrix, Illumina [~ 2500000] (imputed)	N	bipolar disorder	http://purl.obolibrary.org/obo/MONDO_0004985	GCST001715	Genome-wide genotyping array
2015-04-28	23092984	Goes FS	2012-10-23	Transl Psychiatry	www.ncbi.nlm.nih.gov/pubmed/23092984	Genome-wide association of mood-incongruent psychotic bipolar disorder.	Bipolar disorder with mood-incongruent psychosis	2,196 European and other ancestry cases, 8,148 European and other ancestry controls	NA	3p26.1	3	5663365	intergenic	RN7SL553P - MTARC2P1	ENSG00000241227	ENSG00000232958		410142	544904	rs11710433-?	rs11710433	0	11710433	intron_variant	1	NR	1E-6	6.0		1.23	[NR]	Affymetrix, Illumina [~ 2500000] (imputed)	N	bipolar disorder	http://purl.obolibrary.org/obo/MONDO_0004985	GCST001715	Genome-wide genotyping array
2015-04-28	23092984	Goes FS	2012-10-23	Transl Psychiatry	www.ncbi.nlm.nih.gov/pubmed/23092984	Genome-wide association of mood-incongruent psychotic bipolar disorder.	Bipolar disorder with mood-incongruent psychosis	2,196 European and other ancestry cases, 8,148 European and other ancestry controls	NA	3p22.2	3	36814539	TRANK1, LBA	HSPD1P6 - LINC02033	ENSG00000230067	ENSG00000279727		45740	4737	rs9834970-?	rs9834970	0	9834970	regulatory_region_variant	1	NR	1E-7	7.0		1.22	[NR]	Affymetrix, Illumina [~ 2500000] (imputed)	N	bipolar disorder	http://purl.obolibrary.org/obo/MONDO_0004985	GCST001715	Genome-wide genotyping array
2015-04-28	23092984	Goes FS	2012-10-23	Transl Psychiatry	www.ncbi.nlm.nih.gov/pubmed/23092984	Genome-wide association of mood-incongruent psychotic bipolar disorder.	Bipolar disorder with mood-incongruent psychosis	2,196 European and other ancestry cases, 8,148 European and other ancestry controls	NA	14q24.3	14	73300506	NUMB	NUMB			ENSG00000133961			rs2333194-?	rs2333194	0	2333194	intron_variant	0	NR	7E-7	6.154901959985743		1.2	[NR]	Affymetrix, Illumina [~ 2500000] (imputed)	N	bipolar disorder	http://purl.obolibrary.org/obo/MONDO_0004985	GCST001715	Genome-wide genotyping array
2015-04-28	23092984	Goes FS	2012-10-23	Transl Psychiatry	www.ncbi.nlm.nih.gov/pubmed/23092984	Genome-wide association of mood-incongruent psychotic bipolar disorder.	Bipolar disorder with mood-incongruent psychosis	2,196 European and other ancestry cases, 8,148 European and other ancestry controls	NA	3p25.1	3	13695501	FBLN2	LINC00620			ENSG00000224514			rs4450798-T	rs4450798	0	4450798	intron_variant	0	NR	2E-6	5.698970004336019		1.26	[NR]	Affymetrix, Illumina [~ 2500000] (imputed)	N	bipolar disorder	http://purl.obolibrary.org/obo/MONDO_0004985	GCST001715	Genome-wide genotyping array
2015-04-28	23092984	Goes FS	2012-10-23	Transl Psychiatry	www.ncbi.nlm.nih.gov/pubmed/23092984	Genome-wide association of mood-incongruent psychotic bipolar disorder.	Bipolar disorder with mood-incongruent psychosis	2,196 European and other ancestry cases, 8,148 European and other ancestry controls	NA	8q11.23	8	53642640	ATP6V1H	MAPK6P1 - ATP6V1H	ENSG00000206144	ENSG00000047249		102340	72903	rs11773966-A	rs11773966	0	11773966	intron_variant	1	NR	2E-6	5.698970004336019		2.17	[NR]	Affymetrix, Illumina [~ 2500000] (imputed)	N	bipolar disorder	http://purl.obolibrary.org/obo/MONDO_0004985	GCST001715	Genome-wide genotyping array
2015-04-28	23092984	Goes FS	2012-10-23	Transl Psychiatry	www.ncbi.nlm.nih.gov/pubmed/23092984	Genome-wide association of mood-incongruent psychotic bipolar disorder.	Bipolar disorder with mood-incongruent psychosis	2,196 European and other ancestry cases, 8,148 European and other ancestry controls	NA	3p21.1	3	52684264	GNL3, PBRM1	PBRM1, GNL3			ENSG00000163939, ENSG00000163938			rs10865974-?	rs10865974	0	10865974	intron_variant	0	NR	2E-6	5.698970004336019		1.19	[NR]	Affymetrix, Illumina [~ 2500000] (imputed)	N	bipolar disorder	http://purl.obolibrary.org/obo/MONDO_0004985	GCST001715	Genome-wide genotyping array
2015-04-28	23092984	Goes FS	2012-10-23	Transl Psychiatry	www.ncbi.nlm.nih.gov/pubmed/23092984	Genome-wide association of mood-incongruent psychotic bipolar disorder.	Bipolar disorder with mood-incongruent psychosis	2,196 European and other ancestry cases, 8,148 European and other ancestry controls	NA	17p13.2	17	6190631	WSC domain containing 1	WSCD1 - RNU6-1264P	ENSG00000179314	ENSG00000206618		66204	16532	rs3744728-C	rs3744728	0	3744728	intergenic_variant	1	NR	3E-6	5.522878745280337		1.51	[NR]	Affymetrix, Illumina [~ 2500000] (imputed)	N	bipolar disorder	http://purl.obolibrary.org/obo/MONDO_0004985	GCST001715	Genome-wide genotyping array
2015-04-28	23092984	Goes FS	2012-10-23	Transl Psychiatry	www.ncbi.nlm.nih.gov/pubmed/23092984	Genome-wide association of mood-incongruent psychotic bipolar disorder.	Bipolar disorder with mood-incongruent psychosis	2,196 European and other ancestry cases, 8,148 European and other ancestry controls	NA	1p35.2	1	30052867	intergenic	LINC01648 - MATN1	ENSG00000233399	ENSG00000162510		15255	658410	rs2860031-?	rs2860031	0	2860031	intergenic_variant	1	NR	3E-6	5.522878745280337		1.22	[NR]	Affymetrix, Illumina [~ 2500000] (imputed)	N	bipolar disorder	http://purl.obolibrary.org/obo/MONDO_0004985	GCST001715	Genome-wide genotyping array
2015-04-28	23092984	Goes FS	2012-10-23	Transl Psychiatry	www.ncbi.nlm.nih.gov/pubmed/23092984	Genome-wide association of mood-incongruent psychotic bipolar disorder.	Bipolar disorder with mood-incongruent psychosis	2,196 European and other ancestry cases, 8,148 European and other ancestry controls	NA	1p36.11	1	24105466	MYOM3	MYOM3			ENSG00000142661			rs3934861-?	rs3934861	0	3934861	intron_variant	0	NR	4E-6	5.3979400086720375		1.25	[NR]	Affymetrix, Illumina [~ 2500000] (imputed)	N	bipolar disorder	http://purl.obolibrary.org/obo/MONDO_0004985	GCST001715	Genome-wide genotyping array
2015-04-28	23092984	Goes FS	2012-10-23	Transl Psychiatry	www.ncbi.nlm.nih.gov/pubmed/23092984	Genome-wide association of mood-incongruent psychotic bipolar disorder.	Bipolar disorder with mood-incongruent psychosis	2,196 European and other ancestry cases, 8,148 European and other ancestry controls	NA	7q33	7	138174020	AKR1D1	RCC2P3 - Y_RNA	ENSG00000233951	ENSG00000200544		49425	1025	rs10255295-G	rs10255295	0	10255295	intron_variant	1	NR	5E-6	5.301029995663981		1.31	[NR]	Affymetrix, Illumina [~ 2500000] (imputed)	N	bipolar disorder	http://purl.obolibrary.org/obo/MONDO_0004985	GCST001715	Genome-wide genotyping array
2015-04-28	23092984	Goes FS	2012-10-23	Transl Psychiatry	www.ncbi.nlm.nih.gov/pubmed/23092984	Genome-wide association of mood-incongruent psychotic bipolar disorder.	Bipolar disorder with mood-incongruent psychosis	2,196 European and other ancestry cases, 8,148 European and other ancestry controls	NA	10p11.22	10	32020077	KIF5B	KIF5B			ENSG00000170759			rs1775715-G	rs1775715	0	1775715	intron_variant	0	NR	5E-6	5.301029995663981		1.18	[NR]	Affymetrix, Illumina [~ 2500000] (imputed)	N	bipolar disorder	http://purl.obolibrary.org/obo/MONDO_0004985	GCST001715	Genome-wide genotyping array
2015-04-28	23092984	Goes FS	2012-10-23	Transl Psychiatry	www.ncbi.nlm.nih.gov/pubmed/23092984	Genome-wide association of mood-incongruent psychotic bipolar disorder.	Bipolar disorder with mood-incongruent psychosis	2,196 European and other ancestry cases, 8,148 European and other ancestry controls	NA	5p15.1	5	17215335	BASP1	BASP1-AS1, BASP1			ENSG00000215196, ENSG00000176788			rs2962370-G	rs2962370	0	2962370	intron_variant	0	NR	5E-6	5.301029995663981		1.19	[NR]	Affymetrix, Illumina [~ 2500000] (imputed)	N	bipolar disorder	http://purl.obolibrary.org/obo/MONDO_0004985	GCST001715	Genome-wide genotyping array
2015-04-28	23092984	Goes FS	2012-10-23	Transl Psychiatry	www.ncbi.nlm.nih.gov/pubmed/23092984	Genome-wide association of mood-incongruent psychotic bipolar disorder.	Bipolar disorder with mood-incongruent psychosis	2,196 European and other ancestry cases, 8,148 European and other ancestry controls	NA	6p21.2	6	37206969	TMEM217	PIM1 - TMEM217	ENSG00000137193	ENSG00000172738		31541	5211	rs1680005-A	rs1680005	0	1680005	intergenic_variant	1	NR	7E-6	5.154901959985743		1.18	[NR]	Affymetrix, Illumina [~ 2500000] (imputed)	N	bipolar disorder	http://purl.obolibrary.org/obo/MONDO_0004985	GCST001715	Genome-wide genotyping array
2015-04-28	23092984	Goes FS	2012-10-23	Transl Psychiatry	www.ncbi.nlm.nih.gov/pubmed/23092984	Genome-wide association of mood-incongruent psychotic bipolar disorder.	Bipolar disorder with mood-incongruent psychosis	2,196 European and other ancestry cases, 8,148 European and other ancestry controls	NA	2q11.2	2	98467429	INPP4A	INPP4A			ENSG00000040933			rs12617721-C	rs12617721	0	12617721	intron_variant	0	NR	7E-6	5.154901959985743		1.2	[NR]	Affymetrix, Illumina [~ 2500000] (imputed)	N	bipolar disorder	http://purl.obolibrary.org/obo/MONDO_0004985	GCST001715	Genome-wide genotyping array
2015-04-28	23092984	Goes FS	2012-10-23	Transl Psychiatry	www.ncbi.nlm.nih.gov/pubmed/23092984	Genome-wide association of mood-incongruent psychotic bipolar disorder.	Bipolar disorder with mood-incongruent psychosis	2,196 European and other ancestry cases, 8,148 European and other ancestry controls	NA	22q11.23	22	25479298	CRYBB2P1	CRYBB2P1			ENSG00000291087			rs1930961-?	rs1930961	0	1930961	non_coding_transcript_exon_variant	0	NR	9E-6	5.045757490560675		1.39	[NR]	Affymetrix, Illumina [~ 2500000] (imputed)	N	bipolar disorder	http://purl.obolibrary.org/obo/MONDO_0004985	GCST001715	Genome-wide genotyping array
2013-03-05	23218918	Sprooten E	2012-12-04	Psychiatry Res	www.ncbi.nlm.nih.gov/pubmed/23218918	White matter integrity as an intermediate phenotype: exploratory genome-wide association analysis in individuals at high risk of bipolar disorder.	White matter integrity (bipolar disorder risk interaction)	70 unaffected relatives of cases with bipolar disorder, 80 controls	NA	3q13.32	3	118402488	intergenic	LSAMP - IGSF11	ENSG00000185565	ENSG00000144847		404896	498069	rs488628-?	rs488628	0	488628	intron_variant	1	0.21	6E-7	6.221848749616356				Illumina [565404]	N	white matter integrity	http://www.ebi.ac.uk/efo/EFO_0004641	GCST001764	Genome-wide genotyping array
2013-03-05	23218918	Sprooten E	2012-12-04	Psychiatry Res	www.ncbi.nlm.nih.gov/pubmed/23218918	White matter integrity as an intermediate phenotype: exploratory genome-wide association analysis in individuals at high risk of bipolar disorder.	White matter integrity (bipolar disorder risk interaction)	70 unaffected relatives of cases with bipolar disorder, 80 controls	NA	3p14.1	3	64900435	ADAMTS9, MIR548A2, AS2	ADAMTS9-AS2			ENSG00000241684			rs1036797-?	rs1036797	0	1036797	intron_variant	0	0.26	2E-6	5.698970004336019				Illumina [565404]	N	white matter integrity	http://www.ebi.ac.uk/efo/EFO_0004641	GCST001764	Genome-wide genotyping array
2013-03-05	23218918	Sprooten E	2012-12-04	Psychiatry Res	www.ncbi.nlm.nih.gov/pubmed/23218918	White matter integrity as an intermediate phenotype: exploratory genome-wide association analysis in individuals at high risk of bipolar disorder.	White matter integrity (bipolar disorder risk interaction)	70 unaffected relatives of cases with bipolar disorder, 80 controls	NA	4q26	4	113458223	CAMK2D	CAMK2D			ENSG00000145349			rs1880529-?	rs1880529	0	1880529	intron_variant	0	0.43	4E-6	5.3979400086720375				Illumina [565404]	N	white matter integrity	http://www.ebi.ac.uk/efo/EFO_0004641	GCST001764	Genome-wide genotyping array
2013-03-05	23218918	Sprooten E	2012-12-04	Psychiatry Res	www.ncbi.nlm.nih.gov/pubmed/23218918	White matter integrity as an intermediate phenotype: exploratory genome-wide association analysis in individuals at high risk of bipolar disorder.	White matter integrity (bipolar disorder risk interaction)	70 unaffected relatives of cases with bipolar disorder, 80 controls	NA	3q28	3	188227136	LPP	LPP			ENSG00000145012			rs1975991-?	rs1975991	0	1975991	intron_variant	0	0.32	6E-6	5.221848749616356				Illumina [565404]	N	white matter integrity	http://www.ebi.ac.uk/efo/EFO_0004641	GCST001764	Genome-wide genotyping array
2013-03-05	23218918	Sprooten E	2012-12-04	Psychiatry Res	www.ncbi.nlm.nih.gov/pubmed/23218918	White matter integrity as an intermediate phenotype: exploratory genome-wide association analysis in individuals at high risk of bipolar disorder.	White matter integrity (bipolar disorder risk interaction)	70 unaffected relatives of cases with bipolar disorder, 80 controls	NA	2p25.3	2	2922241	AK095310	LINC01250			ENSG00000234423			rs17491951-?	rs17491951	0	17491951	intron_variant	0	0.38	7E-6	5.154901959985743				Illumina [565404]	N	white matter integrity	http://www.ebi.ac.uk/efo/EFO_0004641	GCST001764	Genome-wide genotyping array
2013-03-05	23218918	Sprooten E	2012-12-04	Psychiatry Res	www.ncbi.nlm.nih.gov/pubmed/23218918	White matter integrity as an intermediate phenotype: exploratory genome-wide association analysis in individuals at high risk of bipolar disorder.	White matter integrity (bipolar disorder risk interaction)	70 unaffected relatives of cases with bipolar disorder, 80 controls	NA	1p21.2	1	99803435	FRRS1, AGL	Y_RNA - AGL	ENSG00000200544	ENSG00000162688		11682	46342	rs6689305-?	rs6689305	0	6689305	intergenic_variant	1	0.19	9E-6	5.045757490560675				Illumina [565404]	N	white matter integrity	http://www.ebi.ac.uk/efo/EFO_0004641	GCST001764	Genome-wide genotyping array
2014-07-28	24322204	Winham SJ	2013-12-10	Mol Psychiatry	www.ncbi.nlm.nih.gov/pubmed/24322204	Genome-wide association study of bipolar disorder accounting for effect of body mass index identifies a new risk allele in TCF7L2.	Bipolar disorder (body mass index interaction)	388 European ancestry cases, 1,020 European ancestry controls	NA	3q23	3	140698604	NR	TRIM42			ENSG00000155890			rs79436609-?	rs79436609	0	79436609	intron_variant	0	NR	3E-8	7.522878745280337				NR [up to 8466825] (imputed)	N	bipolar disorder, body mass index	http://purl.obolibrary.org/obo/MONDO_0004985, http://www.ebi.ac.uk/efo/EFO_0004340	GCST002306	Genome-wide genotyping array
2014-07-28	24322204	Winham SJ	2013-12-10	Mol Psychiatry	www.ncbi.nlm.nih.gov/pubmed/24322204	Genome-wide association study of bipolar disorder accounting for effect of body mass index identifies a new risk allele in TCF7L2.	Bipolar disorder (body mass index interaction)	388 European ancestry cases, 1,020 European ancestry controls	NA	3q26.31	3	175506108	NR	NAALADL2			ENSG00000177694			rs74619861-?	rs74619861	0	74619861	intron_variant	0	NR	3E-6	5.522878745280337				NR [up to 8466825] (imputed)	N	bipolar disorder, body mass index	http://purl.obolibrary.org/obo/MONDO_0004985, http://www.ebi.ac.uk/efo/EFO_0004340	GCST002306	Genome-wide genotyping array
2014-07-28	24322204	Winham SJ	2013-12-10	Mol Psychiatry	www.ncbi.nlm.nih.gov/pubmed/24322204	Genome-wide association study of bipolar disorder accounting for effect of body mass index identifies a new risk allele in TCF7L2.	Bipolar disorder (body mass index interaction)	388 European ancestry cases, 1,020 European ancestry controls	NA	17p13.1	17	6878094	NR	ALOX12P2, ALOX12P2, MIR497HG			ENSG00000262943, ENSG00000291084, ENSG00000267532			rs58630086-?	rs58630086	0	58630086	intron_variant	0	NR	6E-7	6.221848749616356				NR [up to 8466825] (imputed)	N	bipolar disorder, body mass index	http://purl.obolibrary.org/obo/MONDO_0004985, http://www.ebi.ac.uk/efo/EFO_0004340	GCST002306	Genome-wide genotyping array
2014-07-28	24322204	Winham SJ	2013-12-10	Mol Psychiatry	www.ncbi.nlm.nih.gov/pubmed/24322204	Genome-wide association study of bipolar disorder accounting for effect of body mass index identifies a new risk allele in TCF7L2.	Bipolar disorder (body mass index interaction)	388 European ancestry cases, 1,020 European ancestry controls	NA	8q21.3	8	92207493	NR	RUNX1T1 - FLJ46284	ENSG00000079102	ENSG00000248858		104108	467485	rs116951791-?	rs116951791	0	116951791	intergenic_variant	1	NR	7E-7	6.154901959985743				NR [up to 8466825] (imputed)	N	bipolar disorder, body mass index	http://purl.obolibrary.org/obo/MONDO_0004985, http://www.ebi.ac.uk/efo/EFO_0004340	GCST002306	Genome-wide genotyping array
2014-07-28	24322204	Winham SJ	2013-12-10	Mol Psychiatry	www.ncbi.nlm.nih.gov/pubmed/24322204	Genome-wide association study of bipolar disorder accounting for effect of body mass index identifies a new risk allele in TCF7L2.	Bipolar disorder (body mass index interaction)	388 European ancestry cases, 1,020 European ancestry controls	NA	20p11.23	20	19885312	NR	RIN2			ENSG00000132669			rs4814920-?	rs4814920	0	4814920	intron_variant	0	NR	3E-6	5.522878745280337				NR [up to 8466825] (imputed)	N	bipolar disorder, body mass index	http://purl.obolibrary.org/obo/MONDO_0004985, http://www.ebi.ac.uk/efo/EFO_0004340	GCST002306	Genome-wide genotyping array
2014-07-28	24322204	Winham SJ	2013-12-10	Mol Psychiatry	www.ncbi.nlm.nih.gov/pubmed/24322204	Genome-wide association study of bipolar disorder accounting for effect of body mass index identifies a new risk allele in TCF7L2.	Bipolar disorder (body mass index interaction)	388 European ancestry cases, 1,020 European ancestry controls	NA	5q15	5	93007488	NR	LINC02058 - POLD2P1	ENSG00000248528	ENSG00000213730		67897	259941	rs147721431-?	rs147721431	0	147721431	intergenic_variant	1	NR	1E-6	6.0				NR [up to 8466825] (imputed)	N	bipolar disorder, body mass index	http://purl.obolibrary.org/obo/MONDO_0004985, http://www.ebi.ac.uk/efo/EFO_0004340	GCST002306	Genome-wide genotyping array
2014-07-28	24322204	Winham SJ	2013-12-10	Mol Psychiatry	www.ncbi.nlm.nih.gov/pubmed/24322204	Genome-wide association study of bipolar disorder accounting for effect of body mass index identifies a new risk allele in TCF7L2.	Bipolar disorder (body mass index interaction)	388 European ancestry cases, 1,020 European ancestry controls	NA	15q11.2	15	23402602	NR	GOLGA8S - HERC2P6	ENSG00000261739	ENSG00000261418		34261	28237	rs183418565-?	rs183418565	0	183418565	intron_variant	1	NR	2E-6	5.698970004336019				NR [up to 8466825] (imputed)	N	bipolar disorder, body mass index	http://purl.obolibrary.org/obo/MONDO_0004985, http://www.ebi.ac.uk/efo/EFO_0004340	GCST002306	Genome-wide genotyping array
2014-07-28	24322204	Winham SJ	2013-12-10	Mol Psychiatry	www.ncbi.nlm.nih.gov/pubmed/24322204	Genome-wide association study of bipolar disorder accounting for effect of body mass index identifies a new risk allele in TCF7L2.	Bipolar disorder (body mass index interaction)	388 European ancestry cases, 1,020 European ancestry controls	NA	5p13.3	5	31917136	NR	PDZD2			ENSG00000133401			rs11957407-?	rs11957407	0	11957407	intron_variant	0	NR	3E-6	5.522878745280337				NR [up to 8466825] (imputed)	N	bipolar disorder, body mass index	http://purl.obolibrary.org/obo/MONDO_0004985, http://www.ebi.ac.uk/efo/EFO_0004340	GCST002306	Genome-wide genotyping array
2014-07-28	24322204	Winham SJ	2013-12-10	Mol Psychiatry	www.ncbi.nlm.nih.gov/pubmed/24322204	Genome-wide association study of bipolar disorder accounting for effect of body mass index identifies a new risk allele in TCF7L2.	Bipolar disorder (body mass index interaction)	388 European ancestry cases, 1,020 European ancestry controls	NA	18q22.1	18	67802897	NR	DSEL-AS1			ENSG00000265533			rs11660238-?	rs11660238	0	11660238	intron_variant	0	NR	2E-6	5.698970004336019				NR [up to 8466825] (imputed)	N	bipolar disorder, body mass index	http://purl.obolibrary.org/obo/MONDO_0004985, http://www.ebi.ac.uk/efo/EFO_0004340	GCST002306	Genome-wide genotyping array
2014-07-28	24322204	Winham SJ	2013-12-10	Mol Psychiatry	www.ncbi.nlm.nih.gov/pubmed/24322204	Genome-wide association study of bipolar disorder accounting for effect of body mass index identifies a new risk allele in TCF7L2.	Bipolar disorder (body mass index interaction)	388 European ancestry cases, 1,020 European ancestry controls	NA	18q22.1	18	67804806	NR	DSEL-AS1			ENSG00000265533			rs75687134-?	rs75687134	0	75687134	intron_variant	0	NR	2E-6	5.698970004336019				NR [up to 8466825] (imputed)	N	bipolar disorder, body mass index	http://purl.obolibrary.org/obo/MONDO_0004985, http://www.ebi.ac.uk/efo/EFO_0004340	GCST002306	Genome-wide genotyping array
2014-07-28	24322204	Winham SJ	2013-12-10	Mol Psychiatry	www.ncbi.nlm.nih.gov/pubmed/24322204	Genome-wide association study of bipolar disorder accounting for effect of body mass index identifies a new risk allele in TCF7L2.	Bipolar disorder (body mass index interaction)	388 European ancestry cases, 1,020 European ancestry controls	NA	3q23	3	140957958	NR	SLC25A36			ENSG00000114120			rs141220432-?	rs141220432	0	141220432	intron_variant	0	NR	4E-6	5.3979400086720375				NR [up to 8466825] (imputed)	N	bipolar disorder, body mass index	http://purl.obolibrary.org/obo/MONDO_0004985, http://www.ebi.ac.uk/efo/EFO_0004340	GCST002306	Genome-wide genotyping array
2014-07-28	24322204	Winham SJ	2013-12-10	Mol Psychiatry	www.ncbi.nlm.nih.gov/pubmed/24322204	Genome-wide association study of bipolar disorder accounting for effect of body mass index identifies a new risk allele in TCF7L2.	Bipolar disorder (body mass index interaction)	388 European ancestry cases, 1,020 European ancestry controls	NA	7q31.33	7	126256694	NR	POT1-AS1 - GRM8	ENSG00000224897	ENSG00000179603		773728	181904	rs117982730-?	rs117982730	0	117982730	intron_variant	1	NR	4E-6	5.3979400086720375				NR [up to 8466825] (imputed)	N	bipolar disorder, body mass index	http://purl.obolibrary.org/obo/MONDO_0004985, http://www.ebi.ac.uk/efo/EFO_0004340	GCST002306	Genome-wide genotyping array
2014-07-28	24322204	Winham SJ	2013-12-10	Mol Psychiatry	www.ncbi.nlm.nih.gov/pubmed/24322204	Genome-wide association study of bipolar disorder accounting for effect of body mass index identifies a new risk allele in TCF7L2.	Bipolar disorder (body mass index interaction)	388 European ancestry cases, 1,020 European ancestry controls	NA	15q26.1	15	93346230	MCTP2, SEPHS1P2	RGMA - SEPHS1P2	ENSG00000182175	ENSG00000258787		257019	84429	rs17541406-?	rs17541406	0	17541406	intron_variant	1	NR	1E-6	6.0				NR [up to 8466825] (imputed)	N	bipolar disorder, body mass index	http://purl.obolibrary.org/obo/MONDO_0004985, http://www.ebi.ac.uk/efo/EFO_0004340	GCST002306	Genome-wide genotyping array
2014-07-28	24322204	Winham SJ	2013-12-10	Mol Psychiatry	www.ncbi.nlm.nih.gov/pubmed/24322204	Genome-wide association study of bipolar disorder accounting for effect of body mass index identifies a new risk allele in TCF7L2.	Bipolar disorder (body mass index interaction)	388 European ancestry cases, 1,020 European ancestry controls	NA	10q25.3	10	113120792	TCF7L2	TCF7L2			ENSG00000148737			rs12772424-?	rs12772424	0	12772424	intron_variant	0	NR	3E-8	7.522878745280337				NR [up to 8466825] (imputed)	N	bipolar disorder, body mass index	http://purl.obolibrary.org/obo/MONDO_0004985, http://www.ebi.ac.uk/efo/EFO_0004340	GCST002306	Genome-wide genotyping array
2014-07-28	24322204	Winham SJ	2013-12-10	Mol Psychiatry	www.ncbi.nlm.nih.gov/pubmed/24322204	Genome-wide association study of bipolar disorder accounting for effect of body mass index identifies a new risk allele in TCF7L2.	Bipolar disorder (body mass index interaction)	388 European ancestry cases, 1,020 European ancestry controls	NA	16q23.1	16	78432807	WWOX	WWOX			ENSG00000186153			rs11150078-?	rs11150078	0	11150078	intron_variant	0	NR	2E-6	5.698970004336019				NR [up to 8466825] (imputed)	N	bipolar disorder, body mass index	http://purl.obolibrary.org/obo/MONDO_0004985, http://www.ebi.ac.uk/efo/EFO_0004340	GCST002306	Genome-wide genotyping array
2014-07-28	24322204	Winham SJ	2013-12-10	Mol Psychiatry	www.ncbi.nlm.nih.gov/pubmed/24322204	Genome-wide association study of bipolar disorder accounting for effect of body mass index identifies a new risk allele in TCF7L2.	Bipolar disorder (body mass index interaction)	388 European ancestry cases, 1,020 European ancestry controls	NA	12q24.32	12	125658800	TMEM132B	TMEM132B			ENSG00000139364			rs1043607-?	rs1043607	0	1043607	3_prime_UTR_variant	0	NR	4E-6	5.3979400086720375				NR [up to 8466825] (imputed)	N	bipolar disorder, body mass index	http://purl.obolibrary.org/obo/MONDO_0004985, http://www.ebi.ac.uk/efo/EFO_0004340	GCST002306	Genome-wide genotyping array
2014-07-28	24322204	Winham SJ	2013-12-10	Mol Psychiatry	www.ncbi.nlm.nih.gov/pubmed/24322204	Genome-wide association study of bipolar disorder accounting for effect of body mass index identifies a new risk allele in TCF7L2.	Bipolar disorder (body mass index interaction)	388 European ancestry cases, 1,020 European ancestry controls	NA	10q22.1	10	71662527	CDH23	CDH23			ENSG00000107736			rs1625975-?	rs1625975	0	1625975	intron_variant	0	NR	3E-6	5.522878745280337				NR [up to 8466825] (imputed)	N	bipolar disorder, body mass index	http://purl.obolibrary.org/obo/MONDO_0004985, http://www.ebi.ac.uk/efo/EFO_0004340	GCST002306	Genome-wide genotyping array
2014-07-28	24322204	Winham SJ	2013-12-10	Mol Psychiatry	www.ncbi.nlm.nih.gov/pubmed/24322204	Genome-wide association study of bipolar disorder accounting for effect of body mass index identifies a new risk allele in TCF7L2.	Bipolar disorder (body mass index interaction)	388 European ancestry cases, 1,020 European ancestry controls	NA	6q23.3	6	136224135	NR	PDE7B-AS1			ENSG00000237596			rs113508841-?	rs113508841	0	113508841	intron_variant	0	NR	6E-6	5.221848749616356				NR [up to 8466825] (imputed)	N	bipolar disorder, body mass index	http://purl.obolibrary.org/obo/MONDO_0004985, http://www.ebi.ac.uk/efo/EFO_0004340	GCST002306	Genome-wide genotyping array
2014-07-28	24322204	Winham SJ	2013-12-10	Mol Psychiatry	www.ncbi.nlm.nih.gov/pubmed/24322204	Genome-wide association study of bipolar disorder accounting for effect of body mass index identifies a new risk allele in TCF7L2.	Bipolar disorder (body mass index interaction)	388 European ancestry cases, 1,020 European ancestry controls	NA	6q21	6	112813274	NR	PA2G4P5 - RNU6-1163P	ENSG00000225580	ENSG00000201386		195394	158219	rs10782174-?	rs10782174	0	10782174	intergenic_variant	1	NR	2E-6	5.698970004336019				NR [up to 8466825] (imputed)	N	bipolar disorder, body mass index	http://purl.obolibrary.org/obo/MONDO_0004985, http://www.ebi.ac.uk/efo/EFO_0004340	GCST002306	Genome-wide genotyping array
2014-07-28	24322204	Winham SJ	2013-12-10	Mol Psychiatry	www.ncbi.nlm.nih.gov/pubmed/24322204	Genome-wide association study of bipolar disorder accounting for effect of body mass index identifies a new risk allele in TCF7L2.	Bipolar disorder (body mass index interaction)	388 European ancestry cases, 1,020 European ancestry controls	NA	18q22.1	18	67804281	NR	DSEL-AS1			ENSG00000265533			rs74789784-?	rs74789784	0	74789784	intron_variant	0	NR	2E-6	5.698970004336019				NR [up to 8466825] (imputed)	N	bipolar disorder, body mass index	http://purl.obolibrary.org/obo/MONDO_0004985, http://www.ebi.ac.uk/efo/EFO_0004340	GCST002306	Genome-wide genotyping array
2014-07-28	24322204	Winham SJ	2013-12-10	Mol Psychiatry	www.ncbi.nlm.nih.gov/pubmed/24322204	Genome-wide association study of bipolar disorder accounting for effect of body mass index identifies a new risk allele in TCF7L2.	Bipolar disorder (body mass index interaction)	388 European ancestry cases, 1,020 European ancestry controls	NA	5q31.3	5	144031781	NR	HMHB1 - RN7SL87P	ENSG00000158497	ENSG00000239390		211065	109098	rs391760-?	rs391760	0	391760	intergenic_variant	1	NR	2E-6	5.698970004336019				NR [up to 8466825] (imputed)	N	bipolar disorder, body mass index	http://purl.obolibrary.org/obo/MONDO_0004985, http://www.ebi.ac.uk/efo/EFO_0004340	GCST002306	Genome-wide genotyping array
2014-07-28	24322204	Winham SJ	2013-12-10	Mol Psychiatry	www.ncbi.nlm.nih.gov/pubmed/24322204	Genome-wide association study of bipolar disorder accounting for effect of body mass index identifies a new risk allele in TCF7L2.	Bipolar disorder (body mass index interaction)	388 European ancestry cases, 1,020 European ancestry controls	NA	5q31.3	5	144043380	NR	HMHB1 - RN7SL87P	ENSG00000158497	ENSG00000239390		222664	97499	rs409220-?	rs409220	0	409220	intergenic_variant	1	NR	3E-6	5.522878745280337				NR [up to 8466825] (imputed)	N	bipolar disorder, body mass index	http://purl.obolibrary.org/obo/MONDO_0004985, http://www.ebi.ac.uk/efo/EFO_0004340	GCST002306	Genome-wide genotyping array
2014-07-28	24322204	Winham SJ	2013-12-10	Mol Psychiatry	www.ncbi.nlm.nih.gov/pubmed/24322204	Genome-wide association study of bipolar disorder accounting for effect of body mass index identifies a new risk allele in TCF7L2.	Bipolar disorder (body mass index interaction)	388 European ancestry cases, 1,020 European ancestry controls	NA	12q15	12	68563384	NR	RPSAP12 - Metazoa_SRP	ENSG00000240087	ENSG00000275978		9502	12474	rs116075389-?	rs116075389	0	116075389	intergenic_variant	1	NR	3E-6	5.522878745280337				NR [up to 8466825] (imputed)	N	bipolar disorder, body mass index	http://purl.obolibrary.org/obo/MONDO_0004985, http://www.ebi.ac.uk/efo/EFO_0004340	GCST002306	Genome-wide genotyping array
2014-07-28	24322204	Winham SJ	2013-12-10	Mol Psychiatry	www.ncbi.nlm.nih.gov/pubmed/24322204	Genome-wide association study of bipolar disorder accounting for effect of body mass index identifies a new risk allele in TCF7L2.	Bipolar disorder (body mass index interaction)	388 European ancestry cases, 1,020 European ancestry controls	NA	6p12.3	6	50384423	NR	DEFB112 - TFAP2D	ENSG00000180872	ENSG00000008197		334494	329103	rs6921059-?	rs6921059	0	6921059	intergenic_variant	1	NR	4E-6	5.3979400086720375				NR [up to 8466825] (imputed)	N	bipolar disorder, body mass index	http://purl.obolibrary.org/obo/MONDO_0004985, http://www.ebi.ac.uk/efo/EFO_0004340	GCST002306	Genome-wide genotyping array
2014-07-28	24322204	Winham SJ	2013-12-10	Mol Psychiatry	www.ncbi.nlm.nih.gov/pubmed/24322204	Genome-wide association study of bipolar disorder accounting for effect of body mass index identifies a new risk allele in TCF7L2.	Bipolar disorder (body mass index interaction)	388 European ancestry cases, 1,020 European ancestry controls	NA	12q15	12	68561792	NR	RPSAP12 - Metazoa_SRP	ENSG00000240087	ENSG00000275978		7910	14066	rs150516896-?	rs150516896	0	150516896	intergenic_variant	1	NR	4E-6	5.3979400086720375				NR [up to 8466825] (imputed)	N	bipolar disorder, body mass index	http://purl.obolibrary.org/obo/MONDO_0004985, http://www.ebi.ac.uk/efo/EFO_0004340	GCST002306	Genome-wide genotyping array
2014-07-28	24322204	Winham SJ	2013-12-10	Mol Psychiatry	www.ncbi.nlm.nih.gov/pubmed/24322204	Genome-wide association study of bipolar disorder accounting for effect of body mass index identifies a new risk allele in TCF7L2.	Bipolar disorder (body mass index interaction)	388 European ancestry cases, 1,020 European ancestry controls	NA	7q22.3	7	105582004	NR	EFCAB10			ENSG00000185055			rs116979167-?	rs116979167	0	116979167	intron_variant	0	NR	5E-6	5.301029995663981				NR [up to 8466825] (imputed)	N	bipolar disorder, body mass index	http://purl.obolibrary.org/obo/MONDO_0004985, http://www.ebi.ac.uk/efo/EFO_0004340	GCST002306	Genome-wide genotyping array
2014-07-28	24322204	Winham SJ	2013-12-10	Mol Psychiatry	www.ncbi.nlm.nih.gov/pubmed/24322204	Genome-wide association study of bipolar disorder accounting for effect of body mass index identifies a new risk allele in TCF7L2.	Bipolar disorder (body mass index interaction)	388 European ancestry cases, 1,020 European ancestry controls	NA	16q24.2	16	87644970	NR	JPH3			ENSG00000154118			rs34975147-?	rs34975147	0	34975147	synonymous_variant	0	NR	5E-6	5.301029995663981				NR [up to 8466825] (imputed)	N	bipolar disorder, body mass index	http://purl.obolibrary.org/obo/MONDO_0004985, http://www.ebi.ac.uk/efo/EFO_0004340	GCST002306	Genome-wide genotyping array
2014-07-28	24322204	Winham SJ	2013-12-10	Mol Psychiatry	www.ncbi.nlm.nih.gov/pubmed/24322204	Genome-wide association study of bipolar disorder accounting for effect of body mass index identifies a new risk allele in TCF7L2.	Bipolar disorder (body mass index interaction)	388 European ancestry cases, 1,020 European ancestry controls	NA	22q13.32	22	48527647	NR	TAFA5			ENSG00000219438			rs80088139-?	rs80088139	0	80088139	intron_variant	0	NR	5E-6	5.301029995663981				NR [up to 8466825] (imputed)	N	bipolar disorder, body mass index	http://purl.obolibrary.org/obo/MONDO_0004985, http://www.ebi.ac.uk/efo/EFO_0004340	GCST002306	Genome-wide genotyping array
2014-07-28	24322204	Winham SJ	2013-12-10	Mol Psychiatry	www.ncbi.nlm.nih.gov/pubmed/24322204	Genome-wide association study of bipolar disorder accounting for effect of body mass index identifies a new risk allele in TCF7L2.	Bipolar disorder (body mass index interaction)	388 European ancestry cases, 1,020 European ancestry controls	NA	18q22.1	18	67816575	NR	DSEL-AS1			ENSG00000265533			rs11661646-?	rs11661646	0	11661646	intron_variant	0	NR	6E-6	5.221848749616356				NR [up to 8466825] (imputed)	N	bipolar disorder, body mass index	http://purl.obolibrary.org/obo/MONDO_0004985, http://www.ebi.ac.uk/efo/EFO_0004340	GCST002306	Genome-wide genotyping array
2014-07-28	24322204	Winham SJ	2013-12-10	Mol Psychiatry	www.ncbi.nlm.nih.gov/pubmed/24322204	Genome-wide association study of bipolar disorder accounting for effect of body mass index identifies a new risk allele in TCF7L2.	Bipolar disorder (body mass index interaction)	388 European ancestry cases, 1,020 European ancestry controls	NA	3q23	3	140651170	TRIM42	CLSTN2-AS1			ENSG00000250433			rs72977016-?	rs72977016	0	72977016	intron_variant	0	NR	7E-9	8.154901959985743				NR [up to 8466825] (imputed)	N	bipolar disorder, body mass index	http://purl.obolibrary.org/obo/MONDO_0004985, http://www.ebi.ac.uk/efo/EFO_0004340	GCST002306	Genome-wide genotyping array
2014-07-28	24322204	Winham SJ	2013-12-10	Mol Psychiatry	www.ncbi.nlm.nih.gov/pubmed/24322204	Genome-wide association study of bipolar disorder accounting for effect of body mass index identifies a new risk allele in TCF7L2.	Bipolar disorder (body mass index interaction)	388 European ancestry cases, 1,020 European ancestry controls	NA	20q13.33	20	61531817	NR	CDH4			ENSG00000179242			rs116896199-?	rs116896199	0	116896199	intron_variant	0	NR	5E-6	5.301029995663981				NR [up to 8466825] (imputed)	N	bipolar disorder, body mass index	http://purl.obolibrary.org/obo/MONDO_0004985, http://www.ebi.ac.uk/efo/EFO_0004340	GCST002306	Genome-wide genotyping array
2014-07-28	24322204	Winham SJ	2013-12-10	Mol Psychiatry	www.ncbi.nlm.nih.gov/pubmed/24322204	Genome-wide association study of bipolar disorder accounting for effect of body mass index identifies a new risk allele in TCF7L2.	Bipolar disorder (body mass index interaction)	388 European ancestry cases, 1,020 European ancestry controls	NA	10q25.3	10	113114260	NR	TCF7L2			ENSG00000148737			rs290475-?	rs290475	0	290475	intron_variant	0	NR	3E-7	6.522878745280337				NR [up to 8466825] (imputed)	N	bipolar disorder, body mass index	http://purl.obolibrary.org/obo/MONDO_0004985, http://www.ebi.ac.uk/efo/EFO_0004340	GCST002306	Genome-wide genotyping array
2014-07-28	24322204	Winham SJ	2013-12-10	Mol Psychiatry	www.ncbi.nlm.nih.gov/pubmed/24322204	Genome-wide association study of bipolar disorder accounting for effect of body mass index identifies a new risk allele in TCF7L2.	Bipolar disorder (body mass index interaction)	388 European ancestry cases, 1,020 European ancestry controls	NA	12q24.31	12	125062029	NR	BRI3BP - AACS	ENSG00000184992	ENSG00000081760		30798	3335	rs12300899-?	rs12300899	0	12300899	intergenic_variant	1	NR	5E-7	6.301029995663981				NR [up to 8466825] (imputed)	N	bipolar disorder, body mass index	http://purl.obolibrary.org/obo/MONDO_0004985, http://www.ebi.ac.uk/efo/EFO_0004340	GCST002306	Genome-wide genotyping array
2014-07-28	24322204	Winham SJ	2013-12-10	Mol Psychiatry	www.ncbi.nlm.nih.gov/pubmed/24322204	Genome-wide association study of bipolar disorder accounting for effect of body mass index identifies a new risk allele in TCF7L2.	Bipolar disorder (body mass index interaction)	388 European ancestry cases, 1,020 European ancestry controls	NA	20q13.2	20	53161584	NR	TSHZ2			ENSG00000182463			rs118174081-?	rs118174081	0	118174081	intron_variant	0	NR	3E-6	5.522878745280337				NR [up to 8466825] (imputed)	N	bipolar disorder, body mass index	http://purl.obolibrary.org/obo/MONDO_0004985, http://www.ebi.ac.uk/efo/EFO_0004340	GCST002306	Genome-wide genotyping array
2014-07-28	24322204	Winham SJ	2013-12-10	Mol Psychiatry	www.ncbi.nlm.nih.gov/pubmed/24322204	Genome-wide association study of bipolar disorder accounting for effect of body mass index identifies a new risk allele in TCF7L2.	Bipolar disorder (body mass index interaction)	388 European ancestry cases, 1,020 European ancestry controls	NA	1p34.2	1	43222879	NR	CFAP57, EBNA1BP2			ENSG00000243710, ENSG00000117395			rs150404479-?	rs150404479	0	150404479	missense_variant	0	NR	1E-6	6.0				NR [up to 8466825] (imputed)	N	bipolar disorder, body mass index	http://purl.obolibrary.org/obo/MONDO_0004985, http://www.ebi.ac.uk/efo/EFO_0004340	GCST002306	Genome-wide genotyping array
2014-07-28	24322204	Winham SJ	2013-12-10	Mol Psychiatry	www.ncbi.nlm.nih.gov/pubmed/24322204	Genome-wide association study of bipolar disorder accounting for effect of body mass index identifies a new risk allele in TCF7L2.	Bipolar disorder (body mass index interaction)	388 European ancestry cases, 1,020 European ancestry controls	NA	19q13.41	19	51835388	NR	ZNF577			ENSG00000161551			rs62110082-?	rs62110082	0	62110082	intergenic_variant	0	NR	1E-6	6.0				NR [up to 8466825] (imputed)	N	bipolar disorder, body mass index	http://purl.obolibrary.org/obo/MONDO_0004985, http://www.ebi.ac.uk/efo/EFO_0004340	GCST002306	Genome-wide genotyping array
2014-07-28	24322204	Winham SJ	2013-12-10	Mol Psychiatry	www.ncbi.nlm.nih.gov/pubmed/24322204	Genome-wide association study of bipolar disorder accounting for effect of body mass index identifies a new risk allele in TCF7L2.	Bipolar disorder (body mass index interaction)	388 European ancestry cases, 1,020 European ancestry controls	NA	5q21.3	5	107946647	NR	FBXL17			ENSG00000145743			rs72795979-?	rs72795979	0	72795979	intron_variant	0	NR	3E-6	5.522878745280337				NR [up to 8466825] (imputed)	N	bipolar disorder, body mass index	http://purl.obolibrary.org/obo/MONDO_0004985, http://www.ebi.ac.uk/efo/EFO_0004340	GCST002306	Genome-wide genotyping array
2014-07-28	24322204	Winham SJ	2013-12-10	Mol Psychiatry	www.ncbi.nlm.nih.gov/pubmed/24322204	Genome-wide association study of bipolar disorder accounting for effect of body mass index identifies a new risk allele in TCF7L2.	Bipolar disorder (body mass index interaction)	388 European ancestry cases, 1,020 European ancestry controls	NA	2p16.1	2	55191799	NR	CLHC1			ENSG00000162994			rs7588591-?	rs7588591	0	7588591	intron_variant	0	NR	2E-6	5.698970004336019				NR [up to 8466825] (imputed)	N	bipolar disorder, body mass index	http://purl.obolibrary.org/obo/MONDO_0004985, http://www.ebi.ac.uk/efo/EFO_0004340	GCST002306	Genome-wide genotyping array
2014-07-28	24322204	Winham SJ	2013-12-10	Mol Psychiatry	www.ncbi.nlm.nih.gov/pubmed/24322204	Genome-wide association study of bipolar disorder accounting for effect of body mass index identifies a new risk allele in TCF7L2.	Bipolar disorder (body mass index interaction)	388 European ancestry cases, 1,020 European ancestry controls	NA	3q23	3	140963071	NR	SLC25A36			ENSG00000114120			rs150888153-?	rs150888153	0	150888153	intron_variant	0	NR	4E-6	5.3979400086720375				NR [up to 8466825] (imputed)	N	bipolar disorder, body mass index	http://purl.obolibrary.org/obo/MONDO_0004985, http://www.ebi.ac.uk/efo/EFO_0004340	GCST002306	Genome-wide genotyping array
2014-07-28	24322204	Winham SJ	2013-12-10	Mol Psychiatry	www.ncbi.nlm.nih.gov/pubmed/24322204	Genome-wide association study of bipolar disorder accounting for effect of body mass index identifies a new risk allele in TCF7L2.	Bipolar disorder (body mass index interaction)	388 European ancestry cases, 1,020 European ancestry controls	NA	5q21.3	5	107946648	NR	FBXL17			ENSG00000145743			rs72795980-?	rs72795980	0	72795980	intron_variant	0	NR	2E-6	5.698970004336019				NR [up to 8466825] (imputed)	N	bipolar disorder, body mass index	http://purl.obolibrary.org/obo/MONDO_0004985, http://www.ebi.ac.uk/efo/EFO_0004340	GCST002306	Genome-wide genotyping array
2014-07-28	24322204	Winham SJ	2013-12-10	Mol Psychiatry	www.ncbi.nlm.nih.gov/pubmed/24322204	Genome-wide association study of bipolar disorder accounting for effect of body mass index identifies a new risk allele in TCF7L2.	Bipolar disorder (body mass index interaction)	388 European ancestry cases, 1,020 European ancestry controls	NA	12q15	12	68562405	NR	RPSAP12 - Metazoa_SRP	ENSG00000240087	ENSG00000275978		8523	13453	rs114588203-?	rs114588203	0	114588203	intergenic_variant	1	NR	3E-6	5.522878745280337				NR [up to 8466825] (imputed)	N	bipolar disorder, body mass index	http://purl.obolibrary.org/obo/MONDO_0004985, http://www.ebi.ac.uk/efo/EFO_0004340	GCST002306	Genome-wide genotyping array
2014-07-28	24322204	Winham SJ	2013-12-10	Mol Psychiatry	www.ncbi.nlm.nih.gov/pubmed/24322204	Genome-wide association study of bipolar disorder accounting for effect of body mass index identifies a new risk allele in TCF7L2.	Bipolar disorder (body mass index interaction)	388 European ancestry cases, 1,020 European ancestry controls	NA	5q33.3	5	157518140	NR	ADAM19			ENSG00000135074			rs58873874-?	rs58873874	0	58873874	intron_variant	0	NR	3E-6	5.522878745280337				NR [up to 8466825] (imputed)	N	bipolar disorder, body mass index	http://purl.obolibrary.org/obo/MONDO_0004985, http://www.ebi.ac.uk/efo/EFO_0004340	GCST002306	Genome-wide genotyping array
2014-07-28	24322204	Winham SJ	2013-12-10	Mol Psychiatry	www.ncbi.nlm.nih.gov/pubmed/24322204	Genome-wide association study of bipolar disorder accounting for effect of body mass index identifies a new risk allele in TCF7L2.	Bipolar disorder (body mass index interaction)	388 European ancestry cases, 1,020 European ancestry controls	NA	2p11.2	2	90296917	NR	IGKV3D-7 - IGKV1OR2-118	ENSG00000228325	ENSG00000270999		61547	18449	rs191753171-?	rs191753171	0	191753171	intergenic_variant	1	NR	4E-6	5.3979400086720375				NR [up to 8466825] (imputed)	N	bipolar disorder, body mass index	http://purl.obolibrary.org/obo/MONDO_0004985, http://www.ebi.ac.uk/efo/EFO_0004340	GCST002306	Genome-wide genotyping array
2014-07-28	24322204	Winham SJ	2013-12-10	Mol Psychiatry	www.ncbi.nlm.nih.gov/pubmed/24322204	Genome-wide association study of bipolar disorder accounting for effect of body mass index identifies a new risk allele in TCF7L2.	Bipolar disorder (body mass index interaction)	388 European ancestry cases, 1,020 European ancestry controls	NA	6q21	6	112839142	NR	PA2G4P5 - RNU6-1163P	ENSG00000225580	ENSG00000201386		221262	132351	rs62421103-?	rs62421103	0	62421103	intergenic_variant	1	NR	4E-6	5.3979400086720375				NR [up to 8466825] (imputed)	N	bipolar disorder, body mass index	http://purl.obolibrary.org/obo/MONDO_0004985, http://www.ebi.ac.uk/efo/EFO_0004340	GCST002306	Genome-wide genotyping array
2014-07-28	24322204	Winham SJ	2013-12-10	Mol Psychiatry	www.ncbi.nlm.nih.gov/pubmed/24322204	Genome-wide association study of bipolar disorder accounting for effect of body mass index identifies a new risk allele in TCF7L2.	Bipolar disorder (body mass index interaction)	388 European ancestry cases, 1,020 European ancestry controls	NA	7q22.3	7	105526406	NR	PUS7 - RINT1	ENSG00000091127	ENSG00000135249		4134	5754	rs6963495-?	rs6963495	0	6963495	intergenic_variant	1	NR	5E-6	5.301029995663981				NR [up to 8466825] (imputed)	N	bipolar disorder, body mass index	http://purl.obolibrary.org/obo/MONDO_0004985, http://www.ebi.ac.uk/efo/EFO_0004340	GCST002306	Genome-wide genotyping array
2014-07-28	24322204	Winham SJ	2013-12-10	Mol Psychiatry	www.ncbi.nlm.nih.gov/pubmed/24322204	Genome-wide association study of bipolar disorder accounting for effect of body mass index identifies a new risk allele in TCF7L2.	Bipolar disorder (body mass index interaction)	388 European ancestry cases, 1,020 European ancestry controls	NA	4q31.21	4	144275053	GYPA	GUSBP5			ENSG00000251600			rs7690204-?	rs7690204	0	7690204	intron_variant	0	NR	5E-6	5.301029995663981				NR [up to 8466825] (imputed)	N	bipolar disorder, body mass index	http://purl.obolibrary.org/obo/MONDO_0004985, http://www.ebi.ac.uk/efo/EFO_0004340	GCST002306	Genome-wide genotyping array
2014-07-28	24322204	Winham SJ	2013-12-10	Mol Psychiatry	www.ncbi.nlm.nih.gov/pubmed/24322204	Genome-wide association study of bipolar disorder accounting for effect of body mass index identifies a new risk allele in TCF7L2.	Bipolar disorder (body mass index interaction)	388 European ancestry cases, 1,020 European ancestry controls	NA	6q21	6	112803099	LOC100287612, MARCKS	PA2G4P5 - RNU6-1163P	ENSG00000225580	ENSG00000201386		185219	168394	rs6934970-?	rs6934970	0	6934970	intergenic_variant	1	NR	7E-6	5.154901959985743				NR [up to 8466825] (imputed)	N	bipolar disorder, body mass index	http://purl.obolibrary.org/obo/MONDO_0004985, http://www.ebi.ac.uk/efo/EFO_0004340	GCST002306	Genome-wide genotyping array
2014-07-28	24322204	Winham SJ	2013-12-10	Mol Psychiatry	www.ncbi.nlm.nih.gov/pubmed/24322204	Genome-wide association study of bipolar disorder accounting for effect of body mass index identifies a new risk allele in TCF7L2.	Bipolar disorder (body mass index interaction)	388 European ancestry cases, 1,020 European ancestry controls	NA	2p14	2	66031567	MIR4778	LINC02934			ENSG00000204929			rs2699783-?	rs2699783	0	2699783	intron_variant	0	NR	7E-6	5.154901959985743				NR [up to 8466825] (imputed)	N	bipolar disorder, body mass index	http://purl.obolibrary.org/obo/MONDO_0004985, http://www.ebi.ac.uk/efo/EFO_0004340	GCST002306	Genome-wide genotyping array
2014-07-28	24322204	Winham SJ	2013-12-10	Mol Psychiatry	www.ncbi.nlm.nih.gov/pubmed/24322204	Genome-wide association study of bipolar disorder accounting for effect of body mass index identifies a new risk allele in TCF7L2.	Bipolar disorder (body mass index interaction)	388 European ancestry cases, 1,020 European ancestry controls	NA	5q21.3	5	107945920	FBXL17	FBXL17			ENSG00000145743			rs10070308-?	rs10070308	0	10070308	intron_variant	0	NR	4E-6	5.3979400086720375				NR [up to 8466825] (imputed)	N	bipolar disorder, body mass index	http://purl.obolibrary.org/obo/MONDO_0004985, http://www.ebi.ac.uk/efo/EFO_0004340	GCST002306	Genome-wide genotyping array
2014-07-28	24322204	Winham SJ	2013-12-10	Mol Psychiatry	www.ncbi.nlm.nih.gov/pubmed/24322204	Genome-wide association study of bipolar disorder accounting for effect of body mass index identifies a new risk allele in TCF7L2.	Bipolar disorder (body mass index interaction)	388 European ancestry cases, 1,020 European ancestry controls	NA	18q22.1	18	67803512	NR	DSEL-AS1			ENSG00000265533			rs114535501-?	rs114535501	0	114535501	intron_variant	0	NR	6E-6	5.221848749616356				NR [up to 8466825] (imputed)	N	bipolar disorder, body mass index	http://purl.obolibrary.org/obo/MONDO_0004985, http://www.ebi.ac.uk/efo/EFO_0004340	GCST002306	Genome-wide genotyping array
2014-07-28	24322204	Winham SJ	2013-12-10	Mol Psychiatry	www.ncbi.nlm.nih.gov/pubmed/24322204	Genome-wide association study of bipolar disorder accounting for effect of body mass index identifies a new risk allele in TCF7L2.	Bipolar disorder (body mass index interaction)	388 European ancestry cases, 1,020 European ancestry controls	NA	5q33.3	5	157543136	NR	ADAM19			ENSG00000135074			rs77372450-?	rs77372450	0	77372450	intron_variant	0	NR	6E-6	5.221848749616356				NR [up to 8466825] (imputed)	N	bipolar disorder, body mass index	http://purl.obolibrary.org/obo/MONDO_0004985, http://www.ebi.ac.uk/efo/EFO_0004340	GCST002306	Genome-wide genotyping array
2014-10-22	24618891	Muhleisen TW	2014-03-11	Nat Commun	www.ncbi.nlm.nih.gov/pubmed/24618891	Genome-wide association study reveals two new risk loci for bipolar disorder.	Bipolar disorder	9,747 European ancestry cases, 14,278 European ancestry controls	NA	10q21.2	10	60562276	ANK3	ANK3			ENSG00000151150			rs10994415-C	rs10994415	0	10994415	intron_variant	0	NR	7E-11	10.154901959985743		1.27	[NR]	Illumina [2267487] (imputed)	N	bipolar disorder	http://purl.obolibrary.org/obo/MONDO_0004985	GCST002385	Genome-wide genotyping array
2014-10-22	24618891	Muhleisen TW	2014-03-11	Nat Commun	www.ncbi.nlm.nih.gov/pubmed/24618891	Genome-wide association study reveals two new risk loci for bipolar disorder.	Bipolar disorder	9,747 European ancestry cases, 14,278 European ancestry controls	NA	19p13.11	19	19333177	NCAN	MAU2			ENSG00000129933			rs2011503-?	rs2011503	0	2011503	intron_variant	0	NR	9E-8	7.045757490560675		1.15	[NR]	Illumina [2267487] (imputed)	N	bipolar disorder	http://purl.obolibrary.org/obo/MONDO_0004985	GCST002385	Genome-wide genotyping array
2014-10-22	24618891	Muhleisen TW	2014-03-11	Nat Commun	www.ncbi.nlm.nih.gov/pubmed/24618891	Genome-wide association study reveals two new risk loci for bipolar disorder.	Bipolar disorder	9,747 European ancestry cases, 14,278 European ancestry controls	NA	11q14.1	11	79372576	ODZ4	TENM4			ENSG00000149256			rs12290811-A	rs12290811	0	12290811	intron_variant	0	NR	1E-9	9.0		1.19	[NR]	Illumina [2267487] (imputed)	N	bipolar disorder	http://purl.obolibrary.org/obo/MONDO_0004985	GCST002385	Genome-wide genotyping array
2014-10-22	24618891	Muhleisen TW	2014-03-11	Nat Commun	www.ncbi.nlm.nih.gov/pubmed/24618891	Genome-wide association study reveals two new risk loci for bipolar disorder.	Bipolar disorder	9,747 European ancestry cases, 14,278 European ancestry controls	NA	5p15.31	5	7519185	ADCY2	ADCY2			ENSG00000078295			rs17826816-G	rs17826816	0	17826816	intron_variant	0	NR	1E-8	8.0		1.14	[NR]	Illumina [2267487] (imputed)	N	bipolar disorder	http://purl.obolibrary.org/obo/MONDO_0004985	GCST002385	Genome-wide genotyping array
2014-10-22	24618891	Muhleisen TW	2014-03-11	Nat Commun	www.ncbi.nlm.nih.gov/pubmed/24618891	Genome-wide association study reveals two new risk loci for bipolar disorder.	Bipolar disorder	9,747 European ancestry cases, 14,278 European ancestry controls	NA	6q16.1	6	98128347	POU3F2, MIR2113	MIR2113 - EIF4EBP2P3	ENSG00000238367	ENSG00000220505		103726	51152	rs12202969-A	rs12202969	0	12202969	intron_variant	1	NR	1E-8	8.0		1.12	[NR]	Illumina [2267487] (imputed)	N	bipolar disorder	http://purl.obolibrary.org/obo/MONDO_0004985	GCST002385	Genome-wide genotyping array
2014-10-22	24618891	Muhleisen TW	2014-03-11	Nat Commun	www.ncbi.nlm.nih.gov/pubmed/24618891	Genome-wide association study reveals two new risk loci for bipolar disorder.	Bipolar disorder	9,747 European ancestry cases, 14,278 European ancestry controls	NA	3p22.2	3	36822998	TRANK1	LINC02033 - TRANK1	ENSG00000279727	ENSG00000168016		500	3819	rs6550435-G	rs6550435	0	6550435	intergenic_variant	1	NR	2E-8	7.698970004336019		1.13	[NR]	Illumina [2267487] (imputed)	N	bipolar disorder	http://purl.obolibrary.org/obo/MONDO_0004985	GCST002385	Genome-wide genotyping array
2015-04-15	24882193	Winham SJ	2014-04-19	J Affect Disord	www.ncbi.nlm.nih.gov/pubmed/24882193	Bipolar disorder with comorbid binge eating history: a genome-wide association study implicates APOB.	Binge eating behaviour in bipolar disorder	206 European ancestry cases with binge eating behavior, 723 European ancestry cases without binge eating behavior	70 European ancestry cases with binge eating behavior, 758 European ancestry cases without binge eating behavior	22q13.31	22	44858015	PRR5	ARHGAP8, PRR5-ARHGAP8			ENSG00000241484, ENSG00000248405			rs6006893-?	rs6006893	0	6006893	intron_variant	0	NR	9E-7	6.045757490560675		1.99	[NR]	Affymetrix [8466825] (imputed)	N	binge eating disorder	http://purl.obolibrary.org/obo/MONDO_0005582	GCST002420	Genome-wide genotyping array
2015-04-15	24882193	Winham SJ	2014-04-19	J Affect Disord	www.ncbi.nlm.nih.gov/pubmed/24882193	Bipolar disorder with comorbid binge eating history: a genome-wide association study implicates APOB.	Binge eating behaviour and bipolar disorder	206 European ancestry cases with binge eating behavior, 723 European ancestry cases without binge eating behavior, 1,034 European ancestry controls	70 European ancestry cases with binge eating behavior, 758 European ancestry cases without binge eating behavior, 832 European ancestry controls	2p24.1	2	20934123	APOB	LINC02850 - APOB	ENSG00000236436	ENSG00000084674		72462	67306	rs10198175-?	rs10198175	0	10198175	intergenic_variant	1	NR	1E-6	6.0		1.92	[NR]	Affymetrix [8466825] (imputed)	N	bipolar disorder, binge eating disorder	http://purl.obolibrary.org/obo/MONDO_0004985, http://purl.obolibrary.org/obo/MONDO_0005582	GCST002419	Genome-wide genotyping array
2015-04-15	24882193	Winham SJ	2014-04-19	J Affect Disord	www.ncbi.nlm.nih.gov/pubmed/24882193	Bipolar disorder with comorbid binge eating history: a genome-wide association study implicates APOB.	Binge eating behaviour and bipolar disorder	206 European ancestry cases with binge eating behavior, 723 European ancestry cases without binge eating behavior, 1,034 European ancestry controls	70 European ancestry cases with binge eating behavior, 758 European ancestry cases without binge eating behavior, 832 European ancestry controls	7p21.3	7	9030639	PER4	NXPH1 - GAPDHP68	ENSG00000122584	ENSG00000233876		277678	584339	rs13233490-?	rs13233490	0	13233490	intergenic_variant	1	NR	4E-6	5.3979400086720375		4.89	[NR]	Affymetrix [8466825] (imputed)	N	bipolar disorder, binge eating disorder	http://purl.obolibrary.org/obo/MONDO_0004985, http://purl.obolibrary.org/obo/MONDO_0005582	GCST002419	Genome-wide genotyping array
2020-10-07	32606422	Wu Y	2020-06-30	Transl Psychiatry	www.ncbi.nlm.nih.gov/pubmed/32606422	Multi-trait analysis for genome-wide association study of five psychiatric disorders.	Bipolar disorder (MTAG)	65,682 individuals	NA	1q23.3	1	163783451	NR	RNA5SP63 - U3	ENSG00000212527	ENSG00000221496		273856	140219	rs8179328-?	rs8179328	0	8179328	intron_variant	1	NR	2E-8	7.698970004336019				NR [520857]	N	bipolar disorder	http://purl.obolibrary.org/obo/MONDO_0004985	GCST010641	Genome-wide genotyping array
2020-10-07	32606422	Wu Y	2020-06-30	Transl Psychiatry	www.ncbi.nlm.nih.gov/pubmed/32606422	Multi-trait analysis for genome-wide association study of five psychiatric disorders.	Bipolar disorder (MTAG)	65,682 individuals	NA	2p24.1	2	22381268	NR	LINC01830, LINC03116			ENSG00000228999, ENSG00000234207			rs2339519-?	rs2339519	0	2339519	intron_variant	0	NR	2E-10	9.698970004336019				NR [520857]	N	bipolar disorder	http://purl.obolibrary.org/obo/MONDO_0004985	GCST010641	Genome-wide genotyping array
2020-10-07	32606422	Wu Y	2020-06-30	Transl Psychiatry	www.ncbi.nlm.nih.gov/pubmed/32606422	Multi-trait analysis for genome-wide association study of five psychiatric disorders.	Bipolar disorder (MTAG)	65,682 individuals	NA	2p23.2	2	27810671	NR	RBKS, MRPL33			ENSG00000171174, ENSG00000243147			rs12474906-?	rs12474906	0	12474906	intron_variant	0	NR	4E-8	7.3979400086720375				NR [520857]	N	bipolar disorder	http://purl.obolibrary.org/obo/MONDO_0004985	GCST010641	Genome-wide genotyping array
2020-10-07	32606422	Wu Y	2020-06-30	Transl Psychiatry	www.ncbi.nlm.nih.gov/pubmed/32606422	Multi-trait analysis for genome-wide association study of five psychiatric disorders.	Bipolar disorder (MTAG)	65,682 individuals	NA	2p16.1	2	57844458	NR	ACTG1P22 - VRK2	ENSG00000271615	ENSG00000028116		78406	63148	rs80256351-?	rs80256351	0	80256351	intron_variant	1	NR	9E-11	10.045757490560675				NR [520857]	N	bipolar disorder	http://purl.obolibrary.org/obo/MONDO_0004985	GCST010641	Genome-wide genotyping array
2020-10-07	32606422	Wu Y	2020-06-30	Transl Psychiatry	www.ncbi.nlm.nih.gov/pubmed/32606422	Multi-trait analysis for genome-wide association study of five psychiatric disorders.	Bipolar disorder (MTAG)	65,682 individuals	NA	2q11.2	2	96750416	NR	LMAN2L - CNNM4	ENSG00000114988	ENSG00000158158		10332	10482	rs4619651-?	rs4619651	0	4619651	intergenic_variant	1	NR	1E-9	9.0				NR [520857]	N	bipolar disorder	http://purl.obolibrary.org/obo/MONDO_0004985	GCST010641	Genome-wide genotyping array
2020-10-07	32606422	Wu Y	2020-06-30	Transl Psychiatry	www.ncbi.nlm.nih.gov/pubmed/32606422	Multi-trait analysis for genome-wide association study of five psychiatric disorders.	Bipolar disorder (MTAG)	65,682 individuals	NA	2q32.1	2	184597314	NR	MIR548AE1 - ZNF804A	ENSG00000266808	ENSG00000170396		218270	1215	rs10497655-?	rs10497655	0	10497655	intron_variant	1	NR	2E-8	7.698970004336019				NR [520857]	N	bipolar disorder	http://purl.obolibrary.org/obo/MONDO_0004985	GCST010641	Genome-wide genotyping array
2020-10-07	32606422	Wu Y	2020-06-30	Transl Psychiatry	www.ncbi.nlm.nih.gov/pubmed/32606422	Multi-trait analysis for genome-wide association study of five psychiatric disorders.	Bipolar disorder (MTAG)	65,682 individuals	NA	2q32.1	2	184947213	NR	ZNF804A - ELF2P4	ENSG00000170396	ENSG00000225406		7721	599922	rs4380187-?	rs4380187	0	4380187	intergenic_variant	1	NR	8E-9	8.096910013008056				NR [520857]	N	bipolar disorder	http://purl.obolibrary.org/obo/MONDO_0004985	GCST010641	Genome-wide genotyping array
2020-10-07	32606422	Wu Y	2020-06-30	Transl Psychiatry	www.ncbi.nlm.nih.gov/pubmed/32606422	Multi-trait analysis for genome-wide association study of five psychiatric disorders.	Bipolar disorder (MTAG)	65,682 individuals	NA	2q32.3	2	192983614	NR	PCGEM1 - SLC44A3P1	ENSG00000227418	ENSG00000232658		206715	272869	rs59979824-?	rs59979824	0	59979824	intergenic_variant	1	NR	2E-9	8.698970004336019				NR [520857]	N	bipolar disorder	http://purl.obolibrary.org/obo/MONDO_0004985	GCST010641	Genome-wide genotyping array
2020-10-07	32606422	Wu Y	2020-06-30	Transl Psychiatry	www.ncbi.nlm.nih.gov/pubmed/32606422	Multi-trait analysis for genome-wide association study of five psychiatric disorders.	Bipolar disorder (MTAG)	65,682 individuals	NA	2q32.3	2	193513924	NR	DNAJC17P1 - SEC61GP1	ENSG00000235218	ENSG00000224219		236310	216631	rs2439202-?	rs2439202	0	2439202	intron_variant	1	NR	6E-11	10.221848749616356				NR [520857]	N	bipolar disorder	http://purl.obolibrary.org/obo/MONDO_0004985	GCST010641	Genome-wide genotyping array
2020-10-07	32606422	Wu Y	2020-06-30	Transl Psychiatry	www.ncbi.nlm.nih.gov/pubmed/32606422	Multi-trait analysis for genome-wide association study of five psychiatric disorders.	Bipolar disorder (MTAG)	65,682 individuals	NA	2q33.1	2	197439853	NR	SF3B1 - RNU6-1029P	ENSG00000115524	ENSG00000206836		4774	7892	rs6434928-?	rs6434928	0	6434928	intergenic_variant	1	NR	8E-10	9.096910013008056				NR [520857]	N	bipolar disorder	http://purl.obolibrary.org/obo/MONDO_0004985	GCST010641	Genome-wide genotyping array
2020-10-07	32606422	Wu Y	2020-06-30	Transl Psychiatry	www.ncbi.nlm.nih.gov/pubmed/32606422	Multi-trait analysis for genome-wide association study of five psychiatric disorders.	Bipolar disorder (MTAG)	65,682 individuals	NA	2q33.1	2	199865305	NR	FTCDNL1 - RN7SL717P	ENSG00000226124	ENSG00000240302		14098	35776	rs769950-?	rs769950	0	769950	intergenic_variant	1	NR	3E-11	10.522878745280337				NR [520857]	N	bipolar disorder	http://purl.obolibrary.org/obo/MONDO_0004985	GCST010641	Genome-wide genotyping array
2020-10-07	32606422	Wu Y	2020-06-30	Transl Psychiatry	www.ncbi.nlm.nih.gov/pubmed/32606422	Multi-trait analysis for genome-wide association study of five psychiatric disorders.	Bipolar disorder (MTAG)	65,682 individuals	NA	2q37.1	2	232923640	NR	NGEF			ENSG00000066248			rs778353-?	rs778353	0	778353	intron_variant	0	NR	1E-8	8.0				NR [520857]	N	bipolar disorder	http://purl.obolibrary.org/obo/MONDO_0004985	GCST010641	Genome-wide genotyping array
2020-10-07	32606422	Wu Y	2020-06-30	Transl Psychiatry	www.ncbi.nlm.nih.gov/pubmed/32606422	Multi-trait analysis for genome-wide association study of five psychiatric disorders.	Bipolar disorder (MTAG)	65,682 individuals	NA	3p26.3	3	2479638	NR	CNTN4			ENSG00000144619			rs35346733-?	rs35346733	0	35346733	intron_variant	0	NR	5E-10	9.301029995663981				NR [520857]	N	bipolar disorder	http://purl.obolibrary.org/obo/MONDO_0004985	GCST010641	Genome-wide genotyping array
2020-10-07	32606422	Wu Y	2020-06-30	Transl Psychiatry	www.ncbi.nlm.nih.gov/pubmed/32606422	Multi-trait analysis for genome-wide association study of five psychiatric disorders.	Bipolar disorder (MTAG)	65,682 individuals	NA	3p22.2	3	36814539	NR	HSPD1P6 - LINC02033	ENSG00000230067	ENSG00000279727		45740	4737	rs9834970-?	rs9834970	0	9834970	regulatory_region_variant	1	NR	6E-16	15.221848749616356				NR [520857]	N	bipolar disorder	http://purl.obolibrary.org/obo/MONDO_0004985	GCST010641	Genome-wide genotyping array
2020-10-07	32606422	Wu Y	2020-06-30	Transl Psychiatry	www.ncbi.nlm.nih.gov/pubmed/32606422	Multi-trait analysis for genome-wide association study of five psychiatric disorders.	Bipolar disorder (MTAG)	65,682 individuals	NA	3p21.1	3	52781889	NR	ITIH1			ENSG00000055957			rs2710323-?	rs2710323	0	2710323	intron_variant	0	NR	4E-12	11.397940008672037				NR [520857]	N	bipolar disorder	http://purl.obolibrary.org/obo/MONDO_0004985	GCST010641	Genome-wide genotyping array
2020-10-07	32606422	Wu Y	2020-06-30	Transl Psychiatry	www.ncbi.nlm.nih.gov/pubmed/32606422	Multi-trait analysis for genome-wide association study of five psychiatric disorders.	Bipolar disorder (MTAG)	65,682 individuals	NA	4q24	4	102276925	NR	SLC39A8			ENSG00000138821			rs13135092-?	rs13135092	0	13135092	intron_variant	0	NR	1E-8	8.0				NR [520857]	N	bipolar disorder	http://purl.obolibrary.org/obo/MONDO_0004985	GCST010641	Genome-wide genotyping array
2020-10-07	32606422	Wu Y	2020-06-30	Transl Psychiatry	www.ncbi.nlm.nih.gov/pubmed/32606422	Multi-trait analysis for genome-wide association study of five psychiatric disorders.	Bipolar disorder (MTAG)	65,682 individuals	NA	5q12.1	5	61346768	NR	ZSWIM6			ENSG00000130449			rs4604142-?	rs4604142	0	4604142	intron_variant	0	NR	4E-8	7.3979400086720375				NR [520857]	N	bipolar disorder	http://purl.obolibrary.org/obo/MONDO_0004985	GCST010641	Genome-wide genotyping array
2020-10-07	32606422	Wu Y	2020-06-30	Transl Psychiatry	www.ncbi.nlm.nih.gov/pubmed/32606422	Multi-trait analysis for genome-wide association study of five psychiatric disorders.	Bipolar disorder (MTAG)	65,682 individuals	NA	5q31.1	5	134570919	NR	JADE2			ENSG00000043143			rs329319-?	rs329319	0	329319	intron_variant	0	NR	2E-8	7.698970004336019				NR [520857]	N	bipolar disorder	http://purl.obolibrary.org/obo/MONDO_0004985	GCST010641	Genome-wide genotyping array
2020-10-07	32606422	Wu Y	2020-06-30	Transl Psychiatry	www.ncbi.nlm.nih.gov/pubmed/32606422	Multi-trait analysis for genome-wide association study of five psychiatric disorders.	Bipolar disorder (MTAG)	65,682 individuals	NA	5q31.2	5	138376432	NR	KDM3B			ENSG00000120733			rs10043984-?	rs10043984	0	10043984	intron_variant	0	NR	2E-8	7.698970004336019				NR [520857]	N	bipolar disorder	http://purl.obolibrary.org/obo/MONDO_0004985	GCST010641	Genome-wide genotyping array
2020-10-07	32606422	Wu Y	2020-06-30	Transl Psychiatry	www.ncbi.nlm.nih.gov/pubmed/32606422	Multi-trait analysis for genome-wide association study of five psychiatric disorders.	Bipolar disorder (MTAG)	65,682 individuals	NA	5q33.1	5	152807563	NR	LINC01470			ENSG00000249484			rs72799190-?	rs72799190	0	72799190	intron_variant	0	NR	1E-12	12.0				NR [520857]	N	bipolar disorder	http://purl.obolibrary.org/obo/MONDO_0004985	GCST010641	Genome-wide genotyping array
2020-10-07	32606422	Wu Y	2020-06-30	Transl Psychiatry	www.ncbi.nlm.nih.gov/pubmed/32606422	Multi-trait analysis for genome-wide association study of five psychiatric disorders.	Bipolar disorder (MTAG)	65,682 individuals	NA	5q33.1	5	153160794	NR	LINC01470			ENSG00000249484			rs2910032-?	rs2910032	0	2910032	intron_variant	0	NR	4E-8	7.3979400086720375				NR [520857]	N	bipolar disorder	http://purl.obolibrary.org/obo/MONDO_0004985	GCST010641	Genome-wide genotyping array
2020-10-07	32606422	Wu Y	2020-06-30	Transl Psychiatry	www.ncbi.nlm.nih.gov/pubmed/32606422	Multi-trait analysis for genome-wide association study of five psychiatric disorders.	Bipolar disorder (MTAG)	65,682 individuals	NA	6p22.2	6	25384133	NR	CMAHP, CARMIL1			ENSG00000293489, ENSG00000079691			rs215011-?	rs215011	0	215011	intron_variant	0	NR	5E-9	8.301029995663981				NR [520857]	N	bipolar disorder	http://purl.obolibrary.org/obo/MONDO_0004985	GCST010641	Genome-wide genotyping array
2020-10-07	32606422	Wu Y	2020-06-30	Transl Psychiatry	www.ncbi.nlm.nih.gov/pubmed/32606422	Multi-trait analysis for genome-wide association study of five psychiatric disorders.	Bipolar disorder (MTAG)	65,682 individuals	NA	6p22.2	6	26408323	NR	BTN3A1			ENSG00000026950			rs75782365-?	rs75782365	0	75782365	intron_variant	0	NR	3E-18	17.522878745280337				NR [520857]	N	bipolar disorder	http://purl.obolibrary.org/obo/MONDO_0004985	GCST010641	Genome-wide genotyping array
2020-10-07	32606422	Wu Y	2020-06-30	Transl Psychiatry	www.ncbi.nlm.nih.gov/pubmed/32606422	Multi-trait analysis for genome-wide association study of five psychiatric disorders.	Bipolar disorder (MTAG)	65,682 individuals	NA	6p22.1	6	27343879	NR	VN1R10P - ZNF204P	ENSG00000220758	ENSG00000204789		18111	14373	rs6922815-?	rs6922815	0	6922815	intergenic_variant	1	NR	2E-8	7.698970004336019				NR [520857]	N	bipolar disorder	http://purl.obolibrary.org/obo/MONDO_0004985	GCST010641	Genome-wide genotyping array
2020-10-07	32606422	Wu Y	2020-06-30	Transl Psychiatry	www.ncbi.nlm.nih.gov/pubmed/32606422	Multi-trait analysis for genome-wide association study of five psychiatric disorders.	Bipolar disorder (MTAG)	65,682 individuals	NA	6p22.1	6	27837477	NR	H2AC15			ENSG00000275221			rs34706883-?	rs34706883	0	34706883	intergenic_variant	0	NR	7E-20	19.154901959985743				NR [520857]	N	bipolar disorder	http://purl.obolibrary.org/obo/MONDO_0004985	GCST010641	Genome-wide genotyping array
2020-10-07	32606422	Wu Y	2020-06-30	Transl Psychiatry	www.ncbi.nlm.nih.gov/pubmed/32606422	Multi-trait analysis for genome-wide association study of five psychiatric disorders.	Bipolar disorder (MTAG)	65,682 individuals	NA	6p22.1	6	29276442	NR	LINC03003			ENSG00000290496			rs144447022-?	rs144447022	0	144447022	intron_variant	0	NR	7E-20	19.154901959985743				NR [520857]	N	bipolar disorder	http://purl.obolibrary.org/obo/MONDO_0004985	GCST010641	Genome-wide genotyping array
2020-10-07	32606422	Wu Y	2020-06-30	Transl Psychiatry	www.ncbi.nlm.nih.gov/pubmed/32606422	Multi-trait analysis for genome-wide association study of five psychiatric disorders.	Bipolar disorder (MTAG)	65,682 individuals	NA	6p21.31	6	33569769	NR	Metazoa_SRP - BAK1	ENSG00000275978	ENSG00000030110		6639	2778	rs169738-?	rs169738	0	169738	intron_variant	1	NR	1E-8	8.0				NR [520857]	N	bipolar disorder	http://purl.obolibrary.org/obo/MONDO_0004985	GCST010641	Genome-wide genotyping array
2020-10-07	32606422	Wu Y	2020-06-30	Transl Psychiatry	www.ncbi.nlm.nih.gov/pubmed/32606422	Multi-trait analysis for genome-wide association study of five psychiatric disorders.	Bipolar disorder (MTAG)	65,682 individuals	NA	6q14.2	6	83663339	NR	SNAP91			ENSG00000065609			rs60730-?	rs60730	0	60730	intron_variant	0	NR	1E-9	9.0				NR [520857]	N	bipolar disorder	http://purl.obolibrary.org/obo/MONDO_0004985	GCST010641	Genome-wide genotyping array
2020-10-07	32606422	Wu Y	2020-06-30	Transl Psychiatry	www.ncbi.nlm.nih.gov/pubmed/32606422	Multi-trait analysis for genome-wide association study of five psychiatric disorders.	Bipolar disorder (MTAG)	65,682 individuals	NA	6q16.1	6	98136857	NR	MIR2113 - EIF4EBP2P3	ENSG00000238367	ENSG00000220505		112236	42642	rs9320913-?	rs9320913	0	9320913	intron_variant	1	NR	1E-8	8.0				NR [520857]	N	bipolar disorder	http://purl.obolibrary.org/obo/MONDO_0004985	GCST010641	Genome-wide genotyping array
2020-10-07	32606422	Wu Y	2020-06-30	Transl Psychiatry	www.ncbi.nlm.nih.gov/pubmed/32606422	Multi-trait analysis for genome-wide association study of five psychiatric disorders.	Bipolar disorder (MTAG)	65,682 individuals	NA	7p22.3	7	1990232	NR	MAD1L1			ENSG00000002822			rs58120505-?	rs58120505	0	58120505	intron_variant	0	NR	7E-9	8.154901959985743				NR [520857]	N	bipolar disorder	http://purl.obolibrary.org/obo/MONDO_0004985	GCST010641	Genome-wide genotyping array
2020-10-07	32606422	Wu Y	2020-06-30	Transl Psychiatry	www.ncbi.nlm.nih.gov/pubmed/32606422	Multi-trait analysis for genome-wide association study of five psychiatric disorders.	Bipolar disorder (MTAG)	65,682 individuals	NA	7p15.3	7	24734849	NR	GSDME			ENSG00000105928			rs80195870-?	rs80195870	0	80195870	intron_variant	0	NR	2E-10	9.698970004336019				NR [520857]	N	bipolar disorder	http://purl.obolibrary.org/obo/MONDO_0004985	GCST010641	Genome-wide genotyping array
2020-10-07	32606422	Wu Y	2020-06-30	Transl Psychiatry	www.ncbi.nlm.nih.gov/pubmed/32606422	Multi-trait analysis for genome-wide association study of five psychiatric disorders.	Bipolar disorder (MTAG)	65,682 individuals	NA	7q21.12	7	86798310	NR	GRM3, GRM3-AS1			ENSG00000198822, ENSG00000233073			rs12704290-?	rs12704290	0	12704290	intron_variant	0	NR	1E-9	9.0				NR [520857]	N	bipolar disorder	http://purl.obolibrary.org/obo/MONDO_0004985	GCST010641	Genome-wide genotyping array
2020-10-07	32606422	Wu Y	2020-06-30	Transl Psychiatry	www.ncbi.nlm.nih.gov/pubmed/32606422	Multi-trait analysis for genome-wide association study of five psychiatric disorders.	Bipolar disorder (MTAG)	65,682 individuals	NA	7q31.1	7	110538893	NR	RPL3P8 - IMMP2L	ENSG00000232199	ENSG00000184903		539269	123751	rs2966422-?	rs2966422	0	2966422	intergenic_variant	1	NR	4E-8	7.3979400086720375				NR [520857]	N	bipolar disorder	http://purl.obolibrary.org/obo/MONDO_0004985	GCST010641	Genome-wide genotyping array
2020-10-07	32606422	Wu Y	2020-06-30	Transl Psychiatry	www.ncbi.nlm.nih.gov/pubmed/32606422	Multi-trait analysis for genome-wide association study of five psychiatric disorders.	Bipolar disorder (MTAG)	65,682 individuals	NA	7q34	7	140967165	NR	BRAF - CCT4P1	ENSG00000157764	ENSG00000242703		42189	30787	rs13236223-?	rs13236223	0	13236223	intergenic_variant	1	NR	2E-9	8.698970004336019				NR [520857]	N	bipolar disorder	http://purl.obolibrary.org/obo/MONDO_0004985	GCST010641	Genome-wide genotyping array
2020-10-07	32606422	Wu Y	2020-06-30	Transl Psychiatry	www.ncbi.nlm.nih.gov/pubmed/32606422	Multi-trait analysis for genome-wide association study of five psychiatric disorders.	Bipolar disorder (MTAG)	65,682 individuals	NA	8p12	8	34163620	NR	RPL6P22 - RPL10AP3	ENSG00000240738	ENSG00000215264		303397	159372	rs75836205-?	rs75836205	0	75836205	intron_variant	1	NR	3E-8	7.522878745280337				NR [520857]	N	bipolar disorder	http://purl.obolibrary.org/obo/MONDO_0004985	GCST010641	Genome-wide genotyping array
2020-10-07	32606422	Wu Y	2020-06-30	Transl Psychiatry	www.ncbi.nlm.nih.gov/pubmed/32606422	Multi-trait analysis for genome-wide association study of five psychiatric disorders.	Bipolar disorder (MTAG)	65,682 individuals	NA	8p11.23	8	38427063	NR	FGFR1			ENSG00000077782			rs6984358-?	rs6984358	0	6984358	intron_variant	0	NR	1E-8	8.0				NR [520857]	N	bipolar disorder	http://purl.obolibrary.org/obo/MONDO_0004985	GCST010641	Genome-wide genotyping array
2020-10-07	32606422	Wu Y	2020-06-30	Transl Psychiatry	www.ncbi.nlm.nih.gov/pubmed/32606422	Multi-trait analysis for genome-wide association study of five psychiatric disorders.	Bipolar disorder (MTAG)	65,682 individuals	NA	8q24.3	8	142229454	NR	TSNARE1			ENSG00000171045			rs11167136-?	rs11167136	0	11167136	intron_variant	0	NR	1E-9	9.0				NR [520857]	N	bipolar disorder	http://purl.obolibrary.org/obo/MONDO_0004985	GCST010641	Genome-wide genotyping array
2020-10-07	32606422	Wu Y	2020-06-30	Transl Psychiatry	www.ncbi.nlm.nih.gov/pubmed/32606422	Multi-trait analysis for genome-wide association study of five psychiatric disorders.	Bipolar disorder (MTAG)	65,682 individuals	NA	10p12.31	10	18439070	NR	CACNB2			ENSG00000165995			rs10764493-?	rs10764493	0	10764493	intron_variant	0	NR	8E-9	8.096910013008056				NR [520857]	N	bipolar disorder	http://purl.obolibrary.org/obo/MONDO_0004985	GCST010641	Genome-wide genotyping array
2020-10-07	32606422	Wu Y	2020-06-30	Transl Psychiatry	www.ncbi.nlm.nih.gov/pubmed/32606422	Multi-trait analysis for genome-wide association study of five psychiatric disorders.	Bipolar disorder (MTAG)	65,682 individuals	NA	10q24.32	10	102868477	NR	BORCS7-ASMT, U6			ENSG00000270316, ENSG00000283414			rs7098825-?	rs7098825	0	7098825	non_coding_transcript_exon_variant	0	NR	1E-12	12.0				NR [520857]	N	bipolar disorder	http://purl.obolibrary.org/obo/MONDO_0004985	GCST010641	Genome-wide genotyping array
2020-10-07	32606422	Wu Y	2020-06-30	Transl Psychiatry	www.ncbi.nlm.nih.gov/pubmed/32606422	Multi-trait analysis for genome-wide association study of five psychiatric disorders.	Bipolar disorder (MTAG)	65,682 individuals	NA	10q25.2	10	110175792	NR	SNRPGP12 - MXI1	ENSG00000226734	ENSG00000119950		36366	31813	rs72830427-?	rs72830427	0	72830427	intergenic_variant	1	NR	3E-8	7.522878745280337				NR [520857]	N	bipolar disorder	http://purl.obolibrary.org/obo/MONDO_0004985	GCST010641	Genome-wide genotyping array
2020-10-07	32606422	Wu Y	2020-06-30	Transl Psychiatry	www.ncbi.nlm.nih.gov/pubmed/32606422	Multi-trait analysis for genome-wide association study of five psychiatric disorders.	Bipolar disorder (MTAG)	65,682 individuals	NA	11q13.2	11	66715794	NR	SPTBN2			ENSG00000173898			rs12805133-?	rs12805133	0	12805133	intron_variant	0	NR	3E-8	7.522878745280337				NR [520857]	N	bipolar disorder	http://purl.obolibrary.org/obo/MONDO_0004985	GCST010641	Genome-wide genotyping array
2020-10-07	32606422	Wu Y	2020-06-30	Transl Psychiatry	www.ncbi.nlm.nih.gov/pubmed/32606422	Multi-trait analysis for genome-wide association study of five psychiatric disorders.	Bipolar disorder (MTAG)	65,682 individuals	NA	11q23.2	11	113522272	NR	DRD2 - TMPRSS5	ENSG00000149295	ENSG00000166682		45870	165271	rs2514218-?	rs2514218	0	2514218	intergenic_variant	1	NR	5E-9	8.301029995663981				NR [520857]	N	bipolar disorder	http://purl.obolibrary.org/obo/MONDO_0004985	GCST010641	Genome-wide genotyping array
2020-10-07	32606422	Wu Y	2020-06-30	Transl Psychiatry	www.ncbi.nlm.nih.gov/pubmed/32606422	Multi-trait analysis for genome-wide association study of five psychiatric disorders.	Bipolar disorder (MTAG)	65,682 individuals	NA	12p13.33	12	2299028	NR	CACNA1C, CACNA1C-IT3			ENSG00000151067, ENSG00000256721			rs4298967-?	rs4298967	0	4298967	intron_variant	0	NR	3E-16	15.522878745280337				NR [520857]	N	bipolar disorder	http://purl.obolibrary.org/obo/MONDO_0004985	GCST010641	Genome-wide genotyping array
2020-10-07	32606422	Wu Y	2020-06-30	Transl Psychiatry	www.ncbi.nlm.nih.gov/pubmed/32606422	Multi-trait analysis for genome-wide association study of five psychiatric disorders.	Bipolar disorder (MTAG)	65,682 individuals	NA	12q23.1	12	99104862	NR	ANKS1B			ENSG00000185046			rs4762559-?	rs4762559	0	4762559	non_coding_transcript_exon_variant	0	NR	6E-9	8.221848749616356				NR [520857]	N	bipolar disorder	http://purl.obolibrary.org/obo/MONDO_0004985	GCST010641	Genome-wide genotyping array
2020-10-07	32606422	Wu Y	2020-06-30	Transl Psychiatry	www.ncbi.nlm.nih.gov/pubmed/32606422	Multi-trait analysis for genome-wide association study of five psychiatric disorders.	Bipolar disorder (MTAG)	65,682 individuals	NA	14q12	14	29718199	NR	PRKD1			ENSG00000184304			rs10149407-?	rs10149407	0	10149407	intron_variant	0	NR	2E-8	7.698970004336019				NR [520857]	N	bipolar disorder	http://purl.obolibrary.org/obo/MONDO_0004985	GCST010641	Genome-wide genotyping array
2020-10-07	32606422	Wu Y	2020-06-30	Transl Psychiatry	www.ncbi.nlm.nih.gov/pubmed/32606422	Multi-trait analysis for genome-wide association study of five psychiatric disorders.	Bipolar disorder (MTAG)	65,682 individuals	NA	14q24.2	14	71975895	NR	RGS6			ENSG00000182732			rs7161596-?	rs7161596	0	7161596	intron_variant	0	NR	1E-8	8.0				NR [520857]	N	bipolar disorder	http://purl.obolibrary.org/obo/MONDO_0004985	GCST010641	Genome-wide genotyping array
2020-10-07	32606422	Wu Y	2020-06-30	Transl Psychiatry	www.ncbi.nlm.nih.gov/pubmed/32606422	Multi-trait analysis for genome-wide association study of five psychiatric disorders.	Bipolar disorder (MTAG)	65,682 individuals	NA	14q32.2	14	99246608	NR	BCL11B			ENSG00000127152			rs11624408-?	rs11624408	0	11624408	intron_variant	0	NR	3E-9	8.522878745280337				NR [520857]	N	bipolar disorder	http://purl.obolibrary.org/obo/MONDO_0004985	GCST010641	Genome-wide genotyping array
2020-10-07	32606422	Wu Y	2020-06-30	Transl Psychiatry	www.ncbi.nlm.nih.gov/pubmed/32606422	Multi-trait analysis for genome-wide association study of five psychiatric disorders.	Bipolar disorder (MTAG)	65,682 individuals	NA	14q32.33	14	103795386	NR	PPP1R13B			ENSG00000088808			rs722637-?	rs722637	0	722637	intron_variant	0	NR	1E-10	10.0				NR [520857]	N	bipolar disorder	http://purl.obolibrary.org/obo/MONDO_0004985	GCST010641	Genome-wide genotyping array
2020-10-07	32606422	Wu Y	2020-06-30	Transl Psychiatry	www.ncbi.nlm.nih.gov/pubmed/32606422	Multi-trait analysis for genome-wide association study of five psychiatric disorders.	Bipolar disorder (MTAG)	65,682 individuals	NA	15q25.1	15	78616223	NR	CHRNA3			ENSG00000080644			rs28681284-?	rs28681284	0	28681284	intron_variant	0	NR	3E-8	7.522878745280337				NR [520857]	N	bipolar disorder	http://purl.obolibrary.org/obo/MONDO_0004985	GCST010641	Genome-wide genotyping array
2020-10-07	32606422	Wu Y	2020-06-30	Transl Psychiatry	www.ncbi.nlm.nih.gov/pubmed/32606422	Multi-trait analysis for genome-wide association study of five psychiatric disorders.	Bipolar disorder (MTAG)	65,682 individuals	NA	15q25.2	15	84566006	NR	UBE2Q2P1, UBE2Q2P1			ENSG00000189136, ENSG00000291027			rs12906474-?	rs12906474	0	12906474	intron_variant	0	NR	5E-12	11.301029995663981				NR [520857]	N	bipolar disorder	http://purl.obolibrary.org/obo/MONDO_0004985	GCST010641	Genome-wide genotyping array
2020-10-07	32606422	Wu Y	2020-06-30	Transl Psychiatry	www.ncbi.nlm.nih.gov/pubmed/32606422	Multi-trait analysis for genome-wide association study of five psychiatric disorders.	Bipolar disorder (MTAG)	65,682 individuals	NA	1p21.3	1	95121217	NR	TLCD4-RWDD3, TLCD4			ENSG00000271092, ENSG00000152078			rs1023330-?	rs1023330	0	1023330	intron_variant	0	NR	2E-8	7.698970004336019				NR [520857]	N	bipolar disorder	http://purl.obolibrary.org/obo/MONDO_0004985	GCST010641	Genome-wide genotyping array
2020-10-07	32606422	Wu Y	2020-06-30	Transl Psychiatry	www.ncbi.nlm.nih.gov/pubmed/32606422	Multi-trait analysis for genome-wide association study of five psychiatric disorders.	Bipolar disorder (MTAG)	65,682 individuals	NA	1q21.2	1	150171103	NR	LINC02988			ENSG00000285554			rs78676616-?	rs78676616	0	78676616	intron_variant	0	NR	4E-11	10.397940008672037				NR [520857]	N	bipolar disorder	http://purl.obolibrary.org/obo/MONDO_0004985	GCST010641	Genome-wide genotyping array
2020-10-07	32606422	Wu Y	2020-06-30	Transl Psychiatry	www.ncbi.nlm.nih.gov/pubmed/32606422	Multi-trait analysis for genome-wide association study of five psychiatric disorders.	Bipolar disorder (MTAG)	65,682 individuals	NA	15q26.1	15	90883330	NR	FURIN			ENSG00000140564			rs4702-?	rs4702	0	4702	3_prime_UTR_variant	0	NR	5E-11	10.301029995663981				NR [520857]	N	bipolar disorder	http://purl.obolibrary.org/obo/MONDO_0004985	GCST010641	Genome-wide genotyping array
2020-10-07	32606422	Wu Y	2020-06-30	Transl Psychiatry	www.ncbi.nlm.nih.gov/pubmed/32606422	Multi-trait analysis for genome-wide association study of five psychiatric disorders.	Bipolar disorder (MTAG)	65,682 individuals	NA	16p13.2	16	9833109	NR	GRIN2A			ENSG00000183454			rs11647445-?	rs11647445	0	11647445	intron_variant	0	NR	2E-9	8.698970004336019				NR [520857]	N	bipolar disorder	http://purl.obolibrary.org/obo/MONDO_0004985	GCST010641	Genome-wide genotyping array
2020-10-07	32606422	Wu Y	2020-06-30	Transl Psychiatry	www.ncbi.nlm.nih.gov/pubmed/32606422	Multi-trait analysis for genome-wide association study of five psychiatric disorders.	Bipolar disorder (MTAG)	65,682 individuals	NA	16p11.2	16	29928556	NR	KCTD13-DT			ENSG00000247735			rs12691307-?	rs12691307	0	12691307	non_coding_transcript_exon_variant	0	NR	1E-9	9.0				NR [520857]	N	bipolar disorder	http://purl.obolibrary.org/obo/MONDO_0004985	GCST010641	Genome-wide genotyping array
2020-10-07	32606422	Wu Y	2020-06-30	Transl Psychiatry	www.ncbi.nlm.nih.gov/pubmed/32606422	Multi-trait analysis for genome-wide association study of five psychiatric disorders.	Bipolar disorder (MTAG)	65,682 individuals	NA	19p13.11	19	19248691	NR	NCAN			ENSG00000130287			rs10423874-?	rs10423874	0	10423874	splice_polypyrimidine_tract_variant	0	NR	8E-9	8.096910013008056				NR [520857]	N	bipolar disorder	http://purl.obolibrary.org/obo/MONDO_0004985	GCST010641	Genome-wide genotyping array
2020-10-07	32606422	Wu Y	2020-06-30	Transl Psychiatry	www.ncbi.nlm.nih.gov/pubmed/32606422	Multi-trait analysis for genome-wide association study of five psychiatric disorders.	Bipolar disorder (MTAG)	65,682 individuals	NA	20p12.1	20	14512564	NR	MACROD2			ENSG00000172264			rs2068756-?	rs2068756	0	2068756	intron_variant	0	NR	3E-8	7.522878745280337				NR [520857]	N	bipolar disorder	http://purl.obolibrary.org/obo/MONDO_0004985	GCST010641	Genome-wide genotyping array
2020-10-07	32606422	Wu Y	2020-06-30	Transl Psychiatry	www.ncbi.nlm.nih.gov/pubmed/32606422	Multi-trait analysis for genome-wide association study of five psychiatric disorders.	Bipolar disorder (MTAG)	65,682 individuals	NA	20q13.13	20	49474242	NR	KCNB1			ENSG00000158445			rs6125656-?	rs6125656	0	6125656	intron_variant	0	NR	2E-8	7.698970004336019				NR [520857]	N	bipolar disorder	http://purl.obolibrary.org/obo/MONDO_0004985	GCST010641	Genome-wide genotyping array
2020-10-07	32606422	Wu Y	2020-06-30	Transl Psychiatry	www.ncbi.nlm.nih.gov/pubmed/32606422	Multi-trait analysis for genome-wide association study of five psychiatric disorders.	Bipolar disorder (MTAG)	65,682 individuals	NA	22q13.2	22	40723895	NR	MCHR1 - SLC25A17	ENSG00000128285	ENSG00000100372		41083	45735	rs6519227-?	rs6519227	0	6519227	intron_variant	1	NR	4E-9	8.397940008672037				NR [520857]	N	bipolar disorder	http://purl.obolibrary.org/obo/MONDO_0004985	GCST010641	Genome-wide genotyping array
2020-10-07	32606422	Wu Y	2020-06-30	Transl Psychiatry	www.ncbi.nlm.nih.gov/pubmed/32606422	Multi-trait analysis for genome-wide association study of five psychiatric disorders.	Bipolar disorder (MTAG)	65,682 individuals	NA	22q13.2	22	42175022	NR	TCF20			ENSG00000100207			rs760648-?	rs760648	0	760648	intron_variant	0	NR	3E-9	8.522878745280337				NR [520857]	N	bipolar disorder	http://purl.obolibrary.org/obo/MONDO_0004985	GCST010641	Genome-wide genotyping array
2020-10-07	32606422	Wu Y	2020-06-30	Transl Psychiatry	www.ncbi.nlm.nih.gov/pubmed/32606422	Multi-trait analysis for genome-wide association study of five psychiatric disorders.	Bipolar disorder (MTAG)	65,682 individuals	NA	2p16.1	2	57760458	NR	EIF2S2P7 - ACTG1P22	ENSG00000271115	ENSG00000271615		711122	4496	rs11682175-?	rs11682175	0	11682175	intron_variant	1	NR	1E-9	9.0				NR [520857]	N	bipolar disorder	http://purl.obolibrary.org/obo/MONDO_0004985	GCST010641	Genome-wide genotyping array
2020-10-07	32606422	Wu Y	2020-06-30	Transl Psychiatry	www.ncbi.nlm.nih.gov/pubmed/32606422	Multi-trait analysis for genome-wide association study of five psychiatric disorders.	Bipolar disorder (MTAG)	65,682 individuals	NA	6p22.2	6	26363828	NR	H3C9P - BTN3A2	ENSG00000220875	ENSG00000186470		41536	1331	rs10946817-?	rs10946817	0	10946817	intron_variant	1	NR	1E-9	9.0				NR [520857]	N	bipolar disorder	http://purl.obolibrary.org/obo/MONDO_0004985	GCST010641	Genome-wide genotyping array
2020-10-07	32606422	Wu Y	2020-06-30	Transl Psychiatry	www.ncbi.nlm.nih.gov/pubmed/32606422	Multi-trait analysis for genome-wide association study of five psychiatric disorders.	Bipolar disorder (MTAG)	65,682 individuals	NA	12p13.33	12	2390683	NR	CACNA1C			ENSG00000151067			rs740417-?	rs740417	0	740417	intron_variant	0	NR	7E-9	8.154901959985743				NR [520857]	N	bipolar disorder	http://purl.obolibrary.org/obo/MONDO_0004985	GCST010641	Genome-wide genotyping array
2020-09-17	32627186	Man-Choi Ho A	2020-07-05	Clin Pharmacol Ther	www.ncbi.nlm.nih.gov/pubmed/32627186	Mood Stabilizing Antiepileptic Treatment Response in Bipolar Disorder: A Genome-Wide Association Study.	Response to antiepileptic mood-stabilizing treatment in bipolar disorder	199 European ancestry cases	NA	7p21.3	7	11774419	THSD7A	THSD7A			ENSG00000005108			rs78835388-G	rs78835388	0	78835388	intron_variant	0	0.021	7E-9	8.154901959985743		6.6	NR unit decrease	Illumina [7368687] (imputed)	N	response to anticonvulsant	http://purl.obolibrary.org/obo/GO_0036277	GCST010579	Genome-wide genotyping array
2020-09-17	32627186	Man-Choi Ho A	2020-07-05	Clin Pharmacol Ther	www.ncbi.nlm.nih.gov/pubmed/32627186	Mood Stabilizing Antiepileptic Treatment Response in Bipolar Disorder: A Genome-Wide Association Study.	Response to antiepileptic mood-stabilizing treatment in bipolar disorder	199 European ancestry cases	NA	1q42.2	1	234346906	SLC35F3	SLC35F3 - COA6-AS1	ENSG00000183780	ENSG00000231663		22395	25896	rs114872993-G	rs114872993	0	114872993	intergenic_variant	1	0.029	3E-8	7.522878745280337		4.5	NR unit decrease	Illumina [7368687] (imputed)	N	response to anticonvulsant	http://purl.obolibrary.org/obo/GO_0036277	GCST010579	Genome-wide genotyping array
2020-09-17	32627186	Man-Choi Ho A	2020-07-05	Clin Pharmacol Ther	www.ncbi.nlm.nih.gov/pubmed/32627186	Mood Stabilizing Antiepileptic Treatment Response in Bipolar Disorder: A Genome-Wide Association Study.	Response to antiepileptic mood-stabilizing treatment in bipolar disorder	199 European ancestry cases	NA	1q41	1	222940467	DISP1	DISP1			ENSG00000154309			rs34701716-C	rs34701716	0	34701716	intron_variant	0	0.14	2E-6	5.698970004336019		1.8	NR unit increase	Illumina [7368687] (imputed)	N	response to anticonvulsant	http://purl.obolibrary.org/obo/GO_0036277	GCST010579	Genome-wide genotyping array
2020-09-17	32627186	Man-Choi Ho A	2020-07-05	Clin Pharmacol Ther	www.ncbi.nlm.nih.gov/pubmed/32627186	Mood Stabilizing Antiepileptic Treatment Response in Bipolar Disorder: A Genome-Wide Association Study.	Response to antiepileptic mood-stabilizing treatment in bipolar disorder	199 European ancestry cases	NA	1p13.3	1	107856873	VAV3	VAV3			ENSG00000134215			rs13353016-T	rs13353016	0	13353016	intron_variant	0	0.028	2E-6	5.698970004336019		4.7	NR unit decrease	Illumina [7368687] (imputed)	N	response to anticonvulsant	http://purl.obolibrary.org/obo/GO_0036277	GCST010579	Genome-wide genotyping array
2020-09-17	32627186	Man-Choi Ho A	2020-07-05	Clin Pharmacol Ther	www.ncbi.nlm.nih.gov/pubmed/32627186	Mood Stabilizing Antiepileptic Treatment Response in Bipolar Disorder: A Genome-Wide Association Study.	Response to antiepileptic mood-stabilizing treatment in bipolar disorder	199 European ancestry cases	NA	16p13.11	16	16029191	ABCC1	ABCC1			ENSG00000103222			rs875740-C	rs875740	0	875740	intron_variant	0	0.34	2E-6	5.698970004336019		1.3	NR unit decrease	Illumina [7368687] (imputed)	N	response to anticonvulsant	http://purl.obolibrary.org/obo/GO_0036277	GCST010579	Genome-wide genotyping array
2020-10-07	32606422	Wu Y	2020-06-30	Transl Psychiatry	www.ncbi.nlm.nih.gov/pubmed/32606422	Multi-trait analysis for genome-wide association study of five psychiatric disorders.	Bipolar disorder	41,653 individuals	NA	2q32.3	2	193513924	NR	DNAJC17P1 - SEC61GP1	ENSG00000235218	ENSG00000224219		236310	216631	rs2439202-?	rs2439202	0	2439202	intron_variant	1	NR	8E-9	8.096910013008056				NR [8956949]	N	bipolar disorder	http://purl.obolibrary.org/obo/MONDO_0004985	GCST010646	Genome-wide genotyping array
2020-10-07	32606422	Wu Y	2020-06-30	Transl Psychiatry	www.ncbi.nlm.nih.gov/pubmed/32606422	Multi-trait analysis for genome-wide association study of five psychiatric disorders.	Bipolar disorder	41,653 individuals	NA	3p22.2	3	36814539	NR	HSPD1P6 - LINC02033	ENSG00000230067	ENSG00000279727		45740	4737	rs9834970-?	rs9834970	0	9834970	regulatory_region_variant	1	NR	4E-12	11.397940008672037				NR [8956949]	N	bipolar disorder	http://purl.obolibrary.org/obo/MONDO_0004985	GCST010646	Genome-wide genotyping array
2020-10-07	32606422	Wu Y	2020-06-30	Transl Psychiatry	www.ncbi.nlm.nih.gov/pubmed/32606422	Multi-trait analysis for genome-wide association study of five psychiatric disorders.	Bipolar disorder	41,653 individuals	NA	5q31.1	5	134570919	NR	JADE2			ENSG00000043143			rs329319-?	rs329319	0	329319	intron_variant	0	NR	2E-8	7.698970004336019				NR [8956949]	N	bipolar disorder	http://purl.obolibrary.org/obo/MONDO_0004985	GCST010646	Genome-wide genotyping array
2020-10-07	32606422	Wu Y	2020-06-30	Transl Psychiatry	www.ncbi.nlm.nih.gov/pubmed/32606422	Multi-trait analysis for genome-wide association study of five psychiatric disorders.	Bipolar disorder	41,653 individuals	NA	10q25.2	10	110175792	NR	SNRPGP12 - MXI1	ENSG00000226734	ENSG00000119950		36366	31813	rs72830427-?	rs72830427	0	72830427	intergenic_variant	1	NR	3E-8	7.522878745280337				NR [8956949]	N	bipolar disorder	http://purl.obolibrary.org/obo/MONDO_0004985	GCST010646	Genome-wide genotyping array
2020-10-07	32606422	Wu Y	2020-06-30	Transl Psychiatry	www.ncbi.nlm.nih.gov/pubmed/32606422	Multi-trait analysis for genome-wide association study of five psychiatric disorders.	Bipolar disorder	41,653 individuals	NA	12p13.33	12	2277933	NR	CACNA1C, CACNA1C-IT3			ENSG00000151067, ENSG00000256721			rs10744560-?	rs10744560	0	10744560	intron_variant	0	NR	1E-8	8.0				NR [8956949]	N	bipolar disorder	http://purl.obolibrary.org/obo/MONDO_0004985	GCST010646	Genome-wide genotyping array
2020-10-07	32606422	Wu Y	2020-06-30	Transl Psychiatry	www.ncbi.nlm.nih.gov/pubmed/32606422	Multi-trait analysis for genome-wide association study of five psychiatric disorders.	Bipolar disorder	41,653 individuals	NA	19p13.11	19	19247398	NR	NCAN			ENSG00000130287			rs111444407-?	rs111444407	0	111444407	intron_variant	0	NR	9E-10	9.045757490560675				NR [8956949]	N	bipolar disorder	http://purl.obolibrary.org/obo/MONDO_0004985	GCST010646	Genome-wide genotyping array
2020-10-07	32606422	Wu Y	2020-06-30	Transl Psychiatry	www.ncbi.nlm.nih.gov/pubmed/32606422	Multi-trait analysis for genome-wide association study of five psychiatric disorders.	Bipolar disorder	41,653 individuals	NA	20p12.1	20	14495111	NR	MACROD2			ENSG00000172264			rs6079463-?	rs6079463	0	6079463	intron_variant	0	NR	2E-8	7.698970004336019				NR [8956949]	N	bipolar disorder	http://purl.obolibrary.org/obo/MONDO_0004985	GCST010646	Genome-wide genotyping array
2020-10-07	32606422	Wu Y	2020-06-30	Transl Psychiatry	www.ncbi.nlm.nih.gov/pubmed/32606422	Multi-trait analysis for genome-wide association study of five psychiatric disorders.	Bipolar disorder	41,653 individuals	NA	22q13.2	22	40723895	NR	MCHR1 - SLC25A17	ENSG00000128285	ENSG00000100372		41083	45735	rs6519227-?	rs6519227	0	6519227	intron_variant	1	NR	4E-9	8.397940008672037				NR [8956949]	N	bipolar disorder	http://purl.obolibrary.org/obo/MONDO_0004985	GCST010646	Genome-wide genotyping array
2025-07-29	40465716	Liu TY	2025-06-04	Sci Adv	www.ncbi.nlm.nih.gov/pubmed/40465716	Diversity and longitudinal records: Genetic architecture of disease associations and polygenic risk in the Taiwanese Han population.	Bipolar (PheCode 296.1)	1,602 Han Taiwanese ancestry cases, 143,233 Han Taiwanese ancestry controls	NA	2q34	2	212541314		ERBB4 - LINC01878	ENSG00000178568	ENSG00000234308		2473	253986	rs189881734-?	rs189881734	0	189881734	intergenic_variant	1	NR	4E-7	6.3979400086720375				Affymetrix [14181206] (imputed)	N	bipolar disorder	http://purl.obolibrary.org/obo/MONDO_0004985	GCST90652117	Genome-wide genotyping array
2024-08-09	38858783	Yu S	2024-06-11	Hum Genomics	www.ncbi.nlm.nih.gov/pubmed/38858783	Shared genetic effect of kidney function on bipolar and major depressive disorders: a large-scale genome-wide cross-trait analysis.	Bipolar disorder or glomerular filtration rate estimated from cystatin (MTAG)	51,710 European ancestry individuals with bipolar disorder measurements, 460,826 European ancestry individuals with eGFRcys measurements	NA	2p23.3	2	27508073		GCKR			ENSG00000084734			rs1260326-?	rs1260326	0	1260326	missense_variant	0	NR	5E-24	23.30102999566398				NR [NR] (imputed)	N	bipolar disorder, glomerular filtration rate	http://purl.obolibrary.org/obo/MONDO_0004985, http://purl.obolibrary.org/obo/OBA_0003747	GCST90446211	Genome-wide genotyping array
2024-08-09	38858783	Yu S	2024-06-11	Hum Genomics	www.ncbi.nlm.nih.gov/pubmed/38858783	Shared genetic effect of kidney function on bipolar and major depressive disorders: a large-scale genome-wide cross-trait analysis.	Bipolar disorder or glomerular filtration rate estimated from cystatin (MTAG)	51,710 European ancestry individuals with bipolar disorder measurements, 460,826 European ancestry individuals with eGFRcys measurements	NA	2p23.2	2	27728791		LINC01460 - MRPL33	ENSG00000205334	ENSG00000243147		11533	42926	rs867282-?	rs867282	0	867282	intron_variant	1	NR	1E-13	13.0				NR [NR] (imputed)	N	bipolar disorder, glomerular filtration rate	http://purl.obolibrary.org/obo/MONDO_0004985, http://purl.obolibrary.org/obo/OBA_0003747	GCST90446211	Genome-wide genotyping array
2024-08-09	38858783	Yu S	2024-06-11	Hum Genomics	www.ncbi.nlm.nih.gov/pubmed/38858783	Shared genetic effect of kidney function on bipolar and major depressive disorders: a large-scale genome-wide cross-trait analysis.	Bipolar disorder or glomerular filtration rate estimated from cystatin (MTAG)	51,710 European ancestry individuals with bipolar disorder measurements, 460,826 European ancestry individuals with eGFRcys measurements	NA	2p13.1	2	73417353		ALMS1			ENSG00000116127			rs1918863-?	rs1918863	0	1918863	intron_variant	0	NR	3E-32	31.522878745280337				NR [NR] (imputed)	N	bipolar disorder, glomerular filtration rate	http://purl.obolibrary.org/obo/MONDO_0004985, http://purl.obolibrary.org/obo/OBA_0003747	GCST90446211	Genome-wide genotyping array
2024-08-09	38858783	Yu S	2024-06-11	Hum Genomics	www.ncbi.nlm.nih.gov/pubmed/38858783	Shared genetic effect of kidney function on bipolar and major depressive disorders: a large-scale genome-wide cross-trait analysis.	Bipolar disorder or glomerular filtration rate estimated from cystatin (MTAG)	51,710 European ancestry individuals with bipolar disorder measurements, 460,826 European ancestry individuals with eGFRcys measurements	NA	2q33.1	2	197619762		RFTN2			ENSG00000162944			rs6714697-?	rs6714697	0	6714697	intron_variant	0	NR	3E-15	14.522878745280337				NR [NR] (imputed)	N	bipolar disorder, glomerular filtration rate	http://purl.obolibrary.org/obo/MONDO_0004985, http://purl.obolibrary.org/obo/OBA_0003747	GCST90446211	Genome-wide genotyping array
2024-08-09	38858783	Yu S	2024-06-11	Hum Genomics	www.ncbi.nlm.nih.gov/pubmed/38858783	Shared genetic effect of kidney function on bipolar and major depressive disorders: a large-scale genome-wide cross-trait analysis.	Bipolar disorder or glomerular filtration rate estimated from cystatin (MTAG)	51,710 European ancestry individuals with bipolar disorder measurements, 460,826 European ancestry individuals with eGFRcys measurements	NA	3p22.2	3	37165024		LRRFIP2			ENSG00000093167			rs138124594-?	rs138124594	0	138124594	intron_variant	0	NR	4E-9	8.397940008672037				NR [NR] (imputed)	N	bipolar disorder, glomerular filtration rate	http://purl.obolibrary.org/obo/MONDO_0004985, http://purl.obolibrary.org/obo/OBA_0003747	GCST90446211	Genome-wide genotyping array
2024-08-09	38858783	Yu S	2024-06-11	Hum Genomics	www.ncbi.nlm.nih.gov/pubmed/38858783	Shared genetic effect of kidney function on bipolar and major depressive disorders: a large-scale genome-wide cross-trait analysis.	Bipolar disorder or glomerular filtration rate estimated from cystatin (MTAG)	51,710 European ancestry individuals with bipolar disorder measurements, 460,826 European ancestry individuals with eGFRcys measurements	NA	4q27	4	122596491		IL2 - IL21	ENSG00000109471	ENSG00000138684		139766	13617	rs10014468-?	rs10014468	0	10014468	intron_variant	1	NR	3E-8	7.522878745280337				NR [NR] (imputed)	N	bipolar disorder, glomerular filtration rate	http://purl.obolibrary.org/obo/MONDO_0004985, http://purl.obolibrary.org/obo/OBA_0003747	GCST90446211	Genome-wide genotyping array
2024-08-09	38858783	Yu S	2024-06-11	Hum Genomics	www.ncbi.nlm.nih.gov/pubmed/38858783	Shared genetic effect of kidney function on bipolar and major depressive disorders: a large-scale genome-wide cross-trait analysis.	Bipolar disorder or glomerular filtration rate estimated from cystatin (MTAG)	51,710 European ancestry individuals with bipolar disorder measurements, 460,826 European ancestry individuals with eGFRcys measurements	NA	6p22.1	6	28485841		OR2E1P - GPX6	ENSG00000219262	ENSG00000198704		29700	17455	rs34676049-?	rs34676049	0	34676049	intron_variant	1	NR	2E-24	23.69897000433602				NR [NR] (imputed)	N	bipolar disorder, glomerular filtration rate	http://purl.obolibrary.org/obo/MONDO_0004985, http://purl.obolibrary.org/obo/OBA_0003747	GCST90446211	Genome-wide genotyping array
2024-08-09	38858783	Yu S	2024-06-11	Hum Genomics	www.ncbi.nlm.nih.gov/pubmed/38858783	Shared genetic effect of kidney function on bipolar and major depressive disorders: a large-scale genome-wide cross-trait analysis.	Bipolar disorder or glomerular filtration rate estimated from cystatin (MTAG)	51,710 European ancestry individuals with bipolar disorder measurements, 460,826 European ancestry individuals with eGFRcys measurements	NA	6q16.1	6	98143746		MIR2113 - EIF4EBP2P3	ENSG00000238367	ENSG00000220505		119125	35753	rs2388334-?	rs2388334	0	2388334	intron_variant	1	NR	3E-9	8.522878745280337				NR [NR] (imputed)	N	bipolar disorder, glomerular filtration rate	http://purl.obolibrary.org/obo/MONDO_0004985, http://purl.obolibrary.org/obo/OBA_0003747	GCST90446211	Genome-wide genotyping array
2024-08-09	38858783	Yu S	2024-06-11	Hum Genomics	www.ncbi.nlm.nih.gov/pubmed/38858783	Shared genetic effect of kidney function on bipolar and major depressive disorders: a large-scale genome-wide cross-trait analysis.	Bipolar disorder or glomerular filtration rate estimated from cystatin (MTAG)	51,710 European ancestry individuals with bipolar disorder measurements, 460,826 European ancestry individuals with eGFRcys measurements	NA	11q12.2	11	61826344		FADS1, FADS2			ENSG00000149485, ENSG00000134824			rs174568-?	rs174568	0	174568	intron_variant	0	NR	3E-14	13.522878745280337				NR [NR] (imputed)	N	bipolar disorder, glomerular filtration rate	http://purl.obolibrary.org/obo/MONDO_0004985, http://purl.obolibrary.org/obo/OBA_0003747	GCST90446211	Genome-wide genotyping array
2024-08-09	38858783	Yu S	2024-06-11	Hum Genomics	www.ncbi.nlm.nih.gov/pubmed/38858783	Shared genetic effect of kidney function on bipolar and major depressive disorders: a large-scale genome-wide cross-trait analysis.	Bipolar disorder or glomerular filtration rate estimated from cystatin (MTAG)	51,710 European ancestry individuals with bipolar disorder measurements, 460,826 European ancestry individuals with eGFRcys measurements	NA	12q24.11	12	110824563		PPP1CC - RPL29P25	ENSG00000186298	ENSG00000241286		81624	16975	rs59322673-?	rs59322673	0	59322673	intergenic_variant	1	NR	2E-17	16.69897000433602				NR [NR] (imputed)	N	bipolar disorder, glomerular filtration rate	http://purl.obolibrary.org/obo/MONDO_0004985, http://purl.obolibrary.org/obo/OBA_0003747	GCST90446211	Genome-wide genotyping array
2024-08-09	38858783	Yu S	2024-06-11	Hum Genomics	www.ncbi.nlm.nih.gov/pubmed/38858783	Shared genetic effect of kidney function on bipolar and major depressive disorders: a large-scale genome-wide cross-trait analysis.	Bipolar disorder or glomerular filtration rate estimated from cystatin (MTAG)	51,710 European ancestry individuals with bipolar disorder measurements, 460,826 European ancestry individuals with eGFRcys measurements	NA	16q22.1	16	67950686		SLC12A4			ENSG00000124067			rs11542821-?	rs11542821	0	11542821	synonymous_variant	0	NR	8E-11	10.096910013008056				NR [NR] (imputed)	N	bipolar disorder, glomerular filtration rate	http://purl.obolibrary.org/obo/MONDO_0004985, http://purl.obolibrary.org/obo/OBA_0003747	GCST90446211	Genome-wide genotyping array
2024-08-09	38858783	Yu S	2024-06-11	Hum Genomics	www.ncbi.nlm.nih.gov/pubmed/38858783	Shared genetic effect of kidney function on bipolar and major depressive disorders: a large-scale genome-wide cross-trait analysis.	Bipolar disorder or glomerular filtration rate estimated from cystatin (MTAG)	51,710 European ancestry individuals with bipolar disorder measurements, 460,826 European ancestry individuals with eGFRcys measurements	NA	6p22.1	6	27390387		ZNF391			ENSG00000124613			rs35120058-?	rs35120058	0	35120058	intron_variant	0	NR	9E-21	20.045757490560675				NR [NR] (imputed)	N	bipolar disorder, glomerular filtration rate	http://purl.obolibrary.org/obo/MONDO_0004985, http://purl.obolibrary.org/obo/OBA_0003747	GCST90446211	Genome-wide genotyping array
2024-08-09	38858783	Yu S	2024-06-11	Hum Genomics	www.ncbi.nlm.nih.gov/pubmed/38858783	Shared genetic effect of kidney function on bipolar and major depressive disorders: a large-scale genome-wide cross-trait analysis.	Bipolar disorder or urinary albumin-to-creatinine ratio (MTAG)	51,710 European ancestry individuals with bipolar disorder measurements, 288,649 European ancestry individuals with UACR measurements	NA	8p11.21	8	42753858		CHRNA6			ENSG00000147434			rs77990632-?	rs77990632	0	77990632	intron_variant	0	NR	2E-8	7.698970004336019				NR [NR] (imputed)	N	bipolar disorder, urinary albumin to creatinine ratio	http://purl.obolibrary.org/obo/MONDO_0004985, http://www.ebi.ac.uk/efo/EFO_0007778	GCST90446212	Genome-wide genotyping array
2024-08-09	38858783	Yu S	2024-06-11	Hum Genomics	www.ncbi.nlm.nih.gov/pubmed/38858783	Shared genetic effect of kidney function on bipolar and major depressive disorders: a large-scale genome-wide cross-trait analysis.	Bipolar disorder or urinary albumin-to-creatinine ratio (MTAG)	51,710 European ancestry individuals with bipolar disorder measurements, 288,649 European ancestry individuals with UACR measurements	NA	9p13.2	9	37003707		PAX5			ENSG00000196092			rs62533709-?	rs62533709	0	62533709	intron_variant	0	NR	6E-9	8.221848749616356				NR [NR] (imputed)	N	bipolar disorder, urinary albumin to creatinine ratio	http://purl.obolibrary.org/obo/MONDO_0004985, http://www.ebi.ac.uk/efo/EFO_0007778	GCST90446212	Genome-wide genotyping array
2024-08-09	38858783	Yu S	2024-06-11	Hum Genomics	www.ncbi.nlm.nih.gov/pubmed/38858783	Shared genetic effect of kidney function on bipolar and major depressive disorders: a large-scale genome-wide cross-trait analysis.	Bipolar disorder or urinary albumin-to-creatinine ratio (MTAG)	51,710 European ancestry individuals with bipolar disorder measurements, 288,649 European ancestry individuals with UACR measurements	NA	1q22	1	155204315		THBS3-AS1, THBS3			ENSG00000231064, ENSG00000169231			rs2075571-?	rs2075571	0	2075571	intron_variant	0	NR	1E-18	18.0				NR [NR] (imputed)	N	bipolar disorder, urinary albumin to creatinine ratio	http://purl.obolibrary.org/obo/MONDO_0004985, http://www.ebi.ac.uk/efo/EFO_0007778	GCST90446212	Genome-wide genotyping array
2024-08-09	38858783	Yu S	2024-06-11	Hum Genomics	www.ncbi.nlm.nih.gov/pubmed/38858783	Shared genetic effect of kidney function on bipolar and major depressive disorders: a large-scale genome-wide cross-trait analysis.	Bipolar disorder or urinary albumin-to-creatinine ratio (MTAG)	51,710 European ancestry individuals with bipolar disorder measurements, 288,649 European ancestry individuals with UACR measurements	NA	1q23.3	1	163788856		RNA5SP63 - U3	ENSG00000212527	ENSG00000221496		279261	134814	rs2165446-?	rs2165446	0	2165446	intron_variant	1	NR	4E-9	8.397940008672037				NR [NR] (imputed)	N	bipolar disorder, urinary albumin to creatinine ratio	http://purl.obolibrary.org/obo/MONDO_0004985, http://www.ebi.ac.uk/efo/EFO_0007778	GCST90446212	Genome-wide genotyping array
2024-08-09	38858783	Yu S	2024-06-11	Hum Genomics	www.ncbi.nlm.nih.gov/pubmed/38858783	Shared genetic effect of kidney function on bipolar and major depressive disorders: a large-scale genome-wide cross-trait analysis.	Bipolar disorder or urinary albumin-to-creatinine ratio (MTAG)	51,710 European ancestry individuals with bipolar disorder measurements, 288,649 European ancestry individuals with UACR measurements	NA	2p23.3	2	27375230		SNX17			ENSG00000115234			rs4665972-?	rs4665972	0	4665972	intron_variant	0	NR	5E-22	21.30102999566398				NR [NR] (imputed)	N	bipolar disorder, urinary albumin to creatinine ratio	http://purl.obolibrary.org/obo/MONDO_0004985, http://www.ebi.ac.uk/efo/EFO_0007778	GCST90446212	Genome-wide genotyping array
2024-08-09	38858783	Yu S	2024-06-11	Hum Genomics	www.ncbi.nlm.nih.gov/pubmed/38858783	Shared genetic effect of kidney function on bipolar and major depressive disorders: a large-scale genome-wide cross-trait analysis.	Bipolar disorder or urinary albumin-to-creatinine ratio (MTAG)	51,710 European ancestry individuals with bipolar disorder measurements, 288,649 European ancestry individuals with UACR measurements	NA	6q25.2	6	152439771		SYNE1			ENSG00000131018			rs215001-?	rs215001	0	215001	intron_variant	0	NR	2E-9	8.698970004336019				NR [NR] (imputed)	N	bipolar disorder, urinary albumin to creatinine ratio	http://purl.obolibrary.org/obo/MONDO_0004985, http://www.ebi.ac.uk/efo/EFO_0007778	GCST90446212	Genome-wide genotyping array
2024-08-09	38858783	Yu S	2024-06-11	Hum Genomics	www.ncbi.nlm.nih.gov/pubmed/38858783	Shared genetic effect of kidney function on bipolar and major depressive disorders: a large-scale genome-wide cross-trait analysis.	Bipolar disorder or urate levels (MTAG)	51,710 European ancestry individuals with bipolar disorder measurements, 547,361 European ancestry individuals with urate measurements	NA	3p21.2	3	52271617		WDR82			ENSG00000164091			rs7629072-?	rs7629072	0	7629072	intron_variant	0	NR	8E-9	8.096910013008056				NR [NR] (imputed)	N	urate measurement, bipolar disorder	http://www.ebi.ac.uk/efo/EFO_0004531, http://purl.obolibrary.org/obo/MONDO_0004985	GCST90446213	Genome-wide genotyping array
2024-08-09	38858783	Yu S	2024-06-11	Hum Genomics	www.ncbi.nlm.nih.gov/pubmed/38858783	Shared genetic effect of kidney function on bipolar and major depressive disorders: a large-scale genome-wide cross-trait analysis.	Bipolar disorder or urate levels (MTAG)	51,710 European ancestry individuals with bipolar disorder measurements, 547,361 European ancestry individuals with urate measurements	NA	1q22	1	155185239		TRIM46 - MUC1	ENSG00000163462	ENSG00000185499		268	585	rs2070803-?	rs2070803	0	2070803	intron_variant	1	NR	9E-31	30.045757490560675				NR [NR] (imputed)	N	urate measurement, bipolar disorder	http://www.ebi.ac.uk/efo/EFO_0004531, http://purl.obolibrary.org/obo/MONDO_0004985	GCST90446213	Genome-wide genotyping array
2024-08-09	38858783	Yu S	2024-06-11	Hum Genomics	www.ncbi.nlm.nih.gov/pubmed/38858783	Shared genetic effect of kidney function on bipolar and major depressive disorders: a large-scale genome-wide cross-trait analysis.	Bipolar disorder or urate levels (MTAG)	51,710 European ancestry individuals with bipolar disorder measurements, 547,361 European ancestry individuals with urate measurements	NA	2p23.3	2	27508073		GCKR			ENSG00000084734			rs1260326-?	rs1260326	0	1260326	missense_variant	0	NR	3E-49	48.52287874528034				NR [NR] (imputed)	N	urate measurement, bipolar disorder	http://www.ebi.ac.uk/efo/EFO_0004531, http://purl.obolibrary.org/obo/MONDO_0004985	GCST90446213	Genome-wide genotyping array
2024-08-09	38858783	Yu S	2024-06-11	Hum Genomics	www.ncbi.nlm.nih.gov/pubmed/38858783	Shared genetic effect of kidney function on bipolar and major depressive disorders: a large-scale genome-wide cross-trait analysis.	Bipolar disorder or urate levels (MTAG)	51,710 European ancestry individuals with bipolar disorder measurements, 547,361 European ancestry individuals with urate measurements	NA	14q32.33	14	103853652		PPP1R13B-DT			ENSG00000258735			rs12892189-?	rs12892189	0	12892189	intron_variant	0	NR	4E-9	8.397940008672037				NR [NR] (imputed)	N	urate measurement, bipolar disorder	http://www.ebi.ac.uk/efo/EFO_0004531, http://purl.obolibrary.org/obo/MONDO_0004985	GCST90446213	Genome-wide genotyping array
2024-08-09	38858783	Yu S	2024-06-11	Hum Genomics	www.ncbi.nlm.nih.gov/pubmed/38858783	Shared genetic effect of kidney function on bipolar and major depressive disorders: a large-scale genome-wide cross-trait analysis.	Bipolar disorder or blood urea nitrogen levels (MTAG)	51,710 European ancestry individuals with bipolar disorder measurements, 852,678 European ancestry individuals with BUN measurements	NA	1q22	1	155185239		TRIM46 - MUC1	ENSG00000163462	ENSG00000185499		268	585	rs2070803-?	rs2070803	0	2070803	intron_variant	1	NR	2E-82	81.69897000433602				NR [NR] (imputed)	N	bipolar disorder, blood urea nitrogen amount	http://purl.obolibrary.org/obo/MONDO_0004985, http://purl.obolibrary.org/obo/OBA_VT0005265	GCST90446209	Genome-wide genotyping array
2024-08-09	38858783	Yu S	2024-06-11	Hum Genomics	www.ncbi.nlm.nih.gov/pubmed/38858783	Shared genetic effect of kidney function on bipolar and major depressive disorders: a large-scale genome-wide cross-trait analysis.	Bipolar disorder or blood urea nitrogen levels (MTAG)	51,710 European ancestry individuals with bipolar disorder measurements, 852,678 European ancestry individuals with BUN measurements	NA	2p23.3	2	27508073		GCKR			ENSG00000084734			rs1260326-?	rs1260326	0	1260326	missense_variant	0	NR	1E-30	30.0				NR [NR] (imputed)	N	bipolar disorder, blood urea nitrogen amount	http://purl.obolibrary.org/obo/MONDO_0004985, http://purl.obolibrary.org/obo/OBA_VT0005265	GCST90446209	Genome-wide genotyping array
2024-08-09	38858783	Yu S	2024-06-11	Hum Genomics	www.ncbi.nlm.nih.gov/pubmed/38858783	Shared genetic effect of kidney function on bipolar and major depressive disorders: a large-scale genome-wide cross-trait analysis.	Bipolar disorder or blood urea nitrogen levels (MTAG)	51,710 European ancestry individuals with bipolar disorder measurements, 852,678 European ancestry individuals with BUN measurements	NA	2p23.2	2	27893043		MRPL33, BABAM2			ENSG00000243147, ENSG00000158019			rs72810571-?	rs72810571	0	72810571	intron_variant	0	NR	5E-10	9.301029995663981				NR [NR] (imputed)	N	bipolar disorder, blood urea nitrogen amount	http://purl.obolibrary.org/obo/MONDO_0004985, http://purl.obolibrary.org/obo/OBA_VT0005265	GCST90446209	Genome-wide genotyping array
2024-08-09	38858783	Yu S	2024-06-11	Hum Genomics	www.ncbi.nlm.nih.gov/pubmed/38858783	Shared genetic effect of kidney function on bipolar and major depressive disorders: a large-scale genome-wide cross-trait analysis.	Bipolar disorder or blood urea nitrogen levels (MTAG)	51,710 European ancestry individuals with bipolar disorder measurements, 852,678 European ancestry individuals with BUN measurements	NA	8q24.21	8	126576421		PCAT1			ENSG00000253438			rs35897939-?	rs35897939	0	35897939	intron_variant	0	NR	5E-10	9.301029995663981				NR [NR] (imputed)	N	bipolar disorder, blood urea nitrogen amount	http://purl.obolibrary.org/obo/MONDO_0004985, http://purl.obolibrary.org/obo/OBA_VT0005265	GCST90446209	Genome-wide genotyping array
2024-08-09	38858783	Yu S	2024-06-11	Hum Genomics	www.ncbi.nlm.nih.gov/pubmed/38858783	Shared genetic effect of kidney function on bipolar and major depressive disorders: a large-scale genome-wide cross-trait analysis.	Bipolar disorder or blood urea nitrogen levels (MTAG)	51,710 European ancestry individuals with bipolar disorder measurements, 852,678 European ancestry individuals with BUN measurements	NA	11p14.1	11	30751774		MPPED2-AS1 - DCDC1	ENSG00000254489	ENSG00000170959		104445	78595	rs795232-?	rs795232	0	795232	intergenic_variant	1	NR	3E-10	9.522878745280337				NR [NR] (imputed)	N	bipolar disorder, blood urea nitrogen amount	http://purl.obolibrary.org/obo/MONDO_0004985, http://purl.obolibrary.org/obo/OBA_VT0005265	GCST90446209	Genome-wide genotyping array
2024-08-09	38858783	Yu S	2024-06-11	Hum Genomics	www.ncbi.nlm.nih.gov/pubmed/38858783	Shared genetic effect of kidney function on bipolar and major depressive disorders: a large-scale genome-wide cross-trait analysis.	Bipolar disorder or glomerular filtration rate estimated from creatine (MTAG)	51,710 European ancestry individuals with bipolar disorder measurements, 1,004,040 European ancestry individuals with eGFRcrea measurements	NA	1p31.1	1	78157942		GIPC2 - RNFT1P2	ENSG00000137960	ENSG00000233333		19494	12539	rs17391694-?	rs17391694	0	17391694	intergenic_variant	1	NR	2E-10	9.698970004336019				NR [NR] (imputed)	N	bipolar disorder, glomerular filtration rate	http://purl.obolibrary.org/obo/MONDO_0004985, http://purl.obolibrary.org/obo/OBA_0003747	GCST90446210	Genome-wide genotyping array
2024-08-09	38858783	Yu S	2024-06-11	Hum Genomics	www.ncbi.nlm.nih.gov/pubmed/38858783	Shared genetic effect of kidney function on bipolar and major depressive disorders: a large-scale genome-wide cross-trait analysis.	Bipolar disorder or glomerular filtration rate estimated from creatine (MTAG)	51,710 European ancestry individuals with bipolar disorder measurements, 1,004,040 European ancestry individuals with eGFRcrea measurements	NA	1q21.2	1	150187364		LINC02988 - RN7SL480P	ENSG00000285554	ENSG00000266187		4429	24268	rs3118119-?	rs3118119	0	3118119	intron_variant	1	NR	1E-14	14.0				NR [NR] (imputed)	N	bipolar disorder, glomerular filtration rate	http://purl.obolibrary.org/obo/MONDO_0004985, http://purl.obolibrary.org/obo/OBA_0003747	GCST90446210	Genome-wide genotyping array
2024-08-09	38858783	Yu S	2024-06-11	Hum Genomics	www.ncbi.nlm.nih.gov/pubmed/38858783	Shared genetic effect of kidney function on bipolar and major depressive disorders: a large-scale genome-wide cross-trait analysis.	Bipolar disorder or glomerular filtration rate estimated from creatine (MTAG)	51,710 European ancestry individuals with bipolar disorder measurements, 1,004,040 European ancestry individuals with eGFRcrea measurements	NA	2p23.3	2	27508073		GCKR			ENSG00000084734			rs1260326-?	rs1260326	0	1260326	missense_variant	0	NR	3E-8	7.522878745280337				NR [NR] (imputed)	N	bipolar disorder, glomerular filtration rate	http://purl.obolibrary.org/obo/MONDO_0004985, http://purl.obolibrary.org/obo/OBA_0003747	GCST90446210	Genome-wide genotyping array
2024-08-09	38858783	Yu S	2024-06-11	Hum Genomics	www.ncbi.nlm.nih.gov/pubmed/38858783	Shared genetic effect of kidney function on bipolar and major depressive disorders: a large-scale genome-wide cross-trait analysis.	Bipolar disorder or glomerular filtration rate estimated from creatine (MTAG)	51,710 European ancestry individuals with bipolar disorder measurements, 1,004,040 European ancestry individuals with eGFRcrea measurements	NA	2p23.3	2	27512166		GCKR			ENSG00000084734			rs141428740-?	rs141428740	0	141428740	intron_variant	0	NR	2E-8	7.698970004336019				NR [NR] (imputed)	N	bipolar disorder, glomerular filtration rate	http://purl.obolibrary.org/obo/MONDO_0004985, http://purl.obolibrary.org/obo/OBA_0003747	GCST90446210	Genome-wide genotyping array
2024-08-09	38858783	Yu S	2024-06-11	Hum Genomics	www.ncbi.nlm.nih.gov/pubmed/38858783	Shared genetic effect of kidney function on bipolar and major depressive disorders: a large-scale genome-wide cross-trait analysis.	Bipolar disorder or glomerular filtration rate estimated from creatine (MTAG)	51,710 European ancestry individuals with bipolar disorder measurements, 1,004,040 European ancestry individuals with eGFRcrea measurements	NA	2p23.3	2	27560525		SPATA31H1			ENSG00000221843			rs62141290-?	rs62141290	0	62141290	intron_variant	0	NR	7E-10	9.154901959985743				NR [NR] (imputed)	N	bipolar disorder, glomerular filtration rate	http://purl.obolibrary.org/obo/MONDO_0004985, http://purl.obolibrary.org/obo/OBA_0003747	GCST90446210	Genome-wide genotyping array
2024-08-09	38858783	Yu S	2024-06-11	Hum Genomics	www.ncbi.nlm.nih.gov/pubmed/38858783	Shared genetic effect of kidney function on bipolar and major depressive disorders: a large-scale genome-wide cross-trait analysis.	Bipolar disorder or glomerular filtration rate estimated from creatine (MTAG)	51,710 European ancestry individuals with bipolar disorder measurements, 1,004,040 European ancestry individuals with eGFRcrea measurements	NA	2p23.2	2	28054547		BABAM2			ENSG00000158019			rs74873433-?	rs74873433	0	74873433	intron_variant	0	NR	1E-8	8.0				NR [NR] (imputed)	N	bipolar disorder, glomerular filtration rate	http://purl.obolibrary.org/obo/MONDO_0004985, http://purl.obolibrary.org/obo/OBA_0003747	GCST90446210	Genome-wide genotyping array
2024-08-09	38858783	Yu S	2024-06-11	Hum Genomics	www.ncbi.nlm.nih.gov/pubmed/38858783	Shared genetic effect of kidney function on bipolar and major depressive disorders: a large-scale genome-wide cross-trait analysis.	Bipolar disorder or glomerular filtration rate estimated from creatine (MTAG)	51,710 European ancestry individuals with bipolar disorder measurements, 1,004,040 European ancestry individuals with eGFRcrea measurements	NA	2q31.3	2	180937677		SCHLAP1 - RPL27AP3	ENSG00000281131	ENSG00000236667		20738	1153	rs4614892-?	rs4614892	0	4614892	intergenic_variant	1	NR	2E-8	7.698970004336019				NR [NR] (imputed)	N	bipolar disorder, glomerular filtration rate	http://purl.obolibrary.org/obo/MONDO_0004985, http://purl.obolibrary.org/obo/OBA_0003747	GCST90446210	Genome-wide genotyping array
2024-08-09	38858783	Yu S	2024-06-11	Hum Genomics	www.ncbi.nlm.nih.gov/pubmed/38858783	Shared genetic effect of kidney function on bipolar and major depressive disorders: a large-scale genome-wide cross-trait analysis.	Bipolar disorder or glomerular filtration rate estimated from creatine (MTAG)	51,710 European ancestry individuals with bipolar disorder measurements, 1,004,040 European ancestry individuals with eGFRcrea measurements	NA	3p21.31	3	50487723		CACNA2D2			ENSG00000007402			rs41499647-?	rs41499647	0	41499647	intron_variant	0	NR	1E-77	77.0				NR [NR] (imputed)	N	bipolar disorder, glomerular filtration rate	http://purl.obolibrary.org/obo/MONDO_0004985, http://purl.obolibrary.org/obo/OBA_0003747	GCST90446210	Genome-wide genotyping array
2024-08-09	38858783	Yu S	2024-06-11	Hum Genomics	www.ncbi.nlm.nih.gov/pubmed/38858783	Shared genetic effect of kidney function on bipolar and major depressive disorders: a large-scale genome-wide cross-trait analysis.	Bipolar disorder or glomerular filtration rate estimated from creatine (MTAG)	51,710 European ancestry individuals with bipolar disorder measurements, 1,004,040 European ancestry individuals with eGFRcrea measurements	NA	3p21.1	3	52834429		MUSTN1, STIMATE-MUSTN1			ENSG00000272573, ENSG00000248592			rs13083728-?	rs13083728	0	13083728	intron_variant	0	NR	1E-9	9.0				NR [NR] (imputed)	N	bipolar disorder, glomerular filtration rate	http://purl.obolibrary.org/obo/MONDO_0004985, http://purl.obolibrary.org/obo/OBA_0003747	GCST90446210	Genome-wide genotyping array
2024-08-09	38858783	Yu S	2024-06-11	Hum Genomics	www.ncbi.nlm.nih.gov/pubmed/38858783	Shared genetic effect of kidney function on bipolar and major depressive disorders: a large-scale genome-wide cross-trait analysis.	Bipolar disorder or glomerular filtration rate estimated from creatine (MTAG)	51,710 European ancestry individuals with bipolar disorder measurements, 1,004,040 European ancestry individuals with eGFRcrea measurements	NA	3q23	3	141885045		ATP1B3			ENSG00000069849			rs6785570-?	rs6785570	0	6785570	intron_variant	0	NR	1E-19	19.0				NR [NR] (imputed)	N	bipolar disorder, glomerular filtration rate	http://purl.obolibrary.org/obo/MONDO_0004985, http://purl.obolibrary.org/obo/OBA_0003747	GCST90446210	Genome-wide genotyping array
2024-08-09	38858783	Yu S	2024-06-11	Hum Genomics	www.ncbi.nlm.nih.gov/pubmed/38858783	Shared genetic effect of kidney function on bipolar and major depressive disorders: a large-scale genome-wide cross-trait analysis.	Bipolar disorder or glomerular filtration rate estimated from creatine (MTAG)	51,710 European ancestry individuals with bipolar disorder measurements, 1,004,040 European ancestry individuals with eGFRcrea measurements	NA	6p22.1	6	28966575		LINC01556 - KRT18P1	ENSG00000204709	ENSG00000228666		21858	2555	rs148696809-?	rs148696809	0	148696809	intergenic_variant	1	NR	3E-11	10.522878745280337				NR [NR] (imputed)	N	bipolar disorder, glomerular filtration rate	http://purl.obolibrary.org/obo/MONDO_0004985, http://purl.obolibrary.org/obo/OBA_0003747	GCST90446210	Genome-wide genotyping array
2024-08-09	38858783	Yu S	2024-06-11	Hum Genomics	www.ncbi.nlm.nih.gov/pubmed/38858783	Shared genetic effect of kidney function on bipolar and major depressive disorders: a large-scale genome-wide cross-trait analysis.	Bipolar disorder or glomerular filtration rate estimated from creatine (MTAG)	51,710 European ancestry individuals with bipolar disorder measurements, 1,004,040 European ancestry individuals with eGFRcrea measurements	NA	6p12.3	6	50917895		FTH1P5 - TIAL1P1	ENSG00000230204	ENSG00000270306		4639	467387	rs36134929-?	rs36134929	0	36134929	intergenic_variant	1	NR	1E-9	9.0				NR [NR] (imputed)	N	bipolar disorder, glomerular filtration rate	http://purl.obolibrary.org/obo/MONDO_0004985, http://purl.obolibrary.org/obo/OBA_0003747	GCST90446210	Genome-wide genotyping array
2024-08-09	38858783	Yu S	2024-06-11	Hum Genomics	www.ncbi.nlm.nih.gov/pubmed/38858783	Shared genetic effect of kidney function on bipolar and major depressive disorders: a large-scale genome-wide cross-trait analysis.	Bipolar disorder or glomerular filtration rate estimated from creatine (MTAG)	51,710 European ancestry individuals with bipolar disorder measurements, 1,004,040 European ancestry individuals with eGFRcrea measurements	NA	8p23.1	8	10034789		MSRA-DT			ENSG00000260093			rs6601411-?	rs6601411	0	6601411	intron_variant	0	NR	5E-36	35.30102999566398				NR [NR] (imputed)	N	bipolar disorder, glomerular filtration rate	http://purl.obolibrary.org/obo/MONDO_0004985, http://purl.obolibrary.org/obo/OBA_0003747	GCST90446210	Genome-wide genotyping array
2024-08-09	38858783	Yu S	2024-06-11	Hum Genomics	www.ncbi.nlm.nih.gov/pubmed/38858783	Shared genetic effect of kidney function on bipolar and major depressive disorders: a large-scale genome-wide cross-trait analysis.	Bipolar disorder or glomerular filtration rate estimated from creatine (MTAG)	51,710 European ancestry individuals with bipolar disorder measurements, 1,004,040 European ancestry individuals with eGFRcrea measurements	NA	12q13.11	12	47784411		HDAC7			ENSG00000061273			rs7307046-?	rs7307046	0	7307046	intron_variant	0	NR	3E-14	13.522878745280337				NR [NR] (imputed)	N	bipolar disorder, glomerular filtration rate	http://purl.obolibrary.org/obo/MONDO_0004985, http://purl.obolibrary.org/obo/OBA_0003747	GCST90446210	Genome-wide genotyping array
2024-08-09	38858783	Yu S	2024-06-11	Hum Genomics	www.ncbi.nlm.nih.gov/pubmed/38858783	Shared genetic effect of kidney function on bipolar and major depressive disorders: a large-scale genome-wide cross-trait analysis.	Bipolar disorder or glomerular filtration rate estimated from creatine (MTAG)	51,710 European ancestry individuals with bipolar disorder measurements, 1,004,040 European ancestry individuals with eGFRcrea measurements	NA	15q25.3	15	84704985		SEC11A			ENSG00000140612			rs12912342-?	rs12912342	0	12912342	intron_variant	0	NR	1E-10	10.0				NR [NR] (imputed)	N	bipolar disorder, glomerular filtration rate	http://purl.obolibrary.org/obo/MONDO_0004985, http://purl.obolibrary.org/obo/OBA_0003747	GCST90446210	Genome-wide genotyping array
2024-08-09	38858783	Yu S	2024-06-11	Hum Genomics	www.ncbi.nlm.nih.gov/pubmed/38858783	Shared genetic effect of kidney function on bipolar and major depressive disorders: a large-scale genome-wide cross-trait analysis.	Bipolar disorder or glomerular filtration rate estimated from creatine (MTAG)	51,710 European ancestry individuals with bipolar disorder measurements, 1,004,040 European ancestry individuals with eGFRcrea measurements	NA	20p12.1	20	14708172		MACROD2			ENSG00000172264			rs11697103-?	rs11697103	0	11697103	intron_variant	0	NR	1E-77	77.0				NR [NR] (imputed)	N	bipolar disorder, glomerular filtration rate	http://purl.obolibrary.org/obo/MONDO_0004985, http://purl.obolibrary.org/obo/OBA_0003747	GCST90446210	Genome-wide genotyping array
2024-08-09	38858783	Yu S	2024-06-11	Hum Genomics	www.ncbi.nlm.nih.gov/pubmed/38858783	Shared genetic effect of kidney function on bipolar and major depressive disorders: a large-scale genome-wide cross-trait analysis.	Bipolar disorder or glomerular filtration rate estimated from creatine (MTAG)	51,710 European ancestry individuals with bipolar disorder measurements, 1,004,040 European ancestry individuals with eGFRcrea measurements	NA	20q11.22	20	34544355		DYNLRB1 - MAP1LC3A	ENSG00000125971	ENSG00000101460		3397	2483	rs6059908-?	rs6059908	0	6059908	regulatory_region_variant	1	NR	5E-13	12.301029995663981				NR [NR] (imputed)	N	bipolar disorder, glomerular filtration rate	http://purl.obolibrary.org/obo/MONDO_0004985, http://purl.obolibrary.org/obo/OBA_0003747	GCST90446210	Genome-wide genotyping array
2024-08-09	38858783	Yu S	2024-06-11	Hum Genomics	www.ncbi.nlm.nih.gov/pubmed/38858783	Shared genetic effect of kidney function on bipolar and major depressive disorders: a large-scale genome-wide cross-trait analysis.	Bipolar disorder or glomerular filtration rate estimated from creatine (MTAG)	51,710 European ancestry individuals with bipolar disorder measurements, 1,004,040 European ancestry individuals with eGFRcrea measurements	NA	20q13.33	20	62258814		OSBPL2			ENSG00000130703			rs3787433-?	rs3787433	0	3787433	intron_variant	0	NR	5E-15	14.301029995663981				NR [NR] (imputed)	N	bipolar disorder, glomerular filtration rate	http://purl.obolibrary.org/obo/MONDO_0004985, http://purl.obolibrary.org/obo/OBA_0003747	GCST90446210	Genome-wide genotyping array
2024-08-09	38858783	Yu S	2024-06-11	Hum Genomics	www.ncbi.nlm.nih.gov/pubmed/38858783	Shared genetic effect of kidney function on bipolar and major depressive disorders: a large-scale genome-wide cross-trait analysis.	Bipolar disorder or glomerular filtration rate estimated from creatine (MTAG)	51,710 European ancestry individuals with bipolar disorder measurements, 1,004,040 European ancestry individuals with eGFRcrea measurements	NA	22q12.3	22	31814314		DEPDC5			ENSG00000100150			rs5994431-?	rs5994431	0	5994431	intron_variant	0	NR	9E-9	8.045757490560675				NR [NR] (imputed)	N	bipolar disorder, glomerular filtration rate	http://purl.obolibrary.org/obo/MONDO_0004985, http://purl.obolibrary.org/obo/OBA_0003747	GCST90446210	Genome-wide genotyping array
2024-08-09	38858783	Yu S	2024-06-11	Hum Genomics	www.ncbi.nlm.nih.gov/pubmed/38858783	Shared genetic effect of kidney function on bipolar and major depressive disorders: a large-scale genome-wide cross-trait analysis.	Bipolar disorder or glomerular filtration rate estimated from cystatin (MTAG)	51,710 European ancestry individuals with bipolar disorder measurements, 460,826 European ancestry individuals with eGFRcys measurements	NA	1p31.1	1	77984833		GIPC2, DNAJB4			ENSG00000137960, ENSG00000162616			rs34517439-?	rs34517439	0	34517439	intron_variant	0	NR	1E-29	29.0				NR [NR] (imputed)	N	bipolar disorder, glomerular filtration rate	http://purl.obolibrary.org/obo/MONDO_0004985, http://purl.obolibrary.org/obo/OBA_0003747	GCST90446211	Genome-wide genotyping array
2026-02-02	39024449	Verma A	2024-07-19	Science	www.ncbi.nlm.nih.gov/pubmed/39024449	Diversity and scale: Genetic architecture of 2068 traits in the VA Million Veteran Program.	Biological Grandparent (maternal): Bipolar Disorder	287 African American or Afro-Caribbean cases, 55,218 African American or Afro-Caribbean controls, 1,621 European ancestry cases, 314,047 European ancestry controls	NA	2p16.1	2	59357245		LINC01122 - RNU6-508P	ENSG00000233723	ENSG00000200101		1657	290376	rs183292232-G	rs183292232	0	183292232	intron_variant	1	0.9998	3E-12	11.522878745280337		3.705	[3.69-3.72] unit decrease	NR [44300000] (imputed)	N	bipolar disorder, family history	http://purl.obolibrary.org/obo/MONDO_0004985, http://www.ebi.ac.uk/efo/EFO_0000493	GCST90479686	Genome-wide genotyping array
2026-02-02	39024449	Verma A	2024-07-19	Science	www.ncbi.nlm.nih.gov/pubmed/39024449	Diversity and scale: Genetic architecture of 2068 traits in the VA Million Veteran Program.	Biological Grandparent (maternal): Bipolar Disorder	287 African American or Afro-Caribbean cases, 55,218 African American or Afro-Caribbean controls, 1,621 European ancestry cases, 314,047 European ancestry controls	NA	16q24.3	16	89265951		ZNF778 - ANKRD11	ENSG00000170100	ENSG00000167522		28810	1668	rs77817138-C	rs77817138	0	77817138	intergenic_variant	1	0.9997	6E-12	11.221848749616356		3.133	[3.11-3.16] unit decrease	NR [44300000] (imputed)	N	bipolar disorder, family history	http://purl.obolibrary.org/obo/MONDO_0004985, http://www.ebi.ac.uk/efo/EFO_0000493	GCST90479686	Genome-wide genotyping array
2026-02-02	39024449	Verma A	2024-07-19	Science	www.ncbi.nlm.nih.gov/pubmed/39024449	Diversity and scale: Genetic architecture of 2068 traits in the VA Million Veteran Program.	Biological Grandparent (maternal): Bipolar Disorder	287 African American or Afro-Caribbean cases, 55,218 African American or Afro-Caribbean controls, 1,621 European ancestry cases, 314,047 European ancestry controls	NA	11q24.2	11	125940281		DDX25			ENSG00000109832			rs552029205-G	rs552029205	0	552029205	intergenic_variant	0	0.9995	4E-11	10.397940008672037		3.267	[3.24-3.29] unit decrease	NR [44300000] (imputed)	N	bipolar disorder, family history	http://purl.obolibrary.org/obo/MONDO_0004985, http://www.ebi.ac.uk/efo/EFO_0000493	GCST90479686	Genome-wide genotyping array
2026-02-02	39024449	Verma A	2024-07-19	Science	www.ncbi.nlm.nih.gov/pubmed/39024449	Diversity and scale: Genetic architecture of 2068 traits in the VA Million Veteran Program.	Biological Father: Bipolar Disorder	323 African American or Afro-Caribbean cases, 55,182 African American or Afro-Caribbean controls, 2,341 European ancestry cases, 313,327 European ancestry controls, 216 Hispanic or Latin American cases, 29,098 Hispanic or Latin American controls	NA	2p15	2	63598628		WDPCP, MDH1			ENSG00000143951, ENSG00000014641			rs948462796-T	rs948462796	0	948462796	intron_variant	0	0.999	1E-12	12.0		2.618	[2.58-2.66] unit decrease	NR [44300000] (imputed)	N	bipolar disorder, family history	http://purl.obolibrary.org/obo/MONDO_0004985, http://www.ebi.ac.uk/efo/EFO_0000493	GCST90479577	Genome-wide genotyping array
2026-02-02	39024449	Verma A	2024-07-19	Science	www.ncbi.nlm.nih.gov/pubmed/39024449	Diversity and scale: Genetic architecture of 2068 traits in the VA Million Veteran Program.	Biological Father: Bipolar Disorder	323 African American or Afro-Caribbean cases, 55,182 African American or Afro-Caribbean controls, 2,341 European ancestry cases, 313,327 European ancestry controls, 216 Hispanic or Latin American cases, 29,098 Hispanic or Latin American controls	NA	2p14	2	64744889		SERTAD2			ENSG00000179833			rs973359197-G	rs973359197	0	973359197	intron_variant	0	0.9989	9E-14	13.045757490560675		2.543	[2.5-2.58] unit decrease	NR [44300000] (imputed)	N	bipolar disorder, family history	http://purl.obolibrary.org/obo/MONDO_0004985, http://www.ebi.ac.uk/efo/EFO_0000493	GCST90479577	Genome-wide genotyping array
2026-02-02	39024449	Verma A	2024-07-19	Science	www.ncbi.nlm.nih.gov/pubmed/39024449	Diversity and scale: Genetic architecture of 2068 traits in the VA Million Veteran Program.	Biological Father: Bipolar Disorder	323 African American or Afro-Caribbean cases, 55,182 African American or Afro-Caribbean controls, 2,341 European ancestry cases, 313,327 European ancestry controls, 216 Hispanic or Latin American cases, 29,098 Hispanic or Latin American controls	NA	10q22.3	10	77930341		DLG5-AS1 - POLR3A	ENSG00000233871	ENSG00000148606		492	22807	rs184369225-T	rs184369225	0	184369225	intergenic_variant	1	0.9995	7E-12	11.154901959985743		3.739	[3.72-3.75] unit decrease	NR [44300000] (imputed)	N	bipolar disorder, family history	http://purl.obolibrary.org/obo/MONDO_0004985, http://www.ebi.ac.uk/efo/EFO_0000493	GCST90479577	Genome-wide genotyping array
2026-02-02	39024449	Verma A	2024-07-19	Science	www.ncbi.nlm.nih.gov/pubmed/39024449	Diversity and scale: Genetic architecture of 2068 traits in the VA Million Veteran Program.	Biological Father: Bipolar Disorder	323 African American or Afro-Caribbean cases, 55,182 African American or Afro-Caribbean controls, 2,341 European ancestry cases, 313,327 European ancestry controls, 216 Hispanic or Latin American cases, 29,098 Hispanic or Latin American controls	NA	2q35	2	217712968		DIRC3			ENSG00000231672			rs529892601-C	rs529892601	0	529892601	intron_variant	0	0.9981	1E-11	11.0		2.341	[2.29-2.39] unit decrease	NR [44300000] (imputed)	N	bipolar disorder, family history	http://purl.obolibrary.org/obo/MONDO_0004985, http://www.ebi.ac.uk/efo/EFO_0000493	GCST90479577	Genome-wide genotyping array
2026-02-02	39024449	Verma A	2024-07-19	Science	www.ncbi.nlm.nih.gov/pubmed/39024449	Diversity and scale: Genetic architecture of 2068 traits in the VA Million Veteran Program.	Biological Father: Bipolar Disorder	323 African American or Afro-Caribbean cases, 55,182 African American or Afro-Caribbean controls, 2,341 European ancestry cases, 313,327 European ancestry controls, 216 Hispanic or Latin American cases, 29,098 Hispanic or Latin American controls	NA	3q21.3	3	128009283		MGLL			ENSG00000074416			rs190958890-T	rs190958890	0	190958890	intergenic_variant	0	0.9963	5E-12	11.301029995663981		2.036	[1.98-2.09] unit decrease	NR [44300000] (imputed)	N	bipolar disorder, family history	http://purl.obolibrary.org/obo/MONDO_0004985, http://www.ebi.ac.uk/efo/EFO_0000493	GCST90479577	Genome-wide genotyping array
2021-07-27	33479212	Yao X	2021-01-21	Transl Psychiatry	www.ncbi.nlm.nih.gov/pubmed/33479212	Integrative analysis of genome-wide association studies identifies novel loci associated with neuropsychiatric disorders.	Bipolar disorder (MTAG)	at least 20,352 European ancestry cases, at least 31,358 European ancestry controls	NA	10q24.32	10	102633732	NR	SUFU - TRIM8	ENSG00000107882	ENSG00000171206		197	8771	rs11191356-A	rs11191356	0	11191356	regulatory_region_variant	1	0.9056	2E-9	8.698970004336019		0.114138626	[0.077-0.151] unit increase	NR [NR]	N	bipolar disorder	http://purl.obolibrary.org/obo/MONDO_0004985	GCST012091	Genome-wide genotyping array
2021-07-27	33479212	Yao X	2021-01-21	Transl Psychiatry	www.ncbi.nlm.nih.gov/pubmed/33479212	Integrative analysis of genome-wide association studies identifies novel loci associated with neuropsychiatric disorders.	Bipolar disorder (MTAG)	at least 20,352 European ancestry cases, at least 31,358 European ancestry controls	NA	10q24.33	10	103153896	NR	NT5C2			ENSG00000076685			rs11191582-A	rs11191582	0	11191582	intron_variant	0	0.0885	9E-13	12.045757490560675		0.13741739	[0.1-0.175] unit decrease	NR [NR]	N	bipolar disorder	http://purl.obolibrary.org/obo/MONDO_0004985	GCST012091	Genome-wide genotyping array
2021-07-27	33479212	Yao X	2021-01-21	Transl Psychiatry	www.ncbi.nlm.nih.gov/pubmed/33479212	Integrative analysis of genome-wide association studies identifies novel loci associated with neuropsychiatric disorders.	Bipolar disorder (MTAG)	at least 20,352 European ancestry cases, at least 31,358 European ancestry controls	NA	11q13.1	11	64023459	NR	MACROD1			ENSG00000133315			rs484201-T	rs484201	0	484201	intron_variant	0	0.4732	9E-9	8.045757490560675		0.06510238	[0.043-0.087] unit increase	NR [NR]	N	bipolar disorder	http://purl.obolibrary.org/obo/MONDO_0004985	GCST012091	Genome-wide genotyping array
2021-07-27	33479212	Yao X	2021-01-21	Transl Psychiatry	www.ncbi.nlm.nih.gov/pubmed/33479212	Integrative analysis of genome-wide association studies identifies novel loci associated with neuropsychiatric disorders.	Bipolar disorder (MTAG)	at least 20,352 European ancestry cases, at least 31,358 European ancestry controls	NA	11q13.2	11	66715794	NR	SPTBN2			ENSG00000173898			rs12805133-A	rs12805133	0	12805133	intron_variant	0	0.5507	5E-9	8.301029995663981		0.06369018	[0.042-0.085] unit decrease	NR [NR]	N	bipolar disorder	http://purl.obolibrary.org/obo/MONDO_0004985	GCST012091	Genome-wide genotyping array
2021-07-27	33479212	Yao X	2021-01-21	Transl Psychiatry	www.ncbi.nlm.nih.gov/pubmed/33479212	Integrative analysis of genome-wide association studies identifies novel loci associated with neuropsychiatric disorders.	Bipolar disorder (MTAG)	at least 20,352 European ancestry cases, at least 31,358 European ancestry controls	NA	11q23.2	11	113522272	NR	DRD2 - TMPRSS5	ENSG00000149295	ENSG00000166682		45870	165271	rs2514218-T	rs2514218	0	2514218	intergenic_variant	1	0.3519	2E-10	9.698970004336019		0.07235493	[0.05-0.095] unit decrease	NR [NR]	N	bipolar disorder	http://purl.obolibrary.org/obo/MONDO_0004985	GCST012091	Genome-wide genotyping array
2021-07-27	33479212	Yao X	2021-01-21	Transl Psychiatry	www.ncbi.nlm.nih.gov/pubmed/33479212	Integrative analysis of genome-wide association studies identifies novel loci associated with neuropsychiatric disorders.	Bipolar disorder (MTAG)	at least 20,352 European ancestry cases, at least 31,358 European ancestry controls	NA	11q25	11	130941461	NR	SNX19 - RN7SL167P	ENSG00000120451	ENSG00000242673		24982	62667	rs35774874-T	rs35774874	0	35774874	intergenic_variant	1	0.494	3E-8	7.522878745280337		0.061993353	[0.04-0.084] unit increase	NR [NR]	N	bipolar disorder	http://purl.obolibrary.org/obo/MONDO_0004985	GCST012091	Genome-wide genotyping array
2021-07-27	33479212	Yao X	2021-01-21	Transl Psychiatry	www.ncbi.nlm.nih.gov/pubmed/33479212	Integrative analysis of genome-wide association studies identifies novel loci associated with neuropsychiatric disorders.	Bipolar disorder (MTAG)	at least 20,352 European ancestry cases, at least 31,358 European ancestry controls	NA	12p13.33	12	2176565	NR	CACNA1C			ENSG00000151067			rs2238044-A	rs2238044	0	2238044	intron_variant	0	0.3797	6E-9	8.221848749616356		0.065534785	[0.043-0.088] unit increase	NR [NR]	N	bipolar disorder	http://purl.obolibrary.org/obo/MONDO_0004985	GCST012091	Genome-wide genotyping array
2021-07-27	33479212	Yao X	2021-01-21	Transl Psychiatry	www.ncbi.nlm.nih.gov/pubmed/33479212	Integrative analysis of genome-wide association studies identifies novel loci associated with neuropsychiatric disorders.	Bipolar disorder (MTAG)	at least 20,352 European ancestry cases, at least 31,358 European ancestry controls	NA	12p13.33	12	2299028	NR	CACNA1C, CACNA1C-IT3			ENSG00000151067, ENSG00000256721			rs4298967-A	rs4298967	0	4298967	intron_variant	0	0.337999999999999	1E-16	16.0		0.09423101	[0.072-0.116] unit increase	NR [NR]	N	bipolar disorder	http://purl.obolibrary.org/obo/MONDO_0004985	GCST012091	Genome-wide genotyping array
2021-07-27	33479212	Yao X	2021-01-21	Transl Psychiatry	www.ncbi.nlm.nih.gov/pubmed/33479212	Integrative analysis of genome-wide association studies identifies novel loci associated with neuropsychiatric disorders.	Bipolar disorder (MTAG)	at least 20,352 European ancestry cases, at least 31,358 European ancestry controls	NA	12p13.33	12	2390683	NR	CACNA1C			ENSG00000151067			rs740417-A	rs740417	0	740417	intron_variant	0	0.6243	4E-8	7.3979400086720375		0.06133531	[0.04-0.083] unit increase	NR [NR]	N	bipolar disorder	http://purl.obolibrary.org/obo/MONDO_0004985	GCST012091	Genome-wide genotyping array
2021-07-27	33479212	Yao X	2021-01-21	Transl Psychiatry	www.ncbi.nlm.nih.gov/pubmed/33479212	Integrative analysis of genome-wide association studies identifies novel loci associated with neuropsychiatric disorders.	Bipolar disorder (MTAG)	at least 20,352 European ancestry cases, at least 31,358 European ancestry controls	NA	12q23.1	12	99102252	NR	ANKS1B			ENSG00000185046			rs10745843-A	rs10745843	0	10745843	intron_variant	0	0.5845	5E-9	8.301029995663981		0.065029874	[0.043-0.087] unit increase	NR [NR]	N	bipolar disorder	http://purl.obolibrary.org/obo/MONDO_0004985	GCST012091	Genome-wide genotyping array
2021-07-27	33479212	Yao X	2021-01-21	Transl Psychiatry	www.ncbi.nlm.nih.gov/pubmed/33479212	Integrative analysis of genome-wide association studies identifies novel loci associated with neuropsychiatric disorders.	Bipolar disorder (MTAG)	at least 20,352 European ancestry cases, at least 31,358 European ancestry controls	NA	14q32.2	14	99237631	NR	BCL11B			ENSG00000127152			rs10129264-T	rs10129264	0	10129264	intron_variant	0	0.4314	1E-8	8.0		0.063447036	[0.042-0.085] unit decrease	NR [NR]	N	bipolar disorder	http://purl.obolibrary.org/obo/MONDO_0004985	GCST012091	Genome-wide genotyping array
2021-07-27	33479212	Yao X	2021-01-21	Transl Psychiatry	www.ncbi.nlm.nih.gov/pubmed/33479212	Integrative analysis of genome-wide association studies identifies novel loci associated with neuropsychiatric disorders.	Bipolar disorder (MTAG)	at least 20,352 European ancestry cases, at least 31,358 European ancestry controls	NA	14q32.33	14	103580497	NR	COA8, KLC1			ENSG00000256053, ENSG00000126214			rs12887734-T	rs12887734	0	12887734	intron_variant	0	0.2744	2E-11	10.698970004336019		0.08054831	[0.057-0.104] unit increase	NR [NR]	N	bipolar disorder	http://purl.obolibrary.org/obo/MONDO_0004985	GCST012091	Genome-wide genotyping array
2021-07-27	33479212	Yao X	2021-01-21	Transl Psychiatry	www.ncbi.nlm.nih.gov/pubmed/33479212	Integrative analysis of genome-wide association studies identifies novel loci associated with neuropsychiatric disorders.	Bipolar disorder (MTAG)	at least 20,352 European ancestry cases, at least 31,358 European ancestry controls	NA	15q25.1	15	78616223	NR	CHRNA3			ENSG00000080644			rs28681284-T	rs28681284	0	28681284	intron_variant	0	0.2207	8E-9	8.096910013008056		0.07864479	[0.052-0.105] unit decrease	NR [NR]	N	bipolar disorder	http://purl.obolibrary.org/obo/MONDO_0004985	GCST012091	Genome-wide genotyping array
2021-07-27	33479212	Yao X	2021-01-21	Transl Psychiatry	www.ncbi.nlm.nih.gov/pubmed/33479212	Integrative analysis of genome-wide association studies identifies novel loci associated with neuropsychiatric disorders.	Bipolar disorder (MTAG)	at least 20,352 European ancestry cases, at least 31,358 European ancestry controls	NA	15q25.2	15	84610573	NR	ZSCAN2-AS1, ZSCAN2			ENSG00000275120, ENSG00000176371			rs71395455-A	rs71395455	0	71395455	intron_variant	0	0.7117	2E-12	11.698970004336019		0.083049946	[0.06-0.106] unit increase	NR [NR]	N	bipolar disorder	http://purl.obolibrary.org/obo/MONDO_0004985	GCST012091	Genome-wide genotyping array
2021-07-27	33479212	Yao X	2021-01-21	Transl Psychiatry	www.ncbi.nlm.nih.gov/pubmed/33479212	Integrative analysis of genome-wide association studies identifies novel loci associated with neuropsychiatric disorders.	Bipolar disorder (MTAG)	at least 20,352 European ancestry cases, at least 31,358 European ancestry controls	NA	15q26.1	15	90883330	NR	FURIN			ENSG00000140564			rs4702-A	rs4702	0	4702	3_prime_UTR_variant	0	0.5626	1E-10	10.0		0.07342183	[0.051-0.096] unit decrease	NR [NR]	N	bipolar disorder	http://purl.obolibrary.org/obo/MONDO_0004985	GCST012091	Genome-wide genotyping array
2021-07-27	33479212	Yao X	2021-01-21	Transl Psychiatry	www.ncbi.nlm.nih.gov/pubmed/33479212	Integrative analysis of genome-wide association studies identifies novel loci associated with neuropsychiatric disorders.	Bipolar disorder (MTAG)	at least 20,352 European ancestry cases, at least 31,358 European ancestry controls	NA	16p13.2	16	9780842	NR	GRIN2A			ENSG00000183454			rs11648559-T	rs11648559	0	11648559	intron_variant	0	0.3131	1E-8	8.0		0.069688074	[0.046-0.094] unit increase	NR [NR]	N	bipolar disorder	http://purl.obolibrary.org/obo/MONDO_0004985	GCST012091	Genome-wide genotyping array
2021-07-27	33479212	Yao X	2021-01-21	Transl Psychiatry	www.ncbi.nlm.nih.gov/pubmed/33479212	Integrative analysis of genome-wide association studies identifies novel loci associated with neuropsychiatric disorders.	Bipolar disorder (MTAG)	at least 20,352 European ancestry cases, at least 31,358 European ancestry controls	NA	16p13.2	16	9846103	NR	GRIN2A			ENSG00000183454			rs9926049-A	rs9926049	0	9926049	intron_variant	0	0.3201	3E-11	10.522878745280337		0.07782277	[0.055-0.101] unit increase	NR [NR]	N	bipolar disorder	http://purl.obolibrary.org/obo/MONDO_0004985	GCST012091	Genome-wide genotyping array
2021-07-27	33479212	Yao X	2021-01-21	Transl Psychiatry	www.ncbi.nlm.nih.gov/pubmed/33479212	Integrative analysis of genome-wide association studies identifies novel loci associated with neuropsychiatric disorders.	Bipolar disorder (MTAG)	at least 20,352 European ancestry cases, at least 31,358 European ancestry controls	NA	16p13.12	16	13655408	NR	TMF1P1 - ERCC4	ENSG00000262235	ENSG00000175595		196710	264730	rs7499750-A	rs7499750	0	7499750	intron_variant	1	0.2604	4E-8	7.3979400086720375		0.06897875	[0.044-0.094] unit increase	NR [NR]	N	bipolar disorder	http://purl.obolibrary.org/obo/MONDO_0004985	GCST012091	Genome-wide genotyping array
2021-07-27	33479212	Yao X	2021-01-21	Transl Psychiatry	www.ncbi.nlm.nih.gov/pubmed/33479212	Integrative analysis of genome-wide association studies identifies novel loci associated with neuropsychiatric disorders.	Bipolar disorder (MTAG)	at least 20,352 European ancestry cases, at least 31,358 European ancestry controls	NA	16p11.2	16	29983601	NR	TAOK2			ENSG00000149930			rs3814883-T	rs3814883	0	3814883	synonymous_variant	0	0.4602	2E-9	8.698970004336019		0.0667322	[0.045-0.088] unit decrease	NR [NR]	N	bipolar disorder	http://purl.obolibrary.org/obo/MONDO_0004985	GCST012091	Genome-wide genotyping array
2021-07-27	33479212	Yao X	2021-01-21	Transl Psychiatry	www.ncbi.nlm.nih.gov/pubmed/33479212	Integrative analysis of genome-wide association studies identifies novel loci associated with neuropsychiatric disorders.	Bipolar disorder (MTAG)	at least 20,352 European ancestry cases, at least 31,358 European ancestry controls	NA	19p13.11	19	19325067	NR	MAU2			ENSG00000129933			rs4239639-A	rs4239639	0	4239639	intron_variant	0	0.827	1E-8	8.0		0.08104238	[0.053-0.109] unit decrease	NR [NR]	N	bipolar disorder	http://purl.obolibrary.org/obo/MONDO_0004985	GCST012091	Genome-wide genotyping array
2021-07-27	33479212	Yao X	2021-01-21	Transl Psychiatry	www.ncbi.nlm.nih.gov/pubmed/33479212	Integrative analysis of genome-wide association studies identifies novel loci associated with neuropsychiatric disorders.	Bipolar disorder (MTAG)	at least 20,352 European ancestry cases, at least 31,358 European ancestry controls	NA	22q13.2	22	40813300	NR	SLC25A17			ENSG00000100372			rs138321-A	rs138321	0	138321	intron_variant	0	0.5149	2E-9	8.698970004336019		0.0656635	[0.044-0.087] unit increase	NR [NR]	N	bipolar disorder	http://purl.obolibrary.org/obo/MONDO_0004985	GCST012091	Genome-wide genotyping array
2021-07-27	33479212	Yao X	2021-01-21	Transl Psychiatry	www.ncbi.nlm.nih.gov/pubmed/33479212	Integrative analysis of genome-wide association studies identifies novel loci associated with neuropsychiatric disorders.	Bipolar disorder (MTAG)	at least 20,352 European ancestry cases, at least 31,358 European ancestry controls	NA	2p24.1	2	22400520	NR	LINC01830, LINC03116			ENSG00000228999, ENSG00000234207			rs11887562-A	rs11887562	0	11887562	intron_variant	0	0.493	2E-8	7.698970004336019		0.061676037	[0.040-0.083] unit increase	NR [NR]	N	bipolar disorder	http://purl.obolibrary.org/obo/MONDO_0004985	GCST012091	Genome-wide genotyping array
2021-07-27	33479212	Yao X	2021-01-21	Transl Psychiatry	www.ncbi.nlm.nih.gov/pubmed/33479212	Integrative analysis of genome-wide association studies identifies novel loci associated with neuropsychiatric disorders.	Bipolar disorder (MTAG)	at least 20,352 European ancestry cases, at least 31,358 European ancestry controls	NA	1p31.1	1	73260315	NR	RN7SKP19 - LINC01360	ENSG00000251825	ENSG00000233973		68460	45294	rs12136984-T	rs12136984	0	12136984	intergenic_variant	1	0.4662	5E-9	8.301029995663981		0.063813604	[0.042-0.085] unit decrease	NR [NR]	N	bipolar disorder	http://purl.obolibrary.org/obo/MONDO_0004985	GCST012091	Genome-wide genotyping array
2021-07-27	33479212	Yao X	2021-01-21	Transl Psychiatry	www.ncbi.nlm.nih.gov/pubmed/33479212	Integrative analysis of genome-wide association studies identifies novel loci associated with neuropsychiatric disorders.	Bipolar disorder (MTAG)	at least 20,352 European ancestry cases, at least 31,358 European ancestry controls	NA	1p21.3	1	95112651	TMEM56	ALG14 - TLCD4	ENSG00000172339	ENSG00000152078		39700	4641	rs12563424-T	rs12563424	0	12563424	intron_variant	1	0.6421	1E-8	8.0		0.06371661	[0.042-0.086] unit decrease	NR [NR]	N	bipolar disorder	http://purl.obolibrary.org/obo/MONDO_0004985	GCST012091	Genome-wide genotyping array
2021-07-27	33479212	Yao X	2021-01-21	Transl Psychiatry	www.ncbi.nlm.nih.gov/pubmed/33479212	Integrative analysis of genome-wide association studies identifies novel loci associated with neuropsychiatric disorders.	Bipolar disorder (MTAG)	at least 20,352 European ancestry cases, at least 31,358 European ancestry controls	NA	1q21.2	1	150029674	NR	OTUD7B - RPL6P31	ENSG00000264522	ENSG00000223945		18916	24190	rs72692857-T	rs72692857	0	72692857	intron_variant	1	0.831	4E-10	9.397940008672037		0.09163021	[0.063-0.12] unit increase	NR [NR]	N	bipolar disorder	http://purl.obolibrary.org/obo/MONDO_0004985	GCST012091	Genome-wide genotyping array
2021-07-27	33479212	Yao X	2021-01-21	Transl Psychiatry	www.ncbi.nlm.nih.gov/pubmed/33479212	Integrative analysis of genome-wide association studies identifies novel loci associated with neuropsychiatric disorders.	Bipolar disorder (MTAG)	at least 20,352 European ancestry cases, at least 31,358 European ancestry controls	NA	1q43	1	239046758	NR	MIPEPP2 - CHRM3	ENSG00000224783	ENSG00000133019		267558	339755	rs72769124-A	rs72769124	0	72769124	intergenic_variant	1	0.0964	2E-8	7.698970004336019		0.10861333	[0.071-0.147] unit increase	NR [NR]	N	bipolar disorder	http://purl.obolibrary.org/obo/MONDO_0004985	GCST012091	Genome-wide genotyping array
2021-07-27	33479212	Yao X	2021-01-21	Transl Psychiatry	www.ncbi.nlm.nih.gov/pubmed/33479212	Integrative analysis of genome-wide association studies identifies novel loci associated with neuropsychiatric disorders.	Bipolar disorder (MTAG)	at least 20,352 European ancestry cases, at least 31,358 European ancestry controls	NA	2p24.1	2	22381268	NR	LINC01830, LINC03116			ENSG00000228999, ENSG00000234207			rs2339519-A	rs2339519	0	2339519	intron_variant	0	0.4732	2E-9	8.698970004336019		0.06645702	[0.045-0.088] unit increase	NR [NR]	N	bipolar disorder	http://purl.obolibrary.org/obo/MONDO_0004985	GCST012091	Genome-wide genotyping array
2021-07-27	33479212	Yao X	2021-01-21	Transl Psychiatry	www.ncbi.nlm.nih.gov/pubmed/33479212	Integrative analysis of genome-wide association studies identifies novel loci associated with neuropsychiatric disorders.	Bipolar disorder (MTAG)	at least 20,352 European ancestry cases, at least 31,358 European ancestry controls	NA	2p23.2	2	27810671	NR	RBKS, MRPL33			ENSG00000171174, ENSG00000243147			rs12474906-A	rs12474906	0	12474906	intron_variant	0	0.7873	8E-9	8.096910013008056		0.07945648	[0.052-0.106] unit increase	NR [NR]	N	bipolar disorder	http://purl.obolibrary.org/obo/MONDO_0004985	GCST012091	Genome-wide genotyping array
2021-07-27	33479212	Yao X	2021-01-21	Transl Psychiatry	www.ncbi.nlm.nih.gov/pubmed/33479212	Integrative analysis of genome-wide association studies identifies novel loci associated with neuropsychiatric disorders.	Bipolar disorder (MTAG)	at least 20,352 European ancestry cases, at least 31,358 European ancestry controls	NA	2p16.1	2	57844458	NR	ACTG1P22 - VRK2	ENSG00000271615	ENSG00000028116		78406	63148	rs80256351-A	rs80256351	0	80256351	intron_variant	1	0.0557	1E-10	10.0		0.15337054	[0.11-0.2] unit decrease	NR [NR]	N	bipolar disorder	http://purl.obolibrary.org/obo/MONDO_0004985	GCST012091	Genome-wide genotyping array
2021-07-27	33479212	Yao X	2021-01-21	Transl Psychiatry	www.ncbi.nlm.nih.gov/pubmed/33479212	Integrative analysis of genome-wide association studies identifies novel loci associated with neuropsychiatric disorders.	Bipolar disorder (MTAG)	at least 20,352 European ancestry cases, at least 31,358 European ancestry controls	NA	2q11.2	2	96750416	NR	LMAN2L - CNNM4	ENSG00000114988	ENSG00000158158		10332	10482	rs4619651-A	rs4619651	0	4619651	intergenic_variant	1	0.2972	5E-10	9.301029995663981		0.07221315	[0.049-0.095] unit decrease	NR [NR]	N	bipolar disorder	http://purl.obolibrary.org/obo/MONDO_0004985	GCST012091	Genome-wide genotyping array
2021-07-27	33479212	Yao X	2021-01-21	Transl Psychiatry	www.ncbi.nlm.nih.gov/pubmed/33479212	Integrative analysis of genome-wide association studies identifies novel loci associated with neuropsychiatric disorders.	Bipolar disorder (MTAG)	at least 20,352 European ancestry cases, at least 31,358 European ancestry controls	NA	2q32.1	2	184947213	NR	ZNF804A - ELF2P4	ENSG00000170396	ENSG00000225406		7721	599922	rs4380187-A	rs4380187	0	4380187	intergenic_variant	1	0.5457	1E-10	10.0		0.070146814	[0.049-0.091] unit increase	NR [NR]	N	bipolar disorder	http://purl.obolibrary.org/obo/MONDO_0004985	GCST012091	Genome-wide genotyping array
2021-07-27	33479212	Yao X	2021-01-21	Transl Psychiatry	www.ncbi.nlm.nih.gov/pubmed/33479212	Integrative analysis of genome-wide association studies identifies novel loci associated with neuropsychiatric disorders.	Bipolar disorder (MTAG)	at least 20,352 European ancestry cases, at least 31,358 European ancestry controls	NA	2q32.3	2	193579493	NR	DNAJC17P1 - SEC61GP1	ENSG00000235218	ENSG00000224219		301879	151062	rs2719169-A	rs2719169	0	2719169	intergenic_variant	1	0.4095	1E-8	8.0		0.06331754	[0.041-0.085] unit decrease	NR [NR]	N	bipolar disorder	http://purl.obolibrary.org/obo/MONDO_0004985	GCST012091	Genome-wide genotyping array
2021-07-27	33479212	Yao X	2021-01-21	Transl Psychiatry	www.ncbi.nlm.nih.gov/pubmed/33479212	Integrative analysis of genome-wide association studies identifies novel loci associated with neuropsychiatric disorders.	Bipolar disorder (MTAG)	at least 20,352 European ancestry cases, at least 31,358 European ancestry controls	NA	2q33.1	2	197439853	NR	SF3B1 - RNU6-1029P	ENSG00000115524	ENSG00000206836		4774	7892	rs6434928-A	rs6434928	0	6434928	intergenic_variant	1	0.7256	2E-9	8.698970004336019		0.06987272	[0.047-0.093] unit decrease	NR [NR]	N	bipolar disorder	http://purl.obolibrary.org/obo/MONDO_0004985	GCST012091	Genome-wide genotyping array
2021-07-27	33479212	Yao X	2021-01-21	Transl Psychiatry	www.ncbi.nlm.nih.gov/pubmed/33479212	Integrative analysis of genome-wide association studies identifies novel loci associated with neuropsychiatric disorders.	Bipolar disorder (MTAG)	at least 20,352 European ancestry cases, at least 31,358 European ancestry controls	NA	2q33.1	2	198064359	NR	PLCL1			ENSG00000115896			rs34388051-A	rs34388051	0	34388051	intron_variant	0	0.7018	4E-8	7.3979400086720375		0.06500347	[0.042-0.088] unit decrease	NR [NR]	N	bipolar disorder	http://purl.obolibrary.org/obo/MONDO_0004985	GCST012091	Genome-wide genotyping array
2021-07-27	33479212	Yao X	2021-01-21	Transl Psychiatry	www.ncbi.nlm.nih.gov/pubmed/33479212	Integrative analysis of genome-wide association studies identifies novel loci associated with neuropsychiatric disorders.	Bipolar disorder (MTAG)	at least 20,352 European ancestry cases, at least 31,358 European ancestry controls	NA	2q33.1	2	200296048	NR	MAIP1 - SPATS2L	ENSG00000162972	ENSG00000196141		287508	9833	rs1367858-T	rs1367858	0	1367858	intergenic_variant	1	0.337999999999999	3E-10	9.522878745280337		0.071695566	[0.049-0.094] unit increase	NR [NR]	N	bipolar disorder	http://purl.obolibrary.org/obo/MONDO_0004985	GCST012091	Genome-wide genotyping array
2021-07-27	33479212	Yao X	2021-01-21	Transl Psychiatry	www.ncbi.nlm.nih.gov/pubmed/33479212	Integrative analysis of genome-wide association studies identifies novel loci associated with neuropsychiatric disorders.	Bipolar disorder (MTAG)	at least 20,352 European ancestry cases, at least 31,358 European ancestry controls	NA	2q37.1	2	232927715	NR	NGEF			ENSG00000066248			rs2592118-T	rs2592118	0	2592118	intron_variant	0	0.4414	2E-8	7.698970004336019		0.06117973	[0.04-0.083] unit increase	NR [NR]	N	bipolar disorder	http://purl.obolibrary.org/obo/MONDO_0004985	GCST012091	Genome-wide genotyping array
2021-07-27	33479212	Yao X	2021-01-21	Transl Psychiatry	www.ncbi.nlm.nih.gov/pubmed/33479212	Integrative analysis of genome-wide association studies identifies novel loci associated with neuropsychiatric disorders.	Bipolar disorder (MTAG)	at least 20,352 European ancestry cases, at least 31,358 European ancestry controls	NA	3p26.3	3	2479638	NR	CNTN4			ENSG00000144619			rs35346733-A	rs35346733	0	35346733	intron_variant	0	0.1879	5E-9	8.301029995663981		0.08186534	[0.054-0.109] unit increase	NR [NR]	N	bipolar disorder	http://purl.obolibrary.org/obo/MONDO_0004985	GCST012091	Genome-wide genotyping array
2021-07-27	33479212	Yao X	2021-01-21	Transl Psychiatry	www.ncbi.nlm.nih.gov/pubmed/33479212	Integrative analysis of genome-wide association studies identifies novel loci associated with neuropsychiatric disorders.	Bipolar disorder (MTAG)	at least 20,352 European ancestry cases, at least 31,358 European ancestry controls	NA	3p22.2	3	36814539	NR	HSPD1P6 - LINC02033	ENSG00000230067	ENSG00000279727		45740	4737	rs9834970-T	rs9834970	0	9834970	regulatory_region_variant	1	0.4891	3E-15	14.522878745280337		0.085021734	[0.064-0.106] unit decrease	NR [NR]	N	bipolar disorder	http://purl.obolibrary.org/obo/MONDO_0004985	GCST012091	Genome-wide genotyping array
2021-07-27	33479212	Yao X	2021-01-21	Transl Psychiatry	www.ncbi.nlm.nih.gov/pubmed/33479212	Integrative analysis of genome-wide association studies identifies novel loci associated with neuropsychiatric disorders.	Bipolar disorder (MTAG)	at least 20,352 European ancestry cases, at least 31,358 European ancestry controls	NA	3p21.1	3	52803777	NR	ITIH3			ENSG00000162267			rs4481150-T	rs4481150	0	4481150	intron_variant	0	0.499	5E-14	13.301029995663981		0.0816702	[0.06-0.103] unit increase	NR [NR]	N	bipolar disorder	http://purl.obolibrary.org/obo/MONDO_0004985	GCST012091	Genome-wide genotyping array
2021-07-27	33479212	Yao X	2021-01-21	Transl Psychiatry	www.ncbi.nlm.nih.gov/pubmed/33479212	Integrative analysis of genome-wide association studies identifies novel loci associated with neuropsychiatric disorders.	Bipolar disorder (MTAG)	at least 20,352 European ancestry cases, at least 31,358 European ancestry controls	NA	4q24	4	102276925	NR	SLC39A8			ENSG00000138821			rs13135092-A	rs13135092	0	13135092	intron_variant	0	0.9145	2E-8	7.698970004336019		0.114025064	[0.074-0.154] unit decrease	NR [NR]	N	bipolar disorder	http://purl.obolibrary.org/obo/MONDO_0004985	GCST012091	Genome-wide genotyping array
2021-07-27	33479212	Yao X	2021-01-21	Transl Psychiatry	www.ncbi.nlm.nih.gov/pubmed/33479212	Integrative analysis of genome-wide association studies identifies novel loci associated with neuropsychiatric disorders.	Bipolar disorder (MTAG)	at least 20,352 European ancestry cases, at least 31,358 European ancestry controls	NA	5q21.2	5	104702059	NR	NIHCOLE - RNU6-334P	ENSG00000251026	ENSG00000252881		271814	78229	rs12055234-A	rs12055234	0	12055234	intron_variant	1	0.3231	4E-9	8.397940008672037		0.06832512	[0.046-0.091] unit increase	NR [NR]	N	bipolar disorder	http://purl.obolibrary.org/obo/MONDO_0004985	GCST012091	Genome-wide genotyping array
2021-07-27	33479212	Yao X	2021-01-21	Transl Psychiatry	www.ncbi.nlm.nih.gov/pubmed/33479212	Integrative analysis of genome-wide association studies identifies novel loci associated with neuropsychiatric disorders.	Bipolar disorder (MTAG)	at least 20,352 European ancestry cases, at least 31,358 European ancestry controls	NA	5q33.1	5	152797561	NR	LINC01470			ENSG00000249484			rs111294930-A	rs111294930	0	111294930	intron_variant	0	0.7187	6E-9	8.221848749616356		0.07580467	[0.05-0.101] unit increase	NR [NR]	N	bipolar disorder	http://purl.obolibrary.org/obo/MONDO_0004985	GCST012091	Genome-wide genotyping array
2021-07-27	33479212	Yao X	2021-01-21	Transl Psychiatry	www.ncbi.nlm.nih.gov/pubmed/33479212	Integrative analysis of genome-wide association studies identifies novel loci associated with neuropsychiatric disorders.	Bipolar disorder (MTAG)	at least 20,352 European ancestry cases, at least 31,358 European ancestry controls	NA	6p22.1	6	28112999	NR	ZSCAN16, ZSCAN16-AS1			ENSG00000196812, ENSG00000269293			rs68188794-T	rs68188794	0	68188794	intron_variant	0	0.9314	2E-21	20.69897000433602		0.21067278	[0.17-0.25] unit increase	NR [NR]	N	bipolar disorder	http://purl.obolibrary.org/obo/MONDO_0004985	GCST012091	Genome-wide genotyping array
2021-07-27	33479212	Yao X	2021-01-21	Transl Psychiatry	www.ncbi.nlm.nih.gov/pubmed/33479212	Integrative analysis of genome-wide association studies identifies novel loci associated with neuropsychiatric disorders.	Bipolar disorder (MTAG)	at least 20,352 European ancestry cases, at least 31,358 European ancestry controls	NA	6p12.3	6	50849005	NR	TFAP2B - RPS17P5	ENSG00000008196	ENSG00000060303		1386	8250	rs55648125-A	rs55648125	0	55648125	intergenic_variant	1	0.9016	1E-8	8.0		0.09884386	[0.065-0.133] unit decrease	NR [NR]	N	bipolar disorder	http://purl.obolibrary.org/obo/MONDO_0004985	GCST012091	Genome-wide genotyping array
2021-07-27	33479212	Yao X	2021-01-21	Transl Psychiatry	www.ncbi.nlm.nih.gov/pubmed/33479212	Integrative analysis of genome-wide association studies identifies novel loci associated with neuropsychiatric disorders.	Bipolar disorder (MTAG)	at least 20,352 European ancestry cases, at least 31,358 European ancestry controls	NA	6q14.2	6	83570203	NR	SNAP91			ENSG00000065609			rs9350984-T	rs9350984	0	9350984	intron_variant	0	0.4463	4E-8	7.3979400086720375		0.06007398	[0.039-0.082] unit decrease	NR [NR]	N	bipolar disorder	http://purl.obolibrary.org/obo/MONDO_0004985	GCST012091	Genome-wide genotyping array
2021-07-27	33479212	Yao X	2021-01-21	Transl Psychiatry	www.ncbi.nlm.nih.gov/pubmed/33479212	Integrative analysis of genome-wide association studies identifies novel loci associated with neuropsychiatric disorders.	Bipolar disorder (MTAG)	at least 20,352 European ancestry cases, at least 31,358 European ancestry controls	NA	7p22.3	7	1942546	NR	MAD1L1			ENSG00000002822			rs12154473-A	rs12154473	0	12154473	intron_variant	0	0.4115	3E-10	9.522878745280337		0.0702696	[0.048-0.092] unit decrease	NR [NR]	N	bipolar disorder	http://purl.obolibrary.org/obo/MONDO_0004985	GCST012091	Genome-wide genotyping array
2021-07-27	33479212	Yao X	2021-01-21	Transl Psychiatry	www.ncbi.nlm.nih.gov/pubmed/33479212	Integrative analysis of genome-wide association studies identifies novel loci associated with neuropsychiatric disorders.	Bipolar disorder (MTAG)	at least 20,352 European ancestry cases, at least 31,358 European ancestry controls	NA	7p15.3	7	24735895	NR	GSDME			ENSG00000105928			rs116052126-A	rs116052126	0	116052126	intron_variant	0	0.1223	2E-10	9.698970004336019		0.10083173	[0.07-0.132] unit increase	NR [NR]	N	bipolar disorder	http://purl.obolibrary.org/obo/MONDO_0004985	GCST012091	Genome-wide genotyping array
2021-07-27	33479212	Yao X	2021-01-21	Transl Psychiatry	www.ncbi.nlm.nih.gov/pubmed/33479212	Integrative analysis of genome-wide association studies identifies novel loci associated with neuropsychiatric disorders.	Bipolar disorder (MTAG)	at least 20,352 European ancestry cases, at least 31,358 European ancestry controls	NA	7q21.11	7	82793089	NR	PCLO			ENSG00000186472			rs17156675-T	rs17156675	0	17156675	intron_variant	0	0.3022	3E-8	7.522878745280337		0.0655681	[0.042-0.089] unit increase	NR [NR]	N	bipolar disorder	http://purl.obolibrary.org/obo/MONDO_0004985	GCST012091	Genome-wide genotyping array
2021-07-27	33479212	Yao X	2021-01-21	Transl Psychiatry	www.ncbi.nlm.nih.gov/pubmed/33479212	Integrative analysis of genome-wide association studies identifies novel loci associated with neuropsychiatric disorders.	Bipolar disorder (MTAG)	at least 20,352 European ancestry cases, at least 31,358 European ancestry controls	NA	7q21.12	7	86798310	NR	GRM3, GRM3-AS1			ENSG00000198822, ENSG00000233073			rs12704290-A	rs12704290	0	12704290	intron_variant	0	0.1282	3E-9	8.522878745280337		0.09916416	[0.066-0.132] unit decrease	NR [NR]	N	bipolar disorder	http://purl.obolibrary.org/obo/MONDO_0004985	GCST012091	Genome-wide genotyping array
2021-07-27	33479212	Yao X	2021-01-21	Transl Psychiatry	www.ncbi.nlm.nih.gov/pubmed/33479212	Integrative analysis of genome-wide association studies identifies novel loci associated with neuropsychiatric disorders.	Bipolar disorder (MTAG)	at least 20,352 European ancestry cases, at least 31,358 European ancestry controls	NA	7q31.1	7	110549887	NR	RPL3P8 - IMMP2L	ENSG00000232199	ENSG00000184903		550263	112757	rs2966424-A	rs2966424	0	2966424	intergenic_variant	1	0.9006	3E-8	7.522878745280337		0.09766744	[0.063-0.132] unit increase	NR [NR]	N	bipolar disorder	http://purl.obolibrary.org/obo/MONDO_0004985	GCST012091	Genome-wide genotyping array
2021-07-27	33479212	Yao X	2021-01-21	Transl Psychiatry	www.ncbi.nlm.nih.gov/pubmed/33479212	Integrative analysis of genome-wide association studies identifies novel loci associated with neuropsychiatric disorders.	Bipolar disorder (MTAG)	at least 20,352 European ancestry cases, at least 31,358 European ancestry controls	NA	7q34	7	140967165	NR	BRAF - CCT4P1	ENSG00000157764	ENSG00000242703		42189	30787	rs13236223-T	rs13236223	0	13236223	intergenic_variant	1	0.7823	1E-8	8.0		0.07514365	[0.049-0.101] unit increase	NR [NR]	N	bipolar disorder	http://purl.obolibrary.org/obo/MONDO_0004985	GCST012091	Genome-wide genotyping array
2021-07-27	33479212	Yao X	2021-01-21	Transl Psychiatry	www.ncbi.nlm.nih.gov/pubmed/33479212	Integrative analysis of genome-wide association studies identifies novel loci associated with neuropsychiatric disorders.	Bipolar disorder (MTAG)	at least 20,352 European ancestry cases, at least 31,358 European ancestry controls	NA	8p11.23	8	38404715	NR	LETM2, FGFR1			ENSG00000165046, ENSG00000077782			rs7001340-T	rs7001340	0	7001340	intron_variant	0	0.7624	1E-8	8.0		0.07478822	[0.049-0.1] unit increase	NR [NR]	N	bipolar disorder	http://purl.obolibrary.org/obo/MONDO_0004985	GCST012091	Genome-wide genotyping array
2021-07-27	33479212	Yao X	2021-01-21	Transl Psychiatry	www.ncbi.nlm.nih.gov/pubmed/33479212	Integrative analysis of genome-wide association studies identifies novel loci associated with neuropsychiatric disorders.	Bipolar disorder (MTAG)	at least 20,352 European ancestry cases, at least 31,358 European ancestry controls	NA	8q24.3	8	142229454	NR	TSNARE1			ENSG00000171045			rs11167136-A	rs11167136	0	11167136	intron_variant	0	0.4314	4E-9	8.397940008672037		0.064090855	[0.043-0.085] unit decrease	NR [NR]	N	bipolar disorder	http://purl.obolibrary.org/obo/MONDO_0004985	GCST012091	Genome-wide genotyping array
2021-07-27	33479212	Yao X	2021-01-21	Transl Psychiatry	www.ncbi.nlm.nih.gov/pubmed/33479212	Integrative analysis of genome-wide association studies identifies novel loci associated with neuropsychiatric disorders.	Bipolar disorder (MTAG)	at least 20,352 European ancestry cases, at least 31,358 European ancestry controls	NA	10p12.31	10	18454538	NR	CACNB2			ENSG00000165995			rs912983-T	rs912983	0	912983	intron_variant	0	0.1034	2E-8	7.698970004336019		0.101019025	[0.066-0.136] unit decrease	NR [NR]	N	bipolar disorder	http://purl.obolibrary.org/obo/MONDO_0004985	GCST012091	Genome-wide genotyping array
2021-06-01	33169155	Bigdeli TB	2020-11-10	Schizophr Bull	www.ncbi.nlm.nih.gov/pubmed/33169155	Genome-Wide Association Studies of Schizophrenia and Bipolar Disorder in a Diverse Cohort of US Veterans.	Bipolar disorder	24,267 European ancestry cases, 3,027 African American cases, 1,032 Latino cases, 79,492 European ancestry controls, 8,097 African American controls, 3,090 Latino controls	NA	9p13.2	9	37003707	PAX5	PAX5			ENSG00000196092			rs62533709-T	rs62533709	0	62533709	intron_variant	0	NR	3E-9	8.522878745280337		1.11	[1.07-1.15]	Affymetrix [up to 49134253] (imputed)	N	bipolar disorder	http://purl.obolibrary.org/obo/MONDO_0004985	GCST011767	Genome-wide genotyping array
2021-06-01	33169155	Bigdeli TB	2020-11-10	Schizophr Bull	www.ncbi.nlm.nih.gov/pubmed/33169155	Genome-Wide Association Studies of Schizophrenia and Bipolar Disorder in a Diverse Cohort of US Veterans.	Bipolar disorder	24,267 European ancestry cases, 3,027 African American cases, 1,032 Latino cases, 79,492 European ancestry controls, 8,097 African American controls, 3,090 Latino controls	NA	16p13.2	16	9133864	C16orf72	HAPSTR1 - RPL21P119	ENSG00000182831	ENSG00000220793		12229	22538	rs12921204-T	rs12921204	0	12921204	intergenic_variant	1	NR	3E-9	8.522878745280337		1.08	[1.06-1.1]	Affymetrix [up to 49134253] (imputed)	N	bipolar disorder	http://purl.obolibrary.org/obo/MONDO_0004985	GCST011767	Genome-wide genotyping array
2021-06-01	33169155	Bigdeli TB	2020-11-10	Schizophr Bull	www.ncbi.nlm.nih.gov/pubmed/33169155	Genome-Wide Association Studies of Schizophrenia and Bipolar Disorder in a Diverse Cohort of US Veterans.	Bipolar disorder	24,267 European ancestry cases, 3,027 African American cases, 1,032 Latino cases, 79,492 European ancestry controls, 8,097 African American controls, 3,090 Latino controls	NA	20p12.1	20	14520495	FLRT3	MACROD2			ENSG00000172264			rs6079469-A	rs6079469	0	6079469	intron_variant	0	NR	1E-9	9.0		1.09	[1.07-1.11]	Affymetrix [up to 49134253] (imputed)	N	bipolar disorder	http://purl.obolibrary.org/obo/MONDO_0004985	GCST011767	Genome-wide genotyping array
2021-06-01	33169155	Bigdeli TB	2020-11-10	Schizophr Bull	www.ncbi.nlm.nih.gov/pubmed/33169155	Genome-Wide Association Studies of Schizophrenia and Bipolar Disorder in a Diverse Cohort of US Veterans.	Bipolar disorder	24,267 European ancestry cases, 3,027 African American cases, 1,032 Latino cases, 79,492 European ancestry controls, 8,097 African American controls, 3,090 Latino controls	NA	20q13.13	20	50994060	KCNG1	MOCS3 - KCNG1	ENSG00000124217	ENSG00000026559		30131	9595	rs8118905-C	rs8118905	0	8118905	intergenic_variant	1	NR	2E-8	7.698970004336019		1.07	[1.05-1.09]	Affymetrix [up to 49134253] (imputed)	N	bipolar disorder	http://purl.obolibrary.org/obo/MONDO_0004985	GCST011767	Genome-wide genotyping array
2021-06-01	33169155	Bigdeli TB	2020-11-10	Schizophr Bull	www.ncbi.nlm.nih.gov/pubmed/33169155	Genome-Wide Association Studies of Schizophrenia and Bipolar Disorder in a Diverse Cohort of US Veterans.	Bipolar disorder	24,267 European ancestry cases, 3,027 African American cases, 1,032 Latino cases, 79,492 European ancestry controls, 8,097 African American controls, 3,090 Latino controls	NA	2q33.1	2	200375363	SPATS2L	SPATS2L			ENSG00000196141			rs994280-A	rs994280	0	994280	intron_variant	0	NR	3E-8	7.522878745280337		1.07	[1.05-1.09]	Affymetrix [up to 49134253] (imputed)	N	bipolar disorder	http://purl.obolibrary.org/obo/MONDO_0004985	GCST011767	Genome-wide genotyping array
2021-06-01	33169155	Bigdeli TB	2020-11-10	Schizophr Bull	www.ncbi.nlm.nih.gov/pubmed/33169155	Genome-Wide Association Studies of Schizophrenia and Bipolar Disorder in a Diverse Cohort of US Veterans.	Bipolar disorder	24,267 European ancestry cases, 3,027 African American cases, 1,032 Latino cases, 79,492 European ancestry controls, 8,097 African American controls, 3,090 Latino controls	NA	3p24.1	3	29707867	RBMS3	RBMS3			ENSG00000144642			rs1440518-A	rs1440518	0	1440518	intron_variant	0	NR	3E-8	7.522878745280337		1.06	[1.04-1.08]	Affymetrix [up to 49134253] (imputed)	N	bipolar disorder	http://purl.obolibrary.org/obo/MONDO_0004985	GCST011767	Genome-wide genotyping array
2021-06-01	33169155	Bigdeli TB	2020-11-10	Schizophr Bull	www.ncbi.nlm.nih.gov/pubmed/33169155	Genome-Wide Association Studies of Schizophrenia and Bipolar Disorder in a Diverse Cohort of US Veterans.	Bipolar disorder	24,267 European ancestry cases, 3,027 African American cases, 1,032 Latino cases, 79,492 European ancestry controls, 8,097 African American controls, 3,090 Latino controls	NA	4q26	4	117534962	TRAM1L1	LINC01378			ENSG00000236922			rs1948246-G	rs1948246	0	1948246	intron_variant	0	NR	5E-9	8.301029995663981		1.07	[1.05-1.09]	Affymetrix [up to 49134253] (imputed)	N	bipolar disorder	http://purl.obolibrary.org/obo/MONDO_0004985	GCST011767	Genome-wide genotyping array
2021-06-01	33169155	Bigdeli TB	2020-11-10	Schizophr Bull	www.ncbi.nlm.nih.gov/pubmed/33169155	Genome-Wide Association Studies of Schizophrenia and Bipolar Disorder in a Diverse Cohort of US Veterans.	Bipolar disorder	24,267 European ancestry cases, 3,027 African American cases, 1,032 Latino cases, 79,492 European ancestry controls, 8,097 African American controls, 3,090 Latino controls	NA	5q33.1	5	152698812	NMUR2	LINC01470			ENSG00000249484			rs113799727-G	rs113799727	0	113799727	intron_variant	0	NR	5E-9	8.301029995663981		1.08	[1.06-1.1]	Affymetrix [up to 49134253] (imputed)	N	bipolar disorder	http://purl.obolibrary.org/obo/MONDO_0004985	GCST011767	Genome-wide genotyping array
2021-06-01	33169155	Bigdeli TB	2020-11-10	Schizophr Bull	www.ncbi.nlm.nih.gov/pubmed/33169155	Genome-Wide Association Studies of Schizophrenia and Bipolar Disorder in a Diverse Cohort of US Veterans.	Bipolar disorder	24,267 European ancestry cases, 3,027 African American cases, 1,032 Latino cases, 79,492 European ancestry controls, 8,097 African American controls, 3,090 Latino controls	NA	5q35.1	5	169916213	FAM196B	INSYN2B, DOCK2			ENSG00000204767, ENSG00000134516			rs11742527-G	rs11742527	0	11742527	intron_variant	0	NR	2E-8	7.698970004336019		1.06	[1.04-1.08]	Affymetrix [up to 49134253] (imputed)	N	bipolar disorder	http://purl.obolibrary.org/obo/MONDO_0004985	GCST011767	Genome-wide genotyping array
2021-06-01	33169155	Bigdeli TB	2020-11-10	Schizophr Bull	www.ncbi.nlm.nih.gov/pubmed/33169155	Genome-Wide Association Studies of Schizophrenia and Bipolar Disorder in a Diverse Cohort of US Veterans.	Bipolar disorder	24,267 European ancestry cases, 3,027 African American cases, 1,032 Latino cases, 79,492 European ancestry controls, 8,097 African American controls, 3,090 Latino controls	NA	6q14.2	6	83243557	ME1	ME1			ENSG00000065833			rs1180221-T	rs1180221	0	1180221	intron_variant	0	NR	3E-9	8.522878745280337		1.09	[1.07-1.11]	Affymetrix [up to 49134253] (imputed)	N	bipolar disorder	http://purl.obolibrary.org/obo/MONDO_0004985	GCST011767	Genome-wide genotyping array
2021-02-10	33263727	Li HJ	2020-12-02	JAMA Psychiatry	www.ncbi.nlm.nih.gov/pubmed/33263727	Novel Risk Loci Associated With Genetic Risk for Bipolar Disorder Among Han Chinese Individuals: A Genome-Wide Association Study and Meta-analysis.	Bipolar disorder	1,822 Han Chinese ancestry cases, 4,650 Han Chinese ancestry controls	958 Han Chinese ancestry cases, 2,050 Han Chinese ancestry controls	3q22.1	3	132893820	TMEM108	NPHP3-AS1			ENSG00000248724			rs9863544-T	rs9863544	0	9863544	intergenic_variant	0	0.058	2E-8	7.698970004336019		0.65	[0.559-0.756]	Illumina [4499546] (imputed)	N	bipolar disorder	http://purl.obolibrary.org/obo/MONDO_0004985	GCST011101	Genome-wide genotyping array
2021-02-10	33263727	Li HJ	2020-12-02	JAMA Psychiatry	www.ncbi.nlm.nih.gov/pubmed/33263727	Novel Risk Loci Associated With Genetic Risk for Bipolar Disorder Among Han Chinese Individuals: A Genome-Wide Association Study and Meta-analysis.	Bipolar disorder	1,822 Han Chinese ancestry cases, 4,650 Han Chinese ancestry controls	958 Han Chinese ancestry cases, 2,050 Han Chinese ancestry controls	11q23.2	11	113447285	DRD2	DRD2			ENSG00000149295			rs4245147-C	rs4245147	0	4245147	intron_variant	0	0.161	4E-7	6.3979400086720375		0.789	[0.720-0.865]	Illumina [4499546] (imputed)	N	bipolar disorder	http://purl.obolibrary.org/obo/MONDO_0004985	GCST011101	Genome-wide genotyping array
2021-02-10	33263727	Li HJ	2020-12-02	JAMA Psychiatry	www.ncbi.nlm.nih.gov/pubmed/33263727	Novel Risk Loci Associated With Genetic Risk for Bipolar Disorder Among Han Chinese Individuals: A Genome-Wide Association Study and Meta-analysis.	Bipolar disorder	1,822 Han Chinese ancestry cases, 4,650 Han Chinese ancestry controls, 20,352 European ancestry cases, 31,358 European ancestry controls	NA	2p16.1	2	57734094	VRK2	EIF2S2P7 - ACTG1P22	ENSG00000271115	ENSG00000271615		684758	30860	rs41335055-T	rs41335055	0	41335055	intergenic_variant	1	NR	5E-9	8.301029995663981		0.849	[0.804-0.897]	Illumina [3742365] (imputed)	N	bipolar disorder	http://purl.obolibrary.org/obo/MONDO_0004985	GCST011102	Genome-wide genotyping array
2021-02-10	33263727	Li HJ	2020-12-02	JAMA Psychiatry	www.ncbi.nlm.nih.gov/pubmed/33263727	Novel Risk Loci Associated With Genetic Risk for Bipolar Disorder Among Han Chinese Individuals: A Genome-Wide Association Study and Meta-analysis.	Bipolar disorder	1,822 Han Chinese ancestry cases, 4,650 Han Chinese ancestry controls, 20,352 European ancestry cases, 31,358 European ancestry controls	NA	2q24.3	2	165295879	SCN2A	SCN2A			ENSG00000136531			rs17183814-A	rs17183814	0	17183814	missense_variant	0	NR	2E-9	8.698970004336019		0.883	[0.848-0.919]	Illumina [3742365] (imputed)	N	bipolar disorder	http://purl.obolibrary.org/obo/MONDO_0004985	GCST011102	Genome-wide genotyping array
2021-02-10	33263727	Li HJ	2020-12-02	JAMA Psychiatry	www.ncbi.nlm.nih.gov/pubmed/33263727	Novel Risk Loci Associated With Genetic Risk for Bipolar Disorder Among Han Chinese Individuals: A Genome-Wide Association Study and Meta-analysis.	Bipolar disorder	1,822 Han Chinese ancestry cases, 4,650 Han Chinese ancestry controls, 20,352 European ancestry cases, 31,358 European ancestry controls	NA				PCGEM1							chr2:194465711-?	chr2:194465711	0			1	NR	9E-10	9.045757490560675		0.935	[0.915-0.955]	Illumina [3742365] (imputed)	N	bipolar disorder	http://purl.obolibrary.org/obo/MONDO_0004985	GCST011102	Genome-wide genotyping array
2021-02-10	33263727	Li HJ	2020-12-02	JAMA Psychiatry	www.ncbi.nlm.nih.gov/pubmed/33263727	Novel Risk Loci Associated With Genetic Risk for Bipolar Disorder Among Han Chinese Individuals: A Genome-Wide Association Study and Meta-analysis.	Bipolar disorder	1,822 Han Chinese ancestry cases, 4,650 Han Chinese ancestry controls, 20,352 European ancestry cases, 31,358 European ancestry controls	NA	3p22.2	3	36814539	TRANK1	HSPD1P6 - LINC02033	ENSG00000230067	ENSG00000279727		45740	4737	rs9834970-T	rs9834970	0	9834970	regulatory_region_variant	1	NR	4E-12	11.397940008672037		0.928	[0.909-0.948]	Illumina [3742365] (imputed)	N	bipolar disorder	http://purl.obolibrary.org/obo/MONDO_0004985	GCST011102	Genome-wide genotyping array
2021-02-10	33263727	Li HJ	2020-12-02	JAMA Psychiatry	www.ncbi.nlm.nih.gov/pubmed/33263727	Novel Risk Loci Associated With Genetic Risk for Bipolar Disorder Among Han Chinese Individuals: A Genome-Wide Association Study and Meta-analysis.	Bipolar disorder	1,822 Han Chinese ancestry cases, 4,650 Han Chinese ancestry controls, 20,352 European ancestry cases, 31,358 European ancestry controls	NA	3p21.1	3	52780240	ITIH1	ITIH1			ENSG00000055957			rs2302417-A	rs2302417	0	2302417	intron_variant	0	NR	6E-11	10.221848749616356		0.932	[0.913-0.952]	Illumina [3742365] (imputed)	N	bipolar disorder	http://purl.obolibrary.org/obo/MONDO_0004985	GCST011102	Genome-wide genotyping array
2021-02-10	33263727	Li HJ	2020-12-02	JAMA Psychiatry	www.ncbi.nlm.nih.gov/pubmed/33263727	Novel Risk Loci Associated With Genetic Risk for Bipolar Disorder Among Han Chinese Individuals: A Genome-Wide Association Study and Meta-analysis.	Bipolar disorder	1,822 Han Chinese ancestry cases, 4,650 Han Chinese ancestry controls, 20,352 European ancestry cases, 31,358 European ancestry controls	NA	3q13.12	3	108074862	CD47	CD47			ENSG00000196776			rs3804640-A	rs3804640	0	3804640	intron_variant	0	NR	2E-9	8.698970004336019		1.068	[1.045-1.091]	Illumina [3742365] (imputed)	N	bipolar disorder	http://purl.obolibrary.org/obo/MONDO_0004985	GCST011102	Genome-wide genotyping array
2021-02-10	33263727	Li HJ	2020-12-02	JAMA Psychiatry	www.ncbi.nlm.nih.gov/pubmed/33263727	Novel Risk Loci Associated With Genetic Risk for Bipolar Disorder Among Han Chinese Individuals: A Genome-Wide Association Study and Meta-analysis.	Bipolar disorder	1,822 Han Chinese ancestry cases, 4,650 Han Chinese ancestry controls, 20,352 European ancestry cases, 31,358 European ancestry controls	NA	5q14.1	5	81500549	SSBP2	SSBP2			ENSG00000145687			rs10035291-T	rs10035291	0	10035291	intron_variant	0	NR	3E-8	7.522878745280337		1.068	[1.044-1.093]	Illumina [3742365] (imputed)	N	bipolar disorder	http://purl.obolibrary.org/obo/MONDO_0004985	GCST011102	Genome-wide genotyping array
2021-02-10	33263727	Li HJ	2020-12-02	JAMA Psychiatry	www.ncbi.nlm.nih.gov/pubmed/33263727	Novel Risk Loci Associated With Genetic Risk for Bipolar Disorder Among Han Chinese Individuals: A Genome-Wide Association Study and Meta-analysis.	Bipolar disorder	1,822 Han Chinese ancestry cases, 4,650 Han Chinese ancestry controls, 20,352 European ancestry cases, 31,358 European ancestry controls	NA				RIMS1							chr6:72519394-?	chr6:72519394	0			1	NR	2E-8	7.698970004336019		1.063	[1.041-1.086]	Illumina [3742365] (imputed)	N	bipolar disorder	http://purl.obolibrary.org/obo/MONDO_0004985	GCST011102	Genome-wide genotyping array
2021-02-10	33263727	Li HJ	2020-12-02	JAMA Psychiatry	www.ncbi.nlm.nih.gov/pubmed/33263727	Novel Risk Loci Associated With Genetic Risk for Bipolar Disorder Among Han Chinese Individuals: A Genome-Wide Association Study and Meta-analysis.	Bipolar disorder	1,822 Han Chinese ancestry cases, 4,650 Han Chinese ancestry controls, 20,352 European ancestry cases, 31,358 European ancestry controls	NA	6q16.1	6	98143746	POU3F2	MIR2113 - EIF4EBP2P3	ENSG00000238367	ENSG00000220505		119125	35753	rs2388334-A	rs2388334	0	2388334	intron_variant	1	NR	4E-9	8.397940008672037		0.939	[0.920-0.959]	Illumina [3742365] (imputed)	N	bipolar disorder	http://purl.obolibrary.org/obo/MONDO_0004985	GCST011102	Genome-wide genotyping array
2021-02-10	33263727	Li HJ	2020-12-02	JAMA Psychiatry	www.ncbi.nlm.nih.gov/pubmed/33263727	Novel Risk Loci Associated With Genetic Risk for Bipolar Disorder Among Han Chinese Individuals: A Genome-Wide Association Study and Meta-analysis.	Bipolar disorder	1,822 Han Chinese ancestry cases, 4,650 Han Chinese ancestry controls, 20,352 European ancestry cases, 31,358 European ancestry controls	NA	7p15.3	7	24607603	DFNA5	PALS2			ENSG00000105926			rs12672003-A	rs12672003	0	12672003	intron_variant	0	NR	3E-8	7.522878745280337		0.893	[0.858-0.929]	Illumina [3742365] (imputed)	N	bipolar disorder	http://purl.obolibrary.org/obo/MONDO_0004985	GCST011102	Genome-wide genotyping array
2021-02-10	33263727	Li HJ	2020-12-02	JAMA Psychiatry	www.ncbi.nlm.nih.gov/pubmed/33263727	Novel Risk Loci Associated With Genetic Risk for Bipolar Disorder Among Han Chinese Individuals: A Genome-Wide Association Study and Meta-analysis.	Bipolar disorder	1,822 Han Chinese ancestry cases, 4,650 Han Chinese ancestry controls, 20,352 European ancestry cases, 31,358 European ancestry controls	NA	10q21.2	10	60366098	ANK3	ANK3			ENSG00000151150			rs10994318-C	rs10994318	0	10994318	intron_variant	0	NR	1E-8	8.0		1.134	[1.086-1.184]	Illumina [3742365] (imputed)	N	bipolar disorder	http://purl.obolibrary.org/obo/MONDO_0004985	GCST011102	Genome-wide genotyping array
2021-02-10	33263727	Li HJ	2020-12-02	JAMA Psychiatry	www.ncbi.nlm.nih.gov/pubmed/33263727	Novel Risk Loci Associated With Genetic Risk for Bipolar Disorder Among Han Chinese Individuals: A Genome-Wide Association Study and Meta-analysis.	Bipolar disorder	1,822 Han Chinese ancestry cases, 4,650 Han Chinese ancestry controls, 20,352 European ancestry cases, 31,358 European ancestry controls	NA				ADD3							chr10:111745562-?	chr10:111745562	0			1	NR	2E-9	8.698970004336019		1.089	[1.059-1.120]	Illumina [3742365] (imputed)	N	bipolar disorder	http://purl.obolibrary.org/obo/MONDO_0004985	GCST011102	Genome-wide genotyping array
2021-02-10	33263727	Li HJ	2020-12-02	JAMA Psychiatry	www.ncbi.nlm.nih.gov/pubmed/33263727	Novel Risk Loci Associated With Genetic Risk for Bipolar Disorder Among Han Chinese Individuals: A Genome-Wide Association Study and Meta-analysis.	Bipolar disorder	1,822 Han Chinese ancestry cases, 4,650 Han Chinese ancestry controls, 20,352 European ancestry cases, 31,358 European ancestry controls	NA	11q13.2	11	66177715	PACS1	PACS1			ENSG00000175115			rs10896090-A	rs10896090	0	10896090	intron_variant	0	NR	2E-8	7.698970004336019		1.079	[1.051-1.108]	Illumina [3742365] (imputed)	N	bipolar disorder	http://purl.obolibrary.org/obo/MONDO_0004985	GCST011102	Genome-wide genotyping array
2021-02-10	33263727	Li HJ	2020-12-02	JAMA Psychiatry	www.ncbi.nlm.nih.gov/pubmed/33263727	Novel Risk Loci Associated With Genetic Risk for Bipolar Disorder Among Han Chinese Individuals: A Genome-Wide Association Study and Meta-analysis.	Bipolar disorder	1,822 Han Chinese ancestry cases, 4,650 Han Chinese ancestry controls, 20,352 European ancestry cases, 31,358 European ancestry controls	NA	11q14.1	11	79442036	ODZ4	TENM4 - RNU6-544P	ENSG00000149256	ENSG00000200146		1006	1085924	rs968369-T	rs968369	0	968369	intergenic_variant	1	NR	2E-8	7.698970004336019		1.124	[1.079-1.171]	Illumina [3742365] (imputed)	N	bipolar disorder	http://purl.obolibrary.org/obo/MONDO_0004985	GCST011102	Genome-wide genotyping array
2021-02-10	33263727	Li HJ	2020-12-02	JAMA Psychiatry	www.ncbi.nlm.nih.gov/pubmed/33263727	Novel Risk Loci Associated With Genetic Risk for Bipolar Disorder Among Han Chinese Individuals: A Genome-Wide Association Study and Meta-analysis.	Bipolar disorder	1,822 Han Chinese ancestry cases, 4,650 Han Chinese ancestry controls, 20,352 European ancestry cases, 31,358 European ancestry controls	NA	12p13.33	12	2277933	CACNA1C	CACNA1C, CACNA1C-IT3			ENSG00000151067, ENSG00000256721			rs10744560-T	rs10744560	0	10744560	intron_variant	0	NR	5E-10	9.301029995663981		1.075	[1.051-1.100]	Illumina [3742365] (imputed)	N	bipolar disorder	http://purl.obolibrary.org/obo/MONDO_0004985	GCST011102	Genome-wide genotyping array
2021-02-10	33263727	Li HJ	2020-12-02	JAMA Psychiatry	www.ncbi.nlm.nih.gov/pubmed/33263727	Novel Risk Loci Associated With Genetic Risk for Bipolar Disorder Among Han Chinese Individuals: A Genome-Wide Association Study and Meta-analysis.	Bipolar disorder	1,822 Han Chinese ancestry cases, 4,650 Han Chinese ancestry controls, 20,352 European ancestry cases, 31,358 European ancestry controls	NA	12q13.12	12	49070666	RHEBL1	RHEBL1 - DHH	ENSG00000167550	ENSG00000139549		627	15990	rs7969091-A	rs7969091	0	7969091	intergenic_variant	1	NR	3E-8	7.522878745280337		0.932	[0.909-0.956]	Illumina [3742365] (imputed)	N	bipolar disorder	http://purl.obolibrary.org/obo/MONDO_0004985	GCST011102	Genome-wide genotyping array
2021-02-10	33263727	Li HJ	2020-12-02	JAMA Psychiatry	www.ncbi.nlm.nih.gov/pubmed/33263727	Novel Risk Loci Associated With Genetic Risk for Bipolar Disorder Among Han Chinese Individuals: A Genome-Wide Association Study and Meta-analysis.	Bipolar disorder	1,822 Han Chinese ancestry cases, 4,650 Han Chinese ancestry controls, 20,352 European ancestry cases, 31,358 European ancestry controls	NA	15q25.2	15	84582607	ZNF592	LINC00933, LINC00933			ENSG00000259728, ENSG00000291028			rs12902052-A	rs12902052	0	12902052	intron_variant	0	NR	7E-9	8.154901959985743		1.088	[1.057-1.120]	Illumina [3742365] (imputed)	N	bipolar disorder	http://purl.obolibrary.org/obo/MONDO_0004985	GCST011102	Genome-wide genotyping array
2021-02-10	33263727	Li HJ	2020-12-02	JAMA Psychiatry	www.ncbi.nlm.nih.gov/pubmed/33263727	Novel Risk Loci Associated With Genetic Risk for Bipolar Disorder Among Han Chinese Individuals: A Genome-Wide Association Study and Meta-analysis.	Bipolar disorder	1,822 Han Chinese ancestry cases, 4,650 Han Chinese ancestry controls, 20,352 European ancestry cases, 31,358 European ancestry controls	NA	16p13.2	16	9833109	GRIN2A	GRIN2A			ENSG00000183454			rs11647445-T	rs11647445	0	11647445	intron_variant	0	NR	9E-11	10.045757490560675		0.928	[0.907-0.949]	Illumina [3742365] (imputed)	N	bipolar disorder	http://purl.obolibrary.org/obo/MONDO_0004985	GCST011102	Genome-wide genotyping array
2021-02-10	33263727	Li HJ	2020-12-02	JAMA Psychiatry	www.ncbi.nlm.nih.gov/pubmed/33263727	Novel Risk Loci Associated With Genetic Risk for Bipolar Disorder Among Han Chinese Individuals: A Genome-Wide Association Study and Meta-analysis.	Bipolar disorder	1,822 Han Chinese ancestry cases, 4,650 Han Chinese ancestry controls, 20,352 European ancestry cases, 31,358 European ancestry controls	NA	17q21.31	17	44123673	HDAC5	HDAC5			ENSG00000108840			rs112114764-T	rs112114764	0	112114764	regulatory_region_variant	0	NR	3E-8	7.522878745280337		0.937	[0.916-0.959]	Illumina [3742365] (imputed)	N	bipolar disorder	http://purl.obolibrary.org/obo/MONDO_0004985	GCST011102	Genome-wide genotyping array
2021-02-10	33263727	Li HJ	2020-12-02	JAMA Psychiatry	www.ncbi.nlm.nih.gov/pubmed/33263727	Novel Risk Loci Associated With Genetic Risk for Bipolar Disorder Among Han Chinese Individuals: A Genome-Wide Association Study and Meta-analysis.	Bipolar disorder	1,822 Han Chinese ancestry cases, 4,650 Han Chinese ancestry controls, 20,352 European ancestry cases, 31,358 European ancestry controls	NA	17q22	17	55289939	HLF	HLF			ENSG00000108924			rs884303-A	rs884303	0	884303	intron_variant	0	NR	6E-10	9.221848749616356		0.921	[0.897-0.945]	Illumina [3742365] (imputed)	N	bipolar disorder	http://purl.obolibrary.org/obo/MONDO_0004985	GCST011102	Genome-wide genotyping array
2021-02-10	33263727	Li HJ	2020-12-02	JAMA Psychiatry	www.ncbi.nlm.nih.gov/pubmed/33263727	Novel Risk Loci Associated With Genetic Risk for Bipolar Disorder Among Han Chinese Individuals: A Genome-Wide Association Study and Meta-analysis.	Bipolar disorder	1,822 Han Chinese ancestry cases, 4,650 Han Chinese ancestry controls, 20,352 European ancestry cases, 31,358 European ancestry controls	NA	18q21.33	18	62576643	ZCCHC2	ZCCHC2			ENSG00000141664			rs11557713-A	rs11557713	0	11557713	3_prime_UTR_variant	0	NR	1E-8	8.0		1.069	[1.045-1.094]	Illumina [3742365] (imputed)	N	bipolar disorder	http://purl.obolibrary.org/obo/MONDO_0004985	GCST011102	Genome-wide genotyping array
2021-02-10	33263727	Li HJ	2020-12-02	JAMA Psychiatry	www.ncbi.nlm.nih.gov/pubmed/33263727	Novel Risk Loci Associated With Genetic Risk for Bipolar Disorder Among Han Chinese Individuals: A Genome-Wide Association Study and Meta-analysis.	Bipolar disorder	1,822 Han Chinese ancestry cases, 4,650 Han Chinese ancestry controls, 20,352 European ancestry cases, 31,358 European ancestry controls	NA	19p13.11	19	19247398	NCAN	NCAN			ENSG00000130287			rs111444407-T	rs111444407	0	111444407	intron_variant	0	NR	5E-10	9.301029995663981		1.097	[1.065-1.130]	Illumina [3742365] (imputed)	N	bipolar disorder	http://purl.obolibrary.org/obo/MONDO_0004985	GCST011102	Genome-wide genotyping array
2021-02-10	33263727	Li HJ	2020-12-02	JAMA Psychiatry	www.ncbi.nlm.nih.gov/pubmed/33263727	Novel Risk Loci Associated With Genetic Risk for Bipolar Disorder Among Han Chinese Individuals: A Genome-Wide Association Study and Meta-analysis.	Bipolar disorder	1,822 Han Chinese ancestry cases, 4,650 Han Chinese ancestry controls, 20,352 European ancestry cases, 31,358 European ancestry controls	NA	20q13.12	20	45121769	STK4	WFDC5 - WFDC12	ENSG00000175121	ENSG00000168703		6595	1656	rs6130764-T	rs6130764	0	6130764	intergenic_variant	1	NR	6E-9	8.221848749616356		1.067	[1.044-1.091]	Illumina [3742365] (imputed)	N	bipolar disorder	http://purl.obolibrary.org/obo/MONDO_0004985	GCST011102	Genome-wide genotyping array
2022-09-09	35912095	Huang Y	2022-07-15	Front Cell Dev Biol	www.ncbi.nlm.nih.gov/pubmed/35912095	Patterns of Convergence and Divergence Between Bipolar Disorder Type I and Type II: Evidence From Integrative Genomic Analyses.	Bipolar disorder type I vs bipolar disorder type II	25,060 European ancestry BDI cases, 6,781 European ancestry BDII cases	NA	7p22.3	7	1942546		MAD1L1			ENSG00000002822			rs12154473-?	rs12154473	0	12154473	intron_variant	0	NR	3E-8	7.522878745280337		0.0117	[0.0076-0.0158] unit increase	NR [NR]	N	bipolar II disorder, bipolar I disorder	http://www.ebi.ac.uk/efo/EFO_0009964, http://www.ebi.ac.uk/efo/EFO_0009963	GCST90134566	Genome-wide genotyping array
2024-11-07	38154582	Wang BR	2023-12-26	J Affect Disord	www.ncbi.nlm.nih.gov/pubmed/38154582	Genetic correlation, shared loci, but no causality between bipolar disorder and inflammatory bowel disease: A genome-wide pleiotropic analysis.	Bipolar disorder or inflammatory bowel disease (MTAG)	41,917 European ancestry bipolar disorder cases, 25,042 European ancestry inflammatory bowel disease cases, 406,464 European ancestry controls	NA	7p22.3	7	1942546		MAD1L1			ENSG00000002822			rs12154473-A	rs12154473	0	12154473	intron_variant	0	NR	5E-10	9.301029995663981		0.013	[0.0091-0.0169] unit decrease	NR [1130330]	N	bipolar disorder, inflammatory bowel disease	http://purl.obolibrary.org/obo/MONDO_0004985, http://purl.obolibrary.org/obo/MONDO_0005265	GCST90454586	Genome-wide genotyping array
2024-11-07	38154582	Wang BR	2023-12-26	J Affect Disord	www.ncbi.nlm.nih.gov/pubmed/38154582	Genetic correlation, shared loci, but no causality between bipolar disorder and inflammatory bowel disease: A genome-wide pleiotropic analysis.	Bipolar disorder or inflammatory bowel disease (MTAG)	41,917 European ancestry bipolar disorder cases, 25,042 European ancestry inflammatory bowel disease cases, 406,464 European ancestry controls	NA	8p23.1	8	10085414		MSRA			ENSG00000175806			rs814424-A	rs814424	0	814424	intron_variant	0	NR	2E-10	9.698970004336019		0.017	[0.011-0.023] unit decrease	NR [1130330]	N	bipolar disorder, inflammatory bowel disease	http://purl.obolibrary.org/obo/MONDO_0004985, http://purl.obolibrary.org/obo/MONDO_0005265	GCST90454586	Genome-wide genotyping array
2024-11-07	38154582	Wang BR	2023-12-26	J Affect Disord	www.ncbi.nlm.nih.gov/pubmed/38154582	Genetic correlation, shared loci, but no causality between bipolar disorder and inflammatory bowel disease: A genome-wide pleiotropic analysis.	Bipolar disorder or inflammatory bowel disease (MTAG)	41,917 European ancestry bipolar disorder cases, 25,042 European ancestry inflammatory bowel disease cases, 406,464 European ancestry controls	NA	6p22.2	6	25417195		CARMIL1, CMAHP			ENSG00000079691, ENSG00000293489			rs4712936-G	rs4712936	0	4712936	intron_variant	0	NR	3E-8	7.522878745280337		0.025	[0.015-0.035] unit decrease	NR [1130330]	N	bipolar disorder, inflammatory bowel disease	http://purl.obolibrary.org/obo/MONDO_0004985, http://purl.obolibrary.org/obo/MONDO_0005265	GCST90454586	Genome-wide genotyping array
2024-11-07	38154582	Wang BR	2023-12-26	J Affect Disord	www.ncbi.nlm.nih.gov/pubmed/38154582	Genetic correlation, shared loci, but no causality between bipolar disorder and inflammatory bowel disease: A genome-wide pleiotropic analysis.	Bipolar disorder or ulcerative colitis (MTAG)	41,917 European ancestry bipolar disorder cases, 12,366 European ancestry ulcerative colitis cases, 405,158 European ancestry controls	NA	10q21.2	10	60376521		ANK3			ENSG00000151150			rs10994322-C	rs10994322	0	10994322	intron_variant	0	NR	9E-9	8.045757490560675		0.025	[0.017-0.033] unit decrease	NR [1130294]	N	bipolar disorder, ulcerative colitis	http://purl.obolibrary.org/obo/MONDO_0004985, http://purl.obolibrary.org/obo/MONDO_0005101	GCST90454587	Genome-wide genotyping array
2024-11-07	38154582	Wang BR	2023-12-26	J Affect Disord	www.ncbi.nlm.nih.gov/pubmed/38154582	Genetic correlation, shared loci, but no causality between bipolar disorder and inflammatory bowel disease: A genome-wide pleiotropic analysis.	Bipolar disorder or ulcerative colitis (MTAG)	41,917 European ancestry bipolar disorder cases, 12,366 European ancestry ulcerative colitis cases, 405,158 European ancestry controls	NA	11q12.2	11	61760834		MYRF			ENSG00000124920			rs198470-C	rs198470	0	198470	intron_variant	0	NR	2E-8	7.698970004336019		0.012	[0.0081-0.0159] unit increase	NR [1130294]	N	bipolar disorder, ulcerative colitis	http://purl.obolibrary.org/obo/MONDO_0004985, http://purl.obolibrary.org/obo/MONDO_0005101	GCST90454587	Genome-wide genotyping array
2024-11-07	38154582	Wang BR	2023-12-26	J Affect Disord	www.ncbi.nlm.nih.gov/pubmed/38154582	Genetic correlation, shared loci, but no causality between bipolar disorder and inflammatory bowel disease: A genome-wide pleiotropic analysis.	Bipolar disorder or ulcerative colitis (MTAG)	41,917 European ancestry bipolar disorder cases, 12,366 European ancestry ulcerative colitis cases, 405,158 European ancestry controls	NA	11q13.2	11	66558891		ACTN3-AS1, ACTN3			ENSG00000250105, ENSG00000248746			rs509556-A	rs509556	0	509556	non_coding_transcript_exon_variant	0	NR	1E-9	9.0		0.013	[0.0091-0.0169] unit increase	NR [1130294]	N	bipolar disorder, ulcerative colitis	http://purl.obolibrary.org/obo/MONDO_0004985, http://purl.obolibrary.org/obo/MONDO_0005101	GCST90454587	Genome-wide genotyping array
2024-11-07	38154582	Wang BR	2023-12-26	J Affect Disord	www.ncbi.nlm.nih.gov/pubmed/38154582	Genetic correlation, shared loci, but no causality between bipolar disorder and inflammatory bowel disease: A genome-wide pleiotropic analysis.	Bipolar disorder or ulcerative colitis (MTAG)	41,917 European ancestry bipolar disorder cases, 12,366 European ancestry ulcerative colitis cases, 405,158 European ancestry controls	NA	12p13.33	12	2218778		CACNA1C			ENSG00000151067			rs2238056-T	rs2238056	0	2238056	intron_variant	0	NR	3E-13	12.522878745280337		0.016	[0.012-0.02] unit decrease	NR [1130294]	N	bipolar disorder, ulcerative colitis	http://purl.obolibrary.org/obo/MONDO_0004985, http://purl.obolibrary.org/obo/MONDO_0005101	GCST90454587	Genome-wide genotyping array
2024-11-07	38154582	Wang BR	2023-12-26	J Affect Disord	www.ncbi.nlm.nih.gov/pubmed/38154582	Genetic correlation, shared loci, but no causality between bipolar disorder and inflammatory bowel disease: A genome-wide pleiotropic analysis.	Bipolar disorder or ulcerative colitis (MTAG)	41,917 European ancestry bipolar disorder cases, 12,366 European ancestry ulcerative colitis cases, 405,158 European ancestry controls	NA	13q12.3	13	30750161		ALOX5AP			ENSG00000132965			rs9671125-T	rs9671125	0	9671125	intron_variant	0	NR	1E-8	8.0		0.012	[0.0081-0.0159] unit increase	NR [1130294]	N	bipolar disorder, ulcerative colitis	http://purl.obolibrary.org/obo/MONDO_0004985, http://purl.obolibrary.org/obo/MONDO_0005101	GCST90454587	Genome-wide genotyping array
2024-11-07	38154582	Wang BR	2023-12-26	J Affect Disord	www.ncbi.nlm.nih.gov/pubmed/38154582	Genetic correlation, shared loci, but no causality between bipolar disorder and inflammatory bowel disease: A genome-wide pleiotropic analysis.	Bipolar disorder or ulcerative colitis (MTAG)	41,917 European ancestry bipolar disorder cases, 12,366 European ancestry ulcerative colitis cases, 405,158 European ancestry controls	NA	15q14	15	38690445		LINC02694			ENSG00000175779			rs12148859-C	rs12148859	0	12148859	intron_variant	0	NR	6E-9	8.221848749616356		0.015	[0.0091-0.0209] unit increase	NR [1130294]	N	bipolar disorder, ulcerative colitis	http://purl.obolibrary.org/obo/MONDO_0004985, http://purl.obolibrary.org/obo/MONDO_0005101	GCST90454587	Genome-wide genotyping array
2024-11-07	38154582	Wang BR	2023-12-26	J Affect Disord	www.ncbi.nlm.nih.gov/pubmed/38154582	Genetic correlation, shared loci, but no causality between bipolar disorder and inflammatory bowel disease: A genome-wide pleiotropic analysis.	Bipolar disorder or ulcerative colitis (MTAG)	41,917 European ancestry bipolar disorder cases, 12,366 European ancestry ulcerative colitis cases, 405,158 European ancestry controls	NA	16p13.2	16	9136959		HAPSTR1 - RPL21P119	ENSG00000182831	ENSG00000220793		15324	19443	rs28455634-G	rs28455634	0	28455634	intergenic_variant	1	NR	5E-8	7.301029995663981		0.012	[0.0081-0.0159] unit increase	NR [1130294]	N	bipolar disorder, ulcerative colitis	http://purl.obolibrary.org/obo/MONDO_0004985, http://purl.obolibrary.org/obo/MONDO_0005101	GCST90454587	Genome-wide genotyping array
2024-11-07	38154582	Wang BR	2023-12-26	J Affect Disord	www.ncbi.nlm.nih.gov/pubmed/38154582	Genetic correlation, shared loci, but no causality between bipolar disorder and inflammatory bowel disease: A genome-wide pleiotropic analysis.	Bipolar disorder or ulcerative colitis (MTAG)	41,917 European ancestry bipolar disorder cases, 12,366 European ancestry ulcerative colitis cases, 405,158 European ancestry controls	NA	19p13.11	19	19247398		NCAN			ENSG00000130287			rs111444407-C	rs111444407	0	111444407	intron_variant	0	NR	4E-9	8.397940008672037		0.017	[0.011-0.023] unit decrease	NR [1130294]	N	bipolar disorder, ulcerative colitis	http://purl.obolibrary.org/obo/MONDO_0004985, http://purl.obolibrary.org/obo/MONDO_0005101	GCST90454587	Genome-wide genotyping array
2024-11-07	38154582	Wang BR	2023-12-26	J Affect Disord	www.ncbi.nlm.nih.gov/pubmed/38154582	Genetic correlation, shared loci, but no causality between bipolar disorder and inflammatory bowel disease: A genome-wide pleiotropic analysis.	Bipolar disorder or ulcerative colitis (MTAG)	41,917 European ancestry bipolar disorder cases, 12,366 European ancestry ulcerative colitis cases, 405,158 European ancestry controls	NA	2p22.2	2	37250100		NDUFAF7			ENSG00000003509			rs11679617-C	rs11679617	0	11679617	intergenic_variant	0	NR	2E-8	7.698970004336019		0.012	[0.0081-0.0159] unit increase	NR [1130294]	N	bipolar disorder, ulcerative colitis	http://purl.obolibrary.org/obo/MONDO_0004985, http://purl.obolibrary.org/obo/MONDO_0005101	GCST90454587	Genome-wide genotyping array
2024-11-07	38154582	Wang BR	2023-12-26	J Affect Disord	www.ncbi.nlm.nih.gov/pubmed/38154582	Genetic correlation, shared loci, but no causality between bipolar disorder and inflammatory bowel disease: A genome-wide pleiotropic analysis.	Bipolar disorder or ulcerative colitis (MTAG)	41,917 European ancestry bipolar disorder cases, 12,366 European ancestry ulcerative colitis cases, 405,158 European ancestry controls	NA	2p23.2	2	27891044		MRPL33, BABAM2			ENSG00000243147, ENSG00000158019			rs2305929-A	rs2305929	0	2305929	intron_variant	0	NR	5E-8	7.301029995663981		0.015	[0.0091-0.0209] unit decrease	NR [1130294]	N	bipolar disorder, ulcerative colitis	http://purl.obolibrary.org/obo/MONDO_0004985, http://purl.obolibrary.org/obo/MONDO_0005101	GCST90454587	Genome-wide genotyping array
2024-11-07	38154582	Wang BR	2023-12-26	J Affect Disord	www.ncbi.nlm.nih.gov/pubmed/38154582	Genetic correlation, shared loci, but no causality between bipolar disorder and inflammatory bowel disease: A genome-wide pleiotropic analysis.	Bipolar disorder or ulcerative colitis (MTAG)	41,917 European ancestry bipolar disorder cases, 12,366 European ancestry ulcerative colitis cases, 405,158 European ancestry controls	NA	3p13	3	70425737		SAMMSON			ENSG00000240405			rs77896199-C	rs77896199	0	77896199	intergenic_variant	0	NR	9E-9	8.045757490560675		0.016	[0.01-0.022] unit increase	NR [1130294]	N	bipolar disorder, ulcerative colitis	http://purl.obolibrary.org/obo/MONDO_0004985, http://purl.obolibrary.org/obo/MONDO_0005101	GCST90454587	Genome-wide genotyping array
2024-11-07	38154582	Wang BR	2023-12-26	J Affect Disord	www.ncbi.nlm.nih.gov/pubmed/38154582	Genetic correlation, shared loci, but no causality between bipolar disorder and inflammatory bowel disease: A genome-wide pleiotropic analysis.	Bipolar disorder or ulcerative colitis (MTAG)	41,917 European ancestry bipolar disorder cases, 12,366 European ancestry ulcerative colitis cases, 405,158 European ancestry controls	NA	3p21.1	3	52614249		PBRM1			ENSG00000163939			rs9879090-T	rs9879090	0	9879090	intron_variant	0	NR	2E-11	10.698970004336019		0.014	[0.01-0.018] unit increase	NR [1130294]	N	bipolar disorder, ulcerative colitis	http://purl.obolibrary.org/obo/MONDO_0004985, http://purl.obolibrary.org/obo/MONDO_0005101	GCST90454587	Genome-wide genotyping array
2024-11-07	38154582	Wang BR	2023-12-26	J Affect Disord	www.ncbi.nlm.nih.gov/pubmed/38154582	Genetic correlation, shared loci, but no causality between bipolar disorder and inflammatory bowel disease: A genome-wide pleiotropic analysis.	Bipolar disorder or ulcerative colitis (MTAG)	41,917 European ancestry bipolar disorder cases, 12,366 European ancestry ulcerative colitis cases, 405,158 European ancestry controls	NA	5q35.1	5	169805619		DOCK2			ENSG00000134516			rs261616-T	rs261616	0	261616	intron_variant	0	NR	4E-9	8.397940008672037		0.018	[0.012-0.024] unit increase	NR [1130294]	N	bipolar disorder, ulcerative colitis	http://purl.obolibrary.org/obo/MONDO_0004985, http://purl.obolibrary.org/obo/MONDO_0005101	GCST90454587	Genome-wide genotyping array
2024-11-07	38154582	Wang BR	2023-12-26	J Affect Disord	www.ncbi.nlm.nih.gov/pubmed/38154582	Genetic correlation, shared loci, but no causality between bipolar disorder and inflammatory bowel disease: A genome-wide pleiotropic analysis.	Bipolar disorder or ulcerative colitis (MTAG)	41,917 European ancestry bipolar disorder cases, 12,366 European ancestry ulcerative colitis cases, 405,158 European ancestry controls	NA	6p21.32	6	32461526		HLA-DRB9			ENSG00000196301			rs9268848-G	rs9268848	0	9268848	intron_variant	0	NR	2E-16	15.698970004336019		0.018	[0.014-0.022] unit increase	NR [1130294]	N	bipolar disorder, ulcerative colitis	http://purl.obolibrary.org/obo/MONDO_0004985, http://purl.obolibrary.org/obo/MONDO_0005101	GCST90454587	Genome-wide genotyping array
2024-11-07	38154582	Wang BR	2023-12-26	J Affect Disord	www.ncbi.nlm.nih.gov/pubmed/38154582	Genetic correlation, shared loci, but no causality between bipolar disorder and inflammatory bowel disease: A genome-wide pleiotropic analysis.	Bipolar disorder or ulcerative colitis (MTAG)	41,917 European ancestry bipolar disorder cases, 12,366 European ancestry ulcerative colitis cases, 405,158 European ancestry controls	NA	6p22.1	6	27814750		H2AC14			ENSG00000276368			rs401763-T	rs401763	0	401763	5_prime_UTR_variant	0	NR	2E-11	10.698970004336019		0.025	[0.017-0.033] unit increase	NR [1130294]	N	bipolar disorder, ulcerative colitis	http://purl.obolibrary.org/obo/MONDO_0004985, http://purl.obolibrary.org/obo/MONDO_0005101	GCST90454587	Genome-wide genotyping array
2024-11-07	38154582	Wang BR	2023-12-26	J Affect Disord	www.ncbi.nlm.nih.gov/pubmed/38154582	Genetic correlation, shared loci, but no causality between bipolar disorder and inflammatory bowel disease: A genome-wide pleiotropic analysis.	Bipolar disorder or ulcerative colitis (MTAG)	41,917 European ancestry bipolar disorder cases, 12,366 European ancestry ulcerative colitis cases, 405,158 European ancestry controls	NA	6p22.2	6	26173250		H2BC6			ENSG00000274290			rs34661691-T	rs34661691	0	34661691	intron_variant	0	NR	1E-12	12.0		0.024	[0.018-0.03] unit increase	NR [1130294]	N	bipolar disorder, ulcerative colitis	http://purl.obolibrary.org/obo/MONDO_0004985, http://purl.obolibrary.org/obo/MONDO_0005101	GCST90454587	Genome-wide genotyping array
2024-11-07	38154582	Wang BR	2023-12-26	J Affect Disord	www.ncbi.nlm.nih.gov/pubmed/38154582	Genetic correlation, shared loci, but no causality between bipolar disorder and inflammatory bowel disease: A genome-wide pleiotropic analysis.	Bipolar disorder or inflammatory bowel disease (MTAG)	41,917 European ancestry bipolar disorder cases, 25,042 European ancestry inflammatory bowel disease cases, 406,464 European ancestry controls	NA	7p21.3	7	11815477		THSD7A			ENSG00000005108			rs10236690-A	rs10236690	0	10236690	intron_variant	0	NR	1E-10	10.0		0.014	[0.01-0.018] unit decrease	NR [1130330]	N	bipolar disorder, inflammatory bowel disease	http://purl.obolibrary.org/obo/MONDO_0004985, http://purl.obolibrary.org/obo/MONDO_0005265	GCST90454586	Genome-wide genotyping array
2024-11-07	38154582	Wang BR	2023-12-26	J Affect Disord	www.ncbi.nlm.nih.gov/pubmed/38154582	Genetic correlation, shared loci, but no causality between bipolar disorder and inflammatory bowel disease: A genome-wide pleiotropic analysis.	Bipolar disorder or ulcerative colitis (MTAG)	41,917 European ancestry bipolar disorder cases, 12,366 European ancestry ulcerative colitis cases, 405,158 European ancestry controls	NA	1p32.1	1	60612329		LINC01748			ENSG00000226476			rs514413-A	rs514413	0	514413	intron_variant	0	NR	1E-9	9.0		0.013	[0.0091-0.0169] unit decrease	NR [1130294]	N	bipolar disorder, ulcerative colitis	http://purl.obolibrary.org/obo/MONDO_0004985, http://purl.obolibrary.org/obo/MONDO_0005101	GCST90454587	Genome-wide genotyping array
2024-11-07	38154582	Wang BR	2023-12-26	J Affect Disord	www.ncbi.nlm.nih.gov/pubmed/38154582	Genetic correlation, shared loci, but no causality between bipolar disorder and inflammatory bowel disease: A genome-wide pleiotropic analysis.	Bipolar disorder or ulcerative colitis (MTAG)	41,917 European ancestry bipolar disorder cases, 12,366 European ancestry ulcerative colitis cases, 405,158 European ancestry controls	NA	2q37.3	2	240614075		CAPN10, GPR35			ENSG00000142330, ENSG00000178623			rs4676412-G	rs4676412	0	4676412	intron_variant	0	NR	7E-9	8.154901959985743		0.015	[0.0091-0.0209] unit decrease	NR [1130294]	N	bipolar disorder, ulcerative colitis	http://purl.obolibrary.org/obo/MONDO_0004985, http://purl.obolibrary.org/obo/MONDO_0005101	GCST90454587	Genome-wide genotyping array
2024-11-07	38154582	Wang BR	2023-12-26	J Affect Disord	www.ncbi.nlm.nih.gov/pubmed/38154582	Genetic correlation, shared loci, but no causality between bipolar disorder and inflammatory bowel disease: A genome-wide pleiotropic analysis.	Bipolar disorder or ulcerative colitis (MTAG)	41,917 European ancestry bipolar disorder cases, 12,366 European ancestry ulcerative colitis cases, 405,158 European ancestry controls	NA	3p22.2	3	36830702		TRANK1			ENSG00000168016			rs3732385-C	rs3732385	0	3732385	intron_variant	0	NR	1E-10	10.0		0.014	[0.01-0.018] unit decrease	NR [1130294]	N	bipolar disorder, ulcerative colitis	http://purl.obolibrary.org/obo/MONDO_0004985, http://purl.obolibrary.org/obo/MONDO_0005101	GCST90454587	Genome-wide genotyping array
2024-11-07	38154582	Wang BR	2023-12-26	J Affect Disord	www.ncbi.nlm.nih.gov/pubmed/38154582	Genetic correlation, shared loci, but no causality between bipolar disorder and inflammatory bowel disease: A genome-wide pleiotropic analysis.	Bipolar disorder or ulcerative colitis (MTAG)	41,917 European ancestry bipolar disorder cases, 12,366 European ancestry ulcerative colitis cases, 405,158 European ancestry controls	NA	4q27	4	122154852		BLTP1			ENSG00000138688			rs112481526-A	rs112481526	0	112481526	intron_variant	0	NR	2E-12	11.698970004336019		0.017	[0.013-0.021] unit decrease	NR [1130294]	N	bipolar disorder, ulcerative colitis	http://purl.obolibrary.org/obo/MONDO_0004985, http://purl.obolibrary.org/obo/MONDO_0005101	GCST90454587	Genome-wide genotyping array
2024-11-07	38154582	Wang BR	2023-12-26	J Affect Disord	www.ncbi.nlm.nih.gov/pubmed/38154582	Genetic correlation, shared loci, but no causality between bipolar disorder and inflammatory bowel disease: A genome-wide pleiotropic analysis.	Bipolar disorder or ulcerative colitis (MTAG)	41,917 European ancestry bipolar disorder cases, 12,366 European ancestry ulcerative colitis cases, 405,158 European ancestry controls	NA	6p21.33	6	30964532		NAPGP2 - MUC21	ENSG00000275906	ENSG00000204544		2136	19186	rs2844697-C	rs2844697	0	2844697	intergenic_variant	1	NR	2E-10	9.698970004336019		0.014	[0.01-0.018] unit increase	NR [1130294]	N	bipolar disorder, ulcerative colitis	http://purl.obolibrary.org/obo/MONDO_0004985, http://purl.obolibrary.org/obo/MONDO_0005101	GCST90454587	Genome-wide genotyping array
2024-11-07	38154582	Wang BR	2023-12-26	J Affect Disord	www.ncbi.nlm.nih.gov/pubmed/38154582	Genetic correlation, shared loci, but no causality between bipolar disorder and inflammatory bowel disease: A genome-wide pleiotropic analysis.	Bipolar disorder or ulcerative colitis (MTAG)	41,917 European ancestry bipolar disorder cases, 12,366 European ancestry ulcerative colitis cases, 405,158 European ancestry controls	NA	7p22.3	7	2008700		MAD1L1			ENSG00000002822			rs2008263-A	rs2008263	0	2008263	intron_variant	0	NR	3E-8	7.522878745280337		0.012	[0.0081-0.0159] unit increase	NR [1130294]	N	bipolar disorder, ulcerative colitis	http://purl.obolibrary.org/obo/MONDO_0004985, http://purl.obolibrary.org/obo/MONDO_0005101	GCST90454587	Genome-wide genotyping array
2024-11-07	38154582	Wang BR	2023-12-26	J Affect Disord	www.ncbi.nlm.nih.gov/pubmed/38154582	Genetic correlation, shared loci, but no causality between bipolar disorder and inflammatory bowel disease: A genome-wide pleiotropic analysis.	Bipolar disorder or ulcerative colitis (MTAG)	41,917 European ancestry bipolar disorder cases, 12,366 European ancestry ulcerative colitis cases, 405,158 European ancestry controls	NA	8q24.3	8	143998371		PARP10			ENSG00000178685			rs11779776-T	rs11779776	0	11779776	intron_variant	0	NR	6E-9	8.221848749616356		0.013	[0.0091-0.0169] unit decrease	NR [1130294]	N	bipolar disorder, ulcerative colitis	http://purl.obolibrary.org/obo/MONDO_0004985, http://purl.obolibrary.org/obo/MONDO_0005101	GCST90454587	Genome-wide genotyping array
2024-11-07	38154582	Wang BR	2023-12-26	J Affect Disord	www.ncbi.nlm.nih.gov/pubmed/38154582	Genetic correlation, shared loci, but no causality between bipolar disorder and inflammatory bowel disease: A genome-wide pleiotropic analysis.	Bipolar disorder or Crohn's disease (MTAG)	41,917 European ancestry bipolar disorder cases, 12,194 European ancestry Crohn's disease cases, 399,621 European ancestry controls	NA	11q12.2	11	61851136		FADS2			ENSG00000134824			rs174592-A	rs174592	0	174592	intron_variant	0	NR	2E-16	15.698970004336019		0.018	[0.014-0.022] unit decrease	NR [1130273]	N	bipolar disorder, Crohn disease	http://purl.obolibrary.org/obo/MONDO_0004985, http://purl.obolibrary.org/obo/MONDO_0005011	GCST90454588	Genome-wide genotyping array
2024-11-07	38154582	Wang BR	2023-12-26	J Affect Disord	www.ncbi.nlm.nih.gov/pubmed/38154582	Genetic correlation, shared loci, but no causality between bipolar disorder and inflammatory bowel disease: A genome-wide pleiotropic analysis.	Bipolar disorder or Crohn's disease (MTAG)	41,917 European ancestry bipolar disorder cases, 12,194 European ancestry Crohn's disease cases, 399,621 European ancestry controls	NA	13q12.3	13	30749205		ALOX5AP			ENSG00000132965			rs4075692-A	rs4075692	0	4075692	intron_variant	0	NR	3E-8	7.522878745280337		0.012	[0.0081-0.0159] unit increase	NR [1130273]	N	bipolar disorder, Crohn disease	http://purl.obolibrary.org/obo/MONDO_0004985, http://purl.obolibrary.org/obo/MONDO_0005011	GCST90454588	Genome-wide genotyping array
2024-11-07	38154582	Wang BR	2023-12-26	J Affect Disord	www.ncbi.nlm.nih.gov/pubmed/38154582	Genetic correlation, shared loci, but no causality between bipolar disorder and inflammatory bowel disease: A genome-wide pleiotropic analysis.	Bipolar disorder or Crohn's disease (MTAG)	41,917 European ancestry bipolar disorder cases, 12,194 European ancestry Crohn's disease cases, 399,621 European ancestry controls	NA	15q14	15	38690445		LINC02694			ENSG00000175779			rs12148859-C	rs12148859	0	12148859	intron_variant	0	NR	6E-9	8.221848749616356		0.015	[0.0091-0.0209] unit increase	NR [1130273]	N	bipolar disorder, Crohn disease	http://purl.obolibrary.org/obo/MONDO_0004985, http://purl.obolibrary.org/obo/MONDO_0005011	GCST90454588	Genome-wide genotyping array
2024-11-07	38154582	Wang BR	2023-12-26	J Affect Disord	www.ncbi.nlm.nih.gov/pubmed/38154582	Genetic correlation, shared loci, but no causality between bipolar disorder and inflammatory bowel disease: A genome-wide pleiotropic analysis.	Bipolar disorder or Crohn's disease (MTAG)	41,917 European ancestry bipolar disorder cases, 12,194 European ancestry Crohn's disease cases, 399,621 European ancestry controls	NA	15q23	15	67370912		IQCH, IQCH-AS1			ENSG00000103599, ENSG00000259673			rs72745473-A	rs72745473	0	72745473	intron_variant	0	NR	4E-8	7.3979400086720375		0.012	[0.0081-0.0159] unit decrease	NR [1130273]	N	bipolar disorder, Crohn disease	http://purl.obolibrary.org/obo/MONDO_0004985, http://purl.obolibrary.org/obo/MONDO_0005011	GCST90454588	Genome-wide genotyping array
2024-11-07	38154582	Wang BR	2023-12-26	J Affect Disord	www.ncbi.nlm.nih.gov/pubmed/38154582	Genetic correlation, shared loci, but no causality between bipolar disorder and inflammatory bowel disease: A genome-wide pleiotropic analysis.	Bipolar disorder or Crohn's disease (MTAG)	41,917 European ancestry bipolar disorder cases, 12,194 European ancestry Crohn's disease cases, 399,621 European ancestry controls	NA	16q12.1	16	50849948		LINC02128			ENSG00000261241			rs73584356-G	rs73584356	0	73584356	intron_variant	0	NR	8E-10	9.096910013008056		0.035	[0.023-0.047] unit decrease	NR [1130273]	N	bipolar disorder, Crohn disease	http://purl.obolibrary.org/obo/MONDO_0004985, http://purl.obolibrary.org/obo/MONDO_0005011	GCST90454588	Genome-wide genotyping array
2024-11-07	38154582	Wang BR	2023-12-26	J Affect Disord	www.ncbi.nlm.nih.gov/pubmed/38154582	Genetic correlation, shared loci, but no causality between bipolar disorder and inflammatory bowel disease: A genome-wide pleiotropic analysis.	Bipolar disorder or Crohn's disease (MTAG)	41,917 European ancestry bipolar disorder cases, 12,194 European ancestry Crohn's disease cases, 399,621 European ancestry controls	NA	20q13.12	20	46113425		RPL13P2 - CD40	ENSG00000213820	ENSG00000101017		13249	4824	rs1569723-C	rs1569723	0	1569723	intergenic_variant	1	NR	8E-10	9.096910013008056		0.015	[0.011-0.019] unit increase	NR [1130273]	N	bipolar disorder, Crohn disease	http://purl.obolibrary.org/obo/MONDO_0004985, http://purl.obolibrary.org/obo/MONDO_0005011	GCST90454588	Genome-wide genotyping array
2024-11-07	38154582	Wang BR	2023-12-26	J Affect Disord	www.ncbi.nlm.nih.gov/pubmed/38154582	Genetic correlation, shared loci, but no causality between bipolar disorder and inflammatory bowel disease: A genome-wide pleiotropic analysis.	Bipolar disorder or Crohn's disease (MTAG)	41,917 European ancestry bipolar disorder cases, 12,194 European ancestry Crohn's disease cases, 399,621 European ancestry controls	NA	2q11.2	2	96835038		ANKRD23, CNNM3			ENSG00000163126, ENSG00000168763			rs78381888-A	rs78381888	0	78381888	3_prime_UTR_variant	0	NR	7E-10	9.154901959985743		0.017	[0.011-0.023] unit increase	NR [1130273]	N	bipolar disorder, Crohn disease	http://purl.obolibrary.org/obo/MONDO_0004985, http://purl.obolibrary.org/obo/MONDO_0005011	GCST90454588	Genome-wide genotyping array
2024-11-07	38154582	Wang BR	2023-12-26	J Affect Disord	www.ncbi.nlm.nih.gov/pubmed/38154582	Genetic correlation, shared loci, but no causality between bipolar disorder and inflammatory bowel disease: A genome-wide pleiotropic analysis.	Bipolar disorder or Crohn's disease (MTAG)	41,917 European ancestry bipolar disorder cases, 12,194 European ancestry Crohn's disease cases, 399,621 European ancestry controls	NA	2q33.1	2	197657908		RFTN2			ENSG00000162944			rs13404366-A	rs13404366	0	13404366	intron_variant	0	NR	4E-9	8.397940008672037		0.014	[0.01-0.018] unit increase	NR [1130273]	N	bipolar disorder, Crohn disease	http://purl.obolibrary.org/obo/MONDO_0004985, http://purl.obolibrary.org/obo/MONDO_0005011	GCST90454588	Genome-wide genotyping array
2024-11-07	38154582	Wang BR	2023-12-26	J Affect Disord	www.ncbi.nlm.nih.gov/pubmed/38154582	Genetic correlation, shared loci, but no causality between bipolar disorder and inflammatory bowel disease: A genome-wide pleiotropic analysis.	Bipolar disorder or Crohn's disease (MTAG)	41,917 European ancestry bipolar disorder cases, 12,194 European ancestry Crohn's disease cases, 399,621 European ancestry controls	NA	2q33.1	2	200375363		SPATS2L			ENSG00000196141			rs994280-A	rs994280	0	994280	intron_variant	0	NR	1E-8	8.0		0.013	[0.0091-0.0169] unit decrease	NR [1130273]	N	bipolar disorder, Crohn disease	http://purl.obolibrary.org/obo/MONDO_0004985, http://purl.obolibrary.org/obo/MONDO_0005011	GCST90454588	Genome-wide genotyping array
2024-11-07	38154582	Wang BR	2023-12-26	J Affect Disord	www.ncbi.nlm.nih.gov/pubmed/38154582	Genetic correlation, shared loci, but no causality between bipolar disorder and inflammatory bowel disease: A genome-wide pleiotropic analysis.	Bipolar disorder or Crohn's disease (MTAG)	41,917 European ancestry bipolar disorder cases, 12,194 European ancestry Crohn's disease cases, 399,621 European ancestry controls	NA	3p21.2	3	52213298		ALAS1			ENSG00000023330			rs164640-C	rs164640	0	164640	intron_variant	0	NR	2E-9	8.698970004336019		0.013	[0.0091-0.0169] unit increase	NR [1130273]	N	bipolar disorder, Crohn disease	http://purl.obolibrary.org/obo/MONDO_0004985, http://purl.obolibrary.org/obo/MONDO_0005011	GCST90454588	Genome-wide genotyping array
2024-11-07	38154582	Wang BR	2023-12-26	J Affect Disord	www.ncbi.nlm.nih.gov/pubmed/38154582	Genetic correlation, shared loci, but no causality between bipolar disorder and inflammatory bowel disease: A genome-wide pleiotropic analysis.	Bipolar disorder or Crohn's disease (MTAG)	41,917 European ancestry bipolar disorder cases, 12,194 European ancestry Crohn's disease cases, 399,621 European ancestry controls	NA	4q27	4	122154852		BLTP1			ENSG00000138688			rs112481526-A	rs112481526	0	112481526	intron_variant	0	NR	4E-12	11.397940008672037		0.016	[0.012-0.02] unit decrease	NR [1130273]	N	bipolar disorder, Crohn disease	http://purl.obolibrary.org/obo/MONDO_0004985, http://purl.obolibrary.org/obo/MONDO_0005011	GCST90454588	Genome-wide genotyping array
2024-11-07	38154582	Wang BR	2023-12-26	J Affect Disord	www.ncbi.nlm.nih.gov/pubmed/38154582	Genetic correlation, shared loci, but no causality between bipolar disorder and inflammatory bowel disease: A genome-wide pleiotropic analysis.	Bipolar disorder or Crohn's disease (MTAG)	41,917 European ancestry bipolar disorder cases, 12,194 European ancestry Crohn's disease cases, 399,621 European ancestry controls	NA	6p21.32	6	32809144		HLA-DQB2 - HLA-DOB	ENSG00000232629	ENSG00000241106		45601	3619	rs1054684-T	rs1054684	0	1054684	intergenic_variant	1	NR	3E-11	10.522878745280337		0.026	[0.018-0.034] unit increase	NR [1130273]	N	bipolar disorder, Crohn disease	http://purl.obolibrary.org/obo/MONDO_0004985, http://purl.obolibrary.org/obo/MONDO_0005011	GCST90454588	Genome-wide genotyping array
2024-11-07	38154582	Wang BR	2023-12-26	J Affect Disord	www.ncbi.nlm.nih.gov/pubmed/38154582	Genetic correlation, shared loci, but no causality between bipolar disorder and inflammatory bowel disease: A genome-wide pleiotropic analysis.	Bipolar disorder or Crohn's disease (MTAG)	41,917 European ancestry bipolar disorder cases, 12,194 European ancestry Crohn's disease cases, 399,621 European ancestry controls	NA	6p21.32	6	32241785		NOTCH4 - TSBP1-AS1	ENSG00000204301	ENSG00000225914		17674	12855	rs380571-T	rs380571	0	380571	intergenic_variant	1	NR	5E-11	10.301029995663981		0.017	[0.011-0.023] unit decrease	NR [1130273]	N	bipolar disorder, Crohn disease	http://purl.obolibrary.org/obo/MONDO_0004985, http://purl.obolibrary.org/obo/MONDO_0005011	GCST90454588	Genome-wide genotyping array
2024-11-07	38154582	Wang BR	2023-12-26	J Affect Disord	www.ncbi.nlm.nih.gov/pubmed/38154582	Genetic correlation, shared loci, but no causality between bipolar disorder and inflammatory bowel disease: A genome-wide pleiotropic analysis.	Bipolar disorder or Crohn's disease (MTAG)	41,917 European ancestry bipolar disorder cases, 12,194 European ancestry Crohn's disease cases, 399,621 European ancestry controls	NA	6p21.33	6	31204374		HCG27			ENSG00000206344			rs3132510-T	rs3132510	0	3132510	intron_variant	0	NR	2E-13	12.698970004336019		0.027	[0.019-0.035] unit increase	NR [1130273]	N	bipolar disorder, Crohn disease	http://purl.obolibrary.org/obo/MONDO_0004985, http://purl.obolibrary.org/obo/MONDO_0005011	GCST90454588	Genome-wide genotyping array
2024-11-07	38154582	Wang BR	2023-12-26	J Affect Disord	www.ncbi.nlm.nih.gov/pubmed/38154582	Genetic correlation, shared loci, but no causality between bipolar disorder and inflammatory bowel disease: A genome-wide pleiotropic analysis.	Bipolar disorder or Crohn's disease (MTAG)	41,917 European ancestry bipolar disorder cases, 12,194 European ancestry Crohn's disease cases, 399,621 European ancestry controls	NA	6p22.1	6	27742386		GPR89P - RSL24D1P1	ENSG00000216915	ENSG00000218069		3892	38233	rs17693963-A	rs17693963	0	17693963	intron_variant	1	NR	3E-15	14.522878745280337		0.03	[0.022-0.038] unit increase	NR [1130273]	N	bipolar disorder, Crohn disease	http://purl.obolibrary.org/obo/MONDO_0004985, http://purl.obolibrary.org/obo/MONDO_0005011	GCST90454588	Genome-wide genotyping array
2024-11-07	38154582	Wang BR	2023-12-26	J Affect Disord	www.ncbi.nlm.nih.gov/pubmed/38154582	Genetic correlation, shared loci, but no causality between bipolar disorder and inflammatory bowel disease: A genome-wide pleiotropic analysis.	Bipolar disorder or Crohn's disease (MTAG)	41,917 European ancestry bipolar disorder cases, 12,194 European ancestry Crohn's disease cases, 399,621 European ancestry controls	NA	6p22.1	6	30135583		TRIM31-AS1 - TRIM40	ENSG00000231226	ENSG00000204614		20859	445	rs1541269-G	rs1541269	0	1541269	intergenic_variant	1	NR	5E-15	14.301029995663981		0.027	[0.021-0.033] unit increase	NR [1130273]	N	bipolar disorder, Crohn disease	http://purl.obolibrary.org/obo/MONDO_0004985, http://purl.obolibrary.org/obo/MONDO_0005011	GCST90454588	Genome-wide genotyping array
2024-11-07	38154582	Wang BR	2023-12-26	J Affect Disord	www.ncbi.nlm.nih.gov/pubmed/38154582	Genetic correlation, shared loci, but no causality between bipolar disorder and inflammatory bowel disease: A genome-wide pleiotropic analysis.	Bipolar disorder or Crohn's disease (MTAG)	41,917 European ancestry bipolar disorder cases, 12,194 European ancestry Crohn's disease cases, 399,621 European ancestry controls	NA	6p22.1	6	28857796		NOP56P1 - LINC01623	ENSG00000235559	ENSG00000225595		73792	1829	rs3132387-G	rs3132387	0	3132387	intergenic_variant	1	NR	3E-13	12.522878745280337		0.029	[0.021-0.037] unit increase	NR [1130273]	N	bipolar disorder, Crohn disease	http://purl.obolibrary.org/obo/MONDO_0004985, http://purl.obolibrary.org/obo/MONDO_0005011	GCST90454588	Genome-wide genotyping array
2024-11-07	38154582	Wang BR	2023-12-26	J Affect Disord	www.ncbi.nlm.nih.gov/pubmed/38154582	Genetic correlation, shared loci, but no causality between bipolar disorder and inflammatory bowel disease: A genome-wide pleiotropic analysis.	Bipolar disorder or Crohn's disease (MTAG)	41,917 European ancestry bipolar disorder cases, 12,194 European ancestry Crohn's disease cases, 399,621 European ancestry controls	NA	6p22.1	6	30383640		UBQLN1P1 - MICC	ENSG00000236405	ENSG00000226577		19360	31075	rs28780099-A	rs28780099	0	28780099	intergenic_variant	1	NR	9E-9	8.045757490560675		0.024	[0.016-0.032] unit decrease	NR [1130273]	N	bipolar disorder, Crohn disease	http://purl.obolibrary.org/obo/MONDO_0004985, http://purl.obolibrary.org/obo/MONDO_0005011	GCST90454588	Genome-wide genotyping array
2024-11-07	38154582	Wang BR	2023-12-26	J Affect Disord	www.ncbi.nlm.nih.gov/pubmed/38154582	Genetic correlation, shared loci, but no causality between bipolar disorder and inflammatory bowel disease: A genome-wide pleiotropic analysis.	Bipolar disorder or Crohn's disease (MTAG)	41,917 European ancestry bipolar disorder cases, 12,194 European ancestry Crohn's disease cases, 399,621 European ancestry controls	NA	6p22.2	6	26463347		BTN2A1			ENSG00000112763			rs13195402-G	rs13195402	0	13195402	stop_gained	0	NR	2E-17	16.69897000433602		0.035	[0.027-0.043] unit increase	NR [1130273]	N	bipolar disorder, Crohn disease	http://purl.obolibrary.org/obo/MONDO_0004985, http://purl.obolibrary.org/obo/MONDO_0005011	GCST90454588	Genome-wide genotyping array
2024-11-07	38154582	Wang BR	2023-12-26	J Affect Disord	www.ncbi.nlm.nih.gov/pubmed/38154582	Genetic correlation, shared loci, but no causality between bipolar disorder and inflammatory bowel disease: A genome-wide pleiotropic analysis.	Bipolar disorder or Crohn's disease (MTAG)	41,917 European ancestry bipolar disorder cases, 12,194 European ancestry Crohn's disease cases, 399,621 European ancestry controls	NA	6p22.2	6	25417195		CARMIL1, CMAHP			ENSG00000079691, ENSG00000293489			rs4712936-G	rs4712936	0	4712936	intron_variant	0	NR	4E-8	7.3979400086720375		0.025	[0.015-0.035] unit decrease	NR [1130273]	N	bipolar disorder, Crohn disease	http://purl.obolibrary.org/obo/MONDO_0004985, http://purl.obolibrary.org/obo/MONDO_0005011	GCST90454588	Genome-wide genotyping array
2024-11-07	38154582	Wang BR	2023-12-26	J Affect Disord	www.ncbi.nlm.nih.gov/pubmed/38154582	Genetic correlation, shared loci, but no causality between bipolar disorder and inflammatory bowel disease: A genome-wide pleiotropic analysis.	Bipolar disorder or Crohn's disease (MTAG)	41,917 European ancestry bipolar disorder cases, 12,194 European ancestry Crohn's disease cases, 399,621 European ancestry controls	NA	7p22.3	7	1981360		MAD1L1			ENSG00000002822			rs12668848-G	rs12668848	0	12668848	intron_variant	0	NR	3E-10	9.522878745280337		0.014	[0.01-0.018] unit increase	NR [1130273]	N	bipolar disorder, Crohn disease	http://purl.obolibrary.org/obo/MONDO_0004985, http://purl.obolibrary.org/obo/MONDO_0005011	GCST90454588	Genome-wide genotyping array
2024-11-07	38154582	Wang BR	2023-12-26	J Affect Disord	www.ncbi.nlm.nih.gov/pubmed/38154582	Genetic correlation, shared loci, but no causality between bipolar disorder and inflammatory bowel disease: A genome-wide pleiotropic analysis.	Bipolar disorder or Crohn's disease (MTAG)	41,917 European ancestry bipolar disorder cases, 12,194 European ancestry Crohn's disease cases, 399,621 European ancestry controls	NA	8p23.1	8	10121750		MSRA			ENSG00000175806			rs28653100-G	rs28653100	0	28653100	intron_variant	0	NR	5E-11	10.301029995663981		0.016	[0.01-0.022] unit decrease	NR [1130273]	N	bipolar disorder, Crohn disease	http://purl.obolibrary.org/obo/MONDO_0004985, http://purl.obolibrary.org/obo/MONDO_0005011	GCST90454588	Genome-wide genotyping array
2024-11-07	38154582	Wang BR	2023-12-26	J Affect Disord	www.ncbi.nlm.nih.gov/pubmed/38154582	Genetic correlation, shared loci, but no causality between bipolar disorder and inflammatory bowel disease: A genome-wide pleiotropic analysis.	Bipolar disorder or ulcerative colitis (MTAG)	41,917 European ancestry bipolar disorder cases, 12,366 European ancestry ulcerative colitis cases, 405,158 European ancestry controls	NA	7p21.3	7	11815477		THSD7A			ENSG00000005108			rs10236690-A	rs10236690	0	10236690	intron_variant	0	NR	1E-10	10.0		0.014	[0.01-0.018] unit decrease	NR [1130294]	N	bipolar disorder, ulcerative colitis	http://purl.obolibrary.org/obo/MONDO_0004985, http://purl.obolibrary.org/obo/MONDO_0005101	GCST90454587	Genome-wide genotyping array
2024-11-07	38154582	Wang BR	2023-12-26	J Affect Disord	www.ncbi.nlm.nih.gov/pubmed/38154582	Genetic correlation, shared loci, but no causality between bipolar disorder and inflammatory bowel disease: A genome-wide pleiotropic analysis.	Bipolar disorder or inflammatory bowel disease (MTAG)	41,917 European ancestry bipolar disorder cases, 25,042 European ancestry inflammatory bowel disease cases, 406,464 European ancestry controls	NA	11q12.2	11	61825533		FADS2, FADS1			ENSG00000134824, ENSG00000149485			rs174567-A	rs174567	0	174567	intron_variant	0	NR	1E-15	15.0		0.018	[0.014-0.022] unit decrease	NR [1130330]	N	bipolar disorder, inflammatory bowel disease	http://purl.obolibrary.org/obo/MONDO_0004985, http://purl.obolibrary.org/obo/MONDO_0005265	GCST90454586	Genome-wide genotyping array
2024-11-07	38154582	Wang BR	2023-12-26	J Affect Disord	www.ncbi.nlm.nih.gov/pubmed/38154582	Genetic correlation, shared loci, but no causality between bipolar disorder and inflammatory bowel disease: A genome-wide pleiotropic analysis.	Bipolar disorder or inflammatory bowel disease (MTAG)	41,917 European ancestry bipolar disorder cases, 25,042 European ancestry inflammatory bowel disease cases, 406,464 European ancestry controls	NA	11q13.1	11	64023459		MACROD1			ENSG00000133315			rs484201-C	rs484201	0	484201	intron_variant	0	NR	4E-8	7.3979400086720375		0.012	[0.0081-0.0159] unit decrease	NR [1130330]	N	bipolar disorder, inflammatory bowel disease	http://purl.obolibrary.org/obo/MONDO_0004985, http://purl.obolibrary.org/obo/MONDO_0005265	GCST90454586	Genome-wide genotyping array
2024-11-07	38154582	Wang BR	2023-12-26	J Affect Disord	www.ncbi.nlm.nih.gov/pubmed/38154582	Genetic correlation, shared loci, but no causality between bipolar disorder and inflammatory bowel disease: A genome-wide pleiotropic analysis.	Bipolar disorder or inflammatory bowel disease (MTAG)	41,917 European ancestry bipolar disorder cases, 25,042 European ancestry inflammatory bowel disease cases, 406,464 European ancestry controls	NA	12p13.33	12	2218778		CACNA1C			ENSG00000151067			rs2238056-T	rs2238056	0	2238056	intron_variant	0	NR	9E-13	12.045757490560675		0.015	[0.011-0.019] unit decrease	NR [1130330]	N	bipolar disorder, inflammatory bowel disease	http://purl.obolibrary.org/obo/MONDO_0004985, http://purl.obolibrary.org/obo/MONDO_0005265	GCST90454586	Genome-wide genotyping array
2024-11-07	38154582	Wang BR	2023-12-26	J Affect Disord	www.ncbi.nlm.nih.gov/pubmed/38154582	Genetic correlation, shared loci, but no causality between bipolar disorder and inflammatory bowel disease: A genome-wide pleiotropic analysis.	Bipolar disorder or inflammatory bowel disease (MTAG)	41,917 European ancestry bipolar disorder cases, 25,042 European ancestry inflammatory bowel disease cases, 406,464 European ancestry controls	NA	13q12.3	13	30750161		ALOX5AP			ENSG00000132965			rs9671125-T	rs9671125	0	9671125	intron_variant	0	NR	1E-8	8.0		0.012	[0.0081-0.0159] unit increase	NR [1130330]	N	bipolar disorder, inflammatory bowel disease	http://purl.obolibrary.org/obo/MONDO_0004985, http://purl.obolibrary.org/obo/MONDO_0005265	GCST90454586	Genome-wide genotyping array
2024-11-07	38154582	Wang BR	2023-12-26	J Affect Disord	www.ncbi.nlm.nih.gov/pubmed/38154582	Genetic correlation, shared loci, but no causality between bipolar disorder and inflammatory bowel disease: A genome-wide pleiotropic analysis.	Bipolar disorder or inflammatory bowel disease (MTAG)	41,917 European ancestry bipolar disorder cases, 25,042 European ancestry inflammatory bowel disease cases, 406,464 European ancestry controls	NA	15q14	15	38690445		LINC02694			ENSG00000175779			rs12148859-C	rs12148859	0	12148859	intron_variant	0	NR	2E-9	8.698970004336019		0.016	[0.01-0.022] unit increase	NR [1130330]	N	bipolar disorder, inflammatory bowel disease	http://purl.obolibrary.org/obo/MONDO_0004985, http://purl.obolibrary.org/obo/MONDO_0005265	GCST90454586	Genome-wide genotyping array
2024-11-07	38154582	Wang BR	2023-12-26	J Affect Disord	www.ncbi.nlm.nih.gov/pubmed/38154582	Genetic correlation, shared loci, but no causality between bipolar disorder and inflammatory bowel disease: A genome-wide pleiotropic analysis.	Bipolar disorder or inflammatory bowel disease (MTAG)	41,917 European ancestry bipolar disorder cases, 25,042 European ancestry inflammatory bowel disease cases, 406,464 European ancestry controls	NA	15q23	15	67370912		IQCH, IQCH-AS1			ENSG00000103599, ENSG00000259673			rs72745473-A	rs72745473	0	72745473	intron_variant	0	NR	4E-8	7.3979400086720375		0.012	[0.0081-0.0159] unit decrease	NR [1130330]	N	bipolar disorder, inflammatory bowel disease	http://purl.obolibrary.org/obo/MONDO_0004985, http://purl.obolibrary.org/obo/MONDO_0005265	GCST90454586	Genome-wide genotyping array
2024-11-07	38154582	Wang BR	2023-12-26	J Affect Disord	www.ncbi.nlm.nih.gov/pubmed/38154582	Genetic correlation, shared loci, but no causality between bipolar disorder and inflammatory bowel disease: A genome-wide pleiotropic analysis.	Bipolar disorder or inflammatory bowel disease (MTAG)	41,917 European ancestry bipolar disorder cases, 25,042 European ancestry inflammatory bowel disease cases, 406,464 European ancestry controls	NA	18q21.2	18	54013117		LINC01919 - MBD2	ENSG00000263438	ENSG00000134046		383122	138489	rs8090457-A	rs8090457	0	8090457	intergenic_variant	1	NR	1E-8	8.0		0.012	[0.0081-0.0159] unit decrease	NR [1130330]	N	bipolar disorder, inflammatory bowel disease	http://purl.obolibrary.org/obo/MONDO_0004985, http://purl.obolibrary.org/obo/MONDO_0005265	GCST90454586	Genome-wide genotyping array
2024-11-07	38154582	Wang BR	2023-12-26	J Affect Disord	www.ncbi.nlm.nih.gov/pubmed/38154582	Genetic correlation, shared loci, but no causality between bipolar disorder and inflammatory bowel disease: A genome-wide pleiotropic analysis.	Bipolar disorder or inflammatory bowel disease (MTAG)	41,917 European ancestry bipolar disorder cases, 25,042 European ancestry inflammatory bowel disease cases, 406,464 European ancestry controls	NA	19p13.11	19	19247277		NCAN			ENSG00000130287			rs112219496-G	rs112219496	0	112219496	intron_variant	0	NR	6E-9	8.221848749616356		0.017	[0.011-0.023] unit decrease	NR [1130330]	N	bipolar disorder, inflammatory bowel disease	http://purl.obolibrary.org/obo/MONDO_0004985, http://purl.obolibrary.org/obo/MONDO_0005265	GCST90454586	Genome-wide genotyping array
2024-11-07	38154582	Wang BR	2023-12-26	J Affect Disord	www.ncbi.nlm.nih.gov/pubmed/38154582	Genetic correlation, shared loci, but no causality between bipolar disorder and inflammatory bowel disease: A genome-wide pleiotropic analysis.	Bipolar disorder or inflammatory bowel disease (MTAG)	41,917 European ancestry bipolar disorder cases, 25,042 European ancestry inflammatory bowel disease cases, 406,464 European ancestry controls	NA	1q32.1	1	200905967		INAVA			ENSG00000163362			rs12132298-T	rs12132298	0	12132298	intron_variant	0	NR	8E-9	8.096910013008056		0.014	[0.01-0.018] unit increase	NR [1130330]	N	bipolar disorder, inflammatory bowel disease	http://purl.obolibrary.org/obo/MONDO_0004985, http://purl.obolibrary.org/obo/MONDO_0005265	GCST90454586	Genome-wide genotyping array
2024-11-07	38154582	Wang BR	2023-12-26	J Affect Disord	www.ncbi.nlm.nih.gov/pubmed/38154582	Genetic correlation, shared loci, but no causality between bipolar disorder and inflammatory bowel disease: A genome-wide pleiotropic analysis.	Bipolar disorder or inflammatory bowel disease (MTAG)	41,917 European ancestry bipolar disorder cases, 25,042 European ancestry inflammatory bowel disease cases, 406,464 European ancestry controls	NA	20q13.12	20	46113425		RPL13P2 - CD40	ENSG00000213820	ENSG00000101017		13249	4824	rs1569723-C	rs1569723	0	1569723	intergenic_variant	1	NR	1E-9	9.0		0.015	[0.011-0.019] unit increase	NR [1130330]	N	bipolar disorder, inflammatory bowel disease	http://purl.obolibrary.org/obo/MONDO_0004985, http://purl.obolibrary.org/obo/MONDO_0005265	GCST90454586	Genome-wide genotyping array
2024-11-07	38154582	Wang BR	2023-12-26	J Affect Disord	www.ncbi.nlm.nih.gov/pubmed/38154582	Genetic correlation, shared loci, but no causality between bipolar disorder and inflammatory bowel disease: A genome-wide pleiotropic analysis.	Bipolar disorder or inflammatory bowel disease (MTAG)	41,917 European ancestry bipolar disorder cases, 25,042 European ancestry inflammatory bowel disease cases, 406,464 European ancestry controls	NA	2p22.2	2	37250100		NDUFAF7			ENSG00000003509			rs11679617-C	rs11679617	0	11679617	intergenic_variant	0	NR	2E-8	7.698970004336019		0.012	[0.0081-0.0159] unit increase	NR [1130330]	N	bipolar disorder, inflammatory bowel disease	http://purl.obolibrary.org/obo/MONDO_0004985, http://purl.obolibrary.org/obo/MONDO_0005265	GCST90454586	Genome-wide genotyping array
2024-11-07	38154582	Wang BR	2023-12-26	J Affect Disord	www.ncbi.nlm.nih.gov/pubmed/38154582	Genetic correlation, shared loci, but no causality between bipolar disorder and inflammatory bowel disease: A genome-wide pleiotropic analysis.	Bipolar disorder or inflammatory bowel disease (MTAG)	41,917 European ancestry bipolar disorder cases, 25,042 European ancestry inflammatory bowel disease cases, 406,464 European ancestry controls	NA	2p23.2	2	27891044		MRPL33, BABAM2			ENSG00000243147, ENSG00000158019			rs2305929-A	rs2305929	0	2305929	intron_variant	0	NR	4E-8	7.3979400086720375		0.015	[0.0091-0.0209] unit decrease	NR [1130330]	N	bipolar disorder, inflammatory bowel disease	http://purl.obolibrary.org/obo/MONDO_0004985, http://purl.obolibrary.org/obo/MONDO_0005265	GCST90454586	Genome-wide genotyping array
2024-11-07	38154582	Wang BR	2023-12-26	J Affect Disord	www.ncbi.nlm.nih.gov/pubmed/38154582	Genetic correlation, shared loci, but no causality between bipolar disorder and inflammatory bowel disease: A genome-wide pleiotropic analysis.	Bipolar disorder or inflammatory bowel disease (MTAG)	41,917 European ancestry bipolar disorder cases, 25,042 European ancestry inflammatory bowel disease cases, 406,464 European ancestry controls	NA	2q33.1	2	197657908		RFTN2			ENSG00000162944			rs13404366-A	rs13404366	0	13404366	intron_variant	0	NR	5E-9	8.301029995663981		0.013	[0.0091-0.0169] unit increase	NR [1130330]	N	bipolar disorder, inflammatory bowel disease	http://purl.obolibrary.org/obo/MONDO_0004985, http://purl.obolibrary.org/obo/MONDO_0005265	GCST90454586	Genome-wide genotyping array
2024-11-07	38154582	Wang BR	2023-12-26	J Affect Disord	www.ncbi.nlm.nih.gov/pubmed/38154582	Genetic correlation, shared loci, but no causality between bipolar disorder and inflammatory bowel disease: A genome-wide pleiotropic analysis.	Bipolar disorder or inflammatory bowel disease (MTAG)	41,917 European ancestry bipolar disorder cases, 25,042 European ancestry inflammatory bowel disease cases, 406,464 European ancestry controls	NA	2q33.1	2	200375363		SPATS2L			ENSG00000196141			rs994280-A	rs994280	0	994280	intron_variant	0	NR	4E-8	7.3979400086720375		0.012	[0.0081-0.0159] unit decrease	NR [1130330]	N	bipolar disorder, inflammatory bowel disease	http://purl.obolibrary.org/obo/MONDO_0004985, http://purl.obolibrary.org/obo/MONDO_0005265	GCST90454586	Genome-wide genotyping array
2024-11-07	38154582	Wang BR	2023-12-26	J Affect Disord	www.ncbi.nlm.nih.gov/pubmed/38154582	Genetic correlation, shared loci, but no causality between bipolar disorder and inflammatory bowel disease: A genome-wide pleiotropic analysis.	Bipolar disorder or inflammatory bowel disease (MTAG)	41,917 European ancestry bipolar disorder cases, 25,042 European ancestry inflammatory bowel disease cases, 406,464 European ancestry controls	NA	2q37.3	2	240614075		CAPN10, GPR35			ENSG00000142330, ENSG00000178623			rs4676412-G	rs4676412	0	4676412	intron_variant	0	NR	1E-8	8.0		0.014	[0.0081-0.0199] unit decrease	NR [1130330]	N	bipolar disorder, inflammatory bowel disease	http://purl.obolibrary.org/obo/MONDO_0004985, http://purl.obolibrary.org/obo/MONDO_0005265	GCST90454586	Genome-wide genotyping array
2024-11-07	38154582	Wang BR	2023-12-26	J Affect Disord	www.ncbi.nlm.nih.gov/pubmed/38154582	Genetic correlation, shared loci, but no causality between bipolar disorder and inflammatory bowel disease: A genome-wide pleiotropic analysis.	Bipolar disorder or inflammatory bowel disease (MTAG)	41,917 European ancestry bipolar disorder cases, 25,042 European ancestry inflammatory bowel disease cases, 406,464 European ancestry controls	NA	3p21.1	3	52859410		STIMATE-MUSTN1, STIMATE			ENSG00000248592, ENSG00000213533			rs7612624-T	rs7612624	0	7612624	intron_variant	0	NR	1E-12	12.0		0.015	[0.011-0.019] unit decrease	NR [1130330]	N	bipolar disorder, inflammatory bowel disease	http://purl.obolibrary.org/obo/MONDO_0004985, http://purl.obolibrary.org/obo/MONDO_0005265	GCST90454586	Genome-wide genotyping array
2024-11-07	38154582	Wang BR	2023-12-26	J Affect Disord	www.ncbi.nlm.nih.gov/pubmed/38154582	Genetic correlation, shared loci, but no causality between bipolar disorder and inflammatory bowel disease: A genome-wide pleiotropic analysis.	Bipolar disorder or inflammatory bowel disease (MTAG)	41,917 European ancestry bipolar disorder cases, 25,042 European ancestry inflammatory bowel disease cases, 406,464 European ancestry controls	NA	3p21.31	3	49614723		BSN			ENSG00000164061			rs1352890-C	rs1352890	0	1352890	intron_variant	0	NR	8E-9	8.096910013008056		0.012	[0.0081-0.0159] unit increase	NR [1130330]	N	bipolar disorder, inflammatory bowel disease	http://purl.obolibrary.org/obo/MONDO_0004985, http://purl.obolibrary.org/obo/MONDO_0005265	GCST90454586	Genome-wide genotyping array
2024-11-07	38154582	Wang BR	2023-12-26	J Affect Disord	www.ncbi.nlm.nih.gov/pubmed/38154582	Genetic correlation, shared loci, but no causality between bipolar disorder and inflammatory bowel disease: A genome-wide pleiotropic analysis.	Bipolar disorder or inflammatory bowel disease (MTAG)	41,917 European ancestry bipolar disorder cases, 25,042 European ancestry inflammatory bowel disease cases, 406,464 European ancestry controls	NA	4q27	4	122154852		BLTP1			ENSG00000138688			rs112481526-A	rs112481526	0	112481526	intron_variant	0	NR	8E-14	13.096910013008056		0.018	[0.014-0.022] unit decrease	NR [1130330]	N	bipolar disorder, inflammatory bowel disease	http://purl.obolibrary.org/obo/MONDO_0004985, http://purl.obolibrary.org/obo/MONDO_0005265	GCST90454586	Genome-wide genotyping array
2024-11-07	38154582	Wang BR	2023-12-26	J Affect Disord	www.ncbi.nlm.nih.gov/pubmed/38154582	Genetic correlation, shared loci, but no causality between bipolar disorder and inflammatory bowel disease: A genome-wide pleiotropic analysis.	Bipolar disorder or inflammatory bowel disease (MTAG)	41,917 European ancestry bipolar disorder cases, 25,042 European ancestry inflammatory bowel disease cases, 406,464 European ancestry controls	NA	5q35.1	5	169805619		DOCK2			ENSG00000134516			rs261616-T	rs261616	0	261616	intron_variant	0	NR	4E-9	8.397940008672037		0.018	[0.012-0.024] unit increase	NR [1130330]	N	bipolar disorder, inflammatory bowel disease	http://purl.obolibrary.org/obo/MONDO_0004985, http://purl.obolibrary.org/obo/MONDO_0005265	GCST90454586	Genome-wide genotyping array
2024-11-07	38154582	Wang BR	2023-12-26	J Affect Disord	www.ncbi.nlm.nih.gov/pubmed/38154582	Genetic correlation, shared loci, but no causality between bipolar disorder and inflammatory bowel disease: A genome-wide pleiotropic analysis.	Bipolar disorder or inflammatory bowel disease (MTAG)	41,917 European ancestry bipolar disorder cases, 25,042 European ancestry inflammatory bowel disease cases, 406,464 European ancestry controls	NA	6p21.32	6	32371771		TSBP1, TSBP1-AS1			ENSG00000204296, ENSG00000225914			rs2073045-G	rs2073045	0	2073045	5_prime_UTR_variant	0	NR	2E-15	14.698970004336019		0.018	[0.014-0.022] unit increase	NR [1130330]	N	bipolar disorder, inflammatory bowel disease	http://purl.obolibrary.org/obo/MONDO_0004985, http://purl.obolibrary.org/obo/MONDO_0005265	GCST90454586	Genome-wide genotyping array
2024-11-07	38154582	Wang BR	2023-12-26	J Affect Disord	www.ncbi.nlm.nih.gov/pubmed/38154582	Genetic correlation, shared loci, but no causality between bipolar disorder and inflammatory bowel disease: A genome-wide pleiotropic analysis.	Bipolar disorder or inflammatory bowel disease (MTAG)	41,917 European ancestry bipolar disorder cases, 25,042 European ancestry inflammatory bowel disease cases, 406,464 European ancestry controls	NA	6p21.32	6	32945469		HLA-DMB - HLA-DMA	ENSG00000242574	ENSG00000204257		4415	3144	rs1480380-C	rs1480380	0	1480380	intron_variant	1	NR	2E-8	7.698970004336019		0.022	[0.014-0.03] unit increase	NR [1130330]	N	bipolar disorder, inflammatory bowel disease	http://purl.obolibrary.org/obo/MONDO_0004985, http://purl.obolibrary.org/obo/MONDO_0005265	GCST90454586	Genome-wide genotyping array
2024-11-07	38154582	Wang BR	2023-12-26	J Affect Disord	www.ncbi.nlm.nih.gov/pubmed/38154582	Genetic correlation, shared loci, but no causality between bipolar disorder and inflammatory bowel disease: A genome-wide pleiotropic analysis.	Bipolar disorder or inflammatory bowel disease (MTAG)	41,917 European ancestry bipolar disorder cases, 25,042 European ancestry inflammatory bowel disease cases, 406,464 European ancestry controls	NA	6p21.33	6	30801949		LINC00243			ENSG00000214894			rs1264372-C	rs1264372	0	1264372	intron_variant	0	NR	3E-13	12.522878745280337		0.019	[0.013-0.025] unit increase	NR [1130330]	N	bipolar disorder, inflammatory bowel disease	http://purl.obolibrary.org/obo/MONDO_0004985, http://purl.obolibrary.org/obo/MONDO_0005265	GCST90454586	Genome-wide genotyping array
2024-11-07	38154582	Wang BR	2023-12-26	J Affect Disord	www.ncbi.nlm.nih.gov/pubmed/38154582	Genetic correlation, shared loci, but no causality between bipolar disorder and inflammatory bowel disease: A genome-wide pleiotropic analysis.	Bipolar disorder or inflammatory bowel disease (MTAG)	41,917 European ancestry bipolar disorder cases, 25,042 European ancestry inflammatory bowel disease cases, 406,464 European ancestry controls	NA	6p22.1	6	27566749		CD83P1 - RNU6-471P	ENSG00000219738	ENSG00000206671		5005	29663	rs10484399-A	rs10484399	0	10484399	intergenic_variant	1	NR	7E-14	13.154901959985743		0.03	[0.022-0.038] unit increase	NR [1130330]	N	bipolar disorder, inflammatory bowel disease	http://purl.obolibrary.org/obo/MONDO_0004985, http://purl.obolibrary.org/obo/MONDO_0005265	GCST90454586	Genome-wide genotyping array
2024-11-07	38154582	Wang BR	2023-12-26	J Affect Disord	www.ncbi.nlm.nih.gov/pubmed/38154582	Genetic correlation, shared loci, but no causality between bipolar disorder and inflammatory bowel disease: A genome-wide pleiotropic analysis.	Bipolar disorder or inflammatory bowel disease (MTAG)	41,917 European ancestry bipolar disorder cases, 25,042 European ancestry inflammatory bowel disease cases, 406,464 European ancestry controls	NA	6p22.1	6	29639324		SUMO2P1 - MOG	ENSG00000235238	ENSG00000204655		2981	17274	rs3131856-T	rs3131856	0	3131856	intron_variant	1	NR	5E-13	12.301029995663981		0.028	[0.02-0.036] unit increase	NR [1130330]	N	bipolar disorder, inflammatory bowel disease	http://purl.obolibrary.org/obo/MONDO_0004985, http://purl.obolibrary.org/obo/MONDO_0005265	GCST90454586	Genome-wide genotyping array
2024-11-07	38154582	Wang BR	2023-12-26	J Affect Disord	www.ncbi.nlm.nih.gov/pubmed/38154582	Genetic correlation, shared loci, but no causality between bipolar disorder and inflammatory bowel disease: A genome-wide pleiotropic analysis.	Bipolar disorder or inflammatory bowel disease (MTAG)	41,917 European ancestry bipolar disorder cases, 25,042 European ancestry inflammatory bowel disease cases, 406,464 European ancestry controls	NA	6p22.2	6	26463347		BTN2A1			ENSG00000112763			rs13195402-G	rs13195402	0	13195402	stop_gained	0	NR	2E-16	15.698970004336019		0.033	[0.025-0.041] unit increase	NR [1130330]	N	bipolar disorder, inflammatory bowel disease	http://purl.obolibrary.org/obo/MONDO_0004985, http://purl.obolibrary.org/obo/MONDO_0005265	GCST90454586	Genome-wide genotyping array
2024-11-07	38154582	Wang BR	2023-12-26	J Affect Disord	www.ncbi.nlm.nih.gov/pubmed/38154582	Genetic correlation, shared loci, but no causality between bipolar disorder and inflammatory bowel disease: A genome-wide pleiotropic analysis.	Bipolar disorder or Crohn's disease (MTAG)	41,917 European ancestry bipolar disorder cases, 12,194 European ancestry Crohn's disease cases, 399,621 European ancestry controls	NA	9p13.2	9	37121840		ZCCHC7			ENSG00000147905			rs10973223-T	rs10973223	0	10973223	intron_variant	0	NR	5E-8	7.301029995663981		0.016	[0.01-0.022] unit decrease	NR [1130273]	N	bipolar disorder, Crohn disease	http://purl.obolibrary.org/obo/MONDO_0004985, http://purl.obolibrary.org/obo/MONDO_0005011	GCST90454588	Genome-wide genotyping array
2025-08-20	38491344	Bigdeli TB	2024-03-15	Mol Psychiatry	www.ncbi.nlm.nih.gov/pubmed/38491344	Correlates of suicidal behaviors and genetic risk among United States veterans with schizophrenia or bipolar I disorder.	Suicide behaviour in bipolar I disorder	up to 5,334 European ancestry, African American or Afro-Caribbean individuals	NA	4p16.1	4	11232803		LINC02498 - MIR572	ENSG00000283083	ENSG00000207716		423865	136024	rs12651349-?	rs12651349	0	12651349	intergenic_variant	1	NR	7E-7	6.154901959985743				Affymetrix [NR] (imputed)	N	suicide behaviour measurement	http://www.ebi.ac.uk/efo/EFO_0006882	GCST90570637	Genome-wide genotyping array
2025-08-20	38491344	Bigdeli TB	2024-03-15	Mol Psychiatry	www.ncbi.nlm.nih.gov/pubmed/38491344	Correlates of suicidal behaviors and genetic risk among United States veterans with schizophrenia or bipolar I disorder.	Suicide behaviour in bipolar I disorder	at least 5,334 European ancestry, African American or Afro-Caribbean individuals	NA	5q31.3	5	141731974		ARAP3 - PCDH1	ENSG00000120318	ENSG00000156453		49719	121116	rs79315483-?	rs79315483	0	79315483	intron_variant	1	NR	3E-7	6.522878745280337				Affymetrix [NR] (imputed)	N	suicide behaviour measurement	http://www.ebi.ac.uk/efo/EFO_0006882	GCST90570642	Genome-wide genotyping array
2025-08-20	38491344	Bigdeli TB	2024-03-15	Mol Psychiatry	www.ncbi.nlm.nih.gov/pubmed/38491344	Correlates of suicidal behaviors and genetic risk among United States veterans with schizophrenia or bipolar I disorder.	Suicide behaviour in bipolar I disorder	at least 5,334 European ancestry, African American or Afro-Caribbean individuals	NA	4p15.2	4	23264478		GBA3 - RFPL4AP3	ENSG00000249948	ENSG00000251220		444903	250462	rs12504948-?	rs12504948	0	12504948	intron_variant	1	NR	3E-10	9.522878745280337				Affymetrix [NR] (imputed)	N	suicide behaviour measurement	http://www.ebi.ac.uk/efo/EFO_0006882	GCST90570642	Genome-wide genotyping array
2025-08-20	38491344	Bigdeli TB	2024-03-15	Mol Psychiatry	www.ncbi.nlm.nih.gov/pubmed/38491344	Correlates of suicidal behaviors and genetic risk among United States veterans with schizophrenia or bipolar I disorder.	Suicide behaviour in bipolar I disorder	at least 5,334 European ancestry, African American or Afro-Caribbean individuals	NA	3q28	3	190814425		CCT6P4 - ENAHP1	ENSG00000232610	ENSG00000214147		98026	16540	rs77360389-?	rs77360389	0	77360389	intergenic_variant	1	NR	6E-7	6.221848749616356				Affymetrix [NR] (imputed)	N	suicide behaviour measurement	http://www.ebi.ac.uk/efo/EFO_0006882	GCST90570642	Genome-wide genotyping array
2024-11-20	38250258	Chen D	2024-01-04	Front Psychiatry	www.ncbi.nlm.nih.gov/pubmed/38250258	Unraveling shared susceptibility loci and Mendelian genetic associations linking educational attainment with multiple neuropsychiatric disorders.	Education attainment or bipolar disorder	293,723 European ancestry individuals with educational attainment, 20,352 European ancestry BD cases, 31,358 European ancestry controls	NA	9p21.3	9	23346844		LINC03142			ENSG00000284418			rs10429537-C	rs10429537	0	10429537	intron_variant	0	NR	7E-19	18.154901959985743				NR [NR]	N	educational attainment, bipolar disorder	http://www.ebi.ac.uk/efo/EFO_0011015, http://purl.obolibrary.org/obo/MONDO_0004985	GCST90455646	Genome-wide genotyping array
2025-02-20	38351009	Nunez NA	2024-02-13	Transl Psychiatry	www.ncbi.nlm.nih.gov/pubmed/38351009	Pharmacogenomic overlap between antidepressant treatment response in major depression & antidepressant associated treatment emergent mania in bipolar disorder.	Antidepressant-associated treatment emergent mania in BD	861 European ancestry individuals	NA	16p13.3	16	6748783		RBFOX1			ENSG00000078328			rs12929564-?	rs12929564	0	12929564	intron_variant	0	NR	2E-6	5.698970004336019		1.67		NR [NR] (imputed)	N	bipolar disorder, antidepressant-induced side effect	http://purl.obolibrary.org/obo/MONDO_0004985, http://www.ebi.ac.uk/efo/EFO_0006320	GCST90554822	Genome-wide genotyping array
2024-11-20	38250258	Chen D	2024-01-04	Front Psychiatry	www.ncbi.nlm.nih.gov/pubmed/38250258	Unraveling shared susceptibility loci and Mendelian genetic associations linking educational attainment with multiple neuropsychiatric disorders.	Education attainment or bipolar disorder	293,723 European ancestry individuals with educational attainment, 20,352 European ancestry BD cases, 31,358 European ancestry controls	NA	1p31.1	1	77524238		AK5			ENSG00000154027			rs12754946-T	rs12754946	0	12754946	intron_variant	0	NR	1E-10	10.0				NR [NR]	N	educational attainment, bipolar disorder	http://www.ebi.ac.uk/efo/EFO_0011015, http://purl.obolibrary.org/obo/MONDO_0004985	GCST90455646	Genome-wide genotyping array
2024-11-20	38250258	Chen D	2024-01-04	Front Psychiatry	www.ncbi.nlm.nih.gov/pubmed/38250258	Unraveling shared susceptibility loci and Mendelian genetic associations linking educational attainment with multiple neuropsychiatric disorders.	Education attainment or bipolar disorder	293,723 European ancestry individuals with educational attainment, 20,352 European ancestry BD cases, 31,358 European ancestry controls	NA	6q16.1	6	98136857		MIR2113 - EIF4EBP2P3	ENSG00000238367	ENSG00000220505		112236	42642	rs9320913-A	rs9320913	0	9320913	intron_variant	1	NR	6E-37	36.221848749616356				NR [NR]	N	educational attainment, bipolar disorder	http://www.ebi.ac.uk/efo/EFO_0011015, http://purl.obolibrary.org/obo/MONDO_0004985	GCST90455646	Genome-wide genotyping array
2023-11-15	37236419	Zai CC	2023-05-24	Prog Neuropsychopharmacol Biol Psychiatry	www.ncbi.nlm.nih.gov/pubmed/37236419	A genome-wide association study of antidepressant-induced mania.	Antidepressant-induced mania	287 European ancestry cases, 527 European ancestry controls	NA	9q21.13	9	75851067		OTX2P1 - PCSK5	ENSG00000234644	ENSG00000099139		126492	39577	rs56355054-A	rs56355054	0	56355054	intergenic_variant	1	NR	8E-7	6.096910013008056		1.927		Illumina [NR] (imputed)	N	bipolar disorder, antidepressant-induced side effect	http://purl.obolibrary.org/obo/MONDO_0004985, http://www.ebi.ac.uk/efo/EFO_0006320	GCST90297548	Genome-wide genotyping array
2023-06-23	36753304	Gong W	2023-02-08	JAMA Psychiatry	www.ncbi.nlm.nih.gov/pubmed/36753304	Role of the Gut-Brain Axis in the Shared Genetic Etiology Between Gastrointestinal Tract Diseases and Psychiatric Disorders: A Genome-Wide Pleiotropic Analysis.	Peptic ulcer disease or bipolar disorder (pleiotropy)	16,666 European ancestry peptic ulcer disease cases, 41,917 European ancestry bipolar disorder cases, 811,210 European ancestry controls	NA	3p22.2	3	36814539		HSPD1P6 - LINC02033	ENSG00000230067	ENSG00000279727		45740	4737	rs9834970-?	rs9834970	0	9834970	regulatory_region_variant	1	NR	1E-8	8.0				NR [7130644]	N	peptic ulcer disease, bipolar disorder	http://purl.obolibrary.org/obo/MONDO_0004247, http://purl.obolibrary.org/obo/MONDO_0004985	GCST90271335	Genome-wide genotyping array
2023-06-23	36753304	Gong W	2023-02-08	JAMA Psychiatry	www.ncbi.nlm.nih.gov/pubmed/36753304	Role of the Gut-Brain Axis in the Shared Genetic Etiology Between Gastrointestinal Tract Diseases and Psychiatric Disorders: A Genome-Wide Pleiotropic Analysis.	Peptic ulcer disease or bipolar disorder (pleiotropy)	16,666 European ancestry peptic ulcer disease cases, 41,917 European ancestry bipolar disorder cases, 811,210 European ancestry controls	NA	8p23.1	8	9936136		MIR124-1HG - MSRA-DT	ENSG00000253230	ENSG00000260093		16903	23413	rs688245-?	rs688245	0	688245	intron_variant	1	NR	2E-8	7.698970004336019				NR [7130644]	N	peptic ulcer disease, bipolar disorder	http://purl.obolibrary.org/obo/MONDO_0004247, http://purl.obolibrary.org/obo/MONDO_0004985	GCST90271335	Genome-wide genotyping array
2023-06-23	36753304	Gong W	2023-02-08	JAMA Psychiatry	www.ncbi.nlm.nih.gov/pubmed/36753304	Role of the Gut-Brain Axis in the Shared Genetic Etiology Between Gastrointestinal Tract Diseases and Psychiatric Disorders: A Genome-Wide Pleiotropic Analysis.	Peptic ulcer disease or bipolar disorder (pleiotropy)	16,666 European ancestry peptic ulcer disease cases, 41,917 European ancestry bipolar disorder cases, 811,210 European ancestry controls	NA	8q24.3	8	142687834		PSCA - LY6K	ENSG00000167653	ENSG00000160886		5109	12277	rs2717609-?	rs2717609	0	2717609	intergenic_variant	1	NR	2E-8	7.698970004336019				NR [7130644]	N	peptic ulcer disease, bipolar disorder	http://purl.obolibrary.org/obo/MONDO_0004247, http://purl.obolibrary.org/obo/MONDO_0004985	GCST90271335	Genome-wide genotyping array
2023-06-23	36753304	Gong W	2023-02-08	JAMA Psychiatry	www.ncbi.nlm.nih.gov/pubmed/36753304	Role of the Gut-Brain Axis in the Shared Genetic Etiology Between Gastrointestinal Tract Diseases and Psychiatric Disorders: A Genome-Wide Pleiotropic Analysis.	Peptic ulcer disease or bipolar disorder (pleiotropy)	16,666 European ancestry peptic ulcer disease cases, 41,917 European ancestry bipolar disorder cases, 811,210 European ancestry controls	NA	11q12.2	11	61790331		TMEM258			ENSG00000134825			rs102275-?	rs102275	0	102275	intron_variant	0	NR	4E-9	8.397940008672037				NR [7130644]	N	peptic ulcer disease, bipolar disorder	http://purl.obolibrary.org/obo/MONDO_0004247, http://purl.obolibrary.org/obo/MONDO_0004985	GCST90271335	Genome-wide genotyping array
2023-06-23	36753304	Gong W	2023-02-08	JAMA Psychiatry	www.ncbi.nlm.nih.gov/pubmed/36753304	Role of the Gut-Brain Axis in the Shared Genetic Etiology Between Gastrointestinal Tract Diseases and Psychiatric Disorders: A Genome-Wide Pleiotropic Analysis.	Gastroesophageal reflux disease or bipolar disorder (pleiotropy)	54,854 European ancestry gastroesophageal reflux disease cases, 41,917 European ancestry bipolar disorder cases, 773,022 European ancestry controls	NA	3p21.2	3	52224356		TLR9			ENSG00000239732			rs352139-?	rs352139	0	352139	intron_variant	0	NR	4E-8	7.3979400086720375				NR [7130644]	N	gastroesophageal reflux disease, bipolar disorder	http://purl.obolibrary.org/obo/MONDO_0007186, http://purl.obolibrary.org/obo/MONDO_0004985	GCST90271341	Genome-wide genotyping array
2023-06-23	36753304	Gong W	2023-02-08	JAMA Psychiatry	www.ncbi.nlm.nih.gov/pubmed/36753304	Role of the Gut-Brain Axis in the Shared Genetic Etiology Between Gastrointestinal Tract Diseases and Psychiatric Disorders: A Genome-Wide Pleiotropic Analysis.	Gastroesophageal reflux disease or bipolar disorder (pleiotropy)	54,854 European ancestry gastroesophageal reflux disease cases, 41,917 European ancestry bipolar disorder cases, 773,022 European ancestry controls	NA	6q16.1	6	98143746		MIR2113 - EIF4EBP2P3	ENSG00000238367	ENSG00000220505		119125	35753	rs2388334-?	rs2388334	0	2388334	intron_variant	1	NR	2E-8	7.698970004336019				NR [7130644]	N	gastroesophageal reflux disease, bipolar disorder	http://purl.obolibrary.org/obo/MONDO_0007186, http://purl.obolibrary.org/obo/MONDO_0004985	GCST90271341	Genome-wide genotyping array
2021-10-21	34159505	Wang H	2021-06-16	Sci China Life Sci	www.ncbi.nlm.nih.gov/pubmed/34159505	Novel loci and potential mechanisms of major depressive disorder, bipolar disorder, and schizophrenia.	Bipolar disorder (MTAG)	1,450,972 European ancestry individuals	NA	2q37.1	2	232925765		NGEF			ENSG00000066248			rs2880986-?	rs2880986	0	2880986	intron_variant	0	NR	2E-9	8.698970004336019				NR [2625067]	N	bipolar disorder	http://purl.obolibrary.org/obo/MONDO_0004985	GCST90020094	Genome-wide genotyping array
2021-10-21	34159505	Wang H	2021-06-16	Sci China Life Sci	www.ncbi.nlm.nih.gov/pubmed/34159505	Novel loci and potential mechanisms of major depressive disorder, bipolar disorder, and schizophrenia.	Bipolar disorder (MTAG)	1,450,972 European ancestry individuals	NA	6p22.2	6	26067132		H1-2 - H2BC4	ENSG00000187837	ENSG00000180596		10662	19185	rs35050608-?	rs35050608	0	35050608	intergenic_variant	1	NR	3E-12	11.522878745280337				NR [2625067]	N	bipolar disorder	http://purl.obolibrary.org/obo/MONDO_0004985	GCST90020094	Genome-wide genotyping array
2021-10-21	34159505	Wang H	2021-06-16	Sci China Life Sci	www.ncbi.nlm.nih.gov/pubmed/34159505	Novel loci and potential mechanisms of major depressive disorder, bipolar disorder, and schizophrenia.	Bipolar disorder (MTAG)	1,450,972 European ancestry individuals	NA	6p22.1	6	27104763		VN1R11P - RNU2-62P	ENSG00000219770	ENSG00000222800		20616	5027	rs55834529-?	rs55834529	0	55834529	intergenic_variant	1	NR	6E-17	16.221848749616356				NR [2625067]	N	bipolar disorder	http://purl.obolibrary.org/obo/MONDO_0004985	GCST90020094	Genome-wide genotyping array
2021-10-21	34159505	Wang H	2021-06-16	Sci China Life Sci	www.ncbi.nlm.nih.gov/pubmed/34159505	Novel loci and potential mechanisms of major depressive disorder, bipolar disorder, and schizophrenia.	Bipolar disorder (MTAG)	1,450,972 European ancestry individuals	NA	6p22.1	6	27343879		VN1R10P - ZNF204P	ENSG00000220758	ENSG00000204789		18111	14373	rs6922815-?	rs6922815	0	6922815	intergenic_variant	1	NR	3E-8	7.522878745280337				NR [2625067]	N	bipolar disorder	http://purl.obolibrary.org/obo/MONDO_0004985	GCST90020094	Genome-wide genotyping array
2021-10-21	34159505	Wang H	2021-06-16	Sci China Life Sci	www.ncbi.nlm.nih.gov/pubmed/34159505	Novel loci and potential mechanisms of major depressive disorder, bipolar disorder, and schizophrenia.	Bipolar disorder (MTAG)	1,450,972 European ancestry individuals	NA	6p22.1	6	28112999		ZSCAN16, ZSCAN16-AS1			ENSG00000196812, ENSG00000269293			rs68188794-?	rs68188794	0	68188794	intron_variant	0	NR	2E-19	18.69897000433602				NR [2625067]	N	bipolar disorder	http://purl.obolibrary.org/obo/MONDO_0004985	GCST90020094	Genome-wide genotyping array
2021-10-21	34159505	Wang H	2021-06-16	Sci China Life Sci	www.ncbi.nlm.nih.gov/pubmed/34159505	Novel loci and potential mechanisms of major depressive disorder, bipolar disorder, and schizophrenia.	Bipolar disorder (MTAG)	1,450,972 European ancestry individuals	NA	6p21.31	6	33569769		Metazoa_SRP - BAK1	ENSG00000275978	ENSG00000030110		6639	2778	rs169738-?	rs169738	0	169738	intron_variant	1	NR	4E-8	7.3979400086720375				NR [2625067]	N	bipolar disorder	http://purl.obolibrary.org/obo/MONDO_0004985	GCST90020094	Genome-wide genotyping array
2021-10-21	34159505	Wang H	2021-06-16	Sci China Life Sci	www.ncbi.nlm.nih.gov/pubmed/34159505	Novel loci and potential mechanisms of major depressive disorder, bipolar disorder, and schizophrenia.	Bipolar disorder (MTAG)	1,450,972 European ancestry individuals	NA	7p15.3	7	24734680		GSDME			ENSG00000105928			rs80012185-?	rs80012185	0	80012185	intron_variant	0	NR	1E-10	10.0				NR [2625067]	N	bipolar disorder	http://purl.obolibrary.org/obo/MONDO_0004985	GCST90020094	Genome-wide genotyping array
2021-10-21	34159505	Wang H	2021-06-16	Sci China Life Sci	www.ncbi.nlm.nih.gov/pubmed/34159505	Novel loci and potential mechanisms of major depressive disorder, bipolar disorder, and schizophrenia.	Bipolar disorder (MTAG)	1,450,972 European ancestry individuals	NA	1p32.1	1	60614120		LINC01748			ENSG00000226476			rs1841565-?	rs1841565	0	1841565	intron_variant	0	NR	5E-8	7.301029995663981				NR [2625067]	N	bipolar disorder	http://purl.obolibrary.org/obo/MONDO_0004985	GCST90020094	Genome-wide genotyping array
2021-10-21	34159505	Wang H	2021-06-16	Sci China Life Sci	www.ncbi.nlm.nih.gov/pubmed/34159505	Novel loci and potential mechanisms of major depressive disorder, bipolar disorder, and schizophrenia.	Bipolar disorder (MTAG)	1,450,972 European ancestry individuals	NA	8p11.23	8	38404715		LETM2, FGFR1			ENSG00000165046, ENSG00000077782			rs7001340-?	rs7001340	0	7001340	intron_variant	0	NR	2E-8	7.698970004336019				NR [2625067]	N	bipolar disorder	http://purl.obolibrary.org/obo/MONDO_0004985	GCST90020094	Genome-wide genotyping array
2021-10-21	34159505	Wang H	2021-06-16	Sci China Life Sci	www.ncbi.nlm.nih.gov/pubmed/34159505	Novel loci and potential mechanisms of major depressive disorder, bipolar disorder, and schizophrenia.	Bipolar disorder (MTAG)	1,450,972 European ancestry individuals	NA	1q21.2	1	150029674		OTUD7B - RPL6P31	ENSG00000264522	ENSG00000223945		18916	24190	rs72692857-?	rs72692857	0	72692857	intron_variant	1	NR	1E-10	10.0				NR [2625067]	N	bipolar disorder	http://purl.obolibrary.org/obo/MONDO_0004985	GCST90020094	Genome-wide genotyping array
2021-10-21	34159505	Wang H	2021-06-16	Sci China Life Sci	www.ncbi.nlm.nih.gov/pubmed/34159505	Novel loci and potential mechanisms of major depressive disorder, bipolar disorder, and schizophrenia.	Bipolar disorder (MTAG)	1,450,972 European ancestry individuals	NA	10p12.31	10	18437056		CACNB2			ENSG00000165995			rs7095057-?	rs7095057	0	7095057	intron_variant	0	NR	3E-9	8.522878745280337				NR [2625067]	N	bipolar disorder	http://purl.obolibrary.org/obo/MONDO_0004985	GCST90020094	Genome-wide genotyping array
2021-10-21	34159505	Wang H	2021-06-16	Sci China Life Sci	www.ncbi.nlm.nih.gov/pubmed/34159505	Novel loci and potential mechanisms of major depressive disorder, bipolar disorder, and schizophrenia.	Bipolar disorder (MTAG)	1,450,972 European ancestry individuals	NA	10q24.32	10	102861311		BORCS7-ASMT, BORCS7			ENSG00000270316, ENSG00000166275			rs12241517-?	rs12241517	0	12241517	intron_variant	0	NR	6E-14	13.221848749616356				NR [2625067]	N	bipolar disorder	http://purl.obolibrary.org/obo/MONDO_0004985	GCST90020094	Genome-wide genotyping array
2021-10-21	34159505	Wang H	2021-06-16	Sci China Life Sci	www.ncbi.nlm.nih.gov/pubmed/34159505	Novel loci and potential mechanisms of major depressive disorder, bipolar disorder, and schizophrenia.	Bipolar disorder (MTAG)	1,450,972 European ancestry individuals	NA	11q13.1	11	63922407		RCOR2 - NAA40	ENSG00000167771	ENSG00000110583		2620	16262	rs7121067-?	rs7121067	0	7121067	intergenic_variant	1	NR	9E-9	8.045757490560675				NR [2625067]	N	bipolar disorder	http://purl.obolibrary.org/obo/MONDO_0004985	GCST90020094	Genome-wide genotyping array
2021-10-21	34159505	Wang H	2021-06-16	Sci China Life Sci	www.ncbi.nlm.nih.gov/pubmed/34159505	Novel loci and potential mechanisms of major depressive disorder, bipolar disorder, and schizophrenia.	Bipolar disorder (MTAG)	1,450,972 European ancestry individuals	NA	2q11.2	2	96745212		LMAN2L - CNNM4	ENSG00000114988	ENSG00000158158		5128	15686	rs6746896-?	rs6746896	0	6746896	intergenic_variant	1	NR	2E-9	8.698970004336019				NR [2625067]	N	bipolar disorder	http://purl.obolibrary.org/obo/MONDO_0004985	GCST90020094	Genome-wide genotyping array
2021-10-21	34159505	Wang H	2021-06-16	Sci China Life Sci	www.ncbi.nlm.nih.gov/pubmed/34159505	Novel loci and potential mechanisms of major depressive disorder, bipolar disorder, and schizophrenia.	Bipolar disorder (MTAG)	1,450,972 European ancestry individuals	NA	12p13.33	12	2299028		CACNA1C, CACNA1C-IT3			ENSG00000151067, ENSG00000256721			rs4298967-?	rs4298967	0	4298967	intron_variant	0	NR	5E-17	16.30102999566398				NR [2625067]	N	bipolar disorder	http://purl.obolibrary.org/obo/MONDO_0004985	GCST90020094	Genome-wide genotyping array
2021-10-21	34159505	Wang H	2021-06-16	Sci China Life Sci	www.ncbi.nlm.nih.gov/pubmed/34159505	Novel loci and potential mechanisms of major depressive disorder, bipolar disorder, and schizophrenia.	Bipolar disorder (MTAG)	1,450,972 European ancestry individuals	NA	2q32.1	2	184947213		ZNF804A - ELF2P4	ENSG00000170396	ENSG00000225406		7721	599922	rs4380187-?	rs4380187	0	4380187	intergenic_variant	1	NR	2E-10	9.698970004336019				NR [2625067]	N	bipolar disorder	http://purl.obolibrary.org/obo/MONDO_0004985	GCST90020094	Genome-wide genotyping array
2021-10-21	34159505	Wang H	2021-06-16	Sci China Life Sci	www.ncbi.nlm.nih.gov/pubmed/34159505	Novel loci and potential mechanisms of major depressive disorder, bipolar disorder, and schizophrenia.	Bipolar disorder (MTAG)	1,450,972 European ancestry individuals	NA	2q32.3	2	193599983		DNAJC17P1 - SEC61GP1	ENSG00000235218	ENSG00000224219		322369	130572	rs13003404-?	rs13003404	0	13003404	intergenic_variant	1	NR	2E-9	8.698970004336019				NR [2625067]	N	bipolar disorder	http://purl.obolibrary.org/obo/MONDO_0004985	GCST90020094	Genome-wide genotyping array
2021-10-21	34159505	Wang H	2021-06-16	Sci China Life Sci	www.ncbi.nlm.nih.gov/pubmed/34159505	Novel loci and potential mechanisms of major depressive disorder, bipolar disorder, and schizophrenia.	Bipolar disorder (MTAG)	1,450,972 European ancestry individuals	NA	2q33.1	2	197393071		SF3B1			ENSG00000115524			rs4685-?	rs4685	0	4685	synonymous_variant	0	NR	7E-9	8.154901959985743				NR [2625067]	N	bipolar disorder	http://purl.obolibrary.org/obo/MONDO_0004985	GCST90020094	Genome-wide genotyping array
2021-10-21	34159505	Wang H	2021-06-16	Sci China Life Sci	www.ncbi.nlm.nih.gov/pubmed/34159505	Novel loci and potential mechanisms of major depressive disorder, bipolar disorder, and schizophrenia.	Bipolar disorder (MTAG)	1,450,972 European ancestry individuals	NA	2q33.1	2	199850665		FTCDNL1			ENSG00000226124			rs2949006-?	rs2949006	0	2949006	intron_variant	0	NR	2E-10	9.698970004336019				NR [2625067]	N	bipolar disorder	http://purl.obolibrary.org/obo/MONDO_0004985	GCST90020094	Genome-wide genotyping array
2021-10-21	34159505	Wang H	2021-06-16	Sci China Life Sci	www.ncbi.nlm.nih.gov/pubmed/34159505	Novel loci and potential mechanisms of major depressive disorder, bipolar disorder, and schizophrenia.	Bipolar disorder (MTAG)	1,450,972 European ancestry individuals	NA	3p26.3	3	2496762		CNTN4			ENSG00000144619			rs34771152-?	rs34771152	0	34771152	intron_variant	0	NR	1E-8	8.0				NR [2625067]	N	bipolar disorder	http://purl.obolibrary.org/obo/MONDO_0004985	GCST90020094	Genome-wide genotyping array
2021-10-21	34159505	Wang H	2021-06-16	Sci China Life Sci	www.ncbi.nlm.nih.gov/pubmed/34159505	Novel loci and potential mechanisms of major depressive disorder, bipolar disorder, and schizophrenia.	Bipolar disorder (MTAG)	1,450,972 European ancestry individuals	NA	3p22.2	3	36814539		HSPD1P6 - LINC02033	ENSG00000230067	ENSG00000279727		45740	4737	rs9834970-?	rs9834970	0	9834970	regulatory_region_variant	1	NR	3E-16	15.522878745280337				NR [2625067]	N	bipolar disorder	http://purl.obolibrary.org/obo/MONDO_0004985	GCST90020094	Genome-wide genotyping array
2021-10-21	34159505	Wang H	2021-06-16	Sci China Life Sci	www.ncbi.nlm.nih.gov/pubmed/34159505	Novel loci and potential mechanisms of major depressive disorder, bipolar disorder, and schizophrenia.	Bipolar disorder (MTAG)	1,450,972 European ancestry individuals	NA	3p21.1	3	52781889		ITIH1			ENSG00000055957			rs2710323-?	rs2710323	0	2710323	intron_variant	0	NR	3E-13	12.522878745280337				NR [2625067]	N	bipolar disorder	http://purl.obolibrary.org/obo/MONDO_0004985	GCST90020094	Genome-wide genotyping array
2021-10-21	34159505	Wang H	2021-06-16	Sci China Life Sci	www.ncbi.nlm.nih.gov/pubmed/34159505	Novel loci and potential mechanisms of major depressive disorder, bipolar disorder, and schizophrenia.	Bipolar disorder (MTAG)	1,450,972 European ancestry individuals	NA	5q12.1	5	61347686		ZSWIM6			ENSG00000130449			rs6449529-?	rs6449529	0	6449529	non_coding_transcript_exon_variant	0	NR	6E-9	8.221848749616356				NR [2625067]	N	bipolar disorder	http://purl.obolibrary.org/obo/MONDO_0004985	GCST90020094	Genome-wide genotyping array
2021-10-21	34159505	Wang H	2021-06-16	Sci China Life Sci	www.ncbi.nlm.nih.gov/pubmed/34159505	Novel loci and potential mechanisms of major depressive disorder, bipolar disorder, and schizophrenia.	Bipolar disorder (MTAG)	1,450,972 European ancestry individuals	NA	5q33.1	5	152759038		LINC01470			ENSG00000249484			rs56208248-?	rs56208248	0	56208248	intron_variant	0	NR	4E-9	8.397940008672037				NR [2625067]	N	bipolar disorder	http://purl.obolibrary.org/obo/MONDO_0004985	GCST90020094	Genome-wide genotyping array
2021-10-21	34159505	Wang H	2021-06-16	Sci China Life Sci	www.ncbi.nlm.nih.gov/pubmed/34159505	Novel loci and potential mechanisms of major depressive disorder, bipolar disorder, and schizophrenia.	Bipolar disorder (MTAG)	1,450,972 European ancestry individuals	NA	6p12.3	6	50849005		TFAP2B - RPS17P5	ENSG00000008196	ENSG00000060303		1386	8250	rs55648125-?	rs55648125	0	55648125	intergenic_variant	1	NR	3E-8	7.522878745280337				NR [2625067]	N	bipolar disorder	http://purl.obolibrary.org/obo/MONDO_0004985	GCST90020094	Genome-wide genotyping array
2021-10-21	34159505	Wang H	2021-06-16	Sci China Life Sci	www.ncbi.nlm.nih.gov/pubmed/34159505	Novel loci and potential mechanisms of major depressive disorder, bipolar disorder, and schizophrenia.	Bipolar disorder (MTAG)	1,450,972 European ancestry individuals	NA	6q14.2	6	83584767		SNAP91			ENSG00000065609			rs9283801-?	rs9283801	0	9283801	intron_variant	0	NR	9E-9	8.045757490560675				NR [2625067]	N	bipolar disorder	http://purl.obolibrary.org/obo/MONDO_0004985	GCST90020094	Genome-wide genotyping array
2021-10-21	34159505	Wang H	2021-06-16	Sci China Life Sci	www.ncbi.nlm.nih.gov/pubmed/34159505	Novel loci and potential mechanisms of major depressive disorder, bipolar disorder, and schizophrenia.	Bipolar disorder (MTAG)	1,450,972 European ancestry individuals	NA	7p22.3	7	1990232		MAD1L1			ENSG00000002822			rs58120505-?	rs58120505	0	58120505	intron_variant	0	NR	5E-11	10.301029995663981				NR [2625067]	N	bipolar disorder	http://purl.obolibrary.org/obo/MONDO_0004985	GCST90020094	Genome-wide genotyping array
2021-10-21	34159505	Wang H	2021-06-16	Sci China Life Sci	www.ncbi.nlm.nih.gov/pubmed/34159505	Novel loci and potential mechanisms of major depressive disorder, bipolar disorder, and schizophrenia.	Bipolar disorder (MTAG)	1,450,972 European ancestry individuals	NA	1p35.2	1	29964421		LINC01756 - LINC01648	ENSG00000230523	ENSG00000233399		614307	49531	rs6694545-?	rs6694545	0	6694545	intergenic_variant	1	NR	1E-8	8.0				NR [2625067]	N	bipolar disorder	http://purl.obolibrary.org/obo/MONDO_0004985	GCST90020094	Genome-wide genotyping array
2021-10-21	34159505	Wang H	2021-06-16	Sci China Life Sci	www.ncbi.nlm.nih.gov/pubmed/34159505	Novel loci and potential mechanisms of major depressive disorder, bipolar disorder, and schizophrenia.	Bipolar disorder (MTAG)	1,450,972 European ancestry individuals	NA	8p12	8	34163620		RPL6P22 - RPL10AP3	ENSG00000240738	ENSG00000215264		303397	159372	rs75836205-?	rs75836205	0	75836205	intron_variant	1	NR	7E-9	8.154901959985743				NR [2625067]	N	bipolar disorder	http://purl.obolibrary.org/obo/MONDO_0004985	GCST90020094	Genome-wide genotyping array
2021-10-21	34159505	Wang H	2021-06-16	Sci China Life Sci	www.ncbi.nlm.nih.gov/pubmed/34159505	Novel loci and potential mechanisms of major depressive disorder, bipolar disorder, and schizophrenia.	Bipolar disorder (MTAG)	1,450,972 European ancestry individuals	NA	1p21.3	1	95112651		ALG14 - TLCD4	ENSG00000172339	ENSG00000152078		39700	4641	rs12563424-?	rs12563424	0	12563424	intron_variant	1	NR	3E-8	7.522878745280337				NR [2625067]	N	bipolar disorder	http://purl.obolibrary.org/obo/MONDO_0004985	GCST90020094	Genome-wide genotyping array
2021-10-21	34159505	Wang H	2021-06-16	Sci China Life Sci	www.ncbi.nlm.nih.gov/pubmed/34159505	Novel loci and potential mechanisms of major depressive disorder, bipolar disorder, and schizophrenia.	Bipolar disorder (MTAG)	1,450,972 European ancestry individuals	NA	8q24.3	8	142241109		TSNARE1			ENSG00000171045			rs4284148-?	rs4284148	0	4284148	intron_variant	0	NR	2E-9	8.698970004336019				NR [2625067]	N	bipolar disorder	http://purl.obolibrary.org/obo/MONDO_0004985	GCST90020094	Genome-wide genotyping array
2021-10-21	34159505	Wang H	2021-06-16	Sci China Life Sci	www.ncbi.nlm.nih.gov/pubmed/34159505	Novel loci and potential mechanisms of major depressive disorder, bipolar disorder, and schizophrenia.	Bipolar disorder (MTAG)	1,450,972 European ancestry individuals	NA	2p24.1	2	22519067		LINC01884, LINC01830			ENSG00000233587, ENSG00000228999			rs13006508-?	rs13006508	0	13006508	intron_variant	0	NR	2E-8	7.698970004336019				NR [2625067]	N	bipolar disorder	http://purl.obolibrary.org/obo/MONDO_0004985	GCST90020094	Genome-wide genotyping array
2021-10-21	34159505	Wang H	2021-06-16	Sci China Life Sci	www.ncbi.nlm.nih.gov/pubmed/34159505	Novel loci and potential mechanisms of major depressive disorder, bipolar disorder, and schizophrenia.	Bipolar disorder (MTAG)	1,450,972 European ancestry individuals	NA	2p23.2	2	27810671		RBKS, MRPL33			ENSG00000171174, ENSG00000243147			rs12474906-?	rs12474906	0	12474906	intron_variant	0	NR	4E-9	8.397940008672037				NR [2625067]	N	bipolar disorder	http://purl.obolibrary.org/obo/MONDO_0004985	GCST90020094	Genome-wide genotyping array
2021-10-21	34159505	Wang H	2021-06-16	Sci China Life Sci	www.ncbi.nlm.nih.gov/pubmed/34159505	Novel loci and potential mechanisms of major depressive disorder, bipolar disorder, and schizophrenia.	Bipolar disorder (MTAG)	1,450,972 European ancestry individuals	NA	2p16.1	2	57760458		EIF2S2P7 - ACTG1P22	ENSG00000271115	ENSG00000271615		711122	4496	rs11682175-?	rs11682175	0	11682175	intron_variant	1	NR	4E-8	7.3979400086720375				NR [2625067]	N	bipolar disorder	http://purl.obolibrary.org/obo/MONDO_0004985	GCST90020094	Genome-wide genotyping array
2021-10-21	34159505	Wang H	2021-06-16	Sci China Life Sci	www.ncbi.nlm.nih.gov/pubmed/34159505	Novel loci and potential mechanisms of major depressive disorder, bipolar disorder, and schizophrenia.	Bipolar disorder (MTAG)	1,450,972 European ancestry individuals	NA	2p16.1	2	57861303		ACTG1P22 - VRK2	ENSG00000271615	ENSG00000028116		95251	46303	rs77071813-?	rs77071813	0	77071813	intron_variant	1	NR	3E-9	8.522878745280337				NR [2625067]	N	bipolar disorder	http://purl.obolibrary.org/obo/MONDO_0004985	GCST90020094	Genome-wide genotyping array
2021-10-21	34159505	Wang H	2021-06-16	Sci China Life Sci	www.ncbi.nlm.nih.gov/pubmed/34159505	Novel loci and potential mechanisms of major depressive disorder, bipolar disorder, and schizophrenia.	Bipolar disorder (MTAG)	1,450,972 European ancestry individuals	NA	11q23.2	11	113541721		DRD2 - TMPRSS5	ENSG00000149295	ENSG00000166682		65319	145822	rs4309187-?	rs4309187	0	4309187	intergenic_variant	1	NR	1E-8	8.0				NR [2625067]	N	bipolar disorder	http://purl.obolibrary.org/obo/MONDO_0004985	GCST90020094	Genome-wide genotyping array
2021-10-21	34159505	Wang H	2021-06-16	Sci China Life Sci	www.ncbi.nlm.nih.gov/pubmed/34159505	Novel loci and potential mechanisms of major depressive disorder, bipolar disorder, and schizophrenia.	Bipolar disorder (MTAG)	1,450,972 European ancestry individuals	NA	2q32.1	2	184597314		MIR548AE1 - ZNF804A	ENSG00000266808	ENSG00000170396		218270	1215	rs10497655-?	rs10497655	0	10497655	intron_variant	1	NR	5E-8	7.301029995663981				NR [2625067]	N	bipolar disorder	http://purl.obolibrary.org/obo/MONDO_0004985	GCST90020094	Genome-wide genotyping array
2021-10-21	34159505	Wang H	2021-06-16	Sci China Life Sci	www.ncbi.nlm.nih.gov/pubmed/34159505	Novel loci and potential mechanisms of major depressive disorder, bipolar disorder, and schizophrenia.	Bipolar disorder (MTAG)	1,450,972 European ancestry individuals	NA	12p13.33	12	2402665		CACNA1C			ENSG00000151067			rs2239063-?	rs2239063	0	2239063	intron_variant	0	NR	2E-8	7.698970004336019				NR [2625067]	N	bipolar disorder	http://purl.obolibrary.org/obo/MONDO_0004985	GCST90020094	Genome-wide genotyping array
2021-10-21	34159505	Wang H	2021-06-16	Sci China Life Sci	www.ncbi.nlm.nih.gov/pubmed/34159505	Novel loci and potential mechanisms of major depressive disorder, bipolar disorder, and schizophrenia.	Bipolar disorder (MTAG)	1,450,972 European ancestry individuals	NA	12q23.1	12	99102924		ANKS1B			ENSG00000185046			rs4762557-?	rs4762557	0	4762557	intron_variant	0	NR	1E-9	9.0				NR [2625067]	N	bipolar disorder	http://purl.obolibrary.org/obo/MONDO_0004985	GCST90020094	Genome-wide genotyping array
2021-10-21	34159505	Wang H	2021-06-16	Sci China Life Sci	www.ncbi.nlm.nih.gov/pubmed/34159505	Novel loci and potential mechanisms of major depressive disorder, bipolar disorder, and schizophrenia.	Bipolar disorder (MTAG)	1,450,972 European ancestry individuals	NA	14q32.2	14	99246608		BCL11B			ENSG00000127152			rs11624408-?	rs11624408	0	11624408	intron_variant	0	NR	9E-9	8.045757490560675				NR [2625067]	N	bipolar disorder	http://purl.obolibrary.org/obo/MONDO_0004985	GCST90020094	Genome-wide genotyping array
2021-10-21	34159505	Wang H	2021-06-16	Sci China Life Sci	www.ncbi.nlm.nih.gov/pubmed/34159505	Novel loci and potential mechanisms of major depressive disorder, bipolar disorder, and schizophrenia.	Bipolar disorder (MTAG)	1,450,972 European ancestry individuals	NA	14q32.33	14	103584020		COA8, KLC1			ENSG00000256053, ENSG00000126214			rs4906338-?	rs4906338	0	4906338	intron_variant	0	NR	1E-10	10.0				NR [2625067]	N	bipolar disorder	http://purl.obolibrary.org/obo/MONDO_0004985	GCST90020094	Genome-wide genotyping array
2021-10-21	34159505	Wang H	2021-06-16	Sci China Life Sci	www.ncbi.nlm.nih.gov/pubmed/34159505	Novel loci and potential mechanisms of major depressive disorder, bipolar disorder, and schizophrenia.	Bipolar disorder (MTAG)	1,450,972 European ancestry individuals	NA	15q25.1	15	78583281		CHRNA5			ENSG00000169684			rs1700006-?	rs1700006	0	1700006	intron_variant	0	NR	3E-8	7.522878745280337				NR [2625067]	N	bipolar disorder	http://purl.obolibrary.org/obo/MONDO_0004985	GCST90020094	Genome-wide genotyping array
2021-10-21	34159505	Wang H	2021-06-16	Sci China Life Sci	www.ncbi.nlm.nih.gov/pubmed/34159505	Novel loci and potential mechanisms of major depressive disorder, bipolar disorder, and schizophrenia.	Bipolar disorder (MTAG)	1,450,972 European ancestry individuals	NA	15q25.2	15	84610573		ZSCAN2-AS1, ZSCAN2			ENSG00000275120, ENSG00000176371			rs71395455-?	rs71395455	0	71395455	intron_variant	0	NR	2E-12	11.698970004336019				NR [2625067]	N	bipolar disorder	http://purl.obolibrary.org/obo/MONDO_0004985	GCST90020094	Genome-wide genotyping array
2021-10-21	34159505	Wang H	2021-06-16	Sci China Life Sci	www.ncbi.nlm.nih.gov/pubmed/34159505	Novel loci and potential mechanisms of major depressive disorder, bipolar disorder, and schizophrenia.	Bipolar disorder (MTAG)	1,450,972 European ancestry individuals	NA	15q26.1	15	90879313		FURIN			ENSG00000140564			rs8039305-?	rs8039305	0	8039305	intron_variant	0	NR	3E-9	8.522878745280337				NR [2625067]	N	bipolar disorder	http://purl.obolibrary.org/obo/MONDO_0004985	GCST90020094	Genome-wide genotyping array
2021-10-21	34159505	Wang H	2021-06-16	Sci China Life Sci	www.ncbi.nlm.nih.gov/pubmed/34159505	Novel loci and potential mechanisms of major depressive disorder, bipolar disorder, and schizophrenia.	Bipolar disorder (MTAG)	1,450,972 European ancestry individuals	NA	16p13.2	16	9806627		GRIN2A			ENSG00000183454			rs7191999-?	rs7191999	0	7191999	intron_variant	0	NR	2E-10	9.698970004336019				NR [2625067]	N	bipolar disorder	http://purl.obolibrary.org/obo/MONDO_0004985	GCST90020094	Genome-wide genotyping array
2021-10-21	34159505	Wang H	2021-06-16	Sci China Life Sci	www.ncbi.nlm.nih.gov/pubmed/34159505	Novel loci and potential mechanisms of major depressive disorder, bipolar disorder, and schizophrenia.	Bipolar disorder (MTAG)	1,450,972 European ancestry individuals	NA	16p11.2	16	29932046		KCTD13-DT - TMEM219	ENSG00000247735	ENSG00000149932		3113	8839	rs12919683-?	rs12919683	0	12919683	intergenic_variant	1	NR	3E-9	8.522878745280337				NR [2625067]	N	bipolar disorder	http://purl.obolibrary.org/obo/MONDO_0004985	GCST90020094	Genome-wide genotyping array
2021-10-21	34159505	Wang H	2021-06-16	Sci China Life Sci	www.ncbi.nlm.nih.gov/pubmed/34159505	Novel loci and potential mechanisms of major depressive disorder, bipolar disorder, and schizophrenia.	Bipolar disorder (MTAG)	1,450,972 European ancestry individuals	NA	19p13.11	19	19333177		MAU2			ENSG00000129933			rs2011503-?	rs2011503	0	2011503	intron_variant	0	NR	2E-9	8.698970004336019				NR [2625067]	N	bipolar disorder	http://purl.obolibrary.org/obo/MONDO_0004985	GCST90020094	Genome-wide genotyping array
2021-10-21	34159505	Wang H	2021-06-16	Sci China Life Sci	www.ncbi.nlm.nih.gov/pubmed/34159505	Novel loci and potential mechanisms of major depressive disorder, bipolar disorder, and schizophrenia.	Bipolar disorder (MTAG)	1,450,972 European ancestry individuals	NA	20q13.13	20	49514499		PTGIS			ENSG00000124212			rs7267348-?	rs7267348	0	7267348	intron_variant	0	NR	5E-8	7.301029995663981				NR [2625067]	N	bipolar disorder	http://purl.obolibrary.org/obo/MONDO_0004985	GCST90020094	Genome-wide genotyping array
2021-10-21	34159505	Wang H	2021-06-16	Sci China Life Sci	www.ncbi.nlm.nih.gov/pubmed/34159505	Novel loci and potential mechanisms of major depressive disorder, bipolar disorder, and schizophrenia.	Bipolar disorder (MTAG)	1,450,972 European ancestry individuals	NA	22q13.2	22	40860798		XPNPEP3, DNAJB7			ENSG00000196236, ENSG00000172404			rs103197-?	rs103197	0	103197	3_prime_UTR_variant	0	NR	7E-9	8.154901959985743				NR [2625067]	N	bipolar disorder	http://purl.obolibrary.org/obo/MONDO_0004985	GCST90020094	Genome-wide genotyping array
2022-01-07	34680877	Lybech LKM	2021-09-23	Genes (Basel)	www.ncbi.nlm.nih.gov/pubmed/34680877	Suicide Related Phenotypes in a Bipolar Sample: Genetic Underpinnings.	Suicide related phenotype (feeling that the life was not worth living) in bipolar disorder	25 Asian ancestry, Pacific Islander individuals, 53 Black ancestry, African American individuals, 5 Native American, Eskimo, Aleut individuals, 1,060 White ancestry individuals, 31 individuals	NA	9q22.32	9	94811838		AOPEP			ENSG00000148120			rs2767403-?	rs2767403	0	2767403	intron_variant	0	NR	6E-6	5.221848749616356				Affymetrix [NR] (imputed)	N	suicide ideation measurement	http://www.ebi.ac.uk/efo/EFO_0007619	GCST90085904	Genome-wide genotyping array
2021-09-03	34099189	Blokland GAM	2021-03-23	Biol Psychiatry	www.ncbi.nlm.nih.gov/pubmed/34099189	Sex-Dependent Shared and Nonshared Genetic Architecture Across Mood and Psychotic Disorders.	Bipolar disorder x sex interaction	19,924 European ancestry cases, 30,547 European ancestry controls	NA	2q12.2	2	105439227	FHL2	FHL2 - LINC02946	ENSG00000115641	ENSG00000287036		642	138885	rs17651437-T	rs17651437	0	17651437	intergenic_variant	1	0.5215	4E-7	6.3979400086720375		0.1553	[0.096-0.215] unit increase	NR [NR] (imputed)	N	bipolar disorder, sex interaction measurement	http://purl.obolibrary.org/obo/MONDO_0004985, http://www.ebi.ac.uk/efo/EFO_0008343	GCST012307	Genome-wide genotyping array
2021-09-03	34099189	Blokland GAM	2021-03-23	Biol Psychiatry	www.ncbi.nlm.nih.gov/pubmed/34099189	Sex-Dependent Shared and Nonshared Genetic Architecture Across Mood and Psychotic Disorders.	Bipolar disorder x sex interaction	19,924 European ancestry cases, 30,547 European ancestry controls	NA	6q22.31	6	124005082	NKAIN2	NKAIN2			ENSG00000188580			rs117780815-A	rs117780815	0	117780815	intron_variant	0	0.964	1E-6	6.0		0.5043	[0.3-0.71] unit increase	NR [NR] (imputed)	N	bipolar disorder, sex interaction measurement	http://purl.obolibrary.org/obo/MONDO_0004985, http://www.ebi.ac.uk/efo/EFO_0008343	GCST012307	Genome-wide genotyping array
2021-09-03	34099189	Blokland GAM	2021-03-23	Biol Psychiatry	www.ncbi.nlm.nih.gov/pubmed/34099189	Sex-Dependent Shared and Nonshared Genetic Architecture Across Mood and Psychotic Disorders.	Bipolar disorder x sex interaction	19,924 European ancestry cases, 30,547 European ancestry controls	NA	1q42.2	1	232354369	TSNAX-DISC1, SIPA1L2	RN7SL299P - SIPA1L2	ENSG00000242794	ENSG00000116991		131224	43253	rs592019-T	rs592019	0	592019	intergenic_variant	1	0.6149	2E-6	5.698970004336019		0.1533	[0.09-0.216] unit increase	NR [NR] (imputed)	N	bipolar disorder, sex interaction measurement	http://purl.obolibrary.org/obo/MONDO_0004985, http://www.ebi.ac.uk/efo/EFO_0008343	GCST012307	Genome-wide genotyping array
2021-09-03	34099189	Blokland GAM	2021-03-23	Biol Psychiatry	www.ncbi.nlm.nih.gov/pubmed/34099189	Sex-Dependent Shared and Nonshared Genetic Architecture Across Mood and Psychotic Disorders.	Bipolar disorder x sex interaction	19,924 European ancestry cases, 30,547 European ancestry controls	NA	8q24.3	8	142446374	TSNARE1, ADGRB1	TSNARE1 - ADGRB1	ENSG00000171045	ENSG00000181790		43161	3056	rs35588074-A	rs35588074	0	35588074	intergenic_variant	1	0.9439	4E-6	5.3979400086720375		0.4037	[0.23-0.58] unit increase	NR [NR] (imputed)	N	bipolar disorder, sex interaction measurement	http://purl.obolibrary.org/obo/MONDO_0004985, http://www.ebi.ac.uk/efo/EFO_0008343	GCST012307	Genome-wide genotyping array
2021-09-03	34099189	Blokland GAM	2021-03-23	Biol Psychiatry	www.ncbi.nlm.nih.gov/pubmed/34099189	Sex-Dependent Shared and Nonshared Genetic Architecture Across Mood and Psychotic Disorders.	Bipolar disorder x sex interaction	19,924 European ancestry cases, 30,547 European ancestry controls	NA	2p12	2	75130899	TACR1	TACR1			ENSG00000115353			rs7602299-C	rs7602299	0	7602299	intron_variant	0	0.6434	5E-6	5.301029995663981		0.2193	[0.13-0.31] unit increase	NR [NR] (imputed)	N	bipolar disorder, sex interaction measurement	http://purl.obolibrary.org/obo/MONDO_0004985, http://www.ebi.ac.uk/efo/EFO_0008343	GCST012307	Genome-wide genotyping array
2021-09-03	34099189	Blokland GAM	2021-03-23	Biol Psychiatry	www.ncbi.nlm.nih.gov/pubmed/34099189	Sex-Dependent Shared and Nonshared Genetic Architecture Across Mood and Psychotic Disorders.	Bipolar disorder x sex interaction	19,924 European ancestry cases, 30,547 European ancestry controls	NA				ULK4							chr3:41902282-?	chr3:41902282	0			1	0.1444	7E-6	5.154901959985743		0.2839	[0.16-0.41] unit increase	NR [NR] (imputed)	N	bipolar disorder, sex interaction measurement	http://purl.obolibrary.org/obo/MONDO_0004985, http://www.ebi.ac.uk/efo/EFO_0008343	GCST012307	Genome-wide genotyping array
2021-09-03	34099189	Blokland GAM	2021-03-23	Biol Psychiatry	www.ncbi.nlm.nih.gov/pubmed/34099189	Sex-Dependent Shared and Nonshared Genetic Architecture Across Mood and Psychotic Disorders.	Bipolar disorder x sex interaction	19,924 European ancestry cases, 30,547 European ancestry controls	NA	5q35.1	5	169410484	SLIT3, SPDL1	SLIT3 - RNU6-477P	ENSG00000184347	ENSG00000206614		109345	141965	rs6898594-A	rs6898594	0	6898594	intergenic_variant	1	0.5681	8E-6	5.096910013008056		0.1357	[0.076-0.195] unit increase	NR [NR] (imputed)	N	bipolar disorder, sex interaction measurement	http://purl.obolibrary.org/obo/MONDO_0004985, http://www.ebi.ac.uk/efo/EFO_0008343	GCST012307	Genome-wide genotyping array
2021-09-03	34099189	Blokland GAM	2021-03-23	Biol Psychiatry	www.ncbi.nlm.nih.gov/pubmed/34099189	Sex-Dependent Shared and Nonshared Genetic Architecture Across Mood and Psychotic Disorders.	Bipolar disorder x sex interaction	19,924 European ancestry cases, 30,547 European ancestry controls	NA	9q21.31	9	79664433	TLE4	TLE4			ENSG00000106829			rs72734311-A	rs72734311	0	72734311	intron_variant	0	0.0784	8E-6	5.096910013008056		0.265	[0.15-0.38] unit decrease	NR [NR] (imputed)	N	bipolar disorder, sex interaction measurement	http://purl.obolibrary.org/obo/MONDO_0004985, http://www.ebi.ac.uk/efo/EFO_0008343	GCST012307	Genome-wide genotyping array
2021-09-03	34099189	Blokland GAM	2021-03-23	Biol Psychiatry	www.ncbi.nlm.nih.gov/pubmed/34099189	Sex-Dependent Shared and Nonshared Genetic Architecture Across Mood and Psychotic Disorders.	Bipolar disorder x sex interaction	19,924 European ancestry cases, 30,547 European ancestry controls	NA	13q33.3	13	109409474	LINC00399, LINC00676	LINC00399 - LINC00676	ENSG00000229792	ENSG00000234854		7833	318808	rs7325477-A	rs7325477	0	7325477	intergenic_variant	1	0.6739	9E-6	5.045757490560675		0.1518	[0.085-0.219] unit increase	NR [NR] (imputed)	N	bipolar disorder, sex interaction measurement	http://purl.obolibrary.org/obo/MONDO_0004985, http://www.ebi.ac.uk/efo/EFO_0008343	GCST012307	Genome-wide genotyping array
2021-09-03	34099189	Blokland GAM	2021-03-23	Biol Psychiatry	www.ncbi.nlm.nih.gov/pubmed/34099189	Sex-Dependent Shared and Nonshared Genetic Architecture Across Mood and Psychotic Disorders.	Bipolar disorder x sex interaction	19,924 European ancestry cases, 30,547 European ancestry controls	NA	9p22.3	9	15158604	LOC389705, TTC39B	RNU6-559P - TTC39B	ENSG00000251960	ENSG00000155158		15218	5018	rs10738388-C	rs10738388	0	10738388	intron_variant	1	0.3563	1E-5	5.0		0.1325	[0.074-0.191] unit increase	NR [NR] (imputed)	N	bipolar disorder, sex interaction measurement	http://purl.obolibrary.org/obo/MONDO_0004985, http://www.ebi.ac.uk/efo/EFO_0008343	GCST012307	Genome-wide genotyping array
2021-09-03	34099189	Blokland GAM	2021-03-23	Biol Psychiatry	www.ncbi.nlm.nih.gov/pubmed/34099189	Sex-Dependent Shared and Nonshared Genetic Architecture Across Mood and Psychotic Disorders.	Bipolar disorder x sex interaction	19,924 European ancestry cases, 30,547 European ancestry controls	NA	1q42.2	1	232348647	BIP_interaction	RN7SL299P - SIPA1L2	ENSG00000242794	ENSG00000116991		125502	48975	rs668959-A	rs668959	0	668959	intergenic_variant	1	0.5769	3E-6	5.522878745280337		0.1363	[0.079-0.194] unit decrease	NR [NR] (imputed)	N	bipolar disorder, sex interaction measurement	http://purl.obolibrary.org/obo/MONDO_0004985, http://www.ebi.ac.uk/efo/EFO_0008343	GCST012307	Genome-wide genotyping array
2021-09-03	34099189	Blokland GAM	2021-03-23	Biol Psychiatry	www.ncbi.nlm.nih.gov/pubmed/34099189	Sex-Dependent Shared and Nonshared Genetic Architecture Across Mood and Psychotic Disorders.	Bipolar disorder x sex interaction	19,924 European ancestry cases, 30,547 European ancestry controls	NA	9p21.2	9	25646818	BIP_interaction	RN7SKP120 - TUSC1	ENSG00000222693	ENSG00000198680		557667	30151	rs7871606-T	rs7871606	0	7871606	intergenic_variant	1	0.7645	8E-6	5.096910013008056		0.264	[0.15-0.38] unit increase	NR [NR] (imputed)	N	bipolar disorder, sex interaction measurement	http://purl.obolibrary.org/obo/MONDO_0004985, http://www.ebi.ac.uk/efo/EFO_0008343	GCST012307	Genome-wide genotyping array
2021-09-03	34099189	Blokland GAM	2021-03-23	Biol Psychiatry	www.ncbi.nlm.nih.gov/pubmed/34099189	Sex-Dependent Shared and Nonshared Genetic Architecture Across Mood and Psychotic Disorders.	Bipolar disorder	11,897 European ancestry female cases, 15,538 European ancestry female controls, 8,027 European ancestry male cases, 15,009 European ancestry male controls	NA	16q22.2	16	71347976	CMTR2, CALB2	CMTR2 - CALB2	ENSG00000180917	ENSG00000172137		58261	10737	rs12933065-T	rs12933065	0	12933065	intron_variant	1	0.6478	5E-6	5.301029995663981	(female)	0.1001	[0.057-0.143] unit increase	NR [NR] (imputed)	N	bipolar disorder	http://purl.obolibrary.org/obo/MONDO_0004985	GCST012306	Genome-wide genotyping array
2021-09-03	34099189	Blokland GAM	2021-03-23	Biol Psychiatry	www.ncbi.nlm.nih.gov/pubmed/34099189	Sex-Dependent Shared and Nonshared Genetic Architecture Across Mood and Psychotic Disorders.	Bipolar disorder	11,897 European ancestry female cases, 15,538 European ancestry female controls, 8,027 European ancestry male cases, 15,009 European ancestry male controls	NA	4p14	4	38371374	TBC1D1, LINC01258	LINC02513			ENSG00000248227			rs1906292-T	rs1906292	0	1906292	intron_variant	0	0.5717	7E-6	5.154901959985743	(female)	0.1083	[0.061-0.155] unit increase	NR [NR] (imputed)	N	bipolar disorder	http://purl.obolibrary.org/obo/MONDO_0004985	GCST012306	Genome-wide genotyping array
2021-09-03	34099189	Blokland GAM	2021-03-23	Biol Psychiatry	www.ncbi.nlm.nih.gov/pubmed/34099189	Sex-Dependent Shared and Nonshared Genetic Architecture Across Mood and Psychotic Disorders.	Bipolar disorder	11,897 European ancestry female cases, 15,538 European ancestry female controls, 8,027 European ancestry male cases, 15,009 European ancestry male controls	NA	9p22.3	9	15216096	TTC39B	TTC39B			ENSG00000155158			rs74680417-T	rs74680417	0	74680417	intron_variant	0	0.1373	6E-6	5.221848749616356	(female)	0.1383	[0.078-0.198] unit increase	NR [NR] (imputed)	N	bipolar disorder	http://purl.obolibrary.org/obo/MONDO_0004985	GCST012306	Genome-wide genotyping array
2021-09-03	34099189	Blokland GAM	2021-03-23	Biol Psychiatry	www.ncbi.nlm.nih.gov/pubmed/34099189	Sex-Dependent Shared and Nonshared Genetic Architecture Across Mood and Psychotic Disorders.	Bipolar disorder	11,897 European ancestry female cases, 15,538 European ancestry female controls, 8,027 European ancestry male cases, 15,009 European ancestry male controls	NA	9q21.31	9	79664433	TLE4	TLE4			ENSG00000106829			rs72734311-A	rs72734311	0	72734311	intron_variant	0	0.0784	3E-6	5.522878745280337	(male)	0.2106	[0.12-0.3] unit increase	NR [NR] (imputed)	N	bipolar disorder	http://purl.obolibrary.org/obo/MONDO_0004985	GCST012306	Genome-wide genotyping array
2021-09-03	34099189	Blokland GAM	2021-03-23	Biol Psychiatry	www.ncbi.nlm.nih.gov/pubmed/34099189	Sex-Dependent Shared and Nonshared Genetic Architecture Across Mood and Psychotic Disorders.	Bipolar disorder	11,897 European ancestry female cases, 15,538 European ancestry female controls, 8,027 European ancestry male cases, 15,009 European ancestry male controls	NA	5q23.2	5	126622335	PHAX	PHAX			ENSG00000164902			rs149898505-T	rs149898505	0	149898505	intron_variant	0	0.9605	9E-6	5.045757490560675	(male)	0.3025	[0.17-0.44] unit decrease	NR [NR] (imputed)	N	bipolar disorder	http://purl.obolibrary.org/obo/MONDO_0004985	GCST012306	Genome-wide genotyping array
2021-09-03	34099189	Blokland GAM	2021-03-23	Biol Psychiatry	www.ncbi.nlm.nih.gov/pubmed/34099189	Sex-Dependent Shared and Nonshared Genetic Architecture Across Mood and Psychotic Disorders.	Bipolar disorder	11,897 European ancestry female cases, 15,538 European ancestry female controls, 8,027 European ancestry male cases, 15,009 European ancestry male controls	NA	8p21.3	8	22916776	PEBP4	PEBP4			ENSG00000134020			rs17679321-A	rs17679321	0	17679321	intron_variant	0	0.0353	4E-7	6.3979400086720375	(male)	0.3363	[0.21-0.47] unit increase	NR [NR] (imputed)	N	bipolar disorder	http://purl.obolibrary.org/obo/MONDO_0004985	GCST012306	Genome-wide genotyping array
2021-09-03	34099189	Blokland GAM	2021-03-23	Biol Psychiatry	www.ncbi.nlm.nih.gov/pubmed/34099189	Sex-Dependent Shared and Nonshared Genetic Architecture Across Mood and Psychotic Disorders.	Bipolar disorder	11,897 European ancestry female cases, 15,538 European ancestry female controls, 8,027 European ancestry male cases, 15,009 European ancestry male controls	NA	20q13.12	20	47381100	ZMYND8, LINC01754	ZMYND8 - LINC01754	ENSG00000101040	ENSG00000224565		23296	2940	rs6066295-A	rs6066295	0	6066295	intergenic_variant	1	0.8249	2E-7	6.698970004336019	(male)	0.1903	[0.12-0.26] unit increase	NR [NR] (imputed)	N	bipolar disorder	http://purl.obolibrary.org/obo/MONDO_0004985	GCST012306	Genome-wide genotyping array
2021-09-03	34099189	Blokland GAM	2021-03-23	Biol Psychiatry	www.ncbi.nlm.nih.gov/pubmed/34099189	Sex-Dependent Shared and Nonshared Genetic Architecture Across Mood and Psychotic Disorders.	Bipolar disorder	11,897 European ancestry female cases, 15,538 European ancestry female controls, 8,027 European ancestry male cases, 15,009 European ancestry male controls	NA	15q11.2	15	23015662	TUBGCP5	TUBGCP5			ENSG00000275835			rs8039223-A	rs8039223	0	8039223	intron_variant	0	0.8955	3E-7	6.522878745280337	(male)	0.2268	[0.14-0.31] unit decrease	NR [NR] (imputed)	N	bipolar disorder	http://purl.obolibrary.org/obo/MONDO_0004985	GCST012306	Genome-wide genotyping array
2021-09-03	34099189	Blokland GAM	2021-03-23	Biol Psychiatry	www.ncbi.nlm.nih.gov/pubmed/34099189	Sex-Dependent Shared and Nonshared Genetic Architecture Across Mood and Psychotic Disorders.	Bipolar disorder	11,897 European ancestry female cases, 15,538 European ancestry female controls, 8,027 European ancestry male cases, 15,009 European ancestry male controls	NA	11p15.1	11	18004914	SERGEF	SERGEF			ENSG00000129158			rs211137-T	rs211137	0	211137	intron_variant	0	0.4357	2E-7	6.698970004336019	(male)	0.1329	[0.083-0.183] unit decrease	NR [NR] (imputed)	N	bipolar disorder	http://purl.obolibrary.org/obo/MONDO_0004985	GCST012306	Genome-wide genotyping array
2021-09-03	34099189	Blokland GAM	2021-03-23	Biol Psychiatry	www.ncbi.nlm.nih.gov/pubmed/34099189	Sex-Dependent Shared and Nonshared Genetic Architecture Across Mood and Psychotic Disorders.	Bipolar disorder	11,897 European ancestry female cases, 15,538 European ancestry female controls, 8,027 European ancestry male cases, 15,009 European ancestry male controls	NA				DDX10, C11orf87							chr11:108892250-?	chr11:108892250	0			1	0.352	7E-6	5.154901959985743	(male)	0.1036	[0.058-0.149] unit decrease	NR [NR] (imputed)	N	bipolar disorder	http://purl.obolibrary.org/obo/MONDO_0004985	GCST012306	Genome-wide genotyping array
2021-09-03	34099189	Blokland GAM	2021-03-23	Biol Psychiatry	www.ncbi.nlm.nih.gov/pubmed/34099189	Sex-Dependent Shared and Nonshared Genetic Architecture Across Mood and Psychotic Disorders.	Bipolar disorder	11,897 European ancestry female cases, 15,538 European ancestry female controls, 8,027 European ancestry male cases, 15,009 European ancestry male controls	NA	15q11.2	15	22996158	TUBGCP5, CYFIP1	TUBGCP5			ENSG00000275835			rs62009532-A	rs62009532	0	62009532	intergenic_variant	0	0.9063	1E-6	6.0	(male)	0.1946	[0.12-0.27] unit decrease	NR [NR] (imputed)	N	bipolar disorder	http://purl.obolibrary.org/obo/MONDO_0004985	GCST012306	Genome-wide genotyping array
2021-09-03	34099189	Blokland GAM	2021-03-23	Biol Psychiatry	www.ncbi.nlm.nih.gov/pubmed/34099189	Sex-Dependent Shared and Nonshared Genetic Architecture Across Mood and Psychotic Disorders.	Bipolar disorder x sex interaction	19,924 European ancestry cases, 30,547 European ancestry controls	NA	9p21.2	9	25649147	IZUMO3, TUSC1	RN7SKP120 - TUSC1	ENSG00000222693	ENSG00000198680		559996	27822	rs12341335-T	rs12341335	0	12341335	intergenic_variant	1	0.8957	2E-7	6.698970004336019		0.3726	[0.23-0.51] unit increase	NR [NR] (imputed)	N	bipolar disorder, sex interaction measurement	http://purl.obolibrary.org/obo/MONDO_0004985, http://www.ebi.ac.uk/efo/EFO_0008343	GCST012307	Genome-wide genotyping array
2025-06-25	33686288	Peyrot WJ	2021-03-08	Nat Genet	www.ncbi.nlm.nih.gov/pubmed/33686288	Identifying loci with different allele frequencies among cases of eight psychiatric disorders using CC-GWAS.	Bipolar disorder vs autism spectrum disorder (ordinary least squares (OLS))	20,352 cases, 18,381 controls	NA	4q32.2	4	161372886		RPS14P7 - FSTL5	ENSG00000242635	ENSG00000168843		554017	11011	rs11724116-?	rs11724116	0	11724116	intergenic_variant	1	NR	3E-8	7.522878745280337		0.0179	decrease	NR [6135876] (imputed)	N	bipolar disorder, autism spectrum disorder	http://purl.obolibrary.org/obo/MONDO_0004985, http://purl.obolibrary.org/obo/MONDO_0005258	GCST90016606	Genome-wide genotyping array
2025-06-25	33686288	Peyrot WJ	2021-03-08	Nat Genet	www.ncbi.nlm.nih.gov/pubmed/33686288	Identifying loci with different allele frequencies among cases of eight psychiatric disorders using CC-GWAS.	Bipolar disorder vs obsessive compulsive disorder (ordinary least squares (OLS))	20,352 cases, 2,688 controls	NA	1q31.3	1	198548178		ATP6V1G3 - PTPRC	ENSG00000151418	ENSG00000081237		7233	81722	rs6675366-?	rs6675366	0	6675366	intergenic_variant	1	NR	4E-8	7.3979400086720375		0.018	increase	NR [6311569] (imputed)	N	bipolar disorder, obsessive-compulsive disorder	http://purl.obolibrary.org/obo/MONDO_0004985, http://purl.obolibrary.org/obo/MONDO_0008114	GCST90016608	Genome-wide genotyping array
2025-06-25	33686288	Peyrot WJ	2021-03-08	Nat Genet	www.ncbi.nlm.nih.gov/pubmed/33686288	Identifying loci with different allele frequencies among cases of eight psychiatric disorders using CC-GWAS.	Bipolar disorder vs Tourette's syndrome and other tic disorders (ordinary least squares (OLS))	20,352 cases, 4,819 controls	NA	1p21.3	1	95112651		ALG14 - TLCD4	ENSG00000172339	ENSG00000152078		39700	4641	rs12563424-?	rs12563424	0	12563424	intron_variant	1	NR	3E-8	7.522878745280337		0.0213	increase	NR [6254473] (imputed)	N	bipolar disorder, Tourette syndrome	http://purl.obolibrary.org/obo/MONDO_0004985, http://purl.obolibrary.org/obo/MONDO_0007661	GCST90016609	Genome-wide genotyping array
2025-06-25	33686288	Peyrot WJ	2021-03-08	Nat Genet	www.ncbi.nlm.nih.gov/pubmed/33686288	Identifying loci with different allele frequencies among cases of eight psychiatric disorders using CC-GWAS.	Bipolar disorder vs Tourette's syndrome and other tic disorders (ordinary least squares (OLS))	20,352 cases, 4,819 controls	NA	6q16.1	6	98143746		MIR2113 - EIF4EBP2P3	ENSG00000238367	ENSG00000220505		119125	35753	rs2388334-?	rs2388334	0	2388334	intron_variant	1	NR	1E-12	12.0		0.0274	increase	NR [6254473] (imputed)	N	bipolar disorder, Tourette syndrome	http://purl.obolibrary.org/obo/MONDO_0004985, http://purl.obolibrary.org/obo/MONDO_0007661	GCST90016609	Genome-wide genotyping array
2025-06-25	33686288	Peyrot WJ	2021-03-08	Nat Genet	www.ncbi.nlm.nih.gov/pubmed/33686288	Identifying loci with different allele frequencies among cases of eight psychiatric disorders using CC-GWAS.	Bipolar disorder vs Tourette's syndrome and other tic disorders (ordinary least squares (OLS))	20,352 cases, 4,819 controls	NA	11q14.1	11	79403640		TENM4			ENSG00000149256			rs1511237-?	rs1511237	0	1511237	intron_variant	0	NR	5E-8	7.301029995663981		0.0211	increase	NR [6254473] (imputed)	N	bipolar disorder, Tourette syndrome	http://purl.obolibrary.org/obo/MONDO_0004985, http://purl.obolibrary.org/obo/MONDO_0007661	GCST90016609	Genome-wide genotyping array
2025-06-25	33686288	Peyrot WJ	2021-03-08	Nat Genet	www.ncbi.nlm.nih.gov/pubmed/33686288	Identifying loci with different allele frequencies among cases of eight psychiatric disorders using CC-GWAS.	Bipolar disorder vs Tourette's syndrome and other tic disorders (ordinary least squares (OLS))	20,352 cases, 4,819 controls	NA	19p13.11	19	19333177		MAU2			ENSG00000129933			rs2011503-?	rs2011503	0	2011503	intron_variant	0	NR	6E-9	8.221848749616356		0.0225	decrease	NR [6254473] (imputed)	N	bipolar disorder, Tourette syndrome	http://purl.obolibrary.org/obo/MONDO_0004985, http://purl.obolibrary.org/obo/MONDO_0007661	GCST90016609	Genome-wide genotyping array
2025-06-25	33686288	Peyrot WJ	2021-03-08	Nat Genet	www.ncbi.nlm.nih.gov/pubmed/33686288	Identifying loci with different allele frequencies among cases of eight psychiatric disorders using CC-GWAS.	Bipolar disorder vs Tourette's syndrome and other tic disorders (ordinary least squares (OLS))	20,352 cases, 4,819 controls	NA	3q13.12	3	108074862		CD47			ENSG00000196776			rs3804640-?	rs3804640	0	3804640	intron_variant	0	NR	1E-8	8.0		0.0221	decrease	NR [6254473] (imputed)	N	bipolar disorder, Tourette syndrome	http://purl.obolibrary.org/obo/MONDO_0004985, http://purl.obolibrary.org/obo/MONDO_0007661	GCST90016609	Genome-wide genotyping array
2025-06-25	33686288	Peyrot WJ	2021-03-08	Nat Genet	www.ncbi.nlm.nih.gov/pubmed/33686288	Identifying loci with different allele frequencies among cases of eight psychiatric disorders using CC-GWAS.	Bipolar disorder vs ADHD (ordinary least squares (OLS))	20,352 cases, 19,099 controls	NA	2q24.3	2	165295879		SCN2A			ENSG00000136531			rs17183814-?	rs17183814	0	17183814	missense_variant	0	NR	7E-11	10.154901959985743		0.0229	decrease	NR [5637374] (imputed)	N	attention deficit-hyperactivity disorder, bipolar disorder	http://purl.obolibrary.org/obo/MONDO_0007743, http://purl.obolibrary.org/obo/MONDO_0004985	GCST90016604	Genome-wide genotyping array
2025-06-25	33686288	Peyrot WJ	2021-03-08	Nat Genet	www.ncbi.nlm.nih.gov/pubmed/33686288	Identifying loci with different allele frequencies among cases of eight psychiatric disorders using CC-GWAS.	Bipolar disorder vs ADHD (ordinary least squares (OLS))	20,352 cases, 19,099 controls	NA	12q13.12	12	49070666		RHEBL1 - DHH	ENSG00000167550	ENSG00000139549		627	15990	rs7969091-?	rs7969091	0	7969091	intergenic_variant	1	NR	2E-9	8.698970004336019		0.0212	increase	NR [5637374] (imputed)	N	attention deficit-hyperactivity disorder, bipolar disorder	http://purl.obolibrary.org/obo/MONDO_0007743, http://purl.obolibrary.org/obo/MONDO_0004985	GCST90016604	Genome-wide genotyping array
2025-06-25	33686288	Peyrot WJ	2021-03-08	Nat Genet	www.ncbi.nlm.nih.gov/pubmed/33686288	Identifying loci with different allele frequencies among cases of eight psychiatric disorders using CC-GWAS.	Bipolar disorder vs ADHD (ordinary least squares (OLS))	20,352 cases, 19,099 controls	NA	1p32.1	1	60638487		LINC01748			ENSG00000226476			rs571017-?	rs571017	0	571017	intergenic_variant	0	NR	4E-9	8.397940008672037		0.0207	increase	NR [5637374] (imputed)	N	attention deficit-hyperactivity disorder, bipolar disorder	http://purl.obolibrary.org/obo/MONDO_0007743, http://purl.obolibrary.org/obo/MONDO_0004985	GCST90016604	Genome-wide genotyping array
2025-06-25	33686288	Peyrot WJ	2021-03-08	Nat Genet	www.ncbi.nlm.nih.gov/pubmed/33686288	Identifying loci with different allele frequencies among cases of eight psychiatric disorders using CC-GWAS.	Bipolar disorder vs ADHD (ordinary least squares (OLS))	20,352 cases, 19,099 controls	NA	3p22.2	3	36814539		HSPD1P6 - LINC02033	ENSG00000230067	ENSG00000279727		45740	4737	rs9834970-?	rs9834970	0	9834970	regulatory_region_variant	1	NR	6E-12	11.221848749616356		0.0242	increase	NR [5637374] (imputed)	N	attention deficit-hyperactivity disorder, bipolar disorder	http://purl.obolibrary.org/obo/MONDO_0007743, http://purl.obolibrary.org/obo/MONDO_0004985	GCST90016604	Genome-wide genotyping array
2025-06-25	33686288	Peyrot WJ	2021-03-08	Nat Genet	www.ncbi.nlm.nih.gov/pubmed/33686288	Identifying loci with different allele frequencies among cases of eight psychiatric disorders using CC-GWAS.	Bipolar disorder vs ADHD (ordinary least squares (OLS))	20,352 cases, 19,099 controls	NA	4q27	4	122589611		IL2 - IL21	ENSG00000109471	ENSG00000138684		132886	20497	rs6829845-?	rs6829845	0	6829845	intergenic_variant	1	NR	1E-8	8.0		0.0199	decrease	NR [5637374] (imputed)	N	attention deficit-hyperactivity disorder, bipolar disorder	http://purl.obolibrary.org/obo/MONDO_0007743, http://purl.obolibrary.org/obo/MONDO_0004985	GCST90016604	Genome-wide genotyping array
2025-06-25	33686288	Peyrot WJ	2021-03-08	Nat Genet	www.ncbi.nlm.nih.gov/pubmed/33686288	Identifying loci with different allele frequencies among cases of eight psychiatric disorders using CC-GWAS.	Bipolar disorder vs ADHD (ordinary least squares (OLS))	20,352 cases, 19,099 controls	NA	4q32.2	4	161378979		RPS14P7 - FSTL5	ENSG00000242635	ENSG00000168843		560110	4918	rs79360559-?	rs79360559	0	79360559	non_coding_transcript_exon_variant	1	NR	2E-9	8.698970004336019		0.0212	decrease	NR [5637374] (imputed)	N	attention deficit-hyperactivity disorder, bipolar disorder	http://purl.obolibrary.org/obo/MONDO_0007743, http://purl.obolibrary.org/obo/MONDO_0004985	GCST90016604	Genome-wide genotyping array
2025-06-25	33686288	Peyrot WJ	2021-03-08	Nat Genet	www.ncbi.nlm.nih.gov/pubmed/33686288	Identifying loci with different allele frequencies among cases of eight psychiatric disorders using CC-GWAS.	Bipolar disorder vs ADHD (ordinary least squares (OLS))	20,352 cases, 19,099 controls	NA	5q14.1	5	79544787		Y_RNA - Y_RNA	ENSG00000200544	ENSG00000200544		9833	17958	rs7707252-?	rs7707252	0	7707252	intron_variant	1	NR	2E-8	7.698970004336019		0.0198	increase	NR [5637374] (imputed)	N	attention deficit-hyperactivity disorder, bipolar disorder	http://purl.obolibrary.org/obo/MONDO_0007743, http://purl.obolibrary.org/obo/MONDO_0004985	GCST90016604	Genome-wide genotyping array
2025-06-25	33686288	Peyrot WJ	2021-03-08	Nat Genet	www.ncbi.nlm.nih.gov/pubmed/33686288	Identifying loci with different allele frequencies among cases of eight psychiatric disorders using CC-GWAS.	Bipolar disorder vs ADHD (ordinary least squares (OLS))	20,352 cases, 19,099 controls	NA	15q14	15	38694612		LINC02694			ENSG00000175779			rs12898460-?	rs12898460	0	12898460	intron_variant	0	NR	2E-9	8.698970004336019		0.0211	decrease	NR [5637374] (imputed)	N	attention deficit-hyperactivity disorder, bipolar disorder	http://purl.obolibrary.org/obo/MONDO_0007743, http://purl.obolibrary.org/obo/MONDO_0004985	GCST90016604	Genome-wide genotyping array
2025-06-25	33686288	Peyrot WJ	2021-03-08	Nat Genet	www.ncbi.nlm.nih.gov/pubmed/33686288	Identifying loci with different allele frequencies among cases of eight psychiatric disorders using CC-GWAS.	Bipolar disorder vs anorexia nervosa (ordinary least squares (OLS))	20,352 cases, 16,992 controls	NA	4q31.22	4	146346985		SLC10A7			ENSG00000120519			rs6846584-?	rs6846584	0	6846584	intron_variant	0	NR	9E-9	8.045757490560675		0.021	decrease	NR [5569514] (imputed)	N	bipolar disorder, anorexia nervosa	http://purl.obolibrary.org/obo/MONDO_0004985, http://purl.obolibrary.org/obo/MONDO_0005351	GCST90016605	Genome-wide genotyping array
2025-06-25	33686288	Peyrot WJ	2021-03-08	Nat Genet	www.ncbi.nlm.nih.gov/pubmed/33686288	Identifying loci with different allele frequencies among cases of eight psychiatric disorders using CC-GWAS.	Bipolar disorder vs anorexia nervosa (ordinary least squares (OLS))	20,352 cases, 16,992 controls	NA	12p13.33	12	2237227		CACNA1C			ENSG00000151067			rs2159100-?	rs2159100	0	2159100	intron_variant	0	NR	5E-9	8.301029995663981		0.0213	increase	NR [5569514] (imputed)	N	bipolar disorder, anorexia nervosa	http://purl.obolibrary.org/obo/MONDO_0004985, http://purl.obolibrary.org/obo/MONDO_0005351	GCST90016605	Genome-wide genotyping array
2025-06-25	33686288	Peyrot WJ	2021-03-08	Nat Genet	www.ncbi.nlm.nih.gov/pubmed/33686288	Identifying loci with different allele frequencies among cases of eight psychiatric disorders using CC-GWAS.	Bipolar disorder vs anorexia nervosa (ordinary least squares (OLS))	20,352 cases, 16,992 controls	NA	5q21.2	5	104746478		NIHCOLE - RNU6-334P	ENSG00000251026	ENSG00000252881		316233	33810	rs323509-?	rs323509	0	323509	intron_variant	1	NR	2E-9	8.698970004336019		0.022	decrease	NR [5569514] (imputed)	N	bipolar disorder, anorexia nervosa	http://purl.obolibrary.org/obo/MONDO_0004985, http://purl.obolibrary.org/obo/MONDO_0005351	GCST90016605	Genome-wide genotyping array
2025-06-25	33686288	Peyrot WJ	2021-03-08	Nat Genet	www.ncbi.nlm.nih.gov/pubmed/33686288	Identifying loci with different allele frequencies among cases of eight psychiatric disorders using CC-GWAS.	Bipolar disorder vs anorexia nervosa (ordinary least squares (OLS))	20,352 cases, 16,992 controls	NA	15q25.3	15	84761215		ZNF592			ENSG00000166716			rs34162609-?	rs34162609	0	34162609	intron_variant	0	NR	2E-8	7.698970004336019		0.0204	decrease	NR [5569514] (imputed)	N	bipolar disorder, anorexia nervosa	http://purl.obolibrary.org/obo/MONDO_0004985, http://purl.obolibrary.org/obo/MONDO_0005351	GCST90016605	Genome-wide genotyping array
2025-06-25	33686288	Peyrot WJ	2021-03-08	Nat Genet	www.ncbi.nlm.nih.gov/pubmed/33686288	Identifying loci with different allele frequencies among cases of eight psychiatric disorders using CC-GWAS.	Bipolar disorder vs anorexia nervosa (ordinary least squares (OLS))	20,352 cases, 16,992 controls	NA	19p13.11	19	19333177		MAU2			ENSG00000129933			rs2011503-?	rs2011503	0	2011503	intron_variant	0	NR	2E-8	7.698970004336019		0.0205	decrease	NR [5569514] (imputed)	N	bipolar disorder, anorexia nervosa	http://purl.obolibrary.org/obo/MONDO_0004985, http://purl.obolibrary.org/obo/MONDO_0005351	GCST90016605	Genome-wide genotyping array
2025-06-25	33686288	Peyrot WJ	2021-03-08	Nat Genet	www.ncbi.nlm.nih.gov/pubmed/33686288	Identifying loci with different allele frequencies among cases of eight psychiatric disorders using CC-GWAS.	Bipolar disorder vs autism spectrum disorder (ordinary least squares (OLS))	20,352 cases, 18,381 controls	NA	12p13.33	12	2277933		CACNA1C, CACNA1C-IT3			ENSG00000151067, ENSG00000256721			rs10744560-?	rs10744560	0	10744560	intron_variant	0	NR	5E-9	8.301029995663981		0.019	increase	NR [6135876] (imputed)	N	bipolar disorder, autism spectrum disorder	http://purl.obolibrary.org/obo/MONDO_0004985, http://purl.obolibrary.org/obo/MONDO_0005258	GCST90016606	Genome-wide genotyping array
2025-06-25	33686288	Peyrot WJ	2021-03-08	Nat Genet	www.ncbi.nlm.nih.gov/pubmed/33686288	Identifying loci with different allele frequencies among cases of eight psychiatric disorders using CC-GWAS.	Bipolar disorder vs autism spectrum disorder (ordinary least squares (OLS))	20,352 cases, 18,381 controls	NA	3p22.2	3	36814539		HSPD1P6 - LINC02033	ENSG00000230067	ENSG00000279727		45740	4737	rs9834970-?	rs9834970	0	9834970	regulatory_region_variant	1	NR	2E-11	10.698970004336019		0.0217	increase	NR [6135876] (imputed)	N	bipolar disorder, autism spectrum disorder	http://purl.obolibrary.org/obo/MONDO_0004985, http://purl.obolibrary.org/obo/MONDO_0005258	GCST90016606	Genome-wide genotyping array
2021-10-08	34002096	Mullins N	2021-05-17	Nat Genet	www.ncbi.nlm.nih.gov/pubmed/34002096	Genome-wide association study of more than 40,000 bipolar disorder cases provides new insights into the underlying biology.	Bipolar disorder	41,917 European ancestry cases, 371,549 European ancestry controls	NA	16p13.2	16	9136959	C16orf72	HAPSTR1 - RPL21P119	ENSG00000182831	ENSG00000220793		15324	19443	rs28455634-G	rs28455634	0	28455634	intergenic_variant	1	0.62	3E-10	9.522878745280337		1.06481	[1.05-1.08]	Affymetrix, Illumina [7549318] (imputed)	N	bipolar disorder	http://purl.obolibrary.org/obo/MONDO_0004985	GCST012465	Genome-wide genotyping array
2021-10-08	34002096	Mullins N	2021-05-17	Nat Genet	www.ncbi.nlm.nih.gov/pubmed/34002096	Genome-wide association study of more than 40,000 bipolar disorder cases provides new insights into the underlying biology.	Bipolar disorder	41,917 European ancestry cases, 371,549 European ancestry controls	NA	5p15.31	5	7542798	ADCY2	ADCY2			ENSG00000078295			rs28565152-G	rs28565152	0	28565152	intron_variant	0	0.762	2E-9	8.698970004336019		0.9351	[0.91-0.96]	Affymetrix, Illumina [7549318] (imputed)	N	bipolar disorder	http://purl.obolibrary.org/obo/MONDO_0004985	GCST012465	Genome-wide genotyping array
2021-10-08	34002096	Mullins N	2021-05-17	Nat Genet	www.ncbi.nlm.nih.gov/pubmed/34002096	Genome-wide association study of more than 40,000 bipolar disorder cases provides new insights into the underlying biology.	Bipolar disorder	41,917 European ancestry cases, 371,549 European ancestry controls	NA	8p12	8	34294974	RP1-84O15.2 (lincRNA)	RPL6P22 - RPL10AP3	ENSG00000240738	ENSG00000215264		434751	28018	rs2953928-G	rs2953928	0	2953928	intron_variant	1	0.933	6E-9	8.221848749616356		0.89039	[0.85-0.93]	Affymetrix, Illumina [7549318] (imputed)	N	bipolar disorder	http://purl.obolibrary.org/obo/MONDO_0004985	GCST012465	Genome-wide genotyping array
2021-10-08	34002096	Mullins N	2021-05-17	Nat Genet	www.ncbi.nlm.nih.gov/pubmed/34002096	Genome-wide association study of more than 40,000 bipolar disorder cases provides new insights into the underlying biology.	Bipolar disorder	41,917 European ancestry cases, 371,549 European ancestry controls	NA	8p23.1	8	10368845	MSRA	MSRA			ENSG00000175806			rs3088186-C	rs3088186	0	3088186	intron_variant	0	0.713	2E-8	7.698970004336019		0.94488	[0.93-0.96]	Affymetrix, Illumina [7549318] (imputed)	N	bipolar disorder	http://purl.obolibrary.org/obo/MONDO_0004985	GCST012465	Genome-wide genotyping array
2021-10-08	34002096	Mullins N	2021-05-17	Nat Genet	www.ncbi.nlm.nih.gov/pubmed/34002096	Genome-wide association study of more than 40,000 bipolar disorder cases provides new insights into the underlying biology.	Bipolar disorder	41,917 European ancestry cases, 371,549 European ancestry controls	NA	13q34	13	113214731	CUL4A	CUL4A			ENSG00000139842			rs35306827-G	rs35306827	0	35306827	intron_variant	0	0.775	4E-9	8.397940008672037		1.06812	[1.05-1.09]	Affymetrix, Illumina [7549318] (imputed)	N	bipolar disorder	http://purl.obolibrary.org/obo/MONDO_0004985	GCST012465	Genome-wide genotyping array
2021-10-08	34002096	Mullins N	2021-05-17	Nat Genet	www.ncbi.nlm.nih.gov/pubmed/34002096	Genome-wide association study of more than 40,000 bipolar disorder cases provides new insights into the underlying biology.	Bipolar disorder	41,917 European ancestry cases, 371,549 European ancestry controls	NA	15q14	15	38681592	C15orf53	LINC02694			ENSG00000175779			rs35958438-G	rs35958438	0	35958438	intron_variant	0	0.772	4E-8	7.3979400086720375		1.06631	[1.04-1.09]	Affymetrix, Illumina [7549318] (imputed)	N	bipolar disorder	http://purl.obolibrary.org/obo/MONDO_0004985	GCST012465	Genome-wide genotyping array
2021-10-08	34002096	Mullins N	2021-05-17	Nat Genet	www.ncbi.nlm.nih.gov/pubmed/34002096	Genome-wide association study of more than 40,000 bipolar disorder cases provides new insights into the underlying biology.	Bipolar disorder	41,917 European ancestry cases, 371,549 European ancestry controls	NA	6q25.2	6	152472437	SYNE1	SYNE1			ENSG00000131018			rs4331993-T	rs4331993	0	4331993	intron_variant	0	0.618	2E-8	7.698970004336019		0.94677	[0.93-0.97]	Affymetrix, Illumina [7549318] (imputed)	N	bipolar disorder	http://purl.obolibrary.org/obo/MONDO_0004985	GCST012465	Genome-wide genotyping array
2021-10-08	34002096	Mullins N	2021-05-17	Nat Genet	www.ncbi.nlm.nih.gov/pubmed/34002096	Genome-wide association study of more than 40,000 bipolar disorder cases provides new insights into the underlying biology.	Bipolar disorder	41,917 European ancestry cases, 371,549 European ancestry controls	NA	15q15.2	15	42612706	STARD9	STARD9			ENSG00000159433			rs4447398-A	rs4447398	0	4447398	intron_variant	0	0.131	3E-9	8.522878745280337		1.08567	[1.06-1.11]	Affymetrix, Illumina [7549318] (imputed)	N	bipolar disorder	http://purl.obolibrary.org/obo/MONDO_0004985	GCST012465	Genome-wide genotyping array
2021-10-08	34002096	Mullins N	2021-05-17	Nat Genet	www.ncbi.nlm.nih.gov/pubmed/34002096	Genome-wide association study of more than 40,000 bipolar disorder cases provides new insights into the underlying biology.	Bipolar disorder	41,917 European ancestry cases, 371,549 European ancestry controls	NA	2q11.2	2	96750416	LMAN2L	LMAN2L - CNNM4	ENSG00000114988	ENSG00000158158		10332	10482	rs4619651-G	rs4619651	0	4619651	intergenic_variant	1	0.67	5E-11	10.301029995663981		1.06833	[1.05-1.09]	Affymetrix, Illumina [7549318] (imputed)	N	bipolar disorder	http://purl.obolibrary.org/obo/MONDO_0004985	GCST012465	Genome-wide genotyping array
2021-10-08	34002096	Mullins N	2021-05-17	Nat Genet	www.ncbi.nlm.nih.gov/pubmed/34002096	Genome-wide association study of more than 40,000 bipolar disorder cases provides new insights into the underlying biology.	Bipolar disorder	41,917 European ancestry cases, 371,549 European ancestry controls	NA	11q13.1	11	64242407	FKBP2	FKBP2			ENSG00000173486			rs4672-G	rs4672	0	4672	missense_variant	0	0.917	3E-9	8.522878745280337		0.9033	[0.87-0.94]	Affymetrix, Illumina [7549318] (imputed)	N	bipolar disorder	http://purl.obolibrary.org/obo/MONDO_0004985	GCST012465	Genome-wide genotyping array
2021-10-08	34002096	Mullins N	2021-05-17	Nat Genet	www.ncbi.nlm.nih.gov/pubmed/34002096	Genome-wide association study of more than 40,000 bipolar disorder cases provides new insights into the underlying biology.	Bipolar disorder	41,917 European ancestry cases, 371,549 European ancestry controls	NA	15q26.1	15	90883330	FURIN	FURIN			ENSG00000140564			rs4702-G	rs4702	0	4702	3_prime_UTR_variant	0	0.446	4E-9	8.397940008672037		1.05897	[1.04-1.08]	Affymetrix, Illumina [7549318] (imputed)	N	bipolar disorder	http://purl.obolibrary.org/obo/MONDO_0004985	GCST012465	Genome-wide genotyping array
2021-10-08	34002096	Mullins N	2021-05-17	Nat Genet	www.ncbi.nlm.nih.gov/pubmed/34002096	Genome-wide association study of more than 40,000 bipolar disorder cases provides new insights into the underlying biology.	Bipolar disorder	41,917 European ancestry cases, 371,549 European ancestry controls	NA	11q13.1	11	66081267	PACS1	PACS1			ENSG00000175115			rs475805-G	rs475805	0	475805	intron_variant	0	0.233	2E-9	8.698970004336019		0.9352	[0.91-0.96]	Affymetrix, Illumina [7549318] (imputed)	N	bipolar disorder	http://purl.obolibrary.org/obo/MONDO_0004985	GCST012465	Genome-wide genotyping array
2021-10-08	34002096	Mullins N	2021-05-17	Nat Genet	www.ncbi.nlm.nih.gov/pubmed/34002096	Genome-wide association study of more than 40,000 bipolar disorder cases provides new insights into the underlying biology.	Bipolar disorder	41,917 European ancestry cases, 371,549 European ancestry controls	NA	17p13.3	17	1932188	RTN4RL1	RPA1 - RTN4RL1	ENSG00000132383	ENSG00000185924		32106	2489	rs4790841-C	rs4790841	0	4790841	regulatory_region_variant	1	0.849	3E-8	7.522878745280337		0.92969	[0.9-0.96]	Affymetrix, Illumina [7549318] (imputed)	N	bipolar disorder	http://purl.obolibrary.org/obo/MONDO_0004985	GCST012465	Genome-wide genotyping array
2021-10-08	34002096	Mullins N	2021-05-17	Nat Genet	www.ncbi.nlm.nih.gov/pubmed/34002096	Genome-wide association study of more than 40,000 bipolar disorder cases provides new insights into the underlying biology.	Bipolar disorder	41,917 European ancestry cases, 371,549 European ancestry controls	NA	22q13.2	22	40757875	SLC25A17	MCHR1 - SLC25A17	ENSG00000128285	ENSG00000100372		75063	11755	rs5758064-T	rs5758064	0	5758064	intergenic_variant	1	0.523	2E-8	7.698970004336019		1.0538	[1.04-1.07]	Affymetrix, Illumina [7549318] (imputed)	N	bipolar disorder	http://purl.obolibrary.org/obo/MONDO_0004985	GCST012465	Genome-wide genotyping array
2021-10-08	34002096	Mullins N	2021-05-17	Nat Genet	www.ncbi.nlm.nih.gov/pubmed/34002096	Genome-wide association study of more than 40,000 bipolar disorder cases provides new insights into the underlying biology.	Bipolar disorder	41,917 European ancestry cases, 371,549 European ancestry controls	NA	20q13.12	20	45315683	STK4	RBPJL			ENSG00000124232			rs6032110-A	rs6032110	0	6032110	intron_variant	0	0.512	1E-9	9.0		1.05908	[1.04-1.08]	Affymetrix, Illumina [7549318] (imputed)	N	bipolar disorder	http://purl.obolibrary.org/obo/MONDO_0004985	GCST012465	Genome-wide genotyping array
2021-10-08	34002096	Mullins N	2021-05-17	Nat Genet	www.ncbi.nlm.nih.gov/pubmed/34002096	Genome-wide association study of more than 40,000 bipolar disorder cases provides new insights into the underlying biology.	Bipolar disorder	41,917 European ancestry cases, 371,549 European ancestry controls	NA	17q21.1	17	40064179	ERBB2	THRA			ENSG00000126351			rs61554907-G	rs61554907	0	61554907	intron_variant	0	0.876	2E-8	7.698970004336019		0.91686	[0.89-0.95]	Affymetrix, Illumina [7549318] (imputed)	N	bipolar disorder	http://purl.obolibrary.org/obo/MONDO_0004985	GCST012465	Genome-wide genotyping array
2021-10-08	34002096	Mullins N	2021-05-17	Nat Genet	www.ncbi.nlm.nih.gov/pubmed/34002096	Genome-wide association study of more than 40,000 bipolar disorder cases provides new insights into the underlying biology.	Bipolar disorder	41,917 European ancestry cases, 371,549 European ancestry controls	NA	15q25.2	15	82863022	HOMER2	HOMER2			ENSG00000103942			rs62011709-T	rs62011709	0	62011709	intron_variant	0	0.747	1E-8	8.0		1.06418	[1.04-1.09]	Affymetrix, Illumina [7549318] (imputed)	N	bipolar disorder	http://purl.obolibrary.org/obo/MONDO_0004985	GCST012465	Genome-wide genotyping array
2021-10-08	34002096	Mullins N	2021-05-17	Nat Genet	www.ncbi.nlm.nih.gov/pubmed/34002096	Genome-wide association study of more than 40,000 bipolar disorder cases provides new insights into the underlying biology.	Bipolar disorder	41,917 European ancestry cases, 371,549 European ancestry controls	NA	8p23.1	8	9906071	miR124-1	MIR124-1HG			ENSG00000253230			rs62489493-C	rs62489493	0	62489493	non_coding_transcript_exon_variant	0	0.872	3E-11	10.522878745280337		0.91421	[0.89-0.94]	Affymetrix, Illumina [7549318] (imputed)	N	bipolar disorder	http://purl.obolibrary.org/obo/MONDO_0004985	GCST012465	Genome-wide genotyping array
2021-10-08	34002096	Mullins N	2021-05-17	Nat Genet	www.ncbi.nlm.nih.gov/pubmed/34002096	Genome-wide association study of more than 40,000 bipolar disorder cases provides new insights into the underlying biology.	Bipolar disorder	41,917 European ancestry cases, 371,549 European ancestry controls	NA	9q34.3	9	138172038	TUBBP5	IL9RP1 - TUBBP5	ENSG00000229926	ENSG00000159247		28174	3007	rs62581014-C	rs62581014	0	62581014	intron_variant	1	0.634	3E-8	7.522878745280337		0.93688	[0.91-0.96]	Affymetrix, Illumina [7549318] (imputed)	N	bipolar disorder	http://purl.obolibrary.org/obo/MONDO_0004985	GCST012465	Genome-wide genotyping array
2021-10-08	34002096	Mullins N	2021-05-17	Nat Genet	www.ncbi.nlm.nih.gov/pubmed/34002096	Genome-wide association study of more than 40,000 bipolar disorder cases provides new insights into the underlying biology.	Bipolar disorder	41,917 European ancestry cases, 371,549 European ancestry controls	NA	20q13.12	20	45053910	WFDC12	STK4			ENSG00000101109			rs67712855-T	rs67712855	0	67712855	intron_variant	0	0.687	4E-11	10.397940008672037		1.07004	[1.05-1.09]	Affymetrix, Illumina [7549318] (imputed)	N	bipolar disorder	http://purl.obolibrary.org/obo/MONDO_0004985	GCST012465	Genome-wide genotyping array
2021-10-08	34002096	Mullins N	2021-05-17	Nat Genet	www.ncbi.nlm.nih.gov/pubmed/34002096	Genome-wide association study of more than 40,000 bipolar disorder cases provides new insights into the underlying biology.	Bipolar disorder	41,917 European ancestry cases, 371,549 European ancestry controls	NA	11q13.2	11	66557112	PC	ACTN3			ENSG00000248746			rs678397-T	rs678397	0	678397	intron_variant	0	0.457	5E-9	8.301029995663981		1.05601	[1.04-1.07]	Affymetrix, Illumina [7549318] (imputed)	N	bipolar disorder	http://purl.obolibrary.org/obo/MONDO_0004985	GCST012465	Genome-wide genotyping array
2021-10-08	34002096	Mullins N	2021-05-17	Nat Genet	www.ncbi.nlm.nih.gov/pubmed/34002096	Genome-wide association study of more than 40,000 bipolar disorder cases provides new insights into the underlying biology.	Bipolar disorder	41,917 European ancestry cases, 371,549 European ancestry controls	NA	5q14.1	5	79553682	HOMER1	Y_RNA - Y_RNA	ENSG00000200544	ENSG00000200544		18728	9063	rs6865469-G	rs6865469	0	6865469	intron_variant	1	0.726	2E-8	7.698970004336019		0.94346	[0.92-0.96]	Affymetrix, Illumina [7549318] (imputed)	N	bipolar disorder	http://purl.obolibrary.org/obo/MONDO_0004985	GCST012465	Genome-wide genotyping array
2021-10-08	34002096	Mullins N	2021-05-17	Nat Genet	www.ncbi.nlm.nih.gov/pubmed/34002096	Genome-wide association study of more than 40,000 bipolar disorder cases provides new insights into the underlying biology.	Bipolar disorder	41,917 European ancestry cases, 371,549 European ancestry controls	NA	5q14.1	5	81665250	SSBP2	SSBP2			ENSG00000145687			rs6887473-G	rs6887473	0	6887473	intron_variant	0	0.739	9E-9	8.045757490560675		1.06216	[1.04-1.08]	Affymetrix, Illumina [7549318] (imputed)	N	bipolar disorder	http://purl.obolibrary.org/obo/MONDO_0004985	GCST012465	Genome-wide genotyping array
2021-10-08	34002096	Mullins N	2021-05-17	Nat Genet	www.ncbi.nlm.nih.gov/pubmed/34002096	Genome-wide association study of more than 40,000 bipolar disorder cases provides new insights into the underlying biology.	Bipolar disorder	41,917 European ancestry cases, 371,549 European ancestry controls	NA	7q32.3	7	132185838	PLXNA4	PLXNA4			ENSG00000221866			rs6946056-A	rs6946056	0	6946056	intron_variant	0	0.377	4E-8	7.3979400086720375		0.94819	[0.93-0.97]	Affymetrix, Illumina [7549318] (imputed)	N	bipolar disorder	http://purl.obolibrary.org/obo/MONDO_0004985	GCST012465	Genome-wide genotyping array
2021-10-08	34002096	Mullins N	2021-05-17	Nat Genet	www.ncbi.nlm.nih.gov/pubmed/34002096	Genome-wide association study of more than 40,000 bipolar disorder cases provides new insights into the underlying biology.	Bipolar disorder	41,917 European ancestry cases, 371,549 European ancestry controls	NA	7p15.3	7	21452971	SP4	SP4			ENSG00000105866			rs6954854-G	rs6954854	0	6954854	intron_variant	0	0.425	6E-10	9.221848749616356		1.06003	[1.04-1.08]	Affymetrix, Illumina [7549318] (imputed)	N	bipolar disorder	http://purl.obolibrary.org/obo/MONDO_0004985	GCST012465	Genome-wide genotyping array
2021-10-08	34002096	Mullins N	2021-05-17	Nat Genet	www.ncbi.nlm.nih.gov/pubmed/34002096	Genome-wide association study of more than 40,000 bipolar disorder cases provides new insights into the underlying biology.	Bipolar disorder	41,917 European ancestry cases, 371,549 European ancestry controls	NA	17q21.1	17	39973588	ERBB2	GSDMA			ENSG00000167914			rs11870683-T	rs11870683	0	11870683	intron_variant	0	0.65	3E-8	7.522878745280337		1.05897	[1.04-1.08]	Affymetrix, Illumina [7549318] (imputed)	N	bipolar disorder	http://purl.obolibrary.org/obo/MONDO_0004985	GCST012465	Genome-wide genotyping array
2021-10-08	34002096	Mullins N	2021-05-17	Nat Genet	www.ncbi.nlm.nih.gov/pubmed/34002096	Genome-wide association study of more than 40,000 bipolar disorder cases provides new insights into the underlying biology.	Bipolar disorder	41,917 European ancestry cases, 371,549 European ancestry controls	NA	11q14.1	11	79381483	ODZ4	TENM4			ENSG00000149256			rs12289486-C	rs12289486	0	12289486	intron_variant	0	0.885	3E-8	7.522878745280337		0.92072	[0.89-0.95]	Affymetrix, Illumina [7549318] (imputed)	N	bipolar disorder	http://purl.obolibrary.org/obo/MONDO_0004985	GCST012465	Genome-wide genotyping array
2021-10-08	34002096	Mullins N	2021-05-17	Nat Genet	www.ncbi.nlm.nih.gov/pubmed/34002096	Genome-wide association study of more than 40,000 bipolar disorder cases provides new insights into the underlying biology.	Bipolar disorder	41,917 European ancestry cases, 371,549 European ancestry controls	NA	11q13.4	11	70671822	SHANK2	SHANK2			ENSG00000162105			rs12575685-G	rs12575685	0	12575685	intron_variant	0	0.673	1E-10	10.0		0.93688	[0.92-0.96]	Affymetrix, Illumina [7549318] (imputed)	N	bipolar disorder	http://purl.obolibrary.org/obo/MONDO_0004985	GCST012465	Genome-wide genotyping array
2021-10-08	34002096	Mullins N	2021-05-17	Nat Genet	www.ncbi.nlm.nih.gov/pubmed/34002096	Genome-wide association study of more than 40,000 bipolar disorder cases provides new insights into the underlying biology.	Bipolar disorder	41,917 European ancestry cases, 371,549 European ancestry controls	NA	7p22.3	7	1981360	MAD1L1	MAD1L1			ENSG00000002822			rs12668848-G	rs12668848	0	12668848	intron_variant	0	0.575	2E-9	8.698970004336019		1.05866	[1.04-1.08]	Affymetrix, Illumina [7549318] (imputed)	N	bipolar disorder	http://purl.obolibrary.org/obo/MONDO_0004985	GCST012465	Genome-wide genotyping array
2021-10-08	34002096	Mullins N	2021-05-17	Nat Genet	www.ncbi.nlm.nih.gov/pubmed/34002096	Genome-wide association study of more than 40,000 bipolar disorder cases provides new insights into the underlying biology.	Bipolar disorder	41,917 European ancestry cases, 371,549 European ancestry controls	NA	7p15.3	7	24607603	MPP6	PALS2			ENSG00000105926			rs12672003-A	rs12672003	0	12672003	intron_variant	0	0.887	3E-9	8.522878745280337		0.91211	[0.88-0.94]	Affymetrix, Illumina [7549318] (imputed)	N	bipolar disorder	http://purl.obolibrary.org/obo/MONDO_0004985	GCST012465	Genome-wide genotyping array
2021-10-08	34002096	Mullins N	2021-05-17	Nat Genet	www.ncbi.nlm.nih.gov/pubmed/34002096	Genome-wide association study of more than 40,000 bipolar disorder cases provides new insights into the underlying biology.	Bipolar disorder	41,917 European ancestry cases, 371,549 European ancestry controls	NA	16q24.3	16	89566317	RPL13	RPL13			ENSG00000167526			rs12932628-G	rs12932628	0	12932628	intron_variant	0	0.513	7E-9	8.154901959985743		0.94459	[0.93-0.96]	Affymetrix, Illumina [7549318] (imputed)	N	bipolar disorder	http://purl.obolibrary.org/obo/MONDO_0004985	GCST012465	Genome-wide genotyping array
2021-10-08	34002096	Mullins N	2021-05-17	Nat Genet	www.ncbi.nlm.nih.gov/pubmed/34002096	Genome-wide association study of more than 40,000 bipolar disorder cases provides new insights into the underlying biology.	Bipolar disorder	41,917 European ancestry cases, 371,549 European ancestry controls	NA	20q13.33	20	62290759	OSBPL2	OSBPL2			ENSG00000130703			rs13044225-A	rs13044225	0	13044225	intron_variant	0	0.56	9E-9	8.045757490560675		0.94677	[0.93-0.97]	Affymetrix, Illumina [7549318] (imputed)	N	bipolar disorder	http://purl.obolibrary.org/obo/MONDO_0004985	GCST012465	Genome-wide genotyping array
2021-10-08	34002096	Mullins N	2021-05-17	Nat Genet	www.ncbi.nlm.nih.gov/pubmed/34002096	Genome-wide association study of more than 40,000 bipolar disorder cases provides new insights into the underlying biology.	Bipolar disorder	41,917 European ancestry cases, 371,549 European ancestry controls	NA	6p22.2	6	26463347	MHC	BTN2A1			ENSG00000112763			rs13195402-G	rs13195402	0	13195402	stop_gained	0	0.919	6E-15	14.221848749616356		1.14614	[1.11-1.18]	Affymetrix, Illumina [7549318] (imputed)	N	bipolar disorder	http://purl.obolibrary.org/obo/MONDO_0004985	GCST012465	Genome-wide genotyping array
2021-10-08	34002096	Mullins N	2021-05-17	Nat Genet	www.ncbi.nlm.nih.gov/pubmed/34002096	Genome-wide association study of more than 40,000 bipolar disorder cases provides new insights into the underlying biology.	Bipolar disorder	41,917 European ancestry cases, 371,549 European ancestry controls	NA	2q24.3	2	168625327	CERS6	CERS6			ENSG00000172292			rs13417268-C	rs13417268	0	13417268	intron_variant	0	0.758	2E-8	7.698970004336019		1.06375	[1.04-1.09]	Affymetrix, Illumina [7549318] (imputed)	N	bipolar disorder	http://purl.obolibrary.org/obo/MONDO_0004985	GCST012465	Genome-wide genotyping array
2021-10-08	34002096	Mullins N	2021-05-17	Nat Genet	www.ncbi.nlm.nih.gov/pubmed/34002096	Genome-wide association study of more than 40,000 bipolar disorder cases provides new insights into the underlying biology.	Bipolar disorder	41,917 European ancestry cases, 371,549 European ancestry controls	NA	6q16.1	6	98117335	POU3F2	MIR2113 - EIF4EBP2P3	ENSG00000238367	ENSG00000220505		92714	62164	rs1487445-C	rs1487445	0	1487445	intron_variant	1	0.513	1E-15	15.0		0.92849	[0.91-0.95]	Affymetrix, Illumina [7549318] (imputed)	N	bipolar disorder	http://purl.obolibrary.org/obo/MONDO_0004985	GCST012465	Genome-wide genotyping array
2021-10-08	34002096	Mullins N	2021-05-17	Nat Genet	www.ncbi.nlm.nih.gov/pubmed/34002096	Genome-wide association study of more than 40,000 bipolar disorder cases provides new insights into the underlying biology.	Bipolar disorder	41,917 European ancestry cases, 371,549 European ancestry controls	NA	2q24.3	2	165295879	SCN2A	SCN2A			ENSG00000136531			rs17183814-G	rs17183814	0	17183814	missense_variant	0	0.924	3E-8	7.522878745280337		1.10838	[1.07-1.14]	Affymetrix, Illumina [7549318] (imputed)	N	bipolar disorder	http://purl.obolibrary.org/obo/MONDO_0004985	GCST012465	Genome-wide genotyping array
2021-10-08	34002096	Mullins N	2021-05-17	Nat Genet	www.ncbi.nlm.nih.gov/pubmed/34002096	Genome-wide association study of more than 40,000 bipolar disorder cases provides new insights into the underlying biology.	Bipolar disorder	41,917 European ancestry cases, 371,549 European ancestry controls	NA	11q12.2	11	61851136	FADS2	FADS2			ENSG00000134824			rs174592-A	rs174592	0	174592	intron_variant	0	0.605	1E-13	13.0		0.93053	[0.91-0.95]	Affymetrix, Illumina [7549318] (imputed)	N	bipolar disorder	http://purl.obolibrary.org/obo/MONDO_0004985	GCST012465	Genome-wide genotyping array
2021-10-08	34002096	Mullins N	2021-05-17	Nat Genet	www.ncbi.nlm.nih.gov/pubmed/34002096	Genome-wide association study of more than 40,000 bipolar disorder cases provides new insights into the underlying biology.	Bipolar disorder	41,917 European ancestry cases, 371,549 European ancestry controls	NA	10p12.31	10	18462174	CACNB2	CACNB2			ENSG00000165995			rs1998820-T	rs1998820	0	1998820	intron_variant	0	0.886	4E-8	7.3979400086720375		1.0873	[1.06-1.12]	Affymetrix, Illumina [7549318] (imputed)	N	bipolar disorder	http://purl.obolibrary.org/obo/MONDO_0004985	GCST012465	Genome-wide genotyping array
2021-10-08	34002096	Mullins N	2021-05-17	Nat Genet	www.ncbi.nlm.nih.gov/pubmed/34002096	Genome-wide association study of more than 40,000 bipolar disorder cases provides new insights into the underlying biology.	Bipolar disorder	41,917 European ancestry cases, 371,549 European ancestry controls	NA	2q32.3	2	192873610	PCGEM1	PCGEM1 - SLC44A3P1	ENSG00000227418	ENSG00000232658		96711	382873	rs2011302-T	rs2011302	0	2011302	intergenic_variant	1	0.623	4E-8	7.3979400086720375		0.94847	[0.93-0.97]	Affymetrix, Illumina [7549318] (imputed)	N	bipolar disorder	http://purl.obolibrary.org/obo/MONDO_0004985	GCST012465	Genome-wide genotyping array
2021-10-08	34002096	Mullins N	2021-05-17	Nat Genet	www.ncbi.nlm.nih.gov/pubmed/34002096	Genome-wide association study of more than 40,000 bipolar disorder cases provides new insights into the underlying biology.	Bipolar disorder	41,917 European ancestry cases, 371,549 European ancestry controls	NA	1p32.1	1	60639996	LINC01748	LINC01748			ENSG00000226476			rs2126180-G	rs2126180	0	2126180	intergenic_variant	0	0.543	2E-9	8.698970004336019		0.94497	[0.93-0.96]	Affymetrix, Illumina [7549318] (imputed)	N	bipolar disorder	http://purl.obolibrary.org/obo/MONDO_0004985	GCST012465	Genome-wide genotyping array
2021-10-08	34002096	Mullins N	2021-05-17	Nat Genet	www.ncbi.nlm.nih.gov/pubmed/34002096	Genome-wide association study of more than 40,000 bipolar disorder cases provides new insights into the underlying biology.	Bipolar disorder	41,917 European ancestry cases, 371,549 European ancestry controls	NA	10q25.1	10	109888901	ADD3	XPNPEP1			ENSG00000108039			rs2273738-C	rs2273738	0	2273738	intron_variant	0	0.865	2E-11	10.698970004336019		0.91238	[0.89-0.94]	Affymetrix, Illumina [7549318] (imputed)	N	bipolar disorder	http://purl.obolibrary.org/obo/MONDO_0004985	GCST012465	Genome-wide genotyping array
2021-10-08	34002096	Mullins N	2021-05-17	Nat Genet	www.ncbi.nlm.nih.gov/pubmed/34002096	Genome-wide association study of more than 40,000 bipolar disorder cases provides new insights into the underlying biology.	Bipolar disorder	41,917 European ancestry cases, 371,549 European ancestry controls	NA	17q21.31	17	44114525	HDAC5	HDAC5			ENSG00000108840			rs228768-G	rs228768	0	228768	intron_variant	0	0.294	3E-10	9.522878745280337		1.06652	[1.05-1.09]	Affymetrix, Illumina [7549318] (imputed)	N	bipolar disorder	http://purl.obolibrary.org/obo/MONDO_0004985	GCST012465	Genome-wide genotyping array
2021-10-08	34002096	Mullins N	2021-05-17	Nat Genet	www.ncbi.nlm.nih.gov/pubmed/34002096	Genome-wide association study of more than 40,000 bipolar disorder cases provides new insights into the underlying biology.	Bipolar disorder	41,917 European ancestry cases, 371,549 European ancestry controls	NA	3p21.1	3	52592427	ITIH1	PBRM1			ENSG00000163939			rs2336147-T	rs2336147	0	2336147	intron_variant	0	0.498	4E-13	12.397940008672037		1.07004	[1.05-1.09]	Affymetrix, Illumina [7549318] (imputed)	N	bipolar disorder	http://purl.obolibrary.org/obo/MONDO_0004985	GCST012465	Genome-wide genotyping array
2021-10-08	34002096	Mullins N	2021-05-17	Nat Genet	www.ncbi.nlm.nih.gov/pubmed/34002096	Genome-wide association study of more than 40,000 bipolar disorder cases provides new insights into the underlying biology.	Bipolar disorder	41,917 European ancestry cases, 371,549 European ancestry controls	NA	20q13.13	20	49416590	KCNB1	KCNB1			ENSG00000158445			rs237460-C	rs237460	0	237460	intron_variant	0	0.588	4E-9	8.397940008672037		0.9462	[0.93-0.96]	Affymetrix, Illumina [7549318] (imputed)	N	bipolar disorder	http://purl.obolibrary.org/obo/MONDO_0004985	GCST012465	Genome-wide genotyping array
2021-10-08	34002096	Mullins N	2021-05-17	Nat Genet	www.ncbi.nlm.nih.gov/pubmed/34002096	Genome-wide association study of more than 40,000 bipolar disorder cases provides new insights into the underlying biology.	Bipolar disorder	41,917 European ancestry cases, 371,549 European ancestry controls	NA	14q32.2	14	99252882	BCL11B	BCL11B			ENSG00000127152			rs2693698-A	rs2693698	0	2693698	intron_variant	0	0.449	2E-8	7.698970004336019		0.94838	[0.93-0.97]	Affymetrix, Illumina [7549318] (imputed)	N	bipolar disorder	http://purl.obolibrary.org/obo/MONDO_0004985	GCST012465	Genome-wide genotyping array
2021-10-08	34002096	Mullins N	2021-05-17	Nat Genet	www.ncbi.nlm.nih.gov/pubmed/34002096	Genome-wide association study of more than 40,000 bipolar disorder cases provides new insights into the underlying biology.	Bipolar disorder	41,917 European ancestry cases, 371,549 European ancestry controls	NA	2q32.3	2	193573164	intergenic	DNAJC17P1 - SEC61GP1	ENSG00000235218	ENSG00000224219		295550	157391	rs2719164-A	rs2719164	0	2719164	intergenic_variant	1	0.564	5E-8	7.301029995663981		1.05306	[1.03-1.07]	Affymetrix, Illumina [7549318] (imputed)	N	bipolar disorder	http://purl.obolibrary.org/obo/MONDO_0004985	GCST012465	Genome-wide genotyping array
2021-10-08	34002096	Mullins N	2021-05-17	Nat Genet	www.ncbi.nlm.nih.gov/pubmed/34002096	Genome-wide association study of more than 40,000 bipolar disorder cases provides new insights into the underlying biology.	Bipolar disorder	41,917 European ancestry cases, 371,549 European ancestry controls	NA	4q27	4	122154852	KIAA1109	BLTP1			ENSG00000138688			rs112481526-A	rs112481526	0	112481526	intron_variant	0	0.744	2E-9	8.698970004336019		0.93885	[0.92-0.96]	Affymetrix, Illumina [7549318] (imputed)	N	bipolar disorder	http://purl.obolibrary.org/obo/MONDO_0004985	GCST012465	Genome-wide genotyping array
2021-10-08	34002096	Mullins N	2021-05-17	Nat Genet	www.ncbi.nlm.nih.gov/pubmed/34002096	Genome-wide association study of more than 40,000 bipolar disorder cases provides new insights into the underlying biology.	Bipolar disorder	41,917 European ancestry cases, 371,549 European ancestry controls	NA	7p21.3	7	11832161	THSD7A	THSD7A			ENSG00000005108			rs113779084-G	rs113779084	0	113779084	5_prime_UTR_variant	0	0.701	1E-13	13.0		0.92728	[0.91-0.95]	Affymetrix, Illumina [7549318] (imputed)	N	bipolar disorder	http://purl.obolibrary.org/obo/MONDO_0004985	GCST012465	Genome-wide genotyping array
2021-10-08	34002096	Mullins N	2021-05-17	Nat Genet	www.ncbi.nlm.nih.gov/pubmed/34002096	Genome-wide association study of more than 40,000 bipolar disorder cases provides new insights into the underlying biology.	Bipolar disorder	41,917 European ancestry cases, 371,549 European ancestry controls	NA	3p13	3	70439637	MDFIC2	SAMMSON			ENSG00000240405			rs115694474-T	rs115694474	0	115694474	intergenic_variant	0	0.799	2E-8	7.698970004336019		1.06844	[1.05-1.09]	Affymetrix, Illumina [7549318] (imputed)	N	bipolar disorder	http://purl.obolibrary.org/obo/MONDO_0004985	GCST012465	Genome-wide genotyping array
2021-10-08	34002096	Mullins N	2021-05-17	Nat Genet	www.ncbi.nlm.nih.gov/pubmed/34002096	Genome-wide association study of more than 40,000 bipolar disorder cases provides new insights into the underlying biology.	Bipolar disorder	41,917 European ancestry cases, 371,549 European ancestry controls	NA	7q22.3	7	105402782	SRPK2	SRPK2 - PUS7	ENSG00000135250	ENSG00000091127		3474	36879	rs11764361-A	rs11764361	0	11764361	intergenic_variant	1	0.668	3E-9	8.522878745280337		1.06343	[1.04-1.08]	Affymetrix, Illumina [7549318] (imputed)	N	bipolar disorder	http://purl.obolibrary.org/obo/MONDO_0004985	GCST012465	Genome-wide genotyping array
2021-10-08	34002096	Mullins N	2021-05-17	Nat Genet	www.ncbi.nlm.nih.gov/pubmed/34002096	Genome-wide association study of more than 40,000 bipolar disorder cases provides new insights into the underlying biology.	Bipolar I disorder	25,060 European ancestry cases, 449,978 European ancestry controls	NA	15q25.3	15	84790165	NR	ZNF592			ENSG00000166716			rs61074241-C	rs61074241	0	61074241	intron_variant	0	0.754	2E-10	9.698970004336019		1.08817	[1.06-1.11]	Affymetrix, Illumina [7549318] (imputed)	N	bipolar I disorder	http://www.ebi.ac.uk/efo/EFO_0009963	GCST012464	Genome-wide genotyping array
2021-10-08	34002096	Mullins N	2021-05-17	Nat Genet	www.ncbi.nlm.nih.gov/pubmed/34002096	Genome-wide association study of more than 40,000 bipolar disorder cases provides new insights into the underlying biology.	Bipolar I disorder	25,060 European ancestry cases, 449,978 European ancestry controls	NA	17q12	17	36536882	NR	MYO19, PIGW			ENSG00000278259, ENSG00000277161			rs11650008-C	rs11650008	0	11650008	intron_variant	0	0.533	5E-8	7.301029995663981		1.06524	[1.04-1.09]	Affymetrix, Illumina [7549318] (imputed)	N	bipolar I disorder	http://www.ebi.ac.uk/efo/EFO_0009963	GCST012464	Genome-wide genotyping array
2021-10-08	34002096	Mullins N	2021-05-17	Nat Genet	www.ncbi.nlm.nih.gov/pubmed/34002096	Genome-wide association study of more than 40,000 bipolar disorder cases provides new insights into the underlying biology.	Bipolar I disorder	25,060 European ancestry cases, 449,978 European ancestry controls	NA	17q21.31	17	44114525	NR	HDAC5			ENSG00000108840			rs228768-G	rs228768	0	228768	intron_variant	0	0.294	2E-9	8.698970004336019		1.0781	[1.05-1.1]	Affymetrix, Illumina [7549318] (imputed)	N	bipolar I disorder	http://www.ebi.ac.uk/efo/EFO_0009963	GCST012464	Genome-wide genotyping array
2021-10-08	34002096	Mullins N	2021-05-17	Nat Genet	www.ncbi.nlm.nih.gov/pubmed/34002096	Genome-wide association study of more than 40,000 bipolar disorder cases provides new insights into the underlying biology.	Bipolar I disorder	25,060 European ancestry cases, 449,978 European ancestry controls	NA	19p13.2	19	10659629	NR	ILF3			ENSG00000129351			rs7248205-C	rs7248205	0	7248205	intron_variant	0	0.34	2E-8	7.698970004336019		0.93473	[0.91-0.96]	Affymetrix, Illumina [7549318] (imputed)	N	bipolar I disorder	http://www.ebi.ac.uk/efo/EFO_0009963	GCST012464	Genome-wide genotyping array
2021-10-08	34002096	Mullins N	2021-05-17	Nat Genet	www.ncbi.nlm.nih.gov/pubmed/34002096	Genome-wide association study of more than 40,000 bipolar disorder cases provides new insights into the underlying biology.	Bipolar I disorder	25,060 European ancestry cases, 449,978 European ancestry controls	NA	19p13.11	19	19247277	NR	NCAN			ENSG00000130287			rs112219496-G	rs112219496	0	112219496	intron_variant	0	0.857	5E-9	8.301029995663981		0.91192	[0.88-0.94]	Affymetrix, Illumina [7549318] (imputed)	N	bipolar I disorder	http://www.ebi.ac.uk/efo/EFO_0009963	GCST012464	Genome-wide genotyping array
2021-10-08	34002096	Mullins N	2021-05-17	Nat Genet	www.ncbi.nlm.nih.gov/pubmed/34002096	Genome-wide association study of more than 40,000 bipolar disorder cases provides new insights into the underlying biology.	Bipolar I disorder	25,060 European ancestry cases, 449,978 European ancestry controls	NA	20q13.12	20	45066802	NR	STK4			ENSG00000101109			rs6073621-A	rs6073621	0	6073621	intron_variant	0	0.674	1E-9	9.0		1.07972	[1.06-1.1]	Affymetrix, Illumina [7549318] (imputed)	N	bipolar I disorder	http://www.ebi.ac.uk/efo/EFO_0009963	GCST012464	Genome-wide genotyping array
2021-10-08	34002096	Mullins N	2021-05-17	Nat Genet	www.ncbi.nlm.nih.gov/pubmed/34002096	Genome-wide association study of more than 40,000 bipolar disorder cases provides new insights into the underlying biology.	Bipolar I disorder	25,060 European ancestry cases, 449,978 European ancestry controls	NA	20q13.12	20	45315683	NR	RBPJL			ENSG00000124232			rs6032110-A	rs6032110	0	6032110	intron_variant	0	0.511	2E-8	7.698970004336019		1.06705	[1.04-1.09]	Affymetrix, Illumina [7549318] (imputed)	N	bipolar I disorder	http://www.ebi.ac.uk/efo/EFO_0009963	GCST012464	Genome-wide genotyping array
2021-10-08	34002096	Mullins N	2021-05-17	Nat Genet	www.ncbi.nlm.nih.gov/pubmed/34002096	Genome-wide association study of more than 40,000 bipolar disorder cases provides new insights into the underlying biology.	Bipolar I disorder	25,060 European ancestry cases, 449,978 European ancestry controls	NA	20q13.13	20	49432969	NR	KCNB1			ENSG00000158445			rs237475-T	rs237475	0	237475	intron_variant	0	0.521	2E-11	10.698970004336019		0.9257	[0.9-0.95]	Affymetrix, Illumina [7549318] (imputed)	N	bipolar I disorder	http://www.ebi.ac.uk/efo/EFO_0009963	GCST012464	Genome-wide genotyping array
2021-10-08	34002096	Mullins N	2021-05-17	Nat Genet	www.ncbi.nlm.nih.gov/pubmed/34002096	Genome-wide association study of more than 40,000 bipolar disorder cases provides new insights into the underlying biology.	Bipolar II disorder	6,781 European ancestry cases, 364,075 European ancestry controls	NA	5q35.1	5	169039564	NR	SLIT3			ENSG00000184347			rs7720655-T	rs7720655	0	7720655	intron_variant	0	0.865	3E-8	7.522878745280337		0.85513	[0.80-0.91]	Affymetrix, Illumina [7549318] (imputed)	N	bipolar II disorder	http://www.ebi.ac.uk/efo/EFO_0009964	GCST012463	Genome-wide genotyping array
2021-10-08	34002096	Mullins N	2021-05-17	Nat Genet	www.ncbi.nlm.nih.gov/pubmed/34002096	Genome-wide association study of more than 40,000 bipolar disorder cases provides new insights into the underlying biology.	Bipolar disorder	41,917 European ancestry cases, 371,549 European ancestry controls	NA	3q13.12	3	108038213	CD47	LINC00636 - CD47	ENSG00000240423	ENSG00000196776		101390	4878	rs696366-C	rs696366	0	696366	intron_variant	1	0.55	4E-8	7.3979400086720375		1.05295	[1.03-1.07]	Affymetrix, Illumina [7549318] (imputed)	N	bipolar disorder	http://purl.obolibrary.org/obo/MONDO_0004985	GCST012465	Genome-wide genotyping array
2021-10-08	34002096	Mullins N	2021-05-17	Nat Genet	www.ncbi.nlm.nih.gov/pubmed/34002096	Genome-wide association study of more than 40,000 bipolar disorder cases provides new insights into the underlying biology.	Bipolar disorder	41,917 European ancestry cases, 371,549 European ancestry controls	NA	8q24.3	8	143919209	PLEC	PLEC			ENSG00000178209			rs6992333-A	rs6992333	0	6992333	missense_variant	0	0.59	2E-9	8.698970004336019		0.94158	[0.92-0.96]	Affymetrix, Illumina [7549318] (imputed)	N	bipolar disorder	http://purl.obolibrary.org/obo/MONDO_0004985	GCST012465	Genome-wide genotyping array
2021-10-08	34002096	Mullins N	2021-05-17	Nat Genet	www.ncbi.nlm.nih.gov/pubmed/34002096	Genome-wide association study of more than 40,000 bipolar disorder cases provides new insights into the underlying biology.	Bipolar disorder	41,917 European ancestry cases, 371,549 European ancestry controls	NA	16p13.2	16	9832491	GRIN2A	GRIN2A			ENSG00000183454			rs7199910-T	rs7199910	0	7199910	intron_variant	0	0.688	2E-8	7.698970004336019		0.94582	[0.93-0.97]	Affymetrix, Illumina [7549318] (imputed)	N	bipolar disorder	http://purl.obolibrary.org/obo/MONDO_0004985	GCST012465	Genome-wide genotyping array
2021-10-08	34002096	Mullins N	2021-05-17	Nat Genet	www.ncbi.nlm.nih.gov/pubmed/34002096	Genome-wide association study of more than 40,000 bipolar disorder cases provides new insights into the underlying biology.	Bipolar disorder	41,917 European ancestry cases, 371,549 European ancestry controls	NA	15q25.2	15	84606344	ZNF592	ZSCAN2, ZSCAN2-AS1			ENSG00000176371, ENSG00000275120			rs748455-T	rs748455	0	748455	intron_variant	0	0.719	5E-11	10.301029995663981		1.06983	[1.05-1.09]	Affymetrix, Illumina [7549318] (imputed)	N	bipolar disorder	http://purl.obolibrary.org/obo/MONDO_0004985	GCST012465	Genome-wide genotyping array
2021-10-08	34002096	Mullins N	2021-05-17	Nat Genet	www.ncbi.nlm.nih.gov/pubmed/34002096	Genome-wide association study of more than 40,000 bipolar disorder cases provides new insights into the underlying biology.	Bipolar disorder	41,917 European ancestry cases, 371,549 European ancestry controls	NA	3p22.2	3	36814539	TRANK1	HSPD1P6 - LINC02033	ENSG00000230067	ENSG00000279727		45740	4737	rs9834970-T	rs9834970	0	9834970	regulatory_region_variant	1	0.519	7E-19	18.154901959985743		0.92035	[0.9-0.94]	Affymetrix, Illumina [7549318] (imputed)	N	bipolar disorder	http://purl.obolibrary.org/obo/MONDO_0004985	GCST012465	Genome-wide genotyping array
2021-10-08	34002096	Mullins N	2021-05-17	Nat Genet	www.ncbi.nlm.nih.gov/pubmed/34002096	Genome-wide association study of more than 40,000 bipolar disorder cases provides new insights into the underlying biology.	Bipolar disorder	41,917 European ancestry cases, 371,549 European ancestry controls	NA	7q34	7	140976353	MRPS33	BRAF - CCT4P1	ENSG00000157764	ENSG00000242703		51377	21599	rs10255167-G	rs10255167	0	10255167	TF_binding_site_variant	1	0.222	2E-8	7.698970004336019		0.93576	[0.91-0.96]	Affymetrix, Illumina [7549318] (imputed)	N	bipolar disorder	http://purl.obolibrary.org/obo/MONDO_0004985	GCST012465	Genome-wide genotyping array
2021-10-08	34002096	Mullins N	2021-05-17	Nat Genet	www.ncbi.nlm.nih.gov/pubmed/34002096	Genome-wide association study of more than 40,000 bipolar disorder cases provides new insights into the underlying biology.	Bipolar disorder	41,917 European ancestry cases, 371,549 European ancestry controls	NA	6q27	6	166581772	RPS6KA2	RPS6KA2			ENSG00000071242			rs10455979-C	rs10455979	0	10455979	intron_variant	0	0.5	4E-9	8.397940008672037		0.94592	[0.93-0.96]	Affymetrix, Illumina [7549318] (imputed)	N	bipolar disorder	http://purl.obolibrary.org/obo/MONDO_0004985	GCST012465	Genome-wide genotyping array
2021-10-08	34002096	Mullins N	2021-05-17	Nat Genet	www.ncbi.nlm.nih.gov/pubmed/34002096	Genome-wide association study of more than 40,000 bipolar disorder cases provides new insights into the underlying biology.	Bipolar disorder	41,917 European ancestry cases, 371,549 European ancestry controls	NA	1q23.3	1	163776152	NUF2	RNA5SP63 - U3	ENSG00000212527	ENSG00000221496		266557	147518	rs10737496-C	rs10737496	0	10737496	intron_variant	1	0.444	7E-9	8.154901959985743		1.0557	[1.04-1.07]	Affymetrix, Illumina [7549318] (imputed)	N	bipolar disorder	http://purl.obolibrary.org/obo/MONDO_0004985	GCST012465	Genome-wide genotyping array
2021-10-08	34002096	Mullins N	2021-05-17	Nat Genet	www.ncbi.nlm.nih.gov/pubmed/34002096	Genome-wide association study of more than 40,000 bipolar disorder cases provides new insights into the underlying biology.	Bipolar disorder	41,917 European ancestry cases, 371,549 European ancestry controls	NA	10q21.2	10	62765375	ADO	ALDH7A1P4 - ADO	ENSG00000234489	ENSG00000181915		23990	39345	rs10761661-C	rs10761661	0	10761661	intron_variant	1	0.528	5E-8	7.301029995663981		0.95009	[0.93-0.97]	Affymetrix, Illumina [7549318] (imputed)	N	bipolar disorder	http://purl.obolibrary.org/obo/MONDO_0004985	GCST012465	Genome-wide genotyping array
2021-10-08	34002096	Mullins N	2021-05-17	Nat Genet	www.ncbi.nlm.nih.gov/pubmed/34002096	Genome-wide association study of more than 40,000 bipolar disorder cases provides new insights into the underlying biology.	Bipolar disorder	41,917 European ancestry cases, 371,549 European ancestry controls	NA	5q35.1	5	169862202	DOCK2	INSYN2B, DOCK2			ENSG00000204767, ENSG00000134516			rs10866641-T	rs10866641	0	10866641	3_prime_UTR_variant	0	0.575	3E-11	10.522878745280337		1.0646	[1.05-1.08]	Affymetrix, Illumina [7549318] (imputed)	N	bipolar disorder	http://purl.obolibrary.org/obo/MONDO_0004985	GCST012465	Genome-wide genotyping array
2021-10-08	34002096	Mullins N	2021-05-17	Nat Genet	www.ncbi.nlm.nih.gov/pubmed/34002096	Genome-wide association study of more than 40,000 bipolar disorder cases provides new insights into the underlying biology.	Bipolar disorder	41,917 European ancestry cases, 371,549 European ancestry controls	NA	9p13.2	9	37090541	ZCCHC7	EBLN3P			ENSG00000281649			rs10973201-T	rs10973201	0	10973201	intergenic_variant	0	0.89	2E-8	7.698970004336019		0.90846	[0.87-0.94]	Affymetrix, Illumina [7549318] (imputed)	N	bipolar disorder	http://purl.obolibrary.org/obo/MONDO_0004985	GCST012465	Genome-wide genotyping array
2021-10-08	34002096	Mullins N	2021-05-17	Nat Genet	www.ncbi.nlm.nih.gov/pubmed/34002096	Genome-wide association study of more than 40,000 bipolar disorder cases provides new insights into the underlying biology.	Bipolar disorder	41,917 European ancestry cases, 371,549 European ancestry controls	NA	10q21.2	10	60562276	ANK3	ANK3			ENSG00000151150			rs10994415-T	rs10994415	0	10994415	intron_variant	0	0.918	1E-11	11.0		0.88861	[0.85-0.92]	Affymetrix, Illumina [7549318] (imputed)	N	bipolar disorder	http://purl.obolibrary.org/obo/MONDO_0004985	GCST012465	Genome-wide genotyping array
2021-10-08	34002096	Mullins N	2021-05-17	Nat Genet	www.ncbi.nlm.nih.gov/pubmed/34002096	Genome-wide association study of more than 40,000 bipolar disorder cases provides new insights into the underlying biology.	Bipolar disorder	41,917 European ancestry cases, 371,549 European ancestry controls	NA	5q31.2	5	138376432	KDM3B	KDM3B			ENSG00000120733			rs10043984-C	rs10043984	0	10043984	intron_variant	0	0.764	4E-8	7.3979400086720375		0.94242	[0.92-0.96]	Affymetrix, Illumina [7549318] (imputed)	N	bipolar disorder	http://purl.obolibrary.org/obo/MONDO_0004985	GCST012465	Genome-wide genotyping array
2021-10-08	34002096	Mullins N	2021-05-17	Nat Genet	www.ncbi.nlm.nih.gov/pubmed/34002096	Genome-wide association study of more than 40,000 bipolar disorder cases provides new insights into the underlying biology.	Bipolar disorder	41,917 European ancestry cases, 371,549 European ancestry controls	NA	12p13.33	12	2239678	CACNA1C	CACNA1C			ENSG00000151067			rs11062170-G	rs11062170	0	11062170	intron_variant	0	0.667	2E-15	14.698970004336019		0.92506	[0.91-0.94]	Affymetrix, Illumina [7549318] (imputed)	N	bipolar disorder	http://purl.obolibrary.org/obo/MONDO_0004985	GCST012465	Genome-wide genotyping array
2021-10-08	34002096	Mullins N	2021-05-17	Nat Genet	www.ncbi.nlm.nih.gov/pubmed/34002096	Genome-wide association study of more than 40,000 bipolar disorder cases provides new insights into the underlying biology.	Bipolar I disorder	25,060 European ancestry cases, 449,978 European ancestry controls	NA	1p36.13	1	19665573	NR	HTR6			ENSG00000158748			rs10917509-T	rs10917509	0	10917509	5_prime_UTR_variant	0	0.365	8E-10	9.096910013008056		1.0767	[1.05-1.1]	Affymetrix, Illumina [7549318] (imputed)	N	bipolar I disorder	http://www.ebi.ac.uk/efo/EFO_0009963	GCST012464	Genome-wide genotyping array
2021-10-08	34002096	Mullins N	2021-05-17	Nat Genet	www.ncbi.nlm.nih.gov/pubmed/34002096	Genome-wide association study of more than 40,000 bipolar disorder cases provides new insights into the underlying biology.	Bipolar I disorder	25,060 European ancestry cases, 449,978 European ancestry controls	NA	2p24.1	2	21308394	NR	TDRD15 - NUTF2P8	ENSG00000218819	ENSG00000270654		164026	53898	rs1510606-G	rs1510606	0	1510606	intron_variant	1	0.583	3E-8	7.522878745280337		1.06983	[1.05-1.09]	Affymetrix, Illumina [7549318] (imputed)	N	bipolar I disorder	http://www.ebi.ac.uk/efo/EFO_0009963	GCST012464	Genome-wide genotyping array
2021-10-08	34002096	Mullins N	2021-05-17	Nat Genet	www.ncbi.nlm.nih.gov/pubmed/34002096	Genome-wide association study of more than 40,000 bipolar disorder cases provides new insights into the underlying biology.	Bipolar I disorder	25,060 European ancestry cases, 449,978 European ancestry controls	NA	2q11.2	2	96747751	NR	LMAN2L - CNNM4	ENSG00000114988	ENSG00000158158		7667	13147	rs2314398-C	rs2314398	0	2314398	intron_variant	1	0.667	5E-9	8.301029995663981		1.07627	[1.05-1.1]	Affymetrix, Illumina [7549318] (imputed)	N	bipolar I disorder	http://www.ebi.ac.uk/efo/EFO_0009963	GCST012464	Genome-wide genotyping array
2021-10-08	34002096	Mullins N	2021-05-17	Nat Genet	www.ncbi.nlm.nih.gov/pubmed/34002096	Genome-wide association study of more than 40,000 bipolar disorder cases provides new insights into the underlying biology.	Bipolar I disorder	25,060 European ancestry cases, 449,978 European ancestry controls	NA	2q37.3	2	240614075	NR	CAPN10, GPR35			ENSG00000142330, ENSG00000178623			rs4676412-G	rs4676412	0	4676412	intron_variant	0	0.214	3E-8	7.522878745280337		0.92515	[0.9-0.95]	Affymetrix, Illumina [7549318] (imputed)	N	bipolar I disorder	http://www.ebi.ac.uk/efo/EFO_0009963	GCST012464	Genome-wide genotyping array
2021-10-08	34002096	Mullins N	2021-05-17	Nat Genet	www.ncbi.nlm.nih.gov/pubmed/34002096	Genome-wide association study of more than 40,000 bipolar disorder cases provides new insights into the underlying biology.	Bipolar I disorder	25,060 European ancestry cases, 449,978 European ancestry controls	NA	3p25.3	3	10483412	NR	ATP2B2			ENSG00000157087			rs735931-A	rs735931	0	735931	intron_variant	0	0.494	1E-8	8.0		1.06983	[1.05-1.09]	Affymetrix, Illumina [7549318] (imputed)	N	bipolar I disorder	http://www.ebi.ac.uk/efo/EFO_0009963	GCST012464	Genome-wide genotyping array
2021-10-08	34002096	Mullins N	2021-05-17	Nat Genet	www.ncbi.nlm.nih.gov/pubmed/34002096	Genome-wide association study of more than 40,000 bipolar disorder cases provides new insights into the underlying biology.	Bipolar I disorder	25,060 European ancestry cases, 449,978 European ancestry controls	NA	3p22.2	3	36814539	NR	HSPD1P6 - LINC02033	ENSG00000230067	ENSG00000279727		45740	4737	rs9834970-T	rs9834970	0	9834970	regulatory_region_variant	1	0.523	1E-21	21.0		0.89565	[0.87-0.92]	Affymetrix, Illumina [7549318] (imputed)	N	bipolar I disorder	http://www.ebi.ac.uk/efo/EFO_0009963	GCST012464	Genome-wide genotyping array
2021-10-08	34002096	Mullins N	2021-05-17	Nat Genet	www.ncbi.nlm.nih.gov/pubmed/34002096	Genome-wide association study of more than 40,000 bipolar disorder cases provides new insights into the underlying biology.	Bipolar I disorder	25,060 European ancestry cases, 449,978 European ancestry controls	NA	3p21.1	3	52584925	NR	PBRM1			ENSG00000163939			rs7614498-A	rs7614498	0	7614498	intron_variant	0	0.568	2E-9	8.698970004336019		1.07229	[1.05-1.1]	Affymetrix, Illumina [7549318] (imputed)	N	bipolar I disorder	http://www.ebi.ac.uk/efo/EFO_0009963	GCST012464	Genome-wide genotyping array
2021-10-08	34002096	Mullins N	2021-05-17	Nat Genet	www.ncbi.nlm.nih.gov/pubmed/34002096	Genome-wide association study of more than 40,000 bipolar disorder cases provides new insights into the underlying biology.	Bipolar I disorder	25,060 European ancestry cases, 449,978 European ancestry controls	NA	3p12.1	3	85002999	NR	CADM2			ENSG00000175161			rs9831123-C	rs9831123	0	9831123	intron_variant	0	0.504	2E-9	8.698970004336019		0.93351	[0.91-0.96]	Affymetrix, Illumina [7549318] (imputed)	N	bipolar I disorder	http://www.ebi.ac.uk/efo/EFO_0009963	GCST012464	Genome-wide genotyping array
2021-10-08	34002096	Mullins N	2021-05-17	Nat Genet	www.ncbi.nlm.nih.gov/pubmed/34002096	Genome-wide association study of more than 40,000 bipolar disorder cases provides new insights into the underlying biology.	Bipolar I disorder	25,060 European ancestry cases, 449,978 European ancestry controls	NA	4q27	4	122154852	NR	BLTP1			ENSG00000138688			rs112481526-A	rs112481526	0	112481526	intron_variant	0	0.741	2E-9	8.698970004336019		0.92533	[0.9-0.95]	Affymetrix, Illumina [7549318] (imputed)	N	bipolar I disorder	http://www.ebi.ac.uk/efo/EFO_0009963	GCST012464	Genome-wide genotyping array
2021-10-08	34002096	Mullins N	2021-05-17	Nat Genet	www.ncbi.nlm.nih.gov/pubmed/34002096	Genome-wide association study of more than 40,000 bipolar disorder cases provides new insights into the underlying biology.	Bipolar I disorder	25,060 European ancestry cases, 449,978 European ancestry controls	NA	5p15.31	5	7533872	NR	ADCY2			ENSG00000078295			rs78308718-T	rs78308718	0	78308718	intron_variant	0	0.773	7E-11	10.154901959985743		0.9175	[0.89-0.94]	Affymetrix, Illumina [7549318] (imputed)	N	bipolar I disorder	http://www.ebi.ac.uk/efo/EFO_0009963	GCST012464	Genome-wide genotyping array
2021-10-08	34002096	Mullins N	2021-05-17	Nat Genet	www.ncbi.nlm.nih.gov/pubmed/34002096	Genome-wide association study of more than 40,000 bipolar disorder cases provides new insights into the underlying biology.	Bipolar I disorder	25,060 European ancestry cases, 449,978 European ancestry controls	NA	5q14.1	5	79552534	NR	Y_RNA - Y_RNA	ENSG00000200544	ENSG00000200544		17580	10211	rs11744542-G	rs11744542	0	11744542	intron_variant	1	0.723	7E-9	8.154901959985743		0.92886	[0.9-0.95]	Affymetrix, Illumina [7549318] (imputed)	N	bipolar I disorder	http://www.ebi.ac.uk/efo/EFO_0009963	GCST012464	Genome-wide genotyping array
2021-10-08	34002096	Mullins N	2021-05-17	Nat Genet	www.ncbi.nlm.nih.gov/pubmed/34002096	Genome-wide association study of more than 40,000 bipolar disorder cases provides new insights into the underlying biology.	Bipolar I disorder	25,060 European ancestry cases, 449,978 European ancestry controls	NA	5q31.2	5	138376432	NR	KDM3B			ENSG00000120733			rs10043984-C	rs10043984	0	10043984	intron_variant	0	0.765	1E-9	9.0		0.92238	[0.9-0.95]	Affymetrix, Illumina [7549318] (imputed)	N	bipolar I disorder	http://www.ebi.ac.uk/efo/EFO_0009963	GCST012464	Genome-wide genotyping array
2021-10-08	34002096	Mullins N	2021-05-17	Nat Genet	www.ncbi.nlm.nih.gov/pubmed/34002096	Genome-wide association study of more than 40,000 bipolar disorder cases provides new insights into the underlying biology.	Bipolar I disorder	25,060 European ancestry cases, 449,978 European ancestry controls	NA	5q31.3	5	140727646	NR	VTRNA1-3 - PCDHA1	ENSG00000202515	ENSG00000204970		1400	58490	rs6875495-C	rs6875495	0	6875495	intron_variant	1	0.718	1E-8	8.0		0.92617	[0.9-0.95]	Affymetrix, Illumina [7549318] (imputed)	N	bipolar I disorder	http://www.ebi.ac.uk/efo/EFO_0009963	GCST012464	Genome-wide genotyping array
2021-10-08	34002096	Mullins N	2021-05-17	Nat Genet	www.ncbi.nlm.nih.gov/pubmed/34002096	Genome-wide association study of more than 40,000 bipolar disorder cases provides new insights into the underlying biology.	Bipolar I disorder	25,060 European ancestry cases, 449,978 European ancestry controls	NA	6p22.2	6	26266083	NR	H2BC9 - H3C8	ENSG00000275713	ENSG00000273983		14008	4835	rs55706012-A	rs55706012	0	55706012	intron_variant	1	0.923	1E-9	9.0		1.14843	[1.1-1.19]	Affymetrix, Illumina [7549318] (imputed)	N	bipolar I disorder	http://www.ebi.ac.uk/efo/EFO_0009963	GCST012464	Genome-wide genotyping array
2021-10-08	34002096	Mullins N	2021-05-17	Nat Genet	www.ncbi.nlm.nih.gov/pubmed/34002096	Genome-wide association study of more than 40,000 bipolar disorder cases provides new insights into the underlying biology.	Bipolar I disorder	25,060 European ancestry cases, 449,978 European ancestry controls	NA	6q16.1	6	98128347	NR	MIR2113 - EIF4EBP2P3	ENSG00000238367	ENSG00000220505		103726	51152	rs12202969-G	rs12202969	0	12202969	intron_variant	1	0.515	1E-12	12.0		0.92146	[0.9-0.94]	Affymetrix, Illumina [7549318] (imputed)	N	bipolar I disorder	http://www.ebi.ac.uk/efo/EFO_0009963	GCST012464	Genome-wide genotyping array
2021-10-08	34002096	Mullins N	2021-05-17	Nat Genet	www.ncbi.nlm.nih.gov/pubmed/34002096	Genome-wide association study of more than 40,000 bipolar disorder cases provides new insights into the underlying biology.	Bipolar I disorder	25,060 European ancestry cases, 449,978 European ancestry controls	NA	6q27	6	166581772	NR	RPS6KA2			ENSG00000071242			rs10455979-C	rs10455979	0	10455979	intron_variant	0	0.496	2E-9	8.698970004336019		0.93221	[0.91-0.95]	Affymetrix, Illumina [7549318] (imputed)	N	bipolar I disorder	http://www.ebi.ac.uk/efo/EFO_0009963	GCST012464	Genome-wide genotyping array
2021-10-08	34002096	Mullins N	2021-05-17	Nat Genet	www.ncbi.nlm.nih.gov/pubmed/34002096	Genome-wide association study of more than 40,000 bipolar disorder cases provides new insights into the underlying biology.	Bipolar I disorder	25,060 European ancestry cases, 449,978 European ancestry controls	NA	7p22.3	7	1942546	NR	MAD1L1			ENSG00000002822			rs12154473-A	rs12154473	0	12154473	intron_variant	0	0.406	9E-15	14.045757490560675		0.91156	[0.89-0.93]	Affymetrix, Illumina [7549318] (imputed)	N	bipolar I disorder	http://www.ebi.ac.uk/efo/EFO_0009963	GCST012464	Genome-wide genotyping array
2021-10-08	34002096	Mullins N	2021-05-17	Nat Genet	www.ncbi.nlm.nih.gov/pubmed/34002096	Genome-wide association study of more than 40,000 bipolar disorder cases provides new insights into the underlying biology.	Bipolar I disorder	25,060 European ancestry cases, 449,978 European ancestry controls	NA	7p21.3	7	11832161	NR	THSD7A			ENSG00000005108			rs113779084-G	rs113779084	0	113779084	5_prime_UTR_variant	0	0.693	2E-11	10.698970004336019		0.91916	[0.89-0.94]	Affymetrix, Illumina [7549318] (imputed)	N	bipolar I disorder	http://www.ebi.ac.uk/efo/EFO_0009963	GCST012464	Genome-wide genotyping array
2021-10-08	34002096	Mullins N	2021-05-17	Nat Genet	www.ncbi.nlm.nih.gov/pubmed/34002096	Genome-wide association study of more than 40,000 bipolar disorder cases provides new insights into the underlying biology.	Bipolar I disorder	25,060 European ancestry cases, 449,978 European ancestry controls	NA	7p15.3	7	21460210	NR	SP4			ENSG00000105866			rs4722033-G	rs4722033	0	4722033	intron_variant	0	0.386	1E-8	8.0		1.06919	[1.05-1.09]	Affymetrix, Illumina [7549318] (imputed)	N	bipolar I disorder	http://www.ebi.ac.uk/efo/EFO_0009963	GCST012464	Genome-wide genotyping array
2021-10-08	34002096	Mullins N	2021-05-17	Nat Genet	www.ncbi.nlm.nih.gov/pubmed/34002096	Genome-wide association study of more than 40,000 bipolar disorder cases provides new insights into the underlying biology.	Bipolar I disorder	25,060 European ancestry cases, 449,978 European ancestry controls	NA	8p23.1	8	10023626	NR	MSRA-DT			ENSG00000260093			rs7013693-G	rs7013693	0	7013693	intron_variant	0	0.83	3E-8	7.522878745280337		0.9209	[0.89-0.95]	Affymetrix, Illumina [7549318] (imputed)	N	bipolar I disorder	http://www.ebi.ac.uk/efo/EFO_0009963	GCST012464	Genome-wide genotyping array
2021-10-08	34002096	Mullins N	2021-05-17	Nat Genet	www.ncbi.nlm.nih.gov/pubmed/34002096	Genome-wide association study of more than 40,000 bipolar disorder cases provides new insights into the underlying biology.	Bipolar I disorder	25,060 European ancestry cases, 449,978 European ancestry controls	NA	8q24.3	8	143926153	NR	PLEC			ENSG00000178209			rs6993953-C	rs6993953	0	6993953	intron_variant	0	0.618	1E-10	10.0		0.92496	[0.9-0.95]	Affymetrix, Illumina [7549318] (imputed)	N	bipolar I disorder	http://www.ebi.ac.uk/efo/EFO_0009963	GCST012464	Genome-wide genotyping array
2021-10-08	34002096	Mullins N	2021-05-17	Nat Genet	www.ncbi.nlm.nih.gov/pubmed/34002096	Genome-wide association study of more than 40,000 bipolar disorder cases provides new insights into the underlying biology.	Bipolar I disorder	25,060 European ancestry cases, 449,978 European ancestry controls	NA	9q34.3	9	138174172	NR	IL9RP1 - TUBBP5	ENSG00000229926	ENSG00000159247		30308	873	rs11137399-T	rs11137399	0	11137399	intron_variant	1	0.64	1E-10	10.0		0.91165	[0.88-0.94]	Affymetrix, Illumina [7549318] (imputed)	N	bipolar I disorder	http://www.ebi.ac.uk/efo/EFO_0009963	GCST012464	Genome-wide genotyping array
2021-10-08	34002096	Mullins N	2021-05-17	Nat Genet	www.ncbi.nlm.nih.gov/pubmed/34002096	Genome-wide association study of more than 40,000 bipolar disorder cases provides new insights into the underlying biology.	Bipolar I disorder	25,060 European ancestry cases, 449,978 European ancestry controls	NA	10p12.31	10	18453325	NR	CACNB2			ENSG00000165995			rs4748468-G	rs4748468	0	4748468	intron_variant	0	0.884	3E-8	7.522878745280337		1.11149	[1.07-1.15]	Affymetrix, Illumina [7549318] (imputed)	N	bipolar I disorder	http://www.ebi.ac.uk/efo/EFO_0009963	GCST012464	Genome-wide genotyping array
2021-10-08	34002096	Mullins N	2021-05-17	Nat Genet	www.ncbi.nlm.nih.gov/pubmed/34002096	Genome-wide association study of more than 40,000 bipolar disorder cases provides new insights into the underlying biology.	Bipolar I disorder	25,060 European ancestry cases, 449,978 European ancestry controls	NA	10q21.2	10	60363680	NR	ANK3			ENSG00000151150			rs61846516-C	rs61846516	0	61846516	intron_variant	0	0.938	3E-9	8.522878745280337		0.86675	[0.82-0.91]	Affymetrix, Illumina [7549318] (imputed)	N	bipolar I disorder	http://www.ebi.ac.uk/efo/EFO_0009963	GCST012464	Genome-wide genotyping array
2021-10-08	34002096	Mullins N	2021-05-17	Nat Genet	www.ncbi.nlm.nih.gov/pubmed/34002096	Genome-wide association study of more than 40,000 bipolar disorder cases provides new insights into the underlying biology.	Bipolar I disorder	25,060 European ancestry cases, 449,978 European ancestry controls	NA	10q25.1	10	109888901	NR	XPNPEP1			ENSG00000108039			rs2273738-C	rs2273738	0	2273738	intron_variant	0	0.869	5E-10	9.301029995663981		0.90357	[0.87-0.94]	Affymetrix, Illumina [7549318] (imputed)	N	bipolar I disorder	http://www.ebi.ac.uk/efo/EFO_0009963	GCST012464	Genome-wide genotyping array
2021-10-08	34002096	Mullins N	2021-05-17	Nat Genet	www.ncbi.nlm.nih.gov/pubmed/34002096	Genome-wide association study of more than 40,000 bipolar disorder cases provides new insights into the underlying biology.	Bipolar I disorder	25,060 European ancestry cases, 449,978 European ancestry controls	NA	11q12.2	11	61851136	NR	FADS2			ENSG00000134824			rs174592-A	rs174592	0	174592	intron_variant	0	0.599	7E-11	10.154901959985743		0.92506	[0.9-0.95]	Affymetrix, Illumina [7549318] (imputed)	N	bipolar I disorder	http://www.ebi.ac.uk/efo/EFO_0009963	GCST012464	Genome-wide genotyping array
2021-10-08	34002096	Mullins N	2021-05-17	Nat Genet	www.ncbi.nlm.nih.gov/pubmed/34002096	Genome-wide association study of more than 40,000 bipolar disorder cases provides new insights into the underlying biology.	Bipolar I disorder	25,060 European ancestry cases, 449,978 European ancestry controls	NA	11q13.1	11	66087090	NR	PACS1			ENSG00000175115			rs489337-A	rs489337	0	489337	intron_variant	0	0.234	2E-10	9.698970004336019		0.91649	[0.89-0.94]	Affymetrix, Illumina [7549318] (imputed)	N	bipolar I disorder	http://www.ebi.ac.uk/efo/EFO_0009963	GCST012464	Genome-wide genotyping array
2021-10-08	34002096	Mullins N	2021-05-17	Nat Genet	www.ncbi.nlm.nih.gov/pubmed/34002096	Genome-wide association study of more than 40,000 bipolar disorder cases provides new insights into the underlying biology.	Bipolar I disorder	25,060 European ancestry cases, 449,978 European ancestry controls	NA	11q13.2	11	66895260	NR	PC			ENSG00000173599			rs7122539-G	rs7122539	0	7122539	intron_variant	0	0.653	5E-9	8.301029995663981		1.0738	[1.05-1.1]	Affymetrix, Illumina [7549318] (imputed)	N	bipolar I disorder	http://www.ebi.ac.uk/efo/EFO_0009963	GCST012464	Genome-wide genotyping array
2021-10-08	34002096	Mullins N	2021-05-17	Nat Genet	www.ncbi.nlm.nih.gov/pubmed/34002096	Genome-wide association study of more than 40,000 bipolar disorder cases provides new insights into the underlying biology.	Bipolar I disorder	25,060 European ancestry cases, 449,978 European ancestry controls	NA	11q13.4	11	70671822	NR	SHANK2			ENSG00000162105			rs12575685-G	rs12575685	0	12575685	intron_variant	0	0.669	5E-11	10.301029995663981		0.921	[0.9-0.95]	Affymetrix, Illumina [7549318] (imputed)	N	bipolar I disorder	http://www.ebi.ac.uk/efo/EFO_0009963	GCST012464	Genome-wide genotyping array
2021-10-08	34002096	Mullins N	2021-05-17	Nat Genet	www.ncbi.nlm.nih.gov/pubmed/34002096	Genome-wide association study of more than 40,000 bipolar disorder cases provides new insights into the underlying biology.	Bipolar I disorder	25,060 European ancestry cases, 449,978 European ancestry controls	NA	12p13.33	12	2239678	NR	CACNA1C			ENSG00000151067			rs11062170-G	rs11062170	0	11062170	intron_variant	0	0.665	2E-16	15.698970004336019		0.90538	[0.88-0.93]	Affymetrix, Illumina [7549318] (imputed)	N	bipolar I disorder	http://www.ebi.ac.uk/efo/EFO_0009963	GCST012464	Genome-wide genotyping array
2021-10-08	34002096	Mullins N	2021-05-17	Nat Genet	www.ncbi.nlm.nih.gov/pubmed/34002096	Genome-wide association study of more than 40,000 bipolar disorder cases provides new insights into the underlying biology.	Bipolar I disorder	25,060 European ancestry cases, 449,978 European ancestry controls	NA	12q24.11	12	110148473	NR	IFT81			ENSG00000122970			rs12315174-G	rs12315174	0	12315174	intron_variant	0	0.774	4E-8	7.3979400086720375		0.92524	[0.9-0.95]	Affymetrix, Illumina [7549318] (imputed)	N	bipolar I disorder	http://www.ebi.ac.uk/efo/EFO_0009963	GCST012464	Genome-wide genotyping array
2021-10-08	34002096	Mullins N	2021-05-17	Nat Genet	www.ncbi.nlm.nih.gov/pubmed/34002096	Genome-wide association study of more than 40,000 bipolar disorder cases provides new insights into the underlying biology.	Bipolar I disorder	25,060 European ancestry cases, 449,978 European ancestry controls	NA	13q12.3	13	30744171	NR	ALOX5AP			ENSG00000132965			rs3803277-C	rs3803277	0	3803277	intron_variant	0	0.537	2E-8	7.698970004336019		1.06748	[1.04-1.09]	Affymetrix, Illumina [7549318] (imputed)	N	bipolar I disorder	http://www.ebi.ac.uk/efo/EFO_0009963	GCST012464	Genome-wide genotyping array
2021-10-08	34002096	Mullins N	2021-05-17	Nat Genet	www.ncbi.nlm.nih.gov/pubmed/34002096	Genome-wide association study of more than 40,000 bipolar disorder cases provides new insights into the underlying biology.	Bipolar I disorder	25,060 European ancestry cases, 449,978 European ancestry controls	NA	13q12.3	13	31269461	NR	B3GLCT			ENSG00000187676			rs1924817-A	rs1924817	0	1924817	intron_variant	0	0.233	4E-8	7.3979400086720375		1.07929	[1.05-1.11]	Affymetrix, Illumina [7549318] (imputed)	N	bipolar I disorder	http://www.ebi.ac.uk/efo/EFO_0009963	GCST012464	Genome-wide genotyping array
2021-10-08	34002096	Mullins N	2021-05-17	Nat Genet	www.ncbi.nlm.nih.gov/pubmed/34002096	Genome-wide association study of more than 40,000 bipolar disorder cases provides new insights into the underlying biology.	Bipolar I disorder	25,060 European ancestry cases, 449,978 European ancestry controls	NA	15q14	15	38677344	NR	LINC02694			ENSG00000175779			rs6495988-C	rs6495988	0	6495988	intron_variant	0	0.778	1E-9	9.0		1.09286	[1.06-1.12]	Affymetrix, Illumina [7549318] (imputed)	N	bipolar I disorder	http://www.ebi.ac.uk/efo/EFO_0009963	GCST012464	Genome-wide genotyping array
2021-10-08	34002096	Mullins N	2021-05-17	Nat Genet	www.ncbi.nlm.nih.gov/pubmed/34002096	Genome-wide association study of more than 40,000 bipolar disorder cases provides new insights into the underlying biology.	Bipolar I disorder	25,060 European ancestry cases, 449,978 European ancestry controls	NA	15q15.2	15	42610048	NR	STARD9			ENSG00000159433			rs1197546-A	rs1197546	0	1197546	intron_variant	0	0.129	4E-10	9.397940008672037		1.11204	[1.08-1.15]	Affymetrix, Illumina [7549318] (imputed)	N	bipolar I disorder	http://www.ebi.ac.uk/efo/EFO_0009963	GCST012464	Genome-wide genotyping array
2021-10-08	34002096	Mullins N	2021-05-17	Nat Genet	www.ncbi.nlm.nih.gov/pubmed/34002096	Genome-wide association study of more than 40,000 bipolar disorder cases provides new insights into the underlying biology.	Bipolar I disorder	25,060 European ancestry cases, 449,978 European ancestry controls	NA	15q24.1	15	73856091	NR	INSYN1-AS1 - TBC1D21	ENSG00000260469	ENSG00000167139		85478	17473	rs28379895-T	rs28379895	0	28379895	intergenic_variant	1	0.495	2E-8	7.698970004336019		0.93725	[0.91-0.96]	Affymetrix, Illumina [7549318] (imputed)	N	bipolar I disorder	http://www.ebi.ac.uk/efo/EFO_0009963	GCST012464	Genome-wide genotyping array
2021-06-17	34016946	Wu LS	2021-05-20	Transl Psychiatry	www.ncbi.nlm.nih.gov/pubmed/34016946	Genome-wide association study of early-onset bipolar I disorder in the Han Taiwanese population.	Bipolar disorder (early vs late onset)	516 Han Taiwanese ancestry cases, 790 Han Taiwanese ancestry controls	153 Han Taiwanese ancestry cases, 320 Han Taiwanese ancestry controls	19q13.42	19	53751134	MIR522	RNU6-751P - MIR522	ENSG00000252191	ENSG00000283685		1183	77	rs75928006-?	rs75928006	0	75928006	intron_variant	1	NR	9E-8	7.045757490560675		2.58	[1.86-3.60] unit increase	Illumina [4750978] (imputed)	N	bipolar I disorder	http://www.ebi.ac.uk/efo/EFO_0009963	GCST011908	Genome-wide genotyping array
2021-06-17	34016946	Wu LS	2021-05-20	Transl Psychiatry	www.ncbi.nlm.nih.gov/pubmed/34016946	Genome-wide association study of early-onset bipolar I disorder in the Han Taiwanese population.	Bipolar disorder (early vs late onset)	516 Han Taiwanese ancestry cases, 790 Han Taiwanese ancestry controls	153 Han Taiwanese ancestry cases, 320 Han Taiwanese ancestry controls	3p12.1	3	85075546	CADM2	CADM2			ENSG00000175161			rs11127876-?	rs11127876	0	11127876	intron_variant	0	NR	5E-8	7.301029995663981		2.39	[1.73-3.31] unit increase	Illumina [4750978] (imputed)	N	bipolar I disorder	http://www.ebi.ac.uk/efo/EFO_0009963	GCST011908	Genome-wide genotyping array
2021-06-17	34016946	Wu LS	2021-05-20	Transl Psychiatry	www.ncbi.nlm.nih.gov/pubmed/34016946	Genome-wide association study of early-onset bipolar I disorder in the Han Taiwanese population.	Bipolar disorder (early vs late onset)	516 Han Taiwanese ancestry cases, 790 Han Taiwanese ancestry controls	153 Han Taiwanese ancestry cases, 320 Han Taiwanese ancestry controls	10p13	10	16931723	CUBN	CUBN			ENSG00000107611			rs7914868-?	rs7914868	0	7914868	intron_variant	0	NR	7E-7	6.154901959985743		2.1	[1.59-2.76] unit increase	Illumina [4750978] (imputed)	N	bipolar I disorder	http://www.ebi.ac.uk/efo/EFO_0009963	GCST011908	Genome-wide genotyping array
2021-06-17	34016946	Wu LS	2021-05-20	Transl Psychiatry	www.ncbi.nlm.nih.gov/pubmed/34016946	Genome-wide association study of early-onset bipolar I disorder in the Han Taiwanese population.	Bipolar disorder (early vs late onset)	516 Han Taiwanese ancestry cases, 790 Han Taiwanese ancestry controls	153 Han Taiwanese ancestry cases, 320 Han Taiwanese ancestry controls	8p23.1	8	8997522	MFHAS1, ERI1	RPL10P19 - ERI1	ENSG00000233609	ENSG00000104626		35465	4625	rs10106565-?	rs10106565	0	10106565	intron_variant	1	NR	1E-7	7.0		2.31	[1.68-3.16] unit increase	Illumina [4750978] (imputed)	N	bipolar I disorder	http://www.ebi.ac.uk/efo/EFO_0009963	GCST011908	Genome-wide genotyping array
2026-02-02	39024449	Verma A	2024-07-19	Science	www.ncbi.nlm.nih.gov/pubmed/39024449	Diversity and scale: Genetic architecture of 2068 traits in the VA Million Veteran Program.	Biological Mother: Bipolar Disorder	612 African American or Afro-Caribbean cases, 54,893 African American or Afro-Caribbean controls, 4,609 European ancestry cases, 311,059 European ancestry controls, 454 Hispanic or Latin American cases, 28,860 Hispanic or Latin American controls	NA	13q12.12	13	23430101		SACS			ENSG00000151835			rs185219225-G	rs185219225	0	185219225	intron_variant	0	0.9988	1E-11	11.0		2.099	[2.04-2.15] unit decrease	NR [44300000] (imputed)	N	bipolar disorder, family history	http://purl.obolibrary.org/obo/MONDO_0004985, http://www.ebi.ac.uk/efo/EFO_0000493	GCST90479698	Genome-wide genotyping array
2026-02-02	39024449	Verma A	2024-07-19	Science	www.ncbi.nlm.nih.gov/pubmed/39024449	Diversity and scale: Genetic architecture of 2068 traits in the VA Million Veteran Program.	Biological Mother: Bipolar Disorder	612 African American or Afro-Caribbean cases, 54,893 African American or Afro-Caribbean controls, 4,609 European ancestry cases, 311,059 European ancestry controls, 454 Hispanic or Latin American cases, 28,860 Hispanic or Latin American controls	NA	11q22.1	11	100475700		CNTN5 - RN7SL222P	ENSG00000149972	ENSG00000242165		116815	166275	rs184489828-C	rs184489828	0	184489828	intergenic_variant	1	0.9997	9E-12	11.045757490560675		2.47	[2.43-2.51] unit decrease	NR [44300000] (imputed)	N	bipolar disorder, family history	http://purl.obolibrary.org/obo/MONDO_0004985, http://www.ebi.ac.uk/efo/EFO_0000493	GCST90479698	Genome-wide genotyping array
2026-02-02	39024449	Verma A	2024-07-19	Science	www.ncbi.nlm.nih.gov/pubmed/39024449	Diversity and scale: Genetic architecture of 2068 traits in the VA Million Veteran Program.	Biological Grandparent (paternal): Bipolar Disorder	210 African American or Afro-Caribbean cases, 55,295 African American or Afro-Caribbean controls, 1,075 European ancestry cases, 314,593 European ancestry controls	NA	7q36.1	7	148614653		C7orf33			ENSG00000170279			rs986406906-G	rs986406906	0	986406906	intron_variant	0	0.9998	4E-13	12.397940008672037		4.287	[4.28-4.3] unit decrease	NR [44300000] (imputed)	N	bipolar disorder, family history	http://purl.obolibrary.org/obo/MONDO_0004985, http://www.ebi.ac.uk/efo/EFO_0000493	GCST90479737	Genome-wide genotyping array
2026-02-02	39024449	Verma A	2024-07-19	Science	www.ncbi.nlm.nih.gov/pubmed/39024449	Diversity and scale: Genetic architecture of 2068 traits in the VA Million Veteran Program.	Biological Grandparent (paternal): Bipolar Disorder	210 African American or Afro-Caribbean cases, 55,295 African American or Afro-Caribbean controls, 1,075 European ancestry cases, 314,593 European ancestry controls	NA	12q24.23	12	119380885		PRKAB1-AS1, CCDC60			ENSG00000248636, ENSG00000183273			rs541650762-G	rs541650762	0	541650762	intron_variant	0	0.9996	3E-12	11.522878745280337		3.638	[3.62-3.65] unit decrease	NR [44300000] (imputed)	N	bipolar disorder, family history	http://purl.obolibrary.org/obo/MONDO_0004985, http://www.ebi.ac.uk/efo/EFO_0000493	GCST90479737	Genome-wide genotyping array
2026-02-02	39024449	Verma A	2024-07-19	Science	www.ncbi.nlm.nih.gov/pubmed/39024449	Diversity and scale: Genetic architecture of 2068 traits in the VA Million Veteran Program.	Biological Grandparent (paternal): Bipolar Disorder	210 African American or Afro-Caribbean cases, 55,295 African American or Afro-Caribbean controls, 1,075 European ancestry cases, 314,593 European ancestry controls	NA	13q34	13	112627778		TUBGCP3 - ATP11AUN	ENSG00000126216	ENSG00000197595		39573	19266	rs534919791-T	rs534919791	0	534919791	intergenic_variant	1	0.9993	2E-13	12.698970004336019		3.175	[3.15-3.2] unit decrease	NR [44300000] (imputed)	N	bipolar disorder, family history	http://purl.obolibrary.org/obo/MONDO_0004985, http://www.ebi.ac.uk/efo/EFO_0000493	GCST90479737	Genome-wide genotyping array
