DATE ADDED TO CATALOG	PUBMEDID	FIRST AUTHOR	DATE	JOURNAL	LINK	STUDY	DISEASE/TRAIT	INITIAL SAMPLE SIZE	REPLICATION SAMPLE SIZE	REGION	CHR_ID	CHR_POS	REPORTED GENE(S)	MAPPED_GENE	UPSTREAM_GENE_ID	DOWNSTREAM_GENE_ID	SNP_GENE_IDS	UPSTREAM_GENE_DISTANCE	DOWNSTREAM_GENE_DISTANCE	STRONGEST SNP-RISK ALLELE	SNPS	MERGED	SNP_ID_CURRENT	CONTEXT	INTERGENIC	RISK ALLELE FREQUENCY	P-VALUE	PVALUE_MLOG	P-VALUE (TEXT)	OR or BETA	95% CI (TEXT)	PLATFORM [SNPS PASSING QC]	CNV	MAPPED_TRAIT	MAPPED_TRAIT_URI	STUDY ACCESSION	GENOTYPING TECHNOLOGY
2017-06-20	28274756	Mhatre S	2017-03-03	Lancet Oncol	www.ncbi.nlm.nih.gov/pubmed/28274756	Common genetic variation and risk of gallbladder cancer in India: a case-control genome-wide association study.	Gallbladder cancer	1,042 Indian ancestry cases, 1,709 Indian ancestry controls	428 Indian ancestry cases, 420 Indian ancestry controls	7q21.12	7	87449753	ABCB4	ABCB4			ENSG00000005471			rs1558375-A	rs1558375	0	1558375	intron_variant	0	0.74	2E-10	9.698970004336019		1.47	[1.30-1.66]	Illumina [10400000] (imputed)	N	gallbladder neoplasm	http://purl.obolibrary.org/obo/MONDO_0021253	GCST004201	Genome-wide genotyping array
2017-06-20	28274756	Mhatre S	2017-03-03	Lancet Oncol	www.ncbi.nlm.nih.gov/pubmed/28274756	Common genetic variation and risk of gallbladder cancer in India: a case-control genome-wide association study.	Gallbladder cancer	1,042 Indian ancestry cases, 1,709 Indian ancestry controls	428 Indian ancestry cases, 420 Indian ancestry controls	7q21.12	7	87495506	ABCB1	ABCB4 - ABCB1	ENSG00000005471	ENSG00000085563		15071	7511	rs17209837-A	rs17209837	0	17209837	intergenic_variant	1	0.85	2E-9	8.698970004336019		1.61	[1.38-1.89]	Illumina [10400000] (imputed)	N	gallbladder neoplasm	http://purl.obolibrary.org/obo/MONDO_0021253	GCST004201	Genome-wide genotyping array
2019-07-24	31277774	Lipunova N	2018-09-15	Eur Urol Oncol	www.ncbi.nlm.nih.gov/pubmed/31277774	Genome-wide Association Study for Tumour Stage, Grade, Size, and Age at Diagnosis of Non-muscle-invasive Bladder Cancer.	Non-muscle-invasive bladder cancer tumour size	633 European ancestry cases	302 European ancestry cases	13q13.3	13	35375956	NBEA	NBEA			ENSG00000172915			rs180940944-?	rs180940944	0	180940944	intron_variant	0	NR	3E-9	8.522878745280337		0.71	[-0.85800-2.27800] cm increase	Illumina [11914228] (imputed)	N	urinary bladder carcinoma, disease progression measurement	http://purl.obolibrary.org/obo/MONDO_0004986, http://www.ebi.ac.uk/efo/EFO_0008336	GCST008216	Genome-wide genotyping array
2020-04-17	32117775	Wu J	2020-02-11	Front Oncol	www.ncbi.nlm.nih.gov/pubmed/32117775	The Rare Variant rs35356162 in UHRF1BP1 Increases Bladder Cancer Risk in Han Chinese Population.	Bladder cancer	995 Han Chinese ancestry cases, 1,008 Han Chinese ancestry controls	2,404 Han Chinese ancestry cases, 3,639 Han Chinese ancestry controls	6p21.31	6	34834333	UHRF1BP1	BLTP3A			ENSG00000065060			rs35356162-T	rs35356162	0	35356162	missense_variant	0	0.0017	4E-7	6.3979400086720375		4.332	[2.463–7.619]	Illumina [270241]	N	urinary bladder carcinoma	http://purl.obolibrary.org/obo/MONDO_0004986	GCST009872	Exome genotyping array [Exome array]
2020-04-17	32117775	Wu J	2020-02-11	Front Oncol	www.ncbi.nlm.nih.gov/pubmed/32117775	The Rare Variant rs35356162 in UHRF1BP1 Increases Bladder Cancer Risk in Han Chinese Population.	Bladder cancer	995 Han Chinese ancestry cases, 1,008 Han Chinese ancestry controls	2,404 Han Chinese ancestry cases, 3,639 Han Chinese ancestry controls	8q24.3	8	142681389	PSCA	JRK, PSCA			ENSG00000234616, ENSG00000167653			rs3736001-A	rs3736001	0	3736001	stop_gained	0	0.0987	5E-6	5.301029995663981		1.265		Illumina [270241]	N	urinary bladder carcinoma	http://purl.obolibrary.org/obo/MONDO_0004986	GCST009872	Exome genotyping array [Exome array]
2016-11-30	27206850	Wang M	2016-03-29	Cancer Res	www.ncbi.nlm.nih.gov/pubmed/27206850	Genome-Wide Association Study of Bladder Cancer in a Chinese Cohort Reveals a New Susceptibility Locus at 5q12.3.	Bladder cancer	578 Han Chinese ancestry cases, 1,006 Han Chinese ancestry controls	2,828 Han Chinese ancestry cases, 3,639 Han Chinese ancestry controls	5q12.3	5	64771925	CWC27	CWC27			ENSG00000153015			rs2042329-T	rs2042329	0	2042329	intron_variant	0	0.098	5E-11	10.301029995663981		1.4	[1.27–1.55]	Illumina [478403] (imputed)	N	urinary bladder carcinoma	http://purl.obolibrary.org/obo/MONDO_0004986	GCST003384	Genome-wide genotyping array
2010-12-08	20972438	Rothman N	2010-10-24	Nat Genet	www.ncbi.nlm.nih.gov/pubmed/20972438	A multi-stage genome-wide association study of bladder cancer identifies multiple susceptibility loci.	Bladder cancer	3,532 European ancestry cases, 5,120 European ancestry controls	8,381 cases, 48,275 controls	3q28	3	189928144	TP63	TP63 - P3H2	ENSG00000073282	ENSG00000090530		30868	28584	rs710521-A	rs710521	0	710521	intergenic_variant	1	0.73	2E-10	9.698970004336019		1.18	[1.12-1.24]	Illumina [589299]	N	urinary bladder carcinoma	http://purl.obolibrary.org/obo/MONDO_0004986	GCST000842	Genome-wide genotyping array
2010-12-08	20972438	Rothman N	2010-10-24	Nat Genet	www.ncbi.nlm.nih.gov/pubmed/20972438	A multi-stage genome-wide association study of bladder cancer identifies multiple susceptibility loci.	Bladder cancer	3,532 European ancestry cases, 5,120 European ancestry controls	8,381 cases, 48,275 controls	8p22	8	18415371	NAT2	NAT2 - PSD3	ENSG00000156006	ENSG00000156011		14153	111932	rs1495741-?	rs1495741	0	1495741	intergenic_variant	1	0.80	4E-11	10.397940008672037		1.15	[1.10-1.20]	Illumina [589299]	N	urinary bladder carcinoma	http://purl.obolibrary.org/obo/MONDO_0004986	GCST000842	Genome-wide genotyping array
2010-12-08	20972438	Rothman N	2010-10-24	Nat Genet	www.ncbi.nlm.nih.gov/pubmed/20972438	A multi-stage genome-wide association study of bladder cancer identifies multiple susceptibility loci.	Bladder cancer	3,532 European ancestry cases, 5,120 European ancestry controls	8,381 cases, 48,275 controls	2q37.1	2	233656637	UGT1A	UGT1A8, UGT1A10			ENSG00000242366, ENSG00000242515			rs11892031-?	rs11892031	0	11892031	intron_variant	0	0.92	1E-7	7.0		1.19	[1.12-1.27]	Illumina [589299]	N	urinary bladder carcinoma	http://purl.obolibrary.org/obo/MONDO_0004986	GCST000842	Genome-wide genotyping array
2010-12-08	20972438	Rothman N	2010-10-24	Nat Genet	www.ncbi.nlm.nih.gov/pubmed/20972438	A multi-stage genome-wide association study of bladder cancer identifies multiple susceptibility loci.	Bladder cancer	3,532 European ancestry cases, 5,120 European ancestry controls	8,381 cases, 48,275 controls	19q12	19	29805946	CCNE1	C19orf12 - CCNE1	ENSG00000131943	ENSG00000105173		89886	5525	rs8102137-C	rs8102137	0	8102137	regulatory_region_variant	1	0.33	2E-11	10.698970004336019		1.13	[1.09-1.17]	Illumina [589299]	N	urinary bladder carcinoma	http://purl.obolibrary.org/obo/MONDO_0004986	GCST000842	Genome-wide genotyping array
2010-12-08	20972438	Rothman N	2010-10-24	Nat Genet	www.ncbi.nlm.nih.gov/pubmed/20972438	A multi-stage genome-wide association study of bladder cancer identifies multiple susceptibility loci.	Bladder cancer	3,532 European ancestry cases, 5,120 European ancestry controls	8,381 cases, 48,275 controls	8q24.21	8	127705823	MYC	CASC11			ENSG00000249375			rs9642880-T	rs9642880	0	9642880	intron_variant	0	0.45	2E-18	17.69897000433602		1.21	[1.16-1.27]	Illumina [589299]	N	urinary bladder carcinoma	http://purl.obolibrary.org/obo/MONDO_0004986	GCST000842	Genome-wide genotyping array
2010-12-08	20972438	Rothman N	2010-10-24	Nat Genet	www.ncbi.nlm.nih.gov/pubmed/20972438	A multi-stage genome-wide association study of bladder cancer identifies multiple susceptibility loci.	Bladder cancer	3,532 European ancestry cases, 5,120 European ancestry controls	8,381 cases, 48,275 controls	4p16.3	4	1732512	TMEM129, TACC3, FGFR3	TACC3			ENSG00000013810			rs798766-T	rs798766	0	798766	intron_variant	0	0.19	4E-13	12.397940008672037		1.2	[1.14-1.26]	Illumina [589299]	N	urinary bladder carcinoma	http://purl.obolibrary.org/obo/MONDO_0004986	GCST000842	Genome-wide genotyping array
2010-12-08	20972438	Rothman N	2010-10-24	Nat Genet	www.ncbi.nlm.nih.gov/pubmed/20972438	A multi-stage genome-wide association study of bladder cancer identifies multiple susceptibility loci.	Bladder cancer	3,532 European ancestry cases, 5,120 European ancestry controls	8,381 cases, 48,275 controls	22q13.1	22	38936618	CBX6, APOBEC3A	CBX6 - APOBEC3A	ENSG00000183741	ENSG00000128383		64369	16123	rs1014971-?	rs1014971	0	1014971	intergenic_variant	1	0.62	8E-12	11.096910013008056		1.18	[1.10-1.18]	Illumina [589299]	N	urinary bladder carcinoma	http://purl.obolibrary.org/obo/MONDO_0004986	GCST000842	Genome-wide genotyping array
2010-12-08	20972438	Rothman N	2010-10-24	Nat Genet	www.ncbi.nlm.nih.gov/pubmed/20972438	A multi-stage genome-wide association study of bladder cancer identifies multiple susceptibility loci.	Bladder cancer	3,532 European ancestry cases, 5,120 European ancestry controls	8,381 cases, 48,275 controls	8q24.3	8	142680513	PSCA	JRK, PSCA			ENSG00000234616, ENSG00000167653			rs2294008-T	rs2294008	0	2294008	5_prime_UTR_variant	0	0.46	4E-11	10.397940008672037		1.13	[1.09-1.17]	Illumina [589299]	N	urinary bladder carcinoma	http://purl.obolibrary.org/obo/MONDO_0004986	GCST000842	Genome-wide genotyping array
2010-12-08	20972438	Rothman N	2010-10-24	Nat Genet	www.ncbi.nlm.nih.gov/pubmed/20972438	A multi-stage genome-wide association study of bladder cancer identifies multiple susceptibility loci.	Bladder cancer	3,532 European ancestry cases, 5,120 European ancestry controls	8,381 cases, 48,275 controls	5p15.33	5	1321972	TERT, CLPTM1L	CLPTM1L			ENSG00000049656			rs401681-C	rs401681	0	401681	intron_variant	0	0.54	5E-7	6.301029995663981		1.11	[1.07-1.16]	Illumina [589299]	N	urinary bladder carcinoma	http://purl.obolibrary.org/obo/MONDO_0004986	GCST000842	Genome-wide genotyping array
2010-12-08	20972438	Rothman N	2010-10-24	Nat Genet	www.ncbi.nlm.nih.gov/pubmed/20972438	A multi-stage genome-wide association study of bladder cancer identifies multiple susceptibility loci.	Bladder cancer	3,532 European ancestry cases, 5,120 European ancestry controls	8,381 cases, 48,275 controls				GSTM1							GSTM1 Del-?	GSTM1 Del	0			1	0.51	5E-31	30.30102999566398		1.47	[1.38-1.57]	Illumina [589299]	N	urinary bladder carcinoma	http://purl.obolibrary.org/obo/MONDO_0004986	GCST000842	Genome-wide genotyping array
2011-08-05	21750109	Rafnar T	2011-07-12	Hum Mol Genet	www.ncbi.nlm.nih.gov/pubmed/21750109	European genome-wide association study identifies SLC14A1 as a new urinary bladder cancer susceptibility gene.	Bladder cancer	2,234 European ancestry cases, 41,603 European ancestry controls	3,371 European ancestry cases, 10,261 European ancestry controls, 269 Iranian ancestry cases, 246 Iranian ancestry controls	18q12.3	18	45729946	SLC14A1	SLC14A1			ENSG00000141469			rs17674580-T	rs17674580	0	17674580	5_prime_UTR_variant	0	0.33	8E-11	10.096910013008056		1.17	[1.11-1.22]	Illumina [5340737] (imputed)	N	urinary bladder carcinoma	http://purl.obolibrary.org/obo/MONDO_0004986	GCST001153	Genome-wide genotyping array
2011-09-17	21824976	Garcia-Closas M	2011-08-08	Hum Mol Genet	www.ncbi.nlm.nih.gov/pubmed/21824976	A genome-wide association study of bladder cancer identifies a new susceptibility locus within SLC14A1, a urea transporter gene on chromosome 18q12.3.	Bladder cancer	4,501 European ancestry cases, 6,076 European ancestry controls	1,382 European ancestry cases, 2,201 European ancestry controls	18q12.3	18	45737001	SLC14A1	SLC14A1			ENSG00000141469			rs7238033-?	rs7238033	0	7238033	intron_variant	0	NR	9E-9	8.045757490560675		1.2	[1.13-1.28]	Illumina [555912]	N	urinary bladder carcinoma	http://purl.obolibrary.org/obo/MONDO_0004986	GCST001193	Genome-wide genotyping array
2012-03-08	22318345	Cha PC	2012-02-09	J Hum Genet	www.ncbi.nlm.nih.gov/pubmed/22318345	A genome-wide association study identifies SNP in DCC is associated with gallbladder cancer in the Japanese population.	Gallbladder cancer	41 Japanese ancestry cases, 866 Japanese ancestry controls	30 Japanese ancestry cases, 898 Japanese ancestry controls	18q21.2	18	52991406	DCC	DCC			ENSG00000187323			rs7504990-A	rs7504990	0	7504990	intron_variant	0	0.21	7E-8	7.154901959985743		6.95	[3.43-14.08]	Illumina [425706] (imputed)	N	gallbladder neoplasm	http://purl.obolibrary.org/obo/MONDO_0021253	GCST001404	Genome-wide genotyping array
2012-03-08	22318345	Cha PC	2012-02-09	J Hum Genet	www.ncbi.nlm.nih.gov/pubmed/22318345	A genome-wide association study identifies SNP in DCC is associated with gallbladder cancer in the Japanese population.	Gallbladder cancer	41 Japanese ancestry cases, 866 Japanese ancestry controls	30 Japanese ancestry cases, 898 Japanese ancestry controls	3p26.2	3	2804632	NR	CNTN4			ENSG00000144619			rs975334-C	rs975334	0	975334	intron_variant	0	0.16	9E-7	6.045757490560675		8.3	[3.57-19.26]	Illumina [425706] (imputed)	N	gallbladder neoplasm	http://purl.obolibrary.org/obo/MONDO_0021253	GCST001404	Genome-wide genotyping array
2012-03-08	22318345	Cha PC	2012-02-09	J Hum Genet	www.ncbi.nlm.nih.gov/pubmed/22318345	A genome-wide association study identifies SNP in DCC is associated with gallbladder cancer in the Japanese population.	Gallbladder cancer	41 Japanese ancestry cases, 866 Japanese ancestry controls	30 Japanese ancestry cases, 898 Japanese ancestry controls	9p21.2	9	26694890	NR	LINC03106 - CAAP1	ENSG00000276759	ENSG00000120159		576482	145795	rs13294589-G	rs13294589	0	13294589	intergenic_variant	1	0.11	2E-6	5.698970004336019		12.78	[4.43-36.83]	Illumina [425706] (imputed)	N	gallbladder neoplasm	http://purl.obolibrary.org/obo/MONDO_0021253	GCST001404	Genome-wide genotyping array
2012-03-08	22318345	Cha PC	2012-02-09	J Hum Genet	www.ncbi.nlm.nih.gov/pubmed/22318345	A genome-wide association study identifies SNP in DCC is associated with gallbladder cancer in the Japanese population.	Gallbladder cancer	41 Japanese ancestry cases, 866 Japanese ancestry controls	30 Japanese ancestry cases, 898 Japanese ancestry controls	5q15	5	94474503	NR	KIAA0825			ENSG00000185261			rs6869388-C	rs6869388	0	6869388	intron_variant	0	0.04	7E-6	5.154901959985743		72.7	[11.19-472.10]	Illumina [425706] (imputed)	N	gallbladder neoplasm	http://purl.obolibrary.org/obo/MONDO_0021253	GCST001404	Genome-wide genotyping array
2012-03-08	22318345	Cha PC	2012-02-09	J Hum Genet	www.ncbi.nlm.nih.gov/pubmed/22318345	A genome-wide association study identifies SNP in DCC is associated with gallbladder cancer in the Japanese population.	Gallbladder cancer	41 Japanese ancestry cases, 866 Japanese ancestry controls	30 Japanese ancestry cases, 898 Japanese ancestry controls	7q31.1	7	109512654	NR	BUB3P1 - EIF3IP1	ENSG00000227968	ENSG00000237064		517625	446564	rs10953615-C	rs10953615	0	10953615	intergenic_variant	1	0.11	9E-6	5.045757490560675		7.51	[3.08-18.30]	Illumina [425706] (imputed)	N	gallbladder neoplasm	http://purl.obolibrary.org/obo/MONDO_0021253	GCST001404	Genome-wide genotyping array
2008-09-25	18794855	Kiemeney LA	2008-09-14	Nat Genet	www.ncbi.nlm.nih.gov/pubmed/18794855	Sequence variant on 8q24 confers susceptibility to urinary bladder cancer.	Urinary bladder cancer	1,803 European ancestry cases, 34,336 European ancestry controls	2,165 European ancestry cases, 3,800 European ancestry controls	3q28	3	189928144	TP63	TP63 - P3H2	ENSG00000073282	ENSG00000090530		30868	28584	rs710521-A	rs710521	0	710521	intergenic_variant	1	0.73	1E-7	7.0		1.19	[1.12-1.27]	Illumina [302140]	N	urinary bladder carcinoma	http://purl.obolibrary.org/obo/MONDO_0004986	GCST000231	Genome-wide genotyping array
2008-09-25	18794855	Kiemeney LA	2008-09-14	Nat Genet	www.ncbi.nlm.nih.gov/pubmed/18794855	Sequence variant on 8q24 confers susceptibility to urinary bladder cancer.	Urinary bladder cancer	1,803 European ancestry cases, 34,336 European ancestry controls	2,165 European ancestry cases, 3,800 European ancestry controls	8q24.21	8	127705823	MYC, BC042052	CASC11			ENSG00000249375			rs9642880-T	rs9642880	0	9642880	intron_variant	0	0.45	9E-12	11.045757490560675		1.22	[1.15-1.29]	Illumina [302140]	N	urinary bladder carcinoma	http://purl.obolibrary.org/obo/MONDO_0004986	GCST000231	Genome-wide genotyping array
2009-08-21	19648920	Wu X	2009-08-02	Nat Genet	www.ncbi.nlm.nih.gov/pubmed/19648920	Genetic variation in the prostate stem cell antigen gene PSCA confers susceptibility to urinary bladder cancer.	Bladder cancer	969 European ancestry cases, 957 European ancestry controls	5,698 European ancestry cases, 38,633 European ancestry controls	8q24.3	8	142680513	PSCA	JRK, PSCA			ENSG00000234616, ENSG00000167653			rs2294008-T	rs2294008	0	2294008	5_prime_UTR_variant	0	0.46	2E-10	9.698970004336019		1.15	[1.10-1.20]	Illumina [556429]	N	urinary bladder carcinoma	http://purl.obolibrary.org/obo/MONDO_0004986	GCST000454	Genome-wide genotyping array
2010-04-14	20348956	Kiemeney LA	2010-03-28	Nat Genet	www.ncbi.nlm.nih.gov/pubmed/20348956	A sequence variant at 4p16.3 confers susceptibility to urinary bladder cancer.	Urinary bladder cancer	1,889 European ancestry cases, 39,310 European ancestry controls	2,850 European ancestry cases, 6,239 European ancestry controls	8q24.21	8	127705823	MYC	CASC11			ENSG00000249375			rs9642880-T	rs9642880	0	9642880	intron_variant	0	0.44	7E-12	11.154901959985743		1.21	[1.15-1.28]	Illumina [304703]	N	urinary bladder carcinoma	http://purl.obolibrary.org/obo/MONDO_0004986	GCST000639	Genome-wide genotyping array
2010-04-14	20348956	Kiemeney LA	2010-03-28	Nat Genet	www.ncbi.nlm.nih.gov/pubmed/20348956	A sequence variant at 4p16.3 confers susceptibility to urinary bladder cancer.	Urinary bladder cancer	1,889 European ancestry cases, 39,310 European ancestry controls	2,850 European ancestry cases, 6,239 European ancestry controls	4p16.3	4	1732512	TMEM129, SLBP, TACC3, FGFR3	TACC3			ENSG00000013810			rs798766-T	rs798766	0	798766	intron_variant	0	0.19	1E-11	11.0		1.24	[1.17-1.32]	Illumina [304703]	N	urinary bladder carcinoma	http://purl.obolibrary.org/obo/MONDO_0004986	GCST000639	Genome-wide genotyping array
2010-04-14	20348956	Kiemeney LA	2010-03-28	Nat Genet	www.ncbi.nlm.nih.gov/pubmed/20348956	A sequence variant at 4p16.3 confers susceptibility to urinary bladder cancer.	Urinary bladder cancer	1,889 European ancestry cases, 39,310 European ancestry controls	2,850 European ancestry cases, 6,239 European ancestry controls	3q28	3	189928144	TP63	TP63 - P3H2	ENSG00000073282	ENSG00000090530		30868	28584	rs710521-A	rs710521	0	710521	intergenic_variant	1	0.73	6E-8	7.221848749616356		1.19	[1.12-1.27]	Illumina [304703]	N	urinary bladder carcinoma	http://purl.obolibrary.org/obo/MONDO_0004986	GCST000639	Genome-wide genotyping array
2014-11-02	24662972	Figueroa JD	2014-03-24	Carcinogenesis	www.ncbi.nlm.nih.gov/pubmed/24662972	Genome-wide interaction study of smoking and bladder cancer risk.	Bladder cancer (smoking interaction)	560 European ancestry never smoker cases, 2,442 European ancestry ever smoker cases, 1,406 European ancestry never smoker controls, 3,005 European ancestry ever smoker controls	494 European ancestry never smoker cases, 1,927 European ancestry ever smoker cases, 2,257 European ancestry never smoker controls, 3,490 European ancestry ever smoker controls	6p25.3	6	1402302	FOXF2	FOXF2 - RN7SL352P	ENSG00000137273	ENSG00000243439		6699	105020	rs1711973-?	rs1711973	0	1711973	intergenic_variant	1	NR	3E-6	5.522878745280337	(multiplicative, prospective analysis)			Illumina [491011]	N	urinary bladder carcinoma	http://purl.obolibrary.org/obo/MONDO_0004986	GCST002397	Genome-wide genotyping array
2014-11-02	24662972	Figueroa JD	2014-03-24	Carcinogenesis	www.ncbi.nlm.nih.gov/pubmed/24662972	Genome-wide interaction study of smoking and bladder cancer risk.	Bladder cancer (smoking interaction)	560 European ancestry never smoker cases, 2,442 European ancestry ever smoker cases, 1,406 European ancestry never smoker controls, 3,005 European ancestry ever smoker controls	494 European ancestry never smoker cases, 1,927 European ancestry ever smoker cases, 2,257 European ancestry never smoker controls, 3,490 European ancestry ever smoker controls	7q36.2	7	155109147	HTR5A, PAXIP1, INSIG1	HTR5A - RN7SKP280	ENSG00000157219	ENSG00000201066		21755	72734	rs2969540-?	rs2969540	0	2969540	intergenic_variant	1	NR	2E-6	5.698970004336019	(multiplicative, retrospective analysis)			Illumina [491011]	N	urinary bladder carcinoma	http://purl.obolibrary.org/obo/MONDO_0004986	GCST002397	Genome-wide genotyping array
2014-11-02	24662972	Figueroa JD	2014-03-24	Carcinogenesis	www.ncbi.nlm.nih.gov/pubmed/24662972	Genome-wide interaction study of smoking and bladder cancer risk.	Bladder cancer (smoking interaction)	560 European ancestry never smoker cases, 2,442 European ancestry ever smoker cases, 1,406 European ancestry never smoker controls, 3,005 European ancestry ever smoker controls	494 European ancestry never smoker cases, 1,927 European ancestry ever smoker cases, 2,257 European ancestry never smoker controls, 3,490 European ancestry ever smoker controls	7q22.3	7	107142238	PRKAR2B	PRKAR2B			ENSG00000005249			rs3752645-?	rs3752645	0	3752645	intron_variant	0	NR	6E-6	5.221848749616356	(multiplicative, prospective analysis)			Illumina [491011]	N	urinary bladder carcinoma	http://purl.obolibrary.org/obo/MONDO_0004986	GCST002397	Genome-wide genotyping array
2014-11-02	24662972	Figueroa JD	2014-03-24	Carcinogenesis	www.ncbi.nlm.nih.gov/pubmed/24662972	Genome-wide interaction study of smoking and bladder cancer risk.	Bladder cancer (smoking interaction)	560 European ancestry never smoker cases, 2,442 European ancestry ever smoker cases, 1,406 European ancestry never smoker controls, 3,005 European ancestry ever smoker controls	494 European ancestry never smoker cases, 1,927 European ancestry ever smoker cases, 2,257 European ancestry never smoker controls, 3,490 European ancestry ever smoker controls	6q25.3	6	158947492	TAGAP, RSPH3, EZR	LINC02901			ENSG00000203711			rs12216499-?	rs12216499	0	12216499	intron_variant	0	NR	1E-6	6.0	(additive, prospective analysis)			Illumina [491011]	N	urinary bladder carcinoma	http://purl.obolibrary.org/obo/MONDO_0004986	GCST002397	Genome-wide genotyping array
2014-11-02	24662972	Figueroa JD	2014-03-24	Carcinogenesis	www.ncbi.nlm.nih.gov/pubmed/24662972	Genome-wide interaction study of smoking and bladder cancer risk.	Bladder cancer (smoking interaction)	560 European ancestry never smoker cases, 2,442 European ancestry ever smoker cases, 1,406 European ancestry never smoker controls, 3,005 European ancestry ever smoker controls	494 European ancestry never smoker cases, 1,927 European ancestry ever smoker cases, 2,257 European ancestry never smoker controls, 3,490 European ancestry ever smoker controls	15q13.3	15	32834253	FMN1	FMN1			ENSG00000248905			rs1258767-?	rs1258767	0	1258767	intron_variant	0	NR	7E-7	6.154901959985743	(additive, retrospective analysis)			Illumina [491011]	N	urinary bladder carcinoma	http://purl.obolibrary.org/obo/MONDO_0004986	GCST002397	Genome-wide genotyping array
2014-05-01	24163127	Figueroa JD	2013-10-24	Hum Mol Genet	www.ncbi.nlm.nih.gov/pubmed/24163127	Genome-wide association study identifies multiple loci associated with bladder cancer risk.	Bladder cancer	6,911 European ancestry cases, 11,818 European ancestry controls	801 cases, 1,307 controls	20p12.2	20	11007451	C20orf187, LOC339593	LINC02871			ENSG00000125899			rs6104690-A	rs6104690	0	6104690	intron_variant	0	0.56	7E-7	6.154901959985743		1.1236	[1.08-1.18]	Illumina [462190]	N	urinary bladder carcinoma	http://purl.obolibrary.org/obo/MONDO_0004986	GCST002243	Genome-wide genotyping array
2014-05-01	24163127	Figueroa JD	2013-10-24	Hum Mol Genet	www.ncbi.nlm.nih.gov/pubmed/24163127	Genome-wide association study identifies multiple loci associated with bladder cancer risk.	Bladder cancer	6,911 European ancestry cases, 11,818 European ancestry controls	801 cases, 1,307 controls	11p15.5	11	1852842	LSP1	LSP1			ENSG00000130592			rs907611-A	rs907611	0	907611	intron_variant	0	0.31	4E-8	7.3979400086720375		1.15	[1.09-1.21]	Illumina [462190]	N	urinary bladder carcinoma	http://purl.obolibrary.org/obo/MONDO_0004986	GCST002243	Genome-wide genotyping array
2014-05-01	24163127	Figueroa JD	2013-10-24	Hum Mol Genet	www.ncbi.nlm.nih.gov/pubmed/24163127	Genome-wide association study identifies multiple loci associated with bladder cancer risk.	Bladder cancer	6,911 European ancestry cases, 11,818 European ancestry controls	801 cases, 1,307 controls	3q26.2	3	169774313	ACTRT3, MYNN, TERC, LRRC34	MYNN			ENSG00000085274			rs10936599-C	rs10936599	0	10936599	missense_variant	0	0.76	5E-9	8.301029995663981		1.1765	[1.11-1.23]	Illumina [462190]	N	urinary bladder carcinoma	http://purl.obolibrary.org/obo/MONDO_0004986	GCST002243	Genome-wide genotyping array
2014-05-01	24163127	Figueroa JD	2013-10-24	Hum Mol Genet	www.ncbi.nlm.nih.gov/pubmed/24163127	Genome-wide association study identifies multiple loci associated with bladder cancer risk.	Bladder cancer	6,911 European ancestry cases, 11,818 European ancestry controls	801 cases, 1,307 controls	6p22.3	6	20751084	NR	CDKAL1			ENSG00000145996			rs7747724-?	rs7747724	0	7747724	intron_variant	0	NR	1E-6	6.0		1.11	[1.06-1.16]	Illumina [462190]	N	urinary bladder carcinoma	http://purl.obolibrary.org/obo/MONDO_0004986	GCST002243	Genome-wide genotyping array
2014-05-01	24163127	Figueroa JD	2013-10-24	Hum Mol Genet	www.ncbi.nlm.nih.gov/pubmed/24163127	Genome-wide association study identifies multiple loci associated with bladder cancer risk.	Bladder cancer	6,911 European ancestry cases, 11,818 European ancestry controls	801 cases, 1,307 controls	6p22.3	6	20766466	CDKAL1	CDKAL1			ENSG00000145996			rs4510656-C	rs4510656	0	4510656	intron_variant	0	0.55	7E-7	6.154901959985743		1.1236	[1.08-1.18]	Illumina [462190]	N	urinary bladder carcinoma	http://purl.obolibrary.org/obo/MONDO_0004986	GCST002243	Genome-wide genotyping array
2014-05-01	24163127	Figueroa JD	2013-10-24	Hum Mol Genet	www.ncbi.nlm.nih.gov/pubmed/24163127	Genome-wide association study identifies multiple loci associated with bladder cancer risk.	Bladder cancer	6,911 European ancestry cases, 11,818 European ancestry controls	801 cases, 1,307 controls	8q21.13	8	81074718	NR	PAG1			ENSG00000076641			rs5003154-?	rs5003154	0	5003154	intron_variant	0	NR	1E-6	6.0		1.11	[1.06-1.16]	Illumina [462190]	N	urinary bladder carcinoma	http://purl.obolibrary.org/obo/MONDO_0004986	GCST002243	Genome-wide genotyping array
2014-05-01	24163127	Figueroa JD	2013-10-24	Hum Mol Genet	www.ncbi.nlm.nih.gov/pubmed/24163127	Genome-wide association study identifies multiple loci associated with bladder cancer risk.	Bladder cancer	6,911 European ancestry cases, 11,818 European ancestry controls	801 cases, 1,307 controls	13q34	13	113004794	NR	MCF2L			ENSG00000126217			rs4907479-?	rs4907479	0	4907479	intron_variant	0	NR	3E-6	5.522878745280337		1.13	[1.07-1.18]	Illumina [462190]	N	urinary bladder carcinoma	http://purl.obolibrary.org/obo/MONDO_0004986	GCST002243	Genome-wide genotyping array
2014-05-01	24163127	Figueroa JD	2013-10-24	Hum Mol Genet	www.ncbi.nlm.nih.gov/pubmed/24163127	Genome-wide association study identifies multiple loci associated with bladder cancer risk.	Bladder cancer	up to 2,305 European ancestry cases, up to 3,901 European ancestry controls	up to 13,298 cases, up to 54,535 controls	2q37.1	2	233656637	UGT1A	UGT1A8, UGT1A10			ENSG00000242366, ENSG00000242515			rs11892031-A	rs11892031	0	11892031	intron_variant	0	0.92	1E-7	7.0		1.17	[1.11-1.25]	Illumina [462190]	N	urinary bladder carcinoma	http://purl.obolibrary.org/obo/MONDO_0004986	GCST002240	Genome-wide genotyping array
2014-05-01	24163127	Figueroa JD	2013-10-24	Hum Mol Genet	www.ncbi.nlm.nih.gov/pubmed/24163127	Genome-wide association study identifies multiple loci associated with bladder cancer risk.	Bladder cancer	up to 2,305 European ancestry cases, up to 3,901 European ancestry controls	up to 13,298 cases, up to 54,535 controls	3q28	3	189928144	TP63	TP63 - P3H2	ENSG00000073282	ENSG00000090530		30868	28584	rs710521-A	rs710521	0	710521	intergenic_variant	1	0.73	2E-11	10.698970004336019		1.14	[1.10-1.19]	Illumina [462190]	N	urinary bladder carcinoma	http://purl.obolibrary.org/obo/MONDO_0004986	GCST002240	Genome-wide genotyping array
2014-05-01	24163127	Figueroa JD	2013-10-24	Hum Mol Genet	www.ncbi.nlm.nih.gov/pubmed/24163127	Genome-wide association study identifies multiple loci associated with bladder cancer risk.	Bladder cancer	up to 2,305 European ancestry cases, up to 3,901 European ancestry controls	up to 13,298 cases, up to 54,535 controls	4p16.3	4	1732512	TMEM129, TACC3, FGFR3	TACC3			ENSG00000013810			rs798766-T	rs798766	0	798766	intron_variant	0	0.19	7E-25	24.154901959985743		1.22	[1.18-1.27]	Illumina [462190]	N	urinary bladder carcinoma	http://purl.obolibrary.org/obo/MONDO_0004986	GCST002240	Genome-wide genotyping array
2014-05-01	24163127	Figueroa JD	2013-10-24	Hum Mol Genet	www.ncbi.nlm.nih.gov/pubmed/24163127	Genome-wide association study identifies multiple loci associated with bladder cancer risk.	Bladder cancer	up to 2,305 European ancestry cases, up to 3,901 European ancestry controls	up to 13,298 cases, up to 54,535 controls	5p15.33	5	1321972	TERT, CLPTML	CLPTM1L			ENSG00000049656			rs401681-C	rs401681	0	401681	intron_variant	0	0.54	4E-11	10.397940008672037		1.12	[1.08-1.16]	Illumina [462190]	N	urinary bladder carcinoma	http://purl.obolibrary.org/obo/MONDO_0004986	GCST002240	Genome-wide genotyping array
2014-05-01	24163127	Figueroa JD	2013-10-24	Hum Mol Genet	www.ncbi.nlm.nih.gov/pubmed/24163127	Genome-wide association study identifies multiple loci associated with bladder cancer risk.	Bladder cancer	up to 2,305 European ancestry cases, up to 3,901 European ancestry controls	up to 13,298 cases, up to 54,535 controls	8p22	8	18415371	NAT2	NAT2 - PSD3	ENSG00000156006	ENSG00000156011		14153	111932	rs1495741-A	rs1495741	0	1495741	intergenic_variant	1	0.8	2E-10	9.698970004336019		1.14	[1.09-1.18]	Illumina [462190]	N	urinary bladder carcinoma	http://purl.obolibrary.org/obo/MONDO_0004986	GCST002240	Genome-wide genotyping array
2014-05-01	24163127	Figueroa JD	2013-10-24	Hum Mol Genet	www.ncbi.nlm.nih.gov/pubmed/24163127	Genome-wide association study identifies multiple loci associated with bladder cancer risk.	Bladder cancer	up to 2,305 European ancestry cases, up to 3,901 European ancestry controls	up to 13,298 cases, up to 54,535 controls	12q12	12	38045401	PSCA	ZNF970P - AK6P2	ENSG00000258368	ENSG00000257173		469017	33128	rs2294008-T	rs2204008	0	2204008	intergenic_variant	1	0.46	3E-15	14.522878745280337		1.13	[1.10-1.16]	Illumina [462190]	N	urinary bladder carcinoma	http://purl.obolibrary.org/obo/MONDO_0004986	GCST002240	Genome-wide genotyping array
2014-05-01	24163127	Figueroa JD	2013-10-24	Hum Mol Genet	www.ncbi.nlm.nih.gov/pubmed/24163127	Genome-wide association study identifies multiple loci associated with bladder cancer risk.	Bladder cancer	up to 2,305 European ancestry cases, up to 3,901 European ancestry controls	up to 13,298 cases, up to 54,535 controls	8q24.21	8	127705823	intergenic	CASC11			ENSG00000249375			rs9642880-T	rs9642880	0	9642880	intron_variant	0	0.45	4E-38	37.39794000867204		1.24	[1.20-1.28]	Illumina [462190]	N	urinary bladder carcinoma	http://purl.obolibrary.org/obo/MONDO_0004986	GCST002240	Genome-wide genotyping array
2014-05-01	24163127	Figueroa JD	2013-10-24	Hum Mol Genet	www.ncbi.nlm.nih.gov/pubmed/24163127	Genome-wide association study identifies multiple loci associated with bladder cancer risk.	Bladder cancer	up to 2,305 European ancestry cases, up to 3,901 European ancestry controls	up to 13,298 cases, up to 54,535 controls	18q12.3	18	45737317	SLC14A2	SLC14A1			ENSG00000141469			rs10775480-T	rs10775480	0	10775480	intron_variant	0	0.43	6E-8	7.221848749616356		1.13	[1.08-1.19]	Illumina [462190]	N	urinary bladder carcinoma	http://purl.obolibrary.org/obo/MONDO_0004986	GCST002240	Genome-wide genotyping array
2014-05-01	24163127	Figueroa JD	2013-10-24	Hum Mol Genet	www.ncbi.nlm.nih.gov/pubmed/24163127	Genome-wide association study identifies multiple loci associated with bladder cancer risk.	Bladder cancer	up to 2,305 European ancestry cases, up to 3,901 European ancestry controls	up to 13,298 cases, up to 54,535 controls	19q12	19	29805946	CCNE1	C19orf12 - CCNE1	ENSG00000131943	ENSG00000105173		89886	5525	rs8102137-C	rs8102137	0	8102137	regulatory_region_variant	1	0.33	1E-11	11.0		1.13	[1.09-1.17]	Illumina [462190]	N	urinary bladder carcinoma	http://purl.obolibrary.org/obo/MONDO_0004986	GCST002240	Genome-wide genotyping array
2014-05-01	24163127	Figueroa JD	2013-10-24	Hum Mol Genet	www.ncbi.nlm.nih.gov/pubmed/24163127	Genome-wide association study identifies multiple loci associated with bladder cancer risk.	Bladder cancer	up to 2,305 European ancestry cases, up to 3,901 European ancestry controls	up to 13,298 cases, up to 54,535 controls	22q13.1	22	38936618	CBX6, APOBEC3A	CBX6 - APOBEC3A	ENSG00000183741	ENSG00000128383		64369	16123	rs1014971-T	rs1014971	0	1014971	intergenic_variant	1	0.62	1E-11	11.0		1.13	[1.09-1.17]	Illumina [462190]	N	urinary bladder carcinoma	http://purl.obolibrary.org/obo/MONDO_0004986	GCST002240	Genome-wide genotyping array
2015-05-23	25281661	Matsuda K	2014-10-03	Hum Mol Genet	www.ncbi.nlm.nih.gov/pubmed/25281661	Genome-wide association study identified SNP on 15q24 associated with bladder cancer risk in Japanese population.	Bladder cancer	531 Japanese ancestry cases, 5,581 Japanese ancestry conrols	592 Japanese ancestry cases, 6,964 Japanese ancestry controls, 3,508 European ancestry cases, 5,101 European ancestry controls	15q24.1	15	74619987	CLK3, CYP1A2	CLK3			ENSG00000179335			rs11543198-G	rs11543198	0	11543198	intron_variant	0	0.78	4E-9	8.397940008672037	(Japanese)	1.41	[1.26-1.59]	Illumina [554389]	N	urinary bladder carcinoma	http://purl.obolibrary.org/obo/MONDO_0004986	GCST002645	Genome-wide genotyping array
2014-11-27	24861552	Rafnar T	2014-05-26	Hum Mol Genet	www.ncbi.nlm.nih.gov/pubmed/24861552	Genome-wide association study yields variants at 20p12.2 that associate with urinary bladder cancer.	Urinary bladder cancer	1,670 European ancestry cases, 90,180 European ancestry controls	5,241 European ancestry cases, 10,456 European ancestry controls	8q24.21	8	127707639	MYC, POU5F1B, PVT1	CASC11			ENSG00000249375			rs10094872-T	rs10094872	0	10094872	intron_variant	0	0.411	2E-7	6.698970004336019		1.26		Illumina [34200000] (imputed)	N	urinary bladder carcinoma	http://purl.obolibrary.org/obo/MONDO_0004986	GCST002460	Genome-wide genotyping array
2014-11-27	24861552	Rafnar T	2014-05-26	Hum Mol Genet	www.ncbi.nlm.nih.gov/pubmed/24861552	Genome-wide association study yields variants at 20p12.2 that associate with urinary bladder cancer.	Urinary bladder cancer	1,670 European ancestry cases, 90,180 European ancestry controls	5,241 European ancestry cases, 10,456 European ancestry controls	20p12.2	20	10981287	JAG1	LINC01752 - LINC02871	ENSG00000224961	ENSG00000125899		66752	5306	rs62185668-A	rs62185668	0	62185668	intron_variant	1	0.236	2E-11	10.698970004336019		1.19	[1.13-1.26]	Illumina [34200000] (imputed)	N	urinary bladder carcinoma	http://purl.obolibrary.org/obo/MONDO_0004986	GCST002460	Genome-wide genotyping array
2020-11-13	32887889	Rashkin SR	2020-09-04	Nat Commun	www.ncbi.nlm.nih.gov/pubmed/32887889	Pan-cancer study detects genetic risk variants and shared genetic basis in two large cohorts.	Bladder cancer	2,242 European ancestry cases, 410,350 European ancestry controls	NA	19q13.2	19	39230325		SYCN - IFNL3P1	ENSG00000179751	ENSG00000268510		26062	6108	rs111249728-C	rs111249728	0	111249728	intron_variant	1	NR	3E-7	6.522878745280337		2.6845636	NR	Affymetrix [7846216] (imputed)	N	urinary bladder carcinoma	http://purl.obolibrary.org/obo/MONDO_0004986	GCST90011817	Genome-wide genotyping array
2020-11-13	32887889	Rashkin SR	2020-09-04	Nat Commun	www.ncbi.nlm.nih.gov/pubmed/32887889	Pan-cancer study detects genetic risk variants and shared genetic basis in two large cohorts.	Bladder cancer	2,242 European ancestry cases, 410,350 European ancestry controls	NA	2q37.2	2	234754157		LINC01173 - SH3BP4	ENSG00000280744	ENSG00000130147		30677	197860	rs111812445-A	rs111812445	0	111812445	intergenic_variant	1	0.018431	5E-7	6.301029995663981		1.8224896	NR	Affymetrix [7846216] (imputed)	N	urinary bladder carcinoma	http://purl.obolibrary.org/obo/MONDO_0004986	GCST90011817	Genome-wide genotyping array
2020-11-13	32887889	Rashkin SR	2020-09-04	Nat Commun	www.ncbi.nlm.nih.gov/pubmed/32887889	Pan-cancer study detects genetic risk variants and shared genetic basis in two large cohorts.	Bladder cancer	2,242 European ancestry cases, 410,350 European ancestry controls	NA	6p22.3	6	21795556		CASC15			ENSG00000272168			rs76088467-G	rs76088467	0	76088467	intron_variant	0	0.024718	2E-8	7.698970004336019		1.5588465	NR	Affymetrix [7846216] (imputed)	N	urinary bladder carcinoma	http://purl.obolibrary.org/obo/MONDO_0004986	GCST90011817	Genome-wide genotyping array
2020-11-13	32887889	Rashkin SR	2020-09-04	Nat Commun	www.ncbi.nlm.nih.gov/pubmed/32887889	Pan-cancer study detects genetic risk variants and shared genetic basis in two large cohorts.	Bladder cancer	2,242 European ancestry cases, 410,350 European ancestry controls	NA	8q24.21	8	127707639		CASC11			ENSG00000249375			rs10094872-T	rs10094872	0	10094872	intron_variant	0	NR	3E-11	10.522878745280337		1.2327416	NR	Affymetrix [7846216] (imputed)	N	urinary bladder carcinoma	http://purl.obolibrary.org/obo/MONDO_0004986	GCST90011817	Genome-wide genotyping array
2020-11-13	32887889	Rashkin SR	2020-09-04	Nat Commun	www.ncbi.nlm.nih.gov/pubmed/32887889	Pan-cancer study detects genetic risk variants and shared genetic basis in two large cohorts.	Bladder cancer	2,242 European ancestry cases, 410,350 European ancestry controls	NA	22q13.1	22	38954679		APOBEC3A			ENSG00000128383			rs56297045-A	rs56297045	0	56297045	intergenic_variant	0	NR	2E-7	6.698970004336019		1.2294075	NR	Affymetrix [7846216] (imputed)	N	urinary bladder carcinoma	http://purl.obolibrary.org/obo/MONDO_0004986	GCST90011817	Genome-wide genotyping array
2020-11-13	32887889	Rashkin SR	2020-09-04	Nat Commun	www.ncbi.nlm.nih.gov/pubmed/32887889	Pan-cancer study detects genetic risk variants and shared genetic basis in two large cohorts.	Bladder cancer	2,242 European ancestry cases, 410,350 European ancestry controls	NA	5p15.33	5	1300286		TERT - MIR4457	ENSG00000164362	ENSG00000263670		5201	9024	rs2736103-C	rs2736103	0	2736103	intergenic_variant	1	NR	3E-7	6.522878745280337		1.2052549	NR	Affymetrix [7846216] (imputed)	N	urinary bladder carcinoma	http://purl.obolibrary.org/obo/MONDO_0004986	GCST90011817	Genome-wide genotyping array
2020-11-13	32887889	Rashkin SR	2020-09-04	Nat Commun	www.ncbi.nlm.nih.gov/pubmed/32887889	Pan-cancer study detects genetic risk variants and shared genetic basis in two large cohorts.	Bladder cancer	2,242 European ancestry cases, 410,350 European ancestry controls	NA	8q24.3	8	142679026		JRK, PSCA			ENSG00000234616, ENSG00000167653			rs2920281-T	rs2920281	0	2920281	intergenic_variant	0	NR	2E-8	7.698970004336019		1.1884953	NR	Affymetrix [7846216] (imputed)	N	urinary bladder carcinoma	http://purl.obolibrary.org/obo/MONDO_0004986	GCST90011817	Genome-wide genotyping array
2020-11-13	32887889	Rashkin SR	2020-09-04	Nat Commun	www.ncbi.nlm.nih.gov/pubmed/32887889	Pan-cancer study detects genetic risk variants and shared genetic basis in two large cohorts.	Bladder cancer	2,242 European ancestry cases, 410,350 European ancestry controls	NA	3q28	3	189902464		TP63 - P3H2	ENSG00000073282	ENSG00000090530		5188	54264	rs13063162-A	rs13063162	0	13063162	intergenic_variant	1	NR	5E-7	6.301029995663981		1.1644	NR	Affymetrix [7846216] (imputed)	N	urinary bladder carcinoma	http://purl.obolibrary.org/obo/MONDO_0004986	GCST90011817	Genome-wide genotyping array
2020-11-13	32887889	Rashkin SR	2020-09-04	Nat Commun	www.ncbi.nlm.nih.gov/pubmed/32887889	Pan-cancer study detects genetic risk variants and shared genetic basis in two large cohorts.	Bladder cancer	2,242 European ancestry cases, 410,350 European ancestry controls	NA	12q23.1	12	95928824		CCDC38			ENSG00000165972			rs10777753-A	rs10777753	0	10777753	intron_variant	0	0.39793	7E-8	7.154901959985743		1.182	NR	Affymetrix [7846216] (imputed)	N	urinary bladder carcinoma	http://purl.obolibrary.org/obo/MONDO_0004986	GCST90011817	Genome-wide genotyping array
2020-11-13	32887889	Rashkin SR	2020-09-04	Nat Commun	www.ncbi.nlm.nih.gov/pubmed/32887889	Pan-cancer study detects genetic risk variants and shared genetic basis in two large cohorts.	Bladder cancer	2,242 European ancestry cases, 410,350 European ancestry controls	NA	4p16.3	4	1751697		TACC3 - FGFR3	ENSG00000013810	ENSG00000068078		6519	41589	rs11724531-A	rs11724531	0	11724531	regulatory_region_variant	1	NR	8E-12	11.096910013008056		1.2796	NR	Affymetrix [7846216] (imputed)	N	urinary bladder carcinoma	http://purl.obolibrary.org/obo/MONDO_0004986	GCST90011817	Genome-wide genotyping array
2025-07-29	40465716	Liu TY	2025-06-04	Sci Adv	www.ncbi.nlm.nih.gov/pubmed/40465716	Diversity and longitudinal records: Genetic architecture of disease associations and polygenic risk in the Taiwanese Han population.	Cancer of bladder (PheCode 189.2)	1,175 Han Taiwanese ancestry cases, 235,128 Han Taiwanese ancestry controls	NA	14q24.3	14	75958691		TGFB3, IFT43			ENSG00000119699, ENSG00000119650			rs3917217-?	rs3917217	0	3917217	3_prime_UTR_variant	0	NR	2E-7	6.698970004336019				Affymetrix [14181206] (imputed)	N	urinary bladder cancer	http://purl.obolibrary.org/obo/MONDO_0001187	GCST90651980	Genome-wide genotyping array
2026-02-02	39024449	Verma A	2024-07-19	Science	www.ncbi.nlm.nih.gov/pubmed/39024449	Diversity and scale: Genetic architecture of 2068 traits in the VA Million Veteran Program.	Malignant neoplasm of bladder (PheCode 189.21)	10,664 European ancestry cases, 438,177 European ancestry controls	NA	1p13.3	1	109687165		GSTM2			ENSG00000213366			rs36209093-C	rs36209093	0	36209093	intergenic_variant	0	0.4019	3E-18	17.522878745280337		0.168	[0.13-0.21] unit decrease	NR [44300000] (imputed)	N	urinary bladder cancer	http://purl.obolibrary.org/obo/MONDO_0001187	GCST90475599	Genome-wide genotyping array
2026-02-02	39024449	Verma A	2024-07-19	Science	www.ncbi.nlm.nih.gov/pubmed/39024449	Diversity and scale: Genetic architecture of 2068 traits in the VA Million Veteran Program.	Malignant neoplasm of bladder (PheCode 189.21)	10,664 European ancestry cases, 438,177 European ancestry controls	NA	5q35.2	5	174426678		LINC01411			ENSG00000249306			rs4446484-C	rs4446484	0	4446484	intron_variant	0	0.5606	2E-13	12.698970004336019		0.1048	[0.076-0.133] unit increase	NR [44300000] (imputed)	N	urinary bladder cancer	http://purl.obolibrary.org/obo/MONDO_0001187	GCST90475599	Genome-wide genotyping array
2026-02-02	39024449	Verma A	2024-07-19	Science	www.ncbi.nlm.nih.gov/pubmed/39024449	Diversity and scale: Genetic architecture of 2068 traits in the VA Million Veteran Program.	Malignant neoplasm of bladder (PheCode 189.21)	10,664 European ancestry cases, 438,177 European ancestry controls	NA	22q13.1	22	38945952		CBX6 - APOBEC3A	ENSG00000183741	ENSG00000128383		73703	6789	rs5750711-T	rs5750711	0	5750711	intergenic_variant	1	0.6548	1E-19	19.0		0.1383	[0.11-0.17] unit increase	NR [44300000] (imputed)	N	urinary bladder cancer	http://purl.obolibrary.org/obo/MONDO_0001187	GCST90475599	Genome-wide genotyping array
2026-02-02	39024449	Verma A	2024-07-19	Science	www.ncbi.nlm.nih.gov/pubmed/39024449	Diversity and scale: Genetic architecture of 2068 traits in the VA Million Veteran Program.	Malignant neoplasm of bladder (PheCode 189.21)	10,664 European ancestry cases, 438,177 European ancestry controls	NA	11p15.5	11	1852991		LSP1			ENSG00000130592			rs907612-C	rs907612	0	907612	intron_variant	0	0.6239	2E-13	12.698970004336019		0.1065	[0.078-0.135] unit decrease	NR [44300000] (imputed)	N	urinary bladder cancer	http://purl.obolibrary.org/obo/MONDO_0001187	GCST90475599	Genome-wide genotyping array
2026-02-02	39024449	Verma A	2024-07-19	Science	www.ncbi.nlm.nih.gov/pubmed/39024449	Diversity and scale: Genetic architecture of 2068 traits in the VA Million Veteran Program.	Malignant neoplasm of bladder (PheCode 189.21)	10,664 European ancestry cases, 438,177 European ancestry controls	NA											chr8:82001018-T	chr8:82001018	0			1	0.5014	2E-11	10.698970004336019		0.09493	[0.067-0.123] unit decrease	NR [44300000] (imputed)	N	urinary bladder cancer	http://purl.obolibrary.org/obo/MONDO_0001187	GCST90475599	Genome-wide genotyping array
2026-02-02	39024449	Verma A	2024-07-19	Science	www.ncbi.nlm.nih.gov/pubmed/39024449	Diversity and scale: Genetic architecture of 2068 traits in the VA Million Veteran Program.	Malignant neoplasm of bladder (PheCode 189.21)	10,664 European ancestry cases, 438,177 European ancestry controls	NA	5p15.33	5	1279913		TERT			ENSG00000164362			rs2242652-G	rs2242652	0	2242652	intron_variant	0	0.8104	2E-21	20.69897000433602		0.1894	[0.15-0.23] unit increase	NR [44300000] (imputed)	N	urinary bladder cancer	http://purl.obolibrary.org/obo/MONDO_0001187	GCST90475599	Genome-wide genotyping array
2026-02-02	39024449	Verma A	2024-07-19	Science	www.ncbi.nlm.nih.gov/pubmed/39024449	Diversity and scale: Genetic architecture of 2068 traits in the VA Million Veteran Program.	Malignant neoplasm of bladder (PheCode 189.21)	10,664 European ancestry cases, 438,177 European ancestry controls	NA	8q24.3	8	142683519		PSCA - LY6K	ENSG00000167653	ENSG00000160886		794	16592	rs2920295-A	rs2920295	0	2920295	intergenic_variant	1	0.5539	1E-45	45.0		0.1962	[0.17-0.22] unit decrease	NR [44300000] (imputed)	N	urinary bladder cancer	http://purl.obolibrary.org/obo/MONDO_0001187	GCST90475599	Genome-wide genotyping array
2026-02-02	39024449	Verma A	2024-07-19	Science	www.ncbi.nlm.nih.gov/pubmed/39024449	Diversity and scale: Genetic architecture of 2068 traits in the VA Million Veteran Program.	Cancer of bladder (PheCode 189.2)	11,744 European ancestry cases, 436,406 European ancestry controls	NA											chr4:1762287-A	chr4:1762287	0			1	0.2163	4E-18	17.397940008672037		0.1464	[0.11-0.18] unit increase	NR [44300000] (imputed)	N	urinary bladder cancer	http://purl.obolibrary.org/obo/MONDO_0001187	GCST90475598	Genome-wide genotyping array
2026-02-02	39024449	Verma A	2024-07-19	Science	www.ncbi.nlm.nih.gov/pubmed/39024449	Diversity and scale: Genetic architecture of 2068 traits in the VA Million Veteran Program.	Cancer of bladder (PheCode 189.2)	11,744 European ancestry cases, 436,406 European ancestry controls	NA											chr8:81982892-C	chr8:81982892	0			1	0.4941	5E-12	11.301029995663981		0.09483	[0.067-0.122] unit decrease	NR [44300000] (imputed)	N	urinary bladder cancer	http://purl.obolibrary.org/obo/MONDO_0001187	GCST90475598	Genome-wide genotyping array
2026-02-02	39024449	Verma A	2024-07-19	Science	www.ncbi.nlm.nih.gov/pubmed/39024449	Diversity and scale: Genetic architecture of 2068 traits in the VA Million Veteran Program.	Cancer of bladder (PheCode 189.2)	11,744 European ancestry cases, 436,406 European ancestry controls	NA											chr18:43305785-G	chr18:43305785	0			1	0.5136	2E-12	11.698970004336019		0.09272	[0.066-0.119] unit increase	NR [44300000] (imputed)	N	urinary bladder cancer	http://purl.obolibrary.org/obo/MONDO_0001187	GCST90475598	Genome-wide genotyping array
2026-02-02	39024449	Verma A	2024-07-19	Science	www.ncbi.nlm.nih.gov/pubmed/39024449	Diversity and scale: Genetic architecture of 2068 traits in the VA Million Veteran Program.	Cancer of bladder (PheCode 189.2)	11,744 European ancestry cases, 436,406 European ancestry controls	NA											chr20:10967162-G	chr20:10967162	0			1	0.7186	2E-11	10.698970004336019		0.09751	[0.069-0.126] unit decrease	NR [44300000] (imputed)	N	urinary bladder cancer	http://purl.obolibrary.org/obo/MONDO_0001187	GCST90475598	Genome-wide genotyping array
2026-02-02	39024449	Verma A	2024-07-19	Science	www.ncbi.nlm.nih.gov/pubmed/39024449	Diversity and scale: Genetic architecture of 2068 traits in the VA Million Veteran Program.	Cancer of bladder (PheCode 189.2)	11,744 European ancestry cases, 436,406 European ancestry controls	NA	8q24.21	8	127707639		CASC11			ENSG00000249375			rs10094872-A	rs10094872	0	10094872	intron_variant	0	0.671	6E-37	36.221848749616356		0.189	[0.16-0.22] unit decrease	NR [44300000] (imputed)	N	urinary bladder cancer	http://purl.obolibrary.org/obo/MONDO_0001187	GCST90475598	Genome-wide genotyping array
2026-02-02	39024449	Verma A	2024-07-19	Science	www.ncbi.nlm.nih.gov/pubmed/39024449	Diversity and scale: Genetic architecture of 2068 traits in the VA Million Veteran Program.	Cancer of bladder (PheCode 189.2)	11,744 European ancestry cases, 436,406 European ancestry controls	NA	6p22.3	6	21821984		CASC15			ENSG00000272168			rs142003747-T	rs142003747	0	142003747	intron_variant	0	0.6717	3E-15	14.522878745280337		0.1115	[0.083-0.14] unit decrease	NR [44300000] (imputed)	N	urinary bladder cancer	http://purl.obolibrary.org/obo/MONDO_0001187	GCST90475598	Genome-wide genotyping array
2026-02-02	39024449	Verma A	2024-07-19	Science	www.ncbi.nlm.nih.gov/pubmed/39024449	Diversity and scale: Genetic architecture of 2068 traits in the VA Million Veteran Program.	Cancer of bladder (PheCode 189.2)	11,744 European ancestry cases, 436,406 European ancestry controls	NA	5p15.33	5	1279913		TERT			ENSG00000164362			rs2242652-G	rs2242652	0	2242652	intron_variant	0	0.8104	6E-21	20.221848749616356		0.1786	[0.14-0.22] unit increase	NR [44300000] (imputed)	N	urinary bladder cancer	http://purl.obolibrary.org/obo/MONDO_0001187	GCST90475598	Genome-wide genotyping array
2026-02-02	39024449	Verma A	2024-07-19	Science	www.ncbi.nlm.nih.gov/pubmed/39024449	Diversity and scale: Genetic architecture of 2068 traits in the VA Million Veteran Program.	Cancer of bladder (PheCode 189.2)	11,744 European ancestry cases, 436,406 European ancestry controls	NA	8q24.3	8	142683519		PSCA - LY6K	ENSG00000167653	ENSG00000160886		794	16592	rs2920295-A	rs2920295	0	2920295	intergenic_variant	1	0.5539	2E-41	40.69897000433602		0.1782	[0.15-0.2] unit decrease	NR [44300000] (imputed)	N	urinary bladder cancer	http://purl.obolibrary.org/obo/MONDO_0001187	GCST90475598	Genome-wide genotyping array
2026-02-02	39024449	Verma A	2024-07-19	Science	www.ncbi.nlm.nih.gov/pubmed/39024449	Diversity and scale: Genetic architecture of 2068 traits in the VA Million Veteran Program.	Cancer of bladder (PheCode 189.2)	11,744 European ancestry cases, 436,406 European ancestry controls	NA	5q35.2	5	174426678		LINC01411			ENSG00000249306			rs4446484-C	rs4446484	0	4446484	intron_variant	0	0.5607	8E-13	12.096910013008056		0.09748	[0.07-0.125] unit increase	NR [44300000] (imputed)	N	urinary bladder cancer	http://purl.obolibrary.org/obo/MONDO_0001187	GCST90475598	Genome-wide genotyping array
2026-02-02	39024449	Verma A	2024-07-19	Science	www.ncbi.nlm.nih.gov/pubmed/39024449	Diversity and scale: Genetic architecture of 2068 traits in the VA Million Veteran Program.	Cancer of bladder (PheCode 189.2)	11,744 European ancestry cases, 436,406 European ancestry controls	NA	22q13.1	22	38945952		CBX6 - APOBEC3A	ENSG00000183741	ENSG00000128383		73703	6789	rs5750711-T	rs5750711	0	5750711	intergenic_variant	1	0.6548	2E-20	19.69897000433602		0.1345	[0.11-0.16] unit increase	NR [44300000] (imputed)	N	urinary bladder cancer	http://purl.obolibrary.org/obo/MONDO_0001187	GCST90475598	Genome-wide genotyping array
2026-02-02	39024449	Verma A	2024-07-19	Science	www.ncbi.nlm.nih.gov/pubmed/39024449	Diversity and scale: Genetic architecture of 2068 traits in the VA Million Veteran Program.	Cancer of bladder (PheCode 189.2)	11,744 European ancestry cases, 436,406 European ancestry controls	NA	11p15.5	11	1852991		LSP1			ENSG00000130592			rs907612-C	rs907612	0	907612	intron_variant	0	0.624	1E-13	13.0		0.1025	[0.075-0.13] unit decrease	NR [44300000] (imputed)	N	urinary bladder cancer	http://purl.obolibrary.org/obo/MONDO_0001187	GCST90475598	Genome-wide genotyping array
2026-02-02	39024449	Verma A	2024-07-19	Science	www.ncbi.nlm.nih.gov/pubmed/39024449	Diversity and scale: Genetic architecture of 2068 traits in the VA Million Veteran Program.	Cancer of bladder (PheCode 189.2)	11,744 European ancestry cases, 436,406 European ancestry controls	NA	13q34	13	112985357		MCF2L			ENSG00000126217			rs9577407-G	rs9577407	0	9577407	intron_variant	0	0.7359	4E-15	14.397940008672037		0.1158	[0.086-0.145] unit decrease	NR [44300000] (imputed)	N	urinary bladder cancer	http://purl.obolibrary.org/obo/MONDO_0001187	GCST90475598	Genome-wide genotyping array
2026-02-02	39024449	Verma A	2024-07-19	Science	www.ncbi.nlm.nih.gov/pubmed/39024449	Diversity and scale: Genetic architecture of 2068 traits in the VA Million Veteran Program.	Cancer of bladder (PheCode 189.2)	11,744 European ancestry cases, 436,406 European ancestry controls	NA											chr2:234582650-A	chr2:234582650	0			1	0.979	3E-13	12.522878745280337		0.41	[0.3-0.52] unit increase	NR [44300000] (imputed)	N	urinary bladder cancer	http://purl.obolibrary.org/obo/MONDO_0001187	GCST90475598	Genome-wide genotyping array
2026-02-02	39024449	Verma A	2024-07-19	Science	www.ncbi.nlm.nih.gov/pubmed/39024449	Diversity and scale: Genetic architecture of 2068 traits in the VA Million Veteran Program.	Cancer of bladder (PheCode 189.2)	11,744 European ancestry cases, 436,406 European ancestry controls	NA	8p22	8	18415790		NAT2 - PSD3	ENSG00000156006	ENSG00000156011		14572	111513	rs1495743-G	rs1495743	0	1495743	intergenic_variant	1	0.2333	1E-19	19.0		0.149	[0.12-0.18] unit decrease	NR [44300000] (imputed)	N	urinary bladder cancer	http://purl.obolibrary.org/obo/MONDO_0001187	GCST90475598	Genome-wide genotyping array
2026-02-02	39024449	Verma A	2024-07-19	Science	www.ncbi.nlm.nih.gov/pubmed/39024449	Diversity and scale: Genetic architecture of 2068 traits in the VA Million Veteran Program.	Cancer of bladder (PheCode 189.2)	11,744 European ancestry cases, 436,406 European ancestry controls	NA	1p13.3	1	109687165		GSTM2			ENSG00000213366			rs36209093-C	rs36209093	0	36209093	intergenic_variant	0	0.4019	6E-20	19.221848749616356		0.1684	[0.13-0.21] unit decrease	NR [44300000] (imputed)	N	urinary bladder cancer	http://purl.obolibrary.org/obo/MONDO_0001187	GCST90475598	Genome-wide genotyping array
2026-02-02	39024449	Verma A	2024-07-19	Science	www.ncbi.nlm.nih.gov/pubmed/39024449	Diversity and scale: Genetic architecture of 2068 traits in the VA Million Veteran Program.	Cancer of bladder (PheCode 189.2)	11,744 European ancestry cases, 436,406 European ancestry controls	NA	19q12	19	29828985		CCNE1 - PPIAP58	ENSG00000105173	ENSG00000267258		4672	92197	rs56285422-C	rs56285422	0	56285422	intergenic_variant	1	0.6832	4E-13	12.397940008672037		0.1039	[0.075-0.133] unit decrease	NR [44300000] (imputed)	N	urinary bladder cancer	http://purl.obolibrary.org/obo/MONDO_0001187	GCST90475598	Genome-wide genotyping array
2026-02-02	39024449	Verma A	2024-07-19	Science	www.ncbi.nlm.nih.gov/pubmed/39024449	Diversity and scale: Genetic architecture of 2068 traits in the VA Million Veteran Program.	Malignant neoplasm of bladder (PheCode 189.21)	10,664 European ancestry cases, 438,177 European ancestry controls	NA											chr2:234558275-C	chr2:234558275	0			1	0.9785	9E-13	12.045757490560675		0.4261	[0.31-0.54] unit increase	NR [44300000] (imputed)	N	urinary bladder cancer	http://purl.obolibrary.org/obo/MONDO_0001187	GCST90475599	Genome-wide genotyping array
2026-02-02	39024449	Verma A	2024-07-19	Science	www.ncbi.nlm.nih.gov/pubmed/39024449	Diversity and scale: Genetic architecture of 2068 traits in the VA Million Veteran Program.	Malignant neoplasm of bladder (PheCode 189.21)	10,664 European ancestry cases, 438,177 European ancestry controls	NA											chr3:189637587-C	chr3:189637587	0			1	0.7263	1E-14	14.0		0.1225	[0.091-0.154] unit increase	NR [44300000] (imputed)	N	urinary bladder cancer	http://purl.obolibrary.org/obo/MONDO_0001187	GCST90475599	Genome-wide genotyping array
2026-02-02	39024449	Verma A	2024-07-19	Science	www.ncbi.nlm.nih.gov/pubmed/39024449	Diversity and scale: Genetic architecture of 2068 traits in the VA Million Veteran Program.	Malignant neoplasm of bladder (PheCode 189.21)	10,664 European ancestry cases, 438,177 European ancestry controls	NA											chr4:1762287-A	chr4:1762287	0			1	0.2163	6E-17	16.221848749616356		0.148	[0.11-0.18] unit increase	NR [44300000] (imputed)	N	urinary bladder cancer	http://purl.obolibrary.org/obo/MONDO_0001187	GCST90475599	Genome-wide genotyping array
2026-02-02	39024449	Verma A	2024-07-19	Science	www.ncbi.nlm.nih.gov/pubmed/39024449	Diversity and scale: Genetic architecture of 2068 traits in the VA Million Veteran Program.	Malignant neoplasm of bladder (PheCode 189.21)	10,664 European ancestry cases, 438,177 European ancestry controls	NA											chr19:30344536-C	chr19:30344536	0			1	0.7426	1E-13	13.0		0.1167	[0.085-0.148] unit decrease	NR [44300000] (imputed)	N	urinary bladder cancer	http://purl.obolibrary.org/obo/MONDO_0001187	GCST90475599	Genome-wide genotyping array
2026-02-02	39024449	Verma A	2024-07-19	Science	www.ncbi.nlm.nih.gov/pubmed/39024449	Diversity and scale: Genetic architecture of 2068 traits in the VA Million Veteran Program.	Malignant neoplasm of bladder (PheCode 189.21)	10,664 European ancestry cases, 438,177 European ancestry controls	NA											chr20:10975210-A	chr20:10975210	0			1	0.7189	3E-11	10.522878745280337		0.1008	[0.071-0.131] unit decrease	NR [44300000] (imputed)	N	urinary bladder cancer	http://purl.obolibrary.org/obo/MONDO_0001187	GCST90475599	Genome-wide genotyping array
2026-02-02	39024449	Verma A	2024-07-19	Science	www.ncbi.nlm.nih.gov/pubmed/39024449	Diversity and scale: Genetic architecture of 2068 traits in the VA Million Veteran Program.	Malignant neoplasm of bladder (PheCode 189.21)	10,664 European ancestry cases, 438,177 European ancestry controls	NA	8q24.21	8	127707639		CASC11			ENSG00000249375			rs10094872-A	rs10094872	0	10094872	intron_variant	0	0.671	4E-35	34.39794000867204		0.1926	[0.16-0.22] unit decrease	NR [44300000] (imputed)	N	urinary bladder cancer	http://purl.obolibrary.org/obo/MONDO_0001187	GCST90475599	Genome-wide genotyping array
2026-02-02	39024449	Verma A	2024-07-19	Science	www.ncbi.nlm.nih.gov/pubmed/39024449	Diversity and scale: Genetic architecture of 2068 traits in the VA Million Veteran Program.	Malignant neoplasm of bladder (PheCode 189.21)	10,664 European ancestry cases, 438,177 European ancestry controls	NA	6p22.3	6	21821984		CASC15			ENSG00000272168			rs142003747-T	rs142003747	0	142003747	intron_variant	0	0.6717	1E-12	12.0		0.1056	[0.076-0.135] unit decrease	NR [44300000] (imputed)	N	urinary bladder cancer	http://purl.obolibrary.org/obo/MONDO_0001187	GCST90475599	Genome-wide genotyping array
2026-02-02	39024449	Verma A	2024-07-19	Science	www.ncbi.nlm.nih.gov/pubmed/39024449	Diversity and scale: Genetic architecture of 2068 traits in the VA Million Veteran Program.	Malignant neoplasm of bladder (PheCode 189.21)	10,664 European ancestry cases, 438,177 European ancestry controls	NA	13q34	13	112999532		MCF2L			ENSG00000126217			rs2993291-A	rs2993291	0	2993291	intron_variant	0	0.2731	2E-15	14.698970004336019		0.1281	[0.096-0.16] unit increase	NR [44300000] (imputed)	N	urinary bladder cancer	http://purl.obolibrary.org/obo/MONDO_0001187	GCST90475599	Genome-wide genotyping array
2026-02-02	39024449	Verma A	2024-07-19	Science	www.ncbi.nlm.nih.gov/pubmed/39024449	Diversity and scale: Genetic architecture of 2068 traits in the VA Million Veteran Program.	Malignant neoplasm of bladder (PheCode 189.21)	10,664 European ancestry cases, 438,177 European ancestry controls	NA	8p22	8	18415025		NAT2 - PSD3	ENSG00000156006	ENSG00000156011		13807	112278	rs35246381-C	rs35246381	0	35246381	intergenic_variant	1	0.2337	3E-21	20.522878745280337		0.163	[0.13-0.2] unit decrease	NR [44300000] (imputed)	N	urinary bladder cancer	http://purl.obolibrary.org/obo/MONDO_0001187	GCST90475599	Genome-wide genotyping array
2026-02-02	39024449	Verma A	2024-07-19	Science	www.ncbi.nlm.nih.gov/pubmed/39024449	Diversity and scale: Genetic architecture of 2068 traits in the VA Million Veteran Program.	Cancer of urinary organs (incl. kidney and bladder) (PheCode 189)	3,021 African American or Afro-Caribbean cases, 117,718 African American or Afro-Caribbean controls	NA											chr3:10115159-C	chr3:10115159	0			1	0.9312	2E-13	12.698970004336019		0.3504	[0.26-0.44] unit decrease	NR [44300000] (imputed)	N	urinary bladder cancer	http://purl.obolibrary.org/obo/MONDO_0001187	GCST90475592	Genome-wide genotyping array
2026-02-02	39024449	Verma A	2024-07-19	Science	www.ncbi.nlm.nih.gov/pubmed/39024449	Diversity and scale: Genetic architecture of 2068 traits in the VA Million Veteran Program.	Cancer of urinary organs (incl. kidney and bladder) (PheCode 189)	17,444 European ancestry cases, 429,350 European ancestry controls	NA											chr3:189645933-T	chr3:189645933	0			1	0.7256	3E-11	10.522878745280337		0.0825	[0.058-0.107] unit increase	NR [44300000] (imputed)	N	urinary bladder cancer	http://purl.obolibrary.org/obo/MONDO_0001187	GCST90475593	Genome-wide genotyping array
2026-02-02	39024449	Verma A	2024-07-19	Science	www.ncbi.nlm.nih.gov/pubmed/39024449	Diversity and scale: Genetic architecture of 2068 traits in the VA Million Veteran Program.	Cancer of urinary organs (incl. kidney and bladder) (PheCode 189)	17,444 European ancestry cases, 429,350 European ancestry controls	NA											chr4:1737262-T	chr4:1737262	0			1	0.2029	3E-14	13.522878745280337		0.1013	[0.075-0.128] unit increase	NR [44300000] (imputed)	N	urinary bladder cancer	http://purl.obolibrary.org/obo/MONDO_0001187	GCST90475593	Genome-wide genotyping array
2026-02-02	39024449	Verma A	2024-07-19	Science	www.ncbi.nlm.nih.gov/pubmed/39024449	Diversity and scale: Genetic architecture of 2068 traits in the VA Million Veteran Program.	Cancer of urinary organs (incl. kidney and bladder) (PheCode 189)	17,444 European ancestry cases, 429,350 European ancestry controls	NA											chr8:82001729-G	chr8:82001729	0			1	0.5046	3E-11	10.522878745280337		0.07474	[0.052-0.097] unit decrease	NR [44300000] (imputed)	N	urinary bladder cancer	http://purl.obolibrary.org/obo/MONDO_0001187	GCST90475593	Genome-wide genotyping array
2026-02-02	39024449	Verma A	2024-07-19	Science	www.ncbi.nlm.nih.gov/pubmed/39024449	Diversity and scale: Genetic architecture of 2068 traits in the VA Million Veteran Program.	Cancer of urinary organs (incl. kidney and bladder) (PheCode 189)	17,444 European ancestry cases, 429,350 European ancestry controls	NA											chr11:1876157-G	chr11:1876157	0			1	0.6849	5E-12	11.301029995663981		0.08076	[0.058-0.104] unit decrease	NR [44300000] (imputed)	N	urinary bladder cancer	http://purl.obolibrary.org/obo/MONDO_0001187	GCST90475593	Genome-wide genotyping array
2026-02-02	39024449	Verma A	2024-07-19	Science	www.ncbi.nlm.nih.gov/pubmed/39024449	Diversity and scale: Genetic architecture of 2068 traits in the VA Million Veteran Program.	Cancer of urinary organs (incl. kidney and bladder) (PheCode 189)	17,444 European ancestry cases, 429,350 European ancestry controls	NA	8q24.21	8	127707639		CASC11			ENSG00000249375			rs10094872-A	rs10094872	0	10094872	intron_variant	0	0.671	1E-32	32.0		0.1469	[0.12-0.17] unit decrease	NR [44300000] (imputed)	N	urinary bladder cancer	http://purl.obolibrary.org/obo/MONDO_0001187	GCST90475593	Genome-wide genotyping array
2026-02-02	39024449	Verma A	2024-07-19	Science	www.ncbi.nlm.nih.gov/pubmed/39024449	Diversity and scale: Genetic architecture of 2068 traits in the VA Million Veteran Program.	Cancer of urinary organs (incl. kidney and bladder) (PheCode 189)	17,444 European ancestry cases, 429,350 European ancestry controls	NA	6p22.3	6	21819670		CASC15			ENSG00000272168			rs12213012-G	rs12213012	0	12213012	intron_variant	0	0.6748	2E-13	12.698970004336019		0.08685	[0.063-0.11] unit decrease	NR [44300000] (imputed)	N	urinary bladder cancer	http://purl.obolibrary.org/obo/MONDO_0001187	GCST90475593	Genome-wide genotyping array
2026-02-02	39024449	Verma A	2024-07-19	Science	www.ncbi.nlm.nih.gov/pubmed/39024449	Diversity and scale: Genetic architecture of 2068 traits in the VA Million Veteran Program.	Cancer of urinary organs (incl. kidney and bladder) (PheCode 189)	17,444 European ancestry cases, 429,350 European ancestry controls	NA	5p15.33	5	1279913		TERT			ENSG00000164362			rs2242652-G	rs2242652	0	2242652	intron_variant	0	0.8104	1E-11	11.0		0.1031	[0.072-0.134] unit increase	NR [44300000] (imputed)	N	urinary bladder cancer	http://purl.obolibrary.org/obo/MONDO_0001187	GCST90475593	Genome-wide genotyping array
2026-02-02	39024449	Verma A	2024-07-19	Science	www.ncbi.nlm.nih.gov/pubmed/39024449	Diversity and scale: Genetic architecture of 2068 traits in the VA Million Veteran Program.	Cancer of urinary organs (incl. kidney and bladder) (PheCode 189)	17,444 European ancestry cases, 429,350 European ancestry controls	NA	8q24.3	8	142683519		PSCA - LY6K	ENSG00000167653	ENSG00000160886		794	16592	rs2920295-A	rs2920295	0	2920295	intergenic_variant	1	0.5538	4E-31	30.397940008672037		0.1265	[0.1-0.15] unit decrease	NR [44300000] (imputed)	N	urinary bladder cancer	http://purl.obolibrary.org/obo/MONDO_0001187	GCST90475593	Genome-wide genotyping array
2026-02-02	39024449	Verma A	2024-07-19	Science	www.ncbi.nlm.nih.gov/pubmed/39024449	Diversity and scale: Genetic architecture of 2068 traits in the VA Million Veteran Program.	Cancer of urinary organs (incl. kidney and bladder) (PheCode 189)	17,444 European ancestry cases, 429,350 European ancestry controls	NA	1p13.3	1	109687165		GSTM2			ENSG00000213366			rs36209093-C	rs36209093	0	36209093	intergenic_variant	0	0.4019	2E-11	10.698970004336019		0.1009	[0.071-0.131] unit decrease	NR [44300000] (imputed)	N	urinary bladder cancer	http://purl.obolibrary.org/obo/MONDO_0001187	GCST90475593	Genome-wide genotyping array
2026-02-02	39024449	Verma A	2024-07-19	Science	www.ncbi.nlm.nih.gov/pubmed/39024449	Diversity and scale: Genetic architecture of 2068 traits in the VA Million Veteran Program.	Cancer of urinary organs (incl. kidney and bladder) (PheCode 189)	17,444 European ancestry cases, 429,350 European ancestry controls	NA	19q12	19	29828985		CCNE1 - PPIAP58	ENSG00000105173	ENSG00000267258		4672	92197	rs56285422-C	rs56285422	0	56285422	intergenic_variant	1	0.6832	2E-19	18.69897000433602		0.1066	[0.083-0.13] unit decrease	NR [44300000] (imputed)	N	urinary bladder cancer	http://purl.obolibrary.org/obo/MONDO_0001187	GCST90475593	Genome-wide genotyping array
2026-02-02	39024449	Verma A	2024-07-19	Science	www.ncbi.nlm.nih.gov/pubmed/39024449	Diversity and scale: Genetic architecture of 2068 traits in the VA Million Veteran Program.	Cancer of bladder (PheCode 189.2)	11,744 European ancestry cases, 436,406 European ancestry controls	NA											chr3:189637587-C	chr3:189637587	0			1	0.7263	3E-14	13.522878745280337		0.1147	[0.085-0.145] unit increase	NR [44300000] (imputed)	N	urinary bladder cancer	http://purl.obolibrary.org/obo/MONDO_0001187	GCST90475598	Genome-wide genotyping array
2026-02-02	39024449	Verma A	2024-07-19	Science	www.ncbi.nlm.nih.gov/pubmed/39024449	Diversity and scale: Genetic architecture of 2068 traits in the VA Million Veteran Program.	Malignant neoplasm of bladder (PheCode 189.21)	1,055 African American or Afro-Caribbean cases, 120,313 African American or Afro-Caribbean controls, 10,664 European ancestry cases, 438,177 European ancestry controls, 554 Hispanic or Latin American cases, 59,108 Hispanic or Latin American controls	NA	1p13.3	1	109687165		GSTM2			ENSG00000213366			rs36209093-C	rs36209093	0	36209093	intergenic_variant	0	0.4624	1E-17	17.0		0.1627	[0.13-0.19] unit decrease	NR [44300000] (imputed)	N	urinary bladder cancer	http://purl.obolibrary.org/obo/MONDO_0001187	GCST90479809	Genome-wide genotyping array
2026-02-02	39024449	Verma A	2024-07-19	Science	www.ncbi.nlm.nih.gov/pubmed/39024449	Diversity and scale: Genetic architecture of 2068 traits in the VA Million Veteran Program.	Malignant neoplasm of bladder (PheCode 189.21)	1,055 African American or Afro-Caribbean cases, 120,313 African American or Afro-Caribbean controls, 10,664 European ancestry cases, 438,177 European ancestry controls, 554 Hispanic or Latin American cases, 59,108 Hispanic or Latin American controls	NA	3q28	3	189925884		TP63 - P3H2	ENSG00000073282	ENSG00000090530		28608	30844	rs837775-C	rs837775	0	837775	intergenic_variant	1	0.7606	5E-15	14.301029995663981		0.1249	[0.09-0.16] unit increase	NR [44300000] (imputed)	N	urinary bladder cancer	http://purl.obolibrary.org/obo/MONDO_0001187	GCST90479809	Genome-wide genotyping array
2026-02-02	39024449	Verma A	2024-07-19	Science	www.ncbi.nlm.nih.gov/pubmed/39024449	Diversity and scale: Genetic architecture of 2068 traits in the VA Million Veteran Program.	Malignant neoplasm of bladder (PheCode 189.21)	1,055 African American or Afro-Caribbean cases, 120,313 African American or Afro-Caribbean controls, 10,664 European ancestry cases, 438,177 European ancestry controls, 554 Hispanic or Latin American cases, 59,108 Hispanic or Latin American controls	NA	5p15.33	5	1279913		TERT			ENSG00000164362			rs2242652-G	rs2242652	0	2242652	intron_variant	0	0.8249	3E-20	19.522878745280337		0.1856	[0.14-0.23] unit increase	NR [44300000] (imputed)	N	urinary bladder cancer	http://purl.obolibrary.org/obo/MONDO_0001187	GCST90479809	Genome-wide genotyping array
2026-02-02	39024449	Verma A	2024-07-19	Science	www.ncbi.nlm.nih.gov/pubmed/39024449	Diversity and scale: Genetic architecture of 2068 traits in the VA Million Veteran Program.	Malignant neoplasm of bladder (PheCode 189.21)	1,055 African American or Afro-Caribbean cases, 120,313 African American or Afro-Caribbean controls, 10,664 European ancestry cases, 438,177 European ancestry controls, 554 Hispanic or Latin American cases, 59,108 Hispanic or Latin American controls	NA	5q35.2	5	174426678		LINC01411			ENSG00000249306			rs4446484-C	rs4446484	0	4446484	intron_variant	0	0.5926	2E-14	13.698970004336019		0.1084	[0.078-0.139] unit increase	NR [44300000] (imputed)	N	urinary bladder cancer	http://purl.obolibrary.org/obo/MONDO_0001187	GCST90479809	Genome-wide genotyping array
2026-02-02	39024449	Verma A	2024-07-19	Science	www.ncbi.nlm.nih.gov/pubmed/39024449	Diversity and scale: Genetic architecture of 2068 traits in the VA Million Veteran Program.	Malignant neoplasm of bladder (PheCode 189.21)	1,055 African American or Afro-Caribbean cases, 120,313 African American or Afro-Caribbean controls, 10,664 European ancestry cases, 438,177 European ancestry controls, 554 Hispanic or Latin American cases, 59,108 Hispanic or Latin American controls	NA	6p22.3	6	21821984		CASC15			ENSG00000272168			rs142003747-T	rs142003747	0	142003747	intron_variant	0	0.7286	1E-11	11.0		0.1024	[0.076-0.129] unit decrease	NR [44300000] (imputed)	N	urinary bladder cancer	http://purl.obolibrary.org/obo/MONDO_0001187	GCST90479809	Genome-wide genotyping array
2026-02-02	39024449	Verma A	2024-07-19	Science	www.ncbi.nlm.nih.gov/pubmed/39024449	Diversity and scale: Genetic architecture of 2068 traits in the VA Million Veteran Program.	Malignant neoplasm of bladder (PheCode 189.21)	1,055 African American or Afro-Caribbean cases, 120,313 African American or Afro-Caribbean controls, 10,664 European ancestry cases, 438,177 European ancestry controls, 554 Hispanic or Latin American cases, 59,108 Hispanic or Latin American controls	NA	8p22	8	18415025		NAT2 - PSD3	ENSG00000156006	ENSG00000156011		13807	112278	rs35246381-C	rs35246381	0	35246381	intergenic_variant	1	0.273	7E-20	19.154901959985743		0.1519	[0.12-0.18] unit decrease	NR [44300000] (imputed)	N	urinary bladder cancer	http://purl.obolibrary.org/obo/MONDO_0001187	GCST90479809	Genome-wide genotyping array
2026-02-02	39024449	Verma A	2024-07-19	Science	www.ncbi.nlm.nih.gov/pubmed/39024449	Diversity and scale: Genetic architecture of 2068 traits in the VA Million Veteran Program.	Malignant neoplasm of bladder (PheCode 189.21)	1,055 African American or Afro-Caribbean cases, 120,313 African American or Afro-Caribbean controls, 10,664 European ancestry cases, 438,177 European ancestry controls, 554 Hispanic or Latin American cases, 59,108 Hispanic or Latin American controls	NA	8q13.3	8	69894296		SLCO5A1-AS1 - RN7SL675P	ENSG00000246528	ENSG00000239580		39325	28455	rs114190422-G	rs114190422	0	114190422	intron_variant	1	0.9963	4E-11	10.397940008672037		1.6	[1.52-1.68] unit decrease	NR [44300000] (imputed)	N	urinary bladder cancer	http://purl.obolibrary.org/obo/MONDO_0001187	GCST90479809	Genome-wide genotyping array
2026-02-02	39024449	Verma A	2024-07-19	Science	www.ncbi.nlm.nih.gov/pubmed/39024449	Diversity and scale: Genetic architecture of 2068 traits in the VA Million Veteran Program.	Malignant neoplasm of bladder (PheCode 189.21)	1,055 African American or Afro-Caribbean cases, 120,313 African American or Afro-Caribbean controls, 10,664 European ancestry cases, 438,177 European ancestry controls, 554 Hispanic or Latin American cases, 59,108 Hispanic or Latin American controls	NA	8q24.21	8	127707639		CASC11			ENSG00000249375			rs10094872-A	rs10094872	0	10094872	intron_variant	0	0.6897	4E-37	36.39794000867204		0.1966	[0.17-0.22] unit decrease	NR [44300000] (imputed)	N	urinary bladder cancer	http://purl.obolibrary.org/obo/MONDO_0001187	GCST90479809	Genome-wide genotyping array
2026-02-02	39024449	Verma A	2024-07-19	Science	www.ncbi.nlm.nih.gov/pubmed/39024449	Diversity and scale: Genetic architecture of 2068 traits in the VA Million Veteran Program.	Malignant neoplasm of bladder (PheCode 189.21)	1,055 African American or Afro-Caribbean cases, 120,313 African American or Afro-Caribbean controls, 10,664 European ancestry cases, 438,177 European ancestry controls, 554 Hispanic or Latin American cases, 59,108 Hispanic or Latin American controls	NA	8q24.3	8	142682072		PSCA			ENSG00000167653			rs2978982-T	rs2978982	0	2978982	synonymous_variant	0	0.5568	1E-44	44.0		0.1909	[0.17-0.21] unit decrease	NR [44300000] (imputed)	N	urinary bladder cancer	http://purl.obolibrary.org/obo/MONDO_0001187	GCST90479809	Genome-wide genotyping array
2026-02-02	39024449	Verma A	2024-07-19	Science	www.ncbi.nlm.nih.gov/pubmed/39024449	Diversity and scale: Genetic architecture of 2068 traits in the VA Million Veteran Program.	Malignant neoplasm of bladder (PheCode 189.21)	1,055 African American or Afro-Caribbean cases, 120,313 African American or Afro-Caribbean controls, 10,664 European ancestry cases, 438,177 European ancestry controls, 554 Hispanic or Latin American cases, 59,108 Hispanic or Latin American controls	NA	11p15.5	11	1863796		LSP1			ENSG00000130592			rs11041540-A	rs11041540	0	11041540	intron_variant	0	0.8845	1E-12	12.0		0.1444	[0.11-0.18] unit decrease	NR [44300000] (imputed)	N	urinary bladder cancer	http://purl.obolibrary.org/obo/MONDO_0001187	GCST90479809	Genome-wide genotyping array
2026-02-02	39024449	Verma A	2024-07-19	Science	www.ncbi.nlm.nih.gov/pubmed/39024449	Diversity and scale: Genetic architecture of 2068 traits in the VA Million Veteran Program.	Malignant neoplasm of bladder (PheCode 189.21)	1,055 African American or Afro-Caribbean cases, 120,313 African American or Afro-Caribbean controls, 10,664 European ancestry cases, 438,177 European ancestry controls, 554 Hispanic or Latin American cases, 59,108 Hispanic or Latin American controls	NA	13q34	13	112985357		MCF2L			ENSG00000126217			rs9577407-G	rs9577407	0	9577407	intron_variant	0	0.7569	2E-13	12.698970004336019		0.1136	[0.087-0.14] unit decrease	NR [44300000] (imputed)	N	urinary bladder cancer	http://purl.obolibrary.org/obo/MONDO_0001187	GCST90479809	Genome-wide genotyping array
2026-02-02	39024449	Verma A	2024-07-19	Science	www.ncbi.nlm.nih.gov/pubmed/39024449	Diversity and scale: Genetic architecture of 2068 traits in the VA Million Veteran Program.	Malignant neoplasm of bladder (PheCode 189.21)	1,055 African American or Afro-Caribbean cases, 120,313 African American or Afro-Caribbean controls, 10,664 European ancestry cases, 438,177 European ancestry controls, 554 Hispanic or Latin American cases, 59,108 Hispanic or Latin American controls	NA	22q13.1	22	38945952		CBX6 - APOBEC3A	ENSG00000183741	ENSG00000128383		73703	6789	rs5750711-T	rs5750711	0	5750711	intergenic_variant	1	0.6311	1E-16	16.0		0.1221	[0.09-0.154] unit increase	NR [44300000] (imputed)	N	urinary bladder cancer	http://purl.obolibrary.org/obo/MONDO_0001187	GCST90479809	Genome-wide genotyping array
2026-02-02	39024449	Verma A	2024-07-19	Science	www.ncbi.nlm.nih.gov/pubmed/39024449	Diversity and scale: Genetic architecture of 2068 traits in the VA Million Veteran Program.	Malignant neoplasm of bladder (PheCode 189.21)	1,055 African American or Afro-Caribbean cases, 120,313 African American or Afro-Caribbean controls, 10,664 European ancestry cases, 438,177 European ancestry controls, 554 Hispanic or Latin American cases, 59,108 Hispanic or Latin American controls	NA	4p16.3	4	1759200		TACC3 - FGFR3	ENSG00000013810	ENSG00000068078		14022	34086	rs1530586-C	rs1530586	0	1530586	intergenic_variant	1	0.2539	2E-15	14.698970004336019		0.1326	[0.096-0.169] unit increase	NR [44300000] (imputed)	N	urinary bladder cancer	http://purl.obolibrary.org/obo/MONDO_0001187	GCST90479809	Genome-wide genotyping array
2026-02-02	39024449	Verma A	2024-07-19	Science	www.ncbi.nlm.nih.gov/pubmed/39024449	Diversity and scale: Genetic architecture of 2068 traits in the VA Million Veteran Program.	Malignant neoplasm of bladder (PheCode 189.21)	1,055 African American or Afro-Caribbean cases, 120,313 African American or Afro-Caribbean controls, 10,664 European ancestry cases, 438,177 European ancestry controls, 554 Hispanic or Latin American cases, 59,108 Hispanic or Latin American controls	NA	19q12	19	29828985		CCNE1 - PPIAP58	ENSG00000105173	ENSG00000267258		4672	92197	rs56285422-C	rs56285422	0	56285422	intergenic_variant	1	0.74	3E-13	12.522878745280337		0.1121	[0.086-0.139] unit decrease	NR [44300000] (imputed)	N	urinary bladder cancer	http://purl.obolibrary.org/obo/MONDO_0001187	GCST90479809	Genome-wide genotyping array
2026-02-02	39024449	Verma A	2024-07-19	Science	www.ncbi.nlm.nih.gov/pubmed/39024449	Diversity and scale: Genetic architecture of 2068 traits in the VA Million Veteran Program.	Malignant neoplasm of bladder (PheCode 189.21)	1,055 African American or Afro-Caribbean cases, 120,313 African American or Afro-Caribbean controls, 10,664 European ancestry cases, 438,177 European ancestry controls, 554 Hispanic or Latin American cases, 59,108 Hispanic or Latin American controls	NA	2q37.1	2	233608749		UGT1A11P - UGT1A8	ENSG00000227846	ENSG00000242366		4348	8884	rs17868304-C	rs17868304	0	17868304	intergenic_variant	1	0.9655	2E-15	14.698970004336019		0.4236	[0.27-0.57] unit increase	NR [44300000] (imputed)	N	urinary bladder cancer	http://purl.obolibrary.org/obo/MONDO_0001187	GCST90479809	Genome-wide genotyping array
2026-02-02	39024449	Verma A	2024-07-19	Science	www.ncbi.nlm.nih.gov/pubmed/39024449	Diversity and scale: Genetic architecture of 2068 traits in the VA Million Veteran Program.	Cancer of bladder (PheCode 189.2)	1,271 African American or Afro-Caribbean cases, 119,876 African American or Afro-Caribbean controls, 11,744 European ancestry cases, 436,406 European ancestry controls, 644 Hispanic or Latin American cases, 58,949 Hispanic or Latin American controls	NA	5q35.2	5	174426678		LINC01411			ENSG00000249306			rs4446484-C	rs4446484	0	4446484	intron_variant	0	0.5927	4E-14	13.397940008672037		0.1009	[0.072-0.129] unit increase	NR [44300000] (imputed)	N	urinary bladder cancer	http://purl.obolibrary.org/obo/MONDO_0001187	GCST90479810	Genome-wide genotyping array
2026-02-02	39024449	Verma A	2024-07-19	Science	www.ncbi.nlm.nih.gov/pubmed/39024449	Diversity and scale: Genetic architecture of 2068 traits in the VA Million Veteran Program.	Cancer of bladder (PheCode 189.2)	1,271 African American or Afro-Caribbean cases, 119,876 African American or Afro-Caribbean controls, 11,744 European ancestry cases, 436,406 European ancestry controls, 644 Hispanic or Latin American cases, 58,949 Hispanic or Latin American controls	NA	8q24.21	8	127707639		CASC11			ENSG00000249375			rs10094872-A	rs10094872	0	10094872	intron_variant	0	0.6897	4E-38	37.39794000867204		0.19	[0.17-0.21] unit decrease	NR [44300000] (imputed)	N	urinary bladder cancer	http://purl.obolibrary.org/obo/MONDO_0001187	GCST90479810	Genome-wide genotyping array
2026-02-02	39024449	Verma A	2024-07-19	Science	www.ncbi.nlm.nih.gov/pubmed/39024449	Diversity and scale: Genetic architecture of 2068 traits in the VA Million Veteran Program.	Cancer of bladder (PheCode 189.2)	1,271 African American or Afro-Caribbean cases, 119,876 African American or Afro-Caribbean controls, 11,744 European ancestry cases, 436,406 European ancestry controls, 644 Hispanic or Latin American cases, 58,949 Hispanic or Latin American controls	NA	18q12.3	18	45731415		SLC14A1			ENSG00000141469			rs17674709-C	rs17674709	0	17674709	intron_variant	0	0.555	8E-12	11.096910013008056		0.08776	[0.061-0.115] unit increase	NR [44300000] (imputed)	N	urinary bladder cancer	http://purl.obolibrary.org/obo/MONDO_0001187	GCST90479810	Genome-wide genotyping array
2026-02-02	39024449	Verma A	2024-07-19	Science	www.ncbi.nlm.nih.gov/pubmed/39024449	Diversity and scale: Genetic architecture of 2068 traits in the VA Million Veteran Program.	Cancer of bladder (PheCode 189.2)	1,271 African American or Afro-Caribbean cases, 119,876 African American or Afro-Caribbean controls, 11,744 European ancestry cases, 436,406 European ancestry controls, 644 Hispanic or Latin American cases, 58,949 Hispanic or Latin American controls	NA	22q13.1	22	38945952		CBX6 - APOBEC3A	ENSG00000183741	ENSG00000128383		73703	6789	rs5750711-T	rs5750711	0	5750711	intergenic_variant	1	0.6311	2E-16	15.698970004336019		0.1176	[0.087-0.149] unit increase	NR [44300000] (imputed)	N	urinary bladder cancer	http://purl.obolibrary.org/obo/MONDO_0001187	GCST90479810	Genome-wide genotyping array
2026-02-02	39024449	Verma A	2024-07-19	Science	www.ncbi.nlm.nih.gov/pubmed/39024449	Diversity and scale: Genetic architecture of 2068 traits in the VA Million Veteran Program.	Cancer of bladder (PheCode 189.2)	1,271 African American or Afro-Caribbean cases, 119,876 African American or Afro-Caribbean controls, 11,744 European ancestry cases, 436,406 European ancestry controls, 644 Hispanic or Latin American cases, 58,949 Hispanic or Latin American controls	NA	1p13.3	1	109687165		GSTM2			ENSG00000213366			rs36209093-C	rs36209093	0	36209093	intergenic_variant	0	0.4625	2E-18	17.69897000433602		0.1581	[0.13-0.19] unit decrease	NR [44300000] (imputed)	N	urinary bladder cancer	http://purl.obolibrary.org/obo/MONDO_0001187	GCST90479810	Genome-wide genotyping array
2026-02-02	39024449	Verma A	2024-07-19	Science	www.ncbi.nlm.nih.gov/pubmed/39024449	Diversity and scale: Genetic architecture of 2068 traits in the VA Million Veteran Program.	Cancer of bladder (PheCode 189.2)	1,271 African American or Afro-Caribbean cases, 119,876 African American or Afro-Caribbean controls, 11,744 European ancestry cases, 436,406 European ancestry controls, 644 Hispanic or Latin American cases, 58,949 Hispanic or Latin American controls	NA	3q28	3	189925884		TP63 - P3H2	ENSG00000073282	ENSG00000090530		28608	30844	rs837775-C	rs837775	0	837775	intergenic_variant	1	0.7606	4E-14	13.397940008672037		0.1136	[0.081-0.146] unit increase	NR [44300000] (imputed)	N	urinary bladder cancer	http://purl.obolibrary.org/obo/MONDO_0001187	GCST90479810	Genome-wide genotyping array
2026-02-02	39024449	Verma A	2024-07-19	Science	www.ncbi.nlm.nih.gov/pubmed/39024449	Diversity and scale: Genetic architecture of 2068 traits in the VA Million Veteran Program.	Cancer of bladder (PheCode 189.2)	1,271 African American or Afro-Caribbean cases, 119,876 African American or Afro-Caribbean controls, 11,744 European ancestry cases, 436,406 European ancestry controls, 644 Hispanic or Latin American cases, 58,949 Hispanic or Latin American controls	NA	4p16.3	4	1687650		FAM53A - SLBP	ENSG00000174137	ENSG00000163950		3337	5081	rs811316-T	rs811316	0	811316	intergenic_variant	1	0.2463	2E-16	15.698970004336019		0.1269	[0.093-0.161] unit increase	NR [44300000] (imputed)	N	urinary bladder cancer	http://purl.obolibrary.org/obo/MONDO_0001187	GCST90479810	Genome-wide genotyping array
2026-02-02	39024449	Verma A	2024-07-19	Science	www.ncbi.nlm.nih.gov/pubmed/39024449	Diversity and scale: Genetic architecture of 2068 traits in the VA Million Veteran Program.	Cancer of bladder (PheCode 189.2)	1,271 African American or Afro-Caribbean cases, 119,876 African American or Afro-Caribbean controls, 11,744 European ancestry cases, 436,406 European ancestry controls, 644 Hispanic or Latin American cases, 58,949 Hispanic or Latin American controls	NA	5p15.33	5	1279913		TERT			ENSG00000164362			rs2242652-G	rs2242652	0	2242652	intron_variant	0	0.8249	4E-20	19.397940008672037		0.1747	[0.13-0.22] unit increase	NR [44300000] (imputed)	N	urinary bladder cancer	http://purl.obolibrary.org/obo/MONDO_0001187	GCST90479810	Genome-wide genotyping array
2026-02-02	39024449	Verma A	2024-07-19	Science	www.ncbi.nlm.nih.gov/pubmed/39024449	Diversity and scale: Genetic architecture of 2068 traits in the VA Million Veteran Program.	Cancer of bladder (PheCode 189.2)	1,271 African American or Afro-Caribbean cases, 119,876 African American or Afro-Caribbean controls, 11,744 European ancestry cases, 436,406 European ancestry controls, 644 Hispanic or Latin American cases, 58,949 Hispanic or Latin American controls	NA	6p22.3	6	21821984		CASC15			ENSG00000272168			rs142003747-T	rs142003747	0	142003747	intron_variant	0	0.7285	3E-14	13.522878745280337		0.1095	[0.085-0.134] unit decrease	NR [44300000] (imputed)	N	urinary bladder cancer	http://purl.obolibrary.org/obo/MONDO_0001187	GCST90479810	Genome-wide genotyping array
2026-02-02	39024449	Verma A	2024-07-19	Science	www.ncbi.nlm.nih.gov/pubmed/39024449	Diversity and scale: Genetic architecture of 2068 traits in the VA Million Veteran Program.	Cancer of bladder (PheCode 189.2)	1,271 African American or Afro-Caribbean cases, 119,876 African American or Afro-Caribbean controls, 11,744 European ancestry cases, 436,406 European ancestry controls, 644 Hispanic or Latin American cases, 58,949 Hispanic or Latin American controls	NA	8p22	8	18415790		NAT2 - PSD3	ENSG00000156006	ENSG00000156011		14572	111513	rs1495743-G	rs1495743	0	1495743	intergenic_variant	1	0.2728	2E-19	18.69897000433602		0.1422	[0.12-0.17] unit decrease	NR [44300000] (imputed)	N	urinary bladder cancer	http://purl.obolibrary.org/obo/MONDO_0001187	GCST90479810	Genome-wide genotyping array
2026-02-02	39024449	Verma A	2024-07-19	Science	www.ncbi.nlm.nih.gov/pubmed/39024449	Diversity and scale: Genetic architecture of 2068 traits in the VA Million Veteran Program.	Cancer of bladder (PheCode 189.2)	1,271 African American or Afro-Caribbean cases, 119,876 African American or Afro-Caribbean controls, 11,744 European ancestry cases, 436,406 European ancestry controls, 644 Hispanic or Latin American cases, 58,949 Hispanic or Latin American controls	NA	8q24.3	8	142690296		PSCA - LY6K	ENSG00000167653	ENSG00000160886		7571	9815	rs2585181-C	rs2585181	0	2585181	intergenic_variant	1	0.5635	1E-41	41.0		0.177	[0.16-0.2] unit decrease	NR [44300000] (imputed)	N	urinary bladder cancer	http://purl.obolibrary.org/obo/MONDO_0001187	GCST90479810	Genome-wide genotyping array
2026-02-02	39024449	Verma A	2024-07-19	Science	www.ncbi.nlm.nih.gov/pubmed/39024449	Diversity and scale: Genetic architecture of 2068 traits in the VA Million Veteran Program.	Cancer of bladder (PheCode 189.2)	1,271 African American or Afro-Caribbean cases, 119,876 African American or Afro-Caribbean controls, 11,744 European ancestry cases, 436,406 European ancestry controls, 644 Hispanic or Latin American cases, 58,949 Hispanic or Latin American controls	NA	11p15.5	11	1852991		LSP1			ENSG00000130592			rs907612-C	rs907612	0	907612	intron_variant	0	0.6035	2E-13	12.698970004336019		0.09871	[0.075-0.122] unit decrease	NR [44300000] (imputed)	N	urinary bladder cancer	http://purl.obolibrary.org/obo/MONDO_0001187	GCST90479810	Genome-wide genotyping array
2026-02-02	39024449	Verma A	2024-07-19	Science	www.ncbi.nlm.nih.gov/pubmed/39024449	Diversity and scale: Genetic architecture of 2068 traits in the VA Million Veteran Program.	Cancer of bladder (PheCode 189.2)	1,271 African American or Afro-Caribbean cases, 119,876 African American or Afro-Caribbean controls, 11,744 European ancestry cases, 436,406 European ancestry controls, 644 Hispanic or Latin American cases, 58,949 Hispanic or Latin American controls	NA	13q34	13	112999532		MCF2L			ENSG00000126217			rs2993291-A	rs2993291	0	2993291	intron_variant	0	0.2486	2E-13	12.698970004336019		0.1138	[0.08-0.147] unit increase	NR [44300000] (imputed)	N	urinary bladder cancer	http://purl.obolibrary.org/obo/MONDO_0001187	GCST90479810	Genome-wide genotyping array
2026-02-02	39024449	Verma A	2024-07-19	Science	www.ncbi.nlm.nih.gov/pubmed/39024449	Diversity and scale: Genetic architecture of 2068 traits in the VA Million Veteran Program.	Cancer of bladder (PheCode 189.2)	1,271 African American or Afro-Caribbean cases, 119,876 African American or Afro-Caribbean controls, 11,744 European ancestry cases, 436,406 European ancestry controls, 644 Hispanic or Latin American cases, 58,949 Hispanic or Latin American controls	NA	19q12	19	29794641		C19orf12 - CCNE1	ENSG00000131943	ENSG00000105173		78581	16830	rs62107111-C	rs62107111	0	62107111	intergenic_variant	1	0.7306	7E-13	12.154901959985743		0.1031	[0.078-0.128] unit decrease	NR [44300000] (imputed)	N	urinary bladder cancer	http://purl.obolibrary.org/obo/MONDO_0001187	GCST90479810	Genome-wide genotyping array
2026-02-02	39024449	Verma A	2024-07-19	Science	www.ncbi.nlm.nih.gov/pubmed/39024449	Diversity and scale: Genetic architecture of 2068 traits in the VA Million Veteran Program.	Cancer of bladder (PheCode 189.2)	1,271 African American or Afro-Caribbean cases, 119,876 African American or Afro-Caribbean controls, 11,744 European ancestry cases, 436,406 European ancestry controls, 644 Hispanic or Latin American cases, 58,949 Hispanic or Latin American controls	NA	2q37.1	2	233608749		UGT1A11P - UGT1A8	ENSG00000227846	ENSG00000242366		4348	8884	rs17868304-C	rs17868304	0	17868304	intergenic_variant	1	0.9655	4E-16	15.397940008672037		0.4061	[0.27-0.55] unit increase	NR [44300000] (imputed)	N	urinary bladder cancer	http://purl.obolibrary.org/obo/MONDO_0001187	GCST90479810	Genome-wide genotyping array
2026-02-02	39024449	Verma A	2024-07-19	Science	www.ncbi.nlm.nih.gov/pubmed/39024449	Diversity and scale: Genetic architecture of 2068 traits in the VA Million Veteran Program.	Cancer of urinary organs (incl. kidney and bladder) (PheCode 189)	3,021 African American or Afro-Caribbean cases, 117,718 African American or Afro-Caribbean controls, 17,444 European ancestry cases, 429,350 European ancestry controls, 1,380 Hispanic or Latin American cases, 58,098 Hispanic or Latin American controls	NA	3p25.3	3	10119721		BRK1			ENSG00000254999			rs9811908-G	rs9811908	0	9811908	intron_variant	0	0.9818	2E-15	14.698970004336019		0.3252	[0.27-0.38] unit decrease	NR [44300000] (imputed)	N	urinary bladder cancer	http://purl.obolibrary.org/obo/MONDO_0001187	GCST90479811	Genome-wide genotyping array
2026-02-02	39024449	Verma A	2024-07-19	Science	www.ncbi.nlm.nih.gov/pubmed/39024449	Diversity and scale: Genetic architecture of 2068 traits in the VA Million Veteran Program.	Cancer of urinary organs (incl. kidney and bladder) (PheCode 189)	3,021 African American or Afro-Caribbean cases, 117,718 African American or Afro-Caribbean controls, 17,444 European ancestry cases, 429,350 European ancestry controls, 1,380 Hispanic or Latin American cases, 58,098 Hispanic or Latin American controls	NA	3q26.2	3	169768720		ACTRT3			ENSG00000184378			rs35446936-G	rs35446936	0	35446936	intron_variant	0	0.7741	6E-13	12.221848749616356		0.08906	[0.063-0.115] unit increase	NR [44300000] (imputed)	N	urinary bladder cancer	http://purl.obolibrary.org/obo/MONDO_0001187	GCST90479811	Genome-wide genotyping array
2026-02-02	39024449	Verma A	2024-07-19	Science	www.ncbi.nlm.nih.gov/pubmed/39024449	Diversity and scale: Genetic architecture of 2068 traits in the VA Million Veteran Program.	Cancer of urinary organs (incl. kidney and bladder) (PheCode 189)	3,021 African American or Afro-Caribbean cases, 117,718 African American or Afro-Caribbean controls, 17,444 European ancestry cases, 429,350 European ancestry controls, 1,380 Hispanic or Latin American cases, 58,098 Hispanic or Latin American controls	NA	4p16.3	4	1687650		FAM53A - SLBP	ENSG00000174137	ENSG00000163950		3337	5081	rs811316-T	rs811316	0	811316	intergenic_variant	1	0.2462	8E-13	12.096910013008056		0.08783	[0.062-0.114] unit increase	NR [44300000] (imputed)	N	urinary bladder cancer	http://purl.obolibrary.org/obo/MONDO_0001187	GCST90479811	Genome-wide genotyping array
2026-02-02	39024449	Verma A	2024-07-19	Science	www.ncbi.nlm.nih.gov/pubmed/39024449	Diversity and scale: Genetic architecture of 2068 traits in the VA Million Veteran Program.	Cancer of urinary organs (incl. kidney and bladder) (PheCode 189)	3,021 African American or Afro-Caribbean cases, 117,718 African American or Afro-Caribbean controls, 17,444 European ancestry cases, 429,350 European ancestry controls, 1,380 Hispanic or Latin American cases, 58,098 Hispanic or Latin American controls	NA	5p15.33	5	1306216		TERT - MIR4457	ENSG00000164362	ENSG00000263670		11131	3094	rs4530805-T	rs4530805	0	4530805	intergenic_variant	1	0.3897	9E-12	11.045757490560675		0.07465	[0.055-0.094] unit decrease	NR [44300000] (imputed)	N	urinary bladder cancer	http://purl.obolibrary.org/obo/MONDO_0001187	GCST90479811	Genome-wide genotyping array
2026-02-02	39024449	Verma A	2024-07-19	Science	www.ncbi.nlm.nih.gov/pubmed/39024449	Diversity and scale: Genetic architecture of 2068 traits in the VA Million Veteran Program.	Cancer of urinary organs (incl. kidney and bladder) (PheCode 189)	3,021 African American or Afro-Caribbean cases, 117,718 African American or Afro-Caribbean controls, 17,444 European ancestry cases, 429,350 European ancestry controls, 1,380 Hispanic or Latin American cases, 58,098 Hispanic or Latin American controls	NA	6p22.3	6	21819670		CASC15			ENSG00000272168			rs12213012-G	rs12213012	0	12213012	intron_variant	0	0.7309	4E-12	11.397940008672037		0.08175	[0.061-0.103] unit decrease	NR [44300000] (imputed)	N	urinary bladder cancer	http://purl.obolibrary.org/obo/MONDO_0001187	GCST90479811	Genome-wide genotyping array
2026-02-02	39024449	Verma A	2024-07-19	Science	www.ncbi.nlm.nih.gov/pubmed/39024449	Diversity and scale: Genetic architecture of 2068 traits in the VA Million Veteran Program.	Cancer of urinary organs (incl. kidney and bladder) (PheCode 189)	3,021 African American or Afro-Caribbean cases, 117,718 African American or Afro-Caribbean controls, 17,444 European ancestry cases, 429,350 European ancestry controls, 1,380 Hispanic or Latin American cases, 58,098 Hispanic or Latin American controls	NA	8q24.21	8	127707639		CASC11			ENSG00000249375			rs10094872-A	rs10094872	0	10094872	intron_variant	0	0.6897	4E-30	29.397940008672037		0.1355	[0.12-0.16] unit decrease	NR [44300000] (imputed)	N	urinary bladder cancer	http://purl.obolibrary.org/obo/MONDO_0001187	GCST90479811	Genome-wide genotyping array
2026-02-02	39024449	Verma A	2024-07-19	Science	www.ncbi.nlm.nih.gov/pubmed/39024449	Diversity and scale: Genetic architecture of 2068 traits in the VA Million Veteran Program.	Cancer of urinary organs (incl. kidney and bladder) (PheCode 189)	3,021 African American or Afro-Caribbean cases, 117,718 African American or Afro-Caribbean controls, 17,444 European ancestry cases, 429,350 European ancestry controls, 1,380 Hispanic or Latin American cases, 58,098 Hispanic or Latin American controls	NA	8q24.3	8	142683519		PSCA - LY6K	ENSG00000167653	ENSG00000160886		794	16592	rs2920295-A	rs2920295	0	2920295	intergenic_variant	1	0.5456	2E-25	24.69897000433602		0.1079	[0.09-0.126] unit decrease	NR [44300000] (imputed)	N	urinary bladder cancer	http://purl.obolibrary.org/obo/MONDO_0001187	GCST90479811	Genome-wide genotyping array
2026-02-02	39024449	Verma A	2024-07-19	Science	www.ncbi.nlm.nih.gov/pubmed/39024449	Diversity and scale: Genetic architecture of 2068 traits in the VA Million Veteran Program.	Cancer of urinary organs (incl. kidney and bladder) (PheCode 189)	3,021 African American or Afro-Caribbean cases, 117,718 African American or Afro-Caribbean controls, 17,444 European ancestry cases, 429,350 European ancestry controls, 1,380 Hispanic or Latin American cases, 58,098 Hispanic or Latin American controls	NA	11p15.5	11	1852991		LSP1			ENSG00000130592			rs907612-C	rs907612	0	907612	intron_variant	0	0.6035	2E-12	11.698970004336019		0.0757	[0.056-0.095] unit decrease	NR [44300000] (imputed)	N	urinary bladder cancer	http://purl.obolibrary.org/obo/MONDO_0001187	GCST90479811	Genome-wide genotyping array
2026-02-02	39024449	Verma A	2024-07-19	Science	www.ncbi.nlm.nih.gov/pubmed/39024449	Diversity and scale: Genetic architecture of 2068 traits in the VA Million Veteran Program.	Cancer of urinary organs (incl. kidney and bladder) (PheCode 189)	3,021 African American or Afro-Caribbean cases, 117,718 African American or Afro-Caribbean controls, 17,444 European ancestry cases, 429,350 European ancestry controls, 1,380 Hispanic or Latin American cases, 58,098 Hispanic or Latin American controls	NA	19q12	19	29804084		C19orf12 - CCNE1	ENSG00000131943	ENSG00000105173		88024	7387	rs62104477-G	rs62104477	0	62104477	intergenic_variant	1	0.7102	3E-18	17.522878745280337		0.0983	[0.078-0.118] unit decrease	NR [44300000] (imputed)	N	urinary bladder cancer	http://purl.obolibrary.org/obo/MONDO_0001187	GCST90479811	Genome-wide genotyping array
2025-07-29	40465716	Liu TY	2025-06-04	Sci Adv	www.ncbi.nlm.nih.gov/pubmed/40465716	Diversity and longitudinal records: Genetic architecture of disease associations and polygenic risk in the Taiwanese Han population.	Malignant neoplasm of bladder (PheCode 189.21)	1,152 Han Taiwanese ancestry cases, 235,128 Han Taiwanese ancestry controls	NA	14q24.3	14	75958691		TGFB3, IFT43			ENSG00000119699, ENSG00000119650			rs3917217-?	rs3917217	0	3917217	3_prime_UTR_variant	0	NR	6E-9	8.221848749616356				Affymetrix [14181206] (imputed)	N	urinary bladder cancer	http://purl.obolibrary.org/obo/MONDO_0001187	GCST90651416	Genome-wide genotyping array
2022-03-04	34353775	Galesloot TE	2021-08-02	Eur Urol Oncol	www.ncbi.nlm.nih.gov/pubmed/34353775	Genome-wide Meta-analysis Identifies Novel Genes Associated with Recurrence and Progression in Non-muscle-invasive Bladder Cancer.	Recurrence-free survival in non-muscle-invasive bladder cancer	3,400 European ancestry individuals	NA	1p36.32	1	4097782		LINC02780 - EEF1DP6	ENSG00000284668	ENSG00000229280		4720	77746	rs4351611-T	rs4351611	0	4351611	intergenic_variant	1	NR	7E-6	5.154901959985743		1.2	[1.11-1.3]	Illumina [7591411] (imputed)	N	event free survival time, urinary bladder cancer	http://www.ebi.ac.uk/efo/EFO_0000482, http://purl.obolibrary.org/obo/MONDO_0001187	GCST90095079	Genome-wide genotyping array
2022-03-04	34353775	Galesloot TE	2021-08-02	Eur Urol Oncol	www.ncbi.nlm.nih.gov/pubmed/34353775	Genome-wide Meta-analysis Identifies Novel Genes Associated with Recurrence and Progression in Non-muscle-invasive Bladder Cancer.	Recurrence-free survival in non-muscle-invasive bladder cancer	3,400 European ancestry individuals	NA	2p25.3	2	2811839		MYT1L - LINC01250	ENSG00000186487	ENSG00000234423		480175	81730	rs4420730-T	rs4420730	0	4420730	intron_variant	1	NR	4E-6	5.3979400086720375		1.71	[1.36-2.14]	Illumina [7591411] (imputed)	N	event free survival time, urinary bladder cancer	http://www.ebi.ac.uk/efo/EFO_0000482, http://purl.obolibrary.org/obo/MONDO_0001187	GCST90095079	Genome-wide genotyping array
2022-03-04	34353775	Galesloot TE	2021-08-02	Eur Urol Oncol	www.ncbi.nlm.nih.gov/pubmed/34353775	Genome-wide Meta-analysis Identifies Novel Genes Associated with Recurrence and Progression in Non-muscle-invasive Bladder Cancer.	Recurrence-free survival in non-muscle-invasive bladder cancer	3,400 European ancestry individuals	NA	3q26.2	3	169887190		LRRC31 - KRT18P43	ENSG00000114248	ENSG00000240128		17190	15790	rs73038204-T	rs73038204	0	73038204	intergenic_variant	1	NR	1E-5	5.0		1.34	[1.18-1.52]	Illumina [7591411] (imputed)	N	event free survival time, urinary bladder cancer	http://www.ebi.ac.uk/efo/EFO_0000482, http://purl.obolibrary.org/obo/MONDO_0001187	GCST90095079	Genome-wide genotyping array
2022-03-04	34353775	Galesloot TE	2021-08-02	Eur Urol Oncol	www.ncbi.nlm.nih.gov/pubmed/34353775	Genome-wide Meta-analysis Identifies Novel Genes Associated with Recurrence and Progression in Non-muscle-invasive Bladder Cancer.	Recurrence-free survival in non-muscle-invasive bladder cancer	3,400 European ancestry individuals	NA	4p15.33	4	14682799		LINC00504			ENSG00000248360			rs9992900-A	rs9992900	0	9992900	intron_variant	0	NR	3E-6	5.522878745280337		1.3	[1.17-1.46]	Illumina [7591411] (imputed)	N	event free survival time, urinary bladder cancer	http://www.ebi.ac.uk/efo/EFO_0000482, http://purl.obolibrary.org/obo/MONDO_0001187	GCST90095079	Genome-wide genotyping array
2022-03-04	34353775	Galesloot TE	2021-08-02	Eur Urol Oncol	www.ncbi.nlm.nih.gov/pubmed/34353775	Genome-wide Meta-analysis Identifies Novel Genes Associated with Recurrence and Progression in Non-muscle-invasive Bladder Cancer.	Recurrence-free survival in non-muscle-invasive bladder cancer	3,400 European ancestry individuals	NA	7p22.3	7	900339		COX19, ADAP1			ENSG00000240230, ENSG00000105963			rs3808347-T	rs3808347	0	3808347	intron_variant	0	NR	4E-6	5.3979400086720375		1.43	[1.23-1.67]	Illumina [7591411] (imputed)	N	event free survival time, urinary bladder cancer	http://www.ebi.ac.uk/efo/EFO_0000482, http://purl.obolibrary.org/obo/MONDO_0001187	GCST90095079	Genome-wide genotyping array
2022-03-04	34353775	Galesloot TE	2021-08-02	Eur Urol Oncol	www.ncbi.nlm.nih.gov/pubmed/34353775	Genome-wide Meta-analysis Identifies Novel Genes Associated with Recurrence and Progression in Non-muscle-invasive Bladder Cancer.	Recurrence-free survival in non-muscle-invasive bladder cancer	3,400 European ancestry individuals	NA	7p22.3	7	2167481		MAD1L1			ENSG00000002822			rs192039210-A	rs192039210	0	192039210	intron_variant	0	NR	4E-7	6.3979400086720375		1.94	[1.5-2.5]	Illumina [7591411] (imputed)	N	event free survival time, urinary bladder cancer	http://www.ebi.ac.uk/efo/EFO_0000482, http://purl.obolibrary.org/obo/MONDO_0001187	GCST90095079	Genome-wide genotyping array
2022-03-04	34353775	Galesloot TE	2021-08-02	Eur Urol Oncol	www.ncbi.nlm.nih.gov/pubmed/34353775	Genome-wide Meta-analysis Identifies Novel Genes Associated with Recurrence and Progression in Non-muscle-invasive Bladder Cancer.	Recurrence-free survival in non-muscle-invasive bladder cancer	3,400 European ancestry individuals	NA	10p14	10	7274879		SFMBT2			ENSG00000198879			rs7091482-A	rs7091482	0	7091482	intron_variant	0	NR	9E-6	5.045757490560675		1.55	[1.28-1.88]	Illumina [7591411] (imputed)	N	event free survival time, urinary bladder cancer	http://www.ebi.ac.uk/efo/EFO_0000482, http://purl.obolibrary.org/obo/MONDO_0001187	GCST90095079	Genome-wide genotyping array
2022-03-04	34353775	Galesloot TE	2021-08-02	Eur Urol Oncol	www.ncbi.nlm.nih.gov/pubmed/34353775	Genome-wide Meta-analysis Identifies Novel Genes Associated with Recurrence and Progression in Non-muscle-invasive Bladder Cancer.	Recurrence-free survival in non-muscle-invasive bladder cancer	3,400 European ancestry individuals	NA	12p13.1	12	13919486		GRIN2B			ENSG00000273079			rs17834128-T	rs17834128	0	17834128	intron_variant	0	NR	4E-7	6.3979400086720375		1.28	[1.16-1.41]	Illumina [7591411] (imputed)	N	event free survival time, urinary bladder cancer	http://www.ebi.ac.uk/efo/EFO_0000482, http://purl.obolibrary.org/obo/MONDO_0001187	GCST90095079	Genome-wide genotyping array
2022-03-04	34353775	Galesloot TE	2021-08-02	Eur Urol Oncol	www.ncbi.nlm.nih.gov/pubmed/34353775	Genome-wide Meta-analysis Identifies Novel Genes Associated with Recurrence and Progression in Non-muscle-invasive Bladder Cancer.	Recurrence-free survival in non-muscle-invasive bladder cancer	3,400 European ancestry individuals	NA	13q13.3	13	35707761		LINC00445 - DCLK1	ENSG00000236036	ENSG00000133083		7823	60891	rs7329778-G	rs7329778	0	7329778	intergenic_variant	1	NR	1E-6	6.0		1.3	[1.17-1.44]	Illumina [7591411] (imputed)	N	event free survival time, urinary bladder cancer	http://www.ebi.ac.uk/efo/EFO_0000482, http://purl.obolibrary.org/obo/MONDO_0001187	GCST90095079	Genome-wide genotyping array
2022-03-04	34353775	Galesloot TE	2021-08-02	Eur Urol Oncol	www.ncbi.nlm.nih.gov/pubmed/34353775	Genome-wide Meta-analysis Identifies Novel Genes Associated with Recurrence and Progression in Non-muscle-invasive Bladder Cancer.	Recurrence-free survival in non-muscle-invasive bladder cancer	3,400 European ancestry individuals	NA	14q12	14	30609368		G2E3			ENSG00000092140			rs12885353-C	rs12885353	0	12885353	intron_variant	0	NR	4E-8	7.3979400086720375		1.55	[1.33-1.82]	Illumina [7591411] (imputed)	N	event free survival time, urinary bladder cancer	http://www.ebi.ac.uk/efo/EFO_0000482, http://purl.obolibrary.org/obo/MONDO_0001187	GCST90095079	Genome-wide genotyping array
2022-03-04	34353775	Galesloot TE	2021-08-02	Eur Urol Oncol	www.ncbi.nlm.nih.gov/pubmed/34353775	Genome-wide Meta-analysis Identifies Novel Genes Associated with Recurrence and Progression in Non-muscle-invasive Bladder Cancer.	Recurrence-free survival in non-muscle-invasive bladder cancer	3,400 European ancestry individuals	NA	16p12.1	16	25055095		ARHGAP17 - LINC02175	ENSG00000140750	ENSG00000262155		39429	11796	rs9935790-T	rs9935790	0	9935790	intron_variant	1	NR	4E-6	5.3979400086720375		1.29	[1.16-1.44]	Illumina [7591411] (imputed)	N	event free survival time, urinary bladder cancer	http://www.ebi.ac.uk/efo/EFO_0000482, http://purl.obolibrary.org/obo/MONDO_0001187	GCST90095079	Genome-wide genotyping array
2022-03-04	34353775	Galesloot TE	2021-08-02	Eur Urol Oncol	www.ncbi.nlm.nih.gov/pubmed/34353775	Genome-wide Meta-analysis Identifies Novel Genes Associated with Recurrence and Progression in Non-muscle-invasive Bladder Cancer.	Recurrence-free survival in non-muscle-invasive bladder cancer	3,400 European ancestry individuals	NA	18q21.2	18	53383755		DCC			ENSG00000187323			rs12967544-C	rs12967544	0	12967544	intron_variant	0	NR	2E-6	5.698970004336019		1.29	[1.16-1.44]	Illumina [7591411] (imputed)	N	event free survival time, urinary bladder cancer	http://www.ebi.ac.uk/efo/EFO_0000482, http://purl.obolibrary.org/obo/MONDO_0001187	GCST90095079	Genome-wide genotyping array
2022-03-04	34353775	Galesloot TE	2021-08-02	Eur Urol Oncol	www.ncbi.nlm.nih.gov/pubmed/34353775	Genome-wide Meta-analysis Identifies Novel Genes Associated with Recurrence and Progression in Non-muscle-invasive Bladder Cancer.	Recurrence-free survival in non-muscle-invasive bladder cancer	3,400 European ancestry individuals	NA	21q22.3	21	42366077		TFF1			ENSG00000160182			rs2839488-C	rs2839488	0	2839488	intron_variant	0	NR	5E-6	5.301029995663981		1.2	[1.11-1.29]	Illumina [7591411] (imputed)	N	event free survival time, urinary bladder cancer	http://www.ebi.ac.uk/efo/EFO_0000482, http://purl.obolibrary.org/obo/MONDO_0001187	GCST90095079	Genome-wide genotyping array
2022-03-04	34353775	Galesloot TE	2021-08-02	Eur Urol Oncol	www.ncbi.nlm.nih.gov/pubmed/34353775	Genome-wide Meta-analysis Identifies Novel Genes Associated with Recurrence and Progression in Non-muscle-invasive Bladder Cancer.	Progression-free survival in non-muscle-invasive bladder cancer	3,400 European ancestry individuals	NA	2q34	2	212216061		ERBB4			ENSG00000178568			rs16847917-T	rs16847917	0	16847917	intron_variant	0	NR	2E-7	6.698970004336019		2.76	[1.88-4.04]	Illumina [7582931] (imputed)	N	progression free survival, urinary bladder cancer	http://www.ebi.ac.uk/efo/EFO_0004920, http://purl.obolibrary.org/obo/MONDO_0001187	GCST90095080	Genome-wide genotyping array
2022-03-04	34353775	Galesloot TE	2021-08-02	Eur Urol Oncol	www.ncbi.nlm.nih.gov/pubmed/34353775	Genome-wide Meta-analysis Identifies Novel Genes Associated with Recurrence and Progression in Non-muscle-invasive Bladder Cancer.	Progression-free survival in non-muscle-invasive bladder cancer	3,400 European ancestry individuals	NA	7q36.3	7	155886805		SHH - Y_RNA	ENSG00000164690	ENSG00000200544		74342	299317	rs28677138-T	rs28677138	0	28677138	intergenic_variant	1	NR	3E-6	5.522878745280337		1.61	[1.32-1.97]	Illumina [7582931] (imputed)	N	progression free survival, urinary bladder cancer	http://www.ebi.ac.uk/efo/EFO_0004920, http://purl.obolibrary.org/obo/MONDO_0001187	GCST90095080	Genome-wide genotyping array
2022-03-04	34353775	Galesloot TE	2021-08-02	Eur Urol Oncol	www.ncbi.nlm.nih.gov/pubmed/34353775	Genome-wide Meta-analysis Identifies Novel Genes Associated with Recurrence and Progression in Non-muscle-invasive Bladder Cancer.	Progression-free survival in non-muscle-invasive bladder cancer	3,400 European ancestry individuals	NA	10p15.3	10	2489807		LINC02645			ENSG00000234170			rs754149-G	rs754149	0	754149	intron_variant	0	NR	2E-6	5.698970004336019		0.71	[0.62-0.82]	Illumina [7582931] (imputed)	N	progression free survival, urinary bladder cancer	http://www.ebi.ac.uk/efo/EFO_0004920, http://purl.obolibrary.org/obo/MONDO_0001187	GCST90095080	Genome-wide genotyping array
2022-03-04	34353775	Galesloot TE	2021-08-02	Eur Urol Oncol	www.ncbi.nlm.nih.gov/pubmed/34353775	Genome-wide Meta-analysis Identifies Novel Genes Associated with Recurrence and Progression in Non-muscle-invasive Bladder Cancer.	Progression-free survival in non-muscle-invasive bladder cancer	3,400 European ancestry individuals	NA	11q14.1	11	80310479		TENM4 - RNU6-544P	ENSG00000149256	ENSG00000200146		869449	217481	rs931105-A	rs931105	0	931105	intergenic_variant	1	NR	7E-6	5.154901959985743		1.39	[1.21-1.61]	Illumina [7582931] (imputed)	N	progression free survival, urinary bladder cancer	http://www.ebi.ac.uk/efo/EFO_0004920, http://purl.obolibrary.org/obo/MONDO_0001187	GCST90095080	Genome-wide genotyping array
2022-03-04	34353775	Galesloot TE	2021-08-02	Eur Urol Oncol	www.ncbi.nlm.nih.gov/pubmed/34353775	Genome-wide Meta-analysis Identifies Novel Genes Associated with Recurrence and Progression in Non-muscle-invasive Bladder Cancer.	Progression-free survival in non-muscle-invasive bladder cancer	3,400 European ancestry individuals	NA											rs113601380-T	rs113601380	0	56138980		1	NR	3E-7	6.522878745280337		1.96	[1.51-2.52]	Illumina [7582931] (imputed)	N	progression free survival, urinary bladder cancer	http://www.ebi.ac.uk/efo/EFO_0004920, http://purl.obolibrary.org/obo/MONDO_0001187	GCST90095080	Genome-wide genotyping array
2022-03-04	34353775	Galesloot TE	2021-08-02	Eur Urol Oncol	www.ncbi.nlm.nih.gov/pubmed/34353775	Genome-wide Meta-analysis Identifies Novel Genes Associated with Recurrence and Progression in Non-muscle-invasive Bladder Cancer.	Progression-free survival in non-muscle-invasive bladder cancer	3,400 European ancestry individuals	NA	16p13.3	16	1544375		IFT140, TMEM204			ENSG00000187535, ENSG00000131634			rs140189706-T	rs140189706	0	140189706	intron_variant	0	NR	3E-6	5.522878745280337		0.57	[0.45-0.72]	Illumina [7582931] (imputed)	N	progression free survival, urinary bladder cancer	http://www.ebi.ac.uk/efo/EFO_0004920, http://purl.obolibrary.org/obo/MONDO_0001187	GCST90095080	Genome-wide genotyping array
2022-03-04	34353775	Galesloot TE	2021-08-02	Eur Urol Oncol	www.ncbi.nlm.nih.gov/pubmed/34353775	Genome-wide Meta-analysis Identifies Novel Genes Associated with Recurrence and Progression in Non-muscle-invasive Bladder Cancer.	Progression-free survival in non-muscle-invasive bladder cancer	3,400 European ancestry individuals	NA	18q22.2	18	69361581		CCDC102B - DOK6	ENSG00000150636	ENSG00000206052		304455	39307	rs11151504-T	rs11151504	0	11151504	intergenic_variant	1	NR	1E-5	5.0		1.63	[1.31-2.03]	Illumina [7582931] (imputed)	N	progression free survival, urinary bladder cancer	http://www.ebi.ac.uk/efo/EFO_0004920, http://purl.obolibrary.org/obo/MONDO_0001187	GCST90095080	Genome-wide genotyping array
2022-03-04	34353775	Galesloot TE	2021-08-02	Eur Urol Oncol	www.ncbi.nlm.nih.gov/pubmed/34353775	Genome-wide Meta-analysis Identifies Novel Genes Associated with Recurrence and Progression in Non-muscle-invasive Bladder Cancer.	Progression-free survival in non-muscle-invasive bladder cancer	3,400 European ancestry individuals	NA	21q22.11	21	30498989		KRTAP19-4 - KRTAP19-5	ENSG00000186967	ENSG00000186977		1824	2668	rs2065281-A	rs2065281	0	2065281	non_coding_transcript_exon_variant	1	NR	2E-6	5.698970004336019		1.39	[1.21-1.59]	Illumina [7582931] (imputed)	N	progression free survival, urinary bladder cancer	http://www.ebi.ac.uk/efo/EFO_0004920, http://purl.obolibrary.org/obo/MONDO_0001187	GCST90095080	Genome-wide genotyping array
2024-06-20	37965154	Jiang Y	2023-10-16	iScience	www.ncbi.nlm.nih.gov/pubmed/37965154	A cross-disorder study to identify causal relationships, shared genetic variants, and genes across 21 digestive disorders.	ICD10 C23: Gallbladder cancer	116,382 European ancestry cases, 213,325 European ancestry controls	NA	13q13.1	13	31723413		B3GLCT - RXFP2	ENSG00000187676	ENSG00000133105		391137	16113	rs73161370-?	rs73161370	0	73161370	intergenic_variant	1	NR	4E-8	7.3979400086720375		5.21	[2.89-9.38]	NR [8573123] (imputed)	N	gallbladder neoplasm	http://purl.obolibrary.org/obo/MONDO_0021253	GCST90432145	Genome-wide genotyping array
2024-06-20	37965154	Jiang Y	2023-10-16	iScience	www.ncbi.nlm.nih.gov/pubmed/37965154	A cross-disorder study to identify causal relationships, shared genetic variants, and genes across 21 digestive disorders.	ICD10 C23: Gallbladder cancer	116,382 European ancestry cases, 213,325 European ancestry controls	NA	19p13.11	19	16733869		NWD1			ENSG00000188039			rs77648787-?	rs77648787	0	77648787	intron_variant	0	NR	4E-8	7.3979400086720375		5.47	[2.99-10.01]	NR [8573123] (imputed)	N	gallbladder neoplasm	http://purl.obolibrary.org/obo/MONDO_0021253	GCST90432145	Genome-wide genotyping array
2024-06-20	37965154	Jiang Y	2023-10-16	iScience	www.ncbi.nlm.nih.gov/pubmed/37965154	A cross-disorder study to identify causal relationships, shared genetic variants, and genes across 21 digestive disorders.	ICD10 C23: Gallbladder cancer	116,382 European ancestry cases, 213,325 European ancestry controls	NA	3q22.2	3	135268180		EPHB1 - SDHBP1	ENSG00000154928	ENSG00000242222		7713	657711	rs115602890-?	rs115602890	0	115602890	intron_variant	1	NR	2E-8	7.698970004336019		5.44	[3.02-9.81]	NR [8573123] (imputed)	N	gallbladder neoplasm	http://purl.obolibrary.org/obo/MONDO_0021253	GCST90432145	Genome-wide genotyping array
2024-06-20	37965154	Jiang Y	2023-10-16	iScience	www.ncbi.nlm.nih.gov/pubmed/37965154	A cross-disorder study to identify causal relationships, shared genetic variants, and genes across 21 digestive disorders.	ICD10 C23: Gallbladder cancer	116,382 European ancestry cases, 213,325 European ancestry controls	NA	4q13.3	4	72144732		NPFFR2			ENSG00000056291			rs77671828-?	rs77671828	0	77671828	intron_variant	0	NR	3E-8	7.522878745280337		4.5	[2.64-7.67]	NR [8573123] (imputed)	N	gallbladder neoplasm	http://purl.obolibrary.org/obo/MONDO_0021253	GCST90432145	Genome-wide genotyping array
2024-06-20	37965154	Jiang Y	2023-10-16	iScience	www.ncbi.nlm.nih.gov/pubmed/37965154	A cross-disorder study to identify causal relationships, shared genetic variants, and genes across 21 digestive disorders.	ICD10 C23: Gallbladder cancer	116,382 European ancestry cases, 213,325 European ancestry controls	NA	9q21.33	9	87468116		LINC02872 - DAPK1	ENSG00000204446	ENSG00000196730		308560	29112	rs139351050-?	rs139351050	0	139351050	intergenic_variant	1	NR	4E-9	8.397940008672037		5.47	[3.1-9.64]	NR [8573123] (imputed)	N	gallbladder neoplasm	http://purl.obolibrary.org/obo/MONDO_0021253	GCST90432145	Genome-wide genotyping array
2026-04-24	37210288	Koutros S	2023-05-18	Eur Urol	www.ncbi.nlm.nih.gov/pubmed/37210288	Genome-wide Association Study of Bladder Cancer Reveals New Biological and Translational Insights.	Bladder cancer	13,447 European ancestry cases, 342,580 European ancestry controls	NA	19q13.33	19	48600190		FAM83E			ENSG00000105523			rs411482-C	rs411482	0	411482	3_prime_UTR_variant	0	0.61	1E-12	12.0		1.128541	[1.0915-1.1668]	NR [9680336] (imputed)	N	urinary bladder cancer	http://purl.obolibrary.org/obo/MONDO_0001187	GCST90296729	Genome-wide genotyping array, Genome-wide sequencing
2026-04-24	37210288	Koutros S	2023-05-18	Eur Urol	www.ncbi.nlm.nih.gov/pubmed/37210288	Genome-wide Association Study of Bladder Cancer Reveals New Biological and Translational Insights.	Bladder cancer	13,447 European ancestry cases, 342,580 European ancestry controls	NA	20p12.2	20	10981287		LINC01752 - LINC02871	ENSG00000224961	ENSG00000125899		66752	5306	rs62185668-A	rs62185668	0	62185668	intron_variant	1	0.25	9E-9	8.045757490560675		1.11	[1.07-1.16]	NR [9680336] (imputed)	N	urinary bladder cancer	http://purl.obolibrary.org/obo/MONDO_0001187	GCST90296729	Genome-wide genotyping array, Genome-wide sequencing
2026-04-24	37210288	Koutros S	2023-05-18	Eur Urol	www.ncbi.nlm.nih.gov/pubmed/37210288	Genome-wide Association Study of Bladder Cancer Reveals New Biological and Translational Insights.	Bladder cancer	13,447 European ancestry cases, 342,580 European ancestry controls	NA	20p12.2	20	11007451		LINC02871			ENSG00000125899			rs6104690-A	rs6104690	0	6104690	intron_variant	0	0.56	1E-7	7.0		1.0919	[1.057-1.1279]	NR [9680336] (imputed)	N	urinary bladder cancer	http://purl.obolibrary.org/obo/MONDO_0001187	GCST90296729	Genome-wide genotyping array, Genome-wide sequencing
2026-04-24	37210288	Koutros S	2023-05-18	Eur Urol	www.ncbi.nlm.nih.gov/pubmed/37210288	Genome-wide Association Study of Bladder Cancer Reveals New Biological and Translational Insights.	Bladder cancer	13,447 European ancestry cases, 342,580 European ancestry controls	NA	20p12.2	20	11014319		LINC02871			ENSG00000125899			rs6108803-G	rs6108803	0	6108803	intron_variant	0	0.16	9E-7	6.045757490560675		1.1131	[1.0664-1.1618]	NR [9680336] (imputed)	N	urinary bladder cancer	http://purl.obolibrary.org/obo/MONDO_0001187	GCST90296729	Genome-wide genotyping array, Genome-wide sequencing
2026-04-24	37210288	Koutros S	2023-05-18	Eur Urol	www.ncbi.nlm.nih.gov/pubmed/37210288	Genome-wide Association Study of Bladder Cancer Reveals New Biological and Translational Insights.	Bladder cancer	13,447 European ancestry cases, 342,580 European ancestry controls	NA	22q13.1	22	38936618		CBX6 - APOBEC3A	ENSG00000183741	ENSG00000128383		64369	16123	rs1014971-T	rs1014971	0	1014971	intergenic_variant	1	0.65	8E-11	10.096910013008056		1.12	[1.08-1.16]	NR [9680336] (imputed)	N	urinary bladder cancer	http://purl.obolibrary.org/obo/MONDO_0001187	GCST90296729	Genome-wide genotyping array, Genome-wide sequencing
2026-04-24	37210288	Koutros S	2023-05-18	Eur Urol	www.ncbi.nlm.nih.gov/pubmed/37210288	Genome-wide Association Study of Bladder Cancer Reveals New Biological and Translational Insights.	Bladder cancer in never smokers	2,046 European ancestry cases, 23,808 European ancestry controls	NA	1p13.3	1	109687165		GSTM2			ENSG00000213366			rs36209093-?	rs36209093	0	36209093	intergenic_variant	0	NR	1E-8	8.0		1.31	[1.19-1.44]	NR [9680336] (imputed)	N	urinary bladder cancer	http://purl.obolibrary.org/obo/MONDO_0001187	GCST90296730	Genome-wide genotyping array, Genome-wide sequencing
2026-04-24	37210288	Koutros S	2023-05-18	Eur Urol	www.ncbi.nlm.nih.gov/pubmed/37210288	Genome-wide Association Study of Bladder Cancer Reveals New Biological and Translational Insights.	Bladder cancer in never smokers	2,046 European ancestry cases, 23,808 European ancestry controls	NA	8q21.13	8	81074718		PAG1			ENSG00000076641			rs5003154-?	rs5003154	0	5003154	intron_variant	0	NR	1E-7	7.0		1.24	[1.14-1.34]	NR [9680336] (imputed)	N	urinary bladder cancer	http://purl.obolibrary.org/obo/MONDO_0001187	GCST90296730	Genome-wide genotyping array, Genome-wide sequencing
2026-04-24	37210288	Koutros S	2023-05-18	Eur Urol	www.ncbi.nlm.nih.gov/pubmed/37210288	Genome-wide Association Study of Bladder Cancer Reveals New Biological and Translational Insights.	Bladder cancer in never smokers	2,046 European ancestry cases, 23,808 European ancestry controls	NA	8q24.21	8	127707639		CASC11			ENSG00000249375			rs10094872-?	rs10094872	0	10094872	intron_variant	0	NR	8E-11	10.096910013008056		1.31	[1.21-1.42]	NR [9680336] (imputed)	N	urinary bladder cancer	http://purl.obolibrary.org/obo/MONDO_0001187	GCST90296730	Genome-wide genotyping array, Genome-wide sequencing
2026-04-24	37210288	Koutros S	2023-05-18	Eur Urol	www.ncbi.nlm.nih.gov/pubmed/37210288	Genome-wide Association Study of Bladder Cancer Reveals New Biological and Translational Insights.	Bladder cancer in ever smokers	9,251 European ancestry cases, 57,124 European ancestry controls	NA	1p13.3	1	109687165		GSTM2			ENSG00000213366			rs36209093-?	rs36209093	0	36209093	intergenic_variant	0	NR	5E-14	13.301029995663981		1.21	[1.15-1.27]	NR [9680336] (imputed)	N	urinary bladder cancer	http://purl.obolibrary.org/obo/MONDO_0001187	GCST90837326	Genome-wide genotyping array, Genome-wide sequencing
2026-04-24	37210288	Koutros S	2023-05-18	Eur Urol	www.ncbi.nlm.nih.gov/pubmed/37210288	Genome-wide Association Study of Bladder Cancer Reveals New Biological and Translational Insights.	Bladder cancer in ever smokers	9,251 European ancestry cases, 57,124 European ancestry controls	NA	2q37.1	2	233693631		UGT1A8, UGT1A10, UGT1A7, UGT1A9, UGT1A6			ENSG00000242366, ENSG00000242515, ENSG00000244122, ENSG00000241119, ENSG00000167165			rs17863783-?	rs17863783	0	17863783	synonymous_variant	0	NR	1E-10	10.0		1.7	[1.45-2.0]	NR [9680336] (imputed)	N	urinary bladder cancer	http://purl.obolibrary.org/obo/MONDO_0001187	GCST90837326	Genome-wide genotyping array, Genome-wide sequencing
2026-04-24	37210288	Koutros S	2023-05-18	Eur Urol	www.ncbi.nlm.nih.gov/pubmed/37210288	Genome-wide Association Study of Bladder Cancer Reveals New Biological and Translational Insights.	Bladder cancer in ever smokers	9,251 European ancestry cases, 57,124 European ancestry controls	NA	3q28	3	189928144		TP63 - P3H2	ENSG00000073282	ENSG00000090530		30868	28584	rs710521-?	rs710521	0	710521	intergenic_variant	1	NR	4E-9	8.397940008672037		1.16	[1.1-1.22]	NR [9680336] (imputed)	N	urinary bladder cancer	http://purl.obolibrary.org/obo/MONDO_0001187	GCST90837326	Genome-wide genotyping array, Genome-wide sequencing
2026-04-24	37210288	Koutros S	2023-05-18	Eur Urol	www.ncbi.nlm.nih.gov/pubmed/37210288	Genome-wide Association Study of Bladder Cancer Reveals New Biological and Translational Insights.	Bladder cancer in ever smokers	9,251 European ancestry cases, 57,124 European ancestry controls	NA	4p16.3	4	1755832		TACC3 - FGFR3	ENSG00000013810	ENSG00000068078		10654	37454	rs2896518-?	rs2896518	0	2896518	intergenic_variant	1	NR	1E-11	11.0		1.2	[1.14-1.27]	NR [9680336] (imputed)	N	urinary bladder cancer	http://purl.obolibrary.org/obo/MONDO_0001187	GCST90837326	Genome-wide genotyping array, Genome-wide sequencing
2026-04-24	37210288	Koutros S	2023-05-18	Eur Urol	www.ncbi.nlm.nih.gov/pubmed/37210288	Genome-wide Association Study of Bladder Cancer Reveals New Biological and Translational Insights.	Bladder cancer in ever smokers	9,251 European ancestry cases, 57,124 European ancestry controls	NA	5p15.33	5	1279913		TERT			ENSG00000164362			rs2242652-?	rs2242652	0	2242652	intron_variant	0	NR	2E-10	9.698970004336019		1.20048	[1.1345-1.2703]	NR [9680336] (imputed)	N	urinary bladder cancer	http://purl.obolibrary.org/obo/MONDO_0001187	GCST90837326	Genome-wide genotyping array, Genome-wide sequencing
2026-04-24	37210288	Koutros S	2023-05-18	Eur Urol	www.ncbi.nlm.nih.gov/pubmed/37210288	Genome-wide Association Study of Bladder Cancer Reveals New Biological and Translational Insights.	Bladder cancer in ever smokers	9,251 European ancestry cases, 57,124 European ancestry controls	NA	6p22.3	6	21826498		CASC15			ENSG00000272168			rs72826305-?	rs72826305	0	72826305	intron_variant	0	NR	3E-8	7.522878745280337		1.14	[1.09-1.19]	NR [9680336] (imputed)	N	urinary bladder cancer	http://purl.obolibrary.org/obo/MONDO_0001187	GCST90837326	Genome-wide genotyping array, Genome-wide sequencing
2026-04-24	37210288	Koutros S	2023-05-18	Eur Urol	www.ncbi.nlm.nih.gov/pubmed/37210288	Genome-wide Association Study of Bladder Cancer Reveals New Biological and Translational Insights.	Bladder cancer in ever smokers	9,251 European ancestry cases, 57,124 European ancestry controls	NA	7q36.3	7	155966944		SHH - Y_RNA	ENSG00000164690	ENSG00000200544		154481	219178	rs2125484-?	rs2125484	0	2125484	intergenic_variant	1	NR	8E-7	6.096910013008056		1.12	[1.07-1.17]	NR [9680336] (imputed)	N	urinary bladder cancer	http://purl.obolibrary.org/obo/MONDO_0001187	GCST90837326	Genome-wide genotyping array, Genome-wide sequencing
2026-04-24	37210288	Koutros S	2023-05-18	Eur Urol	www.ncbi.nlm.nih.gov/pubmed/37210288	Genome-wide Association Study of Bladder Cancer Reveals New Biological and Translational Insights.	Bladder cancer in ever smokers	9,251 European ancestry cases, 57,124 European ancestry controls	NA	8p22	8	18415371		NAT2 - PSD3	ENSG00000156006	ENSG00000156011		14153	111932	rs1495741-?	rs1495741	0	1495741	intergenic_variant	1	NR	2E-10	9.698970004336019		1.19	[1.13-1.25]	NR [9680336] (imputed)	N	urinary bladder cancer	http://purl.obolibrary.org/obo/MONDO_0001187	GCST90837326	Genome-wide genotyping array, Genome-wide sequencing
2026-04-24	37210288	Koutros S	2023-05-18	Eur Urol	www.ncbi.nlm.nih.gov/pubmed/37210288	Genome-wide Association Study of Bladder Cancer Reveals New Biological and Translational Insights.	Bladder cancer in ever smokers	9,251 European ancestry cases, 57,124 European ancestry controls	NA	8q24.21	8	127707639		CASC11			ENSG00000249375			rs10094872-?	rs10094872	0	10094872	intron_variant	0	NR	3E-18	17.522878745280337		1.22	[1.17-1.27]	NR [9680336] (imputed)	N	urinary bladder cancer	http://purl.obolibrary.org/obo/MONDO_0001187	GCST90837326	Genome-wide genotyping array, Genome-wide sequencing
2026-04-24	37210288	Koutros S	2023-05-18	Eur Urol	www.ncbi.nlm.nih.gov/pubmed/37210288	Genome-wide Association Study of Bladder Cancer Reveals New Biological and Translational Insights.	Bladder cancer in ever smokers	9,251 European ancestry cases, 57,124 European ancestry controls	NA	8q24.3	8	142680513		JRK, PSCA			ENSG00000234616, ENSG00000167653			rs2294008-?	rs2294008	0	2294008	5_prime_UTR_variant	0	NR	9E-9	8.045757490560675		1.14	[1.09-1.19]	NR [9680336] (imputed)	N	urinary bladder cancer	http://purl.obolibrary.org/obo/MONDO_0001187	GCST90837326	Genome-wide genotyping array, Genome-wide sequencing
2026-04-24	37210288	Koutros S	2023-05-18	Eur Urol	www.ncbi.nlm.nih.gov/pubmed/37210288	Genome-wide Association Study of Bladder Cancer Reveals New Biological and Translational Insights.	Bladder cancer in ever smokers	9,251 European ancestry cases, 57,124 European ancestry controls	NA	9q31.1	9	104094629		SMC2			ENSG00000136824			rs4743687-?	rs4743687	0	4743687	5_prime_UTR_variant	0	NR	7E-7	6.154901959985743		1.12	[1.07-1.16]	NR [9680336] (imputed)	N	urinary bladder cancer	http://purl.obolibrary.org/obo/MONDO_0001187	GCST90837326	Genome-wide genotyping array, Genome-wide sequencing
2026-04-24	37210288	Koutros S	2023-05-18	Eur Urol	www.ncbi.nlm.nih.gov/pubmed/37210288	Genome-wide Association Study of Bladder Cancer Reveals New Biological and Translational Insights.	Bladder cancer in ever smokers	9,251 European ancestry cases, 57,124 European ancestry controls	NA	10q22.1	10	69823240		COL13A1			ENSG00000197467			rs7076867-?	rs7076867	0	7076867	intron_variant	0	NR	2E-6	5.698970004336019		1.28	[1.16-1.42]	NR [9680336] (imputed)	N	urinary bladder cancer	http://purl.obolibrary.org/obo/MONDO_0001187	GCST90837326	Genome-wide genotyping array, Genome-wide sequencing
2026-04-24	37210288	Koutros S	2023-05-18	Eur Urol	www.ncbi.nlm.nih.gov/pubmed/37210288	Genome-wide Association Study of Bladder Cancer Reveals New Biological and Translational Insights.	Bladder cancer in ever smokers	9,251 European ancestry cases, 57,124 European ancestry controls	NA	18q12.3	18	45737582		SLC14A1			ENSG00000141469			rs10853535-?	rs10853535	0	10853535	non_coding_transcript_exon_variant	0	NR	2E-8	7.698970004336019		1.13	[1.08-1.18]	NR [9680336] (imputed)	N	urinary bladder cancer	http://purl.obolibrary.org/obo/MONDO_0001187	GCST90837326	Genome-wide genotyping array, Genome-wide sequencing
2026-04-24	37210288	Koutros S	2023-05-18	Eur Urol	www.ncbi.nlm.nih.gov/pubmed/37210288	Genome-wide Association Study of Bladder Cancer Reveals New Biological and Translational Insights.	Bladder cancer in ever smokers	9,251 European ancestry cases, 57,124 European ancestry controls	NA	19q12	19	29805946		C19orf12 - CCNE1	ENSG00000131943	ENSG00000105173		89886	5525	rs8102137-?	rs8102137	0	8102137	regulatory_region_variant	1	NR	2E-6	5.698970004336019		1.12	[1.07-1.17]	NR [9680336] (imputed)	N	urinary bladder cancer	http://purl.obolibrary.org/obo/MONDO_0001187	GCST90837326	Genome-wide genotyping array, Genome-wide sequencing
2026-04-24	37210288	Koutros S	2023-05-18	Eur Urol	www.ncbi.nlm.nih.gov/pubmed/37210288	Genome-wide Association Study of Bladder Cancer Reveals New Biological and Translational Insights.	Bladder cancer in ever smokers	9,251 European ancestry cases, 57,124 European ancestry controls	NA	22q13.1	22	38936618		CBX6 - APOBEC3A	ENSG00000183741	ENSG00000128383		64369	16123	rs1014971-?	rs1014971	0	1014971	intergenic_variant	1	NR	3E-6	5.522878745280337		1.11	[1.06-1.17]	NR [9680336] (imputed)	N	urinary bladder cancer	http://purl.obolibrary.org/obo/MONDO_0001187	GCST90837326	Genome-wide genotyping array, Genome-wide sequencing
2026-04-24	37210288	Koutros S	2023-05-18	Eur Urol	www.ncbi.nlm.nih.gov/pubmed/37210288	Genome-wide Association Study of Bladder Cancer Reveals New Biological and Translational Insights.	Bladder cancer in ever smokers	9,251 European ancestry cases, 57,124 European ancestry controls	NA	9p21.3	9	21755631		RN7SL151P - MTAP	ENSG00000244230	ENSG00000099810		56035	47005	rs1414253-A	rs1414253	0	1414253	intron_variant	1	NR	1E-8	8.0		1.14	[1.09-1.19]	NR [9680336] (imputed)	N	urinary bladder cancer	http://purl.obolibrary.org/obo/MONDO_0001187	GCST90837326	Genome-wide genotyping array, Genome-wide sequencing
2026-04-24	37210288	Koutros S	2023-05-18	Eur Urol	www.ncbi.nlm.nih.gov/pubmed/37210288	Genome-wide Association Study of Bladder Cancer Reveals New Biological and Translational Insights.	Bladder cancer in current smokers	3,286 European ancestry cases, 2,802 European ancestry controls	NA	9p21.3	9	21701943		RN7SL151P - MTAP	ENSG00000244230	ENSG00000099810		2347	100693	rs10811586-G	rs10811586	0	10811586	intron_variant	1	0.42	2E-9	8.698970004336019		1.28	[1.18-1.39]	NR [9680336] (imputed)	N	urinary bladder cancer	http://purl.obolibrary.org/obo/MONDO_0001187	GCST90296732	Genome-wide genotyping array
2026-04-24	37210288	Koutros S	2023-05-18	Eur Urol	www.ncbi.nlm.nih.gov/pubmed/37210288	Genome-wide Association Study of Bladder Cancer Reveals New Biological and Translational Insights.	Bladder cancer	13,447 European ancestry cases, 342,580 European ancestry controls	NA											chr1:110229772-G	chr1:110229772	0			1	0.66	9E-23	22.045757490560675		1.2	[1.16-1.25]	NR [9680336] (imputed)	N	urinary bladder cancer	http://purl.obolibrary.org/obo/MONDO_0001187	GCST90296729	Genome-wide genotyping array, Genome-wide sequencing
2026-04-24	37210288	Koutros S	2023-05-18	Eur Urol	www.ncbi.nlm.nih.gov/pubmed/37210288	Genome-wide Association Study of Bladder Cancer Reveals New Biological and Translational Insights.	Bladder cancer	13,447 European ancestry cases, 342,580 European ancestry controls	NA	2q37.1	2	233656637		UGT1A8, UGT1A10			ENSG00000242366, ENSG00000242515			rs11892031-A	rs11892031	0	11892031	intron_variant	0	0.91	1E-11	11.0		1.23	[1.16-1.31]	NR [9680336] (imputed)	N	urinary bladder cancer	http://purl.obolibrary.org/obo/MONDO_0001187	GCST90296729	Genome-wide genotyping array, Genome-wide sequencing
2026-04-24	37210288	Koutros S	2023-05-18	Eur Urol	www.ncbi.nlm.nih.gov/pubmed/37210288	Genome-wide Association Study of Bladder Cancer Reveals New Biological and Translational Insights.	Bladder cancer	13,447 European ancestry cases, 342,580 European ancestry controls	NA	2q37.1	2	233693631		UGT1A8, UGT1A10, UGT1A7, UGT1A9, UGT1A6			ENSG00000242366, ENSG00000242515, ENSG00000244122, ENSG00000241119, ENSG00000167165			rs17863783-G	rs17863783	0	17863783	synonymous_variant	0	0.98	9E-20	19.045757490560675		1.75	[1.55-1.98]	NR [9680336] (imputed)	N	urinary bladder cancer	http://purl.obolibrary.org/obo/MONDO_0001187	GCST90296729	Genome-wide genotyping array, Genome-wide sequencing
2026-04-24	37210288	Koutros S	2023-05-18	Eur Urol	www.ncbi.nlm.nih.gov/pubmed/37210288	Genome-wide Association Study of Bladder Cancer Reveals New Biological and Translational Insights.	Bladder cancer	13,447 European ancestry cases, 342,580 European ancestry controls	NA	3q26.2	3	169774313		MYNN			ENSG00000085274			rs10936599-C	rs10936599	0	10936599	missense_variant	0	0.75	1E-6	6.0		1.1	[1.06-1.14]	NR [9680336] (imputed)	N	urinary bladder cancer	http://purl.obolibrary.org/obo/MONDO_0001187	GCST90296729	Genome-wide genotyping array, Genome-wide sequencing
2026-04-24	37210288	Koutros S	2023-05-18	Eur Urol	www.ncbi.nlm.nih.gov/pubmed/37210288	Genome-wide Association Study of Bladder Cancer Reveals New Biological and Translational Insights.	Bladder cancer	13,447 European ancestry cases, 342,580 European ancestry controls	NA	3q28	3	189928144		TP63 - P3H2	ENSG00000073282	ENSG00000090530		30868	28584	rs710521-T	rs710521	0	710521	intergenic_variant	1	0.74	5E-14	13.301029995663981		1.15	[1.11-1.2]	NR [9680336] (imputed)	N	urinary bladder cancer	http://purl.obolibrary.org/obo/MONDO_0001187	GCST90296729	Genome-wide genotyping array, Genome-wide sequencing
2026-04-24	37210288	Koutros S	2023-05-18	Eur Urol	www.ncbi.nlm.nih.gov/pubmed/37210288	Genome-wide Association Study of Bladder Cancer Reveals New Biological and Translational Insights.	Bladder cancer	13,447 European ancestry cases, 342,580 European ancestry controls	NA	4p16.3	4	1732512		TACC3			ENSG00000013810			rs798766-T	rs798766	0	798766	intron_variant	0	0.2	4E-11	10.397940008672037		1.15	[1.1-1.2]	NR [9680336] (imputed)	N	urinary bladder cancer	http://purl.obolibrary.org/obo/MONDO_0001187	GCST90296729	Genome-wide genotyping array, Genome-wide sequencing
2026-04-24	37210288	Koutros S	2023-05-18	Eur Urol	www.ncbi.nlm.nih.gov/pubmed/37210288	Genome-wide Association Study of Bladder Cancer Reveals New Biological and Translational Insights.	Bladder cancer	13,447 European ancestry cases, 342,580 European ancestry controls	NA	4p16.3	4	1755832		TACC3 - FGFR3	ENSG00000013810	ENSG00000068078		10654	37454	rs2896518-A	rs2896518	0	2896518	intergenic_variant	1	0.21	5E-15	14.301029995663981		1.172608	[1.1267-1.2204]	NR [9680336] (imputed)	N	urinary bladder cancer	http://purl.obolibrary.org/obo/MONDO_0001187	GCST90296729	Genome-wide genotyping array, Genome-wide sequencing
2026-04-24	37210288	Koutros S	2023-05-18	Eur Urol	www.ncbi.nlm.nih.gov/pubmed/37210288	Genome-wide Association Study of Bladder Cancer Reveals New Biological and Translational Insights.	Bladder cancer	13,447 European ancestry cases, 342,580 European ancestry controls	NA	5p15.33	5	1279913		TERT			ENSG00000164362			rs2242652-G	rs2242652	0	2242652	intron_variant	0	0.8	4E-15	14.397940008672037		1.184553	[1.1355-1.2357]	NR [9680336] (imputed)	N	urinary bladder cancer	http://purl.obolibrary.org/obo/MONDO_0001187	GCST90296729	Genome-wide genotyping array, Genome-wide sequencing
2026-04-24	37210288	Koutros S	2023-05-18	Eur Urol	www.ncbi.nlm.nih.gov/pubmed/37210288	Genome-wide Association Study of Bladder Cancer Reveals New Biological and Translational Insights.	Bladder cancer	13,447 European ancestry cases, 342,580 European ancestry controls	NA	5p15.33	5	1279675		TERT			ENSG00000164362			rs10069690-C	rs10069690	0	10069690	intron_variant	0	0.74	2E-14	13.698970004336019		1.16	[1.12-1.22]	NR [9680336] (imputed)	N	urinary bladder cancer	http://purl.obolibrary.org/obo/MONDO_0001187	GCST90296729	Genome-wide genotyping array, Genome-wide sequencing
2026-04-24	37210288	Koutros S	2023-05-18	Eur Urol	www.ncbi.nlm.nih.gov/pubmed/37210288	Genome-wide Association Study of Bladder Cancer Reveals New Biological and Translational Insights.	Bladder cancer	13,447 European ancestry cases, 342,580 European ancestry controls	NA	5p15.33	5	1321972		CLPTM1L			ENSG00000049656			rs401681-C	rs401681	0	401681	intron_variant	0	0.56	1E-9	9.0		1.11	[1.07-1.15]	NR [9680336] (imputed)	N	urinary bladder cancer	http://purl.obolibrary.org/obo/MONDO_0001187	GCST90296729	Genome-wide genotyping array, Genome-wide sequencing
2026-04-24	37210288	Koutros S	2023-05-18	Eur Urol	www.ncbi.nlm.nih.gov/pubmed/37210288	Genome-wide Association Study of Bladder Cancer Reveals New Biological and Translational Insights.	Bladder cancer	13,447 European ancestry cases, 342,580 European ancestry controls	NA	6p22.3	6	20783163		CDKAL1			ENSG00000145996			rs6910215-C	rs6910215	0	6910215	intron_variant	0	0.57	1E-8	8.0		1.099626	[1.0644-1.136]	NR [9680336] (imputed)	N	urinary bladder cancer	http://purl.obolibrary.org/obo/MONDO_0001187	GCST90296729	Genome-wide genotyping array, Genome-wide sequencing
2026-04-24	37210288	Koutros S	2023-05-18	Eur Urol	www.ncbi.nlm.nih.gov/pubmed/37210288	Genome-wide Association Study of Bladder Cancer Reveals New Biological and Translational Insights.	Bladder cancer	13,447 European ancestry cases, 342,580 European ancestry controls	NA	6p22.3	6	21826498		CASC15			ENSG00000272168			rs72826305-C	rs72826305	0	72826305	intron_variant	0	0.34	2E-10	9.698970004336019		1.1171	[1.0797-1.1558]	NR [9680336] (imputed)	N	urinary bladder cancer	http://purl.obolibrary.org/obo/MONDO_0001187	GCST90296729	Genome-wide genotyping array, Genome-wide sequencing
2026-04-24	37210288	Koutros S	2023-05-18	Eur Urol	www.ncbi.nlm.nih.gov/pubmed/37210288	Genome-wide Association Study of Bladder Cancer Reveals New Biological and Translational Insights.	Bladder cancer	13,447 European ancestry cases, 342,580 European ancestry controls	NA	7q36.3	7	155966944		SHH - Y_RNA	ENSG00000164690	ENSG00000200544		154481	219178	rs2125484-G	rs2125484	0	2125484	intergenic_variant	1	0.58	1E-9	9.0		1.11	[1.0731-1.1481]	NR [9680336] (imputed)	N	urinary bladder cancer	http://purl.obolibrary.org/obo/MONDO_0001187	GCST90296729	Genome-wide genotyping array, Genome-wide sequencing
2026-04-24	37210288	Koutros S	2023-05-18	Eur Urol	www.ncbi.nlm.nih.gov/pubmed/37210288	Genome-wide Association Study of Bladder Cancer Reveals New Biological and Translational Insights.	Bladder cancer	13,447 European ancestry cases, 342,580 European ancestry controls	NA	8p22	8	18415371		NAT2 - PSD3	ENSG00000156006	ENSG00000156011		14153	111932	rs1495741-A	rs1495741	0	1495741	intergenic_variant	1	0.78	7E-13	12.154901959985743		1.16	[1.11-1.21]	NR [9680336] (imputed)	N	urinary bladder cancer	http://purl.obolibrary.org/obo/MONDO_0001187	GCST90296729	Genome-wide genotyping array, Genome-wide sequencing
2026-04-24	37210288	Koutros S	2023-05-18	Eur Urol	www.ncbi.nlm.nih.gov/pubmed/37210288	Genome-wide Association Study of Bladder Cancer Reveals New Biological and Translational Insights.	Bladder cancer	13,447 European ancestry cases, 342,580 European ancestry controls	NA	8q24.21	8	127705823		CASC11			ENSG00000249375			rs9642880-T	rs9642880	0	9642880	intron_variant	0	0.47	7E-29	28.154901959985743		1.2	[1.16-1.24]	NR [9680336] (imputed)	N	urinary bladder cancer	http://purl.obolibrary.org/obo/MONDO_0001187	GCST90296729	Genome-wide genotyping array, Genome-wide sequencing
2026-04-24	37210288	Koutros S	2023-05-18	Eur Urol	www.ncbi.nlm.nih.gov/pubmed/37210288	Genome-wide Association Study of Bladder Cancer Reveals New Biological and Translational Insights.	Bladder cancer	13,447 European ancestry cases, 342,580 European ancestry controls	NA	8q21.13	8	81074718		PAG1			ENSG00000076641			rs5003154-C	rs5003154	0	5003154	intron_variant	0	0.51	1E-10	10.0		1.1125	[1.077-1.1492]	NR [9680336] (imputed)	N	urinary bladder cancer	http://purl.obolibrary.org/obo/MONDO_0001187	GCST90296729	Genome-wide genotyping array, Genome-wide sequencing
2026-04-24	37210288	Koutros S	2023-05-18	Eur Urol	www.ncbi.nlm.nih.gov/pubmed/37210288	Genome-wide Association Study of Bladder Cancer Reveals New Biological and Translational Insights.	Bladder cancer	13,447 European ancestry cases, 342,580 European ancestry controls	NA	8q24.21	8	127707639		CASC11			ENSG00000249375			rs10094872-T	rs10094872	0	10094872	intron_variant	0	0.38	1E-37	37.0		1.24	[1.2-1.28]	NR [9680336] (imputed)	N	urinary bladder cancer	http://purl.obolibrary.org/obo/MONDO_0001187	GCST90296729	Genome-wide genotyping array, Genome-wide sequencing
2026-04-24	37210288	Koutros S	2023-05-18	Eur Urol	www.ncbi.nlm.nih.gov/pubmed/37210288	Genome-wide Association Study of Bladder Cancer Reveals New Biological and Translational Insights.	Bladder cancer	13,447 European ancestry cases, 342,580 European ancestry controls	NA	8q24.3	8	142680513		JRK, PSCA			ENSG00000234616, ENSG00000167653			rs2294008-T	rs2294008	0	2294008	5_prime_UTR_variant	0	0.45	1E-15	15.0		1.14	[1.11-1.18]	NR [9680336] (imputed)	N	urinary bladder cancer	http://purl.obolibrary.org/obo/MONDO_0001187	GCST90296729	Genome-wide genotyping array, Genome-wide sequencing
2026-04-24	37210288	Koutros S	2023-05-18	Eur Urol	www.ncbi.nlm.nih.gov/pubmed/37210288	Genome-wide Association Study of Bladder Cancer Reveals New Biological and Translational Insights.	Bladder cancer	13,447 European ancestry cases, 342,580 European ancestry controls	NA	9q31.1	9	104094629		SMC2			ENSG00000136824			rs4743687-C	rs4743687	0	4743687	5_prime_UTR_variant	0	0.44	2E-8	7.698970004336019		1.096852	[1.062-1.1329]	NR [9680336] (imputed)	N	urinary bladder cancer	http://purl.obolibrary.org/obo/MONDO_0001187	GCST90296729	Genome-wide genotyping array, Genome-wide sequencing
2026-04-24	37210288	Koutros S	2023-05-18	Eur Urol	www.ncbi.nlm.nih.gov/pubmed/37210288	Genome-wide Association Study of Bladder Cancer Reveals New Biological and Translational Insights.	Bladder cancer	13,447 European ancestry cases, 342,580 European ancestry controls	NA	10q22.1	10	69823240		COL13A1			ENSG00000197467			rs7076867-C	rs7076867	0	7076867	intron_variant	0	0.95	6E-13	12.221848749616356		1.308901	[1.2165-1.4083]	NR [9680336] (imputed)	N	urinary bladder cancer	http://purl.obolibrary.org/obo/MONDO_0001187	GCST90296729	Genome-wide genotyping array, Genome-wide sequencing
2026-04-24	37210288	Koutros S	2023-05-18	Eur Urol	www.ncbi.nlm.nih.gov/pubmed/37210288	Genome-wide Association Study of Bladder Cancer Reveals New Biological and Translational Insights.	Bladder cancer	13,447 European ancestry cases, 342,580 European ancestry controls	NA	11p15.5	11	1852842		LSP1			ENSG00000130592			rs907611-A	rs907611	0	907611	intron_variant	0	0.32	3E-8	7.522878745280337		1.11	[1.07-1.15]	NR [9680336] (imputed)	N	urinary bladder cancer	http://purl.obolibrary.org/obo/MONDO_0001187	GCST90296729	Genome-wide genotyping array, Genome-wide sequencing
2026-04-24	37210288	Koutros S	2023-05-18	Eur Urol	www.ncbi.nlm.nih.gov/pubmed/37210288	Genome-wide Association Study of Bladder Cancer Reveals New Biological and Translational Insights.	Bladder cancer	13,447 European ancestry cases, 342,580 European ancestry controls	NA	11p15.5	11	1926570		TNNT3			ENSG00000130595			rs7937265-G	rs7937265	0	7937265	intron_variant	0	0.19	1E-8	8.0		1.1283	[1.0825-1.176]	NR [9680336] (imputed)	N	urinary bladder cancer	http://purl.obolibrary.org/obo/MONDO_0001187	GCST90296729	Genome-wide genotyping array, Genome-wide sequencing
2026-04-24	37210288	Koutros S	2023-05-18	Eur Urol	www.ncbi.nlm.nih.gov/pubmed/37210288	Genome-wide Association Study of Bladder Cancer Reveals New Biological and Translational Insights.	Bladder cancer	13,447 European ancestry cases, 342,580 European ancestry controls	NA	13q34	13	113004794		MCF2L			ENSG00000126217			rs4907479-A	rs4907479	0	4907479	intron_variant	0	0.27	8E-10	9.096910013008056		1.11	[1.07-1.14]	NR [9680336] (imputed)	N	urinary bladder cancer	http://purl.obolibrary.org/obo/MONDO_0001187	GCST90296729	Genome-wide genotyping array, Genome-wide sequencing
2026-04-24	37210288	Koutros S	2023-05-18	Eur Urol	www.ncbi.nlm.nih.gov/pubmed/37210288	Genome-wide Association Study of Bladder Cancer Reveals New Biological and Translational Insights.	Bladder cancer	13,447 European ancestry cases, 342,580 European ancestry controls	NA	18q12.3	18	45737582		SLC14A1			ENSG00000141469			rs10853535-C	rs10853535	0	10853535	non_coding_transcript_exon_variant	0	0.44	8E-16	15.096910013008056		1.14	[1.11-1.18]	NR [9680336] (imputed)	N	urinary bladder cancer	http://purl.obolibrary.org/obo/MONDO_0001187	GCST90296729	Genome-wide genotyping array, Genome-wide sequencing
2026-04-24	37210288	Koutros S	2023-05-18	Eur Urol	www.ncbi.nlm.nih.gov/pubmed/37210288	Genome-wide Association Study of Bladder Cancer Reveals New Biological and Translational Insights.	Bladder cancer	13,447 European ancestry cases, 342,580 European ancestry controls	NA	19q12	19	29805946		C19orf12 - CCNE1	ENSG00000131943	ENSG00000105173		89886	5525	rs8102137-C	rs8102137	0	8102137	regulatory_region_variant	1	0.33	2E-11	10.698970004336019		1.12	[1.09-1.16]	NR [9680336] (imputed)	N	urinary bladder cancer	http://purl.obolibrary.org/obo/MONDO_0001187	GCST90296729	Genome-wide genotyping array, Genome-wide sequencing
2026-04-24	37210288	Koutros S	2023-05-18	Eur Urol	www.ncbi.nlm.nih.gov/pubmed/37210288	Genome-wide Association Study of Bladder Cancer Reveals New Biological and Translational Insights.	Bladder cancer	2,123 European ancestry female cases, 5,030 European ancestry female controls	NA	4p16.3	4	1755832		TACC3 - FGFR3	ENSG00000013810	ENSG00000068078		10654	37454	rs2896518-A	rs2896518	0	2896518	intergenic_variant	1	0.204028	2E-9	8.698970004336019		1.335292	[1.215-1.4675]	NR [9680336] (imputed)	N	urinary bladder cancer	http://purl.obolibrary.org/obo/MONDO_0001187	GCST90296733	Genome-wide genotyping array
2022-06-17	35328002	Takeuchi T	2022-02-28	Genes (Basel)	www.ncbi.nlm.nih.gov/pubmed/35328002	Genome-Wide Association Study Adjusted for Occupational and Environmental Factors for Bladder Cancer Susceptibility.	Bladder cancer adjusted for industrial classification factors	300 Japanese ancestry male cases, 395 Japanese ancestry male controls	NA	15q21.2	15	51380928		GLDN			ENSG00000186417			rs10162956-?	rs10162956	0	10162956	intron_variant	0	NR	6E-6	5.221848749616356		1.26	[0.71-1.81] increase	Illumina [11175945] (imputed)	N	urinary bladder cancer, employment status	http://purl.obolibrary.org/obo/MONDO_0001187, http://www.ebi.ac.uk/efo/EFO_0005241	GCST90104605	Genome-wide genotyping array
2022-06-17	35328002	Takeuchi T	2022-02-28	Genes (Basel)	www.ncbi.nlm.nih.gov/pubmed/35328002	Genome-Wide Association Study Adjusted for Occupational and Environmental Factors for Bladder Cancer Susceptibility.	Bladder cancer in selected industrial classification factors (Information and communications, Scientific research, professional and technical services, Government, except elsewhere classified)	300 Japanese ancestry male cases, 395 Japanese ancestry male controls	NA	15q21.2	15	51380928		GLDN			ENSG00000186417			rs10162956-?	rs10162956	0	10162956	intron_variant	0	NR	4E-6	5.3979400086720375		1.26	[0.73-1.79] increase	Illumina [11175945] (imputed)	N	urinary bladder cancer	http://purl.obolibrary.org/obo/MONDO_0001187	GCST90104606	Genome-wide genotyping array
2022-06-17	35328002	Takeuchi T	2022-02-28	Genes (Basel)	www.ncbi.nlm.nih.gov/pubmed/35328002	Genome-Wide Association Study Adjusted for Occupational and Environmental Factors for Bladder Cancer Susceptibility.	Bladder cancer adjusted for occupational classification factors	300 Japanese ancestry male cases, 395 Japanese ancestry male controls	NA	15q21.2	15	51379194		GLDN			ENSG00000186417			rs28619121-?	rs28619121	0	28619121	intron_variant	0	NR	9E-6	5.045757490560675		1.22	[0.69-1.75] increase	Illumina [11175945] (imputed)	N	urinary bladder cancer, employment status	http://purl.obolibrary.org/obo/MONDO_0001187, http://www.ebi.ac.uk/efo/EFO_0005241	GCST90104607	Genome-wide genotyping array
2022-06-17	35328002	Takeuchi T	2022-02-28	Genes (Basel)	www.ncbi.nlm.nih.gov/pubmed/35328002	Genome-Wide Association Study Adjusted for Occupational and Environmental Factors for Bladder Cancer Susceptibility.	Bladder cancer in selected occupational classification factor (security workers)	300 Japanese ancestry male cases, 395 Japanese ancestry male controls	NA	15q21.2	15	51379723		GLDN			ENSG00000186417			rs16964318-?	rs16964318	0	16964318	intron_variant	0	NR	6E-6	5.221848749616356		1.23	[0.7-1.76] increase	Illumina [11175945] (imputed)	N	urinary bladder cancer	http://purl.obolibrary.org/obo/MONDO_0001187	GCST90104608	Genome-wide genotyping array
2022-06-17	35328002	Takeuchi T	2022-02-28	Genes (Basel)	www.ncbi.nlm.nih.gov/pubmed/35328002	Genome-Wide Association Study Adjusted for Occupational and Environmental Factors for Bladder Cancer Susceptibility.	Bladder cancer in selected industrial classification factors within Construction, Manufacturing, and Transport and Postal Services	300 Japanese ancestry male cases, 395 Japanese ancestry male controls	NA	15q21.2	15	51379723		GLDN			ENSG00000186417			rs16964318-?	rs16964318	0	16964318	intron_variant	0	NR	2E-6	5.698970004336019		1.31	[0.76-1.86] increase	Illumina [11175945] (imputed)	N	urinary bladder cancer	http://purl.obolibrary.org/obo/MONDO_0001187	GCST90104609	Genome-wide genotyping array
