DATE ADDED TO CATALOG	PUBMEDID	FIRST AUTHOR	DATE	JOURNAL	LINK	STUDY	DISEASE/TRAIT	INITIAL SAMPLE SIZE	REPLICATION SAMPLE SIZE	REGION	CHR_ID	CHR_POS	REPORTED GENE(S)	MAPPED_GENE	UPSTREAM_GENE_ID	DOWNSTREAM_GENE_ID	SNP_GENE_IDS	UPSTREAM_GENE_DISTANCE	DOWNSTREAM_GENE_DISTANCE	STRONGEST SNP-RISK ALLELE	SNPS	MERGED	SNP_ID_CURRENT	CONTEXT	INTERGENIC	RISK ALLELE FREQUENCY	P-VALUE	PVALUE_MLOG	P-VALUE (TEXT)	OR or BETA	95% CI (TEXT)	PLATFORM [SNPS PASSING QC]	CNV	MAPPED_TRAIT	MAPPED_TRAIT_URI	STUDY ACCESSION	GENOTYPING TECHNOLOGY
2018-02-27	29367735	Nakagawa-Senda H	2018-01-24	Sci Rep	www.ncbi.nlm.nih.gov/pubmed/29367735	A genome-wide association study in the Japanese population identifies the 12q24 locus for habitual coffee consumption: The J-MICC Study.	Coffee consumption	6,312 Japanese ancestry individuals	4,949 Japanese ancestry individuals	12q24.13	12	112207597	HECTD4, MYL2, CUX2, BRAP, ACAD10, ALDH2, MAPKAPK5, NAA25, TRAFD1, RPL6, OAS2, DTX1	HECTD4			ENSG00000173064			rs2074356-A	rs2074356	0	2074356	intron_variant	0	0.24	2E-16	15.698970004336019		0.192	[0.15-0.24] cups per day increase	Illumina [7094228] (imputed)	N	cups of coffee per day measurement	http://www.ebi.ac.uk/efo/EFO_0006782	GCST005329	Genome-wide genotyping array
2018-02-27	29367735	Nakagawa-Senda H	2018-01-24	Sci Rep	www.ncbi.nlm.nih.gov/pubmed/29367735	A genome-wide association study in the Japanese population identifies the 12q24 locus for habitual coffee consumption: The J-MICC Study.	Coffee consumption	11,261 Japanese ancestry individuals	NA	5p15.2	5	13076809	CT49, DNAH5	LINC02220 - RPS23P5	ENSG00000248457	ENSG00000242608		43887	173426	rs573194563-CA	rs573194563	0	573194563	intron_variant	1	0.955	5E-7	6.301029995663981		0.2708	[0.17-0.38] cups per day increase	Illumina [7094228] (imputed)	N	cups of coffee per day measurement	http://www.ebi.ac.uk/efo/EFO_0006782	GCST005330	Genome-wide genotyping array
2018-02-27	29367735	Nakagawa-Senda H	2018-01-24	Sci Rep	www.ncbi.nlm.nih.gov/pubmed/29367735	A genome-wide association study in the Japanese population identifies the 12q24 locus for habitual coffee consumption: The J-MICC Study.	Coffee consumption	11,261 Japanese ancestry individuals	NA	12q24.13	12	112189546	HECTD4	HECTD4			ENSG00000173064			rs144504271-A	rs144504271	0	144504271	intron_variant	0	0.265	2E-15	14.698970004336019		0.1887	[0.14-0.24] cups per day increase	Illumina [7094228] (imputed)	N	cups of coffee per day measurement	http://www.ebi.ac.uk/efo/EFO_0006782	GCST005330	Genome-wide genotyping array
2018-02-27	29367735	Nakagawa-Senda H	2018-01-24	Sci Rep	www.ncbi.nlm.nih.gov/pubmed/29367735	A genome-wide association study in the Japanese population identifies the 12q24 locus for habitual coffee consumption: The J-MICC Study.	Coffee consumption	11,261 Japanese ancestry individuals	NA	1p13.1	1	116348741	MAB21L3, ATP1A1	U3 - ATP1A1	ENSG00000221496	ENSG00000163399		69920	23927	rs12094032-G	rs12094032	0	12094032	intron_variant	1	0.057	8E-7	6.096910013008056	(adjusted for smoking status)	0.2139	[0.13-0.3] cups per day increase	Illumina [7094228] (imputed)	N	cups of coffee per day measurement	http://www.ebi.ac.uk/efo/EFO_0006782	GCST005330	Genome-wide genotyping array
2018-02-27	29367735	Nakagawa-Senda H	2018-01-24	Sci Rep	www.ncbi.nlm.nih.gov/pubmed/29367735	A genome-wide association study in the Japanese population identifies the 12q24 locus for habitual coffee consumption: The J-MICC Study.	Coffee consumption	11,261 Japanese ancestry individuals	NA	7p21.1	7	17244953	AGR3, AHR	AHR			ENSG00000106546			rs4410790-C	rs4410790	0	4410790	intron_variant	0	0.375	5E-7	6.301029995663981	(adjusted for smoking status)	0.102	[0.062-0.142] cups per day increase	Illumina [7094228] (imputed)	N	cups of coffee per day measurement	http://www.ebi.ac.uk/efo/EFO_0006782	GCST005330	Genome-wide genotyping array
2019-08-29	31046077	Zhong VW	2019-05-02	Hum Mol Genet	www.ncbi.nlm.nih.gov/pubmed/31046077	A genome-wide association study of bitter and sweet beverage consumption.	Coffee consumption	335,909 European ancestry individuals	39,924 European ancestry individuals	1q25.2	1	177365646	LOC102724661	LINC01645			ENSG00000224968			rs4233170-G	rs4233170	0	4233170	intron_variant	0	0.0946	2E-7	6.698970004336019		0.0132	[0.0083-0.0181] unit increase	Affymetrix [~ 7740000] (imputed)	N	coffee consumption measurement	http://www.ebi.ac.uk/efo/EFO_0006781	GCST008526	Genome-wide genotyping array
2019-08-29	31046077	Zhong VW	2019-05-02	Hum Mol Genet	www.ncbi.nlm.nih.gov/pubmed/31046077	A genome-wide association study of bitter and sweet beverage consumption.	Coffee consumption	335,909 European ancestry individuals	39,924 European ancestry individuals	3q22.2	3	134438421	MIR4788	HMGB3P13 - ANAPC13	ENSG00000214288	ENSG00000129055		210	39283	rs13088645-A	rs13088645	0	13088645	intergenic_variant	1	0.4204	2E-7	6.698970004336019		0.0079	[0.005-0.0108] unit increase	Affymetrix [~ 7740000] (imputed)	N	coffee consumption measurement	http://www.ebi.ac.uk/efo/EFO_0006781	GCST008526	Genome-wide genotyping array
2019-08-29	31046077	Zhong VW	2019-05-02	Hum Mol Genet	www.ncbi.nlm.nih.gov/pubmed/31046077	A genome-wide association study of bitter and sweet beverage consumption.	Coffee consumption	335,909 European ancestry individuals	39,924 European ancestry individuals	4q24	4	105160963	TET2	TET2			ENSG00000168769			rs13123752-A	rs13123752	0	13123752	intron_variant	0	0.6161	2E-7	6.698970004336019		0.0079	[0.005-0.0108] unit increase	Affymetrix [~ 7740000] (imputed)	N	coffee consumption measurement	http://www.ebi.ac.uk/efo/EFO_0006781	GCST008526	Genome-wide genotyping array
2019-08-29	31046077	Zhong VW	2019-05-02	Hum Mol Genet	www.ncbi.nlm.nih.gov/pubmed/31046077	A genome-wide association study of bitter and sweet beverage consumption.	Coffee consumption	335,909 European ancestry individuals	39,924 European ancestry individuals	5q11.2	5	54048522	ARL15	ARL15			ENSG00000185305			rs58203904-C	rs58203904	0	58203904	intron_variant	0	0.7954	3E-7	6.522878745280337		0.0094	[0.0059-0.0129] unit increase	Affymetrix [~ 7740000] (imputed)	N	coffee consumption measurement	http://www.ebi.ac.uk/efo/EFO_0006781	GCST008526	Genome-wide genotyping array
2019-08-29	31046077	Zhong VW	2019-05-02	Hum Mol Genet	www.ncbi.nlm.nih.gov/pubmed/31046077	A genome-wide association study of bitter and sweet beverage consumption.	Coffee consumption	335,909 European ancestry individuals	39,924 European ancestry individuals	11q25	11	132746178	OPCML	OPCML			ENSG00000183715			rs3016390-G	rs3016390	0	3016390	intron_variant	0	0.6194	3E-7	6.522878745280337		0.0079	[0.005-0.0108] unit increase	Affymetrix [~ 7740000] (imputed)	N	coffee consumption measurement	http://www.ebi.ac.uk/efo/EFO_0006781	GCST008526	Genome-wide genotyping array
2019-08-29	31046077	Zhong VW	2019-05-02	Hum Mol Genet	www.ncbi.nlm.nih.gov/pubmed/31046077	A genome-wide association study of bitter and sweet beverage consumption.	Coffee consumption	335,909 European ancestry individuals	39,924 European ancestry individuals	1p34.3	1	39583512	PABPC4	PABPC4 - HEYL	ENSG00000090621	ENSG00000163909		6644	39923	rs11206378-A	rs11206378	0	11206378	intron_variant	1	0.6433	4E-7	6.3979400086720375		0.0078	[0.0049-0.0107] unit increase	Affymetrix [~ 7740000] (imputed)	N	coffee consumption measurement	http://www.ebi.ac.uk/efo/EFO_0006781	GCST008526	Genome-wide genotyping array
2019-08-29	31046077	Zhong VW	2019-05-02	Hum Mol Genet	www.ncbi.nlm.nih.gov/pubmed/31046077	A genome-wide association study of bitter and sweet beverage consumption.	Coffee consumption	335,909 European ancestry individuals	39,924 European ancestry individuals	9q22.2	9	89630105	UNQ6494	GADD45G - LINC03062	ENSG00000130222	ENSG00000237372		23550	9583	rs4877113-G	rs4877113	0	4877113	intergenic_variant	1	0.3931	5E-7	6.301029995663981		0.0076	[0.0047-0.0105] unit increase	Affymetrix [~ 7740000] (imputed)	N	coffee consumption measurement	http://www.ebi.ac.uk/efo/EFO_0006781	GCST008526	Genome-wide genotyping array
2019-08-29	31046077	Zhong VW	2019-05-02	Hum Mol Genet	www.ncbi.nlm.nih.gov/pubmed/31046077	A genome-wide association study of bitter and sweet beverage consumption.	Coffee consumption	335,909 European ancestry individuals	39,924 European ancestry individuals	7q11.22	7	70588120	AUTS2	AUTS2			ENSG00000158321			rs38319-G	rs38319	0	38319	intron_variant	0	0.8211	6E-7	6.221848749616356		0.0096	[0.0059-0.0133] unit increase	Affymetrix [~ 7740000] (imputed)	N	coffee consumption measurement	http://www.ebi.ac.uk/efo/EFO_0006781	GCST008526	Genome-wide genotyping array
2019-08-29	31046077	Zhong VW	2019-05-02	Hum Mol Genet	www.ncbi.nlm.nih.gov/pubmed/31046077	A genome-wide association study of bitter and sweet beverage consumption.	Coffee consumption	335,909 European ancestry individuals	39,924 European ancestry individuals	11p12	11	36846737	C11orf74	IFTAP - RPL7AP56	ENSG00000166352	ENSG00000242834		171042	878929	rs2422370-A	rs2422370	0	2422370	intron_variant	1	0.8205	6E-7	6.221848749616356		0.0104	[0.0063-0.0145] unit increase	Affymetrix [~ 7740000] (imputed)	N	coffee consumption measurement	http://www.ebi.ac.uk/efo/EFO_0006781	GCST008526	Genome-wide genotyping array
2019-08-29	31046077	Zhong VW	2019-05-02	Hum Mol Genet	www.ncbi.nlm.nih.gov/pubmed/31046077	A genome-wide association study of bitter and sweet beverage consumption.	Coffee consumption	335,909 European ancestry individuals	39,924 European ancestry individuals	11q23.2	11	113038674	NCAM1	NCAM1			ENSG00000149294			rs7947502-C	rs7947502	0	7947502	intron_variant	0	0.4063	6E-7	6.221848749616356		0.0075	[0.0046-0.0104] unit increase	Affymetrix [~ 7740000] (imputed)	N	coffee consumption measurement	http://www.ebi.ac.uk/efo/EFO_0006781	GCST008526	Genome-wide genotyping array
2019-08-29	31046077	Zhong VW	2019-05-02	Hum Mol Genet	www.ncbi.nlm.nih.gov/pubmed/31046077	A genome-wide association study of bitter and sweet beverage consumption.	Coffee consumption	335,909 European ancestry individuals	39,924 European ancestry individuals	9q21.32	9	82614839	RASEF	MTCO3P40 - RPS6P12	ENSG00000228046	ENSG00000233309		186814	129228	rs62579068-A	rs62579068	0	62579068	intron_variant	1	0.1969	6E-7	6.221848749616356		0.0094	[0.0057-0.0131] unit increase	Affymetrix [~ 7740000] (imputed)	N	coffee consumption measurement	http://www.ebi.ac.uk/efo/EFO_0006781	GCST008526	Genome-wide genotyping array
2019-08-29	31046077	Zhong VW	2019-05-02	Hum Mol Genet	www.ncbi.nlm.nih.gov/pubmed/31046077	A genome-wide association study of bitter and sweet beverage consumption.	Coffee consumption	335,909 European ancestry individuals	39,924 European ancestry individuals	8q23.1	8	108144304	EIF3E	AURKBP1 - EIF3E	ENSG00000230948	ENSG00000104408		12190	18483	rs395815-C	rs395815	0	395815	intergenic_variant	1	0.7661	8E-7	6.096910013008056		0.0086	[0.0053-0.0119] unit increase	Affymetrix [~ 7740000] (imputed)	N	coffee consumption measurement	http://www.ebi.ac.uk/efo/EFO_0006781	GCST008526	Genome-wide genotyping array
2019-08-29	31046077	Zhong VW	2019-05-02	Hum Mol Genet	www.ncbi.nlm.nih.gov/pubmed/31046077	A genome-wide association study of bitter and sweet beverage consumption.	Coffee consumption	335,909 European ancestry individuals	39,924 European ancestry individuals	2p22.3	2	32537414	BIRC6	BIRC6			ENSG00000115760			rs111994577-G	rs111994577	0	111994577	intron_variant	0	0.0733	9E-7	6.045757490560675		0.014	[0.0085-0.0195] unit increase	Affymetrix [~ 7740000] (imputed)	N	coffee consumption measurement	http://www.ebi.ac.uk/efo/EFO_0006781	GCST008526	Genome-wide genotyping array
2019-08-29	31046077	Zhong VW	2019-05-02	Hum Mol Genet	www.ncbi.nlm.nih.gov/pubmed/31046077	A genome-wide association study of bitter and sweet beverage consumption.	Coffee consumption	335,909 European ancestry individuals	39,924 European ancestry individuals	18q12.3	18	43261220	SYT4	RIT2 - SYT4	ENSG00000152214	ENSG00000132872		145501	6672	rs4624274-G	rs4624274	0	4624274	intergenic_variant	1	0.5677	1E-6	6.0		0.0073	[0.0044-0.0102] unit increase	Affymetrix [~ 7740000] (imputed)	N	coffee consumption measurement	http://www.ebi.ac.uk/efo/EFO_0006781	GCST008526	Genome-wide genotyping array
2019-08-29	31046077	Zhong VW	2019-05-02	Hum Mol Genet	www.ncbi.nlm.nih.gov/pubmed/31046077	A genome-wide association study of bitter and sweet beverage consumption.	Coffee consumption	335,909 European ancestry individuals	39,924 European ancestry individuals	1p21.3	1	95523581	LOC100996635	LINC02607			ENSG00000228971			rs6593661-A	rs6593661	0	6593661	intron_variant	0	0.8642	1E-6	6.0		0.0104	[0.0063-0.0145] unit increase	Affymetrix [~ 7740000] (imputed)	N	coffee consumption measurement	http://www.ebi.ac.uk/efo/EFO_0006781	GCST008526	Genome-wide genotyping array
2019-08-29	31046077	Zhong VW	2019-05-02	Hum Mol Genet	www.ncbi.nlm.nih.gov/pubmed/31046077	A genome-wide association study of bitter and sweet beverage consumption.	Coffee consumption	335,909 European ancestry individuals	39,924 European ancestry individuals	2q22.3	2	145558751	TEX41	RPL6P5 - METAP2P1	ENSG00000214064	ENSG00000234119		220694	267534	rs10193706-C	rs10193706	0	10193706	intergenic_variant	1	0.5248	1E-6	6.0		0.0072	[0.0043-0.0101] unit increase	Affymetrix [~ 7740000] (imputed)	N	coffee consumption measurement	http://www.ebi.ac.uk/efo/EFO_0006781	GCST008526	Genome-wide genotyping array
2019-08-29	31046077	Zhong VW	2019-05-02	Hum Mol Genet	www.ncbi.nlm.nih.gov/pubmed/31046077	A genome-wide association study of bitter and sweet beverage consumption.	Coffee consumption	335,909 European ancestry individuals	39,924 European ancestry individuals	16q24.3	16	88704646	RNF166	RNF166			ENSG00000158717			rs116094457-T	rs116094457	0	116094457	intron_variant	0	0.0293	2E-6	5.698970004336019		0.0212	[0.013-0.03] unit increase	Affymetrix [~ 7740000] (imputed)	N	coffee consumption measurement	http://www.ebi.ac.uk/efo/EFO_0006781	GCST008526	Genome-wide genotyping array
2019-08-29	31046077	Zhong VW	2019-05-02	Hum Mol Genet	www.ncbi.nlm.nih.gov/pubmed/31046077	A genome-wide association study of bitter and sweet beverage consumption.	Coffee consumption	335,909 European ancestry individuals	39,924 European ancestry individuals	3p24.2	3	25527552	RARB	RARB			ENSG00000077092			rs1153598-G	rs1153598	0	1153598	intron_variant	0	0.1348	2E-6	5.698970004336019		0.0103	[0.006-0.0146] unit increase	Affymetrix [~ 7740000] (imputed)	N	coffee consumption measurement	http://www.ebi.ac.uk/efo/EFO_0006781	GCST008526	Genome-wide genotyping array
2019-08-29	31046077	Zhong VW	2019-05-02	Hum Mol Genet	www.ncbi.nlm.nih.gov/pubmed/31046077	A genome-wide association study of bitter and sweet beverage consumption.	Coffee consumption	335,909 European ancestry individuals	39,924 European ancestry individuals	2p15	2	62703068	EHBP1	EHBP1			ENSG00000115504			rs115109216-C	rs115109216	0	115109216	intron_variant	0	0.9444	2E-6	5.698970004336019		0.0155	[0.0092-0.0218] unit increase	Affymetrix [~ 7740000] (imputed)	N	coffee consumption measurement	http://www.ebi.ac.uk/efo/EFO_0006781	GCST008526	Genome-wide genotyping array
2019-08-29	31046077	Zhong VW	2019-05-02	Hum Mol Genet	www.ncbi.nlm.nih.gov/pubmed/31046077	A genome-wide association study of bitter and sweet beverage consumption.	Coffee consumption	335,909 European ancestry individuals	39,924 European ancestry individuals	9q22.31	9	93548974	FAM120A	FAM120A			ENSG00000048828			rs10992783-C	rs10992783	0	10992783	intron_variant	0	0.5831	2E-6	5.698970004336019		0.0071	[0.0042-0.01] unit increase	Affymetrix [~ 7740000] (imputed)	N	coffee consumption measurement	http://www.ebi.ac.uk/efo/EFO_0006781	GCST008526	Genome-wide genotyping array
2019-08-29	31046077	Zhong VW	2019-05-02	Hum Mol Genet	www.ncbi.nlm.nih.gov/pubmed/31046077	A genome-wide association study of bitter and sweet beverage consumption.	Coffee consumption	335,909 European ancestry individuals	39,924 European ancestry individuals	11p12	11	42526970	LOC100507205	LINC02740 - HNRNPKP3	ENSG00000255109	ENSG00000293312		273249	547462	rs58867452-T	rs58867452	0	58867452	intergenic_variant	1	0.0969	2E-6	5.698970004336019		0.0119	[0.007-0.0168] unit increase	Affymetrix [~ 7740000] (imputed)	N	coffee consumption measurement	http://www.ebi.ac.uk/efo/EFO_0006781	GCST008526	Genome-wide genotyping array
2019-08-29	31046077	Zhong VW	2019-05-02	Hum Mol Genet	www.ncbi.nlm.nih.gov/pubmed/31046077	A genome-wide association study of bitter and sweet beverage consumption.	Coffee consumption	335,909 European ancestry individuals	39,924 European ancestry individuals	13q14.11	13	40232218	LINC00548	LINC00598			ENSG00000215483			rs13378244-A	rs13378244	0	13378244	intron_variant	0	0.4193	2E-6	5.698970004336019		0.0071	[0.0042-0.01] unit increase	Affymetrix [~ 7740000] (imputed)	N	coffee consumption measurement	http://www.ebi.ac.uk/efo/EFO_0006781	GCST008526	Genome-wide genotyping array
2019-08-29	31046077	Zhong VW	2019-05-02	Hum Mol Genet	www.ncbi.nlm.nih.gov/pubmed/31046077	A genome-wide association study of bitter and sweet beverage consumption.	Coffee consumption	335,909 European ancestry individuals	39,924 European ancestry individuals	3p21.31	3	50493770	CACNA2D2	CACNA2D2			ENSG00000007402			rs6792502-C	rs6792502	0	6792502	intron_variant	0	0.8548	2E-6	5.698970004336019		0.01	[0.0059-0.0141] unit increase	Affymetrix [~ 7740000] (imputed)	N	coffee consumption measurement	http://www.ebi.ac.uk/efo/EFO_0006781	GCST008526	Genome-wide genotyping array
2019-08-29	31046077	Zhong VW	2019-05-02	Hum Mol Genet	www.ncbi.nlm.nih.gov/pubmed/31046077	A genome-wide association study of bitter and sweet beverage consumption.	Coffee consumption	335,909 European ancestry individuals	39,924 European ancestry individuals	14q13.1	14	33350449	NPAS3	NPAS3			ENSG00000151322			rs7159440-G	rs7159440	0	7159440	intron_variant	0	0.3046	2E-6	5.698970004336019		0.0076	[0.0045-0.0107] unit increase	Affymetrix [~ 7740000] (imputed)	N	coffee consumption measurement	http://www.ebi.ac.uk/efo/EFO_0006781	GCST008526	Genome-wide genotyping array
2019-08-29	31046077	Zhong VW	2019-05-02	Hum Mol Genet	www.ncbi.nlm.nih.gov/pubmed/31046077	A genome-wide association study of bitter and sweet beverage consumption.	Coffee consumption	335,909 European ancestry individuals	39,924 European ancestry individuals	7p21.3	7	7864766	UMAD1	UMAD1			ENSG00000219545			rs7801593-A	rs7801593	0	7801593	intron_variant	0	0.7541	2E-6	5.698970004336019		0.0081	[0.0048-0.0114] unit increase	Affymetrix [~ 7740000] (imputed)	N	coffee consumption measurement	http://www.ebi.ac.uk/efo/EFO_0006781	GCST008526	Genome-wide genotyping array
2019-08-29	31046077	Zhong VW	2019-05-02	Hum Mol Genet	www.ncbi.nlm.nih.gov/pubmed/31046077	A genome-wide association study of bitter and sweet beverage consumption.	Coffee consumption	335,909 European ancestry individuals	39,924 European ancestry individuals	3p21.31	3	49237393	CCDC36	IHO1			ENSG00000173421			rs13064780-G	rs13064780	0	13064780	intron_variant	0	0.623	2E-6	5.698970004336019		0.0072	[0.0043-0.0101] unit increase	Affymetrix [~ 7740000] (imputed)	N	coffee consumption measurement	http://www.ebi.ac.uk/efo/EFO_0006781	GCST008526	Genome-wide genotyping array
2019-08-29	31046077	Zhong VW	2019-05-02	Hum Mol Genet	www.ncbi.nlm.nih.gov/pubmed/31046077	A genome-wide association study of bitter and sweet beverage consumption.	Coffee consumption	335,909 European ancestry individuals	39,924 European ancestry individuals	4q32.1	4	158881115	FNIP2	FNIP2			ENSG00000052795			rs35189787-T	rs35189787	0	35189787	intron_variant	0	0.1893	2E-6	5.698970004336019		0.0089	[0.0052-0.0126] unit increase	Affymetrix [~ 7740000] (imputed)	N	coffee consumption measurement	http://www.ebi.ac.uk/efo/EFO_0006781	GCST008526	Genome-wide genotyping array
2019-08-29	31046077	Zhong VW	2019-05-02	Hum Mol Genet	www.ncbi.nlm.nih.gov/pubmed/31046077	A genome-wide association study of bitter and sweet beverage consumption.	Coffee consumption	335,909 European ancestry individuals	39,924 European ancestry individuals	6q16.1	6	98112950	MIR2113	MIR2113 - EIF4EBP2P3	ENSG00000238367	ENSG00000220505		88329	66549	rs1906251-A	rs1906251	0	1906251	intron_variant	1	0.643	2E-6	5.698970004336019		0.0073	[0.0044-0.0102] unit increase	Affymetrix [~ 7740000] (imputed)	N	coffee consumption measurement	http://www.ebi.ac.uk/efo/EFO_0006781	GCST008526	Genome-wide genotyping array
2019-08-29	31046077	Zhong VW	2019-05-02	Hum Mol Genet	www.ncbi.nlm.nih.gov/pubmed/31046077	A genome-wide association study of bitter and sweet beverage consumption.	Coffee consumption	335,909 European ancestry individuals	39,924 European ancestry individuals	5q31.1	5	134529762	JADE2	JADE2			ENSG00000043143			rs329124-A	rs329124	0	329124	intron_variant	0	0.5794	3E-6	5.522878745280337		0.007	[0.0041-0.0099] unit increase	Affymetrix [~ 7740000] (imputed)	N	coffee consumption measurement	http://www.ebi.ac.uk/efo/EFO_0006781	GCST008526	Genome-wide genotyping array
2019-08-29	31046077	Zhong VW	2019-05-02	Hum Mol Genet	www.ncbi.nlm.nih.gov/pubmed/31046077	A genome-wide association study of bitter and sweet beverage consumption.	Coffee consumption	335,909 European ancestry individuals	39,924 European ancestry individuals	4p15.2	4	23933430	PPARGC1A	PPARGC1A - DHX15	ENSG00000109819	ENSG00000109606		29341	584011	rs4697428-T	rs4697428	0	4697428	regulatory_region_variant	1	0.9078	3E-6	5.522878745280337		0.012	[0.0069-0.0171] unit increase	Affymetrix [~ 7740000] (imputed)	N	coffee consumption measurement	http://www.ebi.ac.uk/efo/EFO_0006781	GCST008526	Genome-wide genotyping array
2019-08-29	31046077	Zhong VW	2019-05-02	Hum Mol Genet	www.ncbi.nlm.nih.gov/pubmed/31046077	A genome-wide association study of bitter and sweet beverage consumption.	Coffee consumption	335,909 European ancestry individuals	39,924 European ancestry individuals	15q26.1	15	90894158	FES	FES			ENSG00000182511			rs2521501-A	rs2521501	0	2521501	intron_variant	0	0.6768	4E-8	7.3979400086720375		0.0087	[0.0056-0.0118] unit increase	Affymetrix [~ 7740000] (imputed)	N	coffee consumption measurement	http://www.ebi.ac.uk/efo/EFO_0006781	GCST008526	Genome-wide genotyping array
2019-08-29	31046077	Zhong VW	2019-05-02	Hum Mol Genet	www.ncbi.nlm.nih.gov/pubmed/31046077	A genome-wide association study of bitter and sweet beverage consumption.	Coffee consumption	335,909 European ancestry individuals	39,924 European ancestry individuals	22q13.2	22	40819668	SLC25A17	SLC25A17 - ST13	ENSG00000100372	ENSG00000100380		267	4867	rs13054099-T	rs13054099	0	13054099	regulatory_region_variant	1	0.7399	5E-8	7.301029995663981		0.0091	[0.0058-0.0124] unit increase	Affymetrix [~ 7740000] (imputed)	N	coffee consumption measurement	http://www.ebi.ac.uk/efo/EFO_0006781	GCST008526	Genome-wide genotyping array
2019-08-29	31046077	Zhong VW	2019-05-02	Hum Mol Genet	www.ncbi.nlm.nih.gov/pubmed/31046077	A genome-wide association study of bitter and sweet beverage consumption.	Coffee consumption	335,909 European ancestry individuals	39,924 European ancestry individuals	1q44	1	248189032	OR2M2	OR2M2 - OR2M3	ENSG00000198601	ENSG00000228198		7965	8233	rs4475789-G	rs4475789	0	4475789	intergenic_variant	1	0.6547	1E-7	7.0		0.0083	[0.0052-0.0114] unit increase	Affymetrix [~ 7740000] (imputed)	N	coffee consumption measurement	http://www.ebi.ac.uk/efo/EFO_0006781	GCST008526	Genome-wide genotyping array
2019-08-29	31046077	Zhong VW	2019-05-02	Hum Mol Genet	www.ncbi.nlm.nih.gov/pubmed/31046077	A genome-wide association study of bitter and sweet beverage consumption.	Coffee consumption	335,909 European ancestry individuals	39,924 European ancestry individuals	11q12.2	11	61095669	CD5	LINC02954 - CD5	ENSG00000256733	ENSG00000110448		28072	6820	rs11518562-T	rs11518562	0	11518562	intergenic_variant	1	0.0365	1E-7	7.0		0.022	[0.014-0.03] unit increase	Affymetrix [~ 7740000] (imputed)	N	coffee consumption measurement	http://www.ebi.ac.uk/efo/EFO_0006781	GCST008526	Genome-wide genotyping array
2019-08-29	31046077	Zhong VW	2019-05-02	Hum Mol Genet	www.ncbi.nlm.nih.gov/pubmed/31046077	A genome-wide association study of bitter and sweet beverage consumption.	Coffee consumption	335,909 European ancestry individuals	39,924 European ancestry individuals	10q26.3	10	133502291	CYP2E1	SCART1			ENSG00000214279			rs117810762-A	rs117810762	0	117810762	intergenic_variant	0	0.018	1E-7	7.0		0.0298	[0.019-0.041] unit increase	Affymetrix [~ 7740000] (imputed)	N	coffee consumption measurement	http://www.ebi.ac.uk/efo/EFO_0006781	GCST008526	Genome-wide genotyping array
2019-08-29	31046077	Zhong VW	2019-05-02	Hum Mol Genet	www.ncbi.nlm.nih.gov/pubmed/31046077	A genome-wide association study of bitter and sweet beverage consumption.	Coffee consumption	335,909 European ancestry individuals	39,924 European ancestry individuals	7q21.2	7	92234386	KRIT1	KRIT1			ENSG00000001631			rs2027950-C	rs2027950	0	2027950	intron_variant	0	0.4767	1E-7	7.0		0.0078	[0.0049-0.0107] unit increase	Affymetrix [~ 7740000] (imputed)	N	coffee consumption measurement	http://www.ebi.ac.uk/efo/EFO_0006781	GCST008526	Genome-wide genotyping array
2019-08-29	31046077	Zhong VW	2019-05-02	Hum Mol Genet	www.ncbi.nlm.nih.gov/pubmed/31046077	A genome-wide association study of bitter and sweet beverage consumption.	Coffee consumption	335,909 European ancestry individuals	39,924 European ancestry individuals	9p21.2	9	27953726	LINGO2	LINGO2			ENSG00000174482			rs10119174-G	rs10119174	0	10119174	intron_variant	0	0.4284	1E-7	7.0		0.0079	[0.005-0.0108] unit increase	Affymetrix [~ 7740000] (imputed)	N	coffee consumption measurement	http://www.ebi.ac.uk/efo/EFO_0006781	GCST008526	Genome-wide genotyping array
2019-08-29	31046077	Zhong VW	2019-05-02	Hum Mol Genet	www.ncbi.nlm.nih.gov/pubmed/31046077	A genome-wide association study of bitter and sweet beverage consumption.	Coffee consumption	335,909 European ancestry individuals	39,924 European ancestry individuals	19q13.2	19	40847202	CYP2A6	CYP2A6			ENSG00000255974			rs56113850-C	rs56113850	0	56113850	intron_variant	0	0.5776	8E-16	15.096910013008056		0.0121	[0.0092-0.015] unit increase	Affymetrix [~ 7740000] (imputed)	N	coffee consumption measurement	http://www.ebi.ac.uk/efo/EFO_0006781	GCST008526	Genome-wide genotyping array
2019-08-29	31046077	Zhong VW	2019-05-02	Hum Mol Genet	www.ncbi.nlm.nih.gov/pubmed/31046077	A genome-wide association study of bitter and sweet beverage consumption.	Coffee consumption	335,909 European ancestry individuals	39,924 European ancestry individuals	22q11.23	22	24351063	SPECC1L-ADORA2A	SPECC1L-ADORA2A, SPECC1L			ENSG00000258555, ENSG00000100014			rs2330783-G	rs2330783	0	2330783	intron_variant	0	0.986	2E-12	11.698970004336019		0.0442	[0.032-0.057] unit increase	Affymetrix [~ 7740000] (imputed)	N	coffee consumption measurement	http://www.ebi.ac.uk/efo/EFO_0006781	GCST008526	Genome-wide genotyping array
2019-08-29	31046077	Zhong VW	2019-05-02	Hum Mol Genet	www.ncbi.nlm.nih.gov/pubmed/31046077	A genome-wide association study of bitter and sweet beverage consumption.	Coffee consumption	335,909 European ancestry individuals	39,924 European ancestry individuals	1p21.3	1	95808433	LOC102723661	LINC02607 - LINC02790	ENSG00000228971	ENSG00000237435		26091	129468	rs10127720-C	rs10127720	0	10127720	intergenic_variant	1	0.7403	7E-12	11.154901959985743		0.0116	[0.0083-0.0149] unit increase	Affymetrix [~ 7740000] (imputed)	N	coffee consumption measurement	http://www.ebi.ac.uk/efo/EFO_0006781	GCST008526	Genome-wide genotyping array
2019-08-29	31046077	Zhong VW	2019-05-02	Hum Mol Genet	www.ncbi.nlm.nih.gov/pubmed/31046077	A genome-wide association study of bitter and sweet beverage consumption.	Coffee consumption	335,909 European ancestry individuals	39,924 European ancestry individuals	5q14.3	5	88654725	LINC00461	MIR9-2HG			ENSG00000245526			rs16903275-A	rs16903275	0	16903275	intergenic_variant	0	0.1573	7E-12	11.154901959985743		0.0138	[0.0099-0.0177] unit increase	Affymetrix [~ 7740000] (imputed)	N	coffee consumption measurement	http://www.ebi.ac.uk/efo/EFO_0006781	GCST008526	Genome-wide genotyping array
2019-08-29	31046077	Zhong VW	2019-05-02	Hum Mol Genet	www.ncbi.nlm.nih.gov/pubmed/31046077	A genome-wide association study of bitter and sweet beverage consumption.	Coffee consumption	335,909 European ancestry individuals	39,924 European ancestry individuals	20q13.33	20	64260467	PCMTD2	PCMTD2			ENSG00000203880			rs6062682-T	rs6062682	0	6062682	intron_variant	0	0.4641	2E-11	10.698970004336019		0.01	[0.0071-0.0129] unit increase	Affymetrix [~ 7740000] (imputed)	N	coffee consumption measurement	http://www.ebi.ac.uk/efo/EFO_0006781	GCST008526	Genome-wide genotyping array
2019-08-29	31046077	Zhong VW	2019-05-02	Hum Mol Genet	www.ncbi.nlm.nih.gov/pubmed/31046077	A genome-wide association study of bitter and sweet beverage consumption.	Coffee consumption	335,909 European ancestry individuals	39,924 European ancestry individuals	6p12.3	6	51314462	PKHD1	FTH1P5 - TIAL1P1	ENSG00000230204	ENSG00000270306		401206	70820	rs2465037-C	rs2465037	0	2465037	intron_variant	1	0.656	4E-11	10.397940008672037		0.0103	[0.0072-0.0134] unit increase	Affymetrix [~ 7740000] (imputed)	N	coffee consumption measurement	http://www.ebi.ac.uk/efo/EFO_0006781	GCST008526	Genome-wide genotyping array
2019-08-29	31046077	Zhong VW	2019-05-02	Hum Mol Genet	www.ncbi.nlm.nih.gov/pubmed/31046077	A genome-wide association study of bitter and sweet beverage consumption.	Coffee consumption	335,909 European ancestry individuals	39,924 European ancestry individuals	4q22.1	4	88124179	ABCG2	ABCG2			ENSG00000118777			rs2199936-G	rs2199936	0	2199936	intron_variant	0	0.8866	4E-11	10.397940008672037		0.0153	[0.011-0.02] unit increase	Affymetrix [~ 7740000] (imputed)	N	coffee consumption measurement	http://www.ebi.ac.uk/efo/EFO_0006781	GCST008526	Genome-wide genotyping array
2019-08-29	31046077	Zhong VW	2019-05-02	Hum Mol Genet	www.ncbi.nlm.nih.gov/pubmed/31046077	A genome-wide association study of bitter and sweet beverage consumption.	Coffee consumption	335,909 European ancestry individuals	39,924 European ancestry individuals	11q12.1	11	56504638	OR8U8	OR5M7P - OR5M6P	ENSG00000254490	ENSG00000254603		3367	7597	rs597045-A	rs597045	0	597045	intergenic_variant	1	0.6945	6E-11	10.221848749616356		0.0106	[0.0075-0.0137] unit increase	Affymetrix [~ 7740000] (imputed)	N	coffee consumption measurement	http://www.ebi.ac.uk/efo/EFO_0006781	GCST008526	Genome-wide genotyping array
2019-08-29	31046077	Zhong VW	2019-05-02	Hum Mol Genet	www.ncbi.nlm.nih.gov/pubmed/31046077	A genome-wide association study of bitter and sweet beverage consumption.	Coffee consumption	335,909 European ancestry individuals	39,924 European ancestry individuals	17q23.2	17	62073022	MED13	MED13 - Y_RNA	ENSG00000108510	ENSG00000200544		7744	49298	rs57918684-A	rs57918684	0	57918684	intergenic_variant	1	0.1551	2E-10	9.698970004336019		0.0129	[0.009-0.0168] unit increase	Affymetrix [~ 7740000] (imputed)	N	coffee consumption measurement	http://www.ebi.ac.uk/efo/EFO_0006781	GCST008526	Genome-wide genotyping array
2019-08-29	31046077	Zhong VW	2019-05-02	Hum Mol Genet	www.ncbi.nlm.nih.gov/pubmed/31046077	A genome-wide association study of bitter and sweet beverage consumption.	Coffee consumption	335,909 European ancestry individuals	39,924 European ancestry individuals	7p21.1	7	17238068	AHR	AHR			ENSG00000106546			rs117692895-C	rs117692895	0	117692895	intron_variant	0	0.0129	4E-10	9.397940008672037		0.0421	[0.029-0.055] unit increase	Affymetrix [~ 7740000] (imputed)	N	coffee consumption measurement	http://www.ebi.ac.uk/efo/EFO_0006781	GCST008526	Genome-wide genotyping array
2019-08-29	31046077	Zhong VW	2019-05-02	Hum Mol Genet	www.ncbi.nlm.nih.gov/pubmed/31046077	A genome-wide association study of bitter and sweet beverage consumption.	Coffee consumption	335,909 European ancestry individuals	39,924 European ancestry individuals	1q25.2	1	177904075	SEC16B	LINC01741 - SEC16B	ENSG00000236720	ENSG00000120341		191800	19881	rs574367-T	rs574367	0	574367	intron_variant	1	0.2104	5E-10	9.301029995663981		0.0112	[0.0077-0.0147] unit increase	Affymetrix [~ 7740000] (imputed)	N	coffee consumption measurement	http://www.ebi.ac.uk/efo/EFO_0006781	GCST008526	Genome-wide genotyping array
2019-08-29	31046077	Zhong VW	2019-05-02	Hum Mol Genet	www.ncbi.nlm.nih.gov/pubmed/31046077	A genome-wide association study of bitter and sweet beverage consumption.	Coffee consumption	335,909 European ancestry individuals	39,924 European ancestry individuals	6p21.33	6	31907935	C2	C2			ENSG00000166278			rs586346-T	rs586346	0	586346	intron_variant	0	0.3648	7E-10	9.154901959985743		0.0095	[0.0066-0.0124] unit increase	Affymetrix [~ 7740000] (imputed)	N	coffee consumption measurement	http://www.ebi.ac.uk/efo/EFO_0006781	GCST008526	Genome-wide genotyping array
2019-08-29	31046077	Zhong VW	2019-05-02	Hum Mol Genet	www.ncbi.nlm.nih.gov/pubmed/31046077	A genome-wide association study of bitter and sweet beverage consumption.	Coffee consumption	335,909 European ancestry individuals	39,924 European ancestry individuals	5p15.31	5	7378890	ADCY2	LINC02142			ENSG00000223597			rs993885-G	rs993885	0	993885	intron_variant	0	0.6326	2E-9	8.698970004336019		0.0092	[0.0063-0.0121] unit increase	Affymetrix [~ 7740000] (imputed)	N	coffee consumption measurement	http://www.ebi.ac.uk/efo/EFO_0006781	GCST008526	Genome-wide genotyping array
2019-08-29	31046077	Zhong VW	2019-05-02	Hum Mol Genet	www.ncbi.nlm.nih.gov/pubmed/31046077	A genome-wide association study of bitter and sweet beverage consumption.	Coffee consumption	335,909 European ancestry individuals	39,924 European ancestry individuals	12p13.2	12	11037367	PRH1-PRR4	TAS2R14, PRH1, PRR4			ENSG00000212127, ENSG00000231887, ENSG00000111215			rs2597979-G	rs2597979	0	2597979	intron_variant	0	0.1964	3E-9	8.522878745280337		0.0111	[0.0074-0.0148] unit increase	Affymetrix [~ 7740000] (imputed)	N	coffee consumption measurement	http://www.ebi.ac.uk/efo/EFO_0006781	GCST008526	Genome-wide genotyping array
2019-08-29	31046077	Zhong VW	2019-05-02	Hum Mol Genet	www.ncbi.nlm.nih.gov/pubmed/31046077	A genome-wide association study of bitter and sweet beverage consumption.	Coffee consumption	335,909 European ancestry individuals	39,924 European ancestry individuals	17p11.2	17	17812003	SREBF1	SREBF1			ENSG00000072310			rs2297508-G	rs2297508	0	2297508	3_prime_UTR_variant	0	0.6489	3E-9	8.522878745280337		0.0092	[0.0063-0.0121] unit increase	Affymetrix [~ 7740000] (imputed)	N	coffee consumption measurement	http://www.ebi.ac.uk/efo/EFO_0006781	GCST008526	Genome-wide genotyping array
2019-08-29	31046077	Zhong VW	2019-05-02	Hum Mol Genet	www.ncbi.nlm.nih.gov/pubmed/31046077	A genome-wide association study of bitter and sweet beverage consumption.	Coffee consumption	335,909 European ancestry individuals	39,924 European ancestry individuals	2p25.3	2	466003	FAM150B	LINC01865 - LINC01874	ENSG00000233684	ENSG00000223985		43691	24941	rs62104180-G	rs62104180	0	62104180	intergenic_variant	1	0.95	5E-9	8.301029995663981		0.0199	[0.013-0.027] unit increase	Affymetrix [~ 7740000] (imputed)	N	coffee consumption measurement	http://www.ebi.ac.uk/efo/EFO_0006781	GCST008526	Genome-wide genotyping array
2019-08-29	31046077	Zhong VW	2019-05-02	Hum Mol Genet	www.ncbi.nlm.nih.gov/pubmed/31046077	A genome-wide association study of bitter and sweet beverage consumption.	Coffee consumption	335,909 European ancestry individuals	39,924 European ancestry individuals	19q13.32	19	47065746	ZC3H4	ZC3H4			ENSG00000130749			rs3810291-A	rs3810291	0	3810291	3_prime_UTR_variant	0	0.6772	7E-9	8.154901959985743		0.0092	[0.0061-0.0123] unit increase	Affymetrix [~ 7740000] (imputed)	N	coffee consumption measurement	http://www.ebi.ac.uk/efo/EFO_0006781	GCST008526	Genome-wide genotyping array
2019-08-29	31046077	Zhong VW	2019-05-02	Hum Mol Genet	www.ncbi.nlm.nih.gov/pubmed/31046077	A genome-wide association study of bitter and sweet beverage consumption.	Coffee consumption	335,909 European ancestry individuals	39,924 European ancestry individuals	20q13.12	20	47187629	EYA2	EYA2			ENSG00000064655			rs6124969-T	rs6124969	0	6124969	intron_variant	0	0.3642	9E-9	8.045757490560675		0.0088	[0.0059-0.0117] unit increase	Affymetrix [~ 7740000] (imputed)	N	coffee consumption measurement	http://www.ebi.ac.uk/efo/EFO_0006781	GCST008526	Genome-wide genotyping array
2019-08-29	31046077	Zhong VW	2019-05-02	Hum Mol Genet	www.ncbi.nlm.nih.gov/pubmed/31046077	A genome-wide association study of bitter and sweet beverage consumption.	Coffee consumption	335,909 European ancestry individuals	39,924 European ancestry individuals	19p13.11	19	18385098	GDF15	GDF15			ENSG00000130513			rs75347775-A	rs75347775	0	75347775	intron_variant	0	0.2454	1E-8	8.0		0.0097	[0.0064-0.013] unit increase	Affymetrix [~ 7740000] (imputed)	N	coffee consumption measurement	http://www.ebi.ac.uk/efo/EFO_0006781	GCST008526	Genome-wide genotyping array
2019-08-29	31046077	Zhong VW	2019-05-02	Hum Mol Genet	www.ncbi.nlm.nih.gov/pubmed/31046077	A genome-wide association study of bitter and sweet beverage consumption.	Coffee consumption	335,909 European ancestry individuals	39,924 European ancestry individuals	11q23.3	11	115603863	CADM1	RPL12P46 - LINC02698	ENSG00000255903	ENSG00000256717		25620	55277	rs2613458-C	rs2613458	0	2613458	intron_variant	1	0.719	1E-8	8.0		0.0093	[0.0062-0.0124] unit increase	Affymetrix [~ 7740000] (imputed)	N	coffee consumption measurement	http://www.ebi.ac.uk/efo/EFO_0006781	GCST008526	Genome-wide genotyping array
2019-08-29	31046077	Zhong VW	2019-05-02	Hum Mol Genet	www.ncbi.nlm.nih.gov/pubmed/31046077	A genome-wide association study of bitter and sweet beverage consumption.	Coffee consumption	335,909 European ancestry individuals	39,924 European ancestry individuals	14q12	14	32606037	AKAP6	AKAP6			ENSG00000151320			rs1956218-G	rs1956218	0	1956218	intron_variant	0	0.5587	2E-8	7.698970004336019		0.0084	[0.0055-0.0113] unit increase	Affymetrix [~ 7740000] (imputed)	N	coffee consumption measurement	http://www.ebi.ac.uk/efo/EFO_0006781	GCST008526	Genome-wide genotyping array
2019-08-29	31046077	Zhong VW	2019-05-02	Hum Mol Genet	www.ncbi.nlm.nih.gov/pubmed/31046077	A genome-wide association study of bitter and sweet beverage consumption.	Coffee consumption	335,909 European ancestry individuals	39,924 European ancestry individuals	7p21.1	7	17295275	AHR	AHR			ENSG00000106546			rs4719497-T	rs4719497	0	4719497	intron_variant	0	0.8652	2E-8	7.698970004336019		0.0121	[0.0078-0.0164] unit increase	Affymetrix [~ 7740000] (imputed)	N	coffee consumption measurement	http://www.ebi.ac.uk/efo/EFO_0006781	GCST008526	Genome-wide genotyping array
2019-08-29	31046077	Zhong VW	2019-05-02	Hum Mol Genet	www.ncbi.nlm.nih.gov/pubmed/31046077	A genome-wide association study of bitter and sweet beverage consumption.	Coffee consumption	335,909 European ancestry individuals	39,924 European ancestry individuals	10q21.3	10	68127193	MYPN	MYPN			ENSG00000138347			rs10997940-C	rs10997940	0	10997940	intron_variant	0	0.5979	3E-8	7.522878745280337		0.0083	[0.0054-0.0112] unit increase	Affymetrix [~ 7740000] (imputed)	N	coffee consumption measurement	http://www.ebi.ac.uk/efo/EFO_0006781	GCST008526	Genome-wide genotyping array
2019-08-29	31046077	Zhong VW	2019-05-02	Hum Mol Genet	www.ncbi.nlm.nih.gov/pubmed/31046077	A genome-wide association study of bitter and sweet beverage consumption.	Coffee consumption	335,909 European ancestry individuals	39,924 European ancestry individuals	7q21.13	7	90033360	STEAP2-AS1	STEAP2-AS1			ENSG00000227646			rs17687539-A	rs17687539	0	17687539	intron_variant	0	0.792	4E-8	7.3979400086720375		0.01	[0.0065-0.0135] unit increase	Affymetrix [~ 7740000] (imputed)	N	coffee consumption measurement	http://www.ebi.ac.uk/efo/EFO_0006781	GCST008526	Genome-wide genotyping array
2019-08-29	31046077	Zhong VW	2019-05-02	Hum Mol Genet	www.ncbi.nlm.nih.gov/pubmed/31046077	A genome-wide association study of bitter and sweet beverage consumption.	Coffee consumption	335,909 European ancestry individuals	39,924 European ancestry individuals	16q22.2	16	70893175	HYDIN	HYDIN			ENSG00000157423			rs8056750-T	rs8056750	0	8056750	intron_variant	0	0.3595	4E-8	7.3979400086720375		0.0087	[0.0056-0.0118] unit increase	Affymetrix [~ 7740000] (imputed)	N	coffee consumption measurement	http://www.ebi.ac.uk/efo/EFO_0006781	GCST008526	Genome-wide genotyping array
2019-08-29	31046077	Zhong VW	2019-05-02	Hum Mol Genet	www.ncbi.nlm.nih.gov/pubmed/31046077	A genome-wide association study of bitter and sweet beverage consumption.	Coffee consumption	335,909 European ancestry individuals	39,924 European ancestry individuals	4q26	4	117421219	LINC01378	LINC01378			ENSG00000236922			rs7664424-C	rs7664424	0	7664424	intron_variant	0	0.3788	3E-6	5.522878745280337		0.0071	[0.0042-0.01] unit increase	Affymetrix [~ 7740000] (imputed)	N	coffee consumption measurement	http://www.ebi.ac.uk/efo/EFO_0006781	GCST008526	Genome-wide genotyping array
2019-08-29	31046077	Zhong VW	2019-05-02	Hum Mol Genet	www.ncbi.nlm.nih.gov/pubmed/31046077	A genome-wide association study of bitter and sweet beverage consumption.	Coffee consumption	335,909 European ancestry individuals	39,924 European ancestry individuals	4q22.2	4	93154693	GRID2	GRID2			ENSG00000152208			rs1503212-A	rs1503212	0	1503212	intron_variant	0	0.4239	3E-6	5.522878745280337		0.007	[0.0041-0.0099] unit increase	Affymetrix [~ 7740000] (imputed)	N	coffee consumption measurement	http://www.ebi.ac.uk/efo/EFO_0006781	GCST008526	Genome-wide genotyping array
2019-08-29	31046077	Zhong VW	2019-05-02	Hum Mol Genet	www.ncbi.nlm.nih.gov/pubmed/31046077	A genome-wide association study of bitter and sweet beverage consumption.	Coffee consumption	335,909 European ancestry individuals	39,924 European ancestry individuals	11q14.1	11	83087184	RAB30-AS1	LINC02951, RAB30-DT			ENSG00000255503, ENSG00000246067			rs17144566-C	rs17144566	0	17144566	intron_variant	0	0.8055	3E-6	5.522878745280337		0.0087	[0.005-0.0124] unit increase	Affymetrix [~ 7740000] (imputed)	N	coffee consumption measurement	http://www.ebi.ac.uk/efo/EFO_0006781	GCST008526	Genome-wide genotyping array
2019-08-29	31046077	Zhong VW	2019-05-02	Hum Mol Genet	www.ncbi.nlm.nih.gov/pubmed/31046077	A genome-wide association study of bitter and sweet beverage consumption.	Coffee consumption	335,909 European ancestry individuals	39,924 European ancestry individuals	12q15	12	69072579	CPM	CPM - CPSF6	ENSG00000135678	ENSG00000111605		101009	166964	rs149693390-C	rs149693390	0	149693390	intergenic_variant	1	0.9879	3E-6	5.522878745280337		0.0336	[0.019-0.048] unit increase	Affymetrix [~ 7740000] (imputed)	N	coffee consumption measurement	http://www.ebi.ac.uk/efo/EFO_0006781	GCST008526	Genome-wide genotyping array
2019-08-29	31046077	Zhong VW	2019-05-02	Hum Mol Genet	www.ncbi.nlm.nih.gov/pubmed/31046077	A genome-wide association study of bitter and sweet beverage consumption.	Coffee consumption	335,909 European ancestry individuals	39,924 European ancestry individuals	2p14	2	66443844	MEIS1	MEIS1, MEIS1-AS2			ENSG00000143995, ENSG00000230749			rs1401444-A	rs1401444	0	1401444	intron_variant	0	0.6518	3E-6	5.522878745280337		0.0072	[0.0041-0.0103] unit increase	Affymetrix [~ 7740000] (imputed)	N	coffee consumption measurement	http://www.ebi.ac.uk/efo/EFO_0006781	GCST008526	Genome-wide genotyping array
2019-08-29	31046077	Zhong VW	2019-05-02	Hum Mol Genet	www.ncbi.nlm.nih.gov/pubmed/31046077	A genome-wide association study of bitter and sweet beverage consumption.	Coffee consumption	335,909 European ancestry individuals	39,924 European ancestry individuals	1p34.2	1	43556632	PTPRF	PTPRF			ENSG00000142949			rs2494995-A	rs2494995	0	2494995	intron_variant	0	0.7822	4E-6	5.3979400086720375		0.0082	[0.0047-0.0117] unit increase	Affymetrix [~ 7740000] (imputed)	N	coffee consumption measurement	http://www.ebi.ac.uk/efo/EFO_0006781	GCST008526	Genome-wide genotyping array
2019-08-29	31046077	Zhong VW	2019-05-02	Hum Mol Genet	www.ncbi.nlm.nih.gov/pubmed/31046077	A genome-wide association study of bitter and sweet beverage consumption.	Coffee consumption	335,909 European ancestry individuals	39,924 European ancestry individuals	6q23.3	6	136954746	NHEG1	Y_RNA - RPL35AP3	ENSG00000200544	ENSG00000230350		19880	19184	rs12201974-T	rs12201974	0	12201974	intron_variant	1	0.2039	4E-6	5.3979400086720375		0.0086	[0.0049-0.0123] unit increase	Affymetrix [~ 7740000] (imputed)	N	coffee consumption measurement	http://www.ebi.ac.uk/efo/EFO_0006781	GCST008526	Genome-wide genotyping array
2019-08-29	31046077	Zhong VW	2019-05-02	Hum Mol Genet	www.ncbi.nlm.nih.gov/pubmed/31046077	A genome-wide association study of bitter and sweet beverage consumption.	Coffee consumption	335,909 European ancestry individuals	39,924 European ancestry individuals	8p11.21	8	40541555	ZMAT4	ZMAT4			ENSG00000165061			rs144885044-C	rs144885044	0	144885044	intron_variant	0	0.9851	4E-6	5.3979400086720375		0.0286	[0.016-0.041] unit increase	Affymetrix [~ 7740000] (imputed)	N	coffee consumption measurement	http://www.ebi.ac.uk/efo/EFO_0006781	GCST008526	Genome-wide genotyping array
2019-08-29	31046077	Zhong VW	2019-05-02	Hum Mol Genet	www.ncbi.nlm.nih.gov/pubmed/31046077	A genome-wide association study of bitter and sweet beverage consumption.	Coffee consumption	335,909 European ancestry individuals	39,924 European ancestry individuals	9q33.1	9	119277286	BRINP1	BRINP1			ENSG00000078725			rs77936935-G	rs77936935	0	77936935	intron_variant	0	0.9707	5E-6	5.301029995663981		0.0199	[0.011-0.029] unit increase	Affymetrix [~ 7740000] (imputed)	N	coffee consumption measurement	http://www.ebi.ac.uk/efo/EFO_0006781	GCST008526	Genome-wide genotyping array
2019-08-29	31046077	Zhong VW	2019-05-02	Hum Mol Genet	www.ncbi.nlm.nih.gov/pubmed/31046077	A genome-wide association study of bitter and sweet beverage consumption.	Coffee consumption	335,909 European ancestry individuals	39,924 European ancestry individuals	12q13.11	12	48448862	ANP32D	OR8T1P - ANP32D	ENSG00000226413	ENSG00000139223		5915	23697	rs73102648-C	rs73102648	0	73102648	intergenic_variant	1	0.0314	6E-6	5.221848749616356		0.0199	[0.011-0.029] unit increase	Affymetrix [~ 7740000] (imputed)	N	coffee consumption measurement	http://www.ebi.ac.uk/efo/EFO_0006781	GCST008526	Genome-wide genotyping array
2019-08-29	31046077	Zhong VW	2019-05-02	Hum Mol Genet	www.ncbi.nlm.nih.gov/pubmed/31046077	A genome-wide association study of bitter and sweet beverage consumption.	Coffee consumption	335,909 European ancestry individuals	39,924 European ancestry individuals	6q12	6	64772547	EYS	EYS			ENSG00000188107			rs7774229-G	rs7774229	0	7774229	intron_variant	0	0.9256	7E-6	5.154901959985743		0.0127	[0.0072-0.0182] unit increase	Affymetrix [~ 7740000] (imputed)	N	coffee consumption measurement	http://www.ebi.ac.uk/efo/EFO_0006781	GCST008526	Genome-wide genotyping array
2019-08-29	31046077	Zhong VW	2019-05-02	Hum Mol Genet	www.ncbi.nlm.nih.gov/pubmed/31046077	A genome-wide association study of bitter and sweet beverage consumption.	Coffee consumption	335,909 European ancestry individuals	39,924 European ancestry individuals	7q32.1	7	127766662	SND1	SND1			ENSG00000197157			rs181624422-C	rs181624422	0	181624422	intron_variant	0	0.9695	7E-6	5.154901959985743		0.0199	[0.011-0.029] unit increase	Affymetrix [~ 7740000] (imputed)	N	coffee consumption measurement	http://www.ebi.ac.uk/efo/EFO_0006781	GCST008526	Genome-wide genotyping array
2019-08-29	31046077	Zhong VW	2019-05-02	Hum Mol Genet	www.ncbi.nlm.nih.gov/pubmed/31046077	A genome-wide association study of bitter and sweet beverage consumption.	Coffee consumption	335,909 European ancestry individuals	39,924 European ancestry individuals	1q44	1	246003707	SMYD3	SMYD3			ENSG00000185420			rs10802317-C	rs10802317	0	10802317	intron_variant	0	0.3648	9E-6	5.045757490560675		0.0068	[0.0039-0.0097] unit increase	Affymetrix [~ 7740000] (imputed)	N	coffee consumption measurement	http://www.ebi.ac.uk/efo/EFO_0006781	GCST008526	Genome-wide genotyping array
2019-08-29	31046077	Zhong VW	2019-05-02	Hum Mol Genet	www.ncbi.nlm.nih.gov/pubmed/31046077	A genome-wide association study of bitter and sweet beverage consumption.	Coffee consumption	335,909 European ancestry individuals	39,924 European ancestry individuals	1q21.3	1	150958450	SETDB1	SETDB1			ENSG00000143379			rs114908993-C	rs114908993	0	114908993	intron_variant	0	0.9664	9E-6	5.045757490560675		0.0185	[0.01-0.027] unit increase	Affymetrix [~ 7740000] (imputed)	N	coffee consumption measurement	http://www.ebi.ac.uk/efo/EFO_0006781	GCST008526	Genome-wide genotyping array
2019-08-29	31046077	Zhong VW	2019-05-02	Hum Mol Genet	www.ncbi.nlm.nih.gov/pubmed/31046077	A genome-wide association study of bitter and sweet beverage consumption.	Coffee consumption	335,909 European ancestry individuals	39,924 European ancestry individuals	2q14.3	2	127700367	SFT2D3	LIMS2 - WDR33	ENSG00000072163	ENSG00000136709		18581	660	rs7580688-G	rs7580688	0	7580688	non_coding_transcript_exon_variant	1	0.2725	9E-6	5.045757490560675		0.0073	[0.004-0.0106] unit increase	Affymetrix [~ 7740000] (imputed)	N	coffee consumption measurement	http://www.ebi.ac.uk/efo/EFO_0006781	GCST008526	Genome-wide genotyping array
2019-08-29	31046077	Zhong VW	2019-05-02	Hum Mol Genet	www.ncbi.nlm.nih.gov/pubmed/31046077	A genome-wide association study of bitter and sweet beverage consumption.	Coffee consumption	335,909 European ancestry individuals	39,924 European ancestry individuals	15q24.1	15	74735539	CYP1A1	CYP1A1 - CYP1A2	ENSG00000140465	ENSG00000140505		10003	13256	rs2472297-T	rs2472297	0	2472297	intergenic_variant	1	0.2641	9E-157	156.04575749056067		0.0447	[0.041-0.048] unit increase	Affymetrix [~ 7740000] (imputed)	N	coffee consumption measurement	http://www.ebi.ac.uk/efo/EFO_0006781	GCST008526	Genome-wide genotyping array
2019-08-29	31046077	Zhong VW	2019-05-02	Hum Mol Genet	www.ncbi.nlm.nih.gov/pubmed/31046077	A genome-wide association study of bitter and sweet beverage consumption.	Coffee consumption	335,909 European ancestry individuals	39,924 European ancestry individuals	7p21.1	7	17244953	AHR	AHR			ENSG00000106546			rs4410790-C	rs4410790	0	4410790	intron_variant	0	0.633	4E-142	141.39794000867204		0.0387	[0.036-0.042] unit increase	Affymetrix [~ 7740000] (imputed)	N	coffee consumption measurement	http://www.ebi.ac.uk/efo/EFO_0006781	GCST008526	Genome-wide genotyping array
2019-08-29	31046077	Zhong VW	2019-05-02	Hum Mol Genet	www.ncbi.nlm.nih.gov/pubmed/31046077	A genome-wide association study of bitter and sweet beverage consumption.	Coffee consumption	335,909 European ancestry individuals	39,924 European ancestry individuals	7q11.23	7	75985688	POR	POR			ENSG00000127948			rs1057868-T	rs1057868	0	1057868	missense_variant	0	0.2851	1E-33	33.0		0.0197	[0.017-0.023] unit increase	Affymetrix [~ 7740000] (imputed)	N	coffee consumption measurement	http://www.ebi.ac.uk/efo/EFO_0006781	GCST008526	Genome-wide genotyping array
2019-08-29	31046077	Zhong VW	2019-05-02	Hum Mol Genet	www.ncbi.nlm.nih.gov/pubmed/31046077	A genome-wide association study of bitter and sweet beverage consumption.	Coffee consumption	335,909 European ancestry individuals	39,924 European ancestry individuals	7p21.1	7	17523328	LOC101927630	LINC02889			ENSG00000236039			rs73073176-C	rs73073176	0	73073176	intron_variant	0	0.8701	2E-25	24.69897000433602		0.023	[0.019-0.027] unit increase	Affymetrix [~ 7740000] (imputed)	N	coffee consumption measurement	http://www.ebi.ac.uk/efo/EFO_0006781	GCST008526	Genome-wide genotyping array
2019-08-29	31046077	Zhong VW	2019-05-02	Hum Mol Genet	www.ncbi.nlm.nih.gov/pubmed/31046077	A genome-wide association study of bitter and sweet beverage consumption.	Coffee consumption	335,909 European ancestry individuals	39,924 European ancestry individuals	16q12.2	16	53765595	FTO	FTO			ENSG00000140718			rs9937053-A	rs9937053	0	9937053	intron_variant	0	0.424	2E-21	20.69897000433602		0.0142	[0.011-0.017] unit increase	Affymetrix [~ 7740000] (imputed)	N	coffee consumption measurement	http://www.ebi.ac.uk/efo/EFO_0006781	GCST008526	Genome-wide genotyping array
2019-08-29	31046077	Zhong VW	2019-05-02	Hum Mol Genet	www.ncbi.nlm.nih.gov/pubmed/31046077	A genome-wide association study of bitter and sweet beverage consumption.	Coffee consumption	335,909 European ancestry individuals	39,924 European ancestry individuals	2p23.3	2	27508073	GCKR	GCKR			ENSG00000084734			rs1260326-C	rs1260326	0	1260326	missense_variant	0	0.6047	1E-19	19.0		0.0136	[0.011-0.017] unit increase	Affymetrix [~ 7740000] (imputed)	N	coffee consumption measurement	http://www.ebi.ac.uk/efo/EFO_0006781	GCST008526	Genome-wide genotyping array
2019-08-29	31046077	Zhong VW	2019-05-02	Hum Mol Genet	www.ncbi.nlm.nih.gov/pubmed/31046077	A genome-wide association study of bitter and sweet beverage consumption.	Coffee consumption	335,909 European ancestry individuals	39,924 European ancestry individuals	18q21.32	18	60141746	MC4R	LINC03111			ENSG00000267686			rs66723169-A	rs66723169	0	66723169	intron_variant	0	0.232	8E-19	18.096910013008056		0.0155	[0.012-0.019] unit increase	Affymetrix [~ 7740000] (imputed)	N	coffee consumption measurement	http://www.ebi.ac.uk/efo/EFO_0006781	GCST008526	Genome-wide genotyping array
2019-08-29	31046077	Zhong VW	2019-05-02	Hum Mol Genet	www.ncbi.nlm.nih.gov/pubmed/31046077	A genome-wide association study of bitter and sweet beverage consumption.	Coffee consumption	335,909 European ancestry individuals	39,924 European ancestry individuals	7q11.23	7	73623626	MLXIPL	MLXIPL			ENSG00000009950			rs34060476-G	rs34060476	0	34060476	intron_variant	0	0.1337	2E-18	17.69897000433602		0.019	[0.015-0.023] unit increase	Affymetrix [~ 7740000] (imputed)	N	coffee consumption measurement	http://www.ebi.ac.uk/efo/EFO_0006781	GCST008526	Genome-wide genotyping array
2019-08-29	31046077	Zhong VW	2019-05-02	Hum Mol Genet	www.ncbi.nlm.nih.gov/pubmed/31046077	A genome-wide association study of bitter and sweet beverage consumption.	Coffee consumption	335,909 European ancestry individuals	39,924 European ancestry individuals	7p21.1	7	17403575	KCCAT333	LINC02888			ENSG00000236318			rs12699844-C	rs12699844	0	12699844	intron_variant	0	0.468	2E-16	15.698970004336019		0.0122	[0.0093-0.0151] unit increase	Affymetrix [~ 7740000] (imputed)	N	coffee consumption measurement	http://www.ebi.ac.uk/efo/EFO_0006781	GCST008526	Genome-wide genotyping array
2019-08-29	31046077	Zhong VW	2019-05-02	Hum Mol Genet	www.ncbi.nlm.nih.gov/pubmed/31046077	A genome-wide association study of bitter and sweet beverage consumption.	Coffee consumption	335,909 European ancestry individuals	39,924 European ancestry individuals	2p25.3	2	631606	TMEM18	LINC01875 - TMEM18	ENSG00000225942	ENSG00000151353		84931	32271	rs10865548-G	rs10865548	0	10865548	intergenic_variant	1	0.8276	2E-16	15.698970004336019		0.016	[0.012-0.02] unit increase	Affymetrix [~ 7740000] (imputed)	N	coffee consumption measurement	http://www.ebi.ac.uk/efo/EFO_0006781	GCST008526	Genome-wide genotyping array
2019-07-01	31217584	Wojcik GL	2019-06-19	Nature	www.ncbi.nlm.nih.gov/pubmed/31217584	Genetic analyses of diverse populations improves discovery for complex traits.	Coffee consumption (cups per day)	11,862 African American individuals, 15,837 Hispanic/Latino individuals, 3,764 Asian ancestry individuals, 3,857 Native Hawaiian ancestry individuals, 582 Native American ancestry individuals	NA	7p21.1	7	17248374	NR	AHR			ENSG00000106546			rs2106727-?	rs2106727	0	2106727	intron_variant	0	NR	2E-11	10.698970004336019		0.02594639	[0.018-0.034] unit increase	Illumina [32504442] (imputed)	N	cups of coffee per day measurement	http://www.ebi.ac.uk/efo/EFO_0006782	GCST008028	Genome-wide genotyping array
2019-07-01	31217584	Wojcik GL	2019-06-19	Nature	www.ncbi.nlm.nih.gov/pubmed/31217584	Genetic analyses of diverse populations improves discovery for complex traits.	Coffee consumption (cups per day)	11,862 African American individuals, 15,837 Hispanic/Latino individuals, 3,764 Asian ancestry individuals, 3,857 Native Hawaiian ancestry individuals, 582 Native American ancestry individuals	NA	7p21.1	7	17285000	NR	AHR			ENSG00000106546			rs2892838-?	rs2892838	0	2892838	intron_variant	0	NR	9E-6	5.045757490560675		0.01760686	[0.0099-0.0254] unit increase	Illumina [32504442] (imputed)	N	cups of coffee per day measurement	http://www.ebi.ac.uk/efo/EFO_0006782	GCST008028	Genome-wide genotyping array
2019-07-01	31217584	Wojcik GL	2019-06-19	Nature	www.ncbi.nlm.nih.gov/pubmed/31217584	Genetic analyses of diverse populations improves discovery for complex traits.	Coffee consumption (cups per day)	11,862 African American individuals, 15,837 Hispanic/Latino individuals, 3,764 Asian ancestry individuals, 3,857 Native Hawaiian ancestry individuals, 582 Native American ancestry individuals	NA	7p21.1	7	17244953	NR	AHR			ENSG00000106546			rs4410790-?	rs4410790	0	4410790	intron_variant	0	NR	6E-16	15.221848749616356		0.03071323	[0.023-0.038] unit increase	Illumina [32504442] (imputed)	N	cups of coffee per day measurement	http://www.ebi.ac.uk/efo/EFO_0006782	GCST008028	Genome-wide genotyping array
2019-07-01	31217584	Wojcik GL	2019-06-19	Nature	www.ncbi.nlm.nih.gov/pubmed/31217584	Genetic analyses of diverse populations improves discovery for complex traits.	Coffee consumption (cups per day)	11,862 African American individuals, 15,837 Hispanic/Latino individuals, 3,764 Asian ancestry individuals, 3,857 Native Hawaiian ancestry individuals, 582 Native American ancestry individuals	NA	22q11.23	22	24478555	ADORA2A	ADORA2A-AS1			ENSG00000178803			rs62234058-?	rs62234058	0	62234058	intron_variant	0	NR	1E-12	12.0		0.047	[0.033-0.061] unit decrease	Illumina [32504442] (imputed)	N	cups of coffee per day measurement	http://www.ebi.ac.uk/efo/EFO_0006782	GCST008028	Genome-wide genotyping array
2019-07-01	31217584	Wojcik GL	2019-06-19	Nature	www.ncbi.nlm.nih.gov/pubmed/31217584	Genetic analyses of diverse populations improves discovery for complex traits.	Coffee consumption (cups per day)	11,862 African American individuals, 15,837 Hispanic/Latino individuals, 3,764 Asian ancestry individuals, 3,857 Native Hawaiian ancestry individuals, 582 Native American ancestry individuals	NA	7p21.1	7	17290494	NR	AHR			ENSG00000106546			rs62444550-?	rs62444550	0	62444550	intron_variant	0	NR	6E-6	5.221848749616356		0.01761995	[0.01-0.0253] unit increase	Illumina [32504442] (imputed)	N	cups of coffee per day measurement	http://www.ebi.ac.uk/efo/EFO_0006782	GCST008028	Genome-wide genotyping array
2019-07-01	31217584	Wojcik GL	2019-06-19	Nature	www.ncbi.nlm.nih.gov/pubmed/31217584	Genetic analyses of diverse populations improves discovery for complex traits.	Coffee consumption (cups per day)	11,862 African American individuals, 15,837 Hispanic/Latino individuals, 3,764 Asian ancestry individuals, 3,857 Native Hawaiian ancestry individuals, 582 Native American ancestry individuals	NA	7p21.1	7	17247482	NR	AHR			ENSG00000106546			rs6968554-?	rs6968554	0	6968554	intron_variant	0	NR	5E-13	12.301029995663981		0.0281684	[0.021-0.036] unit increase	Illumina [32504442] (imputed)	N	cups of coffee per day measurement	http://www.ebi.ac.uk/efo/EFO_0006782	GCST008028	Genome-wide genotyping array
2019-07-01	31217584	Wojcik GL	2019-06-19	Nature	www.ncbi.nlm.nih.gov/pubmed/31217584	Genetic analyses of diverse populations improves discovery for complex traits.	Coffee consumption (cups per day)	11,862 African American individuals, 15,837 Hispanic/Latino individuals, 3,764 Asian ancestry individuals, 3,857 Native Hawaiian ancestry individuals, 582 Native American ancestry individuals	NA	7p21.1	7	17247645	NR	AHR			ENSG00000106546			rs6968865-?	rs6968865	0	6968865	intron_variant	0	NR	4E-15	14.397940008672037		0.02987925	[0.022-0.037] unit increase	Illumina [32504442] (imputed)	N	cups of coffee per day measurement	http://www.ebi.ac.uk/efo/EFO_0006782	GCST008028	Genome-wide genotyping array
2019-07-01	31217584	Wojcik GL	2019-06-19	Nature	www.ncbi.nlm.nih.gov/pubmed/31217584	Genetic analyses of diverse populations improves discovery for complex traits.	Coffee consumption (cups per day)	11,862 African American individuals, 15,837 Hispanic/Latino individuals, 3,764 Asian ancestry individuals, 3,857 Native Hawaiian ancestry individuals, 582 Native American ancestry individuals	NA	22q11.23	22	24478555	ADORA2A	ADORA2A-AS1			ENSG00000178803			rs62234058-?	rs62234058	0	62234058	intron_variant	0	NR	4E-7	6.3979400086720375	(AA)	0.04113796	[0.025-0.057] unit decrease	Illumina [32504442] (imputed)	N	cups of coffee per day measurement	http://www.ebi.ac.uk/efo/EFO_0006782	GCST008028	Genome-wide genotyping array
2019-07-01	31217584	Wojcik GL	2019-06-19	Nature	www.ncbi.nlm.nih.gov/pubmed/31217584	Genetic analyses of diverse populations improves discovery for complex traits.	Coffee consumption (cups per day)	11,862 African American individuals, 15,837 Hispanic/Latino individuals, 3,764 Asian ancestry individuals, 3,857 Native Hawaiian ancestry individuals, 582 Native American ancestry individuals	NA	22q11.23	22	24478555	ADORA2A	ADORA2A-AS1			ENSG00000178803			rs62234058-?	rs62234058	0	62234058	intron_variant	0	NR	3E-6	5.522878745280337	(Hispanic/Latino)	0.05616214	[0.033-0.08] unit decrease	Illumina [32504442] (imputed)	N	cups of coffee per day measurement	http://www.ebi.ac.uk/efo/EFO_0006782	GCST008028	Genome-wide genotyping array
2019-07-01	31217584	Wojcik GL	2019-06-19	Nature	www.ncbi.nlm.nih.gov/pubmed/31217584	Genetic analyses of diverse populations improves discovery for complex traits.	Coffee consumption (cups per day)	11,862 African American individuals, 15,837 Hispanic/Latino individuals, 3,764 Asian ancestry individuals, 3,857 Native Hawaiian ancestry individuals, 582 Native American ancestry individuals	NA	7p21.1	7	17240889	NR	AHR			ENSG00000106546			rs10252701-?	rs10252701	0	10252701	intron_variant	0	NR	4E-10	9.397940008672037		0.02918148	[0.02-0.038] unit decrease	Illumina [32504442] (imputed)	N	cups of coffee per day measurement	http://www.ebi.ac.uk/efo/EFO_0006782	GCST008028	Genome-wide genotyping array
2019-07-01	31217584	Wojcik GL	2019-06-19	Nature	www.ncbi.nlm.nih.gov/pubmed/31217584	Genetic analyses of diverse populations improves discovery for complex traits.	Coffee consumption (cups per day)	11,862 African American individuals, 15,837 Hispanic/Latino individuals, 3,764 Asian ancestry individuals, 3,857 Native Hawaiian ancestry individuals, 582 Native American ancestry individuals	NA	7p21.1	7	17264154	NR	AHR			ENSG00000106546			rs10275488-?	rs10275488	0	10275488	intron_variant	0	NR	1E-9	9.0		0.02801235	[0.019-0.037] unit decrease	Illumina [32504442] (imputed)	N	cups of coffee per day measurement	http://www.ebi.ac.uk/efo/EFO_0006782	GCST008028	Genome-wide genotyping array
2019-07-01	31217584	Wojcik GL	2019-06-19	Nature	www.ncbi.nlm.nih.gov/pubmed/31217584	Genetic analyses of diverse populations improves discovery for complex traits.	Coffee consumption (cups per day)	11,862 African American individuals, 15,837 Hispanic/Latino individuals, 3,764 Asian ancestry individuals, 3,857 Native Hawaiian ancestry individuals, 582 Native American ancestry individuals	NA	7p21.1	7	17245365	NR	AHR			ENSG00000106546			rs10277582-?	rs10277582	0	10277582	intron_variant	0	NR	2E-10	9.698970004336019		0.02923515	[0.02-0.038] unit decrease	Illumina [32504442] (imputed)	N	cups of coffee per day measurement	http://www.ebi.ac.uk/efo/EFO_0006782	GCST008028	Genome-wide genotyping array
2019-07-01	31217584	Wojcik GL	2019-06-19	Nature	www.ncbi.nlm.nih.gov/pubmed/31217584	Genetic analyses of diverse populations improves discovery for complex traits.	Coffee consumption (cups per day)	11,862 African American individuals, 15,837 Hispanic/Latino individuals, 3,764 Asian ancestry individuals, 3,857 Native Hawaiian ancestry individuals, 582 Native American ancestry individuals	NA	7p21.1	7	17246243	NR	AHR			ENSG00000106546			rs10281571-?	rs10281571	0	10281571	intron_variant	0	NR	6E-9	8.221848749616356		0.02623358	[0.017-0.035] unit decrease	Illumina [32504442] (imputed)	N	cups of coffee per day measurement	http://www.ebi.ac.uk/efo/EFO_0006782	GCST008028	Genome-wide genotyping array
2019-07-01	31217584	Wojcik GL	2019-06-19	Nature	www.ncbi.nlm.nih.gov/pubmed/31217584	Genetic analyses of diverse populations improves discovery for complex traits.	Coffee consumption (cups per day)	11,862 African American individuals, 15,837 Hispanic/Latino individuals, 3,764 Asian ancestry individuals, 3,857 Native Hawaiian ancestry individuals, 582 Native American ancestry individuals	NA	7p21.1	7	17357123	NR	AHR - SNORA63	ENSG00000106546	ENSG00000199552		10971	16078	rs10683220-?	rs10683220	0	10683220	intron_variant	1	NR	1E-7	7.0		0.02023615	[0.013-0.028] unit increase	Illumina [32504442] (imputed)	N	cups of coffee per day measurement	http://www.ebi.ac.uk/efo/EFO_0006782	GCST008028	Genome-wide genotyping array
2019-07-01	31217584	Wojcik GL	2019-06-19	Nature	www.ncbi.nlm.nih.gov/pubmed/31217584	Genetic analyses of diverse populations improves discovery for complex traits.	Coffee consumption (cups per day)	11,862 African American individuals, 15,837 Hispanic/Latino individuals, 3,764 Asian ancestry individuals, 3,857 Native Hawaiian ancestry individuals, 582 Native American ancestry individuals	NA	7p21.1	7	17345883	NR	AHR			ENSG00000106546			rs11400459-?	rs11400459	0	11400459	3_prime_UTR_variant	0	NR	1E-6	6.0		0.01887579	[0.011-0.026] unit increase	Illumina [32504442] (imputed)	N	cups of coffee per day measurement	http://www.ebi.ac.uk/efo/EFO_0006782	GCST008028	Genome-wide genotyping array
2019-07-01	31217584	Wojcik GL	2019-06-19	Nature	www.ncbi.nlm.nih.gov/pubmed/31217584	Genetic analyses of diverse populations improves discovery for complex traits.	Coffee consumption (cups per day)	11,862 African American individuals, 15,837 Hispanic/Latino individuals, 3,764 Asian ancestry individuals, 3,857 Native Hawaiian ancestry individuals, 582 Native American ancestry individuals	NA	7p21.1	7	17269655	NR	AHR			ENSG00000106546			rs12670403-?	rs12670403	0	12670403	intron_variant	0	NR	4E-9	8.397940008672037		0.02280859	[0.015-0.03] unit increase	Illumina [32504442] (imputed)	N	cups of coffee per day measurement	http://www.ebi.ac.uk/efo/EFO_0006782	GCST008028	Genome-wide genotyping array
2019-08-22	31345160	Jia H	2019-07-26	BMC Genet	www.ncbi.nlm.nih.gov/pubmed/31345160	GWAS of habitual coffee consumption reveals a sex difference in the genetic effect of the 12q24 locus in the Japanese population.	Coffee consumption	6,264 Japanese ancestry individuals	5,975 Japanese ancestry individuals	4p16.1	4	7589092	SORCS2	SORCS2			ENSG00000184985			rs11722777-A	rs11722777	0	11722777	intron_variant	0	0.819	4E-6	5.3979400086720375		0.123	[0.07-0.176] unit decrease	Illumina [5264155] (imputed)	N	coffee consumption measurement	http://www.ebi.ac.uk/efo/EFO_0006781	GCST008487	Genome-wide genotyping array
2019-08-22	31345160	Jia H	2019-07-26	BMC Genet	www.ncbi.nlm.nih.gov/pubmed/31345160	GWAS of habitual coffee consumption reveals a sex difference in the genetic effect of the 12q24 locus in the Japanese population.	Coffee consumption	6,264 Japanese ancestry individuals	5,975 Japanese ancestry individuals	7p21.1	7	17240889	AHR	AHR			ENSG00000106546			rs10252701-C	rs10252701	0	10252701	intron_variant	0	0.315	1E-14	14.0		0.171	[0.13-0.21] unit decrease	Illumina [5264155] (imputed)	N	coffee consumption measurement	http://www.ebi.ac.uk/efo/EFO_0006781	GCST008487	Genome-wide genotyping array
2019-08-22	31345160	Jia H	2019-07-26	BMC Genet	www.ncbi.nlm.nih.gov/pubmed/31345160	GWAS of habitual coffee consumption reveals a sex difference in the genetic effect of the 12q24 locus in the Japanese population.	Coffee consumption	6,264 Japanese ancestry individuals	5,975 Japanese ancestry individuals	12q24.11	12	111280427	CUX2	CUX2			ENSG00000111249			rs79105258-A	rs79105258	0	79105258	intron_variant	0	0.283	1E-14	14.0		0.173	[0.13-0.22] unit increase	Illumina [5264155] (imputed)	N	coffee consumption measurement	http://www.ebi.ac.uk/efo/EFO_0006781	GCST008487	Genome-wide genotyping array
2020-06-26	31837886	Kennedy OJ	2019-12-02	Am J Kidney Dis	www.ncbi.nlm.nih.gov/pubmed/31837886	Coffee Consumption and Kidney Function: A Mendelian Randomization Study.	Coffee consumption (cups per day)	227,666 British ancestry individuals	NA	1q31.3	1	197732149	DENND1B	DENND1B			ENSG00000213047			rs2488397-C	rs2488397	0	2488397	intron_variant	0	0.21	2E-8	7.698970004336019		0.04	NR cups per day increase	NR [NR]	N	cups of coffee per day measurement	http://www.ebi.ac.uk/efo/EFO_0006782	GCST010108	Genome-wide genotyping array
2020-06-26	31837886	Kennedy OJ	2019-12-02	Am J Kidney Dis	www.ncbi.nlm.nih.gov/pubmed/31837886	Coffee Consumption and Kidney Function: A Mendelian Randomization Study.	Coffee consumption (cups per day)	227,666 British ancestry individuals	NA	2p23.3	2	27508073	GCKR	GCKR			ENSG00000084734			rs1260326-C	rs1260326	0	1260326	missense_variant	0	0.61	2E-8	7.698970004336019		0.033	NR cups per day increase	NR [NR]	N	cups of coffee per day measurement	http://www.ebi.ac.uk/efo/EFO_0006782	GCST010108	Genome-wide genotyping array
2020-06-26	31837886	Kennedy OJ	2019-12-02	Am J Kidney Dis	www.ncbi.nlm.nih.gov/pubmed/31837886	Coffee Consumption and Kidney Function: A Mendelian Randomization Study.	Coffee consumption (cups per day)	227,666 British ancestry individuals	NA	4p16.3	4	2845072	ADD1	ADD1			ENSG00000087274			rs1877723-T	rs1877723	0	1877723	intron_variant	0	0.313	3E-10	9.522878745280337		0.04	NR cups per day decrease	NR [NR]	N	cups of coffee per day measurement	http://www.ebi.ac.uk/efo/EFO_0006782	GCST010108	Genome-wide genotyping array
2020-06-26	31837886	Kennedy OJ	2019-12-02	Am J Kidney Dis	www.ncbi.nlm.nih.gov/pubmed/31837886	Coffee Consumption and Kidney Function: A Mendelian Randomization Study.	Coffee consumption (cups per day)	227,666 British ancestry individuals	NA	4q22.1	4	88117930	ABCG2	ABCG2			ENSG00000118777			rs1481012-G	rs1481012	0	1481012	intron_variant	0	0.111	2E-12	11.698970004336019		0.066	NR cups per day decrease	NR [NR]	N	cups of coffee per day measurement	http://www.ebi.ac.uk/efo/EFO_0006782	GCST010108	Genome-wide genotyping array
2020-06-26	31837886	Kennedy OJ	2019-12-02	Am J Kidney Dis	www.ncbi.nlm.nih.gov/pubmed/31837886	Coffee Consumption and Kidney Function: A Mendelian Randomization Study.	Coffee consumption (cups per day)	227,666 British ancestry individuals	NA	6p21.33	6	31869500	SLC44A4	SLC44A4			ENSG00000204385			rs660550-A	rs660550	0	660550	intron_variant	0	0.525	8E-9	8.096910013008056		0.034	NR cups per day decrease	NR [NR]	N	cups of coffee per day measurement	http://www.ebi.ac.uk/efo/EFO_0006782	GCST010108	Genome-wide genotyping array
2020-06-26	31837886	Kennedy OJ	2019-12-02	Am J Kidney Dis	www.ncbi.nlm.nih.gov/pubmed/31837886	Coffee Consumption and Kidney Function: A Mendelian Randomization Study.	Coffee consumption (cups per day)	227,666 British ancestry individuals	NA	6p21.32	6	32711549	HLA-DQA2	MTCO3P1 - HLA-DQB3	ENSG00000235040	ENSG00000226030		4594	19209	rs9275576-T	rs9275576	0	9275576	intergenic_variant	1	0.146	6E-9	8.221848749616356		0.048	NR cups per day increase	NR [NR]	N	cups of coffee per day measurement	http://www.ebi.ac.uk/efo/EFO_0006782	GCST010108	Genome-wide genotyping array
2020-06-26	31837886	Kennedy OJ	2019-12-02	Am J Kidney Dis	www.ncbi.nlm.nih.gov/pubmed/31837886	Coffee Consumption and Kidney Function: A Mendelian Randomization Study.	Coffee consumption (cups per day)	227,666 British ancestry individuals	NA	7p21.1	7	17152648	AHR	AHR			ENSG00000106546			rs11766104-T	rs11766104	0	11766104	intron_variant	0	0.167	5E-8	7.301029995663981		0.043	NR cups per day increase	NR [NR]	N	cups of coffee per day measurement	http://www.ebi.ac.uk/efo/EFO_0006782	GCST010108	Genome-wide genotyping array
2020-06-26	31837886	Kennedy OJ	2019-12-02	Am J Kidney Dis	www.ncbi.nlm.nih.gov/pubmed/31837886	Coffee Consumption and Kidney Function: A Mendelian Randomization Study.	Coffee consumption (cups per day)	227,666 British ancestry individuals	NA	7p21.1	7	17244953	AHR	AHR			ENSG00000106546			rs4410790-C	rs4410790	0	4410790	intron_variant	0	0.64	6E-70	69.22184874961636		0.108	NR cups per day increase	NR [NR]	N	cups of coffee per day measurement	http://www.ebi.ac.uk/efo/EFO_0006782	GCST010108	Genome-wide genotyping array
2020-06-26	31837886	Kennedy OJ	2019-12-02	Am J Kidney Dis	www.ncbi.nlm.nih.gov/pubmed/31837886	Coffee Consumption and Kidney Function: A Mendelian Randomization Study.	Coffee consumption (cups per day)	227,666 British ancestry individuals	NA	7p21.1	7	17361403	AHR	AHR - SNORA63	ENSG00000106546	ENSG00000199552		15251	11798	rs7791070-C	rs7791070	0	7791070	intron_variant	1	0.234	2E-28	27.69897000433602		0.076	NR cups per day decrease	NR [NR]	N	cups of coffee per day measurement	http://www.ebi.ac.uk/efo/EFO_0006782	GCST010108	Genome-wide genotyping array
2020-06-26	31837886	Kennedy OJ	2019-12-02	Am J Kidney Dis	www.ncbi.nlm.nih.gov/pubmed/31837886	Coffee Consumption and Kidney Function: A Mendelian Randomization Study.	Coffee consumption (cups per day)	227,666 British ancestry individuals	NA	7p21.1	7	17380073	KCCAT333	LINC02888			ENSG00000236318			rs17645813-A	rs17645813	0	17645813	intron_variant	0	0.077	3E-11	10.522878745280337		0.073	NR cups per day decrease	NR [NR]	N	cups of coffee per day measurement	http://www.ebi.ac.uk/efo/EFO_0006782	GCST010108	Genome-wide genotyping array
2020-06-26	31837886	Kennedy OJ	2019-12-02	Am J Kidney Dis	www.ncbi.nlm.nih.gov/pubmed/31837886	Coffee Consumption and Kidney Function: A Mendelian Randomization Study.	Coffee consumption (cups per day)	227,666 British ancestry individuals	NA	7p21.1	7	17399985	KCCAT333	LINC02888			ENSG00000236318			rs6461314-G	rs6461314	0	6461314	intron_variant	0	0.112	1E-8	8.0		0.053	NR cups per day increase	NR [NR]	N	cups of coffee per day measurement	http://www.ebi.ac.uk/efo/EFO_0006782	GCST010108	Genome-wide genotyping array
2020-06-26	31837886	Kennedy OJ	2019-12-02	Am J Kidney Dis	www.ncbi.nlm.nih.gov/pubmed/31837886	Coffee Consumption and Kidney Function: A Mendelian Randomization Study.	Coffee consumption (cups per day)	227,666 British ancestry individuals	NA	7p21.1	7	17479637	LOC101927630	LINC02889			ENSG00000236039			rs6949509-G	rs6949509	0	6949509	intron_variant	0	0.435	2E-12	11.698970004336019		0.042	NR cups per day decrease	NR [NR]	N	cups of coffee per day measurement	http://www.ebi.ac.uk/efo/EFO_0006782	GCST010108	Genome-wide genotyping array
2020-06-26	31837886	Kennedy OJ	2019-12-02	Am J Kidney Dis	www.ncbi.nlm.nih.gov/pubmed/31837886	Coffee Consumption and Kidney Function: A Mendelian Randomization Study.	Coffee consumption (cups per day)	227,666 British ancestry individuals	NA	7p21.1	7	17512278	LOC101927630	LINC02889			ENSG00000236039			rs17706320-C	rs17706320	0	17706320	intron_variant	0	0.342	5E-16	15.301029995663981		0.05	NR cups per day decrease	NR [NR]	N	cups of coffee per day measurement	http://www.ebi.ac.uk/efo/EFO_0006782	GCST010108	Genome-wide genotyping array
2020-06-26	31837886	Kennedy OJ	2019-12-02	Am J Kidney Dis	www.ncbi.nlm.nih.gov/pubmed/31837886	Coffee Consumption and Kidney Function: A Mendelian Randomization Study.	Coffee consumption (cups per day)	227,666 British ancestry individuals	NA	7p21.1	7	17553862	LOC101927630	LINC02889			ENSG00000236039			rs13233604-A	rs13233604	0	13233604	intergenic_variant	0	0.172	5E-12	11.301029995663981		0.058	NR cups per day decrease	NR [NR]	N	cups of coffee per day measurement	http://www.ebi.ac.uk/efo/EFO_0006782	GCST010108	Genome-wide genotyping array
2020-06-26	31837886	Kennedy OJ	2019-12-02	Am J Kidney Dis	www.ncbi.nlm.nih.gov/pubmed/31837886	Coffee Consumption and Kidney Function: A Mendelian Randomization Study.	Coffee consumption (cups per day)	227,666 British ancestry individuals	NA	7q11.23	7	73612048	MLXIPL	MLXIPL			ENSG00000009950			rs17145750-T	rs17145750	0	17145750	intron_variant	0	0.163	2E-10	9.698970004336019		0.05	NR cups per day increase	NR [NR]	N	cups of coffee per day measurement	http://www.ebi.ac.uk/efo/EFO_0006782	GCST010108	Genome-wide genotyping array
2020-06-26	31837886	Kennedy OJ	2019-12-02	Am J Kidney Dis	www.ncbi.nlm.nih.gov/pubmed/31837886	Coffee Consumption and Kidney Function: A Mendelian Randomization Study.	Coffee consumption (cups per day)	227,666 British ancestry individuals	NA	7q11.23	7	75986787	POR	POR			ENSG00000127948			rs17685-A	rs17685	0	17685	3_prime_UTR_variant	0	0.281	8E-20	19.096910013008056		0.059	NR cups per day increase	NR [NR]	N	cups of coffee per day measurement	http://www.ebi.ac.uk/efo/EFO_0006782	GCST010108	Genome-wide genotyping array
2020-06-26	31837886	Kennedy OJ	2019-12-02	Am J Kidney Dis	www.ncbi.nlm.nih.gov/pubmed/31837886	Coffee Consumption and Kidney Function: A Mendelian Randomization Study.	Coffee consumption (cups per day)	227,666 British ancestry individuals	NA	15q24.1	15	73841072	TBC1D21	INSYN1-AS1 - TBC1D21	ENSG00000260469	ENSG00000167139		70459	32492	rs11855112-C	rs11855112	0	11855112	intergenic_variant	1	0.129	3E-8	7.522878745280337		0.049	NR cups per day increase	NR [NR]	N	cups of coffee per day measurement	http://www.ebi.ac.uk/efo/EFO_0006782	GCST010108	Genome-wide genotyping array
2020-06-26	31837886	Kennedy OJ	2019-12-02	Am J Kidney Dis	www.ncbi.nlm.nih.gov/pubmed/31837886	Coffee Consumption and Kidney Function: A Mendelian Randomization Study.	Coffee consumption (cups per day)	227,666 British ancestry individuals	NA	15q24.1	15	74180375	STRA6	STRA6			ENSG00000137868			rs351242-A	rs351242	0	351242	intron_variant	0	0.757	1E-19	19.0		0.062	NR cups per day decrease	NR [NR]	N	cups of coffee per day measurement	http://www.ebi.ac.uk/efo/EFO_0006782	GCST010108	Genome-wide genotyping array
2020-06-26	31837886	Kennedy OJ	2019-12-02	Am J Kidney Dis	www.ncbi.nlm.nih.gov/pubmed/31837886	Coffee Consumption and Kidney Function: A Mendelian Randomization Study.	Coffee consumption (cups per day)	227,666 British ancestry individuals	NA	15q24.1	15	74265737	CCDC33	CCDC33			ENSG00000140481			rs4886593-A	rs4886593	0	4886593	intron_variant	0	0.2	7E-13	12.154901959985743		0.052	NR cups per day decrease	NR [NR]	N	cups of coffee per day measurement	http://www.ebi.ac.uk/efo/EFO_0006782	GCST010108	Genome-wide genotyping array
2020-06-26	31837886	Kennedy OJ	2019-12-02	Am J Kidney Dis	www.ncbi.nlm.nih.gov/pubmed/31837886	Coffee Consumption and Kidney Function: A Mendelian Randomization Study.	Coffee consumption (cups per day)	227,666 British ancestry individuals	NA	15q24.1	15	74373281	CYP11A1	CYP11A1 - LINC02255	ENSG00000140459	ENSG00000277718		5601	5760	rs4077582-T	rs4077582	0	4077582	intron_variant	1	0.706	8E-15	14.096910013008056		0.05	NR cups per day increase	NR [NR]	N	cups of coffee per day measurement	http://www.ebi.ac.uk/efo/EFO_0006782	GCST010108	Genome-wide genotyping array
2020-06-26	31837886	Kennedy OJ	2019-12-02	Am J Kidney Dis	www.ncbi.nlm.nih.gov/pubmed/31837886	Coffee Consumption and Kidney Function: A Mendelian Randomization Study.	Coffee consumption (cups per day)	227,666 British ancestry individuals	NA	15q24.1	15	74643553	CLK3, EDC3	CLK3, EDC3			ENSG00000179335, ENSG00000179151			rs4128436-T	rs4128436	0	4128436	intron_variant	0	0.081	2E-8	7.698970004336019		0.06	NR cups per day decrease	NR [NR]	N	cups of coffee per day measurement	http://www.ebi.ac.uk/efo/EFO_0006782	GCST010108	Genome-wide genotyping array
2020-06-26	31837886	Kennedy OJ	2019-12-02	Am J Kidney Dis	www.ncbi.nlm.nih.gov/pubmed/31837886	Coffee Consumption and Kidney Function: A Mendelian Randomization Study.	Coffee consumption (cups per day)	227,666 British ancestry individuals	NA	15q24.1	15	74735539	CYP1A1	CYP1A1 - CYP1A2	ENSG00000140465	ENSG00000140505		10003	13256	rs2472297-T	rs2472297	0	2472297	intergenic_variant	1	0.272	2E-95	94.69897000433602		0.136	NR cups per day increase	NR [NR]	N	cups of coffee per day measurement	http://www.ebi.ac.uk/efo/EFO_0006782	GCST010108	Genome-wide genotyping array
2020-06-26	31837886	Kennedy OJ	2019-12-02	Am J Kidney Dis	www.ncbi.nlm.nih.gov/pubmed/31837886	Coffee Consumption and Kidney Function: A Mendelian Randomization Study.	Coffee consumption (cups per day)	227,666 British ancestry individuals	NA	15q24.2	15	75028092	PPCDC	PPCDC			ENSG00000138621			rs8042558-T	rs8042558	0	8042558	intron_variant	0	0.235	1E-10	10.0		0.044	NR cups per day decrease	NR [NR]	N	cups of coffee per day measurement	http://www.ebi.ac.uk/efo/EFO_0006782	GCST010108	Genome-wide genotyping array
2020-06-26	31837886	Kennedy OJ	2019-12-02	Am J Kidney Dis	www.ncbi.nlm.nih.gov/pubmed/31837886	Coffee Consumption and Kidney Function: A Mendelian Randomization Study.	Coffee consumption (cups per day)	227,666 British ancestry individuals	NA	15q24.2	15	75036750	PPCDC	PPCDC			ENSG00000138621			rs12917120-C	rs12917120	0	12917120	intron_variant	0	0.665	2E-17	16.69897000433602		0.053	NR cups per day increase	NR [NR]	N	cups of coffee per day measurement	http://www.ebi.ac.uk/efo/EFO_0006782	GCST010108	Genome-wide genotyping array
2020-06-26	31837886	Kennedy OJ	2019-12-02	Am J Kidney Dis	www.ncbi.nlm.nih.gov/pubmed/31837886	Coffee Consumption and Kidney Function: A Mendelian Randomization Study.	Coffee consumption (cups per day)	227,666 British ancestry individuals	NA	18q21.32	18	60185354	MC4R	RNU4-17P - MC4R	ENSG00000202468	ENSG00000166603		21647	185708	rs476828-C	rs476828	0	476828	intergenic_variant	1	0.239	2E-10	9.698970004336019		0.043	NR cups per day increase	NR [NR]	N	cups of coffee per day measurement	http://www.ebi.ac.uk/efo/EFO_0006782	GCST010108	Genome-wide genotyping array
2022-09-01	31882771	Al-Khelaifi F	2019-12-27	Sci Rep	www.ncbi.nlm.nih.gov/pubmed/31882771	Metabolic GWAS of elite athletes reveals novel genetically-influenced metabolites associated with athletic performance.	Caffeine levels in elite athletes	490 individuals	NA	10q23.1	10	84127298		HMGN2P8 - GHITM	ENSG00000212769	ENSG00000165678		45303	12184	rs12357826-?	rs12357826	0	12357826	intergenic_variant	1	NR	6E-6	5.221848749616356		0.4127401	[0.24-0.59] unit decrease	Illumina [275016]	N	caffeine measurement	http://www.ebi.ac.uk/efo/EFO_0021177	GCST90133800	Genome-wide genotyping array
2022-09-01	31882771	Al-Khelaifi F	2019-12-27	Sci Rep	www.ncbi.nlm.nih.gov/pubmed/31882771	Metabolic GWAS of elite athletes reveals novel genetically-influenced metabolites associated with athletic performance.	Caffeine levels in elite athletes	490 individuals	NA	11p15.4	11	11067268		LINC02752			ENSG00000254401			rs1486531-?	rs1486531	0	1486531	intron_variant	0	NR	6E-6	5.221848749616356		0.2963315	[0.17-0.42] unit decrease	Illumina [275016]	N	caffeine measurement	http://www.ebi.ac.uk/efo/EFO_0021177	GCST90133800	Genome-wide genotyping array
2022-09-01	31882771	Al-Khelaifi F	2019-12-27	Sci Rep	www.ncbi.nlm.nih.gov/pubmed/31882771	Metabolic GWAS of elite athletes reveals novel genetically-influenced metabolites associated with athletic performance.	Caffeine levels in elite athletes	490 individuals	NA	12p11.22	12	27819417		RN7SKP15 - PTHLH	ENSG00000201612	ENSG00000087494		13027	138667	rs9988960-?	rs9988960	0	9988960	intron_variant	1	NR	2E-6	5.698970004336019		0.3043717	[0.18-0.43] unit decrease	Illumina [275016]	N	caffeine measurement	http://www.ebi.ac.uk/efo/EFO_0021177	GCST90133800	Genome-wide genotyping array
2022-09-01	31882771	Al-Khelaifi F	2019-12-27	Sci Rep	www.ncbi.nlm.nih.gov/pubmed/31882771	Metabolic GWAS of elite athletes reveals novel genetically-influenced metabolites associated with athletic performance.	Caffeine levels in elite athletes	490 individuals	NA	12q12	12	40341862		LRRK2			ENSG00000188906			rs17491536-?	rs17491536	0	17491536	intron_variant	0	NR	2E-6	5.698970004336019		0.8239275	[0.49-1.16] unit decrease	Illumina [275016]	N	caffeine measurement	http://www.ebi.ac.uk/efo/EFO_0021177	GCST90133800	Genome-wide genotyping array
2022-09-01	31882771	Al-Khelaifi F	2019-12-27	Sci Rep	www.ncbi.nlm.nih.gov/pubmed/31882771	Metabolic GWAS of elite athletes reveals novel genetically-influenced metabolites associated with athletic performance.	Caffeine levels in elite athletes	490 individuals	NA	15q22.31	15	66196649		MEGF11			ENSG00000157890			rs16949647-?	rs16949647	0	16949647	intron_variant	0	NR	3E-6	5.522878745280337		0.41185206	[0.24-0.58] unit decrease	Illumina [275016]	N	caffeine measurement	http://www.ebi.ac.uk/efo/EFO_0021177	GCST90133800	Genome-wide genotyping array
2022-09-01	31882771	Al-Khelaifi F	2019-12-27	Sci Rep	www.ncbi.nlm.nih.gov/pubmed/31882771	Metabolic GWAS of elite athletes reveals novel genetically-influenced metabolites associated with athletic performance.	Caffeine levels in elite athletes	490 individuals	NA	3p21.31	3	49128787		LAMB2			ENSG00000172037			rs33942096-?	rs33942096	0	33942096	synonymous_variant	0	NR	4E-6	5.3979400086720375		1.2246089	[0.71-1.74] unit decrease	Illumina [275016]	N	caffeine measurement	http://www.ebi.ac.uk/efo/EFO_0021177	GCST90133800	Genome-wide genotyping array
2022-09-01	31882771	Al-Khelaifi F	2019-12-27	Sci Rep	www.ncbi.nlm.nih.gov/pubmed/31882771	Metabolic GWAS of elite athletes reveals novel genetically-influenced metabolites associated with athletic performance.	Caffeine levels in elite athletes	490 individuals	NA	8q24.22	8	133500566		ST3GAL1			ENSG00000008513			rs11776694-?	rs11776694	0	11776694	intron_variant	0	NR	1E-5	5.0		0.31716093	[0.18-0.46] unit increase	Illumina [275016]	N	caffeine measurement	http://www.ebi.ac.uk/efo/EFO_0021177	GCST90133800	Genome-wide genotyping array
2022-09-01	31882771	Al-Khelaifi F	2019-12-27	Sci Rep	www.ncbi.nlm.nih.gov/pubmed/31882771	Metabolic GWAS of elite athletes reveals novel genetically-influenced metabolites associated with athletic performance.	Caffeine levels in elite athletes	490 individuals	NA	11q21	11	96134202		MAML2			ENSG00000184384			rs4572097-?	rs4572097	0	4572097	intron_variant	0	NR	7E-6	5.154901959985743		0.285121	[0.16-0.41] unit decrease	Illumina [275016]	N	caffeine measurement	http://www.ebi.ac.uk/efo/EFO_0021177	GCST90133800	Genome-wide genotyping array
2022-09-01	31882771	Al-Khelaifi F	2019-12-27	Sci Rep	www.ncbi.nlm.nih.gov/pubmed/31882771	Metabolic GWAS of elite athletes reveals novel genetically-influenced metabolites associated with athletic performance.	Caffeine levels in elite athletes	490 individuals	NA	2q24.3	2	168187826		STK39			ENSG00000198648			rs72876935-?	rs72876935	0	72876935	intron_variant	0	NR	9E-7	6.045757490560675		0.93585664	[0.57-1.3] unit decrease	Illumina [275016]	N	caffeine measurement	http://www.ebi.ac.uk/efo/EFO_0021177	GCST90133800	Genome-wide genotyping array
2020-03-31	31959922	Matoba N	2020-01-20	Nat Hum Behav	www.ncbi.nlm.nih.gov/pubmed/31959922	GWAS of 165,084 Japanese individuals identified nine loci associated with dietary habits.	Coffee consumption	152,634 Japanese ancestry individuals	NA	1q21.3	1	150614495	ENSA, MCL1	ENSA			ENSG00000143420			rs6681426-?	rs6681426	0	6681426	regulatory_region_variant	0	NR	1E-10	10.0		0.078	[0.055-0.101] unit decrease	Illumina [6108828] (imputed)	N	coffee consumption measurement	http://www.ebi.ac.uk/efo/EFO_0006781	GCST009801	Genome-wide genotyping array
2020-03-31	31959922	Matoba N	2020-01-20	Nat Hum Behav	www.ncbi.nlm.nih.gov/pubmed/31959922	GWAS of 165,084 Japanese individuals identified nine loci associated with dietary habits.	Coffee consumption	152,634 Japanese ancestry individuals	NA	2p23.3	2	27508073	GCKR	GCKR			ENSG00000084734			rs1260326-?	rs1260326	0	1260326	missense_variant	0	NR	1E-16	16.0		0.096	[0.074-0.118] unit increase	Illumina [6108828] (imputed)	N	coffee consumption measurement	http://www.ebi.ac.uk/efo/EFO_0006781	GCST009801	Genome-wide genotyping array
2020-03-31	31959922	Matoba N	2020-01-20	Nat Hum Behav	www.ncbi.nlm.nih.gov/pubmed/31959922	GWAS of 165,084 Japanese individuals identified nine loci associated with dietary habits.	Coffee consumption	152,634 Japanese ancestry individuals	NA	7p21.1	7	17244953	AGR3, AHR	AHR			ENSG00000106546			rs4410790-?	rs4410790	0	4410790	intron_variant	0	NR	8E-68	67.09691001300806		0.213	[0.19-0.24] unit increase	Illumina [6108828] (imputed)	N	coffee consumption measurement	http://www.ebi.ac.uk/efo/EFO_0006781	GCST009801	Genome-wide genotyping array
2020-03-31	31959922	Matoba N	2020-01-20	Nat Hum Behav	www.ncbi.nlm.nih.gov/pubmed/31959922	GWAS of 165,084 Japanese individuals identified nine loci associated with dietary habits.	Coffee consumption	152,634 Japanese ancestry individuals	NA	12q24.12	12	111803962	ALDH2	ALDH2			ENSG00000111275			rs671-?	rs671	0	671	missense_variant	0	NR	4E-153	152.39794000867204		0.354	[0.33-0.38] unit increase	Illumina [6108828] (imputed)	N	coffee consumption measurement	http://www.ebi.ac.uk/efo/EFO_0006781	GCST009801	Genome-wide genotyping array
2020-03-31	31959922	Matoba N	2020-01-20	Nat Hum Behav	www.ncbi.nlm.nih.gov/pubmed/31959922	GWAS of 165,084 Japanese individuals identified nine loci associated with dietary habits.	Coffee consumption	152,634 Japanese ancestry individuals	NA	15q24.1	15	74767205	CYP1A2, CSK	CYP1A2 - CSK	ENSG00000140505	ENSG00000103653		10598	14850	rs58806801-?	rs58806801	0	58806801	intergenic_variant	1	NR	2E-9	8.698970004336019		0.084	[0.057-0.111] unit decrease	Illumina [6108828] (imputed)	N	coffee consumption measurement	http://www.ebi.ac.uk/efo/EFO_0006781	GCST009801	Genome-wide genotyping array
2020-03-31	31959922	Matoba N	2020-01-20	Nat Hum Behav	www.ncbi.nlm.nih.gov/pubmed/31959922	GWAS of 165,084 Japanese individuals identified nine loci associated with dietary habits.	Coffee consumption	152,634 Japanese ancestry individuals	NA	22q11.23	22	24482250	ADORA2A-AS1	ADORA2A-AS1			ENSG00000178803			rs5760444-?	rs5760444	0	5760444	intron_variant	0	NR	4E-10	9.397940008672037		0.073	[0.051-0.095] unit decrease	Illumina [6108828] (imputed)	N	coffee consumption measurement	http://www.ebi.ac.uk/efo/EFO_0006781	GCST009801	Genome-wide genotyping array
2020-03-31	31959922	Matoba N	2020-01-20	Nat Hum Behav	www.ncbi.nlm.nih.gov/pubmed/31959922	GWAS of 165,084 Japanese individuals identified nine loci associated with dietary habits.	Coffee consumption	152,634 Japanese ancestry individuals	NA	4q22.1	4	88124179	ABCG2	ABCG2			ENSG00000118777			rs75544042-?	rs75544042	1	2199936	intron_variant	0	NR	5E-8	7.301029995663981		0.069	[0.045-0.093] unit increase	Illumina [6108828] (imputed)	N	coffee consumption measurement	http://www.ebi.ac.uk/efo/EFO_0006781	GCST009801	Genome-wide genotyping array
2020-03-31	31959922	Matoba N	2020-01-20	Nat Hum Behav	www.ncbi.nlm.nih.gov/pubmed/31959922	GWAS of 165,084 Japanese individuals identified nine loci associated with dietary habits.	Coffee consumption	152,634 Japanese ancestry individuals	NA	6q16.1	6	97885533	MIR2113	MMS22L - MIR2113	ENSG00000146263	ENSG00000238367		602309	138998	rs12189679-?	rs12189679	0	12189679	intron_variant	1	NR	3E-8	7.522878745280337		0.067	[0.044-0.09] unit increase	Illumina [6108828] (imputed)	N	coffee consumption measurement	http://www.ebi.ac.uk/efo/EFO_0006781	GCST009801	Genome-wide genotyping array
2020-03-31	31959922	Matoba N	2020-01-20	Nat Hum Behav	www.ncbi.nlm.nih.gov/pubmed/31959922	GWAS of 165,084 Japanese individuals identified nine loci associated with dietary habits.	Coffee consumption	152,634 Japanese ancestry individuals	NA	7q11.23	7	73611821	MLXIPL	MLXIPL			ENSG00000009950			rs13234378-?	rs13234378	0	13234378	intron_variant	0	NR	2E-8	7.698970004336019		0.108	[0.072-0.144] unit increase	Illumina [6108828] (imputed)	N	coffee consumption measurement	http://www.ebi.ac.uk/efo/EFO_0006781	GCST009801	Genome-wide genotyping array
2020-03-31	31959922	Matoba N	2020-01-20	Nat Hum Behav	www.ncbi.nlm.nih.gov/pubmed/31959922	GWAS of 165,084 Japanese individuals identified nine loci associated with dietary habits.	Coffee consumption	152,634 Japanese ancestry individuals	NA	7q11.23	7	75982438	POR	POR			ENSG00000127948			rs3815455-?	rs3815455	0	3815455	intron_variant	0	NR	1E-8	8.0		0.067	[0.045-0.089] unit increase	Illumina [6108828] (imputed)	N	coffee consumption measurement	http://www.ebi.ac.uk/efo/EFO_0006781	GCST009801	Genome-wide genotyping array
2020-03-31	31959922	Matoba N	2020-01-20	Nat Hum Behav	www.ncbi.nlm.nih.gov/pubmed/31959922	GWAS of 165,084 Japanese individuals identified nine loci associated with dietary habits.	Coffee consumption	152,634 Japanese ancestry individuals	NA	11q23.3	11	116792991	APOE5	APOA5			ENSG00000110243			rs662799-?	rs662799	0	662799	regulatory_region_variant	0	NR	4E-8	7.3979400086720375		0.066	[0.043-0.089] unit increase	Illumina [6108828] (imputed)	N	coffee consumption measurement	http://www.ebi.ac.uk/efo/EFO_0006781	GCST009801	Genome-wide genotyping array
2020-03-31	31959922	Matoba N	2020-01-20	Nat Hum Behav	www.ncbi.nlm.nih.gov/pubmed/31959922	GWAS of 165,084 Japanese individuals identified nine loci associated with dietary habits.	Coffee consumption	152,634 Japanese ancestry individuals	NA	11p14.1	11	27658369	BDNF	BDNF-AS, BDNF			ENSG00000245573, ENSG00000176697			rs6265-?	rs6265	0	6265	missense_variant	0	NR	3E-6	5.522878745280337		0.054	[0.032-0.076] unit decrease	Illumina [6108828] (imputed)	N	coffee consumption measurement	http://www.ebi.ac.uk/efo/EFO_0006781	GCST009801	Genome-wide genotyping array
2020-03-31	31959922	Matoba N	2020-01-20	Nat Hum Behav	www.ncbi.nlm.nih.gov/pubmed/31959922	GWAS of 165,084 Japanese individuals identified nine loci associated with dietary habits.	Coffee consumption	152,634 Japanese ancestry individuals	NA	19q13.2	19	40908576	CYP2G1P, CYP2A7P2	CYP2B7P, CYP2B7P, CYP2G1P, CYP2G1P, CYP2A7P2			ENSG00000291083, ENSG00000256612, ENSG00000290611, ENSG00000130612, ENSG00000198251			rs72480748-?	rs72480748	0	72480748	non_coding_transcript_exon_variant	0	NR	9E-8	7.045757490560675		0.076	[0.049-0.103] unit increase	Illumina [6108828] (imputed)	N	coffee consumption measurement	http://www.ebi.ac.uk/efo/EFO_0006781	GCST009801	Genome-wide genotyping array
2020-03-31	31959922	Matoba N	2020-01-20	Nat Hum Behav	www.ncbi.nlm.nih.gov/pubmed/31959922	GWAS of 165,084 Japanese individuals identified nine loci associated with dietary habits.	Coffee consumption	152,634 Japanese ancestry individuals	NA	7p21.1	7	17523235	LOC101927630	LINC02889			ENSG00000236039			rs1349140-?	rs1349140	0	1349140	intron_variant	0	NR	2E-18	17.69897000433602	(conditioned on rs4410790)	0.155	[0.12-0.19] unit increase	Illumina [6108828] (imputed)	N	coffee consumption measurement	http://www.ebi.ac.uk/efo/EFO_0006781	GCST009801	Genome-wide genotyping array
2020-03-31	31959922	Matoba N	2020-01-20	Nat Hum Behav	www.ncbi.nlm.nih.gov/pubmed/31959922	GWAS of 165,084 Japanese individuals identified nine loci associated with dietary habits.	Coffee consumption	152,634 Japanese ancestry individuals	NA	7p21.1	7	17406082	LOC102659288	LINC02889, LINC02888			ENSG00000236039, ENSG00000236318			rs10259316-?	rs10259316	0	10259316	intron_variant	0	NR	5E-17	16.30102999566398	(conditioned on rs4410790, rs1349140)	0.109	[0.084-0.134] unit decrease	Illumina [6108828] (imputed)	N	coffee consumption measurement	http://www.ebi.ac.uk/efo/EFO_0006781	GCST009801	Genome-wide genotyping array
2020-03-31	31959922	Matoba N	2020-01-20	Nat Hum Behav	www.ncbi.nlm.nih.gov/pubmed/31959922	GWAS of 165,084 Japanese individuals identified nine loci associated with dietary habits.	Coffee consumption	152,634 Japanese ancestry individuals	NA	7q11.23	7	76053012	MDH2	MDH2			ENSG00000146701			rs3779420-?	rs3779420	0	3779420	intron_variant	0	NR	2E-9	8.698970004336019	(conditioned on rs3815455)	0.203	[0.14-0.27] unit decrease	Illumina [6108828] (imputed)	N	coffee consumption measurement	http://www.ebi.ac.uk/efo/EFO_0006781	GCST009801	Genome-wide genotyping array
2022-08-30	32193382	Cole JB	2020-03-19	Nat Commun	www.ncbi.nlm.nih.gov/pubmed/32193382	Comprehensive genomic analysis of dietary habits in UK Biobank identifies hundreds of genetic associations.	Coffee consumption (cups per day)	448,204 European ancestry individuals	NA	15q24.2	15	75796711		DNM1P49 - UBE2Q2	ENSG00000261820	ENSG00000140367		4028	46596	rs112252316-C	rs112252316	0	112252316	intergenic_variant	1	0.940615	1E-16	16.0		0.0382196	[0.029-0.047] unit decrease	NR [NR] (imputed)	N	coffee consumption measurement	http://www.ebi.ac.uk/efo/EFO_0006781	GCST90132984	Genome-wide genotyping array
2022-08-30	32193382	Cole JB	2020-03-19	Nat Commun	www.ncbi.nlm.nih.gov/pubmed/32193382	Comprehensive genomic analysis of dietary habits in UK Biobank identifies hundreds of genetic associations.	Coffee consumption (cups per day)	448,204 European ancestry individuals	NA	20q13.12	20	47195944		EYA2 - ZMYND8	ENSG00000064655	ENSG00000101040		7100	13270	rs34772466-A	rs34772466	0	34772466	intergenic_variant	1	0.631173	1E-12	12.0		0.0154144	[0.011-0.02] unit decrease	NR [NR] (imputed)	N	coffee consumption measurement	http://www.ebi.ac.uk/efo/EFO_0006781	GCST90132984	Genome-wide genotyping array
2022-08-30	32193382	Cole JB	2020-03-19	Nat Commun	www.ncbi.nlm.nih.gov/pubmed/32193382	Comprehensive genomic analysis of dietary habits in UK Biobank identifies hundreds of genetic associations.	Coffee consumption (cups per day)	448,204 European ancestry individuals	NA	5p15.31	5	7391349		LINC02142			ENSG00000223597			rs12514566-G	rs12514566	0	12514566	regulatory_region_variant	0	0.663168	5E-11	10.301029995663981		0.0146071	[0.01-0.019] unit increase	NR [NR] (imputed)	N	coffee consumption measurement	http://www.ebi.ac.uk/efo/EFO_0006781	GCST90132984	Genome-wide genotyping array
2022-08-30	32193382	Cole JB	2020-03-19	Nat Commun	www.ncbi.nlm.nih.gov/pubmed/32193382	Comprehensive genomic analysis of dietary habits in UK Biobank identifies hundreds of genetic associations.	Coffee consumption (cups per day)	448,204 European ancestry individuals	NA	1q25.2	1	177892222		LINC01741 - SEC16B	ENSG00000236720	ENSG00000120341		179947	31734	rs661691-G	rs661691	0	661691	intron_variant	1	0.790017	3E-10	9.522878745280337		0.0159559	[0.011-0.021] unit decrease	NR [NR] (imputed)	N	coffee consumption measurement	http://www.ebi.ac.uk/efo/EFO_0006781	GCST90132984	Genome-wide genotyping array
2022-08-30	32193382	Cole JB	2020-03-19	Nat Commun	www.ncbi.nlm.nih.gov/pubmed/32193382	Comprehensive genomic analysis of dietary habits in UK Biobank identifies hundreds of genetic associations.	Coffee consumption (cups per day)	448,204 European ancestry individuals	NA	17q21.32	17	48072783		CBX1			ENSG00000108468			rs35841265-C	rs35841265	0	35841265	intron_variant	0	0.756942	2E-10	9.698970004336019		0.015647	[0.011-0.02] unit increase	NR [NR] (imputed)	N	coffee consumption measurement	http://www.ebi.ac.uk/efo/EFO_0006781	GCST90132984	Genome-wide genotyping array
2022-08-30	32193382	Cole JB	2020-03-19	Nat Commun	www.ncbi.nlm.nih.gov/pubmed/32193382	Comprehensive genomic analysis of dietary habits in UK Biobank identifies hundreds of genetic associations.	Coffee consumption (cups per day)	448,204 European ancestry individuals	NA	16q22.2	16	70893175		HYDIN			ENSG00000157423			rs8056750-C	rs8056750	0	8056750	intron_variant	0	0.640137	6E-10	9.221848749616356		0.0140255	[0.0096-0.0184] unit decrease	NR [NR] (imputed)	N	coffee consumption measurement	http://www.ebi.ac.uk/efo/EFO_0006781	GCST90132984	Genome-wide genotyping array
2022-08-30	32193382	Cole JB	2020-03-19	Nat Commun	www.ncbi.nlm.nih.gov/pubmed/32193382	Comprehensive genomic analysis of dietary habits in UK Biobank identifies hundreds of genetic associations.	Coffee consumption (cups per day)	448,204 European ancestry individuals	NA	17p11.2	17	17807956		RAI1			ENSG00000108557			rs4925114-A	rs4925114	0	4925114	intron_variant	0	0.345352	2E-10	9.698970004336019		0.0141622	[0.0098-0.0185] unit decrease	NR [NR] (imputed)	N	coffee consumption measurement	http://www.ebi.ac.uk/efo/EFO_0006781	GCST90132984	Genome-wide genotyping array
2022-08-30	32193382	Cole JB	2020-03-19	Nat Commun	www.ncbi.nlm.nih.gov/pubmed/32193382	Comprehensive genomic analysis of dietary habits in UK Biobank identifies hundreds of genetic associations.	Coffee consumption (cups per day)	448,204 European ancestry individuals	NA	19q13.32	19	47065746		ZC3H4			ENSG00000130749			rs3810291-G	rs3810291	0	3810291	3_prime_UTR_variant	0	0.324067	4E-10	9.397940008672037		0.013878	[0.0095-0.0183] unit decrease	NR [NR] (imputed)	N	coffee consumption measurement	http://www.ebi.ac.uk/efo/EFO_0006781	GCST90132984	Genome-wide genotyping array
2022-08-30	32193382	Cole JB	2020-03-19	Nat Commun	www.ncbi.nlm.nih.gov/pubmed/32193382	Comprehensive genomic analysis of dietary habits in UK Biobank identifies hundreds of genetic associations.	Coffee consumption (cups per day)	448,204 European ancestry individuals	NA	8q23.1	8	108102198		RSPO2 - AURKBP1	ENSG00000147655	ENSG00000230948		18408	28902	rs13271359-C	rs13271359	0	13271359	intergenic_variant	1	0.740381	1E-9	9.0		0.0144948	[0.0098-0.0192] unit increase	NR [NR] (imputed)	N	coffee consumption measurement	http://www.ebi.ac.uk/efo/EFO_0006781	GCST90132984	Genome-wide genotyping array
2022-08-30	32193382	Cole JB	2020-03-19	Nat Commun	www.ncbi.nlm.nih.gov/pubmed/32193382	Comprehensive genomic analysis of dietary habits in UK Biobank identifies hundreds of genetic associations.	Coffee consumption (cups per day)	448,204 European ancestry individuals	NA	9p21.3	9	23713216		ELAVL2			ENSG00000107105			rs3829087-G	rs3829087	0	3829087	intron_variant	0	0.804994	5E-8	7.301029995663981		0.0142189	[0.009-0.0194] unit decrease	NR [NR] (imputed)	N	coffee consumption measurement	http://www.ebi.ac.uk/efo/EFO_0006781	GCST90132984	Genome-wide genotyping array
2022-08-30	32193382	Cole JB	2020-03-19	Nat Commun	www.ncbi.nlm.nih.gov/pubmed/32193382	Comprehensive genomic analysis of dietary habits in UK Biobank identifies hundreds of genetic associations.	Coffee consumption (cups per day)	448,204 European ancestry individuals	NA	17q24.2	17	67993845		C17orf58			ENSG00000186665			rs7502307-C	rs7502307	0	7502307	stop_gained	0	0.802166	2E-8	7.698970004336019		0.0148724	[0.0097-0.02] unit decrease	NR [NR] (imputed)	N	coffee consumption measurement	http://www.ebi.ac.uk/efo/EFO_0006781	GCST90132984	Genome-wide genotyping array
2022-08-30	32193382	Cole JB	2020-03-19	Nat Commun	www.ncbi.nlm.nih.gov/pubmed/32193382	Comprehensive genomic analysis of dietary habits in UK Biobank identifies hundreds of genetic associations.	Coffee consumption (cups per day)	448,204 European ancestry individuals	NA	5q34	5	164500079		LINC03000			ENSG00000241956			rs874573-A	rs874573	0	874573	intron_variant	0	0.761352	3E-8	7.522878745280337		0.0136508	[0.0088-0.0185] unit decrease	NR [NR] (imputed)	N	coffee consumption measurement	http://www.ebi.ac.uk/efo/EFO_0006781	GCST90132984	Genome-wide genotyping array
2022-08-30	32193382	Cole JB	2020-03-19	Nat Commun	www.ncbi.nlm.nih.gov/pubmed/32193382	Comprehensive genomic analysis of dietary habits in UK Biobank identifies hundreds of genetic associations.	Coffee consumption (cups per day)	448,204 European ancestry individuals	NA	11q12.1	11	56499854		OR5M8 - OR5M7P	ENSG00000181371	ENSG00000254490		8484	446	rs643017-T	rs643017	0	643017	intergenic_variant	1	0.687182	1E-8	8.0		0.0127637	[0.0083-0.0172] unit increase	NR [NR] (imputed)	N	coffee consumption measurement	http://www.ebi.ac.uk/efo/EFO_0006781	GCST90132984	Genome-wide genotyping array
2022-08-30	32193382	Cole JB	2020-03-19	Nat Commun	www.ncbi.nlm.nih.gov/pubmed/32193382	Comprehensive genomic analysis of dietary habits in UK Biobank identifies hundreds of genetic associations.	Coffee consumption (cups per day)	448,204 European ancestry individuals	NA	8q23.2	8	109557831		EBAG9			ENSG00000147654			rs2844232-A	rs2844232	0	2844232	intron_variant	0	0.373615	2E-8	7.698970004336019		0.0122471	[0.008-0.0165] unit increase	NR [NR] (imputed)	N	coffee consumption measurement	http://www.ebi.ac.uk/efo/EFO_0006781	GCST90132984	Genome-wide genotyping array
2022-08-30	32193382	Cole JB	2020-03-19	Nat Commun	www.ncbi.nlm.nih.gov/pubmed/32193382	Comprehensive genomic analysis of dietary habits in UK Biobank identifies hundreds of genetic associations.	Coffee consumption (cups per day)	448,204 European ancestry individuals	NA	6q21	6	108662324		FOXO3			ENSG00000118689			rs9398171-C	rs9398171	0	9398171	intron_variant	0	0.288993	2E-8	7.698970004336019		0.0128985	[0.0084-0.0174] unit decrease	NR [NR] (imputed)	N	coffee consumption measurement	http://www.ebi.ac.uk/efo/EFO_0006781	GCST90132984	Genome-wide genotyping array
2022-08-30	32193382	Cole JB	2020-03-19	Nat Commun	www.ncbi.nlm.nih.gov/pubmed/32193382	Comprehensive genomic analysis of dietary habits in UK Biobank identifies hundreds of genetic associations.	Coffee consumption (cups per day)	448,204 European ancestry individuals	NA	2p25.3	2	630070		LINC01875 - TMEM18	ENSG00000225942	ENSG00000151353		83395	33807	rs71415991-A	rs71415991	0	71415991	intergenic_variant	1	0.168857	1E-19	19.0		0.0253858	[0.02-0.031] unit decrease	NR [NR] (imputed)	N	coffee consumption measurement	http://www.ebi.ac.uk/efo/EFO_0006781	GCST90132984	Genome-wide genotyping array
2022-08-30	32193382	Cole JB	2020-03-19	Nat Commun	www.ncbi.nlm.nih.gov/pubmed/32193382	Comprehensive genomic analysis of dietary habits in UK Biobank identifies hundreds of genetic associations.	Coffee consumption (cups per day)	448,204 European ancestry individuals	NA	15q24.1	15	74735539		CYP1A1 - CYP1A2	ENSG00000140465	ENSG00000140505		10003	13256	rs2472297-C	rs2472297	0	2472297	intergenic_variant	1	0.736106	1E-182	182.0		0.0685684	[0.064-0.073] unit decrease	NR [NR] (imputed)	N	coffee consumption measurement	http://www.ebi.ac.uk/efo/EFO_0006781	GCST90132984	Genome-wide genotyping array
2022-08-30	32193382	Cole JB	2020-03-19	Nat Commun	www.ncbi.nlm.nih.gov/pubmed/32193382	Comprehensive genomic analysis of dietary habits in UK Biobank identifies hundreds of genetic associations.	Coffee consumption (cups per day)	448,204 European ancestry individuals	NA	7p21.1	7	17244953		AHR			ENSG00000106546			rs4410790-T	rs4410790	0	4410790	intron_variant	0	0.367517	1E-150	150.0		0.0568791	[0.053-0.061] unit decrease	NR [NR] (imputed)	N	coffee consumption measurement	http://www.ebi.ac.uk/efo/EFO_0006781	GCST90132984	Genome-wide genotyping array
2022-08-30	32193382	Cole JB	2020-03-19	Nat Commun	www.ncbi.nlm.nih.gov/pubmed/32193382	Comprehensive genomic analysis of dietary habits in UK Biobank identifies hundreds of genetic associations.	Coffee consumption (cups per day)	448,204 European ancestry individuals	NA	7q11.23	7	75985688		POR			ENSG00000127948			rs1057868-C	rs1057868	0	1057868	missense_variant	0	0.715245	5E-36	35.30102999566398		0.0290606	[0.025-0.034] unit decrease	NR [NR] (imputed)	N	coffee consumption measurement	http://www.ebi.ac.uk/efo/EFO_0006781	GCST90132984	Genome-wide genotyping array
2022-08-30	32193382	Cole JB	2020-03-19	Nat Commun	www.ncbi.nlm.nih.gov/pubmed/32193382	Comprehensive genomic analysis of dietary habits in UK Biobank identifies hundreds of genetic associations.	Coffee consumption (cups per day)	448,204 European ancestry individuals	NA											chr15:75545862-TA	chr15:75545862	0			1	0.744178	9E-35	34.045757490560675		0.0309155	[0.026-0.036] unit decrease	NR [NR] (imputed)	N	coffee consumption measurement	http://www.ebi.ac.uk/efo/EFO_0006781	GCST90132984	Genome-wide genotyping array
2022-08-30	32193382	Cole JB	2020-03-19	Nat Commun	www.ncbi.nlm.nih.gov/pubmed/32193382	Comprehensive genomic analysis of dietary habits in UK Biobank identifies hundreds of genetic associations.	Coffee consumption (cups per day)	448,204 European ancestry individuals	NA	7q11.23	7	73623626		MLXIPL			ENSG00000009950			rs34060476-A	rs34060476	0	34060476	intron_variant	0	0.866339	2E-23	22.69897000433602		0.0309338	[0.025-0.037] unit decrease	NR [NR] (imputed)	N	coffee consumption measurement	http://www.ebi.ac.uk/efo/EFO_0006781	GCST90132984	Genome-wide genotyping array
2022-08-30	32193382	Cole JB	2020-03-19	Nat Commun	www.ncbi.nlm.nih.gov/pubmed/32193382	Comprehensive genomic analysis of dietary habits in UK Biobank identifies hundreds of genetic associations.	Coffee consumption (cups per day)	448,204 European ancestry individuals	NA	19q13.2	19	40847202		CYP2A6			ENSG00000255974			rs56113850-T	rs56113850	0	56113850	intron_variant	0	0.422202	8E-19	18.096910013008056		0.0186901	[0.015-0.023] unit decrease	NR [NR] (imputed)	N	coffee consumption measurement	http://www.ebi.ac.uk/efo/EFO_0006781	GCST90132984	Genome-wide genotyping array
2022-08-30	32193382	Cole JB	2020-03-19	Nat Commun	www.ncbi.nlm.nih.gov/pubmed/32193382	Comprehensive genomic analysis of dietary habits in UK Biobank identifies hundreds of genetic associations.	Coffee consumption (cups per day)	448,204 European ancestry individuals	NA											chr12:11271915-CA	chr12:11271915	0			1	0.159969	2E-16	15.698970004336019		0.0240091	[0.018-0.03] unit increase	NR [NR] (imputed)	N	coffee consumption measurement	http://www.ebi.ac.uk/efo/EFO_0006781	GCST90132984	Genome-wide genotyping array
2022-08-30	32193382	Cole JB	2020-03-19	Nat Commun	www.ncbi.nlm.nih.gov/pubmed/32193382	Comprehensive genomic analysis of dietary habits in UK Biobank identifies hundreds of genetic associations.	Coffee type: Decaffeinated coffee (any type) (UKB data field 1508_1)	353,710 European ancestry individuals	NA	2q14.3	2	125412166		RNU6-259P - LINC01941	ENSG00000206726	ENSG00000226813		422841	697595	rs13398843-C	rs13398843	0	13398843	intergenic_variant	1	0.875545	4E-11	10.397940008672037		0.0239866	[0.017-0.031] unit increase	NR [NR] (imputed)	N	coffee consumption measurement	http://www.ebi.ac.uk/efo/EFO_0006781	GCST90132974	Genome-wide genotyping array
2022-08-30	32193382	Cole JB	2020-03-19	Nat Commun	www.ncbi.nlm.nih.gov/pubmed/32193382	Comprehensive genomic analysis of dietary habits in UK Biobank identifies hundreds of genetic associations.	Coffee type: Decaffeinated coffee (any type) (UKB data field 1508_1)	353,710 European ancestry individuals	NA	2p12	2	80111576		CTNNA2			ENSG00000066032			rs993992-G	rs993992	0	993992	intron_variant	0	0.650599	7E-9	8.154901959985743		0.014506	[0.0096-0.0194] unit increase	NR [NR] (imputed)	N	coffee consumption measurement	http://www.ebi.ac.uk/efo/EFO_0006781	GCST90132974	Genome-wide genotyping array
2022-08-30	32193382	Cole JB	2020-03-19	Nat Commun	www.ncbi.nlm.nih.gov/pubmed/32193382	Comprehensive genomic analysis of dietary habits in UK Biobank identifies hundreds of genetic associations.	Coffee type: Decaffeinated coffee (any type) (UKB data field 1508_1)	353,710 European ancestry individuals	NA	1p31.3	1	61214594		NFIA			ENSG00000162599			rs182823-C	rs182823	0	182823	intron_variant	0	0.427758	1E-9	9.0		0.0150004	[0.01-0.02] unit decrease	NR [NR] (imputed)	N	coffee consumption measurement	http://www.ebi.ac.uk/efo/EFO_0006781	GCST90132974	Genome-wide genotyping array
2022-08-30	32193382	Cole JB	2020-03-19	Nat Commun	www.ncbi.nlm.nih.gov/pubmed/32193382	Comprehensive genomic analysis of dietary habits in UK Biobank identifies hundreds of genetic associations.	Coffee type: Decaffeinated coffee (any type) (UKB data field 1508_1)	353,710 European ancestry individuals	NA	4q32.1	4	158940560		SPMIP2			ENSG00000164123			rs71587491-C	rs71587491	0	71587491	intron_variant	0	0.353571	5E-9	8.301029995663981		0.0146562	[0.0097-0.0196] unit decrease	NR [NR] (imputed)	N	coffee consumption measurement	http://www.ebi.ac.uk/efo/EFO_0006781	GCST90132974	Genome-wide genotyping array
2022-08-30	32193382	Cole JB	2020-03-19	Nat Commun	www.ncbi.nlm.nih.gov/pubmed/32193382	Comprehensive genomic analysis of dietary habits in UK Biobank identifies hundreds of genetic associations.	Coffee type: Decaffeinated coffee (any type) (UKB data field 1508_1)	353,710 European ancestry individuals	NA	12p11.21	12	32329102		BICD1			ENSG00000151746			rs770004909-A	rs770004909	0	770004909	intron_variant	0	0.801909	5E-8	7.301029995663981		0.0165318	[0.011-0.023] unit decrease	NR [NR] (imputed)	N	coffee consumption measurement	http://www.ebi.ac.uk/efo/EFO_0006781	GCST90132974	Genome-wide genotyping array
2022-08-30	32193382	Cole JB	2020-03-19	Nat Commun	www.ncbi.nlm.nih.gov/pubmed/32193382	Comprehensive genomic analysis of dietary habits in UK Biobank identifies hundreds of genetic associations.	Coffee type: Decaffeinated coffee (any type) (UKB data field 1508_1)	353,710 European ancestry individuals	NA	5q11.2	5	53503347		FST - NDUFS4	ENSG00000134363	ENSG00000164258		16213	57286	rs6450140-C	rs6450140	0	6450140	intergenic_variant	1	0.800814	1E-8	8.0		0.0172776	[0.011-0.023] unit increase	NR [NR] (imputed)	N	coffee consumption measurement	http://www.ebi.ac.uk/efo/EFO_0006781	GCST90132974	Genome-wide genotyping array
2022-08-30	32193382	Cole JB	2020-03-19	Nat Commun	www.ncbi.nlm.nih.gov/pubmed/32193382	Comprehensive genomic analysis of dietary habits in UK Biobank identifies hundreds of genetic associations.	Coffee type: Decaffeinated coffee (any type) (UKB data field 1508_1)	353,710 European ancestry individuals	NA	3q26.1	3	161346405		SPTSSB			ENSG00000196542			rs339101-A	rs339101	0	339101	intron_variant	0	0.516017	2E-8	7.698970004336019		0.0135514	[0.0088-0.0183] unit decrease	NR [NR] (imputed)	N	coffee consumption measurement	http://www.ebi.ac.uk/efo/EFO_0006781	GCST90132974	Genome-wide genotyping array
2022-08-30	32193382	Cole JB	2020-03-19	Nat Commun	www.ncbi.nlm.nih.gov/pubmed/32193382	Comprehensive genomic analysis of dietary habits in UK Biobank identifies hundreds of genetic associations.	Coffee type: Decaffeinated coffee (any type) (UKB data field 1508_1)	353,710 European ancestry individuals	NA	1p33	1	46399715		FAAH			ENSG00000117480			rs324416-A	rs324416	0	324416	intron_variant	0	0.170866	4E-8	7.3979400086720375		0.0175562	[0.011-0.024] unit increase	NR [NR] (imputed)	N	coffee consumption measurement	http://www.ebi.ac.uk/efo/EFO_0006781	GCST90132974	Genome-wide genotyping array
2022-08-30	32193382	Cole JB	2020-03-19	Nat Commun	www.ncbi.nlm.nih.gov/pubmed/32193382	Comprehensive genomic analysis of dietary habits in UK Biobank identifies hundreds of genetic associations.	Coffee type: Decaffeinated coffee (any type) (UKB data field 1508_1)	353,710 European ancestry individuals	NA	12q24.31	12	124341916		NCOR2			ENSG00000196498			rs2229840-C	rs2229840	0	2229840	missense_variant	0	0.839561	8E-9	8.096910013008056		0.0186419	[0.012-0.025] unit decrease	NR [NR] (imputed)	N	coffee consumption measurement	http://www.ebi.ac.uk/efo/EFO_0006781	GCST90132974	Genome-wide genotyping array
2022-08-30	32193382	Cole JB	2020-03-19	Nat Commun	www.ncbi.nlm.nih.gov/pubmed/32193382	Comprehensive genomic analysis of dietary habits in UK Biobank identifies hundreds of genetic associations.	Ground coffee consumption	353,710 European ancestry individuals	NA	4p16.1	4	7525678		SORCS2			ENSG00000184985			rs112764911-A	rs112764911	0	112764911	intron_variant	0	0.942329	2E-9	8.698970004336019		0.0305358	[0.021-0.04] unit increase	NR [NR] (imputed)	N	coffee consumption measurement	http://www.ebi.ac.uk/efo/EFO_0006781	GCST90132976	Genome-wide genotyping array
2017-03-31	27702941	Cornelis MC	2016-10-03	Hum Mol Genet	www.ncbi.nlm.nih.gov/pubmed/27702941	Genome-wide association study of caffeine metabolites provides new insights to caffeine metabolism and dietary caffeine-consumption behavior.	Caffeine metabolism (plasma 1,7-dimethylxanthine (paraxanthine) level)	5,353 European ancestry individuals	833 European ancestry individuals	6p23	6	14161203	NR	RNU7-133P - LINC01108	ENSG00000238987	ENSG00000226673		4680	118924	rs62391270-T	rs62391270	0	62391270	intron_variant	1	0.82	3E-8	7.522878745280337		5.54	Z score decrease	Illumina [~ 31000000] (imputed)	N	caffeine metabolite measurement	http://www.ebi.ac.uk/efo/EFO_0007872	GCST003847	Genome-wide genotyping array
2017-03-31	27702941	Cornelis MC	2016-10-03	Hum Mol Genet	www.ncbi.nlm.nih.gov/pubmed/27702941	Genome-wide association study of caffeine metabolites provides new insights to caffeine metabolism and dietary caffeine-consumption behavior.	Caffeine metabolism (plasma 1,7-dimethylxanthine (paraxanthine) to 1,3,7-trimethylxanthine (caffeine) ratio)	5,323 European ancestry individuals	824 European ancestry individuals	7p21.1	7	17345883	AHR	AHR			ENSG00000106546			rs11400459-A	rs11400459	0	11400459	3_prime_UTR_variant	0	0.64	5E-10	9.301029995663981		6.23	Z-score increase	Illumina [~ 31000000] (imputed)	N	caffeine metabolite measurement	http://www.ebi.ac.uk/efo/EFO_0007872	GCST003851	Genome-wide genotyping array
2017-03-31	27702941	Cornelis MC	2016-10-03	Hum Mol Genet	www.ncbi.nlm.nih.gov/pubmed/27702941	Genome-wide association study of caffeine metabolites provides new insights to caffeine metabolism and dietary caffeine-consumption behavior.	Caffeine metabolism (plasma 3,7-dimethylxanthine (theobromine) level)	8,911 European ancestry individuals	824 European ancestry individuals	19q13.2	19	40847202	CYP2A6, NUMBL, ADCK4, ITPKC, SNRPA, MIA	CYP2A6			ENSG00000255974			rs56113850-T	rs56113850	0	56113850	intron_variant	0	0.43	4E-6	5.3979400086720375		4.59	Z-score increase	Illumina [~ 31000000] (imputed)	N	caffeine metabolite measurement	http://www.ebi.ac.uk/efo/EFO_0007872	GCST003849	Genome-wide genotyping array
2017-03-31	27702941	Cornelis MC	2016-10-03	Hum Mol Genet	www.ncbi.nlm.nih.gov/pubmed/27702941	Genome-wide association study of caffeine metabolites provides new insights to caffeine metabolism and dietary caffeine-consumption behavior.	Caffeine metabolism (plasma 1,7-dimethylxanthine (paraxanthine) to 1,3,7-trimethylxanthine (caffeine) ratio)	5,323 European ancestry individuals	824 European ancestry individuals	15q24.1	15	74490015	ARID3B, CLK3, EDC3, CYP1A1	UBL7-DT			ENSG00000247240			rs12909047-A	rs12909047	0	12909047	intron_variant	0	0.51	3E-7	6.522878745280337		5.15	Z-score increase	Illumina [~ 31000000] (imputed)	N	caffeine metabolite measurement	http://www.ebi.ac.uk/efo/EFO_0007872	GCST003851	Genome-wide genotyping array
2017-03-31	27702941	Cornelis MC	2016-10-03	Hum Mol Genet	www.ncbi.nlm.nih.gov/pubmed/27702941	Genome-wide association study of caffeine metabolites provides new insights to caffeine metabolism and dietary caffeine-consumption behavior.	Caffeine metabolism (plasma 1,7-dimethylxanthine (paraxanthine) to 1,3,7-trimethylxanthine (caffeine) ratio)	5,323 European ancestry individuals	824 European ancestry individuals	15q24.1	15	74525348	ARID3B, CLK3, EDC3, CYP1A1	UBL7-DT - ARID3B	ENSG00000247240	ENSG00000179361		8389	15840	rs35107470-A	rs35107470	0	35107470	intergenic_variant	1	0.68	3E-14	13.522878745280337		7.58	Z-score decrease	Illumina [~ 31000000] (imputed)	N	caffeine metabolite measurement	http://www.ebi.ac.uk/efo/EFO_0007872	GCST003851	Genome-wide genotyping array
2017-03-31	27702941	Cornelis MC	2016-10-03	Hum Mol Genet	www.ncbi.nlm.nih.gov/pubmed/27702941	Genome-wide association study of caffeine metabolites provides new insights to caffeine metabolism and dietary caffeine-consumption behavior.	Caffeine metabolism (plasma 1,3,7-trimethylxanthine (caffeine) level)	9,054 European ancestry individuals	822 European ancestry individuals	7p21.1	7	17285000	AHR	AHR			ENSG00000106546			rs2892838-A	rs2892838	0	2892838	intron_variant	0	0.56	5E-6	5.301029995663981		4.55	Z-score decrease	Illumina [~ 31000000] (imputed)	N	caffeine metabolite measurement	http://www.ebi.ac.uk/efo/EFO_0007872	GCST003846	Genome-wide genotyping array
2017-03-31	27702941	Cornelis MC	2016-10-03	Hum Mol Genet	www.ncbi.nlm.nih.gov/pubmed/27702941	Genome-wide association study of caffeine metabolites provides new insights to caffeine metabolism and dietary caffeine-consumption behavior.	Caffeine metabolism (plasma 1,3,7-trimethylxanthine (caffeine) level)	9,054 European ancestry individuals	822 European ancestry individuals	7p21.1	7	17345883	AHR	AHR			ENSG00000106546			rs11400459-A	rs11400459	0	11400459	3_prime_UTR_variant	0	0.64	6E-6	5.221848749616356		4.52	Z-score decrease	Illumina [~ 31000000] (imputed)	N	caffeine metabolite measurement	http://www.ebi.ac.uk/efo/EFO_0007872	GCST003846	Genome-wide genotyping array
2017-03-31	27702941	Cornelis MC	2016-10-03	Hum Mol Genet	www.ncbi.nlm.nih.gov/pubmed/27702941	Genome-wide association study of caffeine metabolites provides new insights to caffeine metabolism and dietary caffeine-consumption behavior.	Caffeine metabolism (plasma 1,3,7-trimethylxanthine (caffeine) level)	9,054 European ancestry individuals	822 European ancestry individuals	7p21.1	7	17357123	AHR	AHR - SNORA63	ENSG00000106546	ENSG00000199552		10971	16078	rs10683220-G	rs10683220	0	10683220	intron_variant	1	0.63	2E-6	5.698970004336019		4.7	Z-score decrease	Illumina [~ 31000000] (imputed)	N	caffeine metabolite measurement	http://www.ebi.ac.uk/efo/EFO_0007872	GCST003846	Genome-wide genotyping array
2017-03-31	27702941	Cornelis MC	2016-10-03	Hum Mol Genet	www.ncbi.nlm.nih.gov/pubmed/27702941	Genome-wide association study of caffeine metabolites provides new insights to caffeine metabolism and dietary caffeine-consumption behavior.	Caffeine metabolism (plasma 1,3,7-trimethylxanthine (caffeine) level)	9,054 European ancestry individuals	822 European ancestry individuals	15q24.1	15	74490015	ARID3B, CLK3, EDC3, CYP1A1	UBL7-DT			ENSG00000247240			rs12909047-A	rs12909047	0	12909047	intron_variant	0	0.51	1E-11	11.0		6.77	Z-score decrease	Illumina [~ 31000000] (imputed)	N	caffeine metabolite measurement	http://www.ebi.ac.uk/efo/EFO_0007872	GCST003846	Genome-wide genotyping array
2017-03-31	27702941	Cornelis MC	2016-10-03	Hum Mol Genet	www.ncbi.nlm.nih.gov/pubmed/27702941	Genome-wide association study of caffeine metabolites provides new insights to caffeine metabolism and dietary caffeine-consumption behavior.	Caffeine metabolism (plasma 1,3,7-trimethylxanthine (caffeine) level)	9,054 European ancestry individuals	822 European ancestry individuals	15q24.1	15	74525348	ARID3B, CLK3, EDC3, CYP1A1	UBL7-DT - ARID3B	ENSG00000247240	ENSG00000179361		8389	15840	rs35107470-A	rs35107470	0	35107470	intergenic_variant	1	0.68	2E-16	15.698970004336019		8.2	Z-score increase	Illumina [~ 31000000] (imputed)	N	caffeine metabolite measurement	http://www.ebi.ac.uk/efo/EFO_0007872	GCST003846	Genome-wide genotyping array
2017-03-31	27702941	Cornelis MC	2016-10-03	Hum Mol Genet	www.ncbi.nlm.nih.gov/pubmed/27702941	Genome-wide association study of caffeine metabolites provides new insights to caffeine metabolism and dietary caffeine-consumption behavior.	Caffeine metabolism (plasma 1,3,7-trimethylxanthine (caffeine) level)	9,054 European ancestry individuals	822 European ancestry individuals	15q24.1	15	74598640	ARID3B, CLK3, EDC3, CYP1A1	CLK3			ENSG00000179335			rs62005807-C	rs62005807	0	62005807	regulatory_region_variant	0	0.11	3E-9	8.522878745280337		5.92	Z-score decrease	Illumina [~ 31000000] (imputed)	N	caffeine metabolite measurement	http://www.ebi.ac.uk/efo/EFO_0007872	GCST003846	Genome-wide genotyping array
2017-03-31	27702941	Cornelis MC	2016-10-03	Hum Mol Genet	www.ncbi.nlm.nih.gov/pubmed/27702941	Genome-wide association study of caffeine metabolites provides new insights to caffeine metabolism and dietary caffeine-consumption behavior.	Caffeine metabolism (plasma 1,7-dimethylxanthine (paraxanthine) to 1,3,7-trimethylxanthine (caffeine) ratio)	5,323 European ancestry individuals	824 European ancestry individuals	19q13.2	19	40826266	CYP2A6, NUMBL, ADCK4, ITPKC, SNRPA, MIA	CYP2F2P			ENSG00000237118			rs78011401-T	rs78011401	0	78011401	non_coding_transcript_exon_variant	0	0.31	8E-9	8.096910013008056		5.78	Z-score decrease	Illumina [~ 31000000] (imputed)	N	caffeine metabolite measurement	http://www.ebi.ac.uk/efo/EFO_0007872	GCST003851	Genome-wide genotyping array
2017-03-31	27702941	Cornelis MC	2016-10-03	Hum Mol Genet	www.ncbi.nlm.nih.gov/pubmed/27702941	Genome-wide association study of caffeine metabolites provides new insights to caffeine metabolism and dietary caffeine-consumption behavior.	Caffeine metabolism (plasma 1,3,7-trimethylxanthine (caffeine) level)	9,054 European ancestry individuals	822 European ancestry individuals	15q24.1	15	74735539	ARID3B, CLK3, EDC3, CYP1A1	CYP1A1 - CYP1A2	ENSG00000140465	ENSG00000140505		10003	13256	rs2472297-T	rs2472297	0	2472297	intergenic_variant	1	0.27	1E-20	20.0		9.34	Z-score decrease	Illumina [~ 31000000] (imputed)	N	caffeine metabolite measurement	http://www.ebi.ac.uk/efo/EFO_0007872	GCST003846	Genome-wide genotyping array
2017-03-31	27702941	Cornelis MC	2016-10-03	Hum Mol Genet	www.ncbi.nlm.nih.gov/pubmed/27702941	Genome-wide association study of caffeine metabolites provides new insights to caffeine metabolism and dietary caffeine-consumption behavior.	Caffeine metabolism (plasma 1,3-dimethylxanthine (theophylline) level)	5,261 European ancestry individuals	826 European ancestry individuals	15q24.1	15	74727108	ARID3B, CLK3, EDC3, CYP1A1	CYP1A1 - CYP1A2	ENSG00000140465	ENSG00000140505		1572	21687	rs2470893-T	rs2470893	0	2470893	intergenic_variant	1	0.33	1E-7	7.0		5.3	Z-score decrease	Illumina [~ 31000000] (imputed)	N	caffeine metabolite measurement	http://www.ebi.ac.uk/efo/EFO_0007872	GCST003848	Genome-wide genotyping array
2017-03-31	27702941	Cornelis MC	2016-10-03	Hum Mol Genet	www.ncbi.nlm.nih.gov/pubmed/27702941	Genome-wide association study of caffeine metabolites provides new insights to caffeine metabolism and dietary caffeine-consumption behavior.	Caffeine metabolism (plasma 1,3-dimethylxanthine (theophylline) level)	5,261 European ancestry individuals	826 European ancestry individuals	15q24.1	15	74490015	CLK3, ARID3B, EDC3, CYP1A1	UBL7-DT			ENSG00000247240			rs12909047-A	rs12909047	0	12909047	intron_variant	0	0.51	1E-8	8.0		5.7	Z-score decrease	Illumina [~ 31000000] (imputed)	N	caffeine metabolite measurement	http://www.ebi.ac.uk/efo/EFO_0007872	GCST003848	Genome-wide genotyping array
2017-03-31	27702941	Cornelis MC	2016-10-03	Hum Mol Genet	www.ncbi.nlm.nih.gov/pubmed/27702941	Genome-wide association study of caffeine metabolites provides new insights to caffeine metabolism and dietary caffeine-consumption behavior.	Caffeine metabolism (plasma 1,3-dimethylxanthine (theophylline) level)	5,261 European ancestry individuals	826 European ancestry individuals	15q24.1	15	74525348	ARID3B, CLK3, EDC3, CYP1A1	UBL7-DT - ARID3B	ENSG00000247240	ENSG00000179361		8389	15840	rs35107470-A	rs35107470	0	35107470	intergenic_variant	1	0.68	2E-7	6.698970004336019		5.18	Z-score increase	Illumina [~ 31000000] (imputed)	N	caffeine metabolite measurement	http://www.ebi.ac.uk/efo/EFO_0007872	GCST003848	Genome-wide genotyping array
2017-03-31	27702941	Cornelis MC	2016-10-03	Hum Mol Genet	www.ncbi.nlm.nih.gov/pubmed/27702941	Genome-wide association study of caffeine metabolites provides new insights to caffeine metabolism and dietary caffeine-consumption behavior.	Caffeine metabolism (plasma 1,7-dimethylxanthine (paraxanthine) to 1,3,7-trimethylxanthine (caffeine) ratio)	5,323 European ancestry individuals	824 European ancestry individuals	19q13.2	19	40848553	CYP2A6, NUMBL, ADCK4, ITPKC, SNRPA, MIA	CYP2A6			ENSG00000255974			rs28399442-A	rs28399442	0	28399442	missense_variant	0	0.02	9E-11	10.045757490560675		6.48	Z-score increase	Illumina [~ 31000000] (imputed)	N	caffeine metabolite measurement	http://www.ebi.ac.uk/efo/EFO_0007872	GCST003851	Genome-wide genotyping array
2017-03-31	27702941	Cornelis MC	2016-10-03	Hum Mol Genet	www.ncbi.nlm.nih.gov/pubmed/27702941	Genome-wide association study of caffeine metabolites provides new insights to caffeine metabolism and dietary caffeine-consumption behavior.	Caffeine metabolism (plasma 1,7-dimethylxanthine (paraxanthine) to 1,3,7-trimethylxanthine (caffeine) ratio)	5,323 European ancestry individuals	824 European ancestry individuals	19q13.2	19	40851552	CYP2A6, NUMBL, ADCK4, ITPKC, SNRPA, MIA	CYP2A6 - CYP2A7	ENSG00000255974	ENSG00000198077		1102	23880	rs67210567-T	rs67210567	0	67210567	intron_variant	1	0.02	3E-9	8.522878745280337		5.94	Z-score increase	Illumina [~ 31000000] (imputed)	N	caffeine metabolite measurement	http://www.ebi.ac.uk/efo/EFO_0007872	GCST003851	Genome-wide genotyping array
2017-03-31	27702941	Cornelis MC	2016-10-03	Hum Mol Genet	www.ncbi.nlm.nih.gov/pubmed/27702941	Genome-wide association study of caffeine metabolites provides new insights to caffeine metabolism and dietary caffeine-consumption behavior.	Caffeine metabolism (plasma 1,7-dimethylxanthine (paraxanthine) to 1,3,7-trimethylxanthine (caffeine) ratio)	5,323 European ancestry individuals	824 European ancestry individuals	19q13.2	19	40855668	NUMBL, CYP2A6, ADCK4, ITPKC, SNRPA, MIA	CYP2A6 - CYP2A7	ENSG00000255974	ENSG00000198077		5218	19764	rs5828081-AT	rs5828081	0	5828081	intron_variant	1	0.66	5E-12	11.301029995663981		6.92	Z-score decrease	Illumina [~ 31000000] (imputed)	N	caffeine metabolite measurement	http://www.ebi.ac.uk/efo/EFO_0007872	GCST003851	Genome-wide genotyping array
2017-03-31	27702941	Cornelis MC	2016-10-03	Hum Mol Genet	www.ncbi.nlm.nih.gov/pubmed/27702941	Genome-wide association study of caffeine metabolites provides new insights to caffeine metabolism and dietary caffeine-consumption behavior.	Caffeine metabolism (plasma 1,7-dimethylxanthine (paraxanthine) to 1,3,7-trimethylxanthine (caffeine) ratio)	5,323 European ancestry individuals	824 European ancestry individuals	19q13.2	19	40882835	CYP2A6, NUMBL, ADCK4, ITPKC, SNRPA, MIA	CYP2A7 - CYP2G1P	ENSG00000198077	ENSG00000130612		83	7991	rs28602288-T	rs28602288	0	28602288	intron_variant	1	0.65	1E-8	8.0		5.72	Z-score decrease	Illumina [~ 31000000] (imputed)	N	caffeine metabolite measurement	http://www.ebi.ac.uk/efo/EFO_0007872	GCST003851	Genome-wide genotyping array
2017-03-31	27702941	Cornelis MC	2016-10-03	Hum Mol Genet	www.ncbi.nlm.nih.gov/pubmed/27702941	Genome-wide association study of caffeine metabolites provides new insights to caffeine metabolism and dietary caffeine-consumption behavior.	Caffeine metabolism (plasma 1,7-dimethylxanthine (paraxanthine) to 1,3,7-trimethylxanthine (caffeine) ratio)	5,323 European ancestry individuals	824 European ancestry individuals	19q13.2	19	40886585	CYP2A6, NUMBL, ADCK4, ITPKC, SNRPA, MIA	CYP2A7 - CYP2G1P	ENSG00000198077	ENSG00000130612		3833	4241	rs79600176-T	rs79600176	1	4802096	intron_variant	1	0.98	3E-11	10.522878745280337		6.64	Z-score decrease	Illumina [~ 31000000] (imputed)	N	caffeine metabolite measurement	http://www.ebi.ac.uk/efo/EFO_0007872	GCST003851	Genome-wide genotyping array
2017-03-31	27702941	Cornelis MC	2016-10-03	Hum Mol Genet	www.ncbi.nlm.nih.gov/pubmed/27702941	Genome-wide association study of caffeine metabolites provides new insights to caffeine metabolism and dietary caffeine-consumption behavior.	Caffeine metabolism (plasma 1,7-dimethylxanthine (paraxanthine) to 1,3,7-trimethylxanthine (caffeine) ratio)	5,323 European ancestry individuals	824 European ancestry individuals	2p23.3	2	27508073	GCKR	GCKR			ENSG00000084734			rs1260326-T	rs1260326	0	1260326	missense_variant	0	0.38	3E-6	5.522878745280337		4.69	Z-score decrease	Illumina [~ 31000000] (imputed)	N	caffeine metabolite measurement	http://www.ebi.ac.uk/efo/EFO_0007872	GCST003851	Genome-wide genotyping array
2017-03-31	27702941	Cornelis MC	2016-10-03	Hum Mol Genet	www.ncbi.nlm.nih.gov/pubmed/27702941	Genome-wide association study of caffeine metabolites provides new insights to caffeine metabolism and dietary caffeine-consumption behavior.	Caffeine metabolism (plasma 1,7-dimethylxanthine (paraxanthine) to 1,3,7-trimethylxanthine (caffeine) ratio)	5,323 European ancestry individuals	824 European ancestry individuals	7p21.1	7	17244953	AHR	AHR			ENSG00000106546			rs4410790-T	rs4410790	0	4410790	intron_variant	0	0.36	7E-16	15.154901959985743		8.07	Z-score decrease	Illumina [~ 31000000] (imputed)	N	caffeine metabolite measurement	http://www.ebi.ac.uk/efo/EFO_0007872	GCST003851	Genome-wide genotyping array
2017-03-31	27702941	Cornelis MC	2016-10-03	Hum Mol Genet	www.ncbi.nlm.nih.gov/pubmed/27702941	Genome-wide association study of caffeine metabolites provides new insights to caffeine metabolism and dietary caffeine-consumption behavior.	Caffeine metabolism (plasma 1,7-dimethylxanthine (paraxanthine) to 1,3,7-trimethylxanthine (caffeine) ratio)	5,323 European ancestry individuals	824 European ancestry individuals	19q13.2	19	40908576	CYP2A6, NUMBL, ADCK4, ITPKC, SNRPA, MIA	CYP2B7P, CYP2B7P, CYP2G1P, CYP2G1P, CYP2A7P2			ENSG00000291083, ENSG00000256612, ENSG00000290611, ENSG00000130612, ENSG00000198251			rs72480748-A	rs72480748	0	72480748	non_coding_transcript_exon_variant	0	0.31	1E-9	9.0		6.08	Z-score decrease	Illumina [~ 31000000] (imputed)	N	caffeine metabolite measurement	http://www.ebi.ac.uk/efo/EFO_0007872	GCST003851	Genome-wide genotyping array
2017-03-31	27702941	Cornelis MC	2016-10-03	Hum Mol Genet	www.ncbi.nlm.nih.gov/pubmed/27702941	Genome-wide association study of caffeine metabolites provides new insights to caffeine metabolism and dietary caffeine-consumption behavior.	Caffeine metabolism (plasma 1,7-dimethylxanthine (paraxanthine) to 1,3,7-trimethylxanthine (caffeine) ratio)	5,323 European ancestry individuals	824 European ancestry individuals	7p21.1	7	17285000	AHR	AHR			ENSG00000106546			rs2892838-A	rs2892838	0	2892838	intron_variant	0	0.56	2E-9	8.698970004336019		6.01	Z-score increase	Illumina [~ 31000000] (imputed)	N	caffeine metabolite measurement	http://www.ebi.ac.uk/efo/EFO_0007872	GCST003851	Genome-wide genotyping array
2017-03-31	27702941	Cornelis MC	2016-10-03	Hum Mol Genet	www.ncbi.nlm.nih.gov/pubmed/27702941	Genome-wide association study of caffeine metabolites provides new insights to caffeine metabolism and dietary caffeine-consumption behavior.	Caffeine metabolism (plasma 1,7-dimethylxanthine (paraxanthine) level)	5,353 European ancestry individuals	833 European ancestry individuals	19q13.2	19	40847202	CYP2A6, NUMBL, ADCK4, ITPKC, SNRPA, MIA	CYP2A6			ENSG00000255974			rs56113850-T	rs56113850	0	56113850	intron_variant	0	0.43	6E-8	7.221848749616356		5.43	Z score increase	Illumina [~ 31000000] (imputed)	N	caffeine metabolite measurement	http://www.ebi.ac.uk/efo/EFO_0007872	GCST003847	Genome-wide genotyping array
2017-03-31	27702941	Cornelis MC	2016-10-03	Hum Mol Genet	www.ncbi.nlm.nih.gov/pubmed/27702941	Genome-wide association study of caffeine metabolites provides new insights to caffeine metabolism and dietary caffeine-consumption behavior.	Caffeine metabolism (plasma 1,7-dimethylxanthine (paraxanthine) to 1,3,7-trimethylxanthine (caffeine) ratio)	5,323 European ancestry individuals	824 European ancestry individuals	7p21.1	7	17357123	AHR	AHR - SNORA63	ENSG00000106546	ENSG00000199552		10971	16078	rs10683220-G	rs10683220	0	10683220	intron_variant	1	0.63	1E-9	9.0		6.11	Z-score increase	Illumina [~ 31000000] (imputed)	N	caffeine metabolite measurement	http://www.ebi.ac.uk/efo/EFO_0007872	GCST003851	Genome-wide genotyping array
2017-03-31	27702941	Cornelis MC	2016-10-03	Hum Mol Genet	www.ncbi.nlm.nih.gov/pubmed/27702941	Genome-wide association study of caffeine metabolites provides new insights to caffeine metabolism and dietary caffeine-consumption behavior.	Caffeine metabolism (plasma 1,3,7-trimethylxanthine (caffeine) level)	9,054 European ancestry individuals	822 European ancestry individuals	7p21.1	7	17244953	AHR	AHR			ENSG00000106546			rs4410790-T	rs4410790	0	4410790	intron_variant	0	0.36	2E-13	12.698970004336019		7.36	Z-score increase	Illumina [~ 31000000] (imputed)	N	caffeine metabolite measurement	http://www.ebi.ac.uk/efo/EFO_0007872	GCST003846	Genome-wide genotyping array
2017-03-31	27702941	Cornelis MC	2016-10-03	Hum Mol Genet	www.ncbi.nlm.nih.gov/pubmed/27702941	Genome-wide association study of caffeine metabolites provides new insights to caffeine metabolism and dietary caffeine-consumption behavior.	Caffeine metabolism (plasma 1,3,7-trimethylxanthine (caffeine) level)	9,054 European ancestry individuals	822 European ancestry individuals	7p21.1	7	17247482	AHR	AHR			ENSG00000106546			rs6968554-A	rs6968554	0	6968554	intron_variant	0	0.37	5E-13	12.301029995663981		7.22	Z-score increase	Illumina [~ 31000000] (imputed)	N	caffeine metabolite measurement	http://www.ebi.ac.uk/efo/EFO_0007872	GCST003846	Genome-wide genotyping array
2017-03-31	27702941	Cornelis MC	2016-10-03	Hum Mol Genet	www.ncbi.nlm.nih.gov/pubmed/27702941	Genome-wide association study of caffeine metabolites provides new insights to caffeine metabolism and dietary caffeine-consumption behavior.	Caffeine metabolism (plasma 1,3,7-trimethylxanthine (caffeine) level)	9,054 European ancestry individuals	822 European ancestry individuals	7p21.1	7	17264154	AHR	AHR			ENSG00000106546			rs10275488-T	rs10275488	0	10275488	intron_variant	0	0.1	5E-9	8.301029995663981		5.85	Z-score increase	Illumina [~ 31000000] (imputed)	N	caffeine metabolite measurement	http://www.ebi.ac.uk/efo/EFO_0007872	GCST003846	Genome-wide genotyping array
2017-03-31	27702941	Cornelis MC	2016-10-03	Hum Mol Genet	www.ncbi.nlm.nih.gov/pubmed/27702941	Genome-wide association study of caffeine metabolites provides new insights to caffeine metabolism and dietary caffeine-consumption behavior.	Caffeine metabolism (plasma 1,7-dimethylxanthine (paraxanthine) to 1,3,7-trimethylxanthine (caffeine) ratio)	5,323 European ancestry individuals	824 European ancestry individuals	15q24.1	15	74598640	CLK3, ARID3B, EDC3, CYP1A1	CLK3			ENSG00000179335			rs62005807-C	rs62005807	0	62005807	regulatory_region_variant	0	0.11	3E-11	10.522878745280337		6.65	Z-score increase	Illumina [~ 31000000] (imputed)	N	caffeine metabolite measurement	http://www.ebi.ac.uk/efo/EFO_0007872	GCST003851	Genome-wide genotyping array
2017-03-31	27702941	Cornelis MC	2016-10-03	Hum Mol Genet	www.ncbi.nlm.nih.gov/pubmed/27702941	Genome-wide association study of caffeine metabolites provides new insights to caffeine metabolism and dietary caffeine-consumption behavior.	Caffeine metabolism (plasma 1,7-dimethylxanthine (paraxanthine) to 1,3,7-trimethylxanthine (caffeine) ratio)	5,323 European ancestry individuals	824 European ancestry individuals	15q24.1	15	74727108	ARID3B, CLK3, EDC3, CYP1A1	CYP1A1 - CYP1A2	ENSG00000140465	ENSG00000140505		1572	21687	rs2470893-T	rs2470893	0	2470893	intergenic_variant	1	0.33	4E-15	14.397940008672037		7.85	Z-score increase	Illumina [~ 31000000] (imputed)	N	caffeine metabolite measurement	http://www.ebi.ac.uk/efo/EFO_0007872	GCST003851	Genome-wide genotyping array
2017-03-31	27702941	Cornelis MC	2016-10-03	Hum Mol Genet	www.ncbi.nlm.nih.gov/pubmed/27702941	Genome-wide association study of caffeine metabolites provides new insights to caffeine metabolism and dietary caffeine-consumption behavior.	Caffeine metabolism (plasma 1,7-dimethylxanthine (paraxanthine) to 1,3,7-trimethylxanthine (caffeine) ratio)	5,323 European ancestry individuals	824 European ancestry individuals	15q24.1	15	74735539	ARID3B, CLK3, EDC3, CYP1A1	CYP1A1 - CYP1A2	ENSG00000140465	ENSG00000140505		10003	13256	rs2472297-T	rs2472297	0	2472297	intergenic_variant	1	0.27	9E-22	21.045757490560675		9.58	Z-score increase	Illumina [~ 31000000] (imputed)	N	caffeine metabolite measurement	http://www.ebi.ac.uk/efo/EFO_0007872	GCST003851	Genome-wide genotyping array
2017-03-31	27702941	Cornelis MC	2016-10-03	Hum Mol Genet	www.ncbi.nlm.nih.gov/pubmed/27702941	Genome-wide association study of caffeine metabolites provides new insights to caffeine metabolism and dietary caffeine-consumption behavior.	Caffeine metabolism (plasma 1,7-dimethylxanthine (paraxanthine) to 1,3,7-trimethylxanthine (caffeine) ratio)	5,323 European ancestry individuals	824 European ancestry individuals	19q13.2	19	40689265	CYP2A6, NUMBL, ADCK4, ITPKC, SNRPA, MIA	NUMBL			ENSG00000105245			rs66500423-T	rs66500423	0	66500423	intron_variant	0	0.67	6E-9	8.221848749616356		5.83	Z-score increase	Illumina [~ 31000000] (imputed)	N	caffeine metabolite measurement	http://www.ebi.ac.uk/efo/EFO_0007872	GCST003851	Genome-wide genotyping array
2017-03-31	27702941	Cornelis MC	2016-10-03	Hum Mol Genet	www.ncbi.nlm.nih.gov/pubmed/27702941	Genome-wide association study of caffeine metabolites provides new insights to caffeine metabolism and dietary caffeine-consumption behavior.	Caffeine metabolism (plasma 1,7-dimethylxanthine (paraxanthine) to 1,3,7-trimethylxanthine (caffeine) ratio)	5,323 European ancestry individuals	824 European ancestry individuals	19q13.2	19	40820521	CYP2A6, NUMBL, ADCK4, ITPKC, SNRPA, MIA	CYP2F2P			ENSG00000237118			rs4803373-C	rs4803373	0	4803373	intron_variant	0	0.41	5E-12	11.301029995663981		6.9	Z-score increase	Illumina [~ 31000000] (imputed)	N	caffeine metabolite measurement	http://www.ebi.ac.uk/efo/EFO_0007872	GCST003851	Genome-wide genotyping array
2017-03-31	27702941	Cornelis MC	2016-10-03	Hum Mol Genet	www.ncbi.nlm.nih.gov/pubmed/27702941	Genome-wide association study of caffeine metabolites provides new insights to caffeine metabolism and dietary caffeine-consumption behavior.	Caffeine metabolism (plasma 1,3,7-trimethylxanthine (caffeine) level)	9,054 European ancestry individuals	822 European ancestry individuals	15q24.1	15	74727108	ARID3B, CLK3, EDC3, CYP1A1	CYP1A1 - CYP1A2	ENSG00000140465	ENSG00000140505		1572	21687	rs2470893-T	rs2470893	0	2470893	intergenic_variant	1	0.33	5E-18	17.30102999566398		8.65	Z-score decrease	Illumina [~ 31000000] (imputed)	N	caffeine metabolite measurement	http://www.ebi.ac.uk/efo/EFO_0007872	GCST003846	Genome-wide genotyping array
2017-03-31	27702941	Cornelis MC	2016-10-03	Hum Mol Genet	www.ncbi.nlm.nih.gov/pubmed/27702941	Genome-wide association study of caffeine metabolites provides new insights to caffeine metabolism and dietary caffeine-consumption behavior.	Caffeine metabolism (plasma 1,7-dimethylxanthine (paraxanthine) to 1,3,7-trimethylxanthine (caffeine) ratio)	5,323 European ancestry individuals	824 European ancestry individuals	19q13.2	19	40837966	CYP2A6, NUMBL, ADCK4, ITPKC, SNRPA, MIA	CYP2F2P - CYP2A6	ENSG00000237118	ENSG00000255974		11194	5567	rs11668399-C	rs11668399	0	11668399	intron_variant	1	0.29	2E-10	9.698970004336019		6.37	Z-score increase	Illumina [~ 31000000] (imputed)	N	caffeine metabolite measurement	http://www.ebi.ac.uk/efo/EFO_0007872	GCST003851	Genome-wide genotyping array
2017-03-31	27702941	Cornelis MC	2016-10-03	Hum Mol Genet	www.ncbi.nlm.nih.gov/pubmed/27702941	Genome-wide association study of caffeine metabolites provides new insights to caffeine metabolism and dietary caffeine-consumption behavior.	Caffeine metabolism (plasma 1,7-dimethylxanthine (paraxanthine) to 1,3,7-trimethylxanthine (caffeine) ratio)	5,323 European ancestry individuals	824 European ancestry individuals	19q13.2	19	40847202	CYP2A6, NUMBL, ADCK4, ITPKC, SNRPA, MIA	CYP2A6			ENSG00000255974			rs56113850-T	rs56113850	0	56113850	intron_variant	0	0.43	9E-22	21.045757490560675		9.59	Z-score increase	Illumina [~ 31000000] (imputed)	N	caffeine metabolite measurement	http://www.ebi.ac.uk/efo/EFO_0007872	GCST003851	Genome-wide genotyping array
2017-03-31	27702941	Cornelis MC	2016-10-03	Hum Mol Genet	www.ncbi.nlm.nih.gov/pubmed/27702941	Genome-wide association study of caffeine metabolites provides new insights to caffeine metabolism and dietary caffeine-consumption behavior.	Caffeine metabolism (plasma 1,7-dimethylxanthine (paraxanthine) to 1,3,7-trimethylxanthine (caffeine) ratio)	5,323 European ancestry individuals	824 European ancestry individuals	19q13.2	19	40847433	CYP2A6, NUMBL, ADCK4, ITPKC, SNRPA, MIA	CYP2A6			ENSG00000255974			rs56267346-A	rs56267346	0	56267346	intron_variant	0	0.82	9E-10	9.045757490560675		6.13	Z-score decrease	Illumina [~ 31000000] (imputed)	N	caffeine metabolite measurement	http://www.ebi.ac.uk/efo/EFO_0007872	GCST003851	Genome-wide genotyping array
2017-03-31	27702941	Cornelis MC	2016-10-03	Hum Mol Genet	www.ncbi.nlm.nih.gov/pubmed/27702941	Genome-wide association study of caffeine metabolites provides new insights to caffeine metabolism and dietary caffeine-consumption behavior.	Caffeine metabolism (plasma 1,3-dimethylxanthine (theophylline) level)	5,261 European ancestry individuals	826 European ancestry individuals	15q24.1	15	74735539	ARID3B, CLK3, EDC3, CYP1A1	CYP1A1 - CYP1A2	ENSG00000140465	ENSG00000140505		10003	13256	rs2472297-T	rs2472297	0	2472297	intergenic_variant	1	0.27	1E-7	7.0		5.27	Z-score decrease	Illumina [~ 31000000] (imputed)	N	caffeine metabolite measurement	http://www.ebi.ac.uk/efo/EFO_0007872	GCST003848	Genome-wide genotyping array
2017-03-31	27702941	Cornelis MC	2016-10-03	Hum Mol Genet	www.ncbi.nlm.nih.gov/pubmed/27702941	Genome-wide association study of caffeine metabolites provides new insights to caffeine metabolism and dietary caffeine-consumption behavior.	Caffeine metabolism (plasma 1,7-dimethylxanthine (paraxanthine) to 1,3,7-trimethylxanthine (caffeine) ratio)	5,323 European ancestry individuals	824 European ancestry individuals	7p21.1	7	17357123	AHR	AHR - SNORA63	ENSG00000106546	ENSG00000199552		10971	16078	rs10683220-G	rs10683220	0	10683220	intron_variant	1	0.63	1E-9	9.0		6.11	Z-score increase	Illumina [~ 31000000] (imputed)	N	caffeine metabolite measurement	http://www.ebi.ac.uk/efo/EFO_0007872	GCST003851	Genome-wide genotyping array
2017-03-31	27702941	Cornelis MC	2016-10-03	Hum Mol Genet	www.ncbi.nlm.nih.gov/pubmed/27702941	Genome-wide association study of caffeine metabolites provides new insights to caffeine metabolism and dietary caffeine-consumption behavior.	Caffeine metabolism (plasma 1,7-dimethylxanthine (paraxanthine) to 1,3,7-trimethylxanthine (caffeine) ratio)	5,323 European ancestry individuals	824 European ancestry individuals	19q13.2	19	40851727	CYP2A6, NUMBL, ADCK4, ITPKC, SNRPA, MIA	CYP2A6 - CYP2A7	ENSG00000255974	ENSG00000198077		1277	23705	rs7260629-T	rs7260629	0	7260629	intron_variant	1	0.3	2E-11	10.698970004336019		6.73	Z-score increase	Illumina [~ 31000000] (imputed)	N	caffeine metabolite measurement	http://www.ebi.ac.uk/efo/EFO_0007872	GCST003851	Genome-wide genotyping array
2017-03-31	27702941	Cornelis MC	2016-10-03	Hum Mol Genet	www.ncbi.nlm.nih.gov/pubmed/27702941	Genome-wide association study of caffeine metabolites provides new insights to caffeine metabolism and dietary caffeine-consumption behavior.	Caffeine metabolism (plasma 1,7-dimethylxanthine (paraxanthine) to 1,3,7-trimethylxanthine (caffeine) ratio)	5,323 European ancestry individuals	824 European ancestry individuals	19q13.2	19	40857190	CYP2A6, NUMBL, ADCK4, ITPKC, SNRPA, MIA	CYP2A6 - CYP2A7	ENSG00000255974	ENSG00000198077		6740	18242	rs200292835-T	rs200292835	0	200292835	intron_variant	1	0.68	1E-8	8.0		5.71	Z-score decrease	Illumina [~ 31000000] (imputed)	N	caffeine metabolite measurement	http://www.ebi.ac.uk/efo/EFO_0007872	GCST003851	Genome-wide genotyping array
2017-03-31	27702941	Cornelis MC	2016-10-03	Hum Mol Genet	www.ncbi.nlm.nih.gov/pubmed/27702941	Genome-wide association study of caffeine metabolites provides new insights to caffeine metabolism and dietary caffeine-consumption behavior.	Caffeine metabolism (plasma 1,7-dimethylxanthine (paraxanthine) to 1,3,7-trimethylxanthine (caffeine) ratio)	5,323 European ancestry individuals	824 European ancestry individuals	19q13.2	19	40906287	CYP2A6, NUMBL, ADCK4, ITPKC, SNRPA, MIA	CYP2G1P, CYP2G1P			ENSG00000290611, ENSG00000130612			rs184589612-T	rs184589612	0	184589612	intron_variant	0	0.99	3E-9	8.522878745280337		5.92	Z-score decrease	Illumina [~ 31000000] (imputed)	N	caffeine metabolite measurement	http://www.ebi.ac.uk/efo/EFO_0007872	GCST003851	Genome-wide genotyping array
2017-03-31	27702941	Cornelis MC	2016-10-03	Hum Mol Genet	www.ncbi.nlm.nih.gov/pubmed/27702941	Genome-wide association study of caffeine metabolites provides new insights to caffeine metabolism and dietary caffeine-consumption behavior.	Caffeine metabolism (plasma 1,7-dimethylxanthine (paraxanthine) to 1,3,7-trimethylxanthine (caffeine) ratio)	5,323 European ancestry individuals	824 European ancestry individuals	7p21.1	7	17247482	AHR	AHR			ENSG00000106546			rs6968554-A	rs6968554	0	6968554	intron_variant	0	0.37	3E-17	16.522878745280337		8.44	Z-score decrease	Illumina [~ 31000000] (imputed)	N	caffeine metabolite measurement	http://www.ebi.ac.uk/efo/EFO_0007872	GCST003851	Genome-wide genotyping array
2017-03-31	27702941	Cornelis MC	2016-10-03	Hum Mol Genet	www.ncbi.nlm.nih.gov/pubmed/27702941	Genome-wide association study of caffeine metabolites provides new insights to caffeine metabolism and dietary caffeine-consumption behavior.	Caffeine metabolism (plasma 1,7-dimethylxanthine (paraxanthine) to 1,3,7-trimethylxanthine (caffeine) ratio)	5,323 European ancestry individuals	824 European ancestry individuals	7p21.1	7	17264154	AHR	AHR			ENSG00000106546			rs10275488-T	rs10275488	0	10275488	intron_variant	0	0.1	2E-9	8.698970004336019		5.98	Z-score decrease	Illumina [~ 31000000] (imputed)	N	caffeine metabolite measurement	http://www.ebi.ac.uk/efo/EFO_0007872	GCST003851	Genome-wide genotyping array
2017-03-31	27702941	Cornelis MC	2016-10-03	Hum Mol Genet	www.ncbi.nlm.nih.gov/pubmed/27702941	Genome-wide association study of caffeine metabolites provides new insights to caffeine metabolism and dietary caffeine-consumption behavior.	Caffeine metabolism (plasma 1,7-dimethylxanthine (paraxanthine) to 1,3,7-trimethylxanthine (caffeine) ratio)	5,323 European ancestry individuals	824 European ancestry individuals	19q13.2	19	40911822	CYP2A6, NUMBL, ADCK4, ITPKC, SNRPA, MIA	CYP2G1P, CYP2G1P, CYP2B7P, CYP2B7P			ENSG00000290611, ENSG00000130612, ENSG00000291083, ENSG00000256612			rs10425738-A	rs10425738	0	10425738	non_coding_transcript_exon_variant	0	0.72	2E-8	7.698970004336019		5.65	Z-score decrease	Illumina [~ 31000000] (imputed)	N	caffeine metabolite measurement	http://www.ebi.ac.uk/efo/EFO_0007872	GCST003851	Genome-wide genotyping array
2017-03-31	27702941	Cornelis MC	2016-10-03	Hum Mol Genet	www.ncbi.nlm.nih.gov/pubmed/27702941	Genome-wide association study of caffeine metabolites provides new insights to caffeine metabolism and dietary caffeine-consumption behavior.	Caffeine metabolism (plasma 1,7-dimethylxanthine (paraxanthine) to 1,3,7-trimethylxanthine (caffeine) ratio)	5,323 European ancestry individuals	824 European ancestry individuals	19q13.2	19	40979475	CYP2A6, NUMBL, ADCK4, ITPKC, SNRPA, MIA	CYP2B7P - CYP2B6	ENSG00000256612	ENSG00000197408		28799	11806	rs56881024-A	rs56881024	0	56881024	intergenic_variant	1	0.65	3E-8	7.522878745280337		5.57	Z-score decrease	Illumina [~ 31000000] (imputed)	N	caffeine metabolite measurement	http://www.ebi.ac.uk/efo/EFO_0007872	GCST003851	Genome-wide genotyping array
2017-03-31	27702941	Cornelis MC	2016-10-03	Hum Mol Genet	www.ncbi.nlm.nih.gov/pubmed/27702941	Genome-wide association study of caffeine metabolites provides new insights to caffeine metabolism and dietary caffeine-consumption behavior.	Caffeine metabolism (plasma 1,7-dimethylxanthine (paraxanthine) to 1,3,7-trimethylxanthine (caffeine) ratio)	5,323 European ancestry individuals	824 European ancestry individuals	7p21.1	7	17345883	AHR	AHR			ENSG00000106546			rs11400459-A	rs11400459	0	11400459	3_prime_UTR_variant	0	0.64	5E-10	9.301029995663981		6.23	Z-score increase	Illumina [~ 31000000] (imputed)	N	caffeine metabolite measurement	http://www.ebi.ac.uk/efo/EFO_0007872	GCST003851	Genome-wide genotyping array
2017-02-19	27561104	Pirastu N	2016-08-25	Sci Rep	www.ncbi.nlm.nih.gov/pubmed/27561104	Non-additive genome-wide association scan reveals a new gene associated with habitual coffee consumption.	Coffee consumption	370 Carlantino (founder/genetic isolate) individuals, 843 Friuli Venezia Giulia (founder/genetic isolate) individuals	1,731 Erasmus Rucphen (founder/genetic isolate) individuals	6q21	6	107232108	Intergenic	PDSS2			ENSG00000164494			rs2216084-?	rs2216084	0	2216084	intron_variant	0	NR	9E-9	8.045757490560675		0.082	[0.055-0.109] unit increase	Illumina [at least 3692733] (imputed)	N	coffee consumption, cups of coffee per day measurement	http://www.ebi.ac.uk/efo/EFO_0004330, http://www.ebi.ac.uk/efo/EFO_0006782	GCST003621	Genome-wide genotyping array
2017-02-19	27561104	Pirastu N	2016-08-25	Sci Rep	www.ncbi.nlm.nih.gov/pubmed/27561104	Non-additive genome-wide association scan reveals a new gene associated with habitual coffee consumption.	Coffee consumption	370 Carlantino (founder/genetic isolate) individuals, 843 Friuli Venezia Giulia (founder/genetic isolate) individuals	1,731 Erasmus Rucphen (founder/genetic isolate) individuals	6q21	6	107233814	Intergenic	PDSS2			ENSG00000164494			rs6942255-?	rs6942255	0	6942255	intron_variant	0	NR	1E-8	8.0		0.082	[0.055-0.109] unit increase	Illumina [at least 3692733] (imputed)	N	coffee consumption, cups of coffee per day measurement	http://www.ebi.ac.uk/efo/EFO_0004330, http://www.ebi.ac.uk/efo/EFO_0006782	GCST003621	Genome-wide genotyping array
2017-02-19	27561104	Pirastu N	2016-08-25	Sci Rep	www.ncbi.nlm.nih.gov/pubmed/27561104	Non-additive genome-wide association scan reveals a new gene associated with habitual coffee consumption.	Coffee consumption	370 Carlantino (founder/genetic isolate) individuals, 843 Friuli Venezia Giulia (founder/genetic isolate) individuals	1,731 Erasmus Rucphen (founder/genetic isolate) individuals	6q21	6	107243856	Intergenic	PDSS2			ENSG00000164494			rs7745311-?	rs7745311	0	7745311	intron_variant	0	NR	1E-8	8.0		0.081	[0.054-0.108] unit increase	Illumina [at least 3692733] (imputed)	N	coffee consumption, cups of coffee per day measurement	http://www.ebi.ac.uk/efo/EFO_0004330, http://www.ebi.ac.uk/efo/EFO_0006782	GCST003621	Genome-wide genotyping array
2017-02-19	27561104	Pirastu N	2016-08-25	Sci Rep	www.ncbi.nlm.nih.gov/pubmed/27561104	Non-additive genome-wide association scan reveals a new gene associated with habitual coffee consumption.	Coffee consumption	370 Carlantino (founder/genetic isolate) individuals, 843 Friuli Venezia Giulia (founder/genetic isolate) individuals	1,731 Erasmus Rucphen (founder/genetic isolate) individuals	6q21	6	107230077	Intergenic	PDSS2, RPS24P12			ENSG00000164494, ENSG00000220237			rs7754744-?	rs7754744	0	7754744	non_coding_transcript_exon_variant	0	NR	9E-9	8.045757490560675		0.082	[0.055-0.109] unit increase	Illumina [at least 3692733] (imputed)	N	coffee consumption, cups of coffee per day measurement	http://www.ebi.ac.uk/efo/EFO_0004330, http://www.ebi.ac.uk/efo/EFO_0006782	GCST003621	Genome-wide genotyping array
2017-02-19	27561104	Pirastu N	2016-08-25	Sci Rep	www.ncbi.nlm.nih.gov/pubmed/27561104	Non-additive genome-wide association scan reveals a new gene associated with habitual coffee consumption.	Coffee consumption	370 Carlantino (founder/genetic isolate) individuals, 843 Friuli Venezia Giulia (founder/genetic isolate) individuals	1,731 Erasmus Rucphen (founder/genetic isolate) individuals	6q21	6	107241710	Intergenic	PDSS2			ENSG00000164494			rs9386630-?	rs9386630	0	9386630	intron_variant	0	NR	1E-8	8.0		0.082	[0.055-0.109] unit increase	Illumina [at least 3692733] (imputed)	N	coffee consumption, cups of coffee per day measurement	http://www.ebi.ac.uk/efo/EFO_0004330, http://www.ebi.ac.uk/efo/EFO_0006782	GCST003621	Genome-wide genotyping array
2011-04-06	21357676	Sulem P	2011-02-28	Hum Mol Genet	www.ncbi.nlm.nih.gov/pubmed/21357676	Sequence variants at CYP1A1-CYP1A2 and AHR associate with coffee consumption.	Coffee consumption	5,840 European ancestry individuals, 771 Sorbian (founder/genetic isolate) individuals	4,050 European ancestry individuals	15q24.1	15	74735539	CYP1A1, CYP1A2	CYP1A1 - CYP1A2	ENSG00000140465	ENSG00000140505		10003	13256	rs2472297-T	rs2472297	0	2472297	intergenic_variant	1	0.265	5E-14	13.301029995663981		0.31	[0.17-0.44] cups per day increase	Affymetrix, Illumina [~ 2500000] (imputed)	N	coffee consumption	http://www.ebi.ac.uk/efo/EFO_0004330	GCST000992	Genome-wide genotyping array
2011-04-06	21357676	Sulem P	2011-02-28	Hum Mol Genet	www.ncbi.nlm.nih.gov/pubmed/21357676	Sequence variants at CYP1A1-CYP1A2 and AHR associate with coffee consumption.	Coffee consumption	5,840 European ancestry individuals, 771 Sorbian (founder/genetic isolate) individuals	4,050 European ancestry individuals	7p21.1	7	17247645	AHR	AHR			ENSG00000106546			rs6968865-T	rs6968865	0	6968865	intron_variant	0	0.593	2E-11	10.698970004336019		0.26	[0.15-0.36] cups per day increase	Affymetrix, Illumina [~ 2500000] (imputed)	N	coffee consumption	http://www.ebi.ac.uk/efo/EFO_0004330	GCST000992	Genome-wide genotyping array
2011-05-26	21490707	Cornelis MC	2011-04-07	PLoS Genet	www.ncbi.nlm.nih.gov/pubmed/21490707	Genome-wide meta-analysis identifies regions on 7p21 (AHR) and 15q24 (CYP1A2) as determinants of habitual caffeine consumption.	Caffeine consumption	47,431 European ancestry individuals	NA	15q24.2	15	75090201	SCAMP5, PPCDC	PPCDC			ENSG00000138621			rs12148488-T	rs12148488	0	12148488	intergenic_variant	0	0.50	6E-7	6.221848749616356		0.07	[0.05-0.09] mg/day decrease	Affymetrix, Illumina [~ 2500000] (imputed)	N	coffee consumption	http://www.ebi.ac.uk/efo/EFO_0004330	GCST001032	Genome-wide genotyping array
2011-05-26	21490707	Cornelis MC	2011-04-07	PLoS Genet	www.ncbi.nlm.nih.gov/pubmed/21490707	Genome-wide meta-analysis identifies regions on 7p21 (AHR) and 15q24 (CYP1A2) as determinants of habitual caffeine consumption.	Caffeine consumption	47,431 European ancestry individuals	NA	16q24.3	16	89784625	NR	FANCA			ENSG00000187741			rs16966142-T	rs16966142	0	16966142	intron_variant	0	0.08	6E-6	5.221848749616356		0.118	[0.07-0.17] mg/day increase	Affymetrix, Illumina [~ 2500000] (imputed)	N	coffee consumption	http://www.ebi.ac.uk/efo/EFO_0004330	GCST001032	Genome-wide genotyping array
2011-05-26	21490707	Cornelis MC	2011-04-07	PLoS Genet	www.ncbi.nlm.nih.gov/pubmed/21490707	Genome-wide meta-analysis identifies regions on 7p21 (AHR) and 15q24 (CYP1A2) as determinants of habitual caffeine consumption.	Caffeine consumption	47,431 European ancestry individuals	NA	15q24.1	15	74833304	CYP1A2, LMAN1L, SCAMP2, CPLX3, MP1, CSK, ULK3, COX5A, C14orf17	CPLX3 - ULK3	ENSG00000213578	ENSG00000140474		1502	2812	rs6495122-A	rs6495122	0	6495122	intergenic_variant	1	0.43	6E-7	6.221848749616356		0.07	[0.05-0.09] mg/day decrease	Affymetrix, Illumina [~ 2500000] (imputed)	N	coffee consumption	http://www.ebi.ac.uk/efo/EFO_0004330	GCST001032	Genome-wide genotyping array
2011-05-26	21490707	Cornelis MC	2011-04-07	PLoS Genet	www.ncbi.nlm.nih.gov/pubmed/21490707	Genome-wide meta-analysis identifies regions on 7p21 (AHR) and 15q24 (CYP1A2) as determinants of habitual caffeine consumption.	Caffeine consumption	47,431 European ancestry individuals	NA	15q24.1	15	74751897	CYP1A2	CYP1A2			ENSG00000140505			rs2472304-A	rs2472304	0	2472304	intron_variant	0	0.65	3E-7	6.522878745280337		0.08	[0.06-0.10] mg/day increase	Affymetrix, Illumina [~ 2500000] (imputed)	N	coffee consumption	http://www.ebi.ac.uk/efo/EFO_0004330	GCST001032	Genome-wide genotyping array
2011-05-26	21490707	Cornelis MC	2011-04-07	PLoS Genet	www.ncbi.nlm.nih.gov/pubmed/21490707	Genome-wide meta-analysis identifies regions on 7p21 (AHR) and 15q24 (CYP1A2) as determinants of habitual caffeine consumption.	Caffeine consumption	47,431 European ancestry individuals	NA	7q11.23	7	73441939	NR	BAZ1B			ENSG00000009954			rs2240466-A	rs2240466	0	2240466	3_prime_UTR_variant	0	0.12	1E-6	6.0		0.1109	[0.07-0.15] mg/day increase	Affymetrix, Illumina [~ 2500000] (imputed)	N	coffee consumption	http://www.ebi.ac.uk/efo/EFO_0004330	GCST001032	Genome-wide genotyping array
2011-05-26	21490707	Cornelis MC	2011-04-07	PLoS Genet	www.ncbi.nlm.nih.gov/pubmed/21490707	Genome-wide meta-analysis identifies regions on 7p21 (AHR) and 15q24 (CYP1A2) as determinants of habitual caffeine consumption.	Caffeine consumption	47,431 European ancestry individuals	NA	7p21.1	7	17244953	AHR	AHR			ENSG00000106546			rs4410790-T	rs4410790	0	4410790	intron_variant	0	0.38	2E-19	18.69897000433602		0.15	[0.11-0.19] mg/day decrease	Affymetrix, Illumina [~ 2500000] (imputed)	N	coffee consumption	http://www.ebi.ac.uk/efo/EFO_0004330	GCST001032	Genome-wide genotyping array
2011-05-26	21490707	Cornelis MC	2011-04-07	PLoS Genet	www.ncbi.nlm.nih.gov/pubmed/21490707	Genome-wide meta-analysis identifies regions on 7p21 (AHR) and 15q24 (CYP1A2) as determinants of habitual caffeine consumption.	Caffeine consumption	47,431 European ancestry individuals	NA	15q24.1	15	74727108	EDC3, CYP1A1, CYP1A2, LMAN1L, CSK	CYP1A1 - CYP1A2	ENSG00000140465	ENSG00000140505		1572	21687	rs2470893-T	rs2470893	0	2470893	intergenic_variant	1	0.31	5E-14	13.301029995663981		0.12	[0.08-0.16] mg/day increase	Affymetrix, Illumina [~ 2500000] (imputed)	N	coffee consumption	http://www.ebi.ac.uk/efo/EFO_0004330	GCST001032	Genome-wide genotyping array
2011-05-26	21490707	Cornelis MC	2011-04-07	PLoS Genet	www.ncbi.nlm.nih.gov/pubmed/21490707	Genome-wide meta-analysis identifies regions on 7p21 (AHR) and 15q24 (CYP1A2) as determinants of habitual caffeine consumption.	Caffeine consumption	47,431 European ancestry individuals	NA	14q24.3	14	74856091	NR	PROX2, YLPM1			ENSG00000119608, ENSG00000119596			rs8014204-A	rs8014204	0	8014204	intron_variant	0	0.53	5E-6	5.301029995663981		0.065	[0.04-0.10] mg/day increase	Affymetrix, Illumina [~ 2500000] (imputed)	N	coffee consumption	http://www.ebi.ac.uk/efo/EFO_0004330	GCST001032	Genome-wide genotyping array
2011-05-26	21490707	Cornelis MC	2011-04-07	PLoS Genet	www.ncbi.nlm.nih.gov/pubmed/21490707	Genome-wide meta-analysis identifies regions on 7p21 (AHR) and 15q24 (CYP1A2) as determinants of habitual caffeine consumption.	Caffeine consumption	47,431 European ancestry individuals	NA	4q22.1	4	87997954	intergenic	SPP1 - RNU1-36P	ENSG00000118785	ENSG00000202000		14422	2283	rs2725236-A	rs2725236	0	2725236	intron_variant	1	0.48	5E-6	5.301029995663981		0.065	[0.04-0.10] mg/day decrease	Affymetrix, Illumina [~ 2500000] (imputed)	N	coffee consumption	http://www.ebi.ac.uk/efo/EFO_0004330	GCST001032	Genome-wide genotyping array
2011-05-26	21490707	Cornelis MC	2011-04-07	PLoS Genet	www.ncbi.nlm.nih.gov/pubmed/21490707	Genome-wide meta-analysis identifies regions on 7p21 (AHR) and 15q24 (CYP1A2) as determinants of habitual caffeine consumption.	Caffeine consumption	47,431 European ancestry individuals	NA	5q21.3	5	105532235	NR	RAB9BP1 - RNA5SP189	ENSG00000232159	ENSG00000201790		432137	390759	rs7447447-T	rs7447447	0	7447447	intergenic_variant	1	0.13	7E-6	5.154901959985743		0.1521	[0.08-0.22] mg/day increase	Affymetrix, Illumina [~ 2500000] (imputed)	N	coffee consumption	http://www.ebi.ac.uk/efo/EFO_0004330	GCST001032	Genome-wide genotyping array
2011-09-30	21876539	Amin N	2011-08-30	Mol Psychiatry	www.ncbi.nlm.nih.gov/pubmed/21876539	Genome-wide association analysis of coffee drinking suggests association with CYP1A1/CYP1A2 and NRCAM.	Coffee consumption	18,176 European ancestry individuals	7,929 European ancestry individuals	15q24.1	15	74727108	CYP1A1, CYP1A2	CYP1A1 - CYP1A2	ENSG00000140465	ENSG00000140505		1572	21687	rs2470893-T	rs2470893	0	2470893	intergenic_variant	1	NR	2E-11	10.698970004336019		0.0675	[0.05-0.09] unit increase	Affymetrix, Illumina, Perlegen [~ 2600000] (imputed)	N	coffee consumption	http://www.ebi.ac.uk/efo/EFO_0004330	GCST001215	Genome-wide genotyping array
2011-09-30	21876539	Amin N	2011-08-30	Mol Psychiatry	www.ncbi.nlm.nih.gov/pubmed/21876539	Genome-wide association analysis of coffee drinking suggests association with CYP1A1/CYP1A2 and NRCAM.	Coffee consumption	18,176 European ancestry individuals	7,929 European ancestry individuals	15q24.1	15	74833304	CPLX3, ULK3	CPLX3 - ULK3	ENSG00000213578	ENSG00000140474		1502	2812	rs6495122-A	rs6495122	0	6495122	intergenic_variant	1	NR	7E-9	8.154901959985743		0.05	[0.03-0.07] unit decrease	Affymetrix, Illumina, Perlegen [~ 2600000] (imputed)	N	coffee consumption	http://www.ebi.ac.uk/efo/EFO_0004330	GCST001215	Genome-wide genotyping array
2011-09-30	21876539	Amin N	2011-08-30	Mol Psychiatry	www.ncbi.nlm.nih.gov/pubmed/21876539	Genome-wide association analysis of coffee drinking suggests association with CYP1A1/CYP1A2 and NRCAM.	Coffee consumption	18,176 European ancestry individuals	7,929 European ancestry individuals	8q22.3	8	102040149	NCALD	NCALD			ENSG00000104490			rs16868941-A	rs16868941	0	16868941	intron_variant	0	NR	8E-7	6.096910013008056		0.056	[0.04-0.08] unit increase	Affymetrix, Illumina, Perlegen [~ 2600000] (imputed)	N	coffee consumption	http://www.ebi.ac.uk/efo/EFO_0004330	GCST001215	Genome-wide genotyping array
2011-09-30	21876539	Amin N	2011-08-30	Mol Psychiatry	www.ncbi.nlm.nih.gov/pubmed/21876539	Genome-wide association analysis of coffee drinking suggests association with CYP1A1/CYP1A2 and NRCAM.	Coffee consumption	18,176 European ancestry individuals	7,929 European ancestry individuals	7q31.1	7	108141755	LAMB4, NRCAM	LAMB4 - NRCAM	ENSG00000091128	ENSG00000091129		11394	5868	rs382140-A	rs382140	0	382140	intergenic_variant	1	NR	4E-9	8.397940008672037		0.079	[0.05-0.11] unit increase	Affymetrix, Illumina, Perlegen [~ 2600000] (imputed)	N	coffee consumption	http://www.ebi.ac.uk/efo/EFO_0004330	GCST001215	Genome-wide genotyping array
2012-09-08	22754043	Byrne EM	2012-07-01	Sleep	www.ncbi.nlm.nih.gov/pubmed/22754043	A genome-wide association study of caffeine-related sleep disturbance: confirmation of a role for a common variant in the adenosine receptor.	Insomnia (caffeine-induced)	2,402 European ancestry individuals from 1,470 families	NA	11q13.4	11	73183803	P2RY2	IUR1 - P2RY2	ENSG00000289625	ENSG00000175591		832	32861	rs1791933-?	rs1791933	0	1791933	intergenic_variant	1	0.98	8E-6	5.096910013008056		3.7	[2.08-6.67]	Illumina [2380486] (imputed)	N	insomnia measurement	http://www.ebi.ac.uk/efo/EFO_0007876	GCST001586	Genome-wide genotyping array
2012-09-08	22754043	Byrne EM	2012-07-01	Sleep	www.ncbi.nlm.nih.gov/pubmed/22754043	A genome-wide association study of caffeine-related sleep disturbance: confirmation of a role for a common variant in the adenosine receptor.	Insomnia (caffeine-induced)	2,402 European ancestry individuals from 1,470 families	NA	8q24.23	8	135976961	AC105008.1	LINC02055			ENSG00000254101			rs16905439-?	rs16905439	0	16905439	intergenic_variant	0	0.99	9E-6	5.045757490560675		3.33	[1.96-5.88]	Illumina [2380486] (imputed)	N	insomnia measurement	http://www.ebi.ac.uk/efo/EFO_0007876	GCST001586	Genome-wide genotyping array
2012-09-08	22754043	Byrne EM	2012-07-01	Sleep	www.ncbi.nlm.nih.gov/pubmed/22754043	A genome-wide association study of caffeine-related sleep disturbance: confirmation of a role for a common variant in the adenosine receptor.	Insomnia (caffeine-induced)	2,402 European ancestry individuals from 1,470 families	NA	3p13	3	70577209	RP11-430J3.1	SAMMSON - COX6CP6	ENSG00000240405	ENSG00000240156		59145	173914	rs7628219-T	rs7628219	0	7628219	intergenic_variant	1	0.18	2E-6	5.698970004336019		1.61	[1.33-1.96]	Illumina [2380486] (imputed)	N	insomnia measurement	http://www.ebi.ac.uk/efo/EFO_0007876	GCST001586	Genome-wide genotyping array
2012-09-08	22754043	Byrne EM	2012-07-01	Sleep	www.ncbi.nlm.nih.gov/pubmed/22754043	A genome-wide association study of caffeine-related sleep disturbance: confirmation of a role for a common variant in the adenosine receptor.	Insomnia (caffeine-induced)	2,402 European ancestry individuals from 1,470 families	NA	10q25.2	10	111118043	RP11-479A21.1	ADRA2A - BTBD7P2	ENSG00000150594	ENSG00000237618		37136	204735	rs2065779-?	rs2065779	0	2065779	non_coding_transcript_exon_variant	1	0.93	3E-6	5.522878745280337		1.82	[1.41-2.33]	Illumina [2380486] (imputed)	N	insomnia measurement	http://www.ebi.ac.uk/efo/EFO_0007876	GCST001586	Genome-wide genotyping array
2012-09-08	22754043	Byrne EM	2012-07-01	Sleep	www.ncbi.nlm.nih.gov/pubmed/22754043	A genome-wide association study of caffeine-related sleep disturbance: confirmation of a role for a common variant in the adenosine receptor.	Insomnia (caffeine-induced)	2,402 European ancestry individuals from 1,470 families	NA	3p14.3	3	55154246	RP11-889D3.1	CACNA2D3 - LINC02017	ENSG00000157445	ENSG00000243572		79689	23926	rs11706236-?	rs11706236	0	11706236	intergenic_variant	1	0.86	4E-6	5.3979400086720375		1.59	[1.32-1.96]	Illumina [2380486] (imputed)	N	insomnia measurement	http://www.ebi.ac.uk/efo/EFO_0007876	GCST001586	Genome-wide genotyping array
2012-09-08	22754043	Byrne EM	2012-07-01	Sleep	www.ncbi.nlm.nih.gov/pubmed/22754043	A genome-wide association study of caffeine-related sleep disturbance: confirmation of a role for a common variant in the adenosine receptor.	Insomnia (caffeine-induced)	2,402 European ancestry individuals from 1,470 families	NA	13q12.3	13	29387195	MTUS2	MTUS2			ENSG00000132938			rs2388082-?	rs2388082	0	2388082	intron_variant	0	0.89	4E-6	5.3979400086720375		1.69	[1.35-2.13]	Illumina [2380486] (imputed)	N	insomnia measurement	http://www.ebi.ac.uk/efo/EFO_0007876	GCST001586	Genome-wide genotyping array
2012-09-08	22754043	Byrne EM	2012-07-01	Sleep	www.ncbi.nlm.nih.gov/pubmed/22754043	A genome-wide association study of caffeine-related sleep disturbance: confirmation of a role for a common variant in the adenosine receptor.	Insomnia (caffeine-induced)	2,402 European ancestry individuals from 1,470 families	NA	11q14.3	11	92986515	MTNR1B	MTNR1B - RPL26P31	ENSG00000134640	ENSG00000242807		1449	65880	rs10830964-?	rs10830964	0	10830964	intergenic_variant	1	0.88	5E-6	5.301029995663981		1.61	[1.30-2.00]	Illumina [2380486] (imputed)	N	insomnia measurement	http://www.ebi.ac.uk/efo/EFO_0007876	GCST001586	Genome-wide genotyping array
2012-09-08	22754043	Byrne EM	2012-07-01	Sleep	www.ncbi.nlm.nih.gov/pubmed/22754043	A genome-wide association study of caffeine-related sleep disturbance: confirmation of a role for a common variant in the adenosine receptor.	Insomnia (caffeine-induced)	2,402 European ancestry individuals from 1,470 families	NA	18q21.31	18	58243291	NEDD4L	NEDD4L			ENSG00000049759			rs158856-?	rs158856	0	158856	intron_variant	0	0.66	7E-6	5.154901959985743		1.41	[1.20-1.61]	Illumina [2380486] (imputed)	N	insomnia measurement	http://www.ebi.ac.uk/efo/EFO_0007876	GCST001586	Genome-wide genotyping array
2012-09-08	22754043	Byrne EM	2012-07-01	Sleep	www.ncbi.nlm.nih.gov/pubmed/22754043	A genome-wide association study of caffeine-related sleep disturbance: confirmation of a role for a common variant in the adenosine receptor.	Insomnia (caffeine-induced)	2,402 European ancestry individuals from 1,470 families	NA	14q32.12	14	93738999	PRIMA1	PRIMA1			ENSG00000175785			rs6575353-?	rs6575353	0	6575353	intron_variant	0	0.90	1E-6	6.0		1.47	[1.12-1.89]	Illumina [2380486] (imputed)	N	insomnia measurement	http://www.ebi.ac.uk/efo/EFO_0007876	GCST001586	Genome-wide genotyping array
2015-07-07	25288136	Cornelis MC	2014-10-07	Mol Psychiatry	www.ncbi.nlm.nih.gov/pubmed/25288136	Genome-wide meta-analysis identifies six novel loci associated with habitual coffee consumption.	Coffee consumption (cups per day)	91,462 European ancestry individuals	30,062 European ancestry individuals, 7,964 African American individuals	2p23.3	2	27508073	GCKR, FNDC4	GCKR			ENSG00000084734			rs1260326-T	rs1260326	0	1260326	missense_variant	0	0.41	7E-8	7.154901959985743		0.04	[0.020-0.060] unit decrease	Affymetrix, Illumina [2373958] (imputed)	N	coffee consumption, cups of coffee per day measurement	http://www.ebi.ac.uk/efo/EFO_0004330, http://www.ebi.ac.uk/efo/EFO_0006782	GCST002650	Genome-wide genotyping array
2015-07-07	25288136	Cornelis MC	2014-10-07	Mol Psychiatry	www.ncbi.nlm.nih.gov/pubmed/25288136	Genome-wide meta-analysis identifies six novel loci associated with habitual coffee consumption.	Coffee consumption (cups per day)	91,462 European ancestry individuals	30,062 European ancestry individuals, 7,964 African American individuals	4q22.1	4	88117930	ABCG2, PKD2, PPM1K	ABCG2			ENSG00000118777			rs1481012-A	rs1481012	0	1481012	intron_variant	0	0.89	9E-8	7.045757490560675		0.06	[0.040-0.080] unit increase	Affymetrix, Illumina [2373958] (imputed)	N	coffee consumption, cups of coffee per day measurement	http://www.ebi.ac.uk/efo/EFO_0004330, http://www.ebi.ac.uk/efo/EFO_0006782	GCST002650	Genome-wide genotyping array
2015-07-07	25288136	Cornelis MC	2014-10-07	Mol Psychiatry	www.ncbi.nlm.nih.gov/pubmed/25288136	Genome-wide meta-analysis identifies six novel loci associated with habitual coffee consumption.	Coffee consumption (cups per day)	91,462 European ancestry individuals	30,062 European ancestry individuals, 7,964 African American individuals	7p21.1	7	17244953	AHR	AHR			ENSG00000106546			rs4410790-T	rs4410790	0	4410790	intron_variant	0	0.37	3E-17	16.522878745280337		0.1	[0.08-0.12] unit decrease	Affymetrix, Illumina [2373958] (imputed)	N	coffee consumption, cups of coffee per day measurement	http://www.ebi.ac.uk/efo/EFO_0004330, http://www.ebi.ac.uk/efo/EFO_0006782	GCST002650	Genome-wide genotyping array
2015-07-07	25288136	Cornelis MC	2014-10-07	Mol Psychiatry	www.ncbi.nlm.nih.gov/pubmed/25288136	Genome-wide meta-analysis identifies six novel loci associated with habitual coffee consumption.	Coffee consumption (cups per day)	91,462 European ancestry individuals	30,062 European ancestry individuals, 7,964 African American individuals	7q11.23	7	75986787	POR, SNORA14A, TMEM120A	POR			ENSG00000127948			rs17685-A	rs17685	0	17685	3_prime_UTR_variant	0	0.29	4E-11	10.397940008672037		0.07	[0.050-0.090] unit increase	Affymetrix, Illumina [2373958] (imputed)	N	coffee consumption, cups of coffee per day measurement	http://www.ebi.ac.uk/efo/EFO_0004330, http://www.ebi.ac.uk/efo/EFO_0006782	GCST002650	Genome-wide genotyping array
2015-07-07	25288136	Cornelis MC	2014-10-07	Mol Psychiatry	www.ncbi.nlm.nih.gov/pubmed/25288136	Genome-wide meta-analysis identifies six novel loci associated with habitual coffee consumption.	Coffee consumption (cups per day)	91,462 European ancestry individuals	30,062 European ancestry individuals, 7,964 African American individuals	11p14.1	11	27726124	BDNF	BDNF - CBX3P1	ENSG00000176697	ENSG00000177447		4066	80319	rs12288512-A	rs12288512	0	12288512	non_coding_transcript_exon_variant	1	NR	6E-7	6.221848749616356		0.04	[0.020-0.060] unit increase	Affymetrix, Illumina [2373958] (imputed)	N	coffee consumption, cups of coffee per day measurement	http://www.ebi.ac.uk/efo/EFO_0004330, http://www.ebi.ac.uk/efo/EFO_0006782	GCST002650	Genome-wide genotyping array
2015-07-07	25288136	Cornelis MC	2014-10-07	Mol Psychiatry	www.ncbi.nlm.nih.gov/pubmed/25288136	Genome-wide meta-analysis identifies six novel loci associated with habitual coffee consumption.	Coffee consumption (cups per day)	91,462 European ancestry individuals	30,062 European ancestry individuals, 7,964 African American individuals	15q24.1	15	74735539	CYP1A1, CYP1A2	CYP1A1 - CYP1A2	ENSG00000140465	ENSG00000140505		10003	13256	rs2472297-T	rs2472297	0	2472297	intergenic_variant	1	0.24	2E-24	23.69897000433602		0.14	[0.12-0.16] unit increase	Affymetrix, Illumina [2373958] (imputed)	N	coffee consumption, cups of coffee per day measurement	http://www.ebi.ac.uk/efo/EFO_0004330, http://www.ebi.ac.uk/efo/EFO_0006782	GCST002650	Genome-wide genotyping array
2015-07-07	25288136	Cornelis MC	2014-10-07	Mol Psychiatry	www.ncbi.nlm.nih.gov/pubmed/25288136	Genome-wide meta-analysis identifies six novel loci associated with habitual coffee consumption.	Coffee consumption (cups per day)	91,462 European ancestry individuals	30,062 European ancestry individuals, 7,964 African American individuals	17q11.2	17	30022077	EFCAB5, SSH2, CCDC55	EFCAB5			ENSG00000176927			rs9902453-A	rs9902453	0	9902453	intron_variant	0	0.54	3E-8	7.522878745280337		0.03	[0.01-0.05] unit decrease	Affymetrix, Illumina [2373958] (imputed)	N	coffee consumption, cups of coffee per day measurement	http://www.ebi.ac.uk/efo/EFO_0004330, http://www.ebi.ac.uk/efo/EFO_0006782	GCST002650	Genome-wide genotyping array
2015-07-07	25288136	Cornelis MC	2014-10-07	Mol Psychiatry	www.ncbi.nlm.nih.gov/pubmed/25288136	Genome-wide meta-analysis identifies six novel loci associated with habitual coffee consumption.	Coffee consumption (cups per day)	91,462 European ancestry individuals	30,062 European ancestry individuals, 7,964 African American individuals	7q11.23	7	73621527	MLXIPL, TBL2, VPS37D	MLXIPL			ENSG00000009950			rs7800944-T	rs7800944	0	7800944	intron_variant	0	0.72	3E-11	10.522878745280337		0.05	[0.030-0.070] unit decrease	Affymetrix, Illumina [2373958] (imputed)	N	coffee consumption, cups of coffee per day measurement	http://www.ebi.ac.uk/efo/EFO_0004330, http://www.ebi.ac.uk/efo/EFO_0006782	GCST002650	Genome-wide genotyping array
2015-07-07	25288136	Cornelis MC	2014-10-07	Mol Psychiatry	www.ncbi.nlm.nih.gov/pubmed/25288136	Genome-wide meta-analysis identifies six novel loci associated with habitual coffee consumption.	Coffee consumption (cups per day)	91,462 European ancestry individuals	30,062 European ancestry individuals, 7,964 African American individuals	11q25	11	133386666	NR	OPCML			ENSG00000183715			rs4245116-T	rs4245116	0	4245116	intron_variant	0	NR	2E-6	5.698970004336019		0.03	[0.010-0.050] unit increase	Affymetrix, Illumina [2373958] (imputed)	N	coffee consumption, cups of coffee per day measurement	http://www.ebi.ac.uk/efo/EFO_0004330, http://www.ebi.ac.uk/efo/EFO_0006782	GCST002650	Genome-wide genotyping array
2015-07-07	25288136	Cornelis MC	2014-10-07	Mol Psychiatry	www.ncbi.nlm.nih.gov/pubmed/25288136	Genome-wide meta-analysis identifies six novel loci associated with habitual coffee consumption.	Coffee consumption	17,479 European ancestry high consumption individuals, 31,049 European ancestry no or low consumption individuals	6,497 European ancestry high consumption individuals, 432 African American high consumption individuals, 6,972 European ancestry no or low consumption individuals, 3,413 African American no or low consumption individuals	7q11.23	7	75986787	POR, SNORA14A, TMEM120A	POR			ENSG00000127948			rs17685-A	rs17685	0	17685	3_prime_UTR_variant	0	0.29	1E-9	9.0		0.08	[0.060-0.100] unit increase	Affymetrix, Illumina [2376205] (imputed)	N	coffee consumption	http://www.ebi.ac.uk/efo/EFO_0004330	GCST002651	Genome-wide genotyping array
2015-07-07	25288136	Cornelis MC	2014-10-07	Mol Psychiatry	www.ncbi.nlm.nih.gov/pubmed/25288136	Genome-wide meta-analysis identifies six novel loci associated with habitual coffee consumption.	Coffee consumption	17,479 European ancestry high consumption individuals, 31,049 European ancestry no or low consumption individuals	6,497 European ancestry high consumption individuals, 432 African American high consumption individuals, 6,972 European ancestry no or low consumption individuals, 3,413 African American no or low consumption individuals	15q24.1	15	74727108	CYP1A1, CYP1A2	CYP1A1 - CYP1A2	ENSG00000140465	ENSG00000140505		1572	21687	rs2470893-T	rs2470893	0	2470893	intergenic_variant	1	0.31	5E-19	18.30102999566398		0.2	[0.16-0.24] unit increase	Affymetrix, Illumina [2376205] (imputed)	N	coffee consumption	http://www.ebi.ac.uk/efo/EFO_0004330	GCST002651	Genome-wide genotyping array
2015-07-07	25288136	Cornelis MC	2014-10-07	Mol Psychiatry	www.ncbi.nlm.nih.gov/pubmed/25288136	Genome-wide meta-analysis identifies six novel loci associated with habitual coffee consumption.	Coffee consumption	17,479 European ancestry high consumption individuals, 31,049 European ancestry no or low consumption individuals	6,497 European ancestry high consumption individuals, 432 African American high consumption individuals, 6,972 European ancestry no or low consumption individuals, 3,413 African American no or low consumption individuals	7q35	7	145365647	NR	RPL7P59 - DPY19L4P2	ENSG00000225918	ENSG00000231839		324706	217550	rs10227393-C	rs10227393	0	10227393	intergenic_variant	1	NR	9E-6	5.045757490560675		0.08	[0.041-0.119] unit decrease	Affymetrix, Illumina [2376205] (imputed)	N	coffee consumption	http://www.ebi.ac.uk/efo/EFO_0004330	GCST002651	Genome-wide genotyping array
2015-07-07	25288136	Cornelis MC	2014-10-07	Mol Psychiatry	www.ncbi.nlm.nih.gov/pubmed/25288136	Genome-wide meta-analysis identifies six novel loci associated with habitual coffee consumption.	Coffee consumption	17,479 European ancestry high consumption individuals, 31,049 European ancestry no or low consumption individuals	6,497 European ancestry high consumption individuals, 432 African American high consumption individuals, 6,972 European ancestry no or low consumption individuals, 3,413 African American no or low consumption individuals	7p21.1	7	17247482	AHR	AHR			ENSG00000106546			rs6968554-A	rs6968554	0	6968554	intron_variant	0	0.39	7E-15	14.154901959985743		0.2	[0.14-0.26] unit decrease	Affymetrix, Illumina [2376205] (imputed)	N	coffee consumption	http://www.ebi.ac.uk/efo/EFO_0004330	GCST002651	Genome-wide genotyping array
2022-12-09	24816252	Shin SY	2014-05-11	Nat Genet	www.ncbi.nlm.nih.gov/pubmed/24816252	An atlas of genetic influences on human blood metabolites.	Caffeine levels	7,719 European ancestry individuals	NA	7p21.1	7	17247482		AHR			ENSG00000106546			rs6968554-A	rs6968554	0	6968554	intron_variant	0	0.38	9E-14	13.045757490560675		0.064	[0.046-0.082] unit increase	Affymetrix, Illumina [2100000] (imputed)	N	caffeine measurement	http://www.ebi.ac.uk/efo/EFO_0021177	GCST90243411	Genome-wide genotyping array
2021-02-25	32722627	Jin T	2020-07-26	Nutrients	www.ncbi.nlm.nih.gov/pubmed/32722627	Interactions of Habitual Coffee Consumption by Genetic Polymorphisms with the Risk of Prediabetes and Type 2 Diabetes Combined.	Coffee consumption	6,080 Korean ancestry cases, 1,788 Korean ancestry controls	NA	12q24.11	12	110948323	NR	MYL2, VHRT			ENSG00000111245, ENSG00000185847			rs2188380-C	rs2188380	0	2188380	intron_variant	0	NR	1E-6	6.0		1.336	NR	Affymetrix [352228] (imputed)	N	coffee consumption	http://www.ebi.ac.uk/efo/EFO_0004330	GCST011158	Genome-wide genotyping array
2021-02-25	32722627	Jin T	2020-07-26	Nutrients	www.ncbi.nlm.nih.gov/pubmed/32722627	Interactions of Habitual Coffee Consumption by Genetic Polymorphisms with the Risk of Prediabetes and Type 2 Diabetes Combined.	Coffee consumption	6,080 Korean ancestry cases, 1,788 Korean ancestry controls	NA	12q24.11	12	111171923	NR	CUX2			ENSG00000111249			rs3809297-T	rs3809297	0	3809297	intron_variant	0	NR	5E-7	6.301029995663981		1.326	NR	Affymetrix [352228] (imputed)	N	coffee consumption	http://www.ebi.ac.uk/efo/EFO_0004330	GCST011158	Genome-wide genotyping array
2021-02-25	32722627	Jin T	2020-07-26	Nutrients	www.ncbi.nlm.nih.gov/pubmed/32722627	Interactions of Habitual Coffee Consumption by Genetic Polymorphisms with the Risk of Prediabetes and Type 2 Diabetes Combined.	Coffee consumption	6,080 Korean ancestry cases, 1,788 Korean ancestry controls	NA	12q24.11	12	111280427	NR	CUX2			ENSG00000111249			rs79105258-A	rs79105258	0	79105258	intron_variant	0	NR	4E-7	6.3979400086720375		1.338	NR	Affymetrix [352228] (imputed)	N	coffee consumption	http://www.ebi.ac.uk/efo/EFO_0004330	GCST011158	Genome-wide genotyping array
2021-02-25	32722627	Jin T	2020-07-26	Nutrients	www.ncbi.nlm.nih.gov/pubmed/32722627	Interactions of Habitual Coffee Consumption by Genetic Polymorphisms with the Risk of Prediabetes and Type 2 Diabetes Combined.	Coffee consumption	6,080 Korean ancestry cases, 1,788 Korean ancestry controls	NA	12q24.12	12	111672685	NR	BRAP			ENSG00000089234			rs3782886-C	rs3782886	0	3782886	synonymous_variant	0	NR	3E-7	6.522878745280337		1.33	NR	Affymetrix [352228] (imputed)	N	coffee consumption	http://www.ebi.ac.uk/efo/EFO_0004330	GCST011158	Genome-wide genotyping array
2021-02-25	32722627	Jin T	2020-07-26	Nutrients	www.ncbi.nlm.nih.gov/pubmed/32722627	Interactions of Habitual Coffee Consumption by Genetic Polymorphisms with the Risk of Prediabetes and Type 2 Diabetes Combined.	Coffee consumption	6,080 Korean ancestry cases, 1,788 Korean ancestry controls	NA	12q24.12	12	111730205	NR	ACAD10			ENSG00000111271			rs11066015-A	rs11066015	0	11066015	intron_variant	0	NR	8E-6	5.096910013008056		1.28	NR	Affymetrix [352228] (imputed)	N	coffee consumption	http://www.ebi.ac.uk/efo/EFO_0004330	GCST011158	Genome-wide genotyping array
2021-02-25	32722627	Jin T	2020-07-26	Nutrients	www.ncbi.nlm.nih.gov/pubmed/32722627	Interactions of Habitual Coffee Consumption by Genetic Polymorphisms with the Risk of Prediabetes and Type 2 Diabetes Combined.	Coffee consumption	6,080 Korean ancestry cases, 1,788 Korean ancestry controls	NA	12q24.12	12	111792215	NR	ALDH2			ENSG00000111275			rs4646776-C	rs4646776	0	4646776	intron_variant	0	NR	5E-7	6.301029995663981		1.322	NR	Affymetrix [352228] (imputed)	N	coffee consumption	http://www.ebi.ac.uk/efo/EFO_0004330	GCST011158	Genome-wide genotyping array
2021-02-25	32722627	Jin T	2020-07-26	Nutrients	www.ncbi.nlm.nih.gov/pubmed/32722627	Interactions of Habitual Coffee Consumption by Genetic Polymorphisms with the Risk of Prediabetes and Type 2 Diabetes Combined.	Coffee consumption	6,080 Korean ancestry cases, 1,788 Korean ancestry controls	NA	12q24.13	12	112074109	NR	NAA25			ENSG00000111300			rs116873087-C	rs116873087	0	116873087	intron_variant	0	NR	2E-7	6.698970004336019		1.343	NR	Affymetrix [352228] (imputed)	N	coffee consumption	http://www.ebi.ac.uk/efo/EFO_0004330	GCST011158	Genome-wide genotyping array
2021-02-25	32722627	Jin T	2020-07-26	Nutrients	www.ncbi.nlm.nih.gov/pubmed/32722627	Interactions of Habitual Coffee Consumption by Genetic Polymorphisms with the Risk of Prediabetes and Type 2 Diabetes Combined.	Coffee consumption	6,080 Korean ancestry cases, 1,788 Korean ancestry controls	NA	12q24.13	12	112136812	NR	TRAFD1			ENSG00000135148			rs12231737-T	rs12231737	0	12231737	intron_variant	0	NR	5E-7	6.301029995663981		1.318	NR	Affymetrix [352228] (imputed)	N	coffee consumption	http://www.ebi.ac.uk/efo/EFO_0004330	GCST011158	Genome-wide genotyping array
2021-02-25	32722627	Jin T	2020-07-26	Nutrients	www.ncbi.nlm.nih.gov/pubmed/32722627	Interactions of Habitual Coffee Consumption by Genetic Polymorphisms with the Risk of Prediabetes and Type 2 Diabetes Combined.	Coffee consumption	6,080 Korean ancestry cases, 1,788 Korean ancestry controls	NA	12q24.13	12	112207597	NR	HECTD4			ENSG00000173064			rs2074356-A	rs2074356	0	2074356	intron_variant	0	NR	7E-8	7.154901959985743		1.375	NR	Affymetrix [352228] (imputed)	N	coffee consumption	http://www.ebi.ac.uk/efo/EFO_0004330	GCST011158	Genome-wide genotyping array
2021-02-25	32722627	Jin T	2020-07-26	Nutrients	www.ncbi.nlm.nih.gov/pubmed/32722627	Interactions of Habitual Coffee Consumption by Genetic Polymorphisms with the Risk of Prediabetes and Type 2 Diabetes Combined.	Coffee consumption	6,080 Korean ancestry cases, 1,788 Korean ancestry controls	NA	12q24.13	12	112379979	NR	HECTD4			ENSG00000173064			rs11066280-A	rs11066280	0	11066280	intron_variant	0	NR	6E-6	5.221848749616356		1.283	NR	Affymetrix [352228] (imputed)	N	coffee consumption	http://www.ebi.ac.uk/efo/EFO_0004330	GCST011158	Genome-wide genotyping array
2021-02-25	32722627	Jin T	2020-07-26	Nutrients	www.ncbi.nlm.nih.gov/pubmed/32722627	Interactions of Habitual Coffee Consumption by Genetic Polymorphisms with the Risk of Prediabetes and Type 2 Diabetes Combined.	Coffee consumption	6,080 Korean ancestry cases, 1,788 Korean ancestry controls	NA	12q24.13	12	112492671	NR	PTPN11			ENSG00000179295			rs11066325-C	rs11066325	0	11066325	intron_variant	0	NR	5E-6	5.301029995663981		1.293	NR	Affymetrix [352228] (imputed)	N	coffee consumption	http://www.ebi.ac.uk/efo/EFO_0004330	GCST011158	Genome-wide genotyping array
2025-08-29	40436827	Jee YH	2025-05-28	Nat Commun	www.ncbi.nlm.nih.gov/pubmed/40436827	Genome-wide association studies in a large Korean cohort identify quantitative trait loci for 36 traits and illuminate their genetic architectures.	Weekly coffee intake	153,950 Korean ancestry individuals	NA	12q24.12	12	111803962		ALDH2			ENSG00000111275			rs671-A	rs671	0	671	missense_variant	0	0.166001	3E-49	48.52287874528034		0.0606983	[0.053-0.069] unit increase	NR [6809738] (imputed)	N	coffee consumption	http://www.ebi.ac.uk/efo/EFO_0004330	GCST90662891	Genome-wide genotyping array
2025-08-29	40436827	Jee YH	2025-05-28	Nat Commun	www.ncbi.nlm.nih.gov/pubmed/40436827	Genome-wide association studies in a large Korean cohort identify quantitative trait loci for 36 traits and illuminate their genetic architectures.	Weekly coffee intake	153,950 Korean ancestry individuals	NA	4q22.1	4	88099351		ABCG2			ENSG00000118777			rs192169063-G	rs192169063	0	192169063	missense_variant	0	0.0147326	2E-8	7.698970004336019		0.107243	[0.07-0.145] unit decrease	NR [6809738] (imputed)	N	coffee consumption	http://www.ebi.ac.uk/efo/EFO_0004330	GCST90662891	Genome-wide genotyping array
2025-08-29	40436827	Jee YH	2025-05-28	Nat Commun	www.ncbi.nlm.nih.gov/pubmed/40436827	Genome-wide association studies in a large Korean cohort identify quantitative trait loci for 36 traits and illuminate their genetic architectures.	Weekly coffee intake	153,950 Korean ancestry individuals	NA	7p21.1	7	17244953		AHR			ENSG00000106546			rs4410790-C	rs4410790	0	4410790	intron_variant	0	0.403199	2E-12	11.698970004336019		0.0176278	[0.013-0.023] unit increase	NR [6809738] (imputed)	N	coffee consumption	http://www.ebi.ac.uk/efo/EFO_0004330	GCST90662891	Genome-wide genotyping array
2026-02-16	41606330	Namba S	2026-01-28	Nature	www.ncbi.nlm.nih.gov/pubmed/41606330	A cross-population compendium of gene-environment interactions.	Urate x all environments (Sex, Age, Ever-drinking, Ever-smoking, Current-smoking, Meat and cheese, Vegetable and fish, Tea and coffee, and Physical activity) interaction	255,718 British ancestry individuals	28,090 British ancestry individuals	4p16.1	4	9934813		SLC2A9			ENSG00000109667			rs6449140-C	rs6449140	0	6449140	intron_variant	0	NR	5E-190	189.30102999566398				Illumina [9810782] (imputed)	N	smoking status measurement, coffee consumption measurement, urate measurement, diet measurement, fish consumption measurement, sex interaction measurement, physical activity, alcohol drinking, tea consumption measurement, age at assessment	http://www.ebi.ac.uk/efo/EFO_0006527, http://www.ebi.ac.uk/efo/EFO_0006781, http://www.ebi.ac.uk/efo/EFO_0004531, http://www.ebi.ac.uk/efo/EFO_0008111, http://www.ebi.ac.uk/efo/EFO_0010139, http://www.ebi.ac.uk/efo/EFO_0008343, http://www.ebi.ac.uk/efo/EFO_0003940, http://www.ebi.ac.uk/efo/EFO_0004329, http://www.ebi.ac.uk/efo/EFO_0010091, http://www.ebi.ac.uk/efo/EFO_0008007	GCST90682856	Genome-wide genotyping array
2025-06-06	40360795	Sadhu N	2025-05-13	Nat Cardiovasc Res	www.ncbi.nlm.nih.gov/pubmed/40360795	Metabolome-wide association identifies ferredoxin-1 (FDX1) as a determinant of cholesterol metabolism and cardiovascular risk in Asian populations.	Caffeine levels	1,876 East Asian ancestry, South Asian ancestry, South East Asian ancestry individuals	NA	16p11.2	16	29425802		SMG1P6			ENSG00000254634			rs71387661-?	rs71387661	0	71387661	non_coding_transcript_exon_variant	0	NR	3E-8	7.522878745280337				Illumina [7101506] (imputed)	N	caffeine measurement	http://www.ebi.ac.uk/efo/EFO_0021177	GCST90503899	Genome-wide sequencing
2025-06-06	40360795	Sadhu N	2025-05-13	Nat Cardiovasc Res	www.ncbi.nlm.nih.gov/pubmed/40360795	Metabolome-wide association identifies ferredoxin-1 (FDX1) as a determinant of cholesterol metabolism and cardiovascular risk in Asian populations.	Caffeine levels	1,876 East Asian ancestry, South Asian ancestry, South East Asian ancestry individuals	NA	2p23.1	2	30703083		LCLAT1 - CAPN13	ENSG00000172954	ENSG00000162949		58858	19688	rs68064015-?	rs68064015	0	68064015	intergenic_variant	1	NR	9E-7	6.045757490560675				Illumina [7101506] (imputed)	N	caffeine measurement	http://www.ebi.ac.uk/efo/EFO_0021177	GCST90503899	Genome-wide sequencing
2025-06-06	40360795	Sadhu N	2025-05-13	Nat Cardiovasc Res	www.ncbi.nlm.nih.gov/pubmed/40360795	Metabolome-wide association identifies ferredoxin-1 (FDX1) as a determinant of cholesterol metabolism and cardiovascular risk in Asian populations.	Caffeine levels	1,876 East Asian ancestry, South Asian ancestry, South East Asian ancestry individuals	NA											chr3:55203242-?	chr3:55203242	0			1	NR	2E-6	5.698970004336019				Illumina [7101506] (imputed)	N	caffeine measurement	http://www.ebi.ac.uk/efo/EFO_0021177	GCST90503899	Genome-wide sequencing
2025-06-06	40360795	Sadhu N	2025-05-13	Nat Cardiovasc Res	www.ncbi.nlm.nih.gov/pubmed/40360795	Metabolome-wide association identifies ferredoxin-1 (FDX1) as a determinant of cholesterol metabolism and cardiovascular risk in Asian populations.	Caffeine levels	1,876 East Asian ancestry, South Asian ancestry, South East Asian ancestry individuals	NA	9q33.3	9	123595434		DENND1A			ENSG00000119522			rs77999189-?	rs77999189	0	77999189	intron_variant	0	NR	2E-6	5.698970004336019				Illumina [7101506] (imputed)	N	caffeine measurement	http://www.ebi.ac.uk/efo/EFO_0021177	GCST90503899	Genome-wide sequencing
2025-06-06	40360795	Sadhu N	2025-05-13	Nat Cardiovasc Res	www.ncbi.nlm.nih.gov/pubmed/40360795	Metabolome-wide association identifies ferredoxin-1 (FDX1) as a determinant of cholesterol metabolism and cardiovascular risk in Asian populations.	Caffeine levels	1,876 East Asian ancestry, South Asian ancestry, South East Asian ancestry individuals	NA	4p16.1	4	8776178		GPR78 - HMX1	ENSG00000155269	ENSG00000215612		156417	69898	rs36172382-?	rs36172382	0	36172382	intergenic_variant	1	NR	3E-6	5.522878745280337				Illumina [7101506] (imputed)	N	caffeine measurement	http://www.ebi.ac.uk/efo/EFO_0021177	GCST90503899	Genome-wide sequencing
2025-06-06	40360795	Sadhu N	2025-05-13	Nat Cardiovasc Res	www.ncbi.nlm.nih.gov/pubmed/40360795	Metabolome-wide association identifies ferredoxin-1 (FDX1) as a determinant of cholesterol metabolism and cardiovascular risk in Asian populations.	Caffeine levels	1,876 East Asian ancestry, South Asian ancestry, South East Asian ancestry individuals	NA	2q31.1	2	170687522		MYO3B - ERICH2-DT	ENSG00000071909	ENSG00000234350		32351	12821	rs56830967-?	rs56830967	0	56830967	intron_variant	1	NR	4E-6	5.3979400086720375				Illumina [7101506] (imputed)	N	caffeine measurement	http://www.ebi.ac.uk/efo/EFO_0021177	GCST90503899	Genome-wide sequencing
2025-06-06	40360795	Sadhu N	2025-05-13	Nat Cardiovasc Res	www.ncbi.nlm.nih.gov/pubmed/40360795	Metabolome-wide association identifies ferredoxin-1 (FDX1) as a determinant of cholesterol metabolism and cardiovascular risk in Asian populations.	Caffeine levels	1,876 East Asian ancestry, South Asian ancestry, South East Asian ancestry individuals	NA	5q11.2	5	58843506		RAB3C			ENSG00000152932			rs138184990-?	rs138184990	0	138184990	intron_variant	0	NR	5E-6	5.301029995663981				Illumina [7101506] (imputed)	N	caffeine measurement	http://www.ebi.ac.uk/efo/EFO_0021177	GCST90503899	Genome-wide sequencing
2025-06-06	40360795	Sadhu N	2025-05-13	Nat Cardiovasc Res	www.ncbi.nlm.nih.gov/pubmed/40360795	Metabolome-wide association identifies ferredoxin-1 (FDX1) as a determinant of cholesterol metabolism and cardiovascular risk in Asian populations.	Caffeine levels	1,876 East Asian ancestry, South Asian ancestry, South East Asian ancestry individuals	NA											chr7:104880081-?	chr7:104880081	0			1	NR	5E-6	5.301029995663981				Illumina [7101506] (imputed)	N	caffeine measurement	http://www.ebi.ac.uk/efo/EFO_0021177	GCST90503899	Genome-wide sequencing
2025-06-06	40360795	Sadhu N	2025-05-13	Nat Cardiovasc Res	www.ncbi.nlm.nih.gov/pubmed/40360795	Metabolome-wide association identifies ferredoxin-1 (FDX1) as a determinant of cholesterol metabolism and cardiovascular risk in Asian populations.	Caffeine levels	1,876 East Asian ancestry, South Asian ancestry, South East Asian ancestry individuals	NA	8p22	8	16839516		MSR1 - RN7SL474P	ENSG00000038945	ENSG00000264092		272026	23680	rs142521554-?	rs142521554	0	142521554	intron_variant	1	NR	6E-6	5.221848749616356				Illumina [7101506] (imputed)	N	caffeine measurement	http://www.ebi.ac.uk/efo/EFO_0021177	GCST90503899	Genome-wide sequencing
2025-06-06	40360795	Sadhu N	2025-05-13	Nat Cardiovasc Res	www.ncbi.nlm.nih.gov/pubmed/40360795	Metabolome-wide association identifies ferredoxin-1 (FDX1) as a determinant of cholesterol metabolism and cardiovascular risk in Asian populations.	Caffeine levels	1,876 East Asian ancestry, South Asian ancestry, South East Asian ancestry individuals	NA	11q23.3	11	121090299		TBCEL, TBCEL-TECTA			ENSG00000154114, ENSG00000285509			rs111406527-?	rs111406527	0	111406527	3_prime_UTR_variant	0	NR	7E-7	6.154901959985743				Illumina [7101506] (imputed)	N	caffeine measurement	http://www.ebi.ac.uk/efo/EFO_0021177	GCST90503899	Genome-wide sequencing
2025-06-06	40360795	Sadhu N	2025-05-13	Nat Cardiovasc Res	www.ncbi.nlm.nih.gov/pubmed/40360795	Metabolome-wide association identifies ferredoxin-1 (FDX1) as a determinant of cholesterol metabolism and cardiovascular risk in Asian populations.	Caffeine levels	1,876 East Asian ancestry, South Asian ancestry, South East Asian ancestry individuals	NA	12p13.33	12	3172392		TSPAN9			ENSG00000011105			rs187609837-?	rs187609837	0	187609837	non_coding_transcript_exon_variant	0	NR	7E-7	6.154901959985743				Illumina [7101506] (imputed)	N	caffeine measurement	http://www.ebi.ac.uk/efo/EFO_0021177	GCST90503899	Genome-wide sequencing
2025-06-06	40360795	Sadhu N	2025-05-13	Nat Cardiovasc Res	www.ncbi.nlm.nih.gov/pubmed/40360795	Metabolome-wide association identifies ferredoxin-1 (FDX1) as a determinant of cholesterol metabolism and cardiovascular risk in Asian populations.	Caffeine levels	1,876 East Asian ancestry, South Asian ancestry, South East Asian ancestry individuals	NA	20p13	20	2948007		PTPRA			ENSG00000132670			rs569471159-?	rs569471159	0	569471159	5_prime_UTR_variant	0	NR	1E-6	6.0				Illumina [7101506] (imputed)	N	caffeine measurement	http://www.ebi.ac.uk/efo/EFO_0021177	GCST90503899	Genome-wide sequencing
2025-06-06	40360795	Sadhu N	2025-05-13	Nat Cardiovasc Res	www.ncbi.nlm.nih.gov/pubmed/40360795	Metabolome-wide association identifies ferredoxin-1 (FDX1) as a determinant of cholesterol metabolism and cardiovascular risk in Asian populations.	Caffeine levels	1,876 East Asian ancestry, South Asian ancestry, South East Asian ancestry individuals	NA	6p24.1	6	11628724		TMEM170B - Metazoa_SRP	ENSG00000205269	ENSG00000275978		45200	15343	rs11758696-?	rs11758696	0	11758696	intron_variant	1	NR	1E-6	6.0				Illumina [7101506] (imputed)	N	caffeine measurement	http://www.ebi.ac.uk/efo/EFO_0021177	GCST90503899	Genome-wide sequencing
2025-06-06	40360795	Sadhu N	2025-05-13	Nat Cardiovasc Res	www.ncbi.nlm.nih.gov/pubmed/40360795	Metabolome-wide association identifies ferredoxin-1 (FDX1) as a determinant of cholesterol metabolism and cardiovascular risk in Asian populations.	Caffeine levels	1,876 East Asian ancestry, South Asian ancestry, South East Asian ancestry individuals	NA											chr19:56333801-?	chr19:56333801	0			1	NR	2E-6	5.698970004336019				Illumina [7101506] (imputed)	N	caffeine measurement	http://www.ebi.ac.uk/efo/EFO_0021177	GCST90503899	Genome-wide sequencing
2025-06-06	40360795	Sadhu N	2025-05-13	Nat Cardiovasc Res	www.ncbi.nlm.nih.gov/pubmed/40360795	Metabolome-wide association identifies ferredoxin-1 (FDX1) as a determinant of cholesterol metabolism and cardiovascular risk in Asian populations.	Caffeine levels	1,876 East Asian ancestry, South Asian ancestry, South East Asian ancestry individuals	NA											chr15:98756038-?	chr15:98756038	0			1	NR	2E-6	5.698970004336019				Illumina [7101506] (imputed)	N	caffeine measurement	http://www.ebi.ac.uk/efo/EFO_0021177	GCST90503899	Genome-wide sequencing
2025-06-06	40360795	Sadhu N	2025-05-13	Nat Cardiovasc Res	www.ncbi.nlm.nih.gov/pubmed/40360795	Metabolome-wide association identifies ferredoxin-1 (FDX1) as a determinant of cholesterol metabolism and cardiovascular risk in Asian populations.	Caffeine levels	1,876 East Asian ancestry, South Asian ancestry, South East Asian ancestry individuals	NA	4p16.1	4	7519457		SORCS2			ENSG00000184985			rs10002923-?	rs10002923	0	10002923	intron_variant	0	NR	2E-6	5.698970004336019				Illumina [7101506] (imputed)	N	caffeine measurement	http://www.ebi.ac.uk/efo/EFO_0021177	GCST90503899	Genome-wide sequencing
2025-06-06	40360795	Sadhu N	2025-05-13	Nat Cardiovasc Res	www.ncbi.nlm.nih.gov/pubmed/40360795	Metabolome-wide association identifies ferredoxin-1 (FDX1) as a determinant of cholesterol metabolism and cardiovascular risk in Asian populations.	Caffeine levels	1,876 East Asian ancestry, South Asian ancestry, South East Asian ancestry individuals	NA	13q12.11	13	22288942		LINC00540 - FTH1P7	ENSG00000276476	ENSG00000232187		12416	407081	rs12868707-?	rs12868707	0	12868707	intergenic_variant	1	NR	3E-6	5.522878745280337				Illumina [7101506] (imputed)	N	caffeine measurement	http://www.ebi.ac.uk/efo/EFO_0021177	GCST90503899	Genome-wide sequencing
2025-06-06	40360795	Sadhu N	2025-05-13	Nat Cardiovasc Res	www.ncbi.nlm.nih.gov/pubmed/40360795	Metabolome-wide association identifies ferredoxin-1 (FDX1) as a determinant of cholesterol metabolism and cardiovascular risk in Asian populations.	Caffeine levels	1,876 East Asian ancestry, South Asian ancestry, South East Asian ancestry individuals	NA	19p13.3	19	6467899		DENND1C			ENSG00000205744			rs35173535-?	rs35173535	0	35173535	missense_variant	0	NR	3E-6	5.522878745280337				Illumina [7101506] (imputed)	N	caffeine measurement	http://www.ebi.ac.uk/efo/EFO_0021177	GCST90503899	Genome-wide sequencing
2025-06-06	40360795	Sadhu N	2025-05-13	Nat Cardiovasc Res	www.ncbi.nlm.nih.gov/pubmed/40360795	Metabolome-wide association identifies ferredoxin-1 (FDX1) as a determinant of cholesterol metabolism and cardiovascular risk in Asian populations.	Caffeine levels	1,876 East Asian ancestry, South Asian ancestry, South East Asian ancestry individuals	NA	3q13.2	3	113639988		RN7SL767P - USF3	ENSG00000241529	ENSG00000176542		6990	8397	rs75431261-?	rs75431261	0	75431261	intergenic_variant	1	NR	4E-6	5.3979400086720375				Illumina [7101506] (imputed)	N	caffeine measurement	http://www.ebi.ac.uk/efo/EFO_0021177	GCST90503899	Genome-wide sequencing
2025-06-06	40360795	Sadhu N	2025-05-13	Nat Cardiovasc Res	www.ncbi.nlm.nih.gov/pubmed/40360795	Metabolome-wide association identifies ferredoxin-1 (FDX1) as a determinant of cholesterol metabolism and cardiovascular risk in Asian populations.	Caffeine levels	1,876 East Asian ancestry, South Asian ancestry, South East Asian ancestry individuals	NA											chr5:66244674-?	chr5:66244674	0			1	NR	4E-6	5.3979400086720375				Illumina [7101506] (imputed)	N	caffeine measurement	http://www.ebi.ac.uk/efo/EFO_0021177	GCST90503899	Genome-wide sequencing
2025-06-06	40360795	Sadhu N	2025-05-13	Nat Cardiovasc Res	www.ncbi.nlm.nih.gov/pubmed/40360795	Metabolome-wide association identifies ferredoxin-1 (FDX1) as a determinant of cholesterol metabolism and cardiovascular risk in Asian populations.	Caffeine levels	1,876 East Asian ancestry, South Asian ancestry, South East Asian ancestry individuals	NA											chr4:74133076-?	chr4:74133076	0			1	NR	4E-6	5.3979400086720375				Illumina [7101506] (imputed)	N	caffeine measurement	http://www.ebi.ac.uk/efo/EFO_0021177	GCST90503899	Genome-wide sequencing
2025-06-06	40360795	Sadhu N	2025-05-13	Nat Cardiovasc Res	www.ncbi.nlm.nih.gov/pubmed/40360795	Metabolome-wide association identifies ferredoxin-1 (FDX1) as a determinant of cholesterol metabolism and cardiovascular risk in Asian populations.	Caffeine levels	1,876 East Asian ancestry, South Asian ancestry, South East Asian ancestry individuals	NA	7q34	7	139452011		KLRG2			ENSG00000188883			rs149217641-?	rs149217641	0	149217641	3_prime_UTR_variant	0	NR	5E-6	5.301029995663981				Illumina [7101506] (imputed)	N	caffeine measurement	http://www.ebi.ac.uk/efo/EFO_0021177	GCST90503899	Genome-wide sequencing
2025-06-06	40360795	Sadhu N	2025-05-13	Nat Cardiovasc Res	www.ncbi.nlm.nih.gov/pubmed/40360795	Metabolome-wide association identifies ferredoxin-1 (FDX1) as a determinant of cholesterol metabolism and cardiovascular risk in Asian populations.	Caffeine levels	1,876 East Asian ancestry, South Asian ancestry, South East Asian ancestry individuals	NA											chr15:94012414-?	chr15:94012414	0			1	NR	6E-6	5.221848749616356				Illumina [7101506] (imputed)	N	caffeine measurement	http://www.ebi.ac.uk/efo/EFO_0021177	GCST90503899	Genome-wide sequencing
2025-06-06	40360795	Sadhu N	2025-05-13	Nat Cardiovasc Res	www.ncbi.nlm.nih.gov/pubmed/40360795	Metabolome-wide association identifies ferredoxin-1 (FDX1) as a determinant of cholesterol metabolism and cardiovascular risk in Asian populations.	Caffeine levels	1,876 East Asian ancestry, South Asian ancestry, South East Asian ancestry individuals	NA	7p14.3	7	31430249		NEUROD6 - ITPRID1	ENSG00000164600	ENSG00000180347		89523	83841	rs7456225-?	rs7456225	0	7456225	intergenic_variant	1	NR	7E-6	5.154901959985743				Illumina [7101506] (imputed)	N	caffeine measurement	http://www.ebi.ac.uk/efo/EFO_0021177	GCST90503899	Genome-wide sequencing
2025-06-06	40360795	Sadhu N	2025-05-13	Nat Cardiovasc Res	www.ncbi.nlm.nih.gov/pubmed/40360795	Metabolome-wide association identifies ferredoxin-1 (FDX1) as a determinant of cholesterol metabolism and cardiovascular risk in Asian populations.	Caffeine levels	1,876 East Asian ancestry, South Asian ancestry, South East Asian ancestry individuals	NA	21q22.3	21	45083938		ADARB1			ENSG00000197381			rs76409201-?	rs76409201	0	76409201	intron_variant	0	NR	8E-6	5.096910013008056				Illumina [7101506] (imputed)	N	caffeine measurement	http://www.ebi.ac.uk/efo/EFO_0021177	GCST90503899	Genome-wide sequencing
2025-06-06	40360795	Sadhu N	2025-05-13	Nat Cardiovasc Res	www.ncbi.nlm.nih.gov/pubmed/40360795	Metabolome-wide association identifies ferredoxin-1 (FDX1) as a determinant of cholesterol metabolism and cardiovascular risk in Asian populations.	Caffeine levels	1,876 East Asian ancestry, South Asian ancestry, South East Asian ancestry individuals	NA	7q11.23	7	74284214		RFC2 - CLIP2	ENSG00000049541	ENSG00000106665		29756	5193	rs58862688-?	rs58862688	0	58862688	intron_variant	1	NR	3E-8	7.522878745280337				Illumina [7101506] (imputed)	N	caffeine measurement	http://www.ebi.ac.uk/efo/EFO_0021177	GCST90503899	Genome-wide sequencing
2025-06-06	40360795	Sadhu N	2025-05-13	Nat Cardiovasc Res	www.ncbi.nlm.nih.gov/pubmed/40360795	Metabolome-wide association identifies ferredoxin-1 (FDX1) as a determinant of cholesterol metabolism and cardiovascular risk in Asian populations.	Caffeine levels	1,876 East Asian ancestry, South Asian ancestry, South East Asian ancestry individuals	NA	1p36.11	1	27054553		TENT5B - SLC9A1	ENSG00000158246	ENSG00000090020		41703	44256	rs61786545-?	rs61786545	0	61786545	intron_variant	1	NR	8E-6	5.096910013008056				Illumina [7101506] (imputed)	N	caffeine measurement	http://www.ebi.ac.uk/efo/EFO_0021177	GCST90503899	Genome-wide sequencing
2025-06-06	40360795	Sadhu N	2025-05-13	Nat Cardiovasc Res	www.ncbi.nlm.nih.gov/pubmed/40360795	Metabolome-wide association identifies ferredoxin-1 (FDX1) as a determinant of cholesterol metabolism and cardiovascular risk in Asian populations.	Caffeine levels	1,876 East Asian ancestry, South Asian ancestry, South East Asian ancestry individuals	NA	9q34.3	9	135111381		OLFM1			ENSG00000130558			rs56394477-?	rs56394477	0	56394477	intron_variant	0	NR	9E-6	5.045757490560675				Illumina [7101506] (imputed)	N	caffeine measurement	http://www.ebi.ac.uk/efo/EFO_0021177	GCST90503899	Genome-wide sequencing
2025-06-06	40360795	Sadhu N	2025-05-13	Nat Cardiovasc Res	www.ncbi.nlm.nih.gov/pubmed/40360795	Metabolome-wide association identifies ferredoxin-1 (FDX1) as a determinant of cholesterol metabolism and cardiovascular risk in Asian populations.	Caffeine levels	1,876 East Asian ancestry, South Asian ancestry, South East Asian ancestry individuals	NA	8p11.21	8	40814212		ZMAT4			ENSG00000165061			rs138777140-?	rs138777140	0	138777140	intron_variant	0	NR	9E-6	5.045757490560675				Illumina [7101506] (imputed)	N	caffeine measurement	http://www.ebi.ac.uk/efo/EFO_0021177	GCST90503899	Genome-wide sequencing
2025-06-06	40360795	Sadhu N	2025-05-13	Nat Cardiovasc Res	www.ncbi.nlm.nih.gov/pubmed/40360795	Metabolome-wide association identifies ferredoxin-1 (FDX1) as a determinant of cholesterol metabolism and cardiovascular risk in Asian populations.	Caffeine levels	1,876 East Asian ancestry, South Asian ancestry, South East Asian ancestry individuals	NA											chr22:49241707-?	chr22:49241707	0			1	NR	9E-6	5.045757490560675				Illumina [7101506] (imputed)	N	caffeine measurement	http://www.ebi.ac.uk/efo/EFO_0021177	GCST90503899	Genome-wide sequencing
2025-06-06	40360795	Sadhu N	2025-05-13	Nat Cardiovasc Res	www.ncbi.nlm.nih.gov/pubmed/40360795	Metabolome-wide association identifies ferredoxin-1 (FDX1) as a determinant of cholesterol metabolism and cardiovascular risk in Asian populations.	Caffeine levels	1,876 East Asian ancestry, South Asian ancestry, South East Asian ancestry individuals	NA											chr2:45645206-?	chr2:45645206	0			1	NR	5E-6	5.301029995663981				Illumina [7101506] (imputed)	N	caffeine measurement	http://www.ebi.ac.uk/efo/EFO_0021177	GCST90503899	Genome-wide sequencing
2025-06-06	40360795	Sadhu N	2025-05-13	Nat Cardiovasc Res	www.ncbi.nlm.nih.gov/pubmed/40360795	Metabolome-wide association identifies ferredoxin-1 (FDX1) as a determinant of cholesterol metabolism and cardiovascular risk in Asian populations.	Caffeine levels	1,876 East Asian ancestry, South Asian ancestry, South East Asian ancestry individuals	NA	12p13.33	12	1401367		ERC1			ENSG00000082805			rs10744539-?	rs10744539	0	10744539	intron_variant	0	NR	7E-6	5.154901959985743				Illumina [7101506] (imputed)	N	caffeine measurement	http://www.ebi.ac.uk/efo/EFO_0021177	GCST90503899	Genome-wide sequencing
2025-06-06	40360795	Sadhu N	2025-05-13	Nat Cardiovasc Res	www.ncbi.nlm.nih.gov/pubmed/40360795	Metabolome-wide association identifies ferredoxin-1 (FDX1) as a determinant of cholesterol metabolism and cardiovascular risk in Asian populations.	Caffeine levels	1,876 East Asian ancestry, South Asian ancestry, South East Asian ancestry individuals	NA	17q25.1	17	74061465		LINC02074			ENSG00000266357			rs145095662-?	rs145095662	0	145095662	intergenic_variant	0	NR	7E-6	5.154901959985743				Illumina [7101506] (imputed)	N	caffeine measurement	http://www.ebi.ac.uk/efo/EFO_0021177	GCST90503899	Genome-wide sequencing
2025-06-06	40360795	Sadhu N	2025-05-13	Nat Cardiovasc Res	www.ncbi.nlm.nih.gov/pubmed/40360795	Metabolome-wide association identifies ferredoxin-1 (FDX1) as a determinant of cholesterol metabolism and cardiovascular risk in Asian populations.	Caffeine levels	1,876 East Asian ancestry, South Asian ancestry, South East Asian ancestry individuals	NA											chr4:186872426-?	chr4:186872426	0			1	NR	8E-6	5.096910013008056				Illumina [7101506] (imputed)	N	caffeine measurement	http://www.ebi.ac.uk/efo/EFO_0021177	GCST90503899	Genome-wide sequencing
2025-06-06	40360795	Sadhu N	2025-05-13	Nat Cardiovasc Res	www.ncbi.nlm.nih.gov/pubmed/40360795	Metabolome-wide association identifies ferredoxin-1 (FDX1) as a determinant of cholesterol metabolism and cardiovascular risk in Asian populations.	Caffeine levels	1,876 East Asian ancestry, South Asian ancestry, South East Asian ancestry individuals	NA	7q32.3	7	131861277		NDUFB9P2 - CAPZA1P4	ENSG00000236281	ENSG00000233263		107025	31339	rs74670764-?	rs74670764	0	74670764	intergenic_variant	1	NR	8E-6	5.096910013008056				Illumina [7101506] (imputed)	N	caffeine measurement	http://www.ebi.ac.uk/efo/EFO_0021177	GCST90503899	Genome-wide sequencing
2025-06-06	40360795	Sadhu N	2025-05-13	Nat Cardiovasc Res	www.ncbi.nlm.nih.gov/pubmed/40360795	Metabolome-wide association identifies ferredoxin-1 (FDX1) as a determinant of cholesterol metabolism and cardiovascular risk in Asian populations.	Caffeine levels	1,876 East Asian ancestry, South Asian ancestry, South East Asian ancestry individuals	NA	1p21.2	1	100652334		RPL36AP12 - VCAM1	ENSG00000224685	ENSG00000162692		67	67350	rs12568236-?	rs12568236	0	12568236	intergenic_variant	1	NR	8E-6	5.096910013008056				Illumina [7101506] (imputed)	N	caffeine measurement	http://www.ebi.ac.uk/efo/EFO_0021177	GCST90503899	Genome-wide sequencing
2025-06-06	40360795	Sadhu N	2025-05-13	Nat Cardiovasc Res	www.ncbi.nlm.nih.gov/pubmed/40360795	Metabolome-wide association identifies ferredoxin-1 (FDX1) as a determinant of cholesterol metabolism and cardiovascular risk in Asian populations.	Caffeine levels	1,876 East Asian ancestry, South Asian ancestry, South East Asian ancestry individuals	NA	2q24.2	2	162050494		DPP4			ENSG00000197635			rs72868664-?	rs72868664	0	72868664	intron_variant	0	NR	9E-6	5.045757490560675				Illumina [7101506] (imputed)	N	caffeine measurement	http://www.ebi.ac.uk/efo/EFO_0021177	GCST90503899	Genome-wide sequencing
2025-06-06	40360795	Sadhu N	2025-05-13	Nat Cardiovasc Res	www.ncbi.nlm.nih.gov/pubmed/40360795	Metabolome-wide association identifies ferredoxin-1 (FDX1) as a determinant of cholesterol metabolism and cardiovascular risk in Asian populations.	Caffeine levels	1,876 East Asian ancestry, South Asian ancestry, South East Asian ancestry individuals	NA	11q23.3	11	115387907		CADM1			ENSG00000182985			rs183730359-?	rs183730359	0	183730359	intron_variant	0	NR	9E-6	5.045757490560675				Illumina [7101506] (imputed)	N	caffeine measurement	http://www.ebi.ac.uk/efo/EFO_0021177	GCST90503899	Genome-wide sequencing
2025-06-06	40360795	Sadhu N	2025-05-13	Nat Cardiovasc Res	www.ncbi.nlm.nih.gov/pubmed/40360795	Metabolome-wide association identifies ferredoxin-1 (FDX1) as a determinant of cholesterol metabolism and cardiovascular risk in Asian populations.	Caffeine levels	1,876 East Asian ancestry, South Asian ancestry, South East Asian ancestry individuals	NA	15q21.3	15	58165551		AQP9, ALDH1A2			ENSG00000103569, ENSG00000128918			rs935206-?	rs935206	0	935206	intron_variant	0	NR	9E-6	5.045757490560675				Illumina [7101506] (imputed)	N	caffeine measurement	http://www.ebi.ac.uk/efo/EFO_0021177	GCST90503899	Genome-wide sequencing
2025-06-06	40360795	Sadhu N	2025-05-13	Nat Cardiovasc Res	www.ncbi.nlm.nih.gov/pubmed/40360795	Metabolome-wide association identifies ferredoxin-1 (FDX1) as a determinant of cholesterol metabolism and cardiovascular risk in Asian populations.	Caffeine levels	1,876 East Asian ancestry, South Asian ancestry, South East Asian ancestry individuals	NA	17q25.1	17	74292821		DNAI2			ENSG00000171595			rs76845324-?	rs76845324	0	76845324	intron_variant	0	NR	1E-5	5.0				Illumina [7101506] (imputed)	N	caffeine measurement	http://www.ebi.ac.uk/efo/EFO_0021177	GCST90503899	Genome-wide sequencing
2024-02-08	36357675	Surendran P	2022-11-10	Nat Med	www.ncbi.nlm.nih.gov/pubmed/36357675	Rare and common genetic determinants of metabolic individuality and their effects on human health.	Caffeine levels	14,296 European ancestry individuals	5,698 European ancestry individuals	3q26.1	3	163567009		LINC01192 - NGRNP1	ENSG00000241369	ENSG00000214210		67972	434597	rs565818609-T	rs565818609	0	565818609	intergenic_variant	1	0.0018	2E-6	5.698970004336019		0.7191008	[0.42-1.02] unit decrease	Affymetrix [NR] (imputed)	N	caffeine measurement	http://www.ebi.ac.uk/efo/EFO_0021177	GCST90245130	Genome-wide genotyping array
2024-02-08	36357675	Surendran P	2022-11-10	Nat Med	www.ncbi.nlm.nih.gov/pubmed/36357675	Rare and common genetic determinants of metabolic individuality and their effects on human health.	Caffeine levels	14,296 European ancestry individuals	5,698 European ancestry individuals	5p15.2	5	12966156		LINC02220			ENSG00000248457			rs540950999-A	rs540950999	0	540950999	intron_variant	0	0.9991	3E-8	7.522878745280337		1.3604814	[0.88-1.84] unit increase	Affymetrix [NR] (imputed)	N	caffeine measurement	http://www.ebi.ac.uk/efo/EFO_0021177	GCST90245130	Genome-wide genotyping array
2024-02-08	36357675	Surendran P	2022-11-10	Nat Med	www.ncbi.nlm.nih.gov/pubmed/36357675	Rare and common genetic determinants of metabolic individuality and their effects on human health.	Caffeine levels	14,296 European ancestry individuals	5,698 European ancestry individuals	5q21.3	5	107111529		LINC01950 - PSMC1P5	ENSG00000251027	ENSG00000250273		100477	83627	rs753079185-A	rs753079185	0	753079185	intergenic_variant	1	8.0E-4	3E-7	6.522878745280337		1.2456818	[0.77-1.72] unit decrease	Affymetrix [NR] (imputed)	N	caffeine measurement	http://www.ebi.ac.uk/efo/EFO_0021177	GCST90245130	Genome-wide genotyping array
2024-02-08	36357675	Surendran P	2022-11-10	Nat Med	www.ncbi.nlm.nih.gov/pubmed/36357675	Rare and common genetic determinants of metabolic individuality and their effects on human health.	Caffeine levels	14,296 European ancestry individuals	5,698 European ancestry individuals	5q35.1	5	170431949		KCNIP1			ENSG00000182132			rs555620394-A	rs555620394	0	555620394	intron_variant	0	0.0013	1E-6	6.0		0.82351863	[0.49-1.16] unit decrease	Affymetrix [NR] (imputed)	N	caffeine measurement	http://www.ebi.ac.uk/efo/EFO_0021177	GCST90245130	Genome-wide genotyping array
2024-02-08	36357675	Surendran P	2022-11-10	Nat Med	www.ncbi.nlm.nih.gov/pubmed/36357675	Rare and common genetic determinants of metabolic individuality and their effects on human health.	Caffeine levels	14,296 European ancestry individuals	5,698 European ancestry individuals	5p13.2	5	36432740		RANBP3L - RNA5SP181	ENSG00000164188	ENSG00000222178		130626	52603	rs537773825-T	rs537773825	0	537773825	intron_variant	1	0.0014	1E-8	8.0		0.9165854	[0.6-1.23] unit decrease	Affymetrix [NR] (imputed)	N	caffeine measurement	http://www.ebi.ac.uk/efo/EFO_0021177	GCST90245130	Genome-wide genotyping array
2022-09-07	35898629	Yin B	2022-07-11	Front Psychiatry	www.ncbi.nlm.nih.gov/pubmed/35898629	Shared Genetics and Causality Between Decaffeinated Coffee Consumption and Neuropsychiatric Diseases: A Large-Scale Genome-Wide Cross-Trait Analysis and Mendelian Randomization Analysis.	Decaffeinated coffee consumption and/or neuroticism	64,717 decaffeinated coffee drinking cases, 380,060 individuals with neuroticism measurements, 264,954 controls	NA	11q23.2	11	112956325		LINC02763 - NCAM1-AS2	ENSG00000254968	ENSG00000247416		187630	2950	rs2186710-?	rs2186710	0	2186710	intergenic_variant	1	NR	2E-13	12.698970004336019				NR [NR]	N	coffee consumption measurement, neuroticism measurement	http://www.ebi.ac.uk/efo/EFO_0006781, http://www.ebi.ac.uk/efo/EFO_0007660	GCST90134530	Genome-wide genotyping array
2022-09-07	35898629	Yin B	2022-07-11	Front Psychiatry	www.ncbi.nlm.nih.gov/pubmed/35898629	Shared Genetics and Causality Between Decaffeinated Coffee Consumption and Neuropsychiatric Diseases: A Large-Scale Genome-Wide Cross-Trait Analysis and Mendelian Randomization Analysis.	Decaffeinated coffee consumption and/or neuroticism	64,717 decaffeinated coffee drinking cases, 380,060 individuals with neuroticism measurements, 264,954 controls	NA	18q12.1	18	34030884		NOL4			ENSG00000101746			rs34728579-?	rs34728579	0	34728579	intron_variant	0	NR	3E-9	8.522878745280337				NR [NR]	N	coffee consumption measurement, neuroticism measurement	http://www.ebi.ac.uk/efo/EFO_0006781, http://www.ebi.ac.uk/efo/EFO_0007660	GCST90134530	Genome-wide genotyping array
2022-09-07	35898629	Yin B	2022-07-11	Front Psychiatry	www.ncbi.nlm.nih.gov/pubmed/35898629	Shared Genetics and Causality Between Decaffeinated Coffee Consumption and Neuropsychiatric Diseases: A Large-Scale Genome-Wide Cross-Trait Analysis and Mendelian Randomization Analysis.	Decaffeinated coffee consumption and/or neuroticism	64,717 decaffeinated coffee drinking cases, 380,060 individuals with neuroticism measurements, 264,954 controls	NA	6p22.1	6	28390030		ZSCAN12			ENSG00000158691			rs36092177-?	rs36092177	0	36092177	3_prime_UTR_variant	0	NR	6E-9	8.221848749616356				NR [NR]	N	coffee consumption measurement, neuroticism measurement	http://www.ebi.ac.uk/efo/EFO_0006781, http://www.ebi.ac.uk/efo/EFO_0007660	GCST90134530	Genome-wide genotyping array
2022-09-07	35898629	Yin B	2022-07-11	Front Psychiatry	www.ncbi.nlm.nih.gov/pubmed/35898629	Shared Genetics and Causality Between Decaffeinated Coffee Consumption and Neuropsychiatric Diseases: A Large-Scale Genome-Wide Cross-Trait Analysis and Mendelian Randomization Analysis.	Decaffeinated coffee consumption and/or neuroticism	64,717 decaffeinated coffee drinking cases, 380,060 individuals with neuroticism measurements, 264,954 controls	NA	16p13.3	16	7617226		RBFOX1			ENSG00000078328			rs3785235-?	rs3785235	0	3785235	intron_variant	0	NR	1E-11	11.0				NR [NR]	N	coffee consumption measurement, neuroticism measurement	http://www.ebi.ac.uk/efo/EFO_0006781, http://www.ebi.ac.uk/efo/EFO_0007660	GCST90134530	Genome-wide genotyping array
2022-09-07	35898629	Yin B	2022-07-11	Front Psychiatry	www.ncbi.nlm.nih.gov/pubmed/35898629	Shared Genetics and Causality Between Decaffeinated Coffee Consumption and Neuropsychiatric Diseases: A Large-Scale Genome-Wide Cross-Trait Analysis and Mendelian Randomization Analysis.	Decaffeinated coffee consumption and/or neuroticism	64,717 decaffeinated coffee drinking cases, 380,060 individuals with neuroticism measurements, 264,954 controls	NA	3q25.32	3	158348972		RSRC1			ENSG00000174891			rs4679826-?	rs4679826	0	4679826	intron_variant	0	NR	1E-8	8.0				NR [NR]	N	coffee consumption measurement, neuroticism measurement	http://www.ebi.ac.uk/efo/EFO_0006781, http://www.ebi.ac.uk/efo/EFO_0007660	GCST90134530	Genome-wide genotyping array
2022-09-07	35898629	Yin B	2022-07-11	Front Psychiatry	www.ncbi.nlm.nih.gov/pubmed/35898629	Shared Genetics and Causality Between Decaffeinated Coffee Consumption and Neuropsychiatric Diseases: A Large-Scale Genome-Wide Cross-Trait Analysis and Mendelian Randomization Analysis.	Decaffeinated coffee consumption and/or neuroticism	64,717 decaffeinated coffee drinking cases, 380,060 individuals with neuroticism measurements, 264,954 controls	NA	6p22.1	6	27878966		H4C13 - H3C12	ENSG00000275126	ENSG00000197153		5432	11349	rs483143-?	rs483143	0	483143	intron_variant	1	NR	5E-11	10.301029995663981				NR [NR]	N	coffee consumption measurement, neuroticism measurement	http://www.ebi.ac.uk/efo/EFO_0006781, http://www.ebi.ac.uk/efo/EFO_0007660	GCST90134530	Genome-wide genotyping array
2022-09-07	35898629	Yin B	2022-07-11	Front Psychiatry	www.ncbi.nlm.nih.gov/pubmed/35898629	Shared Genetics and Causality Between Decaffeinated Coffee Consumption and Neuropsychiatric Diseases: A Large-Scale Genome-Wide Cross-Trait Analysis and Mendelian Randomization Analysis.	Decaffeinated coffee consumption and/or neuroticism	64,717 decaffeinated coffee drinking cases, 380,060 individuals with neuroticism measurements, 264,954 controls	NA	6p22.2	6	27036319		LARRPM, LINC00240			ENSG00000287966, ENSG00000224843			rs57713596-?	rs57713596	0	57713596	intron_variant	0	NR	1E-9	9.0				NR [NR]	N	coffee consumption measurement, neuroticism measurement	http://www.ebi.ac.uk/efo/EFO_0006781, http://www.ebi.ac.uk/efo/EFO_0007660	GCST90134530	Genome-wide genotyping array
2022-09-07	35898629	Yin B	2022-07-11	Front Psychiatry	www.ncbi.nlm.nih.gov/pubmed/35898629	Shared Genetics and Causality Between Decaffeinated Coffee Consumption and Neuropsychiatric Diseases: A Large-Scale Genome-Wide Cross-Trait Analysis and Mendelian Randomization Analysis.	Decaffeinated coffee consumption and/or neuroticism	64,717 decaffeinated coffee drinking cases, 380,060 individuals with neuroticism measurements, 264,954 controls	NA	5q34	5	166638993		RPLP0P9 - LINC01947	ENSG00000229119	ENSG00000254130		256394	266229	rs73352630-?	rs73352630	0	73352630	intergenic_variant	1	NR	7E-9	8.154901959985743				NR [NR]	N	coffee consumption measurement, neuroticism measurement	http://www.ebi.ac.uk/efo/EFO_0006781, http://www.ebi.ac.uk/efo/EFO_0007660	GCST90134530	Genome-wide genotyping array
2022-09-07	35898629	Yin B	2022-07-11	Front Psychiatry	www.ncbi.nlm.nih.gov/pubmed/35898629	Shared Genetics and Causality Between Decaffeinated Coffee Consumption and Neuropsychiatric Diseases: A Large-Scale Genome-Wide Cross-Trait Analysis and Mendelian Randomization Analysis.	Decaffeinated coffee consumption and/or neuroticism	64,717 decaffeinated coffee drinking cases, 380,060 individuals with neuroticism measurements, 264,954 controls	NA	11q23.2	11	113042969		NCAM1			ENSG00000149294			rs867328-?	rs867328	0	867328	intron_variant	0	NR	2E-9	8.698970004336019				NR [NR]	N	coffee consumption measurement, neuroticism measurement	http://www.ebi.ac.uk/efo/EFO_0006781, http://www.ebi.ac.uk/efo/EFO_0007660	GCST90134530	Genome-wide genotyping array
2022-09-07	35898629	Yin B	2022-07-11	Front Psychiatry	www.ncbi.nlm.nih.gov/pubmed/35898629	Shared Genetics and Causality Between Decaffeinated Coffee Consumption and Neuropsychiatric Diseases: A Large-Scale Genome-Wide Cross-Trait Analysis and Mendelian Randomization Analysis.	Decaffeinated coffee consumption and/or neuroticism	64,717 decaffeinated coffee drinking cases, 380,060 individuals with neuroticism measurements, 264,954 controls	NA	4q22.1	4	89816176		SNCA			ENSG00000145335			rs974711-?	rs974711	0	974711	intron_variant	0	NR	8E-9	8.096910013008056				NR [NR]	N	coffee consumption measurement, neuroticism measurement	http://www.ebi.ac.uk/efo/EFO_0006781, http://www.ebi.ac.uk/efo/EFO_0007660	GCST90134530	Genome-wide genotyping array
2022-09-07	35898629	Yin B	2022-07-11	Front Psychiatry	www.ncbi.nlm.nih.gov/pubmed/35898629	Shared Genetics and Causality Between Decaffeinated Coffee Consumption and Neuropsychiatric Diseases: A Large-Scale Genome-Wide Cross-Trait Analysis and Mendelian Randomization Analysis.	Decaffeinated coffee consumption and/or insomnia	64,717 decaffeinated coffee drinking cases, 386,533 individuals with insomnia measurements, 264,954 controls	NA	13q14.3	13	53130111		LINC01065			ENSG00000237092			rs2181389-?	rs2181389	0	2181389	intron_variant	0	NR	3E-11	10.522878745280337				NR [NR]	N	coffee consumption measurement, insomnia	http://www.ebi.ac.uk/efo/EFO_0006781, http://purl.obolibrary.org/obo/MONDO_0013600	GCST90134531	Genome-wide genotyping array
2022-09-07	35898629	Yin B	2022-07-11	Front Psychiatry	www.ncbi.nlm.nih.gov/pubmed/35898629	Shared Genetics and Causality Between Decaffeinated Coffee Consumption and Neuropsychiatric Diseases: A Large-Scale Genome-Wide Cross-Trait Analysis and Mendelian Randomization Analysis.	Decaffeinated coffee consumption and/or insomnia	64,717 decaffeinated coffee drinking cases, 386,533 individuals with insomnia measurements, 264,954 controls	NA	11q13.2	11	66878894		PC			ENSG00000173599			rs55969935-?	rs55969935	0	55969935	intron_variant	0	NR	1E-8	8.0				NR [NR]	N	coffee consumption measurement, insomnia	http://www.ebi.ac.uk/efo/EFO_0006781, http://purl.obolibrary.org/obo/MONDO_0013600	GCST90134531	Genome-wide genotyping array
2022-09-07	35898629	Yin B	2022-07-11	Front Psychiatry	www.ncbi.nlm.nih.gov/pubmed/35898629	Shared Genetics and Causality Between Decaffeinated Coffee Consumption and Neuropsychiatric Diseases: A Large-Scale Genome-Wide Cross-Trait Analysis and Mendelian Randomization Analysis.	Decaffeinated coffee consumption and/or insomnia	64,717 decaffeinated coffee drinking cases, 386,533 individuals with insomnia measurements, 264,954 controls	NA	2p14	2	66589851		LINC01798			ENSG00000232046			rs60751869-?	rs60751869	0	60751869	intergenic_variant	0	NR	5E-10	9.301029995663981				NR [NR]	N	coffee consumption measurement, insomnia	http://www.ebi.ac.uk/efo/EFO_0006781, http://purl.obolibrary.org/obo/MONDO_0013600	GCST90134531	Genome-wide genotyping array
2022-09-07	35898629	Yin B	2022-07-11	Front Psychiatry	www.ncbi.nlm.nih.gov/pubmed/35898629	Shared Genetics and Causality Between Decaffeinated Coffee Consumption and Neuropsychiatric Diseases: A Large-Scale Genome-Wide Cross-Trait Analysis and Mendelian Randomization Analysis.	Decaffeinated coffee consumption and/or insomnia	64,717 decaffeinated coffee drinking cases, 386,533 individuals with insomnia measurements, 264,954 controls	NA	13q13.3	13	37026147		SUPT20H			ENSG00000102710			rs9576155-?	rs9576155	0	9576155	intron_variant	0	NR	2E-9	8.698970004336019				NR [NR]	N	coffee consumption measurement, insomnia	http://www.ebi.ac.uk/efo/EFO_0006781, http://purl.obolibrary.org/obo/MONDO_0013600	GCST90134531	Genome-wide genotyping array
2022-09-07	35898629	Yin B	2022-07-11	Front Psychiatry	www.ncbi.nlm.nih.gov/pubmed/35898629	Shared Genetics and Causality Between Decaffeinated Coffee Consumption and Neuropsychiatric Diseases: A Large-Scale Genome-Wide Cross-Trait Analysis and Mendelian Randomization Analysis.	Decaffeinated coffee consumption and/or neuroticism	64,717 decaffeinated coffee drinking cases, 380,060 individuals with neuroticism measurements, 264,954 controls	NA	3p12.1	3	85354742		CADM2			ENSG00000175161			rs28732378-?	rs28732378	0	28732378	intron_variant	0	NR	2E-10	9.698970004336019				NR [NR]	N	coffee consumption measurement, neuroticism measurement	http://www.ebi.ac.uk/efo/EFO_0006781, http://www.ebi.ac.uk/efo/EFO_0007660	GCST90134530	Genome-wide genotyping array
2022-09-07	35898629	Yin B	2022-07-11	Front Psychiatry	www.ncbi.nlm.nih.gov/pubmed/35898629	Shared Genetics and Causality Between Decaffeinated Coffee Consumption and Neuropsychiatric Diseases: A Large-Scale Genome-Wide Cross-Trait Analysis and Mendelian Randomization Analysis.	Decaffeinated coffee consumption and/or neuroticism	64,717 decaffeinated coffee drinking cases, 380,060 individuals with neuroticism measurements, 264,954 controls	NA	1q25.1	1	174654632		RABGAP1L			ENSG00000152061			rs333453-?	rs333453	0	333453	intron_variant	0	NR	2E-9	8.698970004336019				NR [NR]	N	coffee consumption measurement, neuroticism measurement	http://www.ebi.ac.uk/efo/EFO_0006781, http://www.ebi.ac.uk/efo/EFO_0007660	GCST90134530	Genome-wide genotyping array
2022-09-07	35898629	Yin B	2022-07-11	Front Psychiatry	www.ncbi.nlm.nih.gov/pubmed/35898629	Shared Genetics and Causality Between Decaffeinated Coffee Consumption and Neuropsychiatric Diseases: A Large-Scale Genome-Wide Cross-Trait Analysis and Mendelian Randomization Analysis.	Decaffeinated coffee consumption and/or neuroticism	64,717 decaffeinated coffee drinking cases, 380,060 individuals with neuroticism measurements, 264,954 controls	NA	14q24.3	14	74740560		FCF1 - YLPM1	ENSG00000119616	ENSG00000119596		1940	22756	rs35641442-?	rs35641442	0	35641442	intergenic_variant	1	NR	3E-13	12.522878745280337				NR [NR]	N	coffee consumption measurement, neuroticism measurement	http://www.ebi.ac.uk/efo/EFO_0006781, http://www.ebi.ac.uk/efo/EFO_0007660	GCST90134530	Genome-wide genotyping array
2022-09-07	35898629	Yin B	2022-07-11	Front Psychiatry	www.ncbi.nlm.nih.gov/pubmed/35898629	Shared Genetics and Causality Between Decaffeinated Coffee Consumption and Neuropsychiatric Diseases: A Large-Scale Genome-Wide Cross-Trait Analysis and Mendelian Randomization Analysis.	Decaffeinated coffee consumption and/or neuroticism	64,717 decaffeinated coffee drinking cases, 380,060 individuals with neuroticism measurements, 264,954 controls	NA	3q25.32	3	157797838		SLC66A1LP - RN7SKP46	ENSG00000293490	ENSG00000251751		120089	132654	rs3845980-?	rs3845980	0	3845980	intergenic_variant	1	NR	4E-9	8.397940008672037				NR [NR]	N	coffee consumption measurement, neuroticism measurement	http://www.ebi.ac.uk/efo/EFO_0006781, http://www.ebi.ac.uk/efo/EFO_0007660	GCST90134530	Genome-wide genotyping array
2022-09-07	35898629	Yin B	2022-07-11	Front Psychiatry	www.ncbi.nlm.nih.gov/pubmed/35898629	Shared Genetics and Causality Between Decaffeinated Coffee Consumption and Neuropsychiatric Diseases: A Large-Scale Genome-Wide Cross-Trait Analysis and Mendelian Randomization Analysis.	Decaffeinated coffee consumption and/or neuroticism	64,717 decaffeinated coffee drinking cases, 380,060 individuals with neuroticism measurements, 264,954 controls	NA	6q16.3	6	100365593		PRDX2P4 - SIM1	ENSG00000213177	ENSG00000112246		228930	19416	rs71566335-?	rs71566335	0	71566335	intergenic_variant	1	NR	4E-9	8.397940008672037				NR [NR]	N	coffee consumption measurement, neuroticism measurement	http://www.ebi.ac.uk/efo/EFO_0006781, http://www.ebi.ac.uk/efo/EFO_0007660	GCST90134530	Genome-wide genotyping array
2022-09-07	35898629	Yin B	2022-07-11	Front Psychiatry	www.ncbi.nlm.nih.gov/pubmed/35898629	Shared Genetics and Causality Between Decaffeinated Coffee Consumption and Neuropsychiatric Diseases: A Large-Scale Genome-Wide Cross-Trait Analysis and Mendelian Randomization Analysis.	Decaffeinated coffee consumption and/or neuroticism	64,717 decaffeinated coffee drinking cases, 380,060 individuals with neuroticism measurements, 264,954 controls	NA	22q13.2	22	41307800		ZC3H7B			ENSG00000100403			rs7289932-?	rs7289932	0	7289932	intron_variant	0	NR	5E-9	8.301029995663981				NR [NR]	N	coffee consumption measurement, neuroticism measurement	http://www.ebi.ac.uk/efo/EFO_0006781, http://www.ebi.ac.uk/efo/EFO_0007660	GCST90134530	Genome-wide genotyping array
2022-09-07	35898629	Yin B	2022-07-11	Front Psychiatry	www.ncbi.nlm.nih.gov/pubmed/35898629	Shared Genetics and Causality Between Decaffeinated Coffee Consumption and Neuropsychiatric Diseases: A Large-Scale Genome-Wide Cross-Trait Analysis and Mendelian Randomization Analysis.	Decaffeinated coffee consumption and/or neuroticism	64,717 decaffeinated coffee drinking cases, 380,060 individuals with neuroticism measurements, 264,954 controls	NA	6p22.1	6	27444607		MCFD2P1 - ZNF184	ENSG00000237154	ENSG00000096654		36611	6136	rs7772160-?	rs7772160	0	7772160	intergenic_variant	1	NR	5E-10	9.301029995663981				NR [NR]	N	coffee consumption measurement, neuroticism measurement	http://www.ebi.ac.uk/efo/EFO_0006781, http://www.ebi.ac.uk/efo/EFO_0007660	GCST90134530	Genome-wide genotyping array
2022-09-07	35898629	Yin B	2022-07-11	Front Psychiatry	www.ncbi.nlm.nih.gov/pubmed/35898629	Shared Genetics and Causality Between Decaffeinated Coffee Consumption and Neuropsychiatric Diseases: A Large-Scale Genome-Wide Cross-Trait Analysis and Mendelian Randomization Analysis.	Decaffeinated coffee consumption and/or insomnia	64,717 decaffeinated coffee drinking cases, 386,533 individuals with insomnia measurements, 264,954 controls	NA	18q21.2	18	55434673		TCF4			ENSG00000196628			rs12969553-?	rs12969553	0	12969553	intron_variant	0	NR	1E-8	8.0				NR [NR]	N	coffee consumption measurement, insomnia	http://www.ebi.ac.uk/efo/EFO_0006781, http://purl.obolibrary.org/obo/MONDO_0013600	GCST90134531	Genome-wide genotyping array
2022-09-07	35898629	Yin B	2022-07-11	Front Psychiatry	www.ncbi.nlm.nih.gov/pubmed/35898629	Shared Genetics and Causality Between Decaffeinated Coffee Consumption and Neuropsychiatric Diseases: A Large-Scale Genome-Wide Cross-Trait Analysis and Mendelian Randomization Analysis.	Decaffeinated coffee consumption and/or insomnia	64,717 decaffeinated coffee drinking cases, 386,533 individuals with insomnia measurements, 264,954 controls	NA	4q24	4	102267552		SLC39A8			ENSG00000138821			rs13107325-?	rs13107325	0	13107325	missense_variant	0	NR	2E-16	15.698970004336019				NR [NR]	N	coffee consumption measurement, insomnia	http://www.ebi.ac.uk/efo/EFO_0006781, http://purl.obolibrary.org/obo/MONDO_0013600	GCST90134531	Genome-wide genotyping array
2022-09-07	35898629	Yin B	2022-07-11	Front Psychiatry	www.ncbi.nlm.nih.gov/pubmed/35898629	Shared Genetics and Causality Between Decaffeinated Coffee Consumption and Neuropsychiatric Diseases: A Large-Scale Genome-Wide Cross-Trait Analysis and Mendelian Randomization Analysis.	Decaffeinated coffee consumption and/or alcohol use disorder score	64,717 decaffeinated coffee drinking cases, 121,604 individuals with alcohol use measurements, 264,954 controls	NA	4q24	4	102267552		SLC39A8			ENSG00000138821			rs13107325-?	rs13107325	0	13107325	missense_variant	0	NR	4E-23	22.397940008672037				NR [NR]	N	coffee consumption measurement, alcohol use disorder measurement	http://www.ebi.ac.uk/efo/EFO_0006781, http://www.ebi.ac.uk/efo/EFO_0009458	GCST90134525	Genome-wide genotyping array
2022-09-07	35898629	Yin B	2022-07-11	Front Psychiatry	www.ncbi.nlm.nih.gov/pubmed/35898629	Shared Genetics and Causality Between Decaffeinated Coffee Consumption and Neuropsychiatric Diseases: A Large-Scale Genome-Wide Cross-Trait Analysis and Mendelian Randomization Analysis.	Decaffeinated coffee consumption and/or alcohol dependence and hazardous-use score	64,717 decaffeinated coffee drinking cases, 121,604 individuals with alcohol use measurements, 264,954 controls	NA	4q24	4	102267552		SLC39A8			ENSG00000138821			rs13107325-?	rs13107325	0	13107325	missense_variant	0	NR	3E-24	23.522878745280337				NR [NR]	N	coffee consumption measurement, alcohol dependence measurement	http://www.ebi.ac.uk/efo/EFO_0006781, http://www.ebi.ac.uk/efo/EFO_0007835	GCST90134527	Genome-wide genotyping array
2022-09-07	35898629	Yin B	2022-07-11	Front Psychiatry	www.ncbi.nlm.nih.gov/pubmed/35898629	Shared Genetics and Causality Between Decaffeinated Coffee Consumption and Neuropsychiatric Diseases: A Large-Scale Genome-Wide Cross-Trait Analysis and Mendelian Randomization Analysis.	Decaffeinated coffee consumption and/or alcohol dependence and hazardous-use score	64,717 decaffeinated coffee drinking cases, 121,604 individuals with alcohol use measurements, 264,954 controls	NA	4q24	4	101787078		BANK1			ENSG00000153064			rs4371620-?	rs4371620	0	4371620	intergenic_variant	0	NR	5E-8	7.301029995663981				NR [NR]	N	coffee consumption measurement, alcohol dependence measurement	http://www.ebi.ac.uk/efo/EFO_0006781, http://www.ebi.ac.uk/efo/EFO_0007835	GCST90134527	Genome-wide genotyping array
2022-09-07	35898629	Yin B	2022-07-11	Front Psychiatry	www.ncbi.nlm.nih.gov/pubmed/35898629	Shared Genetics and Causality Between Decaffeinated Coffee Consumption and Neuropsychiatric Diseases: A Large-Scale Genome-Wide Cross-Trait Analysis and Mendelian Randomization Analysis.	Decaffeinated coffee consumption and/or lifetime cannabis use	64,717 decaffeinated coffee drinking cases, 43,380 lifetime cannabis use cases, 383,656 controls	NA	11q23.2	11	113044906		NCAM1			ENSG00000149294			rs11214470-?	rs11214470	0	11214470	intron_variant	0	NR	3E-8	7.522878745280337				NR [NR]	N	coffee consumption measurement, Cannabis use	http://www.ebi.ac.uk/efo/EFO_0006781, http://www.ebi.ac.uk/efo/EFO_0007585	GCST90134528	Genome-wide genotyping array
2022-09-07	35898629	Yin B	2022-07-11	Front Psychiatry	www.ncbi.nlm.nih.gov/pubmed/35898629	Shared Genetics and Causality Between Decaffeinated Coffee Consumption and Neuropsychiatric Diseases: A Large-Scale Genome-Wide Cross-Trait Analysis and Mendelian Randomization Analysis.	Decaffeinated coffee consumption and/or lifetime cannabis use	64,717 decaffeinated coffee drinking cases, 43,380 lifetime cannabis use cases, 383,656 controls	NA	4q24	4	101745628		BANK1			ENSG00000153064			rs12511373-?	rs12511373	0	12511373	intergenic_variant	0	NR	3E-8	7.522878745280337				NR [NR]	N	coffee consumption measurement, Cannabis use	http://www.ebi.ac.uk/efo/EFO_0006781, http://www.ebi.ac.uk/efo/EFO_0007585	GCST90134528	Genome-wide genotyping array
2022-09-07	35898629	Yin B	2022-07-11	Front Psychiatry	www.ncbi.nlm.nih.gov/pubmed/35898629	Shared Genetics and Causality Between Decaffeinated Coffee Consumption and Neuropsychiatric Diseases: A Large-Scale Genome-Wide Cross-Trait Analysis and Mendelian Randomization Analysis.	Decaffeinated coffee consumption and/or lifetime cannabis use	64,717 decaffeinated coffee drinking cases, 43,380 lifetime cannabis use cases, 383,656 controls	NA	4q24	4	102267552		SLC39A8			ENSG00000138821			rs13107325-?	rs13107325	0	13107325	missense_variant	0	NR	1E-19	19.0				NR [NR]	N	coffee consumption measurement, Cannabis use	http://www.ebi.ac.uk/efo/EFO_0006781, http://www.ebi.ac.uk/efo/EFO_0007585	GCST90134528	Genome-wide genotyping array
2022-09-07	35898629	Yin B	2022-07-11	Front Psychiatry	www.ncbi.nlm.nih.gov/pubmed/35898629	Shared Genetics and Causality Between Decaffeinated Coffee Consumption and Neuropsychiatric Diseases: A Large-Scale Genome-Wide Cross-Trait Analysis and Mendelian Randomization Analysis.	Decaffeinated coffee consumption and/or lifetime cannabis use	64,717 decaffeinated coffee drinking cases, 43,380 lifetime cannabis use cases, 383,656 controls	NA	3p12.1	3	85459349		CADM2			ENSG00000175161			rs1368740-?	rs1368740	0	1368740	intron_variant	0	NR	3E-13	12.522878745280337				NR [NR]	N	coffee consumption measurement, Cannabis use	http://www.ebi.ac.uk/efo/EFO_0006781, http://www.ebi.ac.uk/efo/EFO_0007585	GCST90134528	Genome-wide genotyping array
2022-09-07	35898629	Yin B	2022-07-11	Front Psychiatry	www.ncbi.nlm.nih.gov/pubmed/35898629	Shared Genetics and Causality Between Decaffeinated Coffee Consumption and Neuropsychiatric Diseases: A Large-Scale Genome-Wide Cross-Trait Analysis and Mendelian Randomization Analysis.	Decaffeinated coffee consumption and/or lifetime cannabis use	64,717 decaffeinated coffee drinking cases, 43,380 lifetime cannabis use cases, 383,656 controls	NA	11q23.2	11	113006686		NCAM1			ENSG00000149294			rs9919557-?	rs9919557	0	9919557	intron_variant	0	NR	1E-10	10.0				NR [NR]	N	coffee consumption measurement, Cannabis use	http://www.ebi.ac.uk/efo/EFO_0006781, http://www.ebi.ac.uk/efo/EFO_0007585	GCST90134528	Genome-wide genotyping array
2022-09-07	35898629	Yin B	2022-07-11	Front Psychiatry	www.ncbi.nlm.nih.gov/pubmed/35898629	Shared Genetics and Causality Between Decaffeinated Coffee Consumption and Neuropsychiatric Diseases: A Large-Scale Genome-Wide Cross-Trait Analysis and Mendelian Randomization Analysis.	Decaffeinated coffee consumption and/or neuroticism	64,717 decaffeinated coffee drinking cases, 380,060 individuals with neuroticism measurements, 264,954 controls	NA	16q24.2	16	87410128		ZCCHC14			ENSG00000140948			rs1050847-?	rs1050847	0	1050847	3_prime_UTR_variant	0	NR	4E-10	9.397940008672037				NR [NR]	N	coffee consumption measurement, neuroticism measurement	http://www.ebi.ac.uk/efo/EFO_0006781, http://www.ebi.ac.uk/efo/EFO_0007660	GCST90134530	Genome-wide genotyping array
2022-09-07	35898629	Yin B	2022-07-11	Front Psychiatry	www.ncbi.nlm.nih.gov/pubmed/35898629	Shared Genetics and Causality Between Decaffeinated Coffee Consumption and Neuropsychiatric Diseases: A Large-Scale Genome-Wide Cross-Trait Analysis and Mendelian Randomization Analysis.	Decaffeinated coffee consumption and/or neuroticism	64,717 decaffeinated coffee drinking cases, 380,060 individuals with neuroticism measurements, 264,954 controls	NA	9q33.1	9	117701869		RPL35AP22 - TLR4	ENSG00000235133	ENSG00000136869		16281	2306	rs10759931-?	rs10759931	0	10759931	intergenic_variant	1	NR	4E-8	7.3979400086720375				NR [NR]	N	coffee consumption measurement, neuroticism measurement	http://www.ebi.ac.uk/efo/EFO_0006781, http://www.ebi.ac.uk/efo/EFO_0007660	GCST90134530	Genome-wide genotyping array
2022-09-07	35898629	Yin B	2022-07-11	Front Psychiatry	www.ncbi.nlm.nih.gov/pubmed/35898629	Shared Genetics and Causality Between Decaffeinated Coffee Consumption and Neuropsychiatric Diseases: A Large-Scale Genome-Wide Cross-Trait Analysis and Mendelian Randomization Analysis.	Decaffeinated coffee consumption and/or neuroticism	64,717 decaffeinated coffee drinking cases, 380,060 individuals with neuroticism measurements, 264,954 controls	NA	9p21.1	9	28574476		LINGO2			ENSG00000174482			rs10968658-?	rs10968658	0	10968658	intron_variant	0	NR	4E-13	12.397940008672037				NR [NR]	N	coffee consumption measurement, neuroticism measurement	http://www.ebi.ac.uk/efo/EFO_0006781, http://www.ebi.ac.uk/efo/EFO_0007660	GCST90134530	Genome-wide genotyping array
2022-09-07	35898629	Yin B	2022-07-11	Front Psychiatry	www.ncbi.nlm.nih.gov/pubmed/35898629	Shared Genetics and Causality Between Decaffeinated Coffee Consumption and Neuropsychiatric Diseases: A Large-Scale Genome-Wide Cross-Trait Analysis and Mendelian Randomization Analysis.	Decaffeinated coffee consumption and/or neuroticism	64,717 decaffeinated coffee drinking cases, 380,060 individuals with neuroticism measurements, 264,954 controls	NA	18q12.2	18	37565159		CELF4			ENSG00000101489			rs11082011-?	rs11082011	0	11082011	intron_variant	0	NR	7E-21	20.154901959985743				NR [NR]	N	coffee consumption measurement, neuroticism measurement	http://www.ebi.ac.uk/efo/EFO_0006781, http://www.ebi.ac.uk/efo/EFO_0007660	GCST90134530	Genome-wide genotyping array
2022-09-07	35898629	Yin B	2022-07-11	Front Psychiatry	www.ncbi.nlm.nih.gov/pubmed/35898629	Shared Genetics and Causality Between Decaffeinated Coffee Consumption and Neuropsychiatric Diseases: A Large-Scale Genome-Wide Cross-Trait Analysis and Mendelian Randomization Analysis.	Decaffeinated coffee consumption and/or neuroticism	64,717 decaffeinated coffee drinking cases, 380,060 individuals with neuroticism measurements, 264,954 controls	NA	15q26.2	15	96412546		TUBAP12 - PGAM1P12	ENSG00000259614	ENSG00000250825		23490	29020	rs12438687-?	rs12438687	0	12438687	intron_variant	1	NR	2E-8	7.698970004336019				NR [NR]	N	coffee consumption measurement, neuroticism measurement	http://www.ebi.ac.uk/efo/EFO_0006781, http://www.ebi.ac.uk/efo/EFO_0007660	GCST90134530	Genome-wide genotyping array
2022-09-07	35898629	Yin B	2022-07-11	Front Psychiatry	www.ncbi.nlm.nih.gov/pubmed/35898629	Shared Genetics and Causality Between Decaffeinated Coffee Consumption and Neuropsychiatric Diseases: A Large-Scale Genome-Wide Cross-Trait Analysis and Mendelian Randomization Analysis.	Decaffeinated coffee consumption and/or neuroticism	64,717 decaffeinated coffee drinking cases, 380,060 individuals with neuroticism measurements, 264,954 controls	NA	18q21.2	18	55434673		TCF4			ENSG00000196628			rs12969553-?	rs12969553	0	12969553	intron_variant	0	NR	2E-10	9.698970004336019				NR [NR]	N	coffee consumption measurement, neuroticism measurement	http://www.ebi.ac.uk/efo/EFO_0006781, http://www.ebi.ac.uk/efo/EFO_0007660	GCST90134530	Genome-wide genotyping array
2022-09-07	35898629	Yin B	2022-07-11	Front Psychiatry	www.ncbi.nlm.nih.gov/pubmed/35898629	Shared Genetics and Causality Between Decaffeinated Coffee Consumption and Neuropsychiatric Diseases: A Large-Scale Genome-Wide Cross-Trait Analysis and Mendelian Randomization Analysis.	Decaffeinated coffee consumption and/or neuroticism	64,717 decaffeinated coffee drinking cases, 380,060 individuals with neuroticism measurements, 264,954 controls	NA	4q24	4	102267552		SLC39A8			ENSG00000138821			rs13107325-?	rs13107325	0	13107325	missense_variant	0	NR	2E-16	15.698970004336019				NR [NR]	N	coffee consumption measurement, neuroticism measurement	http://www.ebi.ac.uk/efo/EFO_0006781, http://www.ebi.ac.uk/efo/EFO_0007660	GCST90134530	Genome-wide genotyping array
2022-09-07	35898629	Yin B	2022-07-11	Front Psychiatry	www.ncbi.nlm.nih.gov/pubmed/35898629	Shared Genetics and Causality Between Decaffeinated Coffee Consumption and Neuropsychiatric Diseases: A Large-Scale Genome-Wide Cross-Trait Analysis and Mendelian Randomization Analysis.	Decaffeinated coffee consumption and/or neuroticism	64,717 decaffeinated coffee drinking cases, 380,060 individuals with neuroticism measurements, 264,954 controls	NA	6p22.1	6	28966575		LINC01556 - KRT18P1	ENSG00000204709	ENSG00000228666		21858	2555	rs148696809-?	rs148696809	0	148696809	intergenic_variant	1	NR	9E-9	8.045757490560675				NR [NR]	N	coffee consumption measurement, neuroticism measurement	http://www.ebi.ac.uk/efo/EFO_0006781, http://www.ebi.ac.uk/efo/EFO_0007660	GCST90134530	Genome-wide genotyping array
2022-09-07	35898629	Yin B	2022-07-11	Front Psychiatry	www.ncbi.nlm.nih.gov/pubmed/35898629	Shared Genetics and Causality Between Decaffeinated Coffee Consumption and Neuropsychiatric Diseases: A Large-Scale Genome-Wide Cross-Trait Analysis and Mendelian Randomization Analysis.	Decaffeinated coffee consumption and/or neuroticism	64,717 decaffeinated coffee drinking cases, 380,060 individuals with neuroticism measurements, 264,954 controls	NA	7q33	7	137384309		DGKI			ENSG00000157680			rs1669025-?	rs1669025	0	1669025	3_prime_UTR_variant	0	NR	2E-8	7.698970004336019				NR [NR]	N	coffee consumption measurement, neuroticism measurement	http://www.ebi.ac.uk/efo/EFO_0006781, http://www.ebi.ac.uk/efo/EFO_0007660	GCST90134530	Genome-wide genotyping array
2022-09-07	35898629	Yin B	2022-07-11	Front Psychiatry	www.ncbi.nlm.nih.gov/pubmed/35898629	Shared Genetics and Causality Between Decaffeinated Coffee Consumption and Neuropsychiatric Diseases: A Large-Scale Genome-Wide Cross-Trait Analysis and Mendelian Randomization Analysis.	Decaffeinated coffee consumption and/or neuroticism	64,717 decaffeinated coffee drinking cases, 380,060 individuals with neuroticism measurements, 264,954 controls	NA	18q12.2	18	37661291		MIR4318 - RPL12P40	ENSG00000266530	ENSG00000243516		4076	11398	rs17671489-?	rs17671489	0	17671489	intron_variant	1	NR	4E-8	7.3979400086720375				NR [NR]	N	coffee consumption measurement, neuroticism measurement	http://www.ebi.ac.uk/efo/EFO_0006781, http://www.ebi.ac.uk/efo/EFO_0007660	GCST90134530	Genome-wide genotyping array
2022-09-07	35898629	Yin B	2022-07-11	Front Psychiatry	www.ncbi.nlm.nih.gov/pubmed/35898629	Shared Genetics and Causality Between Decaffeinated Coffee Consumption and Neuropsychiatric Diseases: A Large-Scale Genome-Wide Cross-Trait Analysis and Mendelian Randomization Analysis.	Decaffeinated coffee consumption and/or neuroticism	64,717 decaffeinated coffee drinking cases, 380,060 individuals with neuroticism measurements, 264,954 controls	NA	17q21.31	17	46715917		NSF			ENSG00000073969			rs17692129-?	rs17692129	0	17692129	intron_variant	0	NR	4E-9	8.397940008672037				NR [NR]	N	coffee consumption measurement, neuroticism measurement	http://www.ebi.ac.uk/efo/EFO_0006781, http://www.ebi.ac.uk/efo/EFO_0007660	GCST90134530	Genome-wide genotyping array
2022-09-07	35898629	Yin B	2022-07-11	Front Psychiatry	www.ncbi.nlm.nih.gov/pubmed/35898629	Shared Genetics and Causality Between Decaffeinated Coffee Consumption and Neuropsychiatric Diseases: A Large-Scale Genome-Wide Cross-Trait Analysis and Mendelian Randomization Analysis.	Decaffeinated coffee consumption and/or neuroticism	64,717 decaffeinated coffee drinking cases, 380,060 individuals with neuroticism measurements, 264,954 controls	NA	13q21.32	13	67506482		LINC00364 - BCRP9	ENSG00000230040	ENSG00000271287		126488	283925	rs1892350-?	rs1892350	0	1892350	intergenic_variant	1	NR	4E-10	9.397940008672037				NR [NR]	N	coffee consumption measurement, neuroticism measurement	http://www.ebi.ac.uk/efo/EFO_0006781, http://www.ebi.ac.uk/efo/EFO_0007660	GCST90134530	Genome-wide genotyping array
2022-09-07	35898629	Yin B	2022-07-11	Front Psychiatry	www.ncbi.nlm.nih.gov/pubmed/35898629	Shared Genetics and Causality Between Decaffeinated Coffee Consumption and Neuropsychiatric Diseases: A Large-Scale Genome-Wide Cross-Trait Analysis and Mendelian Randomization Analysis.	Decaffeinated coffee consumption and/or neuroticism	64,717 decaffeinated coffee drinking cases, 380,060 individuals with neuroticism measurements, 264,954 controls	NA	6p22.1	6	27801927		RSL24D1P1 - H4C10P	ENSG00000218069	ENSG00000217862		20816	5148	rs200477-?	rs200477	0	200477	intergenic_variant	1	NR	1E-9	9.0				NR [NR]	N	coffee consumption measurement, neuroticism measurement	http://www.ebi.ac.uk/efo/EFO_0006781, http://www.ebi.ac.uk/efo/EFO_0007660	GCST90134530	Genome-wide genotyping array
2022-09-07	35898629	Yin B	2022-07-11	Front Psychiatry	www.ncbi.nlm.nih.gov/pubmed/35898629	Shared Genetics and Causality Between Decaffeinated Coffee Consumption and Neuropsychiatric Diseases: A Large-Scale Genome-Wide Cross-Trait Analysis and Mendelian Randomization Analysis.	Decaffeinated coffee consumption and/or neuroticism	64,717 decaffeinated coffee drinking cases, 380,060 individuals with neuroticism measurements, 264,954 controls	NA	5q14.3	5	88487896		MIR9-2HG			ENSG00000245526			rs2067919-?	rs2067919	0	2067919	intron_variant	0	NR	9E-12	11.045757490560675				NR [NR]	N	coffee consumption measurement, neuroticism measurement	http://www.ebi.ac.uk/efo/EFO_0006781, http://www.ebi.ac.uk/efo/EFO_0007660	GCST90134530	Genome-wide genotyping array
2023-05-11	37106081	Schoeler T	2023-04-27	Nat Hum Behav	www.ncbi.nlm.nih.gov/pubmed/37106081	Participation bias in the UK Biobank distorts genetic associations and downstream analyses.	Coffee intake (weighted GWA)	94,643 European ancestry individuals	NA	6q12	6	64772547		EYS			ENSG00000188107			rs7774229-A	rs7774229	0	7774229	intron_variant	0	NR	6E-9	8.221848749616356		0.13099	[0.087-0.175] unit decrease	NR [7296975] (imputed)	N	coffee consumption measurement	http://www.ebi.ac.uk/efo/EFO_0006781	GCST90267275	Genome-wide genotyping array
2023-05-11	37106081	Schoeler T	2023-04-27	Nat Hum Behav	www.ncbi.nlm.nih.gov/pubmed/37106081	Participation bias in the UK Biobank distorts genetic associations and downstream analyses.	Coffee intake (standard GWA)	263,464 European ancestry individuals	NA	4p16.3	4	2843547		SH3BP2 - ADD1	ENSG00000087266	ENSG00000087274		2256	29	rs35780153-T	rs35780153	0	35780153	intron_variant	1	NR	2E-8	7.698970004336019		0.036659	[0.024-0.05] unit decrease	NR [7296975] (imputed)	N	coffee consumption measurement	http://www.ebi.ac.uk/efo/EFO_0006781	GCST90267274	Genome-wide genotyping array
2023-05-11	37106081	Schoeler T	2023-04-27	Nat Hum Behav	www.ncbi.nlm.nih.gov/pubmed/37106081	Participation bias in the UK Biobank distorts genetic associations and downstream analyses.	Coffee intake (standard GWA)	263,464 European ancestry individuals	NA	6p21.33	6	31869473		SLC44A4			ENSG00000204385			rs660594-G	rs660594	0	660594	intron_variant	0	NR	2E-8	7.698970004336019		0.032587	[0.021-0.044] unit increase	NR [7296975] (imputed)	N	coffee consumption measurement	http://www.ebi.ac.uk/efo/EFO_0006781	GCST90267274	Genome-wide genotyping array
2023-05-11	37106081	Schoeler T	2023-04-27	Nat Hum Behav	www.ncbi.nlm.nih.gov/pubmed/37106081	Participation bias in the UK Biobank distorts genetic associations and downstream analyses.	Coffee intake (standard GWA)	263,464 European ancestry individuals	NA	7p21.1	7	16966844		AHR			ENSG00000106546			rs1612143-G	rs1612143	0	1612143	intron_variant	0	NR	2E-9	8.698970004336019		0.039274	[0.026-0.052] unit increase	NR [7296975] (imputed)	N	coffee consumption measurement	http://www.ebi.ac.uk/efo/EFO_0006781	GCST90267274	Genome-wide genotyping array
2023-05-11	37106081	Schoeler T	2023-04-27	Nat Hum Behav	www.ncbi.nlm.nih.gov/pubmed/37106081	Participation bias in the UK Biobank distorts genetic associations and downstream analyses.	Coffee intake (standard GWA)	263,464 European ancestry individuals	NA	7p21.1	7	17310002		AHR			ENSG00000106546			rs17779352-C	rs17779352	0	17779352	synonymous_variant	0	NR	2E-9	8.698970004336019		0.066638	[0.045-0.088] unit increase	NR [7296975] (imputed)	N	coffee consumption measurement	http://www.ebi.ac.uk/efo/EFO_0006781	GCST90267274	Genome-wide genotyping array
2023-05-11	37106081	Schoeler T	2023-04-27	Nat Hum Behav	www.ncbi.nlm.nih.gov/pubmed/37106081	Participation bias in the UK Biobank distorts genetic associations and downstream analyses.	Coffee intake (standard GWA)	263,464 European ancestry individuals	NA	12p13.2	12	10891749		PRH1, PRR4			ENSG00000231887, ENSG00000111215			rs2215716-A	rs2215716	0	2215716	intron_variant	0	NR	2E-8	7.698970004336019		0.045289	[0.029-0.061] unit increase	NR [7296975] (imputed)	N	coffee consumption measurement	http://www.ebi.ac.uk/efo/EFO_0006781	GCST90267274	Genome-wide genotyping array
2023-05-11	37106081	Schoeler T	2023-04-27	Nat Hum Behav	www.ncbi.nlm.nih.gov/pubmed/37106081	Participation bias in the UK Biobank distorts genetic associations and downstream analyses.	Coffee intake (standard GWA)	263,464 European ancestry individuals	NA	2p25.3	2	600575		LINC01875 - TMEM18	ENSG00000225942	ENSG00000151353		53900	63302	rs2683992-G	rs2683992	0	2683992	intergenic_variant	1	NR	3E-8	7.522878745280337		0.042675	[0.028-0.058] unit decrease	NR [7296975] (imputed)	N	coffee consumption measurement	http://www.ebi.ac.uk/efo/EFO_0006781	GCST90267274	Genome-wide genotyping array
2023-05-11	37106081	Schoeler T	2023-04-27	Nat Hum Behav	www.ncbi.nlm.nih.gov/pubmed/37106081	Participation bias in the UK Biobank distorts genetic associations and downstream analyses.	Coffee intake (standard GWA)	263,464 European ancestry individuals	NA	4q22.1	4	88011120		PKD2			ENSG00000118762			rs2725234-T	rs2725234	0	2725234	intron_variant	0	NR	4E-8	7.3979400086720375		0.053089	[0.034-0.072] unit decrease	NR [7296975] (imputed)	N	coffee consumption measurement	http://www.ebi.ac.uk/efo/EFO_0006781	GCST90267274	Genome-wide genotyping array
2023-05-11	37106081	Schoeler T	2023-04-27	Nat Hum Behav	www.ncbi.nlm.nih.gov/pubmed/37106081	Participation bias in the UK Biobank distorts genetic associations and downstream analyses.	Coffee intake (standard GWA)	263,464 European ancestry individuals	NA	5q14.3	5	88647527		MIR9-2HG			ENSG00000245526			rs13162708-T	rs13162708	0	13162708	intergenic_variant	0	NR	7E-9	8.154901959985743		0.050333	[0.033-0.067] unit increase	NR [7296975] (imputed)	N	coffee consumption measurement	http://www.ebi.ac.uk/efo/EFO_0006781	GCST90267274	Genome-wide genotyping array
2023-05-11	37106081	Schoeler T	2023-04-27	Nat Hum Behav	www.ncbi.nlm.nih.gov/pubmed/37106081	Participation bias in the UK Biobank distorts genetic associations and downstream analyses.	Coffee intake (standard GWA)	263,464 European ancestry individuals	NA	7p21.1	7	17101971		AHR			ENSG00000106546			rs1404960-G	rs1404960	0	1404960	intron_variant	0	NR	4E-12	11.397940008672037		0.044733	[0.032-0.057] unit decrease	NR [7296975] (imputed)	N	coffee consumption measurement	http://www.ebi.ac.uk/efo/EFO_0006781	GCST90267274	Genome-wide genotyping array
2023-05-11	37106081	Schoeler T	2023-04-27	Nat Hum Behav	www.ncbi.nlm.nih.gov/pubmed/37106081	Participation bias in the UK Biobank distorts genetic associations and downstream analyses.	Coffee intake (standard GWA)	263,464 European ancestry individuals	NA	15q24.1	15	74224274		CCDC33			ENSG00000140481			rs74922218-A	rs74922218	0	74922218	intron_variant	0	NR	6E-9	8.221848749616356		0.11752	[0.078-0.157] unit increase	NR [7296975] (imputed)	N	coffee consumption measurement	http://www.ebi.ac.uk/efo/EFO_0006781	GCST90267274	Genome-wide genotyping array
2023-05-11	37106081	Schoeler T	2023-04-27	Nat Hum Behav	www.ncbi.nlm.nih.gov/pubmed/37106081	Participation bias in the UK Biobank distorts genetic associations and downstream analyses.	Coffee intake (standard GWA)	263,464 European ancestry individuals	NA	15q24.1	15	74320756		CCDC33			ENSG00000140481			rs2959010-A	rs2959010	0	2959010	intron_variant	0	NR	7E-10	9.154901959985743		0.052207	[0.036-0.069] unit decrease	NR [7296975] (imputed)	N	coffee consumption measurement	http://www.ebi.ac.uk/efo/EFO_0006781	GCST90267274	Genome-wide genotyping array
2023-05-11	37106081	Schoeler T	2023-04-27	Nat Hum Behav	www.ncbi.nlm.nih.gov/pubmed/37106081	Participation bias in the UK Biobank distorts genetic associations and downstream analyses.	Coffee intake (standard GWA)	263,464 European ancestry individuals	NA	16q12.2	16	53764710		FTO			ENSG00000140718			rs8047587-T	rs8047587	0	8047587	intron_variant	0	NR	6E-9	8.221848749616356		0.034142	[0.023-0.046] unit increase	NR [7296975] (imputed)	N	coffee consumption measurement	http://www.ebi.ac.uk/efo/EFO_0006781	GCST90267274	Genome-wide genotyping array
2023-05-11	37106081	Schoeler T	2023-04-27	Nat Hum Behav	www.ncbi.nlm.nih.gov/pubmed/37106081	Participation bias in the UK Biobank distorts genetic associations and downstream analyses.	Coffee intake (standard GWA)	263,464 European ancestry individuals	NA	5q35.1	5	170860694		GABRP - RANBP17	ENSG00000094755	ENSG00000204764		46647	1176	rs7722978-A	rs7722978	0	7722978	intergenic_variant	1	NR	4E-8	7.3979400086720375		0.034307	[0.022-0.047] unit decrease	NR [7296975] (imputed)	N	coffee consumption measurement	http://www.ebi.ac.uk/efo/EFO_0006781	GCST90267274	Genome-wide genotyping array
2023-05-11	37106081	Schoeler T	2023-04-27	Nat Hum Behav	www.ncbi.nlm.nih.gov/pubmed/37106081	Participation bias in the UK Biobank distorts genetic associations and downstream analyses.	Coffee intake (standard GWA)	263,464 European ancestry individuals	NA	5p15.31	5	7378078		LINC02142			ENSG00000223597			rs11742322-C	rs11742322	0	11742322	intron_variant	0	NR	4E-8	7.3979400086720375		0.034891	[0.022-0.047] unit decrease	NR [7296975] (imputed)	N	coffee consumption measurement	http://www.ebi.ac.uk/efo/EFO_0006781	GCST90267274	Genome-wide genotyping array
2023-05-11	37106081	Schoeler T	2023-04-27	Nat Hum Behav	www.ncbi.nlm.nih.gov/pubmed/37106081	Participation bias in the UK Biobank distorts genetic associations and downstream analyses.	Coffee intake (standard GWA)	263,464 European ancestry individuals	NA	7q11.23	7	75965497		POR			ENSG00000127948			rs11760654-T	rs11760654	0	11760654	intron_variant	0	NR	5E-8	7.301029995663981		0.033132	[0.021-0.045] unit increase	NR [7296975] (imputed)	N	coffee consumption measurement	http://www.ebi.ac.uk/efo/EFO_0006781	GCST90267274	Genome-wide genotyping array
2023-05-11	37106081	Schoeler T	2023-04-27	Nat Hum Behav	www.ncbi.nlm.nih.gov/pubmed/37106081	Participation bias in the UK Biobank distorts genetic associations and downstream analyses.	Coffee intake (standard GWA)	263,464 European ancestry individuals	NA	1q25.2	1	177886382		LINC01741 - SEC16B	ENSG00000236720	ENSG00000120341		174107	37574	rs516636-A	rs516636	0	516636	intron_variant	1	NR	5E-8	7.301029995663981		0.038843	[0.025-0.053] unit increase	NR [7296975] (imputed)	N	coffee consumption measurement	http://www.ebi.ac.uk/efo/EFO_0006781	GCST90267274	Genome-wide genotyping array
2023-05-11	37106081	Schoeler T	2023-04-27	Nat Hum Behav	www.ncbi.nlm.nih.gov/pubmed/37106081	Participation bias in the UK Biobank distorts genetic associations and downstream analyses.	Coffee intake (standard GWA)	263,464 European ancestry individuals	NA	7q11.23	7	73408518		Y_RNA - FZD9	ENSG00000200544	ENSG00000188763		4629	25260	rs42129-A	rs42129	0	42129	intergenic_variant	1	NR	1E-8	8.0		0.044924	[0.029-0.06] unit increase	NR [7296975] (imputed)	N	coffee consumption measurement	http://www.ebi.ac.uk/efo/EFO_0006781	GCST90267274	Genome-wide genotyping array
2023-05-11	37106081	Schoeler T	2023-04-27	Nat Hum Behav	www.ncbi.nlm.nih.gov/pubmed/37106081	Participation bias in the UK Biobank distorts genetic associations and downstream analyses.	Coffee intake (standard GWA)	263,464 European ancestry individuals	NA	18q21.32	18	60064745		RNU6-567P - LINC03111	ENSG00000252555	ENSG00000267686		46014	60288	rs11664406-C	rs11664406	0	11664406	intergenic_variant	1	NR	4E-8	7.3979400086720375		0.03407	[0.022-0.046] unit increase	NR [7296975] (imputed)	N	coffee consumption measurement	http://www.ebi.ac.uk/efo/EFO_0006781	GCST90267274	Genome-wide genotyping array
2023-05-11	37106081	Schoeler T	2023-04-27	Nat Hum Behav	www.ncbi.nlm.nih.gov/pubmed/37106081	Participation bias in the UK Biobank distorts genetic associations and downstream analyses.	Coffee intake (standard GWA)	263,464 European ancestry individuals	NA	19q13.2	19	40833991		CYP2F2P - CYP2A6	ENSG00000237118	ENSG00000255974		7219	9542	rs12459249-T	rs12459249	0	12459249	intron_variant	1	NR	4E-10	9.397940008672037		0.038654	[0.027-0.051] unit decrease	NR [7296975] (imputed)	N	coffee consumption measurement	http://www.ebi.ac.uk/efo/EFO_0006781	GCST90267274	Genome-wide genotyping array
2023-05-11	37106081	Schoeler T	2023-04-27	Nat Hum Behav	www.ncbi.nlm.nih.gov/pubmed/37106081	Participation bias in the UK Biobank distorts genetic associations and downstream analyses.	Coffee intake (standard GWA)	263,464 European ancestry individuals	NA	7p21.1	7	17529569		LINC02889			ENSG00000236039			rs62444738-G	rs62444738	0	62444738	intergenic_variant	0	NR	3E-8	7.522878745280337		0.035528	[0.023-0.048] unit decrease	NR [7296975] (imputed)	N	coffee consumption measurement	http://www.ebi.ac.uk/efo/EFO_0006781	GCST90267274	Genome-wide genotyping array
2023-05-11	37106081	Schoeler T	2023-04-27	Nat Hum Behav	www.ncbi.nlm.nih.gov/pubmed/37106081	Participation bias in the UK Biobank distorts genetic associations and downstream analyses.	Coffee intake (standard GWA)	263,464 European ancestry individuals	NA	2p23.3	2	27375230		SNX17			ENSG00000115234			rs4665972-T	rs4665972	0	4665972	intron_variant	0	NR	8E-11	10.096910013008056		0.039066	[0.027-0.051] unit decrease	NR [7296975] (imputed)	N	coffee consumption measurement	http://www.ebi.ac.uk/efo/EFO_0006781	GCST90267274	Genome-wide genotyping array
2023-05-11	37106081	Schoeler T	2023-04-27	Nat Hum Behav	www.ncbi.nlm.nih.gov/pubmed/37106081	Participation bias in the UK Biobank distorts genetic associations and downstream analyses.	Coffee intake (standard GWA)	263,464 European ancestry individuals	NA	15q24.1	15	73805971		INSYN1-AS1 - TBC1D21	ENSG00000260469	ENSG00000167139		35358	67593	rs62004649-T	rs62004649	0	62004649	intergenic_variant	1	NR	6E-11	10.221848749616356		0.063407	[0.044-0.082] unit increase	NR [7296975] (imputed)	N	coffee consumption measurement	http://www.ebi.ac.uk/efo/EFO_0006781	GCST90267274	Genome-wide genotyping array
2023-05-11	37106081	Schoeler T	2023-04-27	Nat Hum Behav	www.ncbi.nlm.nih.gov/pubmed/37106081	Participation bias in the UK Biobank distorts genetic associations and downstream analyses.	Coffee intake (standard GWA)	263,464 European ancestry individuals	NA	20q13.33	20	64257449		PCMTD2			ENSG00000203880			rs6062678-T	rs6062678	0	6062678	5_prime_UTR_variant	0	NR	1E-9	9.0		0.036168	[0.024-0.048] unit increase	NR [7296975] (imputed)	N	coffee consumption measurement	http://www.ebi.ac.uk/efo/EFO_0006781	GCST90267274	Genome-wide genotyping array
2023-05-11	37106081	Schoeler T	2023-04-27	Nat Hum Behav	www.ncbi.nlm.nih.gov/pubmed/37106081	Participation bias in the UK Biobank distorts genetic associations and downstream analyses.	Coffee intake (standard GWA)	263,464 European ancestry individuals	NA	6q12	6	64772547		EYS			ENSG00000188107			rs7774229-A	rs7774229	0	7774229	intron_variant	0	NR	2E-6	5.698970004336019		0.053506	[0.032-0.075] unit decrease	NR [7296975] (imputed)	N	coffee consumption measurement	http://www.ebi.ac.uk/efo/EFO_0006781	GCST90267274	Genome-wide genotyping array
2023-05-11	37106081	Schoeler T	2023-04-27	Nat Hum Behav	www.ncbi.nlm.nih.gov/pubmed/37106081	Participation bias in the UK Biobank distorts genetic associations and downstream analyses.	Coffee intake (weighted GWA)	94,643 European ancestry individuals	NA	10q25.3	10	114511206		ABLIM1			ENSG00000099204			rs77962058-G	rs77962058	0	77962058	intron_variant	0	NR	4E-8	7.3979400086720375		0.20875	[0.13-0.28] unit decrease	NR [7296975] (imputed)	N	coffee consumption measurement	http://www.ebi.ac.uk/efo/EFO_0006781	GCST90267275	Genome-wide genotyping array
2023-05-11	37106081	Schoeler T	2023-04-27	Nat Hum Behav	www.ncbi.nlm.nih.gov/pubmed/37106081	Participation bias in the UK Biobank distorts genetic associations and downstream analyses.	Coffee intake (weighted GWA)	94,643 European ancestry individuals	NA	3p21.31	3	50240574		GNAI2			ENSG00000114353			rs115425584-A	rs115425584	0	115425584	intron_variant	0	NR	4E-8	7.3979400086720375		0.19863	[0.13-0.27] unit decrease	NR [7296975] (imputed)	N	coffee consumption measurement	http://www.ebi.ac.uk/efo/EFO_0006781	GCST90267275	Genome-wide genotyping array
2023-05-11	37106081	Schoeler T	2023-04-27	Nat Hum Behav	www.ncbi.nlm.nih.gov/pubmed/37106081	Participation bias in the UK Biobank distorts genetic associations and downstream analyses.	Coffee intake (weighted GWA)	94,643 European ancestry individuals	NA	6p25.1	6	5612642		FARS2			ENSG00000145982			rs9328323-T	rs9328323	0	9328323	intron_variant	0	NR	7E-9	8.154901959985743		0.14927	[0.099-0.2] unit decrease	NR [7296975] (imputed)	N	coffee consumption measurement	http://www.ebi.ac.uk/efo/EFO_0006781	GCST90267275	Genome-wide genotyping array
2024-02-07	37253714	Feofanova EV	2023-05-30	Nat Commun	www.ncbi.nlm.nih.gov/pubmed/37253714	Whole-Genome Sequencing Analysis of Human Metabolome in Multi-Ethnic Populations.	Metabolite levels (caffeine)	9,652 European, Hispanic or African American individuals	up to 2,466 African American individuals, up to 15,619 European ancestry individuals, 1,734 Hispanic ancestry children	15q24.1	15	74735539		CYP1A1 - CYP1A2	ENSG00000140465	ENSG00000140505		10003	13256	rs2472297-T	rs2472297	0	2472297	intergenic_variant	1	0.1497	8E-12	11.096910013008056		0.142	[0.1-0.18] unit decrease	Illumina [15660619]	N	caffeine measurement	http://www.ebi.ac.uk/efo/EFO_0021177	GCST90299557	Genome-wide sequencing
2022-11-14	35347128	Yin X	2022-03-28	Nat Commun	www.ncbi.nlm.nih.gov/pubmed/35347128	Genome-wide association studies of metabolites in Finnish men identify disease-relevant loci.	Caffeine levels	6,136 Finnish ancestry individuals	NA	7p21.1	7	17244953		AHR			ENSG00000106546			rs4410790-C	rs4410790	0	4410790	intron_variant	0	NR	2E-17	16.69897000433602		0.17	unit decrease	NR [16000000] (imputed)	N	caffeine metabolite measurement	http://www.ebi.ac.uk/efo/EFO_0007872	GCST90140932	Genome-wide genotyping array, Genome-wide sequencing, Exome-wide sequencing
2022-11-14	35347128	Yin X	2022-03-28	Nat Commun	www.ncbi.nlm.nih.gov/pubmed/35347128	Genome-wide association studies of metabolites in Finnish men identify disease-relevant loci.	Caffeine levels	6,136 Finnish ancestry individuals	NA	15q24.1	15	74735539		CYP1A1 - CYP1A2	ENSG00000140465	ENSG00000140505		10003	13256	rs2472297-T	rs2472297	0	2472297	intergenic_variant	1	NR	1E-32	32.0		0.25	unit decrease	NR [16000000] (imputed)	N	caffeine metabolite measurement	http://www.ebi.ac.uk/efo/EFO_0007872	GCST90140932	Genome-wide genotyping array, Genome-wide sequencing, Exome-wide sequencing
2024-03-07	35121771	Choe EK	2022-02-04	Sci Rep	www.ncbi.nlm.nih.gov/pubmed/35121771	Leveraging deep phenotyping from health check-up cohort with 10,000 Korean individuals for phenome-wide association study of 136 traits.	Coffee consumption (cups per day)	7,055 Korean ancestry individuals	NA	12q24.12	12	111803962		ALDH2			ENSG00000111275			rs671-A	rs671	0	671	missense_variant	0	0.178906	2E-13	12.698970004336019		0.355923	cup/day decrease	Affymetrix [6860342] (imputed)	N	cups of coffee per day measurement	http://www.ebi.ac.uk/efo/EFO_0006782	GCST90104206	Genome-wide genotyping array
2024-03-07	35121771	Choe EK	2022-02-04	Sci Rep	www.ncbi.nlm.nih.gov/pubmed/35121771	Leveraging deep phenotyping from health check-up cohort with 10,000 Korean individuals for phenome-wide association study of 136 traits.	Coffee consumption (cups per day)	7,055 Korean ancestry individuals	NA	12q24.13	12	112136812		TRAFD1			ENSG00000135148			rs12231737-T	rs12231737	0	12231737	intron_variant	0	0.182095	2E-13	12.698970004336019		0.351976	cup/day decrease	Affymetrix [6860342] (imputed)	N	cups of coffee per day measurement	http://www.ebi.ac.uk/efo/EFO_0006782	GCST90104206	Genome-wide genotyping array
2021-02-18	33287642	Said MA	2020-12-08	J Am Heart Assoc	www.ncbi.nlm.nih.gov/pubmed/33287642	Associations of Observational and Genetically Determined Caffeine Intake With Coronary Artery Disease and Diabetes Mellitus.	Caffeine consumption from coffee or tea	362,316 European ancestry individuals	NA	2p23.3	2	27508073	GCKR, AC005077.12	GCKR			ENSG00000084734			rs1260326-T	rs1260326	0	1260326	missense_variant	0	0.391852	4E-22	21.397940008672037		0.02297	[0.018-0.028] unit decrease	Affymetrix [19400838] (imputed)	N	coffee consumption measurement, tea consumption measurement	http://www.ebi.ac.uk/efo/EFO_0006781, http://www.ebi.ac.uk/efo/EFO_0010091	GCST011126	Genome-wide genotyping array
2021-02-18	33287642	Said MA	2020-12-08	J Am Heart Assoc	www.ncbi.nlm.nih.gov/pubmed/33287642	Associations of Observational and Genetically Determined Caffeine Intake With Coronary Artery Disease and Diabetes Mellitus.	Caffeine consumption from coffee or tea	362,316 European ancestry individuals	NA				DOCK3							chr3:50895869-ATAATAATAAT	chr3:50895869	0			1	0.915367	7E-9	8.154901959985743		0.028214	[0.019-0.038] unit increase	Affymetrix [19400838] (imputed)	N	coffee consumption measurement, tea consumption measurement	http://www.ebi.ac.uk/efo/EFO_0006781, http://www.ebi.ac.uk/efo/EFO_0010091	GCST011126	Genome-wide genotyping array
2021-02-18	33287642	Said MA	2020-12-08	J Am Heart Assoc	www.ncbi.nlm.nih.gov/pubmed/33287642	Associations of Observational and Genetically Determined Caffeine Intake With Coronary Artery Disease and Diabetes Mellitus.	Caffeine consumption from coffee or tea	362,316 European ancestry individuals	NA	3q21.1	3	123581839	PTPLB	HACD2			ENSG00000206527			rs78456557-C	rs78456557	0	78456557	intron_variant	0	0.900201	1E-9	9.0		0.02364	[0.016-0.031] unit decrease	Affymetrix [19400838] (imputed)	N	coffee consumption measurement, tea consumption measurement	http://www.ebi.ac.uk/efo/EFO_0006781, http://www.ebi.ac.uk/efo/EFO_0010091	GCST011126	Genome-wide genotyping array
2021-02-18	33287642	Said MA	2020-12-08	J Am Heart Assoc	www.ncbi.nlm.nih.gov/pubmed/33287642	Associations of Observational and Genetically Determined Caffeine Intake With Coronary Artery Disease and Diabetes Mellitus.	Caffeine consumption from coffee or tea	362,316 European ancestry individuals	NA	3q23	3	142373348	XRN1, MLXIPL	XRN1			ENSG00000114127			rs115454798-A	rs115454798	0	115454798	intron_variant	0	0.871965	1E-10	10.0		0.02252	[0.016-0.029] unit decrease	Affymetrix [19400838] (imputed)	N	coffee consumption measurement, tea consumption measurement	http://www.ebi.ac.uk/efo/EFO_0006781, http://www.ebi.ac.uk/efo/EFO_0010091	GCST011126	Genome-wide genotyping array
2021-02-18	33287642	Said MA	2020-12-08	J Am Heart Assoc	www.ncbi.nlm.nih.gov/pubmed/33287642	Associations of Observational and Genetically Determined Caffeine Intake With Coronary Artery Disease and Diabetes Mellitus.	Caffeine consumption from coffee or tea	362,316 European ancestry individuals	NA	4q22.1	4	88131171	ABCG2, CERS2, CTSS, GOLPH3L, HORMAD1, SETDB1	ABCG2			ENSG00000118777			rs2231142-G	rs2231142	0	2231142	stop_gained	0	0.886707	1E-26	26.0		0.03913	[0.032-0.046] unit increase	Affymetrix [19400838] (imputed)	N	coffee consumption measurement, tea consumption measurement	http://www.ebi.ac.uk/efo/EFO_0006781, http://www.ebi.ac.uk/efo/EFO_0010091	GCST011126	Genome-wide genotyping array
2021-02-18	33287642	Said MA	2020-12-08	J Am Heart Assoc	www.ncbi.nlm.nih.gov/pubmed/33287642	Associations of Observational and Genetically Determined Caffeine Intake With Coronary Artery Disease and Diabetes Mellitus.	Caffeine consumption from coffee or tea	362,316 European ancestry individuals	NA	4q24	4	105222335	TET2	TET2, TET2-AS1			ENSG00000168769, ENSG00000251586			rs62332762-C	rs62332762	0	62332762	intron_variant	0	0.597585	1E-14	14.0		0.01828	[0.014-0.023] unit increase	Affymetrix [19400838] (imputed)	N	coffee consumption measurement, tea consumption measurement	http://www.ebi.ac.uk/efo/EFO_0006781, http://www.ebi.ac.uk/efo/EFO_0010091	GCST011126	Genome-wide genotyping array
2021-02-18	33287642	Said MA	2020-12-08	J Am Heart Assoc	www.ncbi.nlm.nih.gov/pubmed/33287642	Associations of Observational and Genetically Determined Caffeine Intake With Coronary Artery Disease and Diabetes Mellitus.	Caffeine consumption from coffee or tea	362,316 European ancestry individuals	NA	5p15.31	5	7391349	ADCY2, PCMTD2	LINC02142			ENSG00000223597			rs12514566-G	rs12514566	0	12514566	regulatory_region_variant	0	0.664698	2E-12	11.698970004336019		0.017242	[0.012-0.022] unit increase	Affymetrix [19400838] (imputed)	N	coffee consumption measurement, tea consumption measurement	http://www.ebi.ac.uk/efo/EFO_0006781, http://www.ebi.ac.uk/efo/EFO_0010091	GCST011126	Genome-wide genotyping array
2021-02-18	33287642	Said MA	2020-12-08	J Am Heart Assoc	www.ncbi.nlm.nih.gov/pubmed/33287642	Associations of Observational and Genetically Determined Caffeine Intake With Coronary Artery Disease and Diabetes Mellitus.	Caffeine consumption from coffee or tea	362,316 European ancestry individuals	NA	6q16.1	6	98107668	POU3F2	MIR2113 - EIF4EBP2P3	ENSG00000238367	ENSG00000220505		83047	71831	rs754177720-CA	rs754177720	0	754177720	intron_variant	1	0.479652	4E-9	8.397940008672037		0.01384	[0.0092-0.0185] unit decrease	Affymetrix [19400838] (imputed)	N	coffee consumption measurement, tea consumption measurement	http://www.ebi.ac.uk/efo/EFO_0006781, http://www.ebi.ac.uk/efo/EFO_0010091	GCST011126	Genome-wide genotyping array
2021-02-18	33287642	Said MA	2020-12-08	J Am Heart Assoc	www.ncbi.nlm.nih.gov/pubmed/33287642	Associations of Observational and Genetically Determined Caffeine Intake With Coronary Artery Disease and Diabetes Mellitus.	Caffeine consumption from coffee or tea	362,316 European ancestry individuals	NA				FOXO3, RANGAP1							chr6:108876096-CAAT	chr6:108876096	0			1	0.838739	2E-9	8.698970004336019		0.018991	[0.013-0.025] unit increase	Affymetrix [19400838] (imputed)	N	coffee consumption measurement, tea consumption measurement	http://www.ebi.ac.uk/efo/EFO_0006781, http://www.ebi.ac.uk/efo/EFO_0010091	GCST011126	Genome-wide genotyping array
2021-02-18	33287642	Said MA	2020-12-08	J Am Heart Assoc	www.ncbi.nlm.nih.gov/pubmed/33287642	Associations of Observational and Genetically Determined Caffeine Intake With Coronary Artery Disease and Diabetes Mellitus.	Caffeine consumption from coffee or tea	362,316 European ancestry individuals	NA	6q22.32	6	126530014	CENPW	MIR588 - RNU6-200P	ENSG00000207632	ENSG00000201613		45301	60273	rs1490384-C	rs1490384	0	1490384	intron_variant	1	0.501467	8E-12	11.096910013008056		0.01587	[0.011-0.02] unit decrease	Affymetrix [19400838] (imputed)	N	coffee consumption measurement, tea consumption measurement	http://www.ebi.ac.uk/efo/EFO_0006781, http://www.ebi.ac.uk/efo/EFO_0010091	GCST011126	Genome-wide genotyping array
2021-02-18	33287642	Said MA	2020-12-08	J Am Heart Assoc	www.ncbi.nlm.nih.gov/pubmed/33287642	Associations of Observational and Genetically Determined Caffeine Intake With Coronary Artery Disease and Diabetes Mellitus.	Caffeine consumption from coffee or tea	362,316 European ancestry individuals	NA	6q23.3	6	136923819	PEX7, SLC35D3	SLC35D3			ENSG00000182747			rs139797380-C	rs139797380	0	139797380	splice_donor_5th_base_variant	0	0.991601	4E-15	14.397940008672037		0.106741	[0.08-0.133] unit increase	Affymetrix [19400838] (imputed)	N	coffee consumption measurement, tea consumption measurement	http://www.ebi.ac.uk/efo/EFO_0006781, http://www.ebi.ac.uk/efo/EFO_0010091	GCST011126	Genome-wide genotyping array
2021-02-18	33287642	Said MA	2020-12-08	J Am Heart Assoc	www.ncbi.nlm.nih.gov/pubmed/33287642	Associations of Observational and Genetically Determined Caffeine Intake With Coronary Artery Disease and Diabetes Mellitus.	Caffeine consumption from coffee or tea	362,316 European ancestry individuals	NA	7p21.1	7	17244953	AHR	AHR			ENSG00000106546			rs4410790-T	rs4410790	0	4410790	intron_variant	0	0.364122	2E-249	248.69897000433602		0.08137	[0.077-0.086] unit decrease	Affymetrix [19400838] (imputed)	N	coffee consumption measurement, tea consumption measurement	http://www.ebi.ac.uk/efo/EFO_0006781, http://www.ebi.ac.uk/efo/EFO_0010091	GCST011126	Genome-wide genotyping array
2021-02-18	33287642	Said MA	2020-12-08	J Am Heart Assoc	www.ncbi.nlm.nih.gov/pubmed/33287642	Associations of Observational and Genetically Determined Caffeine Intake With Coronary Artery Disease and Diabetes Mellitus.	Caffeine consumption from coffee or tea	362,316 European ancestry individuals	NA	7p14.3	7	32294309	PDE1C	PDE1C			ENSG00000154678			rs215601-A	rs215601	0	215601	intron_variant	0	0.372618	6E-10	9.221848749616356		0.01488	[0.01-0.02] unit increase	Affymetrix [19400838] (imputed)	N	coffee consumption measurement, tea consumption measurement	http://www.ebi.ac.uk/efo/EFO_0006781, http://www.ebi.ac.uk/efo/EFO_0010091	GCST011126	Genome-wide genotyping array
2021-02-18	33287642	Said MA	2020-12-08	J Am Heart Assoc	www.ncbi.nlm.nih.gov/pubmed/33287642	Associations of Observational and Genetically Determined Caffeine Intake With Coronary Artery Disease and Diabetes Mellitus.	Caffeine consumption from coffee or tea	362,316 European ancestry individuals	NA				MLXIPL							chr7:73042302-GCTTT	chr7:73042302	0			1	0.866226	7E-26	25.154901959985743		0.03591	[0.029-0.043] unit decrease	Affymetrix [19400838] (imputed)	N	coffee consumption measurement, tea consumption measurement	http://www.ebi.ac.uk/efo/EFO_0006781, http://www.ebi.ac.uk/efo/EFO_0010091	GCST011126	Genome-wide genotyping array
2021-02-18	33287642	Said MA	2020-12-08	J Am Heart Assoc	www.ncbi.nlm.nih.gov/pubmed/33287642	Associations of Observational and Genetically Determined Caffeine Intake With Coronary Artery Disease and Diabetes Mellitus.	Caffeine consumption from coffee or tea	362,316 European ancestry individuals	NA	7q11.23	7	75986787	POR, STYXL1	POR			ENSG00000127948			rs17685-G	rs17685	0	17685	3_prime_UTR_variant	0	0.721471	4E-56	55.39794000867204		0.0408	[0.036-0.046] unit decrease	Affymetrix [19400838] (imputed)	N	coffee consumption measurement, tea consumption measurement	http://www.ebi.ac.uk/efo/EFO_0006781, http://www.ebi.ac.uk/efo/EFO_0010091	GCST011126	Genome-wide genotyping array
2021-02-18	33287642	Said MA	2020-12-08	J Am Heart Assoc	www.ncbi.nlm.nih.gov/pubmed/33287642	Associations of Observational and Genetically Determined Caffeine Intake With Coronary Artery Disease and Diabetes Mellitus.	Caffeine consumption from coffee or tea	362,316 European ancestry individuals	NA	8p23.1	8	9326721	PPP1R3B	PPP1R3B-DT			ENSG00000248538			rs4240624-G	rs4240624	0	4240624	intron_variant	0	0.092461	2E-11	10.698970004336019		0.02693	[0.019-0.035] unit increase	Affymetrix [19400838] (imputed)	N	coffee consumption measurement, tea consumption measurement	http://www.ebi.ac.uk/efo/EFO_0006781, http://www.ebi.ac.uk/efo/EFO_0010091	GCST011126	Genome-wide genotyping array
2021-02-18	33287642	Said MA	2020-12-08	J Am Heart Assoc	www.ncbi.nlm.nih.gov/pubmed/33287642	Associations of Observational and Genetically Determined Caffeine Intake With Coronary Artery Disease and Diabetes Mellitus.	Caffeine consumption from coffee or tea	362,316 European ancestry individuals	NA	10q21.3	10	63502925	REEP3	JMJD1C-AS1, JMJD1C			ENSG00000272767, ENSG00000171988			rs12785227-A	rs12785227	0	12785227	non_coding_transcript_exon_variant	0	0.685798	7E-9	8.154901959985743		0.014549	[0.0096-0.0195] unit increase	Affymetrix [19400838] (imputed)	N	coffee consumption measurement, tea consumption measurement	http://www.ebi.ac.uk/efo/EFO_0006781, http://www.ebi.ac.uk/efo/EFO_0010091	GCST011126	Genome-wide genotyping array
2021-02-18	33287642	Said MA	2020-12-08	J Am Heart Assoc	www.ncbi.nlm.nih.gov/pubmed/33287642	Associations of Observational and Genetically Determined Caffeine Intake With Coronary Artery Disease and Diabetes Mellitus.	Caffeine consumption from coffee or tea	362,316 European ancestry individuals	NA	10q23.33	10	93079967	CYP26A1	CYP26A1 - NIP7P1	ENSG00000095596	ENSG00000232805		2082	26905	rs4418728-G	rs4418728	0	4418728	regulatory_region_variant	1	0.550788	7E-10	9.154901959985743		0.014384	[0.0098-0.019] unit increase	Affymetrix [19400838] (imputed)	N	coffee consumption measurement, tea consumption measurement	http://www.ebi.ac.uk/efo/EFO_0006781, http://www.ebi.ac.uk/efo/EFO_0010091	GCST011126	Genome-wide genotyping array
2021-02-18	33287642	Said MA	2020-12-08	J Am Heart Assoc	www.ncbi.nlm.nih.gov/pubmed/33287642	Associations of Observational and Genetically Determined Caffeine Intake With Coronary Artery Disease and Diabetes Mellitus.	Caffeine consumption from coffee or tea	362,316 European ancestry individuals	NA	10q26.3	10	133502291	SPRN	SCART1			ENSG00000214279			rs117810762-G	rs117810762	0	117810762	intergenic_variant	0	0.982023	1E-14	14.0		0.06827	[0.051-0.086] unit decrease	Affymetrix [19400838] (imputed)	N	coffee consumption measurement, tea consumption measurement	http://www.ebi.ac.uk/efo/EFO_0006781, http://www.ebi.ac.uk/efo/EFO_0010091	GCST011126	Genome-wide genotyping array
2021-02-18	33287642	Said MA	2020-12-08	J Am Heart Assoc	www.ncbi.nlm.nih.gov/pubmed/33287642	Associations of Observational and Genetically Determined Caffeine Intake With Coronary Artery Disease and Diabetes Mellitus.	Caffeine consumption from coffee or tea	362,316 European ancestry individuals	NA	11p14.1	11	27658369	BDNF	BDNF-AS, BDNF			ENSG00000245573, ENSG00000176697			rs6265-C	rs6265	0	6265	missense_variant	0	0.810755	3E-13	12.522878745280337		0.021572	[0.016-0.027] unit increase	Affymetrix [19400838] (imputed)	N	coffee consumption measurement, tea consumption measurement	http://www.ebi.ac.uk/efo/EFO_0006781, http://www.ebi.ac.uk/efo/EFO_0010091	GCST011126	Genome-wide genotyping array
2021-02-18	33287642	Said MA	2020-12-08	J Am Heart Assoc	www.ncbi.nlm.nih.gov/pubmed/33287642	Associations of Observational and Genetically Determined Caffeine Intake With Coronary Artery Disease and Diabetes Mellitus.	Caffeine consumption from coffee or tea	362,316 European ancestry individuals	NA	11p11.2	11	47929801	PTPRJ	NUP160 - PTPRJ	ENSG00000030066	ENSG00000149177		81244	50624	rs1228024-C	rs1228024	0	1228024	intron_variant	1	0.340021	1E-8	8.0		0.013965	[0.0092-0.0188] unit increase	Affymetrix [19400838] (imputed)	N	coffee consumption measurement, tea consumption measurement	http://www.ebi.ac.uk/efo/EFO_0006781, http://www.ebi.ac.uk/efo/EFO_0010091	GCST011126	Genome-wide genotyping array
2021-02-18	33287642	Said MA	2020-12-08	J Am Heart Assoc	www.ncbi.nlm.nih.gov/pubmed/33287642	Associations of Observational and Genetically Determined Caffeine Intake With Coronary Artery Disease and Diabetes Mellitus.	Caffeine consumption from coffee or tea	362,316 European ancestry individuals	NA	11q23.2	11	113041326	NCAM1, ARL6IP1	NCAM1			ENSG00000149294			rs7105462-G	rs7105462	0	7105462	intron_variant	0	0.40559	2E-9	8.698970004336019		0.014163	[0.0095-0.0188] unit increase	Affymetrix [19400838] (imputed)	N	coffee consumption measurement, tea consumption measurement	http://www.ebi.ac.uk/efo/EFO_0006781, http://www.ebi.ac.uk/efo/EFO_0010091	GCST011126	Genome-wide genotyping array
2021-02-18	33287642	Said MA	2020-12-08	J Am Heart Assoc	www.ncbi.nlm.nih.gov/pubmed/33287642	Associations of Observational and Genetically Determined Caffeine Intake With Coronary Artery Disease and Diabetes Mellitus.	Caffeine consumption from coffee or tea	362,316 European ancestry individuals	NA	12q24.12	12	111582989	ATXN2	ATXN2			ENSG00000204842			rs376877108-GTT	rs376877108	0	376877108	intron_variant	0	0.201051	9E-10	9.045757490560675		0.01783	[0.012-0.024] unit increase	Affymetrix [19400838] (imputed)	N	coffee consumption measurement, tea consumption measurement	http://www.ebi.ac.uk/efo/EFO_0006781, http://www.ebi.ac.uk/efo/EFO_0010091	GCST011126	Genome-wide genotyping array
2021-02-18	33287642	Said MA	2020-12-08	J Am Heart Assoc	www.ncbi.nlm.nih.gov/pubmed/33287642	Associations of Observational and Genetically Determined Caffeine Intake With Coronary Artery Disease and Diabetes Mellitus.	Caffeine consumption from coffee or tea	362,316 European ancestry individuals	NA	15q22.2	15	60610313	RORA	RORA-AS1, RORA			ENSG00000245534, ENSG00000069667			rs12591786-C	rs12591786	0	12591786	intron_variant	0	0.842038	4E-10	9.397940008672037		0.020213	[0.014-0.027] unit increase	Affymetrix [19400838] (imputed)	N	coffee consumption measurement, tea consumption measurement	http://www.ebi.ac.uk/efo/EFO_0006781, http://www.ebi.ac.uk/efo/EFO_0010091	GCST011126	Genome-wide genotyping array
2021-02-18	33287642	Said MA	2020-12-08	J Am Heart Assoc	www.ncbi.nlm.nih.gov/pubmed/33287642	Associations of Observational and Genetically Determined Caffeine Intake With Coronary Artery Disease and Diabetes Mellitus.	Caffeine consumption from coffee or tea	362,316 European ancestry individuals	NA	15q24.1	15	74735539	CYP1A1	CYP1A1 - CYP1A2	ENSG00000140465	ENSG00000140505		10003	13256	rs2472297-C	rs2472297	0	2472297	intergenic_variant	1	0.731645	2E-351	350.69897000433605		0.10487	[0.1-0.11] unit decrease	Affymetrix [19400838] (imputed)	N	coffee consumption measurement, tea consumption measurement	http://www.ebi.ac.uk/efo/EFO_0006781, http://www.ebi.ac.uk/efo/EFO_0010091	GCST011126	Genome-wide genotyping array
2021-02-18	33287642	Said MA	2020-12-08	J Am Heart Assoc	www.ncbi.nlm.nih.gov/pubmed/33287642	Associations of Observational and Genetically Determined Caffeine Intake With Coronary Artery Disease and Diabetes Mellitus.	Caffeine consumption from coffee or tea	362,316 European ancestry individuals	NA	15q24.3	15	77579849	LINGO1	HMG20A - LINGO1	ENSG00000140382	ENSG00000169783		93894	33178	rs2667773-A	rs2667773	0	2667773	intergenic_variant	1	0.686772	3E-9	8.522878745280337		0.014947	[0.01-0.02] unit increase	Affymetrix [19400838] (imputed)	N	coffee consumption measurement, tea consumption measurement	http://www.ebi.ac.uk/efo/EFO_0006781, http://www.ebi.ac.uk/efo/EFO_0010091	GCST011126	Genome-wide genotyping array
2021-02-18	33287642	Said MA	2020-12-08	J Am Heart Assoc	www.ncbi.nlm.nih.gov/pubmed/33287642	Associations of Observational and Genetically Determined Caffeine Intake With Coronary Artery Disease and Diabetes Mellitus.	Caffeine consumption from coffee or tea	362,316 European ancestry individuals	NA				RPS15A							chr16:18776851-G	chr16:18776851	0			1	0.651439	2E-10	9.698970004336019		0.017366	[0.012-0.023] unit increase	Affymetrix [19400838] (imputed)	N	coffee consumption measurement, tea consumption measurement	http://www.ebi.ac.uk/efo/EFO_0006781, http://www.ebi.ac.uk/efo/EFO_0010091	GCST011126	Genome-wide genotyping array
2021-02-18	33287642	Said MA	2020-12-08	J Am Heart Assoc	www.ncbi.nlm.nih.gov/pubmed/33287642	Associations of Observational and Genetically Determined Caffeine Intake With Coronary Artery Disease and Diabetes Mellitus.	Caffeine consumption from coffee or tea	362,316 European ancestry individuals	NA	17q21.32	17	48087873	CBX1	CBX1			ENSG00000108468			rs531431865-C	rs531431865	0	531431865	intron_variant	0	0.678686	3E-13	12.522878745280337		0.01854	[0.014-0.024] unit decrease	Affymetrix [19400838] (imputed)	N	coffee consumption measurement, tea consumption measurement	http://www.ebi.ac.uk/efo/EFO_0006781, http://www.ebi.ac.uk/efo/EFO_0010091	GCST011126	Genome-wide genotyping array
2021-02-18	33287642	Said MA	2020-12-08	J Am Heart Assoc	www.ncbi.nlm.nih.gov/pubmed/33287642	Associations of Observational and Genetically Determined Caffeine Intake With Coronary Artery Disease and Diabetes Mellitus.	Caffeine consumption from coffee or tea	362,316 European ancestry individuals	NA	18q21.32	18	60215554	MC4R	RNU4-17P - MC4R	ENSG00000202468	ENSG00000166603		51847	155508	rs489693-C	rs489693	0	489693	intergenic_variant	1	0.67465	1E-12	12.0		0.01759	[0.013-0.022] unit decrease	Affymetrix [19400838] (imputed)	N	coffee consumption measurement, tea consumption measurement	http://www.ebi.ac.uk/efo/EFO_0006781, http://www.ebi.ac.uk/efo/EFO_0010091	GCST011126	Genome-wide genotyping array
2021-02-18	33287642	Said MA	2020-12-08	J Am Heart Assoc	www.ncbi.nlm.nih.gov/pubmed/33287642	Associations of Observational and Genetically Determined Caffeine Intake With Coronary Artery Disease and Diabetes Mellitus.	Caffeine consumption from coffee or tea	362,316 European ancestry individuals	NA	19q13.2	19	40847202	CYP2A6	CYP2A6			ENSG00000255974			rs56113850-T	rs56113850	0	56113850	intron_variant	0	0.421755	2E-29	28.69897000433602		0.02649	[0.022-0.031] unit decrease	Affymetrix [19400838] (imputed)	N	coffee consumption measurement, tea consumption measurement	http://www.ebi.ac.uk/efo/EFO_0006781, http://www.ebi.ac.uk/efo/EFO_0010091	GCST011126	Genome-wide genotyping array
2021-02-18	33287642	Said MA	2020-12-08	J Am Heart Assoc	www.ncbi.nlm.nih.gov/pubmed/33287642	Associations of Observational and Genetically Determined Caffeine Intake With Coronary Artery Disease and Diabetes Mellitus.	Caffeine consumption from coffee or tea	362,316 European ancestry individuals	NA	19q13.32	19	47053118	NPAS1, TMEM160	TMEM160 - ZC3H4	ENSG00000130748	ENSG00000130749		4494	11069	rs61141867-T	rs61141867	0	61141867	intergenic_variant	1	0.253635	1E-11	11.0		0.01842	[0.013-0.024] unit decrease	Affymetrix [19400838] (imputed)	N	coffee consumption measurement, tea consumption measurement	http://www.ebi.ac.uk/efo/EFO_0006781, http://www.ebi.ac.uk/efo/EFO_0010091	GCST011126	Genome-wide genotyping array
2021-02-18	33287642	Said MA	2020-12-08	J Am Heart Assoc	www.ncbi.nlm.nih.gov/pubmed/33287642	Associations of Observational and Genetically Determined Caffeine Intake With Coronary Artery Disease and Diabetes Mellitus.	Caffeine consumption from coffee or tea	362,316 European ancestry individuals	NA				SAMHD1							chr20:35568001-AAAAG	chr20:35568001	0			1	0.68498	5E-9	8.301029995663981		0.014682	[0.0098-0.0196] unit increase	Affymetrix [19400838] (imputed)	N	coffee consumption measurement, tea consumption measurement	http://www.ebi.ac.uk/efo/EFO_0006781, http://www.ebi.ac.uk/efo/EFO_0010091	GCST011126	Genome-wide genotyping array
2021-02-18	33287642	Said MA	2020-12-08	J Am Heart Assoc	www.ncbi.nlm.nih.gov/pubmed/33287642	Associations of Observational and Genetically Determined Caffeine Intake With Coronary Artery Disease and Diabetes Mellitus.	Caffeine consumption from coffee or tea	362,316 European ancestry individuals	NA	20q13.33	20	64258638	PCMTD2	PCMTD2			ENSG00000203880			rs6062679-T	rs6062679	0	6062679	5_prime_UTR_variant	0	0.534615	5E-22	21.30102999566398		0.02278	[0.018-0.027] unit decrease	Affymetrix [19400838] (imputed)	N	coffee consumption measurement, tea consumption measurement	http://www.ebi.ac.uk/efo/EFO_0006781, http://www.ebi.ac.uk/efo/EFO_0010091	GCST011126	Genome-wide genotyping array
2021-02-18	33287642	Said MA	2020-12-08	J Am Heart Assoc	www.ncbi.nlm.nih.gov/pubmed/33287642	Associations of Observational and Genetically Determined Caffeine Intake With Coronary Artery Disease and Diabetes Mellitus.	Caffeine consumption from coffee or tea	362,316 European ancestry individuals	NA	22q11.23	22	24448024	SPECC1L-ADORA2A, ADORA2A	ADORA2A-AS1			ENSG00000178803			rs199612805-T	rs199612805	0	199612805	intron_variant	0	0.986403	3E-21	20.522878745280337		0.095734	[0.076-0.116] unit increase	Affymetrix [19400838] (imputed)	N	coffee consumption measurement, tea consumption measurement	http://www.ebi.ac.uk/efo/EFO_0006781, http://www.ebi.ac.uk/efo/EFO_0010091	GCST011126	Genome-wide genotyping array
2021-02-18	33287642	Said MA	2020-12-08	J Am Heart Assoc	www.ncbi.nlm.nih.gov/pubmed/33287642	Associations of Observational and Genetically Determined Caffeine Intake With Coronary Artery Disease and Diabetes Mellitus.	Caffeine consumption from coffee or tea	362,316 European ancestry individuals	NA	22q13.2	22	41248424	CHADL, RANGAP1	RANGAP1			ENSG00000100401			rs9611527-G	rs9611527	0	9611527	intron_variant	0	0.664286	1E-15	15.0		0.019792	[0.015-0.025] unit increase	Affymetrix [19400838] (imputed)	N	coffee consumption measurement, tea consumption measurement	http://www.ebi.ac.uk/efo/EFO_0006781, http://www.ebi.ac.uk/efo/EFO_0010091	GCST011126	Genome-wide genotyping array
2021-02-18	33287642	Said MA	2020-12-08	J Am Heart Assoc	www.ncbi.nlm.nih.gov/pubmed/33287642	Associations of Observational and Genetically Determined Caffeine Intake With Coronary Artery Disease and Diabetes Mellitus.	Caffeine consumption from coffee	373,522 European ancestry individuals	NA	1p21.3	1	95809112	TMEM56, RWDD3	LINC02607 - LINC02790	ENSG00000228971	ENSG00000237435		26770	128789	rs4615895-G	rs4615895	0	4615895	intergenic_variant	1	0.259574	9E-11	10.045757490560675		0.01705	[0.012-0.022] unit decrease	Affymetrix [19400838] (imputed)	N	coffee consumption measurement	http://www.ebi.ac.uk/efo/EFO_0006781	GCST011125	Genome-wide genotyping array
2021-02-18	33287642	Said MA	2020-12-08	J Am Heart Assoc	www.ncbi.nlm.nih.gov/pubmed/33287642	Associations of Observational and Genetically Determined Caffeine Intake With Coronary Artery Disease and Diabetes Mellitus.	Caffeine consumption from tea	395,866 European ancestry individuals	NA	1q25.1	1	174220131	RABGAP1L	RABGAP1L			ENSG00000152061			rs56188862-T	rs56188862	0	56188862	intron_variant	0	0.614947	2E-13	12.698970004336019		0.016829	[0.012-0.021] unit increase	Affymetrix [19400838] (imputed)	N	tea consumption measurement	http://www.ebi.ac.uk/efo/EFO_0010091	GCST011124	Genome-wide genotyping array
2021-02-18	33287642	Said MA	2020-12-08	J Am Heart Assoc	www.ncbi.nlm.nih.gov/pubmed/33287642	Associations of Observational and Genetically Determined Caffeine Intake With Coronary Artery Disease and Diabetes Mellitus.	Caffeine consumption from coffee	373,522 European ancestry individuals	NA	2p25.3	2	646849	TMEM18	LINC01875 - TMEM18	ENSG00000225942	ENSG00000151353		100174	17028	rs7571970-T	rs7571970	0	7571970	intergenic_variant	1	0.172823	9E-12	11.045757490560675		0.02076	[0.015-0.027] unit decrease	Affymetrix [19400838] (imputed)	N	coffee consumption measurement	http://www.ebi.ac.uk/efo/EFO_0006781	GCST011125	Genome-wide genotyping array
2021-02-18	33287642	Said MA	2020-12-08	J Am Heart Assoc	www.ncbi.nlm.nih.gov/pubmed/33287642	Associations of Observational and Genetically Determined Caffeine Intake With Coronary Artery Disease and Diabetes Mellitus.	Caffeine consumption from tea	395,866 European ancestry individuals	NA	3p11.1	3	89476355	EPHA3	EPHA3			ENSG00000044524			rs2117137-A	rs2117137	0	2117137	intron_variant	0	0.594554	3E-9	8.522878745280337		0.01349	[0.009-0.0179] unit decrease	Affymetrix [19400838] (imputed)	N	tea consumption measurement	http://www.ebi.ac.uk/efo/EFO_0010091	GCST011124	Genome-wide genotyping array
2021-02-18	33287642	Said MA	2020-12-08	J Am Heart Assoc	www.ncbi.nlm.nih.gov/pubmed/33287642	Associations of Observational and Genetically Determined Caffeine Intake With Coronary Artery Disease and Diabetes Mellitus.	Caffeine consumption from coffee	373,522 European ancestry individuals	NA	3p21.31	3	50498661	CACNA2D2	CACNA2D2			ENSG00000007402			rs35198275-A	rs35198275	0	35198275	intron_variant	0	0.865693	8E-10	9.096910013008056		0.020797	[0.014-0.027] unit increase	Affymetrix [19400838] (imputed)	N	coffee consumption measurement	http://www.ebi.ac.uk/efo/EFO_0006781	GCST011125	Genome-wide genotyping array
2021-02-18	33287642	Said MA	2020-12-08	J Am Heart Assoc	www.ncbi.nlm.nih.gov/pubmed/33287642	Associations of Observational and Genetically Determined Caffeine Intake With Coronary Artery Disease and Diabetes Mellitus.	Caffeine consumption from tea	395,866 European ancestry individuals	NA	5q33.1	5	152697921	NMUR2	LINC01470			ENSG00000249484			rs192084998-G	rs192084998	0	192084998	intron_variant	0	0.703764	1E-10	10.0		0.015836	[0.011-0.021] unit increase	Affymetrix [19400838] (imputed)	N	tea consumption measurement	http://www.ebi.ac.uk/efo/EFO_0010091	GCST011124	Genome-wide genotyping array
2021-02-18	33287642	Said MA	2020-12-08	J Am Heart Assoc	www.ncbi.nlm.nih.gov/pubmed/33287642	Associations of Observational and Genetically Determined Caffeine Intake With Coronary Artery Disease and Diabetes Mellitus.	Caffeine consumption from tea	395,866 European ancestry individuals	NA	6p12.3	6	51376342	PKHD1	FTH1P5 - TIAL1P1	ENSG00000230204	ENSG00000270306		463086	8940	rs2465018-G	rs2465018	0	2465018	intergenic_variant	1	0.769413	1E-16	16.0		0.02211	[0.017-0.027] unit decrease	Affymetrix [19400838] (imputed)	N	tea consumption measurement	http://www.ebi.ac.uk/efo/EFO_0010091	GCST011124	Genome-wide genotyping array
2021-02-18	33287642	Said MA	2020-12-08	J Am Heart Assoc	www.ncbi.nlm.nih.gov/pubmed/33287642	Associations of Observational and Genetically Determined Caffeine Intake With Coronary Artery Disease and Diabetes Mellitus.	Caffeine consumption from tea	395,866 European ancestry individuals	NA	6q23.3	6	136923819	PEX7, SLC35D3	SLC35D3			ENSG00000182747			rs139797380-C	rs139797380	0	139797380	splice_donor_5th_base_variant	0	0.991607	9E-9	8.045757490560675		0.075145	[0.05-0.101] unit increase	Affymetrix [19400838] (imputed)	N	tea consumption measurement	http://www.ebi.ac.uk/efo/EFO_0010091	GCST011124	Genome-wide genotyping array
2021-02-18	33287642	Said MA	2020-12-08	J Am Heart Assoc	www.ncbi.nlm.nih.gov/pubmed/33287642	Associations of Observational and Genetically Determined Caffeine Intake With Coronary Artery Disease and Diabetes Mellitus.	Caffeine consumption from coffee	373,522 European ancestry individuals	NA	7p21.1	7	17244953	AHR	AHR			ENSG00000106546			rs4410790-T	rs4410790	0	4410790	intron_variant	0	0.364412	3E-104	103.52287874528034		0.05171	[0.047-0.056] unit decrease	Affymetrix [19400838] (imputed)	N	coffee consumption measurement	http://www.ebi.ac.uk/efo/EFO_0006781	GCST011125	Genome-wide genotyping array
2021-02-18	33287642	Said MA	2020-12-08	J Am Heart Assoc	www.ncbi.nlm.nih.gov/pubmed/33287642	Associations of Observational and Genetically Determined Caffeine Intake With Coronary Artery Disease and Diabetes Mellitus.	Caffeine consumption from coffee	373,522 European ancestry individuals	NA	7q11.23	7	73623626	MLXIPL	MLXIPL			ENSG00000009950			rs34060476-A	rs34060476	0	34060476	intron_variant	0	0.865581	7E-14	13.154901959985743		0.02519	[0.019-0.032] unit decrease	Affymetrix [19400838] (imputed)	N	coffee consumption measurement	http://www.ebi.ac.uk/efo/EFO_0006781	GCST011125	Genome-wide genotyping array
2021-02-18	33287642	Said MA	2020-12-08	J Am Heart Assoc	www.ncbi.nlm.nih.gov/pubmed/33287642	Associations of Observational and Genetically Determined Caffeine Intake With Coronary Artery Disease and Diabetes Mellitus.	Caffeine consumption from tea	395,866 European ancestry individuals	NA	7q11.23	7	75986787	POR, STYXL1	POR			ENSG00000127948			rs17685-G	rs17685	0	17685	3_prime_UTR_variant	0	0.721688	7E-22	21.154901959985743		0.02391	[0.019-0.029] unit decrease	Affymetrix [19400838] (imputed)	N	tea consumption measurement	http://www.ebi.ac.uk/efo/EFO_0010091	GCST011124	Genome-wide genotyping array
2021-02-18	33287642	Said MA	2020-12-08	J Am Heart Assoc	www.ncbi.nlm.nih.gov/pubmed/33287642	Associations of Observational and Genetically Determined Caffeine Intake With Coronary Artery Disease and Diabetes Mellitus.	Caffeine consumption from coffee	373,522 European ancestry individuals	NA	10q26.3	10	132382782	LRRC27	LRRC27 - PWWP2B	ENSG00000148814	ENSG00000171813		1274	14386	rs76881016-A	rs76881016	0	76881016	intergenic_variant	1	0.928496	7E-9	8.154901959985743		0.02584	[0.017-0.035] unit decrease	Affymetrix [19400838] (imputed)	N	coffee consumption measurement	http://www.ebi.ac.uk/efo/EFO_0006781	GCST011125	Genome-wide genotyping array
2021-02-18	33287642	Said MA	2020-12-08	J Am Heart Assoc	www.ncbi.nlm.nih.gov/pubmed/33287642	Associations of Observational and Genetically Determined Caffeine Intake With Coronary Artery Disease and Diabetes Mellitus.	Caffeine consumption from tea	395,866 European ancestry individuals	NA	11p15.3	11	13286075	ARNTL	BMAL1			ENSG00000133794			rs11022752-A	rs11022752	0	11022752	intron_variant	0	0.730907	1E-9	9.0		0.01535	[0.01-0.02] unit decrease	Affymetrix [19400838] (imputed)	N	tea consumption measurement	http://www.ebi.ac.uk/efo/EFO_0010091	GCST011124	Genome-wide genotyping array
2021-02-18	33287642	Said MA	2020-12-08	J Am Heart Assoc	www.ncbi.nlm.nih.gov/pubmed/33287642	Associations of Observational and Genetically Determined Caffeine Intake With Coronary Artery Disease and Diabetes Mellitus.	Caffeine consumption from coffee	373,522 European ancestry individuals	NA	11q23.2	11	112981239	NCAM1	NCAM1			ENSG00000149294			rs2298527-G	rs2298527	0	2298527	intron_variant	0	0.405568	2E-10	9.698970004336019		0.014947	[0.01-0.02] unit increase	Affymetrix [19400838] (imputed)	N	coffee consumption measurement	http://www.ebi.ac.uk/efo/EFO_0006781	GCST011125	Genome-wide genotyping array
2021-02-18	33287642	Said MA	2020-12-08	J Am Heart Assoc	www.ncbi.nlm.nih.gov/pubmed/33287642	Associations of Observational and Genetically Determined Caffeine Intake With Coronary Artery Disease and Diabetes Mellitus.	Caffeine consumption from tea	395,866 European ancestry individuals	NA	12p13.2	12	11176949	PRR4, TAS2R14, TAS2R42, TAS2R15	SMIM10L1 - TAS2R42	ENSG00000256537	ENSG00000186136		933	9044	rs73053413-C	rs73053413	0	73053413	intergenic_variant	1	0.836535	7E-13	12.154901959985743		0.021681	[0.016-0.028] unit increase	Affymetrix [19400838] (imputed)	N	tea consumption measurement	http://www.ebi.ac.uk/efo/EFO_0010091	GCST011124	Genome-wide genotyping array
2021-02-18	33287642	Said MA	2020-12-08	J Am Heart Assoc	www.ncbi.nlm.nih.gov/pubmed/33287642	Associations of Observational and Genetically Determined Caffeine Intake With Coronary Artery Disease and Diabetes Mellitus.	Caffeine consumption from coffee	373,522 European ancestry individuals	NA	15q26.1	15	90894158	FES, MAN2A2	FES			ENSG00000182511			rs2521501-A	rs2521501	0	2521501	intron_variant	0	0.677316	2E-9	8.698970004336019		0.014916	[0.01-0.02] unit increase	Affymetrix [19400838] (imputed)	N	coffee consumption measurement	http://www.ebi.ac.uk/efo/EFO_0006781	GCST011125	Genome-wide genotyping array
2021-02-18	33287642	Said MA	2020-12-08	J Am Heart Assoc	www.ncbi.nlm.nih.gov/pubmed/33287642	Associations of Observational and Genetically Determined Caffeine Intake With Coronary Artery Disease and Diabetes Mellitus.	Caffeine consumption from tea	395,866 European ancestry individuals	NA	15q24.1	15	74735539	CYP1A1, SIN3A	CYP1A1 - CYP1A2	ENSG00000140465	ENSG00000140505		10003	13256	rs2472297-C	rs2472297	0	2472297	intergenic_variant	1	0.732806	3E-102	101.52287874528034		0.05411	[0.049-0.059] unit decrease	Affymetrix [19400838] (imputed)	N	tea consumption measurement	http://www.ebi.ac.uk/efo/EFO_0010091	GCST011124	Genome-wide genotyping array
2021-02-18	33287642	Said MA	2020-12-08	J Am Heart Assoc	www.ncbi.nlm.nih.gov/pubmed/33287642	Associations of Observational and Genetically Determined Caffeine Intake With Coronary Artery Disease and Diabetes Mellitus.	Caffeine consumption from tea	395,866 European ancestry individuals	NA	16q12.2	16	53764407	FTO	FTO			ENSG00000140718			rs28429148-G	rs28429148	0	28429148	intron_variant	0	0.565413	8E-9	8.096910013008056		0.013189	[0.0087-0.0177] unit increase	Affymetrix [19400838] (imputed)	N	tea consumption measurement	http://www.ebi.ac.uk/efo/EFO_0010091	GCST011124	Genome-wide genotyping array
2021-02-18	33287642	Said MA	2020-12-08	J Am Heart Assoc	www.ncbi.nlm.nih.gov/pubmed/33287642	Associations of Observational and Genetically Determined Caffeine Intake With Coronary Artery Disease and Diabetes Mellitus.	Caffeine consumption from tea	395,866 European ancestry individuals	NA	16q21	16	62997458	CDH8	DPPA3P11 - UBE2FP2	ENSG00000260332	ENSG00000261199		188752	183152	rs199602679-G	rs199602679	0	199602679	intron_variant	1	0.783938	1E-8	8.0		0.01603	[0.011-0.022] unit decrease	Affymetrix [19400838] (imputed)	N	tea consumption measurement	http://www.ebi.ac.uk/efo/EFO_0010091	GCST011124	Genome-wide genotyping array
2021-02-18	33287642	Said MA	2020-12-08	J Am Heart Assoc	www.ncbi.nlm.nih.gov/pubmed/33287642	Associations of Observational and Genetically Determined Caffeine Intake With Coronary Artery Disease and Diabetes Mellitus.	Caffeine consumption from tea	395,866 European ancestry individuals	NA	20q13.33	20	64331516	PCMTD2	IQSEC3P3 - NA	ENSG00000274727			3544		rs140775622-C	rs140775622	0	140775622	intergenic_variant	1	0.830545	2E-12	11.698970004336019		0.02262	[0.016-0.029] unit decrease	Affymetrix [19400838] (imputed)	N	tea consumption measurement	http://www.ebi.ac.uk/efo/EFO_0010091	GCST011124	Genome-wide genotyping array
2021-02-18	33287642	Said MA	2020-12-08	J Am Heart Assoc	www.ncbi.nlm.nih.gov/pubmed/33287642	Associations of Observational and Genetically Determined Caffeine Intake With Coronary Artery Disease and Diabetes Mellitus.	Caffeine consumption from tea	395,866 European ancestry individuals	NA	21q22.11	21	32971520	OLIG2	EPCIP-AS1			ENSG00000205930			rs4817505-T	rs4817505	0	4817505	intron_variant	0	0.607874	4E-11	10.397940008672037		0.01512	[0.011-0.02] unit decrease	Affymetrix [19400838] (imputed)	N	tea consumption measurement	http://www.ebi.ac.uk/efo/EFO_0010091	GCST011124	Genome-wide genotyping array
2021-02-18	33287642	Said MA	2020-12-08	J Am Heart Assoc	www.ncbi.nlm.nih.gov/pubmed/33287642	Associations of Observational and Genetically Determined Caffeine Intake With Coronary Artery Disease and Diabetes Mellitus.	Caffeine consumption from tea	395,866 European ancestry individuals	NA	22q11.23	22	24424300	SPECC1L, SPECC1L-ADORA2A, ADORA2A, UPB1	ADORA2A, SPECC1L-ADORA2A			ENSG00000128271, ENSG00000258555			rs9624470-G	rs9624470	0	9624470	intron_variant	0	0.419254	7E-29	28.154901959985743		0.02534	[0.021-0.03] unit decrease	Affymetrix [19400838] (imputed)	N	tea consumption measurement	http://www.ebi.ac.uk/efo/EFO_0010091	GCST011124	Genome-wide genotyping array
2021-02-18	33287642	Said MA	2020-12-08	J Am Heart Assoc	www.ncbi.nlm.nih.gov/pubmed/33287642	Associations of Observational and Genetically Determined Caffeine Intake With Coronary Artery Disease and Diabetes Mellitus.	Caffeine consumption from tea	395,866 European ancestry individuals	NA	22q13.2	22	41413899	TEF, ZC3H7B, SREBF2	TEF - TOB2	ENSG00000167074	ENSG00000183864		14573	19590	rs132919-G	rs132919	0	132919	regulatory_region_variant	1	0.22639	2E-10	9.698970004336019		0.01708	[0.012-0.022] unit decrease	Affymetrix [19400838] (imputed)	N	tea consumption measurement	http://www.ebi.ac.uk/efo/EFO_0010091	GCST011124	Genome-wide genotyping array
2021-02-18	33287642	Said MA	2020-12-08	J Am Heart Assoc	www.ncbi.nlm.nih.gov/pubmed/33287642	Associations of Observational and Genetically Determined Caffeine Intake With Coronary Artery Disease and Diabetes Mellitus.	Caffeine consumption from coffee or tea	362,316 European ancestry individuals	NA	1q21.3	1	150729035	HORMAD1, CTSS	HORMAD1 - CTSS	ENSG00000143452	ENSG00000163131		8140	1044	rs768283768-A	rs768283768	0	768283768	intergenic_variant	1	0.419751	1E-23	23.0		0.024685	[0.02-0.03] unit increase	Affymetrix [19400838] (imputed)	N	coffee consumption measurement, tea consumption measurement	http://www.ebi.ac.uk/efo/EFO_0006781, http://www.ebi.ac.uk/efo/EFO_0010091	GCST011126	Genome-wide genotyping array
2021-02-18	33287642	Said MA	2020-12-08	J Am Heart Assoc	www.ncbi.nlm.nih.gov/pubmed/33287642	Associations of Observational and Genetically Determined Caffeine Intake With Coronary Artery Disease and Diabetes Mellitus.	Caffeine consumption from coffee or tea	362,316 European ancestry individuals	NA				RABGAP1L							chr1:174856749-TG	chr1:174856749	0			1	0.538714	1E-11	11.0		0.016005	[0.011-0.021] unit increase	Affymetrix [19400838] (imputed)	N	coffee consumption measurement, tea consumption measurement	http://www.ebi.ac.uk/efo/EFO_0006781, http://www.ebi.ac.uk/efo/EFO_0010091	GCST011126	Genome-wide genotyping array
2021-02-18	33287642	Said MA	2020-12-08	J Am Heart Assoc	www.ncbi.nlm.nih.gov/pubmed/33287642	Associations of Observational and Genetically Determined Caffeine Intake With Coronary Artery Disease and Diabetes Mellitus.	Caffeine consumption from tea	395,866 European ancestry individuals	NA	1q21.3	1	150709639	HORMAD1, GOLPH3L, SETDB1, RPRD2	HORMAD1			ENSG00000143452			rs11204711-A	rs11204711	0	11204711	intron_variant	0	0.616497	6E-10	9.221848749616356		0.01444	[0.0099-0.019] unit decrease	Affymetrix [19400838] (imputed)	N	tea consumption measurement	http://www.ebi.ac.uk/efo/EFO_0010091	GCST011124	Genome-wide genotyping array
2021-02-18	33287642	Said MA	2020-12-08	J Am Heart Assoc	www.ncbi.nlm.nih.gov/pubmed/33287642	Associations of Observational and Genetically Determined Caffeine Intake With Coronary Artery Disease and Diabetes Mellitus.	Caffeine consumption from coffee	373,522 European ancestry individuals	NA	1q21.3	1	150729035	HORMAD1, CTSS, GOLPH3L	HORMAD1 - CTSS	ENSG00000143452	ENSG00000163131		8140	1044	rs768283768-A	rs768283768	0	768283768	intergenic_variant	1	0.419823	5E-9	8.301029995663981		0.014214	[0.0094-0.019] unit increase	Affymetrix [19400838] (imputed)	N	coffee consumption measurement	http://www.ebi.ac.uk/efo/EFO_0006781	GCST011125	Genome-wide genotyping array
2021-02-18	33287642	Said MA	2020-12-08	J Am Heart Assoc	www.ncbi.nlm.nih.gov/pubmed/33287642	Associations of Observational and Genetically Determined Caffeine Intake With Coronary Artery Disease and Diabetes Mellitus.	Caffeine consumption from tea	395,866 European ancestry individuals	NA	3p21.31	3	50216757	GNAI2, RBM5	SLC38A3			ENSG00000188338			rs145755097-C	rs145755097	0	145755097	intron_variant	0	0.852979	1E-8	8.0		0.01849	[0.012-0.025] unit decrease	Affymetrix [19400838] (imputed)	N	tea consumption measurement	http://www.ebi.ac.uk/efo/EFO_0010091	GCST011124	Genome-wide genotyping array
2021-02-18	33287642	Said MA	2020-12-08	J Am Heart Assoc	www.ncbi.nlm.nih.gov/pubmed/33287642	Associations of Observational and Genetically Determined Caffeine Intake With Coronary Artery Disease and Diabetes Mellitus.	Caffeine consumption from coffee	373,522 European ancestry individuals	NA	2p23.3	2	27529596	GCKR	GCKR - SPATA31H1	ENSG00000084734	ENSG00000221843		5908	7790	rs11127048-G	rs11127048	0	11127048	intergenic_variant	1	0.381191	8E-17	16.096910013008056		0.01997	[0.015-0.025] unit decrease	Affymetrix [19400838] (imputed)	N	coffee consumption measurement	http://www.ebi.ac.uk/efo/EFO_0006781	GCST011125	Genome-wide genotyping array
2021-02-18	33287642	Said MA	2020-12-08	J Am Heart Assoc	www.ncbi.nlm.nih.gov/pubmed/33287642	Associations of Observational and Genetically Determined Caffeine Intake With Coronary Artery Disease and Diabetes Mellitus.	Caffeine consumption from tea	395,866 European ancestry individuals	NA	4q22.1	4	88117930	ABCG2	ABCG2			ENSG00000118777			rs1481012-A	rs1481012	0	1481012	intron_variant	0	0.887297	2E-13	12.698970004336019		0.026005	[0.019-0.033] unit increase	Affymetrix [19400838] (imputed)	N	tea consumption measurement	http://www.ebi.ac.uk/efo/EFO_0010091	GCST011124	Genome-wide genotyping array
2021-02-18	33287642	Said MA	2020-12-08	J Am Heart Assoc	www.ncbi.nlm.nih.gov/pubmed/33287642	Associations of Observational and Genetically Determined Caffeine Intake With Coronary Artery Disease and Diabetes Mellitus.	Caffeine consumption from coffee	373,522 European ancestry individuals	NA	4q24	4	105296201	TET2	TET2-AS1			ENSG00000251586			rs2726513-G	rs2726513	0	2726513	intron_variant	0	0.587077	7E-11	10.154901959985743		0.015301	[0.011-0.02] unit increase	Affymetrix [19400838] (imputed)	N	coffee consumption measurement	http://www.ebi.ac.uk/efo/EFO_0006781	GCST011125	Genome-wide genotyping array
2021-02-18	33287642	Said MA	2020-12-08	J Am Heart Assoc	www.ncbi.nlm.nih.gov/pubmed/33287642	Associations of Observational and Genetically Determined Caffeine Intake With Coronary Artery Disease and Diabetes Mellitus.	Caffeine consumption from coffee	373,522 European ancestry individuals	NA	5p15.31	5	7391349	ADCY2	LINC02142			ENSG00000223597			rs12514566-G	rs12514566	0	12514566	regulatory_region_variant	0	0.664625	1E-9	9.0		0.014831	[0.01-0.02] unit increase	Affymetrix [19400838] (imputed)	N	coffee consumption measurement	http://www.ebi.ac.uk/efo/EFO_0006781	GCST011125	Genome-wide genotyping array
2021-02-18	33287642	Said MA	2020-12-08	J Am Heart Assoc	www.ncbi.nlm.nih.gov/pubmed/33287642	Associations of Observational and Genetically Determined Caffeine Intake With Coronary Artery Disease and Diabetes Mellitus.	Caffeine consumption from coffee	373,522 European ancestry individuals	NA	5q14.3	5	88669203	MEF2C	MIR9-2HG			ENSG00000245526			rs6893807-A	rs6893807	0	6893807	intergenic_variant	0	0.843563	1E-9	9.0		0.01916	[0.013-0.025] unit decrease	Affymetrix [19400838] (imputed)	N	coffee consumption measurement	http://www.ebi.ac.uk/efo/EFO_0006781	GCST011125	Genome-wide genotyping array
2021-02-18	33287642	Said MA	2020-12-08	J Am Heart Assoc	www.ncbi.nlm.nih.gov/pubmed/33287642	Associations of Observational and Genetically Determined Caffeine Intake With Coronary Artery Disease and Diabetes Mellitus.	Caffeine consumption from coffee	373,522 European ancestry individuals	NA	6p12.3	6	51313013	PKHD1	FTH1P5 - TIAL1P1	ENSG00000230204	ENSG00000270306		399757	72269	rs1327259-A	rs1327259	0	1327259	intron_variant	1	0.614152	3E-11	10.522878745280337		0.015707	[0.011-0.02] unit increase	Affymetrix [19400838] (imputed)	N	coffee consumption measurement	http://www.ebi.ac.uk/efo/EFO_0006781	GCST011125	Genome-wide genotyping array
2021-02-18	33287642	Said MA	2020-12-08	J Am Heart Assoc	www.ncbi.nlm.nih.gov/pubmed/33287642	Associations of Observational and Genetically Determined Caffeine Intake With Coronary Artery Disease and Diabetes Mellitus.	Caffeine consumption from tea	395,866 European ancestry individuals	NA	7p21.1	7	17244953	AHR	AHR			ENSG00000106546			rs4410790-T	rs4410790	0	4410790	intron_variant	0	0.36537	1E-67	67.0		0.04033	[0.036-0.045] unit decrease	Affymetrix [19400838] (imputed)	N	tea consumption measurement	http://www.ebi.ac.uk/efo/EFO_0010091	GCST011124	Genome-wide genotyping array
2021-02-18	33287642	Said MA	2020-12-08	J Am Heart Assoc	www.ncbi.nlm.nih.gov/pubmed/33287642	Associations of Observational and Genetically Determined Caffeine Intake With Coronary Artery Disease and Diabetes Mellitus.	Caffeine consumption from tea	395,866 European ancestry individuals	NA	7p14.1	7	39256138	POU6F2	POU6F2			ENSG00000106536			rs141180025-CT	rs141180025	1	36038117	intron_variant	0	0.391273	2E-9	8.698970004336019		0.01399	[0.0094-0.0186] unit decrease	Affymetrix [19400838] (imputed)	N	tea consumption measurement	http://www.ebi.ac.uk/efo/EFO_0010091	GCST011124	Genome-wide genotyping array
2021-02-18	33287642	Said MA	2020-12-08	J Am Heart Assoc	www.ncbi.nlm.nih.gov/pubmed/33287642	Associations of Observational and Genetically Determined Caffeine Intake With Coronary Artery Disease and Diabetes Mellitus.	Caffeine consumption from coffee	373,522 European ancestry individuals	NA	7q11.23	7	75985688	POR	POR			ENSG00000127948			rs1057868-C	rs1057868	0	1057868	missense_variant	0	0.714413	6E-22	21.221848749616356		0.02445	[0.019-0.029] unit decrease	Affymetrix [19400838] (imputed)	N	coffee consumption measurement	http://www.ebi.ac.uk/efo/EFO_0006781	GCST011125	Genome-wide genotyping array
2021-02-18	33287642	Said MA	2020-12-08	J Am Heart Assoc	www.ncbi.nlm.nih.gov/pubmed/33287642	Associations of Observational and Genetically Determined Caffeine Intake With Coronary Artery Disease and Diabetes Mellitus.	Caffeine consumption from tea	395,866 European ancestry individuals	NA	9p24.1	9	7042938	KDM4C	KDM4C			ENSG00000107077			rs62534435-C	rs62534435	0	62534435	intron_variant	0	0.796528	4E-9	8.397940008672037		0.01629	[0.011-0.022] unit decrease	Affymetrix [19400838] (imputed)	N	tea consumption measurement	http://www.ebi.ac.uk/efo/EFO_0010091	GCST011124	Genome-wide genotyping array
2021-02-18	33287642	Said MA	2020-12-08	J Am Heart Assoc	www.ncbi.nlm.nih.gov/pubmed/33287642	Associations of Observational and Genetically Determined Caffeine Intake With Coronary Artery Disease and Diabetes Mellitus.	Caffeine consumption from coffee	373,522 European ancestry individuals	NA	10q26.3	10	133502291	SPRN	SCART1			ENSG00000214279			rs117810762-G	rs117810762	0	117810762	intergenic_variant	0	0.982047	1E-8	8.0		0.05011	[0.033-0.067] unit decrease	Affymetrix [19400838] (imputed)	N	coffee consumption measurement	http://www.ebi.ac.uk/efo/EFO_0006781	GCST011125	Genome-wide genotyping array
2021-02-18	33287642	Said MA	2020-12-08	J Am Heart Assoc	www.ncbi.nlm.nih.gov/pubmed/33287642	Associations of Observational and Genetically Determined Caffeine Intake With Coronary Artery Disease and Diabetes Mellitus.	Caffeine consumption from tea	395,866 European ancestry individuals	NA	11p15.2	11	16264637	SOX6	SOX6			ENSG00000110693			rs10741694-T	rs10741694	0	10741694	intron_variant	0	0.372823	2E-10	9.698970004336019		0.01474	[0.01-0.019] unit decrease	Affymetrix [19400838] (imputed)	N	tea consumption measurement	http://www.ebi.ac.uk/efo/EFO_0010091	GCST011124	Genome-wide genotyping array
2021-02-18	33287642	Said MA	2020-12-08	J Am Heart Assoc	www.ncbi.nlm.nih.gov/pubmed/33287642	Associations of Observational and Genetically Determined Caffeine Intake With Coronary Artery Disease and Diabetes Mellitus.	Caffeine consumption from coffee	373,522 European ancestry individuals	NA	15q24.1	15	74735539	CYP1A1	CYP1A1 - CYP1A2	ENSG00000140465	ENSG00000140505		10003	13256	rs2472297-C	rs2472297	0	2472297	intergenic_variant	1	0.731859	3E-140	139.52287874528034		0.06521	[0.06-0.07] unit decrease	Affymetrix [19400838] (imputed)	N	coffee consumption measurement	http://www.ebi.ac.uk/efo/EFO_0006781	GCST011125	Genome-wide genotyping array
2021-02-18	33287642	Said MA	2020-12-08	J Am Heart Assoc	www.ncbi.nlm.nih.gov/pubmed/33287642	Associations of Observational and Genetically Determined Caffeine Intake With Coronary Artery Disease and Diabetes Mellitus.	Caffeine consumption from tea	395,866 European ancestry individuals	NA	15q22.2	15	60610313	RORA	RORA-AS1, RORA			ENSG00000245534, ENSG00000069667			rs12591786-C	rs12591786	0	12591786	intron_variant	0	0.842256	3E-10	9.522878745280337		0.019576	[0.013-0.026] unit increase	Affymetrix [19400838] (imputed)	N	tea consumption measurement	http://www.ebi.ac.uk/efo/EFO_0010091	GCST011124	Genome-wide genotyping array
2021-02-18	33287642	Said MA	2020-12-08	J Am Heart Assoc	www.ncbi.nlm.nih.gov/pubmed/33287642	Associations of Observational and Genetically Determined Caffeine Intake With Coronary Artery Disease and Diabetes Mellitus.	Caffeine consumption from coffee	373,522 European ancestry individuals	NA	16q12.2	16	53796052	FTO	FTO			ENSG00000140718			rs201399553-T	rs201399553	0	201399553	intron_variant	0	0.594033	3E-21	20.522878745280337		0.02253	[0.018-0.027] unit decrease	Affymetrix [19400838] (imputed)	N	coffee consumption measurement	http://www.ebi.ac.uk/efo/EFO_0006781	GCST011125	Genome-wide genotyping array
2021-02-18	33287642	Said MA	2020-12-08	J Am Heart Assoc	www.ncbi.nlm.nih.gov/pubmed/33287642	Associations of Observational and Genetically Determined Caffeine Intake With Coronary Artery Disease and Diabetes Mellitus.	Caffeine consumption from coffee	373,522 European ancestry individuals	NA	17p11.2	17	17681817	RAI1	RAI1			ENSG00000108557			rs139937261-C	rs139937261	0	139937261	intron_variant	0	0.487688	1E-10	10.0		0.01491	[0.01-0.019] unit decrease	Affymetrix [19400838] (imputed)	N	coffee consumption measurement	http://www.ebi.ac.uk/efo/EFO_0006781	GCST011125	Genome-wide genotyping array
2021-02-18	33287642	Said MA	2020-12-08	J Am Heart Assoc	www.ncbi.nlm.nih.gov/pubmed/33287642	Associations of Observational and Genetically Determined Caffeine Intake With Coronary Artery Disease and Diabetes Mellitus.	Caffeine consumption from coffee	373,522 European ancestry individuals	NA	17q21.32	17	48087873	CBX1	CBX1			ENSG00000108468			rs531431865-C	rs531431865	0	531431865	intron_variant	0	0.678648	9E-12	11.045757490560675		0.0171	[0.012-0.022] unit decrease	Affymetrix [19400838] (imputed)	N	coffee consumption measurement	http://www.ebi.ac.uk/efo/EFO_0006781	GCST011125	Genome-wide genotyping array
2021-02-18	33287642	Said MA	2020-12-08	J Am Heart Assoc	www.ncbi.nlm.nih.gov/pubmed/33287642	Associations of Observational and Genetically Determined Caffeine Intake With Coronary Artery Disease and Diabetes Mellitus.	Caffeine consumption from coffee	373,522 European ancestry individuals	NA	18q21.32	18	60141746	MC4R	LINC03111			ENSG00000267686			rs66723169-C	rs66723169	0	66723169	intron_variant	0	0.769043	2E-16	15.698970004336019		0.02249	[0.017-0.028] unit decrease	Affymetrix [19400838] (imputed)	N	coffee consumption measurement	http://www.ebi.ac.uk/efo/EFO_0006781	GCST011125	Genome-wide genotyping array
2021-02-18	33287642	Said MA	2020-12-08	J Am Heart Assoc	www.ncbi.nlm.nih.gov/pubmed/33287642	Associations of Observational and Genetically Determined Caffeine Intake With Coronary Artery Disease and Diabetes Mellitus.	Caffeine consumption from coffee	373,522 European ancestry individuals	NA	19q13.2	19	40847202	CYP2A6	CYP2A6			ENSG00000255974			rs56113850-T	rs56113850	0	56113850	intron_variant	0	0.421821	5E-19	18.30102999566398		0.02071	[0.016-0.025] unit decrease	Affymetrix [19400838] (imputed)	N	coffee consumption measurement	http://www.ebi.ac.uk/efo/EFO_0006781	GCST011125	Genome-wide genotyping array
2021-02-18	33287642	Said MA	2020-12-08	J Am Heart Assoc	www.ncbi.nlm.nih.gov/pubmed/33287642	Associations of Observational and Genetically Determined Caffeine Intake With Coronary Artery Disease and Diabetes Mellitus.	Caffeine consumption from coffee	373,522 European ancestry individuals	NA	20q13.12	20	47211814	ZMYND8	ZMYND8			ENSG00000101040			rs6063085-A	rs6063085	0	6063085	intron_variant	0	0.625251	3E-11	10.522878745280337		0.01571	[0.011-0.02] unit decrease	Affymetrix [19400838] (imputed)	N	coffee consumption measurement	http://www.ebi.ac.uk/efo/EFO_0006781	GCST011125	Genome-wide genotyping array
2021-02-18	33287642	Said MA	2020-12-08	J Am Heart Assoc	www.ncbi.nlm.nih.gov/pubmed/33287642	Associations of Observational and Genetically Determined Caffeine Intake With Coronary Artery Disease and Diabetes Mellitus.	Caffeine consumption from coffee	373,522 European ancestry individuals	NA	22q11.23	22	24506000	UPB1	UPB1			ENSG00000100024			rs181251778-A	rs181251778	0	181251778	intron_variant	0	0.986146	2E-13	12.698970004336019		0.072648	[0.053-0.092] unit increase	Affymetrix [19400838] (imputed)	N	coffee consumption measurement	http://www.ebi.ac.uk/efo/EFO_0006781	GCST011125	Genome-wide genotyping array
2021-02-18	33287642	Said MA	2020-12-08	J Am Heart Assoc	www.ncbi.nlm.nih.gov/pubmed/33287642	Associations of Observational and Genetically Determined Caffeine Intake With Coronary Artery Disease and Diabetes Mellitus.	Caffeine consumption from tea	395,866 European ancestry individuals	NA	1p36.11	1	26431120	LIN28A, DHDDS	DHDDS-AS1			ENSG00000225891			rs77476394-CTAAA	rs77476394	0	77476394	splice_acceptor_variant	0	0.208732	2E-8	7.698970004336019		0.01572	[0.01-0.021] unit decrease	Affymetrix [19400838] (imputed)	N	tea consumption measurement	http://www.ebi.ac.uk/efo/EFO_0010091	GCST011124	Genome-wide genotyping array
