DATE ADDED TO CATALOG	PUBMEDID	FIRST AUTHOR	DATE	JOURNAL	LINK	STUDY	DISEASE/TRAIT	INITIAL SAMPLE SIZE	REPLICATION SAMPLE SIZE	REGION	CHR_ID	CHR_POS	REPORTED GENE(S)	MAPPED_GENE	UPSTREAM_GENE_ID	DOWNSTREAM_GENE_ID	SNP_GENE_IDS	UPSTREAM_GENE_DISTANCE	DOWNSTREAM_GENE_DISTANCE	STRONGEST SNP-RISK ALLELE	SNPS	MERGED	SNP_ID_CURRENT	CONTEXT	INTERGENIC	RISK ALLELE FREQUENCY	P-VALUE	PVALUE_MLOG	P-VALUE (TEXT)	OR or BETA	95% CI (TEXT)	PLATFORM [SNPS PASSING QC]	CNV	MAPPED_TRAIT	MAPPED_TRAIT_URI	STUDY ACCESSION	GENOTYPING TECHNOLOGY
2018-07-20	29787419	Hrdlickova B	2018-05-21	Eur J Gastroenterol Hepatol	www.ncbi.nlm.nih.gov/pubmed/29787419	A locus at 7p14.3 predisposes to refractory celiac disease progression from celiac disease.	Refractory celiac disease type II	38 Dutch ancestry cases, 846 Dutch ancestry controls	56 European ancestry cases, 1,285 European ancestry controls	7p14.3	7	31159653	NR	ADCYAP1R1 - NEUROD6	ENSG00000078549	ENSG00000164600		48178	177812	rs2041570-A	rs2041570	0	2041570	intron_variant	1	0.41	2E-8	7.698970004336019		2.36	[1.73-3.21]	Illumina [499626]	N	refractory celiac disease	http://purl.obolibrary.org/obo/MONDO_0018353	GCST005928	Genome-wide genotyping array
2018-07-20	29787419	Hrdlickova B	2018-05-21	Eur J Gastroenterol Hepatol	www.ncbi.nlm.nih.gov/pubmed/29787419	A locus at 7p14.3 predisposes to refractory celiac disease progression from celiac disease.	Refractory celiac disease type II	38 Dutch ancestry cases, 846 Dutch ancestry controls	56 European ancestry cases, 1,285 European ancestry controls				HLA							HLA-DQ2-?	HLA-DQ2	0			1	NR	5E-8	7.301029995663981				Illumina [499626]	N	refractory celiac disease	http://purl.obolibrary.org/obo/MONDO_0018353	GCST005928	Genome-wide genotyping array
2020-04-17	30572963	Marquez A	2018-12-20	Genome Med	www.ncbi.nlm.nih.gov/pubmed/30572963	Meta-analysis of Immunochip data of four autoimmune diseases reveals novel single-disease and cross-phenotype associations.	Celiac disease	11,489 European ancestry cases, 22,308 European ancestry controls	NA	2q31.3	2	181192913	LINC01934	LINC01934			ENSG00000234663			rs12619531-G	rs12619531	0	12619531	intron_variant	0	NR	4E-19	18.397940008672037		1.175986		Illumina [252970]	N	celiac disease	http://purl.obolibrary.org/obo/MONDO_0005130	GCST009874	Targeted genotyping array [ImmunoChip]
2020-04-17	30572963	Marquez A	2018-12-20	Genome Med	www.ncbi.nlm.nih.gov/pubmed/30572963	Meta-analysis of Immunochip data of four autoimmune diseases reveals novel single-disease and cross-phenotype associations.	Celiac disease	11,489 European ancestry cases, 22,308 European ancestry controls	NA	12q24.12	12	111446804	SH2B3	ATXN2, SH2B3			ENSG00000204842, ENSG00000111252			rs3184504-?	rs3184504	0	3184504	missense_variant	0	NR	1E-17	17.0		1.1699768		Illumina [252970]	N	celiac disease	http://purl.obolibrary.org/obo/MONDO_0005130	GCST009874	Targeted genotyping array [ImmunoChip]
2020-04-17	30572963	Marquez A	2018-12-20	Genome Med	www.ncbi.nlm.nih.gov/pubmed/30572963	Meta-analysis of Immunochip data of four autoimmune diseases reveals novel single-disease and cross-phenotype associations.	Celiac disease	11,489 European ancestry cases, 22,308 European ancestry controls	NA	2q12.1	2	102476784	SLC9A4	SLC9A4			ENSG00000180251			rs10469840-T	rs10469840	0	10469840	intron_variant	0	NR	2E-16	15.698970004336019		1.1902305		Illumina [252970]	N	celiac disease	http://purl.obolibrary.org/obo/MONDO_0005130	GCST009874	Targeted genotyping array [ImmunoChip]
2020-04-17	30572963	Marquez A	2018-12-20	Genome Med	www.ncbi.nlm.nih.gov/pubmed/30572963	Meta-analysis of Immunochip data of four autoimmune diseases reveals novel single-disease and cross-phenotype associations.	Celiac disease	11,489 European ancestry cases, 22,308 European ancestry controls	NA	3q25.33	3	159905770	intergenic	IL12A-AS1			ENSG00000244040			rs1353248-?	rs1353248	0	1353248	intergenic_variant	0	NR	5E-16	15.301029995663981		1.1798072		Illumina [252970]	N	celiac disease	http://purl.obolibrary.org/obo/MONDO_0005130	GCST009874	Targeted genotyping array [ImmunoChip]
2020-04-17	30572963	Marquez A	2018-12-20	Genome Med	www.ncbi.nlm.nih.gov/pubmed/30572963	Meta-analysis of Immunochip data of four autoimmune diseases reveals novel single-disease and cross-phenotype associations.	Celiac disease	11,489 European ancestry cases, 22,308 European ancestry controls	NA	10q22.3	10	79285523	ZMIZ1	ZMIZ1			ENSG00000108175			rs1250568-?	rs1250568	0	1250568	intron_variant	0	NR	1E-14	14.0		1.1538163		Illumina [252970]	N	celiac disease	http://purl.obolibrary.org/obo/MONDO_0005130	GCST009874	Targeted genotyping array [ImmunoChip]
2020-04-17	30572963	Marquez A	2018-12-20	Genome Med	www.ncbi.nlm.nih.gov/pubmed/30572963	Meta-analysis of Immunochip data of four autoimmune diseases reveals novel single-disease and cross-phenotype associations.	Celiac disease	11,489 European ancestry cases, 22,308 European ancestry controls	NA	2p16.1	2	60977782	PUS10	PUS10			ENSG00000162927			rs4560096-G	rs4560096	0	4560096	intron_variant	0	NR	2E-13	12.698970004336019		1.1451596		Illumina [252970]	N	celiac disease	http://purl.obolibrary.org/obo/MONDO_0005130	GCST009874	Targeted genotyping array [ImmunoChip]
2020-04-17	30572963	Marquez A	2018-12-20	Genome Med	www.ncbi.nlm.nih.gov/pubmed/30572963	Meta-analysis of Immunochip data of four autoimmune diseases reveals novel single-disease and cross-phenotype associations.	Celiac disease	11,489 European ancestry cases, 22,308 European ancestry controls	NA	3q28	3	188402113	LPP	LPP			ENSG00000145012			rs2030519-?	rs2030519	0	2030519	intron_variant	0	NR	5E-52	51.30102999566398		1.3221326		Illumina [252970]	N	celiac disease	http://purl.obolibrary.org/obo/MONDO_0005130	GCST009874	Targeted genotyping array [ImmunoChip]
2020-04-17	30572963	Marquez A	2018-12-20	Genome Med	www.ncbi.nlm.nih.gov/pubmed/30572963	Meta-analysis of Immunochip data of four autoimmune diseases reveals novel single-disease and cross-phenotype associations.	Celiac disease	11,489 European ancestry cases, 22,308 European ancestry controls	NA	4q27	4	122629959	IL21-AS1	IL21-AS1			ENSG00000227145			rs13132308-?	rs13132308	0	13132308	intron_variant	0	NR	3E-36	35.52287874528034		1.4120632		Illumina [252970]	N	celiac disease	http://purl.obolibrary.org/obo/MONDO_0005130	GCST009874	Targeted genotyping array [ImmunoChip]
2020-04-17	30572963	Marquez A	2018-12-20	Genome Med	www.ncbi.nlm.nih.gov/pubmed/30572963	Meta-analysis of Immunochip data of four autoimmune diseases reveals novel single-disease and cross-phenotype associations.	Celiac disease	11,489 European ancestry cases, 22,308 European ancestry controls	NA	1q31.2	1	192572342	RGS1	RGS2-AS1			ENSG00000285280			rs1359062-?	rs1359062	0	1359062	intron_variant	0	NR	4E-30	29.397940008672037		1.3264511		Illumina [252970]	N	celiac disease	http://purl.obolibrary.org/obo/MONDO_0005130	GCST009874	Targeted genotyping array [ImmunoChip]
2020-04-17	30572963	Marquez A	2018-12-20	Genome Med	www.ncbi.nlm.nih.gov/pubmed/30572963	Meta-analysis of Immunochip data of four autoimmune diseases reveals novel single-disease and cross-phenotype associations.	Celiac disease	11,489 European ancestry cases, 22,308 European ancestry controls	NA	3q25.33	3	159929885	IL12A-AS1	IL12A-AS1			ENSG00000244040			rs17753641-G	rs17753641	0	17753641	intron_variant	0	NR	7E-29	28.154901959985743		1.3797095		Illumina [252970]	N	celiac disease	http://purl.obolibrary.org/obo/MONDO_0005130	GCST009874	Targeted genotyping array [ImmunoChip]
2020-04-17	30572963	Marquez A	2018-12-20	Genome Med	www.ncbi.nlm.nih.gov/pubmed/30572963	Meta-analysis of Immunochip data of four autoimmune diseases reveals novel single-disease and cross-phenotype associations.	Celiac disease	11,489 European ancestry cases, 22,308 European ancestry controls	NA	6q22.33	6	127970054	PTPRK	PTPRK			ENSG00000152894			rs3190930-T	rs3190930	0	3190930	3_prime_UTR_variant	0	NR	2E-20	19.69897000433602		1.2111726		Illumina [252970]	N	celiac disease	http://purl.obolibrary.org/obo/MONDO_0005130	GCST009874	Targeted genotyping array [ImmunoChip]
2020-04-17	30572963	Marquez A	2018-12-20	Genome Med	www.ncbi.nlm.nih.gov/pubmed/30572963	Meta-analysis of Immunochip data of four autoimmune diseases reveals novel single-disease and cross-phenotype associations.	Celiac disease	11,489 European ancestry cases, 22,308 European ancestry controls	NA	3p21.31	3	46208883	CCR1	CCR3			ENSG00000183625			rs41432345-C	rs41432345	0	41432345	intron_variant	0	NR	2E-19	18.69897000433602		1.3497887		Illumina [252970]	N	celiac disease	http://purl.obolibrary.org/obo/MONDO_0005130	GCST009874	Targeted genotyping array [ImmunoChip]
2020-04-17	30572963	Marquez A	2018-12-20	Genome Med	www.ncbi.nlm.nih.gov/pubmed/30572963	Meta-analysis of Immunochip data of four autoimmune diseases reveals novel single-disease and cross-phenotype associations.	Celiac disease	11,489 European ancestry cases, 22,308 European ancestry controls	NA	11q24.3	11	128522042	ETS1	ETS1			ENSG00000134954			rs61907765-T	rs61907765	0	61907765	5_prime_UTR_variant	0	NR	2E-13	12.698970004336019		1.1712317		Illumina [252970]	N	celiac disease	http://purl.obolibrary.org/obo/MONDO_0005130	GCST009874	Targeted genotyping array [ImmunoChip]
2020-04-17	30572963	Marquez A	2018-12-20	Genome Med	www.ncbi.nlm.nih.gov/pubmed/30572963	Meta-analysis of Immunochip data of four autoimmune diseases reveals novel single-disease and cross-phenotype associations.	Celiac disease	11,489 European ancestry cases, 22,308 European ancestry controls	NA	7p14.1	7	37342861	ELMO1	ELMO1			ENSG00000155849			rs60600003-G	rs60600003	0	60600003	5_prime_UTR_variant	0	NR	4E-13	12.397940008672037		1.2354879		Illumina [252970]	N	celiac disease	http://purl.obolibrary.org/obo/MONDO_0005130	GCST009874	Targeted genotyping array [ImmunoChip]
2020-04-17	30572963	Marquez A	2018-12-20	Genome Med	www.ncbi.nlm.nih.gov/pubmed/30572963	Meta-analysis of Immunochip data of four autoimmune diseases reveals novel single-disease and cross-phenotype associations.	Celiac disease	11,489 European ancestry cases, 22,308 European ancestry controls	NA	18p11.21	18	12777574	AP005482.1	LINC01882 - PTPN2	ENSG00000260302	ENSG00000175354		1431	7904	rs2542148-C	rs2542148	0	2542148	intergenic_variant	1	NR	8E-12	11.096910013008056		1.1785113		Illumina [252970]	N	celiac disease	http://purl.obolibrary.org/obo/MONDO_0005130	GCST009874	Targeted genotyping array [ImmunoChip]
2020-04-17	30572963	Marquez A	2018-12-20	Genome Med	www.ncbi.nlm.nih.gov/pubmed/30572963	Meta-analysis of Immunochip data of four autoimmune diseases reveals novel single-disease and cross-phenotype associations.	Celiac disease	11,489 European ancestry cases, 22,308 European ancestry controls	NA	6q25.3	6	159049385	TAGAP	TAGAP-AS1, TAGAP			ENSG00000271913, ENSG00000164691			rs212407-G	rs212407	0	212407	intron_variant	0	NR	1E-11	11.0		1.1342878		Illumina [252970]	N	celiac disease	http://purl.obolibrary.org/obo/MONDO_0005130	GCST009874	Targeted genotyping array [ImmunoChip]
2020-04-17	30572963	Marquez A	2018-12-20	Genome Med	www.ncbi.nlm.nih.gov/pubmed/30572963	Meta-analysis of Immunochip data of four autoimmune diseases reveals novel single-disease and cross-phenotype associations.	Celiac disease	11,489 European ancestry cases, 22,308 European ancestry controls	NA	1q24.3	1	172705636	intergenic	FASLG - SLC25A38P1	ENSG00000117560	ENSG00000229785		38760	42924	rs10912267-?	rs10912267	0	10912267	intergenic_variant	1	NR	1E-11	11.0		1.1871982		Illumina [252970]	N	celiac disease	http://purl.obolibrary.org/obo/MONDO_0005130	GCST009874	Targeted genotyping array [ImmunoChip]
2020-04-17	30572963	Marquez A	2018-12-20	Genome Med	www.ncbi.nlm.nih.gov/pubmed/30572963	Meta-analysis of Immunochip data of four autoimmune diseases reveals novel single-disease and cross-phenotype associations.	Celiac disease	11,489 European ancestry cases, 22,308 European ancestry controls	NA	2q33.2	2	203747335	intergenic	CD28 - KRT18P39	ENSG00000178562	ENSG00000224791		7579	16960	rs7426056-A	rs7426056	0	7426056	intergenic_variant	1	NR	2E-11	10.698970004336019		1.1509169		Illumina [252970]	N	celiac disease	http://purl.obolibrary.org/obo/MONDO_0005130	GCST009874	Targeted genotyping array [ImmunoChip]
2020-04-17	30572963	Marquez A	2018-12-20	Genome Med	www.ncbi.nlm.nih.gov/pubmed/30572963	Meta-analysis of Immunochip data of four autoimmune diseases reveals novel single-disease and cross-phenotype associations.	Celiac disease	11,489 European ancestry cases, 22,308 European ancestry controls	NA	11q23.3	11	118856134	intergenic	Y_RNA - CXCR5	ENSG00000200544	ENSG00000160683		20023	27758	rs10892299-?	rs10892299	0	10892299	intron_variant	1	NR	2E-11	10.698970004336019		1.1708161		Illumina [252970]	N	celiac disease	http://purl.obolibrary.org/obo/MONDO_0005130	GCST009874	Targeted genotyping array [ImmunoChip]
2020-04-17	30572963	Marquez A	2018-12-20	Genome Med	www.ncbi.nlm.nih.gov/pubmed/30572963	Meta-analysis of Immunochip data of four autoimmune diseases reveals novel single-disease and cross-phenotype associations.	Celiac disease	11,489 European ancestry cases, 22,308 European ancestry controls	NA	4q27	4	122345366	KIAA1109	BLTP1			ENSG00000138688			rs74643882-T	rs74643882	0	74643882	intron_variant	0	NR	4E-11	10.397940008672037		1.6147691		Illumina [252970]	N	celiac disease	http://purl.obolibrary.org/obo/MONDO_0005130	GCST009874	Targeted genotyping array [ImmunoChip]
2020-04-17	30572963	Marquez A	2018-12-20	Genome Med	www.ncbi.nlm.nih.gov/pubmed/30572963	Meta-analysis of Immunochip data of four autoimmune diseases reveals novel single-disease and cross-phenotype associations.	Celiac disease	11,489 European ancestry cases, 22,308 European ancestry controls	NA	21q22.3	21	42434957	UBASH3A	UBASH3A			ENSG00000160185			rs1893592-?	rs1893592	0	1893592	splice_donor_region_variant	0	NR	9E-11	10.045757490560675		1.1420285		Illumina [252970]	N	celiac disease	http://purl.obolibrary.org/obo/MONDO_0005130	GCST009874	Targeted genotyping array [ImmunoChip]
2020-04-17	30572963	Marquez A	2018-12-20	Genome Med	www.ncbi.nlm.nih.gov/pubmed/30572963	Meta-analysis of Immunochip data of four autoimmune diseases reveals novel single-disease and cross-phenotype associations.	Celiac disease	11,489 European ancestry cases, 22,308 European ancestry controls	NA	3q13.33	3	119399949	ARHGAP31	ARHGAP31			ENSG00000031081			rs11712165-G	rs11712165	0	11712165	intron_variant	0	NR	4E-10	9.397940008672037		1.1212375		Illumina [252970]	N	celiac disease	http://purl.obolibrary.org/obo/MONDO_0005130	GCST009874	Targeted genotyping array [ImmunoChip]
2020-04-17	30572963	Marquez A	2018-12-20	Genome Med	www.ncbi.nlm.nih.gov/pubmed/30572963	Meta-analysis of Immunochip data of four autoimmune diseases reveals novel single-disease and cross-phenotype associations.	Celiac disease	11,489 European ancestry cases, 22,308 European ancestry controls	NA	2q33.2	2	203874196	CTLA4	CTLA4 - ICOS	ENSG00000163599	ENSG00000163600		231	62567	rs3087243-?	rs3087243	0	3087243	intergenic_variant	1	NR	5E-10	9.301029995663981		1.1201224		Illumina [252970]	N	celiac disease	http://purl.obolibrary.org/obo/MONDO_0005130	GCST009874	Targeted genotyping array [ImmunoChip]
2020-04-17	30572963	Marquez A	2018-12-20	Genome Med	www.ncbi.nlm.nih.gov/pubmed/30572963	Meta-analysis of Immunochip data of four autoimmune diseases reveals novel single-disease and cross-phenotype associations.	Celiac disease	11,489 European ancestry cases, 22,308 European ancestry controls	NA	11q23.1	11	111326133	intergenic	POU2AF3 - MIR4491	ENSG00000214290	ENSG00000264032		17398	21624	rs7104791-T	rs7104791	0	7104791	intergenic_variant	1	NR	8E-10	9.096910013008056		1.1429985		Illumina [252970]	N	celiac disease	http://purl.obolibrary.org/obo/MONDO_0005130	GCST009874	Targeted genotyping array [ImmunoChip]
2020-04-17	30572963	Marquez A	2018-12-20	Genome Med	www.ncbi.nlm.nih.gov/pubmed/30572963	Meta-analysis of Immunochip data of four autoimmune diseases reveals novel single-disease and cross-phenotype associations.	Celiac disease	11,489 European ancestry cases, 22,308 European ancestry controls	NA	1p31.3	1	61326191	NFIA	NFIA			ENSG00000162599			rs6691768-?	rs6691768	0	6691768	intron_variant	0	NR	1E-9	9.0		1.1220081		Illumina [252970]	N	celiac disease	http://purl.obolibrary.org/obo/MONDO_0005130	GCST009874	Targeted genotyping array [ImmunoChip]
2020-04-17	30572963	Marquez A	2018-12-20	Genome Med	www.ncbi.nlm.nih.gov/pubmed/30572963	Meta-analysis of Immunochip data of four autoimmune diseases reveals novel single-disease and cross-phenotype associations.	Celiac disease	11,489 European ancestry cases, 22,308 European ancestry controls	NA	22q11.21	22	21581863	UBE2L3	UBE2L3			ENSG00000185651			rs66534072-G	rs66534072	0	66534072	intron_variant	0	NR	1E-9	9.0		1.155583		Illumina [252970]	N	celiac disease	http://purl.obolibrary.org/obo/MONDO_0005130	GCST009874	Targeted genotyping array [ImmunoChip]
2020-04-17	30572963	Marquez A	2018-12-20	Genome Med	www.ncbi.nlm.nih.gov/pubmed/30572963	Meta-analysis of Immunochip data of four autoimmune diseases reveals novel single-disease and cross-phenotype associations.	Celiac disease	11,489 European ancestry cases, 22,308 European ancestry controls	NA	2q32.2	2	191037458	STAT4	STAT4			ENSG00000138378			rs6749371-?	rs6749371	0	6749371	intron_variant	0	NR	7E-9	8.154901959985743		1.2320741		Illumina [252970]	N	celiac disease	http://purl.obolibrary.org/obo/MONDO_0005130	GCST009874	Targeted genotyping array [ImmunoChip]
2020-04-17	30572963	Marquez A	2018-12-20	Genome Med	www.ncbi.nlm.nih.gov/pubmed/30572963	Meta-analysis of Immunochip data of four autoimmune diseases reveals novel single-disease and cross-phenotype associations.	Celiac disease	11,489 European ancestry cases, 22,308 European ancestry controls	NA	1q32.1	1	200906114	INAVA	INAVA			ENSG00000163362			rs12132349-?	rs12132349	0	12132349	intron_variant	0	NR	8E-9	8.096910013008056		1.1243252		Illumina [252970]	N	celiac disease	http://purl.obolibrary.org/obo/MONDO_0005130	GCST009874	Targeted genotyping array [ImmunoChip]
2020-04-17	30572963	Marquez A	2018-12-20	Genome Med	www.ncbi.nlm.nih.gov/pubmed/30572963	Meta-analysis of Immunochip data of four autoimmune diseases reveals novel single-disease and cross-phenotype associations.	Celiac disease	11,489 European ancestry cases, 22,308 European ancestry controls	NA	1p36.32	1	2603539	MMEL1	MMEL1			ENSG00000142606			rs6664969-?	rs6664969	0	6664969	intron_variant	0	NR	1E-8	8.0		1.1169313		Illumina [252970]	N	celiac disease	http://purl.obolibrary.org/obo/MONDO_0005130	GCST009874	Targeted genotyping array [ImmunoChip]
2020-04-17	30572963	Marquez A	2018-12-20	Genome Med	www.ncbi.nlm.nih.gov/pubmed/30572963	Meta-analysis of Immunochip data of four autoimmune diseases reveals novel single-disease and cross-phenotype associations.	Celiac disease	11,489 European ancestry cases, 22,308 European ancestry controls	NA	2q11.2	2	100147542	AFF3	AFF3			ENSG00000144218			rs13415465-?	rs13415465	0	13415465	intergenic_variant	0	NR	1E-7	7.0		1.1053423		Illumina [252970]	N	celiac disease	http://purl.obolibrary.org/obo/MONDO_0005130	GCST009874	Targeted genotyping array [ImmunoChip]
2020-04-17	30572963	Marquez A	2018-12-20	Genome Med	www.ncbi.nlm.nih.gov/pubmed/30572963	Meta-analysis of Immunochip data of four autoimmune diseases reveals novel single-disease and cross-phenotype associations.	Celiac disease	11,489 European ancestry cases, 22,308 European ancestry controls	NA	10p15.1	10	6348488	AL137145.1	LINC02649			ENSG00000215244			rs947474-?	rs947474	0	947474	intron_variant	0	NR	2E-7	6.698970004336019		1.1307374		Illumina [252970]	N	celiac disease	http://purl.obolibrary.org/obo/MONDO_0005130	GCST009874	Targeted genotyping array [ImmunoChip]
2020-04-17	30572963	Marquez A	2018-12-20	Genome Med	www.ncbi.nlm.nih.gov/pubmed/30572963	Meta-analysis of Immunochip data of four autoimmune diseases reveals novel single-disease and cross-phenotype associations.	Celiac disease	11,489 European ancestry cases, 22,308 European ancestry controls	NA	6q23.3	6	137682685	AL357060.1	LINC03004			ENSG00000230533			rs11757201-C	rs11757201	0	11757201	intron_variant	0	NR	4E-7	6.3979400086720375		1.223361		Illumina [252970]	N	celiac disease	http://purl.obolibrary.org/obo/MONDO_0005130	GCST009874	Targeted genotyping array [ImmunoChip]
2020-04-17	30572963	Marquez A	2018-12-20	Genome Med	www.ncbi.nlm.nih.gov/pubmed/30572963	Meta-analysis of Immunochip data of four autoimmune diseases reveals novel single-disease and cross-phenotype associations.	Celiac disease	11,489 European ancestry cases, 22,308 European ancestry controls	NA	6q15	6	90267049	BACH2	BACH2			ENSG00000112182			rs72928038-A	rs72928038	0	72928038	intron_variant	0	NR	4E-7	6.3979400086720375		1.1287999		Illumina [252970]	N	celiac disease	http://purl.obolibrary.org/obo/MONDO_0005130	GCST009874	Targeted genotyping array [ImmunoChip]
2020-04-17	30572963	Marquez A	2018-12-20	Genome Med	www.ncbi.nlm.nih.gov/pubmed/30572963	Meta-analysis of Immunochip data of four autoimmune diseases reveals novel single-disease and cross-phenotype associations.	Celiac disease	11,489 European ancestry cases, 22,308 European ancestry controls	NA	15q25.1	15	78942615	CTSH	CTSH			ENSG00000103811			rs34593439-A	rs34593439	0	34593439	intron_variant	0	NR	2E-6	5.698970004336019		1.1450393		Illumina [252970]	N	celiac disease	http://purl.obolibrary.org/obo/MONDO_0005130	GCST009874	Targeted genotyping array [ImmunoChip]
2020-04-17	30572963	Marquez A	2018-12-20	Genome Med	www.ncbi.nlm.nih.gov/pubmed/30572963	Meta-analysis of Immunochip data of four autoimmune diseases reveals novel single-disease and cross-phenotype associations.	Celiac disease	11,489 European ancestry cases, 22,308 European ancestry controls	NA	9p13.3	9	34710263	CCL21	CCL21 - SPATA31F1	ENSG00000137077	ENSG00000205108		96	12790	rs2812378-G	rs2812378	0	2812378	intron_variant	1	NR	5E-6	5.301029995663981		1.091308		Illumina [252970]	N	celiac disease	http://purl.obolibrary.org/obo/MONDO_0005130	GCST009874	Targeted genotyping array [ImmunoChip]
2020-06-11	31591516	Ricano-Ponce I	2019-10-07	Eur J Hum Genet	www.ncbi.nlm.nih.gov/pubmed/31591516	Immunochip meta-analysis in European and Argentinian populations identifies two novel genetic loci associated with celiac disease.	Celiac disease	12,567 European ancestry cases, 381 Hispanic cases, 14,013 European ancestry controls, 813 Hispanic controls	NA	1q25.3	1	183563445	NCF2	NCF2, SMG7			ENSG00000116701, ENSG00000116698			rs17849502-T	rs17849502	0	17849502	missense_variant	0	0.06	2E-16	15.698970004336019		1.43		Illumina [127855]	N	celiac disease	http://purl.obolibrary.org/obo/MONDO_0005130	GCST010064	Targeted genotyping array [ImmunoChip]
2020-06-11	31591516	Ricano-Ponce I	2019-10-07	Eur J Hum Genet	www.ncbi.nlm.nih.gov/pubmed/31591516	Immunochip meta-analysis in European and Argentinian populations identifies two novel genetic loci associated with celiac disease.	Celiac disease	12,567 European ancestry cases, 381 Hispanic cases, 14,013 European ancestry controls, 813 Hispanic controls	NA	3p14.1	3	69203748	FRMD4B	FRMD4B			ENSG00000114541			rs6806528-T	rs6806528	0	6806528	intron_variant	0	0.13	9E-9	8.045757490560675		1.19		Illumina [127855]	N	celiac disease	http://purl.obolibrary.org/obo/MONDO_0005130	GCST010064	Targeted genotyping array [ImmunoChip]
2020-06-11	31591516	Ricano-Ponce I	2019-10-07	Eur J Hum Genet	www.ncbi.nlm.nih.gov/pubmed/31591516	Immunochip meta-analysis in European and Argentinian populations identifies two novel genetic loci associated with celiac disease.	Celiac disease	12,567 European ancestry cases, 381 Hispanic cases, 14,013 European ancestry controls, 813 Hispanic controls	NA	12p13.31	12	6402830	LTBR	LTBR - RPL31P10	ENSG00000111321	ENSG00000213942		11259	6807	rs2364484-C	rs2364484	0	2364484	intergenic_variant	1	0.28	5E-9	8.301029995663981		1.13		Illumina [127855]	N	celiac disease	http://purl.obolibrary.org/obo/MONDO_0005130	GCST010064	Targeted genotyping array [ImmunoChip]
2020-06-11	31591516	Ricano-Ponce I	2019-10-07	Eur J Hum Genet	www.ncbi.nlm.nih.gov/pubmed/31591516	Immunochip meta-analysis in European and Argentinian populations identifies two novel genetic loci associated with celiac disease.	Celiac disease	12,567 European ancestry cases, 381 Hispanic cases, 14,013 European ancestry controls, 813 Hispanic controls	NA	22q13.1	22	37237811	RAC2	RAC2			ENSG00000128340			rs9610686-C	rs9610686	0	9610686	intron_variant	0	0.39	3E-8	7.522878745280337		1.11		Illumina [127855]	N	celiac disease	http://purl.obolibrary.org/obo/MONDO_0005130	GCST010064	Targeted genotyping array [ImmunoChip]
2019-08-23	25920553	Coleman C	2015-04-29	Eur J Hum Genet	www.ncbi.nlm.nih.gov/pubmed/25920553	Common polygenic variation in coeliac disease and confirmation of ZNF335 and NIFA as disease susceptibility loci.	Celiac disease	425 Irish ancestry cases, 453 Irish ancestry controls	11,812 European ancestry cases, 229 Indian ancestry cases, 11,837 European ancestry controls, 391 Indian ancestry controls	7p14.1	7	37365375	ELMO1	ELMO1			ENSG00000155849			rs77778931-?	rs77778931	0	77778931	intron_variant	0	NR	2E-8	7.698970004336019		0.1616	unit increase	Illumina [up to 143074]	N	celiac disease	http://purl.obolibrary.org/obo/MONDO_0005130	GCST008489	Targeted genotyping array [Immunochip]
2019-08-23	25920553	Coleman C	2015-04-29	Eur J Hum Genet	www.ncbi.nlm.nih.gov/pubmed/25920553	Common polygenic variation in coeliac disease and confirmation of ZNF335 and NIFA as disease susceptibility loci.	Celiac disease	425 Irish ancestry cases, 453 Irish ancestry controls	11,812 European ancestry cases, 229 Indian ancestry cases, 11,837 European ancestry controls, 391 Indian ancestry controls	1q24.3	1	172790982	FASLG	SLC25A38P1 - AIMP1P2	ENSG00000229785	ENSG00000227177		41480	94965	rs859715-?	rs859715	0	859715	intron_variant	1	NR	3E-8	7.522878745280337		0.1073	unit decrease	Illumina [up to 143074]	N	celiac disease	http://purl.obolibrary.org/obo/MONDO_0005130	GCST008489	Targeted genotyping array [Immunochip]
2019-08-23	25920553	Coleman C	2015-04-29	Eur J Hum Genet	www.ncbi.nlm.nih.gov/pubmed/25920553	Common polygenic variation in coeliac disease and confirmation of ZNF335 and NIFA as disease susceptibility loci.	Celiac disease	425 Irish ancestry cases, 453 Irish ancestry controls	11,812 European ancestry cases, 229 Indian ancestry cases, 11,837 European ancestry controls, 391 Indian ancestry controls	1q32.1	1	200906769	C1orf106	INAVA			ENSG00000163362			rs59655222-?	rs59655222	0	59655222	intron_variant	0	NR	3E-8	7.522878745280337		0.1137	unit increase	Illumina [up to 143074]	N	celiac disease	http://purl.obolibrary.org/obo/MONDO_0005130	GCST008489	Targeted genotyping array [Immunochip]
2019-08-23	25920553	Coleman C	2015-04-29	Eur J Hum Genet	www.ncbi.nlm.nih.gov/pubmed/25920553	Common polygenic variation in coeliac disease and confirmation of ZNF335 and NIFA as disease susceptibility loci.	Celiac disease	425 Irish ancestry cases, 453 Irish ancestry controls	11,812 European ancestry cases, 229 Indian ancestry cases, 11,837 European ancestry controls, 391 Indian ancestry controls	10q22.3	10	79306017	ZMIZ1	ZMIZ1			ENSG00000108175			rs1250557-?	rs1250557	0	1250557	intron_variant	0	NR	1E-8	8.0		0.1073	unit decrease	Illumina [up to 143074]	N	celiac disease	http://purl.obolibrary.org/obo/MONDO_0005130	GCST008489	Targeted genotyping array [Immunochip]
2019-08-23	25920553	Coleman C	2015-04-29	Eur J Hum Genet	www.ncbi.nlm.nih.gov/pubmed/25920553	Common polygenic variation in coeliac disease and confirmation of ZNF335 and NIFA as disease susceptibility loci.	Celiac disease	425 Irish ancestry cases, 453 Irish ancestry controls	11,812 European ancestry cases, 229 Indian ancestry cases, 11,837 European ancestry controls, 391 Indian ancestry controls	11q23.3	11	118625403	PHLDB1, TREH	PHLDB1			ENSG00000019144			rs45565037-?	rs45565037	0	45565037	intron_variant	0	NR	2E-8	7.698970004336019		0.124	unit decrease	Illumina [up to 143074]	N	celiac disease	http://purl.obolibrary.org/obo/MONDO_0005130	GCST008489	Targeted genotyping array [Immunochip]
2019-08-23	25920553	Coleman C	2015-04-29	Eur J Hum Genet	www.ncbi.nlm.nih.gov/pubmed/25920553	Common polygenic variation in coeliac disease and confirmation of ZNF335 and NIFA as disease susceptibility loci.	Celiac disease	425 Irish ancestry cases, 453 Irish ancestry controls	11,812 European ancestry cases, 229 Indian ancestry cases, 11,837 European ancestry controls, 391 Indian ancestry controls	11q24.3	11	128545234	ETS1	ETS1			ENSG00000134954			rs4128561-?	rs4128561	0	4128561	intron_variant	0	NR	1E-8	8.0		0.1053	unit increase	Illumina [up to 143074]	N	celiac disease	http://purl.obolibrary.org/obo/MONDO_0005130	GCST008489	Targeted genotyping array [Immunochip]
2019-08-23	25920553	Coleman C	2015-04-29	Eur J Hum Genet	www.ncbi.nlm.nih.gov/pubmed/25920553	Common polygenic variation in coeliac disease and confirmation of ZNF335 and NIFA as disease susceptibility loci.	Celiac disease	425 Irish ancestry cases, 453 Irish ancestry controls	11,812 European ancestry cases, 229 Indian ancestry cases, 11,837 European ancestry controls, 391 Indian ancestry controls	14q24.1	14	68805252	ZFP36L1	ZFP36L1 - MAGOH3P	ENSG00000185650	ENSG00000270975		8999	56510	rs971290-?	rs971290	0	971290	intergenic_variant	1	NR	3E-8	7.522878745280337		0.1216	unit increase	Illumina [up to 143074]	N	celiac disease	http://purl.obolibrary.org/obo/MONDO_0005130	GCST008489	Targeted genotyping array [Immunochip]
2019-08-23	25920553	Coleman C	2015-04-29	Eur J Hum Genet	www.ncbi.nlm.nih.gov/pubmed/25920553	Common polygenic variation in coeliac disease and confirmation of ZNF335 and NIFA as disease susceptibility loci.	Celiac disease	425 Irish ancestry cases, 453 Irish ancestry controls	11,812 European ancestry cases, 229 Indian ancestry cases, 11,837 European ancestry controls, 391 Indian ancestry controls	2q12.1	2	102476054	SLC9A4	SLC9A4			ENSG00000180251			rs1468788-?	rs1468788	0	1468788	intron_variant	0	NR	3E-8	7.522878745280337		0.101	unit decrease	Illumina [up to 143074]	N	celiac disease	http://purl.obolibrary.org/obo/MONDO_0005130	GCST008489	Targeted genotyping array [Immunochip]
2019-08-23	25920553	Coleman C	2015-04-29	Eur J Hum Genet	www.ncbi.nlm.nih.gov/pubmed/25920553	Common polygenic variation in coeliac disease and confirmation of ZNF335 and NIFA as disease susceptibility loci.	Celiac disease	425 Irish ancestry cases, 453 Irish ancestry controls	11,812 European ancestry cases, 229 Indian ancestry cases, 11,837 European ancestry controls, 391 Indian ancestry controls	2q32.3	2	191105604	STAT4	STAT4			ENSG00000138378			rs13401064-?	rs13401064	0	13401064	intron_variant	0	NR	3E-8	7.522878745280337		0.1844	unit increase	Illumina [up to 143074]	N	celiac disease	http://purl.obolibrary.org/obo/MONDO_0005130	GCST008489	Targeted genotyping array [Immunochip]
2019-08-23	25920553	Coleman C	2015-04-29	Eur J Hum Genet	www.ncbi.nlm.nih.gov/pubmed/25920553	Common polygenic variation in coeliac disease and confirmation of ZNF335 and NIFA as disease susceptibility loci.	Celiac disease	425 Irish ancestry cases, 453 Irish ancestry controls	11,812 European ancestry cases, 229 Indian ancestry cases, 11,837 European ancestry controls, 391 Indian ancestry controls	2q33.2	2	203735734	CD28	CD28			ENSG00000178562			rs45620941-?	rs45620941	0	45620941	3_prime_UTR_variant	0	NR	4E-8	7.3979400086720375		0.1284	unit increase	Illumina [up to 143074]	N	celiac disease	http://purl.obolibrary.org/obo/MONDO_0005130	GCST008489	Targeted genotyping array [Immunochip]
2019-08-23	25920553	Coleman C	2015-04-29	Eur J Hum Genet	www.ncbi.nlm.nih.gov/pubmed/25920553	Common polygenic variation in coeliac disease and confirmation of ZNF335 and NIFA as disease susceptibility loci.	Celiac disease	425 Irish ancestry cases, 453 Irish ancestry controls	11,812 European ancestry cases, 229 Indian ancestry cases, 11,837 European ancestry controls, 391 Indian ancestry controls	2q33.2	2	203819074	CD28	RNU6-474P - CTLA4	ENSG00000206970	ENSG00000163599		36931	34814	rs62184863-?	rs62184863	0	62184863	intergenic_variant	1	NR	2E-8	7.698970004336019		0.204	unit increase	Illumina [up to 143074]	N	celiac disease	http://purl.obolibrary.org/obo/MONDO_0005130	GCST008489	Targeted genotyping array [Immunochip]
2019-08-23	25920553	Coleman C	2015-04-29	Eur J Hum Genet	www.ncbi.nlm.nih.gov/pubmed/25920553	Common polygenic variation in coeliac disease and confirmation of ZNF335 and NIFA as disease susceptibility loci.	Celiac disease	425 Irish ancestry cases, 453 Irish ancestry controls	11,812 European ancestry cases, 229 Indian ancestry cases, 11,837 European ancestry controls, 391 Indian ancestry controls	2q33.2	2	203843923	CTLA4	RNU6-474P - CTLA4	ENSG00000206970	ENSG00000163599		61780	9965	rs231804-?	rs231804	0	231804	intergenic_variant	1	NR	2E-8	7.698970004336019		0.1035	unit increase	Illumina [up to 143074]	N	celiac disease	http://purl.obolibrary.org/obo/MONDO_0005130	GCST008489	Targeted genotyping array [Immunochip]
2019-08-23	25920553	Coleman C	2015-04-29	Eur J Hum Genet	www.ncbi.nlm.nih.gov/pubmed/25920553	Common polygenic variation in coeliac disease and confirmation of ZNF335 and NIFA as disease susceptibility loci.	Celiac disease	425 Irish ancestry cases, 453 Irish ancestry controls	11,812 European ancestry cases, 229 Indian ancestry cases, 11,837 European ancestry controls, 391 Indian ancestry controls	2p16.1	2	60937594	PUS10	NONOP2			ENSG00000237522			rs6726160-?	rs6726160	0	6726160	non_coding_transcript_exon_variant	0	NR	2E-8	7.698970004336019		0.1045	unit decrease	Illumina [up to 143074]	N	celiac disease	http://purl.obolibrary.org/obo/MONDO_0005130	GCST008489	Targeted genotyping array [Immunochip]
2019-08-23	25920553	Coleman C	2015-04-29	Eur J Hum Genet	www.ncbi.nlm.nih.gov/pubmed/25920553	Common polygenic variation in coeliac disease and confirmation of ZNF335 and NIFA as disease susceptibility loci.	Celiac disease	425 Irish ancestry cases, 453 Irish ancestry controls	11,812 European ancestry cases, 229 Indian ancestry cases, 11,837 European ancestry controls, 391 Indian ancestry controls	20q13.12	20	45967568	ZNF335	ZNF335			ENSG00000198026			rs6032606-?	rs6032606	0	6032606	missense_variant	0	NR	5E-8	7.301029995663981		0.2274	unit decrease	Illumina [up to 143074]	N	celiac disease	http://purl.obolibrary.org/obo/MONDO_0005130	GCST008489	Targeted genotyping array [Immunochip]
2019-08-23	25920553	Coleman C	2015-04-29	Eur J Hum Genet	www.ncbi.nlm.nih.gov/pubmed/25920553	Common polygenic variation in coeliac disease and confirmation of ZNF335 and NIFA as disease susceptibility loci.	Celiac disease	425 Irish ancestry cases, 453 Irish ancestry controls	11,812 European ancestry cases, 229 Indian ancestry cases, 11,837 European ancestry controls, 391 Indian ancestry controls	3q25.33	3	159911578	CCR3, CCR2	IL12A-AS1			ENSG00000244040			rs9873580-?	rs9873580	0	9873580	regulatory_region_variant	0	NR	3E-8	7.522878745280337		0.1631	unit decrease	Illumina [up to 143074]	N	celiac disease	http://purl.obolibrary.org/obo/MONDO_0005130	GCST008489	Targeted genotyping array [Immunochip]
2019-08-23	25920553	Coleman C	2015-04-29	Eur J Hum Genet	www.ncbi.nlm.nih.gov/pubmed/25920553	Common polygenic variation in coeliac disease and confirmation of ZNF335 and NIFA as disease susceptibility loci.	Celiac disease	425 Irish ancestry cases, 453 Irish ancestry controls	11,812 European ancestry cases, 229 Indian ancestry cases, 11,837 European ancestry controls, 391 Indian ancestry controls	3p21.31	3	46325463	SCHIP1, IL12A	UQCRC2P1 - CCR2	ENSG00000236736	ENSG00000121807		13541	28401	rs2187670-?	rs2187670	0	2187670	intergenic_variant	1	NR	4E-8	7.3979400086720375		0.116	unit increase	Illumina [up to 143074]	N	celiac disease	http://purl.obolibrary.org/obo/MONDO_0005130	GCST008489	Targeted genotyping array [Immunochip]
2019-08-23	25920553	Coleman C	2015-04-29	Eur J Hum Genet	www.ncbi.nlm.nih.gov/pubmed/25920553	Common polygenic variation in coeliac disease and confirmation of ZNF335 and NIFA as disease susceptibility loci.	Celiac disease	425 Irish ancestry cases, 453 Irish ancestry controls	11,812 European ancestry cases, 229 Indian ancestry cases, 11,837 European ancestry controls, 391 Indian ancestry controls	4q27	4	122340375	KIAA1109	BLTP1			ENSG00000138688			rs62321692-?	rs62321692	0	62321692	intron_variant	0	NR	1E-8	8.0		0.1924	unit decrease	Illumina [up to 143074]	N	celiac disease	http://purl.obolibrary.org/obo/MONDO_0005130	GCST008489	Targeted genotyping array [Immunochip]
2019-08-23	25920553	Coleman C	2015-04-29	Eur J Hum Genet	www.ncbi.nlm.nih.gov/pubmed/25920553	Common polygenic variation in coeliac disease and confirmation of ZNF335 and NIFA as disease susceptibility loci.	Celiac disease	425 Irish ancestry cases, 453 Irish ancestry controls	11,812 European ancestry cases, 229 Indian ancestry cases, 11,837 European ancestry controls, 391 Indian ancestry controls	4q27	4	122451978	ADAD1, IL2, KIAA1109	IL2			ENSG00000109471			rs2069772-?	rs2069772	0	2069772	intron_variant	0	NR	1E-8	8.0		0.1158	unit decrease	Illumina [up to 143074]	N	celiac disease	http://purl.obolibrary.org/obo/MONDO_0005130	GCST008489	Targeted genotyping array [Immunochip]
2019-08-23	25920553	Coleman C	2015-04-29	Eur J Hum Genet	www.ncbi.nlm.nih.gov/pubmed/25920553	Common polygenic variation in coeliac disease and confirmation of ZNF335 and NIFA as disease susceptibility loci.	Celiac disease	425 Irish ancestry cases, 453 Irish ancestry controls	11,812 European ancestry cases, 229 Indian ancestry cases, 11,837 European ancestry controls, 391 Indian ancestry controls	6q22.33	6	127835743	THEMIS	THEMIS			ENSG00000172673			rs4897233-?	rs4897233	0	4897233	intron_variant	0	NR	2E-8	7.698970004336019		0.1047	unit decrease	Illumina [up to 143074]	N	celiac disease	http://purl.obolibrary.org/obo/MONDO_0005130	GCST008489	Targeted genotyping array [Immunochip]
2019-08-23	25920553	Coleman C	2015-04-29	Eur J Hum Genet	www.ncbi.nlm.nih.gov/pubmed/25920553	Common polygenic variation in coeliac disease and confirmation of ZNF335 and NIFA as disease susceptibility loci.	Celiac disease	425 Irish ancestry cases, 453 Irish ancestry controls	11,812 European ancestry cases, 229 Indian ancestry cases, 11,837 European ancestry controls, 391 Indian ancestry controls	6q25.3	6	158913093	RSPH3, TAGAP	LINC02901			ENSG00000203711			rs9457515-?	rs9457515	0	9457515	intron_variant	0	NR	3E-8	7.522878745280337		0.1912	unit decrease	Illumina [up to 143074]	N	celiac disease	http://purl.obolibrary.org/obo/MONDO_0005130	GCST008489	Targeted genotyping array [Immunochip]
2019-08-23	25920553	Coleman C	2015-04-29	Eur J Hum Genet	www.ncbi.nlm.nih.gov/pubmed/25920553	Common polygenic variation in coeliac disease and confirmation of ZNF335 and NIFA as disease susceptibility loci.	Celiac disease	425 Irish ancestry cases, 453 Irish ancestry controls	11,812 European ancestry cases, 229 Indian ancestry cases, 11,837 European ancestry controls, 391 Indian ancestry controls	6q25.3	6	159093828	RSPH3, TAGAP	TAGAP			ENSG00000164691			rs3120630-?	rs3120630	0	3120630	intron_variant	0	NR	2E-8	7.698970004336019		0.1411	unit decrease	Illumina [up to 143074]	N	celiac disease	http://purl.obolibrary.org/obo/MONDO_0005130	GCST008489	Targeted genotyping array [Immunochip]
2019-08-23	25920553	Coleman C	2015-04-29	Eur J Hum Genet	www.ncbi.nlm.nih.gov/pubmed/25920553	Common polygenic variation in coeliac disease and confirmation of ZNF335 and NIFA as disease susceptibility loci.	Celiac disease	425 Irish ancestry cases, 453 Irish ancestry controls	11,812 European ancestry cases, 229 Indian ancestry cases, 11,837 European ancestry controls, 391 Indian ancestry controls	1p31.3	1	61326191	NFIA	NFIA			ENSG00000162599			rs6691768-?	rs6691768	0	6691768	intron_variant	0	NR	2E-8	7.698970004336019		0.1065	unit increase	Illumina [up to 143074]	N	celiac disease	http://purl.obolibrary.org/obo/MONDO_0005130	GCST008489	Targeted genotyping array [Immunochip]
2019-08-23	25920553	Coleman C	2015-04-29	Eur J Hum Genet	www.ncbi.nlm.nih.gov/pubmed/25920553	Common polygenic variation in coeliac disease and confirmation of ZNF335 and NIFA as disease susceptibility loci.	Celiac disease	425 Irish ancestry cases, 453 Irish ancestry controls	11,812 European ancestry cases, 229 Indian ancestry cases, 11,837 European ancestry controls, 391 Indian ancestry controls	15q24.1	15	74839978	ULK3	ULK3			ENSG00000140474			rs936229-?	rs936229	0	936229	intron_variant	0	NR	3E-8	7.522878745280337		0.1109	unit increase	Illumina [up to 143074]	N	celiac disease	http://purl.obolibrary.org/obo/MONDO_0005130	GCST008489	Targeted genotyping array [Immunochip]
2011-03-18	21298027	Festen EA	2011-01-27	PLoS Genet	www.ncbi.nlm.nih.gov/pubmed/21298027	A meta-analysis of genome-wide association scans identifies IL18RAP, PTPN2, TAGAP, and PUS10 as shared risk loci for Crohn's disease and celiac disease.	Crohn's disease and celiac disease	3,230 European ancestry Crohn's disease cases, 768 European ancestry celiac disease cases, 6,251 European ancestry controls	1,835 European ancestry Crohn's disease cases, 3,149 European ancestry celiac disease cases, 6,383 European ancestry controls	2p16.1	2	60990407	PUS10	PUS10			ENSG00000162927			rs10188217-C	rs10188217	0	10188217	intron_variant	0	NR	1E-11	11.0	(combined)			Affymetrix, Illumina [471504]	N	celiac disease, Crohn disease	http://purl.obolibrary.org/obo/MONDO_0005130, http://purl.obolibrary.org/obo/MONDO_0005011	GCST000955	Genome-wide genotyping array
2011-03-18	21298027	Festen EA	2011-01-27	PLoS Genet	www.ncbi.nlm.nih.gov/pubmed/21298027	A meta-analysis of genome-wide association scans identifies IL18RAP, PTPN2, TAGAP, and PUS10 as shared risk loci for Crohn's disease and celiac disease.	Crohn's disease and celiac disease	3,230 European ancestry Crohn's disease cases, 768 European ancestry celiac disease cases, 6,251 European ancestry controls	1,835 European ancestry Crohn's disease cases, 3,149 European ancestry celiac disease cases, 6,383 European ancestry controls	6q25.3	6	159069404	TAGAP	TAGAP, TAGAP-AS1			ENSG00000164691, ENSG00000271913			rs212388-C	rs212388	0	212388	intron_variant	0	NR	2E-10	9.698970004336019	(combined)			Affymetrix, Illumina [471504]	N	celiac disease, Crohn disease	http://purl.obolibrary.org/obo/MONDO_0005130, http://purl.obolibrary.org/obo/MONDO_0005011	GCST000955	Genome-wide genotyping array
2018-04-25	22057235	Trynka G	2011-11-06	Nat Genet	www.ncbi.nlm.nih.gov/pubmed/22057235	Dense genotyping identifies and localizes multiple common and rare variant association signals in celiac disease.	Celiac disease	11,812 European ancestry cases, 229 Indian ancestry cases, 11,837 European ancestry controls, 391 Indian ancestry controls	NA	1p36.32	1	2607961	C1orf93, MMEL1, TTC34	MMEL1			ENSG00000142606			rs4445406-T	rs4445406	0	4445406	intron_variant	0	0.656	5E-12	11.301029995663981		1.1494253		Illumina [139553]	N	celiac disease	http://purl.obolibrary.org/obo/MONDO_0005130	GCST005523	Targeted genotyping array [ImmunoChip]
2018-04-25	22057235	Trynka G	2011-11-06	Nat Genet	www.ncbi.nlm.nih.gov/pubmed/22057235	Dense genotyping identifies and localizes multiple common and rare variant association signals in celiac disease.	Celiac disease	11,812 European ancestry cases, 229 Indian ancestry cases, 11,837 European ancestry controls, 391 Indian ancestry controls	NA	1p36.11	1	24963243	RUNX3	RUNX3			ENSG00000020633			rs72657048-G	rs72657048	0	72657048	intron_variant	0	0.502	4E-6	5.3979400086720375		1.0869565		Illumina [139553]	N	celiac disease	http://purl.obolibrary.org/obo/MONDO_0005130	GCST005523	Targeted genotyping array [ImmunoChip]
2018-04-25	22057235	Trynka G	2011-11-06	Nat Genet	www.ncbi.nlm.nih.gov/pubmed/22057235	Dense genotyping identifies and localizes multiple common and rare variant association signals in celiac disease.	Celiac disease	11,812 European ancestry cases, 229 Indian ancestry cases, 11,837 European ancestry controls, 391 Indian ancestry controls	NA	1q24.3	1	172711891	FASLG	FASLG - SLC25A38P1	ENSG00000117560	ENSG00000229785		45015	36669	rs12068671-?	rs12068671	0	12068671	intergenic_variant	1	0.815	1E-10	10.0		1.1627907		Illumina [139553]	N	celiac disease	http://purl.obolibrary.org/obo/MONDO_0005130	GCST005523	Targeted genotyping array [ImmunoChip]
2018-04-25	22057235	Trynka G	2011-11-06	Nat Genet	www.ncbi.nlm.nih.gov/pubmed/22057235	Dense genotyping identifies and localizes multiple common and rare variant association signals in celiac disease.	Celiac disease	11,812 European ancestry cases, 229 Indian ancestry cases, 11,837 European ancestry controls, 391 Indian ancestry controls	NA	1q24.3	1	172895512	FASLG, TNFSF18	AIMP1P2 - TNFSF18	ENSG00000227177	ENSG00000120337		9254	143690	rs12142280-?	rs12142280	0	12142280	intron_variant	1	0.82	8E-9	8.096910013008056	(conditioned on rs12068671)	1.1494253		Illumina [139553]	N	celiac disease	http://purl.obolibrary.org/obo/MONDO_0005130	GCST005523	Targeted genotyping array [ImmunoChip]
2018-04-25	22057235	Trynka G	2011-11-06	Nat Genet	www.ncbi.nlm.nih.gov/pubmed/22057235	Dense genotyping identifies and localizes multiple common and rare variant association signals in celiac disease.	Celiac disease	11,812 European ancestry cases, 229 Indian ancestry cases, 11,837 European ancestry controls, 391 Indian ancestry controls	NA	1q31.2	1	192572342	RGS1	RGS2-AS1			ENSG00000285280			rs1359062-G	rs1359062	0	1359062	intron_variant	0	0.82	3E-25	24.522878745280337		1.2987013		Illumina [139553]	N	celiac disease	http://purl.obolibrary.org/obo/MONDO_0005130	GCST005523	Targeted genotyping array [ImmunoChip]
2018-04-25	22057235	Trynka G	2011-11-06	Nat Genet	www.ncbi.nlm.nih.gov/pubmed/22057235	Dense genotyping identifies and localizes multiple common and rare variant association signals in celiac disease.	Celiac disease	11,812 European ancestry cases, 229 Indian ancestry cases, 11,837 European ancestry controls, 391 Indian ancestry controls	NA	1q32.1	1	200912264	C1orf106	INAVA			ENSG00000163362			rs10800746-C	rs10800746	0	10800746	intron_variant	0	0.695	3E-8	7.522878745280337		1.12		Illumina [139553]	N	celiac disease	http://purl.obolibrary.org/obo/MONDO_0005130	GCST005523	Targeted genotyping array [ImmunoChip]
2018-04-25	22057235	Trynka G	2011-11-06	Nat Genet	www.ncbi.nlm.nih.gov/pubmed/22057235	Dense genotyping identifies and localizes multiple common and rare variant association signals in celiac disease.	Celiac disease	11,812 European ancestry cases, 229 Indian ancestry cases, 11,837 European ancestry controls, 391 Indian ancestry controls	NA	2p16.1	2	60959694	PUS10	PUS10			ENSG00000162927			rs13003464-G	rs13003464	0	13003464	intron_variant	0	0.388	4E-16	15.397940008672037		1.17		Illumina [139553]	N	celiac disease	http://purl.obolibrary.org/obo/MONDO_0005130	GCST005523	Targeted genotyping array [ImmunoChip]
2018-04-25	22057235	Trynka G	2011-11-06	Nat Genet	www.ncbi.nlm.nih.gov/pubmed/22057235	Dense genotyping identifies and localizes multiple common and rare variant association signals in celiac disease.	Celiac disease	11,812 European ancestry cases, 229 Indian ancestry cases, 11,837 European ancestry controls, 391 Indian ancestry controls	NA	2q12.1	2	102470310	IL18R, IL18RAP	IL18RAP - SLC9A4	ENSG00000115607	ENSG00000180251		17743	2916	rs990171-A	rs990171	0	990171	intergenic_variant	1	0.225	1E-16	16.0		1.2		Illumina [139553]	N	celiac disease	http://purl.obolibrary.org/obo/MONDO_0005130	GCST005523	Targeted genotyping array [ImmunoChip]
2018-04-25	22057235	Trynka G	2011-11-06	Nat Genet	www.ncbi.nlm.nih.gov/pubmed/22057235	Dense genotyping identifies and localizes multiple common and rare variant association signals in celiac disease.	Celiac disease	11,812 European ancestry cases, 229 Indian ancestry cases, 11,837 European ancestry controls, 391 Indian ancestry controls	NA	2q31.3	2	181143073	UBE2E3, ITGA4	LINC01934			ENSG00000234663			rs1018326-C	rs1018326	0	1018326	intron_variant	0	0.418	3E-16	15.522878745280337		1.16		Illumina [139553]	N	celiac disease	http://purl.obolibrary.org/obo/MONDO_0005130	GCST005523	Targeted genotyping array [ImmunoChip]
2018-04-25	22057235	Trynka G	2011-11-06	Nat Genet	www.ncbi.nlm.nih.gov/pubmed/22057235	Dense genotyping identifies and localizes multiple common and rare variant association signals in celiac disease.	Celiac disease	11,812 European ancestry cases, 229 Indian ancestry cases, 11,837 European ancestry controls, 391 Indian ancestry controls	NA	2q32.2	2	191048308	STAT4	STAT4			ENSG00000138378			rs6715106-?	rs6715106	0	6715106	intron_variant	0	0.942	8E-9	8.096910013008056		1.2658228		Illumina [139553]	N	celiac disease	http://purl.obolibrary.org/obo/MONDO_0005130	GCST005523	Targeted genotyping array [ImmunoChip]
2018-04-25	22057235	Trynka G	2011-11-06	Nat Genet	www.ncbi.nlm.nih.gov/pubmed/22057235	Dense genotyping identifies and localizes multiple common and rare variant association signals in celiac disease.	Celiac disease	11,812 European ancestry cases, 229 Indian ancestry cases, 11,837 European ancestry controls, 391 Indian ancestry controls	NA	2q32.3	2	191108837	STAT4	STAT4			ENSG00000138378			rs6752770-?	rs6752770	0	6752770	intron_variant	0	0.296	1E-6	6.0	(conditioned on rs6715106)	1.1		Illumina [139553]	N	celiac disease	http://purl.obolibrary.org/obo/MONDO_0005130	GCST005523	Targeted genotyping array [ImmunoChip]
2018-04-25	22057235	Trynka G	2011-11-06	Nat Genet	www.ncbi.nlm.nih.gov/pubmed/22057235	Dense genotyping identifies and localizes multiple common and rare variant association signals in celiac disease.	Celiac disease	11,812 European ancestry cases, 229 Indian ancestry cases, 11,837 European ancestry controls, 391 Indian ancestry controls	NA	2q33.2	2	203745673	CD28, CTLA4	CD28 - KRT18P39	ENSG00000178562	ENSG00000224791		5917	18622	rs1980422-?	rs1980422	0	1980422	intergenic_variant	1	0.233	1E-15	15.0		1.19		Illumina [139553]	N	celiac disease	http://purl.obolibrary.org/obo/MONDO_0005130	GCST005523	Targeted genotyping array [ImmunoChip]
2018-04-25	22057235	Trynka G	2011-11-06	Nat Genet	www.ncbi.nlm.nih.gov/pubmed/22057235	Dense genotyping identifies and localizes multiple common and rare variant association signals in celiac disease.	Celiac disease	11,812 European ancestry cases, 229 Indian ancestry cases, 11,837 European ancestry controls, 391 Indian ancestry controls	NA	3p22.3	3	32996229	CCR4, GLB1	CCR4 - GLB1	ENSG00000183813	ENSG00000170266		39109	380	rs4678523-C	rs4678523	0	4678523	intergenic_variant	1	0.313	2E-7	6.698970004336019		1.11		Illumina [139553]	N	celiac disease	http://purl.obolibrary.org/obo/MONDO_0005130	GCST005523	Targeted genotyping array [ImmunoChip]
2018-04-25	22057235	Trynka G	2011-11-06	Nat Genet	www.ncbi.nlm.nih.gov/pubmed/22057235	Dense genotyping identifies and localizes multiple common and rare variant association signals in celiac disease.	Celiac disease	11,812 European ancestry cases, 229 Indian ancestry cases, 11,837 European ancestry controls, 391 Indian ancestry controls	NA	3p21.31	3	46336534	CCR3, CCR2	UQCRC2P1 - CCR2	ENSG00000236736	ENSG00000121807		24612	17330	rs2097282-?	rs2097282	0	2097282	intergenic_variant	1	0.314	1E-20	20.0		1.2		Illumina [139553]	N	celiac disease	http://purl.obolibrary.org/obo/MONDO_0005130	GCST005523	Targeted genotyping array [ImmunoChip]
2018-04-25	22057235	Trynka G	2011-11-06	Nat Genet	www.ncbi.nlm.nih.gov/pubmed/22057235	Dense genotyping identifies and localizes multiple common and rare variant association signals in celiac disease.	Celiac disease	11,812 European ancestry cases, 229 Indian ancestry cases, 11,837 European ancestry controls, 391 Indian ancestry controls	NA	3p21.31	3	46164194	CCR1	CCR3			ENSG00000183625			rs7616215-C	rs7616215	0	7616215	intron_variant	0	0.361	9E-9	8.045757490560675	(conditioned on rs2097282)	1.12		Illumina [139553]	N	celiac disease	http://purl.obolibrary.org/obo/MONDO_0005130	GCST005523	Targeted genotyping array [ImmunoChip]
2018-04-25	22057235	Trynka G	2011-11-06	Nat Genet	www.ncbi.nlm.nih.gov/pubmed/22057235	Dense genotyping identifies and localizes multiple common and rare variant association signals in celiac disease.	Celiac disease	11,812 European ancestry cases, 229 Indian ancestry cases, 11,837 European ancestry controls, 391 Indian ancestry controls	NA	3q13.33	3	119404431	ARHGAP31	ARHGAP31			ENSG00000031081			rs61579022-A	rs61579022	0	61579022	intron_variant	0	0.39	1E-8	8.0		1.11		Illumina [139553]	N	celiac disease	http://purl.obolibrary.org/obo/MONDO_0005130	GCST005523	Targeted genotyping array [ImmunoChip]
2018-04-25	22057235	Trynka G	2011-11-06	Nat Genet	www.ncbi.nlm.nih.gov/pubmed/22057235	Dense genotyping identifies and localizes multiple common and rare variant association signals in celiac disease.	Celiac disease	11,812 European ancestry cases, 229 Indian ancestry cases, 11,837 European ancestry controls, 391 Indian ancestry controls	NA	3q25.33	3	159905770	SCHIP1, IL12A	IL12A-AS1			ENSG00000244040			rs1353248-?	rs1353248	0	1353248	intergenic_variant	0	0.712	1E-8	8.0	(conditioned on imm_3_161120372)	1.1363636		Illumina [139553]	N	celiac disease	http://purl.obolibrary.org/obo/MONDO_0005130	GCST005523	Targeted genotyping array [ImmunoChip]
2018-04-25	22057235	Trynka G	2011-11-06	Nat Genet	www.ncbi.nlm.nih.gov/pubmed/22057235	Dense genotyping identifies and localizes multiple common and rare variant association signals in celiac disease.	Celiac disease	11,812 European ancestry cases, 229 Indian ancestry cases, 11,837 European ancestry controls, 391 Indian ancestry controls	NA	3q25.33	3	159957140	SCHIP1, IL12A	IL12A-AS1			ENSG00000244040			rs2561288-?	rs2561288	0	2561288	intron_variant	0	0.455	8E-8	7.096910013008056	(conditioned on rs1353248, imm_3_161120372)	1.12		Illumina [139553]	N	celiac disease	http://purl.obolibrary.org/obo/MONDO_0005130	GCST005523	Targeted genotyping array [ImmunoChip]
2018-04-25	22057235	Trynka G	2011-11-06	Nat Genet	www.ncbi.nlm.nih.gov/pubmed/22057235	Dense genotyping identifies and localizes multiple common and rare variant association signals in celiac disease.	Celiac disease	11,812 European ancestry cases, 229 Indian ancestry cases, 11,837 European ancestry controls, 391 Indian ancestry controls	NA	3q28	3	188402113	LPP	LPP			ENSG00000145012			rs2030519-A	rs2030519	0	2030519	intron_variant	0	0.514	3E-49	48.52287874528034		1.3157895		Illumina [139553]	N	celiac disease	http://purl.obolibrary.org/obo/MONDO_0005130	GCST005523	Targeted genotyping array [ImmunoChip]
2018-04-25	22057235	Trynka G	2011-11-06	Nat Genet	www.ncbi.nlm.nih.gov/pubmed/22057235	Dense genotyping identifies and localizes multiple common and rare variant association signals in celiac disease.	Celiac disease	11,812 European ancestry cases, 229 Indian ancestry cases, 11,837 European ancestry controls, 391 Indian ancestry controls	NA	4q27	4	122629959	KIAA1109, ADAD1, IL2, IL21	IL21-AS1			ENSG00000227145			rs13132308-A	rs13132308	0	13132308	intron_variant	0	0.834	2E-38	37.69897000433602		1.4084507		Illumina [139553]	N	celiac disease	http://purl.obolibrary.org/obo/MONDO_0005130	GCST005523	Targeted genotyping array [ImmunoChip]
2018-04-25	22057235	Trynka G	2011-11-06	Nat Genet	www.ncbi.nlm.nih.gov/pubmed/22057235	Dense genotyping identifies and localizes multiple common and rare variant association signals in celiac disease.	Celiac disease	11,812 European ancestry cases, 229 Indian ancestry cases, 11,837 European ancestry controls, 391 Indian ancestry controls	NA	6p25.3	6	408079	IRF4	IRF4			ENSG00000137265			rs1050976-?	rs1050976	0	1050976	3_prime_UTR_variant	0	0.512	2E-9	8.698970004336019		1.1235955		Illumina [139553]	N	celiac disease	http://purl.obolibrary.org/obo/MONDO_0005130	GCST005523	Targeted genotyping array [ImmunoChip]
2018-04-25	22057235	Trynka G	2011-11-06	Nat Genet	www.ncbi.nlm.nih.gov/pubmed/22057235	Dense genotyping identifies and localizes multiple common and rare variant association signals in celiac disease.	Celiac disease	11,812 European ancestry cases, 229 Indian ancestry cases, 11,837 European ancestry controls, 391 Indian ancestry controls	NA	6q15	6	90099920	BACH2	BACH2			ENSG00000112182			rs7753008-C	rs7753008	0	7753008	intron_variant	0	0.38	3E-7	6.522878745280337		1.1		Illumina [139553]	N	celiac disease	http://purl.obolibrary.org/obo/MONDO_0005130	GCST005523	Targeted genotyping array [ImmunoChip]
2018-04-25	22057235	Trynka G	2011-11-06	Nat Genet	www.ncbi.nlm.nih.gov/pubmed/22057235	Dense genotyping identifies and localizes multiple common and rare variant association signals in celiac disease.	Celiac disease	11,812 European ancestry cases, 229 Indian ancestry cases, 11,837 European ancestry controls, 391 Indian ancestry controls	NA	6q22.33	6	127972417	PTPRK	PTPRK			ENSG00000152894			rs55743914-T	rs55743914	0	55743914	intron_variant	0	0.239	1E-18	18.0		1.21		Illumina [139553]	N	celiac disease	http://purl.obolibrary.org/obo/MONDO_0005130	GCST005523	Targeted genotyping array [ImmunoChip]
2018-04-25	22057235	Trynka G	2011-11-06	Nat Genet	www.ncbi.nlm.nih.gov/pubmed/22057235	Dense genotyping identifies and localizes multiple common and rare variant association signals in celiac disease.	Celiac disease	11,812 European ancestry cases, 229 Indian ancestry cases, 11,837 European ancestry controls, 391 Indian ancestry controls	NA	6q23.3	6	137684378	OLIG3, TNFAIP3	LINC03004			ENSG00000230533			rs17264332-G	rs17264332	0	17264332	intron_variant	0	0.211	5E-30	29.30102999566398		1.29		Illumina [139553]	N	celiac disease	http://purl.obolibrary.org/obo/MONDO_0005130	GCST005523	Targeted genotyping array [ImmunoChip]
2018-04-25	22057235	Trynka G	2011-11-06	Nat Genet	www.ncbi.nlm.nih.gov/pubmed/22057235	Dense genotyping identifies and localizes multiple common and rare variant association signals in celiac disease.	Celiac disease	11,812 European ancestry cases, 229 Indian ancestry cases, 11,837 European ancestry controls, 391 Indian ancestry controls	NA	6q25.3	6	159048542	TAGAP	TAGAP, TAGAP-AS1			ENSG00000164691, ENSG00000271913			rs182429-A	rs182429	0	182429	intron_variant	0	0.427	9E-16	15.045757490560675		1.16		Illumina [139553]	N	celiac disease	http://purl.obolibrary.org/obo/MONDO_0005130	GCST005523	Targeted genotyping array [ImmunoChip]
2018-04-25	22057235	Trynka G	2011-11-06	Nat Genet	www.ncbi.nlm.nih.gov/pubmed/22057235	Dense genotyping identifies and localizes multiple common and rare variant association signals in celiac disease.	Celiac disease	11,812 European ancestry cases, 229 Indian ancestry cases, 11,837 European ancestry controls, 391 Indian ancestry controls	NA	6q25.3	6	159077235	TAGAP	TAGAP-AS1, TAGAP			ENSG00000271913, ENSG00000164691			rs1107943-?	rs1107943	0	1107943	non_coding_transcript_exon_variant	0	0.071	3E-6	5.522878745280337	(conditioned on rs182429)	1.18		Illumina [139553]	N	celiac disease	http://purl.obolibrary.org/obo/MONDO_0005130	GCST005523	Targeted genotyping array [ImmunoChip]
2018-04-25	22057235	Trynka G	2011-11-06	Nat Genet	www.ncbi.nlm.nih.gov/pubmed/22057235	Dense genotyping identifies and localizes multiple common and rare variant association signals in celiac disease.	Celiac disease	11,812 European ancestry cases, 229 Indian ancestry cases, 11,837 European ancestry controls, 391 Indian ancestry controls	NA	10p15.1	10	6348230	PFKFB3, PRKCQ	LINC02649			ENSG00000215244			rs2387397-?	rs2387397	0	2387397	intron_variant	0	0.771	2E-8	7.698970004336019		1.1363636		Illumina [139553]	N	celiac disease	http://purl.obolibrary.org/obo/MONDO_0005130	GCST005523	Targeted genotyping array [ImmunoChip]
2018-04-25	22057235	Trynka G	2011-11-06	Nat Genet	www.ncbi.nlm.nih.gov/pubmed/22057235	Dense genotyping identifies and localizes multiple common and rare variant association signals in celiac disease.	Celiac disease	11,812 European ancestry cases, 229 Indian ancestry cases, 11,837 European ancestry controls, 391 Indian ancestry controls	NA	10q22.3	10	79298270	ZMIZ1	ZMIZ1			ENSG00000108175			rs1250552-A	rs1250552	0	1250552	intron_variant	0	0.53	8E-17	16.096910013008056		1.1627907		Illumina [139553]	N	celiac disease	http://purl.obolibrary.org/obo/MONDO_0005130	GCST005523	Targeted genotyping array [ImmunoChip]
2018-04-25	22057235	Trynka G	2011-11-06	Nat Genet	www.ncbi.nlm.nih.gov/pubmed/22057235	Dense genotyping identifies and localizes multiple common and rare variant association signals in celiac disease.	Celiac disease	11,812 European ancestry cases, 229 Indian ancestry cases, 11,837 European ancestry controls, 391 Indian ancestry controls	NA	11q23.1	11	111326133	POU2AF1, C11orf93	POU2AF3 - MIR4491	ENSG00000214290	ENSG00000264032		17398	21624	rs7104791-?	rs7104791	0	7104791	intergenic_variant	1	0.209	2E-11	10.698970004336019		1.16		Illumina [139553]	N	celiac disease	http://purl.obolibrary.org/obo/MONDO_0005130	GCST005523	Targeted genotyping array [ImmunoChip]
2018-04-25	22057235	Trynka G	2011-11-06	Nat Genet	www.ncbi.nlm.nih.gov/pubmed/22057235	Dense genotyping identifies and localizes multiple common and rare variant association signals in celiac disease.	Celiac disease	11,812 European ancestry cases, 229 Indian ancestry cases, 11,837 European ancestry controls, 391 Indian ancestry controls	NA	11q23.3	11	118709156	TREH, DDX6	RNU6-376P - DDX6	ENSG00000207462	ENSG00000110367		6709	38607	rs10892258-?	rs10892258	0	10892258	intron_variant	1	0.763	2E-11	10.698970004336019		1.1627907		Illumina [139553]	N	celiac disease	http://purl.obolibrary.org/obo/MONDO_0005130	GCST005523	Targeted genotyping array [ImmunoChip]
2018-04-25	22057235	Trynka G	2011-11-06	Nat Genet	www.ncbi.nlm.nih.gov/pubmed/22057235	Dense genotyping identifies and localizes multiple common and rare variant association signals in celiac disease.	Celiac disease	11,812 European ancestry cases, 229 Indian ancestry cases, 11,837 European ancestry controls, 391 Indian ancestry controls	NA	11q24.3	11	128522042	ETS1	ETS1			ENSG00000134954			rs61907765-T	rs61907765	0	61907765	5_prime_UTR_variant	0	0.213	3E-13	12.522878745280337		1.18		Illumina [139553]	N	celiac disease	http://purl.obolibrary.org/obo/MONDO_0005130	GCST005523	Targeted genotyping array [ImmunoChip]
2018-04-25	22057235	Trynka G	2011-11-06	Nat Genet	www.ncbi.nlm.nih.gov/pubmed/22057235	Dense genotyping identifies and localizes multiple common and rare variant association signals in celiac disease.	Celiac disease	11,812 European ancestry cases, 229 Indian ancestry cases, 11,837 European ancestry controls, 391 Indian ancestry controls	NA	12q24.12	12	111446804	SH2B3, ATXN2	ATXN2, SH2B3			ENSG00000204842, ENSG00000111252			rs3184504-C	rs3184504	0	3184504	missense_variant	0	0.488	5E-21	20.30102999566398		1.19		Illumina [139553]	N	celiac disease	http://purl.obolibrary.org/obo/MONDO_0005130	GCST005523	Targeted genotyping array [ImmunoChip]
2018-04-25	22057235	Trynka G	2011-11-06	Nat Genet	www.ncbi.nlm.nih.gov/pubmed/22057235	Dense genotyping identifies and localizes multiple common and rare variant association signals in celiac disease.	Celiac disease	11,812 European ancestry cases, 229 Indian ancestry cases, 11,837 European ancestry controls, 391 Indian ancestry controls	NA	14q24.1	14	68792785	ZFP36L1	ZFP36L1			ENSG00000185650			rs11851414-?	rs11851414	0	11851414	intron_variant	0	0.221	5E-8	7.301029995663981		1.13		Illumina [139553]	N	celiac disease	http://purl.obolibrary.org/obo/MONDO_0005130	GCST005523	Targeted genotyping array [ImmunoChip]
2018-04-25	22057235	Trynka G	2011-11-06	Nat Genet	www.ncbi.nlm.nih.gov/pubmed/22057235	Dense genotyping identifies and localizes multiple common and rare variant association signals in celiac disease.	Celiac disease	11,812 European ancestry cases, 229 Indian ancestry cases, 11,837 European ancestry controls, 391 Indian ancestry controls	NA	15q24.1	15	74804102	CLK3,  CSK	CSK - LMAN1L	ENSG00000103653	ENSG00000140506		904	8614	rs1378938-?	rs1378938	0	1378938	intergenic_variant	1	0.278	8E-9	8.096910013008056		1.13		Illumina [139553]	N	celiac disease	http://purl.obolibrary.org/obo/MONDO_0005130	GCST005523	Targeted genotyping array [ImmunoChip]
2018-04-25	22057235	Trynka G	2011-11-06	Nat Genet	www.ncbi.nlm.nih.gov/pubmed/22057235	Dense genotyping identifies and localizes multiple common and rare variant association signals in celiac disease.	Celiac disease	11,812 European ancestry cases, 229 Indian ancestry cases, 11,837 European ancestry controls, 391 Indian ancestry controls	NA	16p13.13	16	10870261	CIITA	CIITA			ENSG00000179583			rs6498114-?	rs6498114	0	6498114	intron_variant	0	0.246	6E-10	9.221848749616356		1.14		Illumina [139553]	N	celiac disease	http://purl.obolibrary.org/obo/MONDO_0005130	GCST005523	Targeted genotyping array [ImmunoChip]
2018-04-25	22057235	Trynka G	2011-11-06	Nat Genet	www.ncbi.nlm.nih.gov/pubmed/22057235	Dense genotyping identifies and localizes multiple common and rare variant association signals in celiac disease.	Celiac disease	11,812 European ancestry cases, 229 Indian ancestry cases, 11,837 European ancestry controls, 391 Indian ancestry controls	NA	18p11.21	18	12843138	PTPN2	PTPN2			ENSG00000175354			rs11875687-C	rs11875687	0	11875687	intron_variant	0	0.15	2E-10	9.698970004336019		1.17		Illumina [139553]	N	celiac disease	http://purl.obolibrary.org/obo/MONDO_0005130	GCST005523	Targeted genotyping array [ImmunoChip]
2018-04-25	22057235	Trynka G	2011-11-06	Nat Genet	www.ncbi.nlm.nih.gov/pubmed/22057235	Dense genotyping identifies and localizes multiple common and rare variant association signals in celiac disease.	Celiac disease	11,812 European ancestry cases, 229 Indian ancestry cases, 11,837 European ancestry controls, 391 Indian ancestry controls	NA	21q22.3	21	42434957	UBASH3A	UBASH3A			ENSG00000160185			rs1893592-?	rs1893592	0	1893592	splice_donor_region_variant	0	0.718	3E-9	8.522878745280337		1.1363636		Illumina [139553]	N	celiac disease	http://purl.obolibrary.org/obo/MONDO_0005130	GCST005523	Targeted genotyping array [ImmunoChip]
2018-04-25	22057235	Trynka G	2011-11-06	Nat Genet	www.ncbi.nlm.nih.gov/pubmed/22057235	Dense genotyping identifies and localizes multiple common and rare variant association signals in celiac disease.	Celiac disease	11,812 European ancestry cases, 229 Indian ancestry cases, 11,837 European ancestry controls, 391 Indian ancestry controls	NA	21q22.3	21	44209238	ICOSLG	GATD3			ENSG00000160221			rs58911644-A	rs58911644	0	58911644	intergenic_variant	0	0.807	6E-7	6.221848749616356		1.1235955		Illumina [139553]	N	celiac disease	http://purl.obolibrary.org/obo/MONDO_0005130	GCST005523	Targeted genotyping array [ImmunoChip]
2018-04-25	22057235	Trynka G	2011-11-06	Nat Genet	www.ncbi.nlm.nih.gov/pubmed/22057235	Dense genotyping identifies and localizes multiple common and rare variant association signals in celiac disease.	Celiac disease	11,812 European ancestry cases, 229 Indian ancestry cases, 11,837 European ancestry controls, 391 Indian ancestry controls	NA	22q11.21	22	21625000	UBE2L3, YDJC	UBE2L3 - YDJC	ENSG00000185651	ENSG00000161179		966	3089	rs4821124-?	rs4821124	0	4821124	regulatory_region_variant	1	0.186	6E-11	10.221848749616356		1.16		Illumina [139553]	N	celiac disease	http://purl.obolibrary.org/obo/MONDO_0005130	GCST005523	Targeted genotyping array [ImmunoChip]
2018-04-25	22057235	Trynka G	2011-11-06	Nat Genet	www.ncbi.nlm.nih.gov/pubmed/22057235	Dense genotyping identifies and localizes multiple common and rare variant association signals in celiac disease.	Celiac disease	11,812 European ancestry cases, 229 Indian ancestry cases, 11,837 European ancestry controls, 391 Indian ancestry controls	NA	Xq28	X	153982797	HCFC1, TMEM187, IRAK1	TMEM187			ENSG00000177854			rs13397-?	rs13397	0	13397	synonymous_variant	0	0.133	3E-8	7.522878745280337		1.18		Illumina [139553]	N	celiac disease	http://purl.obolibrary.org/obo/MONDO_0005130	GCST005523	Targeted genotyping array [ImmunoChip]
2018-04-25	22057235	Trynka G	2011-11-06	Nat Genet	www.ncbi.nlm.nih.gov/pubmed/22057235	Dense genotyping identifies and localizes multiple common and rare variant association signals in celiac disease.	Celiac disease	11,812 European ancestry cases, 229 Indian ancestry cases, 11,837 European ancestry controls, 391 Indian ancestry controls	NA				SCHIP1, IL12A							imm_3_161120372-A	imm_3_161120372	0			1	0.111	3E-27	26.522878745280337		1.36		Illumina [139553]	N	celiac disease	http://purl.obolibrary.org/obo/MONDO_0005130	GCST005523	Targeted genotyping array [ImmunoChip]
2018-04-25	22057235	Trynka G	2011-11-06	Nat Genet	www.ncbi.nlm.nih.gov/pubmed/22057235	Dense genotyping identifies and localizes multiple common and rare variant association signals in celiac disease.	Celiac disease	11,812 European ancestry cases, 229 Indian ancestry cases, 11,837 European ancestry controls, 391 Indian ancestry controls	NA				OLIG3, TNFAIP3							imm_6_138043754-?	imm_6_138043754	0			1	0.81	2E-7	6.698970004336019	(conditioned on rs17264332)	1.1363636		Illumina [139553]	N	celiac disease	http://purl.obolibrary.org/obo/MONDO_0005130	GCST005523	Targeted genotyping array [ImmunoChip]
2018-04-25	22057235	Trynka G	2011-11-06	Nat Genet	www.ncbi.nlm.nih.gov/pubmed/22057235	Dense genotyping identifies and localizes multiple common and rare variant association signals in celiac disease.	Celiac disease	11,812 European ancestry cases, 229 Indian ancestry cases, 11,837 European ancestry controls, 391 Indian ancestry controls	NA				ELMO1							1kg_7_37384979-?	1kg_7_37384979	0			1	0.101	2E-8	7.698970004336019		1.18		Illumina [139553]	N	celiac disease	http://purl.obolibrary.org/obo/MONDO_0005130	GCST005523	Targeted genotyping array [ImmunoChip]
2008-06-16	17558408	van Heel DA	2007-06-10	Nat Genet	www.ncbi.nlm.nih.gov/pubmed/17558408	A genome-wide association study for celiac disease identifies risk variants in the region harboring IL2 and IL21.	Celiac disease	778 European ancestry cases, 1,422 European ancestry controls	991 European ancestry cases, 1,489 European ancestry controls	6p21.32	6	32638107	HLA-DQA1	HLA-DQA1			ENSG00000196735			rs2187668-A	rs2187668	0	2187668	intron_variant	0	0.14	1E-19	19.0		7.04	[6.08-8.15]	Illumina [310605]	N	celiac disease	http://purl.obolibrary.org/obo/MONDO_0005130	GCST000048	Genome-wide genotyping array
2008-06-16	17558408	van Heel DA	2007-06-10	Nat Genet	www.ncbi.nlm.nih.gov/pubmed/17558408	A genome-wide association study for celiac disease identifies risk variants in the region harboring IL2 and IL21.	Celiac disease	778 European ancestry cases, 1,422 European ancestry controls	991 European ancestry cases, 1,489 European ancestry controls	4q27	4	122588266	IL2, TENR, KIAA1109, IL21	IL2 - IL21	ENSG00000109471	ENSG00000138684		131541	21842	rs6822844-G	rs6822844	0	6822844	intergenic_variant	1	0.82	1E-14	14.0		1.59	[1.41-1.75]	Illumina [310605]	N	celiac disease	http://purl.obolibrary.org/obo/MONDO_0005130	GCST000048	Genome-wide genotyping array
2008-06-16	18311140	Hunt KA	2008-03-02	Nat Genet	www.ncbi.nlm.nih.gov/pubmed/18311140	Newly identified genetic risk variants for celiac disease related to the immune response.	Celiac disease	767 European ancestry cases, 1,422 European ancestry controls	1,643 European ancestry cases, 3,406 European ancestry controls	1q31.2	1	192567683	RGS1	RGS2-AS1			ENSG00000285280			rs2816316-C	rs2816316	0	2816316	intron_variant	0	NR	3E-11	10.522878745280337		1.39	[1.26-1.53]	Illumina [310605]	N	celiac disease	http://purl.obolibrary.org/obo/MONDO_0005130	GCST000157	Genome-wide genotyping array
2008-06-16	18311140	Hunt KA	2008-03-02	Nat Genet	www.ncbi.nlm.nih.gov/pubmed/18311140	Newly identified genetic risk variants for celiac disease related to the immune response.	Celiac disease	767 European ancestry cases, 1,422 European ancestry controls	1,643 European ancestry cases, 3,406 European ancestry controls	3q25.33	3	159947262	IL12A, SCHIP1	IL12A-AS1			ENSG00000244040			rs17810546-G	rs17810546	0	17810546	intron_variant	0	NR	1E-9	9.0		1.35	[1.23-1.49]	Illumina [310605]	N	celiac disease	http://purl.obolibrary.org/obo/MONDO_0005130	GCST000157	Genome-wide genotyping array
2008-06-16	18311140	Hunt KA	2008-03-02	Nat Genet	www.ncbi.nlm.nih.gov/pubmed/18311140	Newly identified genetic risk variants for celiac disease related to the immune response.	Celiac disease	767 European ancestry cases, 1,422 European ancestry controls	1,643 European ancestry cases, 3,406 European ancestry controls	6q25.3	6	159044945	TAGAP	TAGAP-AS1, TAGAP			ENSG00000271913, ENSG00000164691			rs1738074-A	rs1738074	0	1738074	5_prime_UTR_variant	0	NR	7E-8	7.154901959985743		1.21	[1.13-1.30]	Illumina [310605]	N	celiac disease	http://purl.obolibrary.org/obo/MONDO_0005130	GCST000157	Genome-wide genotyping array
2008-06-16	18311140	Hunt KA	2008-03-02	Nat Genet	www.ncbi.nlm.nih.gov/pubmed/18311140	Newly identified genetic risk variants for celiac disease related to the immune response.	Celiac disease	767 European ancestry cases, 1,422 European ancestry controls	1,643 European ancestry cases, 3,406 European ancestry controls	3q28	3	188394766	LPP	LPP			ENSG00000145012			rs1464510-A	rs1464510	0	1464510	intron_variant	0	NR	5E-9	8.301029995663981		1.23	[1.15-1.32]	Illumina [310605]	N	celiac disease	http://purl.obolibrary.org/obo/MONDO_0005130	GCST000157	Genome-wide genotyping array
2008-06-16	18311140	Hunt KA	2008-03-02	Nat Genet	www.ncbi.nlm.nih.gov/pubmed/18311140	Newly identified genetic risk variants for celiac disease related to the immune response.	Celiac disease	767 European ancestry cases, 1,422 European ancestry controls	1,643 European ancestry cases, 3,406 European ancestry controls	3p21.31	3	46310893	CCR1, CCR3	UQCRC2P1			ENSG00000236736			rs6441961-A	rs6441961	0	6441961	non_coding_transcript_exon_variant	0	0.30	3E-7	6.522878745280337		1.21	[1.13-1.30]	Illumina [310605]	N	celiac disease	http://purl.obolibrary.org/obo/MONDO_0005130	GCST000157	Genome-wide genotyping array
2008-06-16	18311140	Hunt KA	2008-03-02	Nat Genet	www.ncbi.nlm.nih.gov/pubmed/18311140	Newly identified genetic risk variants for celiac disease related to the immune response.	Celiac disease	767 European ancestry cases, 1,422 European ancestry controls	1,643 European ancestry cases, 3,406 European ancestry controls	2q12.1	2	102355405	IL18R1, IL1RL1, SLC9A4, IL18RAP	IL18R1			ENSG00000115604			rs13015714-C	rs13015714	0	13015714	intergenic_variant	0	NR	4E-9	8.397940008672037		1.28	[1.18-1.39]	Illumina [310605]	N	celiac disease	http://purl.obolibrary.org/obo/MONDO_0005130	GCST000157	Genome-wide genotyping array
2008-06-16	18311140	Hunt KA	2008-03-02	Nat Genet	www.ncbi.nlm.nih.gov/pubmed/18311140	Newly identified genetic risk variants for celiac disease related to the immune response.	Celiac disease	767 European ancestry cases, 1,422 European ancestry controls	1,643 European ancestry cases, 3,406 European ancestry controls	12q24.12	12	111569952	SH2B3, ATXN2	ATXN2			ENSG00000204842			rs653178-G	rs653178	0	653178	intron_variant	0	0.48	8E-8	7.096910013008056		1.21	[1.13-1.30]	Illumina [310605]	N	celiac disease	http://purl.obolibrary.org/obo/MONDO_0005130	GCST000157	Genome-wide genotyping array
2008-06-16	18311140	Hunt KA	2008-03-02	Nat Genet	www.ncbi.nlm.nih.gov/pubmed/18311140	Newly identified genetic risk variants for celiac disease related to the immune response.	Celiac disease	767 European ancestry cases, 1,422 European ancestry controls	1,643 European ancestry cases, 3,406 European ancestry controls	4q27	4	122588266	IL2, ADAD1, KIAA1109, IL21	IL2 - IL21	ENSG00000109471	ENSG00000138684		131541	21842	rs6822844-C	rs6822844	0	6822844	intergenic_variant	1	0.81	3E-13	12.522878745280337		1.44	[1.30-1.58]	Illumina [310605]	N	celiac disease	http://purl.obolibrary.org/obo/MONDO_0005130	GCST000157	Genome-wide genotyping array
2010-03-29	20190752	Dubois PC	2010-02-28	Nat Genet	www.ncbi.nlm.nih.gov/pubmed/20190752	Multiple common variants for celiac disease influencing immune gene expression.	Celiac disease	4,533 European ancestry cases, 10,750 European ancestry controls	4,918 European ancestry cases, 5,684 European ancestry controls	Xp22.2	X	12953405	TLR7, TLR8	TLR8 - TMSB4X	ENSG00000101916	ENSG00000205542		30236	21702	rs5979785-?	rs5979785	0	5979785	intron_variant	1	0.74	6E-8	7.221848749616356		1.14	[1.09-1.19]	Illumina [292387]	N	celiac disease	http://purl.obolibrary.org/obo/MONDO_0005130	GCST000612	Genome-wide genotyping array
2010-03-29	20190752	Dubois PC	2010-02-28	Nat Genet	www.ncbi.nlm.nih.gov/pubmed/20190752	Multiple common variants for celiac disease influencing immune gene expression.	Celiac disease	4,533 European ancestry cases, 10,750 European ancestry controls	4,918 European ancestry cases, 5,684 European ancestry controls	2q31.3	2	181131318	ITGA4, UBE2E3	LINC01934			ENSG00000234663			rs13010713-G	rs13010713	0	13010713	intron_variant	0	0.45	5E-11	10.301029995663981		1.13	[1.09-1.18]	Illumina [292387]	N	celiac disease	http://purl.obolibrary.org/obo/MONDO_0005130	GCST000612	Genome-wide genotyping array
2010-03-29	20190752	Dubois PC	2010-02-28	Nat Genet	www.ncbi.nlm.nih.gov/pubmed/20190752	Multiple common variants for celiac disease influencing immune gene expression.	Celiac disease	4,533 European ancestry cases, 10,750 European ancestry controls	4,918 European ancestry cases, 5,684 European ancestry controls	3q28	3	188394766	LPP	LPP			ENSG00000145012			rs1464510-A	rs1464510	0	1464510	intron_variant	0	0.49	3E-40	39.52287874528034		1.29	[1.25-1.34]	Illumina [292387]	N	celiac disease	http://purl.obolibrary.org/obo/MONDO_0005130	GCST000612	Genome-wide genotyping array
2010-03-29	20190752	Dubois PC	2010-02-28	Nat Genet	www.ncbi.nlm.nih.gov/pubmed/20190752	Multiple common variants for celiac disease influencing immune gene expression.	Celiac disease	4,533 European ancestry cases, 10,750 European ancestry controls	4,918 European ancestry cases, 5,684 European ancestry controls	6q25.3	6	159044945	TAGAP	TAGAP-AS1, TAGAP			ENSG00000271913, ENSG00000164691			rs1738074-A	rs1738074	0	1738074	5_prime_UTR_variant	0	0.43	3E-15	14.522878745280337		1.16	[1.12-1.21]	Illumina [292387]	N	celiac disease	http://purl.obolibrary.org/obo/MONDO_0005130	GCST000612	Genome-wide genotyping array
2010-03-29	20190752	Dubois PC	2010-02-28	Nat Genet	www.ncbi.nlm.nih.gov/pubmed/20190752	Multiple common variants for celiac disease influencing immune gene expression.	Celiac disease	4,533 European ancestry cases, 10,750 European ancestry controls	4,918 European ancestry cases, 5,684 European ancestry controls	7p14.1	7	37334906	ELMO1	ELMO1			ENSG00000155849			rs6974491-A	rs6974491	0	6974491	intron_variant	0	0.17	2E-7	6.698970004336019		1.14	[1.09-1.20]	Illumina [292387]	N	celiac disease	http://purl.obolibrary.org/obo/MONDO_0005130	GCST000612	Genome-wide genotyping array
2010-03-29	20190752	Dubois PC	2010-02-28	Nat Genet	www.ncbi.nlm.nih.gov/pubmed/20190752	Multiple common variants for celiac disease influencing immune gene expression.	Celiac disease	4,533 European ancestry cases, 10,750 European ancestry controls	4,918 European ancestry cases, 5,684 European ancestry controls	3q26.2	3	169774313	intergenic	MYNN			ENSG00000085274			rs10936599-A	rs10936599	0	10936599	missense_variant	0	0.25	5E-7	6.301029995663981		1.12	[1.07-1.16]	Illumina [292387]	N	celiac disease	http://purl.obolibrary.org/obo/MONDO_0005130	GCST000612	Genome-wide genotyping array
2010-03-29	20190752	Dubois PC	2010-02-28	Nat Genet	www.ncbi.nlm.nih.gov/pubmed/20190752	Multiple common variants for celiac disease influencing immune gene expression.	Celiac disease	4,533 European ancestry cases, 10,750 European ancestry controls	4,918 European ancestry cases, 5,684 European ancestry controls	13q14.2	13	50261579	intergenic	DLEU1			ENSG00000176124			rs2762051-A	rs2762051	0	2762051	intron_variant	0	0.18	7E-7	6.154901959985743		1.13	[1.08-1.18]	Illumina [292387]	N	celiac disease	http://purl.obolibrary.org/obo/MONDO_0005130	GCST000612	Genome-wide genotyping array
2010-03-29	20190752	Dubois PC	2010-02-28	Nat Genet	www.ncbi.nlm.nih.gov/pubmed/20190752	Multiple common variants for celiac disease influencing immune gene expression.	Celiac disease	4,533 European ancestry cases, 10,750 European ancestry controls	4,918 European ancestry cases, 5,684 European ancestry controls	18p11.21	18	12809341	PTPN2	PTPN2			ENSG00000175354			rs1893217-G	rs1893217	0	1893217	intron_variant	0	0.17	3E-10	9.522878745280337		1.17	[1.12-1.23]	Illumina [292387]	N	celiac disease	http://purl.obolibrary.org/obo/MONDO_0005130	GCST000612	Genome-wide genotyping array
2010-03-29	20190752	Dubois PC	2010-02-28	Nat Genet	www.ncbi.nlm.nih.gov/pubmed/20190752	Multiple common variants for celiac disease influencing immune gene expression.	Celiac disease	4,533 European ancestry cases, 10,750 European ancestry controls	4,918 European ancestry cases, 5,684 European ancestry controls	8q24.21	8	128252343	intergenic	RN7SKP226 - LINC00824	ENSG00000201782	ENSG00000254275		31540	152926	rs9792269-?	rs9792269	0	9792269	intergenic_variant	1	0.76	3E-9	8.522878745280337		1.14	[1.10-1.19]	Illumina [292387]	N	celiac disease	http://purl.obolibrary.org/obo/MONDO_0005130	GCST000612	Genome-wide genotyping array
2010-03-29	20190752	Dubois PC	2010-02-28	Nat Genet	www.ncbi.nlm.nih.gov/pubmed/20190752	Multiple common variants for celiac disease influencing immune gene expression.	Celiac disease	4,533 European ancestry cases, 10,750 European ancestry controls	4,918 European ancestry cases, 5,684 European ancestry controls	16p13.13	16	11310036	CLEC16A, CIITA, SOCS1	RMI2			ENSG00000175643			rs12928822-?	rs12928822	0	12928822	regulatory_region_variant	0	0.84	3E-8	7.522878745280337		1.16	[1.10-1.22]	Illumina [292387]	N	celiac disease	http://purl.obolibrary.org/obo/MONDO_0005130	GCST000612	Genome-wide genotyping array
2010-03-29	20190752	Dubois PC	2010-02-28	Nat Genet	www.ncbi.nlm.nih.gov/pubmed/20190752	Multiple common variants for celiac disease influencing immune gene expression.	Celiac disease	4,533 European ancestry cases, 10,750 European ancestry controls	4,918 European ancestry cases, 5,684 European ancestry controls	1q31.2	1	192567683	RGS1	RGS2-AS1			ENSG00000285280			rs2816316-?	rs2816316	0	2816316	intron_variant	0	0.84	2E-17	16.69897000433602		1.25	[1.19-1.32]	Illumina [292387]	N	celiac disease	http://purl.obolibrary.org/obo/MONDO_0005130	GCST000612	Genome-wide genotyping array
2010-03-29	20190752	Dubois PC	2010-02-28	Nat Genet	www.ncbi.nlm.nih.gov/pubmed/20190752	Multiple common variants for celiac disease influencing immune gene expression.	Celiac disease	4,533 European ancestry cases, 10,750 European ancestry controls	4,918 European ancestry cases, 5,684 European ancestry controls	1p36.32	1	2595307	MMEL1, TNFRSF14	MMEL1			ENSG00000142606			rs3748816-?	rs3748816	0	3748816	missense_variant	0	0.66	3E-9	8.522878745280337		1.12	[1.09-1.18]	Illumina [292387]	N	celiac disease	http://purl.obolibrary.org/obo/MONDO_0005130	GCST000612	Genome-wide genotyping array
2010-03-29	20190752	Dubois PC	2010-02-28	Nat Genet	www.ncbi.nlm.nih.gov/pubmed/20190752	Multiple common variants for celiac disease influencing immune gene expression.	Celiac disease	4,533 European ancestry cases, 10,750 European ancestry controls	4,918 European ancestry cases, 5,684 European ancestry controls	1p36.11	1	24977085	RUNX3	RUNX3 - MIR4425	ENSG00000020633	ENSG00000264371		11964	46418	rs10903122-?	rs10903122	0	10903122	intergenic_variant	1	0.52	2E-10	9.698970004336019		1.12	[1.09-1.18]	Illumina [292387]	N	celiac disease	http://purl.obolibrary.org/obo/MONDO_0005130	GCST000612	Genome-wide genotyping array
2010-03-29	20190752	Dubois PC	2010-02-28	Nat Genet	www.ncbi.nlm.nih.gov/pubmed/20190752	Multiple common variants for celiac disease influencing immune gene expression.	Celiac disease	4,533 European ancestry cases, 10,750 European ancestry controls	4,918 European ancestry cases, 5,684 European ancestry controls	14q24.1	14	68811487	ZFP36L1	ZFP36L1 - MAGOH3P	ENSG00000185650	ENSG00000270975		15234	50275	rs4899260-A	rs4899260	0	4899260	intron_variant	1	0.26	4E-7	6.3979400086720375		1.12	[1.07-1.16]	Illumina [292387]	N	celiac disease	http://purl.obolibrary.org/obo/MONDO_0005130	GCST000612	Genome-wide genotyping array
2010-03-29	20190752	Dubois PC	2010-02-28	Nat Genet	www.ncbi.nlm.nih.gov/pubmed/20190752	Multiple common variants for celiac disease influencing immune gene expression.	Celiac disease	4,533 European ancestry cases, 10,750 European ancestry controls	4,918 European ancestry cases, 5,684 European ancestry controls	17q21.31	17	46788073	intergenic	WNT3			ENSG00000108379			rs2074404-?	rs2074404	0	2074404	intron_variant	0	0.75	1E-6	6.0		1.11	[1.06-1.16]	Illumina [292387]	N	celiac disease	http://purl.obolibrary.org/obo/MONDO_0005130	GCST000612	Genome-wide genotyping array
2010-03-29	20190752	Dubois PC	2010-02-28	Nat Genet	www.ncbi.nlm.nih.gov/pubmed/20190752	Multiple common variants for celiac disease influencing immune gene expression.	Celiac disease	4,533 European ancestry cases, 10,750 European ancestry controls	4,918 European ancestry cases, 5,684 European ancestry controls	1q24.2	1	167442147	CD247	CD247			ENSG00000198821			rs864537-?	rs864537	0	864537	intron_variant	0	0.61	4E-7	6.3979400086720375		1.1	[1.06-1.15]	Illumina [292387]	N	celiac disease	http://purl.obolibrary.org/obo/MONDO_0005130	GCST000612	Genome-wide genotyping array
2010-03-29	20190752	Dubois PC	2010-02-28	Nat Genet	www.ncbi.nlm.nih.gov/pubmed/20190752	Multiple common variants for celiac disease influencing immune gene expression.	Celiac disease	4,533 European ancestry cases, 10,750 European ancestry controls	4,918 European ancestry cases, 5,684 European ancestry controls	1q32.1	1	200923009	intergenic	MROH3P			ENSG00000233217			rs296547-?	rs296547	0	296547	intron_variant	0	0.64	4E-9	8.397940008672037		1.12	[1.09-1.16]	Illumina [292387]	N	celiac disease	http://purl.obolibrary.org/obo/MONDO_0005130	GCST000612	Genome-wide genotyping array
2010-03-29	20190752	Dubois PC	2010-02-28	Nat Genet	www.ncbi.nlm.nih.gov/pubmed/20190752	Multiple common variants for celiac disease influencing immune gene expression.	Celiac disease	4,533 European ancestry cases, 10,750 European ancestry controls	4,918 European ancestry cases, 5,684 European ancestry controls	2p16.1	2	60959694	AHSA2, REL	PUS10			ENSG00000162927			rs13003464-G	rs13003464	0	13003464	intron_variant	0	0.40	4E-13	12.397940008672037		1.15	[1.11-1.20]	Illumina [292387]	N	celiac disease	http://purl.obolibrary.org/obo/MONDO_0005130	GCST000612	Genome-wide genotyping array
2010-03-29	20190752	Dubois PC	2010-02-28	Nat Genet	www.ncbi.nlm.nih.gov/pubmed/20190752	Multiple common variants for celiac disease influencing immune gene expression.	Celiac disease	4,533 European ancestry cases, 10,750 European ancestry controls	4,918 European ancestry cases, 5,684 European ancestry controls	6q23.3	6	137651931	TNFAIP3	LINC03004			ENSG00000230533			rs2327832-G	rs2327832	0	2327832	intergenic_variant	0	0.22	4E-19	18.397940008672037		1.23	[1.17-1.28]	Illumina [292387]	N	celiac disease	http://purl.obolibrary.org/obo/MONDO_0005130	GCST000612	Genome-wide genotyping array
2010-03-29	20190752	Dubois PC	2010-02-28	Nat Genet	www.ncbi.nlm.nih.gov/pubmed/20190752	Multiple common variants for celiac disease influencing immune gene expression.	Celiac disease	4,533 European ancestry cases, 10,750 European ancestry controls	4,918 European ancestry cases, 5,684 European ancestry controls	2p14	2	68371823	PLEK	PLEK			ENSG00000115956			rs17035378-?	rs17035378	0	17035378	intron_variant	0	0.72	8E-9	8.096910013008056		1.14	[1.09-1.19]	Illumina [292387]	N	celiac disease	http://purl.obolibrary.org/obo/MONDO_0005130	GCST000612	Genome-wide genotyping array
2010-03-29	20190752	Dubois PC	2010-02-28	Nat Genet	www.ncbi.nlm.nih.gov/pubmed/20190752	Multiple common variants for celiac disease influencing immune gene expression.	Celiac disease	4,533 European ancestry cases, 10,750 European ancestry controls	4,918 European ancestry cases, 5,684 European ancestry controls	3p22.3	3	32973977	CCR4	CCR4 - GLB1	ENSG00000183813	ENSG00000170266		16857	22632	rs13314993-C	rs13314993	0	13314993	regulatory_region_variant	1	0.46	3E-9	8.522878745280337		1.13	[1.08-1.17]	Illumina [292387]	N	celiac disease	http://purl.obolibrary.org/obo/MONDO_0005130	GCST000612	Genome-wide genotyping array
2010-03-29	20190752	Dubois PC	2010-02-28	Nat Genet	www.ncbi.nlm.nih.gov/pubmed/20190752	Multiple common variants for celiac disease influencing immune gene expression.	Celiac disease	4,533 European ancestry cases, 10,750 European ancestry controls	4,918 European ancestry cases, 5,684 European ancestry controls	3q13.33	3	119399949	CD80, KTELC1	ARHGAP31			ENSG00000031081			rs11712165-C	rs11712165	0	11712165	intron_variant	0	0.39	8E-9	8.096910013008056		1.13	[1.08-1.17]	Illumina [292387]	N	celiac disease	http://purl.obolibrary.org/obo/MONDO_0005130	GCST000612	Genome-wide genotyping array
2010-03-29	20190752	Dubois PC	2010-02-28	Nat Genet	www.ncbi.nlm.nih.gov/pubmed/20190752	Multiple common variants for celiac disease influencing immune gene expression.	Celiac disease	4,533 European ancestry cases, 10,750 European ancestry controls	4,918 European ancestry cases, 5,684 European ancestry controls	6q15	6	90216893	MAP3K7, BACH2	BACH2			ENSG00000112182			rs10806425-A	rs10806425	0	10806425	intron_variant	0	0.40	4E-10	9.397940008672037		1.13	[1.09-1.17]	Illumina [292387]	N	celiac disease	http://purl.obolibrary.org/obo/MONDO_0005130	GCST000612	Genome-wide genotyping array
2010-03-29	20190752	Dubois PC	2010-02-28	Nat Genet	www.ncbi.nlm.nih.gov/pubmed/20190752	Multiple common variants for celiac disease influencing immune gene expression.	Celiac disease	4,533 European ancestry cases, 10,750 European ancestry controls	4,918 European ancestry cases, 5,684 European ancestry controls	6q22.33	6	127957653	THEMIS, PTPRK	THEMIS - PTPRK	ENSG00000172673	ENSG00000152894		39022	11127	rs802734-G	rs802734	0	802734	intergenic_variant	1	0.31	3E-14	13.522878745280337		1.17	[1.12-1.22]	Illumina [292387]	N	celiac disease	http://purl.obolibrary.org/obo/MONDO_0005130	GCST000612	Genome-wide genotyping array
2010-03-29	20190752	Dubois PC	2010-02-28	Nat Genet	www.ncbi.nlm.nih.gov/pubmed/20190752	Multiple common variants for celiac disease influencing immune gene expression.	Celiac disease	4,533 European ancestry cases, 10,750 European ancestry controls	4,918 European ancestry cases, 5,684 European ancestry controls	10q22.3	10	79298270	ZMIZ1	ZMIZ1			ENSG00000108175			rs1250552-?	rs1250552	0	1250552	intron_variant	0	0.53	9E-10	9.045757490560675		1.12	[1.09-1.16]	Illumina [292387]	N	celiac disease	http://purl.obolibrary.org/obo/MONDO_0005130	GCST000612	Genome-wide genotyping array
2010-03-29	20190752	Dubois PC	2010-02-28	Nat Genet	www.ncbi.nlm.nih.gov/pubmed/20190752	Multiple common variants for celiac disease influencing immune gene expression.	Celiac disease	4,533 European ancestry cases, 10,750 European ancestry controls	4,918 European ancestry cases, 5,684 European ancestry controls	11q24.3	11	128511079	ETS1	ETS1			ENSG00000134954			rs11221332-A	rs11221332	0	11221332	intron_variant	0	0.24	5E-16	15.301029995663981		1.21	[1.16-1.27]	Illumina [292387]	N	celiac disease	http://purl.obolibrary.org/obo/MONDO_0005130	GCST000612	Genome-wide genotyping array
2010-03-29	20190752	Dubois PC	2010-02-28	Nat Genet	www.ncbi.nlm.nih.gov/pubmed/20190752	Multiple common variants for celiac disease influencing immune gene expression.	Celiac disease	4,533 European ancestry cases, 10,750 European ancestry controls	4,918 European ancestry cases, 5,684 European ancestry controls	21q22.3	21	44227538	ICOSLG	ICOSLG			ENSG00000160223			rs4819388-?	rs4819388	0	4819388	3_prime_UTR_variant	0	0.72	2E-9	8.698970004336019		1.14	[1.09-1.19]	Illumina [292387]	N	celiac disease	http://purl.obolibrary.org/obo/MONDO_0005130	GCST000612	Genome-wide genotyping array
2010-03-29	20190752	Dubois PC	2010-02-28	Nat Genet	www.ncbi.nlm.nih.gov/pubmed/20190752	Multiple common variants for celiac disease influencing immune gene expression.	Celiac disease	4,533 European ancestry cases, 10,750 European ancestry controls	4,918 European ancestry cases, 5,684 European ancestry controls	6p25.3	6	383546	IRF4	DUSP22 - IRF4	ENSG00000112679	ENSG00000137265		32191	8193	rs1033180-A	rs1033180	0	1033180	intron_variant	1	0.08	6E-8	7.221848749616356		1.21	[1.13-1.29]	Illumina [292387]	N	celiac disease	http://purl.obolibrary.org/obo/MONDO_0005130	GCST000612	Genome-wide genotyping array
2010-03-29	20190752	Dubois PC	2010-02-28	Nat Genet	www.ncbi.nlm.nih.gov/pubmed/20190752	Multiple common variants for celiac disease influencing immune gene expression.	Celiac disease	4,533 European ancestry cases, 10,750 European ancestry controls	4,918 European ancestry cases, 5,684 European ancestry controls	22q11.21	22	21628603	YDJC, UBE2L3	YDJC			ENSG00000161179			rs2298428-A	rs2298428	0	2298428	missense_variant	0	0.20	2E-7	6.698970004336019		1.13	[1.08-1.19]	Illumina [292387]	N	celiac disease	http://purl.obolibrary.org/obo/MONDO_0005130	GCST000612	Genome-wide genotyping array
2010-03-29	20190752	Dubois PC	2010-02-28	Nat Genet	www.ncbi.nlm.nih.gov/pubmed/20190752	Multiple common variants for celiac disease influencing immune gene expression.	Celiac disease	4,533 European ancestry cases, 10,750 European ancestry controls	4,918 European ancestry cases, 5,684 European ancestry controls	2q12.1	2	102454108	IL18R1, IL1RL1, IL1RL2, IL18RAP	IL18RAP - SLC9A4	ENSG00000115607	ENSG00000180251		1541	19118	rs917997-A	rs917997	0	917997	intergenic_variant	1	0.24	1E-15	15.0		1.19	[1.14-1.25]	Illumina [292387]	N	celiac disease	http://purl.obolibrary.org/obo/MONDO_0005130	GCST000612	Genome-wide genotyping array
2010-03-29	20190752	Dubois PC	2010-02-28	Nat Genet	www.ncbi.nlm.nih.gov/pubmed/20190752	Multiple common variants for celiac disease influencing immune gene expression.	Celiac disease	4,533 European ancestry cases, 10,750 European ancestry controls	4,918 European ancestry cases, 5,684 European ancestry controls	2q33.2	2	203937855	ICOS, CTLA4, CD28	ICOS			ENSG00000163600			rs4675374-A	rs4675374	0	4675374	intron_variant	0	0.22	6E-9	8.221848749616356		1.14	[1.09-1.19]	Illumina [292387]	N	celiac disease	http://purl.obolibrary.org/obo/MONDO_0005130	GCST000612	Genome-wide genotyping array
2010-03-29	20190752	Dubois PC	2010-02-28	Nat Genet	www.ncbi.nlm.nih.gov/pubmed/20190752	Multiple common variants for celiac disease influencing immune gene expression.	Celiac disease	4,533 European ancestry cases, 10,750 European ancestry controls	4,918 European ancestry cases, 5,684 European ancestry controls	3p21.31	3	46193709	CCRL2, CCR5, CCR9, CCR1, CCR2, CCR3	CCR3			ENSG00000183625			rs13098911-A	rs13098911	0	13098911	intron_variant	0	0.10	3E-17	16.522878745280337		1.3	[1.23-1.39]	Illumina [292387]	N	celiac disease	http://purl.obolibrary.org/obo/MONDO_0005130	GCST000612	Genome-wide genotyping array
2010-03-29	20190752	Dubois PC	2010-02-28	Nat Genet	www.ncbi.nlm.nih.gov/pubmed/20190752	Multiple common variants for celiac disease influencing immune gene expression.	Celiac disease	4,533 European ancestry cases, 10,750 European ancestry controls	4,918 European ancestry cases, 5,684 European ancestry controls	3q25.33	3	159947262	IL12A	IL12A-AS1			ENSG00000244040			rs17810546-G	rs17810546	0	17810546	intron_variant	0	0.13	4E-28	27.397940008672037		1.36	[1.29-1.44]	Illumina [292387]	N	celiac disease	http://purl.obolibrary.org/obo/MONDO_0005130	GCST000612	Genome-wide genotyping array
2010-03-29	20190752	Dubois PC	2010-02-28	Nat Genet	www.ncbi.nlm.nih.gov/pubmed/20190752	Multiple common variants for celiac disease influencing immune gene expression.	Celiac disease	4,533 European ancestry cases, 10,750 European ancestry controls	4,918 European ancestry cases, 5,684 European ancestry controls	4q27	4	122194347	IL2, IL21	BLTP1			ENSG00000138688			rs13151961-?	rs13151961	0	13151961	intron_variant	0	0.86	2E-27	26.69897000433602		1.35	[1.28-1.43]	Illumina [292387]	N	celiac disease	http://purl.obolibrary.org/obo/MONDO_0005130	GCST000612	Genome-wide genotyping array
2010-03-29	20190752	Dubois PC	2010-02-28	Nat Genet	www.ncbi.nlm.nih.gov/pubmed/20190752	Multiple common variants for celiac disease influencing immune gene expression.	Celiac disease	4,533 European ancestry cases, 10,750 European ancestry controls	4,918 European ancestry cases, 5,684 European ancestry controls	6p21.32	6	32638107	HLA-DQB1, HLA-DQA1	HLA-DQA1			ENSG00000196735			rs2187668-A	rs2187668	0	2187668	intron_variant	0	0.26	1E-50	50.0		6.23	[5.95-6.52]	Illumina [292387]	N	celiac disease	http://purl.obolibrary.org/obo/MONDO_0005130	GCST000612	Genome-wide genotyping array
2010-03-29	20190752	Dubois PC	2010-02-28	Nat Genet	www.ncbi.nlm.nih.gov/pubmed/20190752	Multiple common variants for celiac disease influencing immune gene expression.	Celiac disease	4,533 European ancestry cases, 10,750 European ancestry controls	4,918 European ancestry cases, 5,684 European ancestry controls	12q24.12	12	111569952	SH2B3	ATXN2			ENSG00000204842			rs653178-G	rs653178	0	653178	intron_variant	0	0.50	7E-21	20.154901959985743		1.2	[1.15-1.24]	Illumina [292387]	N	celiac disease	http://purl.obolibrary.org/obo/MONDO_0005130	GCST000612	Genome-wide genotyping array
2010-03-29	20190752	Dubois PC	2010-02-28	Nat Genet	www.ncbi.nlm.nih.gov/pubmed/20190752	Multiple common variants for celiac disease influencing immune gene expression.	Celiac disease	4,533 European ancestry cases, 10,750 European ancestry controls	4,918 European ancestry cases, 5,684 European ancestry controls	1p31.3	1	61326191	NFIA	NFIA			ENSG00000162599			rs6691768-?	rs6691768	0	6691768	intron_variant	0	0.62	1E-7	7.0		1.11	[1.06-1.15]	Illumina [292387]	N	celiac disease	http://purl.obolibrary.org/obo/MONDO_0005130	GCST000612	Genome-wide genotyping array
2010-03-29	20190752	Dubois PC	2010-02-28	Nat Genet	www.ncbi.nlm.nih.gov/pubmed/20190752	Multiple common variants for celiac disease influencing immune gene expression.	Celiac disease	4,533 European ancestry cases, 10,750 European ancestry controls	4,918 European ancestry cases, 5,684 European ancestry controls	1q24.3	1	172741860	TNFSF18, TNFSF4, FASLG	FASLG - SLC25A38P1	ENSG00000117560	ENSG00000229785		74984	6700	rs859637-A	rs859637	0	859637	intergenic_variant	1	0.49	2E-6	5.698970004336019		1.1	[1.06-1.14]	Illumina [292387]	N	celiac disease	http://purl.obolibrary.org/obo/MONDO_0005130	GCST000612	Genome-wide genotyping array
2010-03-29	20190752	Dubois PC	2010-02-28	Nat Genet	www.ncbi.nlm.nih.gov/pubmed/20190752	Multiple common variants for celiac disease influencing immune gene expression.	Celiac disease	4,533 European ancestry cases, 10,750 European ancestry controls	4,918 European ancestry cases, 5,684 European ancestry controls	1p36.23	1	7986612	PARK7, TNFRSF9	PARK7 - ERRFI1	ENSG00000116288	ENSG00000116285		1107	17792	rs12727642-A	rs12727642	0	12727642	intergenic_variant	1	0.19	9E-8	7.045757490560675		1.14	[1.09-1.20]	Illumina [292387]	N	celiac disease	http://purl.obolibrary.org/obo/MONDO_0005130	GCST000612	Genome-wide genotyping array
2010-03-29	20190752	Dubois PC	2010-02-28	Nat Genet	www.ncbi.nlm.nih.gov/pubmed/20190752	Multiple common variants for celiac disease influencing immune gene expression.	Celiac disease	4,533 European ancestry cases, 10,750 European ancestry controls	4,918 European ancestry cases, 5,684 European ancestry controls	3p14.1	3	69203748	FRMD4B	FRMD4B			ENSG00000114541			rs6806528-A	rs6806528	0	6806528	intron_variant	0	0.10	2E-7	6.698970004336019		1.19	[1.12-1.27]	Illumina [292387]	N	celiac disease	http://purl.obolibrary.org/obo/MONDO_0005130	GCST000612	Genome-wide genotyping array
2014-03-20	23936387	Ostensson M	2013-08-02	PLoS One	www.ncbi.nlm.nih.gov/pubmed/23936387	A possible mechanism behind autoimmune disorders discovered by genome-wide linkage and association analysis in celiac disease.	Celiac disease	206 European ancestry trios	NA	11p15.5	11	2027258	SYT8, TNNI2, LSP1, H19, ASCL2, IGF2, INS, MRPL23, TH, IGF2AS, TNNT3	H19 - IGF2	ENSG00000130600	ENSG00000167244		22706	101854	rs4930144-A	rs4930144	0	4930144	intergenic_variant	1	NR	7E-6	5.154901959985743				Illumina [944512] (imputed)	N	celiac disease	http://purl.obolibrary.org/obo/MONDO_0005130	GCST002112	Genome-wide genotyping array
2014-03-20	23936387	Ostensson M	2013-08-02	PLoS One	www.ncbi.nlm.nih.gov/pubmed/23936387	A possible mechanism behind autoimmune disorders discovered by genome-wide linkage and association analysis in celiac disease.	Celiac disease	206 European ancestry trios	NA	1q32.1	1	202500595	UBE2T, PPP1R12B, SYT2	PPP1R12B			ENSG00000077157			rs12734338-C	rs12734338	0	12734338	intron_variant	0	NR	3E-7	6.522878745280337				Illumina [944512] (imputed)	N	celiac disease	http://purl.obolibrary.org/obo/MONDO_0005130	GCST002112	Genome-wide genotyping array
2014-03-20	23936387	Ostensson M	2013-08-02	PLoS One	www.ncbi.nlm.nih.gov/pubmed/23936387	A possible mechanism behind autoimmune disorders discovered by genome-wide linkage and association analysis in celiac disease.	Celiac disease	206 European ancestry trios	NA	4q23	4	99618739	RG9MTD2, C4orf17, MTTP	MTTP			ENSG00000138823			rs1032355-C	rs1032355	0	1032355	intron_variant	0	NR	5E-6	5.301029995663981				Illumina [944512] (imputed)	N	celiac disease	http://purl.obolibrary.org/obo/MONDO_0005130	GCST002112	Genome-wide genotyping array
2014-03-20	23936387	Ostensson M	2013-08-02	PLoS One	www.ncbi.nlm.nih.gov/pubmed/23936387	A possible mechanism behind autoimmune disorders discovered by genome-wide linkage and association analysis in celiac disease.	Celiac disease	206 European ancestry trios	NA	3p22.3	3	36368109	STAC	RFC3P1 - STAC	ENSG00000236158	ENSG00000144681		197661	12212	rs2605393-G	rs2605393	0	2605393	intron_variant	1	NR	6E-6	5.221848749616356				Illumina [944512] (imputed)	N	celiac disease	http://purl.obolibrary.org/obo/MONDO_0005130	GCST002112	Genome-wide genotyping array
2014-03-20	23936387	Ostensson M	2013-08-02	PLoS One	www.ncbi.nlm.nih.gov/pubmed/23936387	A possible mechanism behind autoimmune disorders discovered by genome-wide linkage and association analysis in celiac disease.	Celiac disease	206 European ancestry trios	NA	4p16.2	4	5160662	STK32B	STK32B			ENSG00000152953			rs13128441-C	rs13128441	0	13128441	intron_variant	0	NR	8E-6	5.096910013008056				Illumina [944512] (imputed)	N	celiac disease	http://purl.obolibrary.org/obo/MONDO_0005130	GCST002112	Genome-wide genotyping array
2014-03-20	23936387	Ostensson M	2013-08-02	PLoS One	www.ncbi.nlm.nih.gov/pubmed/23936387	A possible mechanism behind autoimmune disorders discovered by genome-wide linkage and association analysis in celiac disease.	Celiac disease	206 European ancestry trios	NA	17q22	17	56533930	ANKFN1, NOG	ANKFN1 - RPL39P33	ENSG00000153930	ENSG00000243058		16914	39110	rs17760268-C	rs17760268	0	17760268	intron_variant	1	NR	4E-6	5.3979400086720375				Illumina [944512] (imputed)	N	celiac disease	http://purl.obolibrary.org/obo/MONDO_0005130	GCST002112	Genome-wide genotyping array
2014-03-20	23936387	Ostensson M	2013-08-02	PLoS One	www.ncbi.nlm.nih.gov/pubmed/23936387	A possible mechanism behind autoimmune disorders discovered by genome-wide linkage and association analysis in celiac disease.	Celiac disease	206 European ancestry trios	NA	21p11.2	21	10540506	BAGE2, TPTE, BAGE	TPTE			ENSG00000274391			rs10439884-A	rs10439884	0	10439884	intron_variant	0	NR	2E-6	5.698970004336019				Illumina [944512] (imputed)	N	celiac disease	http://purl.obolibrary.org/obo/MONDO_0005130	GCST002112	Genome-wide genotyping array
2014-03-20	23936387	Ostensson M	2013-08-02	PLoS One	www.ncbi.nlm.nih.gov/pubmed/23936387	A possible mechanism behind autoimmune disorders discovered by genome-wide linkage and association analysis in celiac disease.	Celiac disease	206 European ancestry trios	NA	22q11.1	22	15473564	CCT8L2, psiTPTE22	BNIP3P2 - YME1L1P1	ENSG00000236097	ENSG00000236831		123521	16426	rs4911642-C	rs4911642	0	4911642	intergenic_variant	1	NR	5E-6	5.301029995663981				Illumina [944512] (imputed)	N	celiac disease	http://purl.obolibrary.org/obo/MONDO_0005130	GCST002112	Genome-wide genotyping array
2014-03-20	23936387	Ostensson M	2013-08-02	PLoS One	www.ncbi.nlm.nih.gov/pubmed/23936387	A possible mechanism behind autoimmune disorders discovered by genome-wide linkage and association analysis in celiac disease.	Celiac disease	206 European ancestry trios	NA	20q13.2	20	54798000	DOK5	DOK5 - RNU4ATAC7P	ENSG00000101134	ENSG00000252089		146829	61688	rs157640-G	rs157640	0	157640	intergenic_variant	1	NR	5E-6	5.301029995663981				Illumina [944512] (imputed)	N	celiac disease	http://purl.obolibrary.org/obo/MONDO_0005130	GCST002112	Genome-wide genotyping array
2014-03-20	23936387	Ostensson M	2013-08-02	PLoS One	www.ncbi.nlm.nih.gov/pubmed/23936387	A possible mechanism behind autoimmune disorders discovered by genome-wide linkage and association analysis in celiac disease.	Celiac disease	206 European ancestry trios	NA	14q13.1	14	34375170	EAPP, SNX6, C14orf147	EGLN3			ENSG00000129521			rs1958589-C	rs1958589	0	1958589	regulatory_region_variant	0	NR	4E-6	5.3979400086720375				Illumina [944512] (imputed)	N	celiac disease	http://purl.obolibrary.org/obo/MONDO_0005130	GCST002112	Genome-wide genotyping array
2014-03-20	23936387	Ostensson M	2013-08-02	PLoS One	www.ncbi.nlm.nih.gov/pubmed/23936387	A possible mechanism behind autoimmune disorders discovered by genome-wide linkage and association analysis in celiac disease.	Celiac disease	206 European ancestry trios	NA	10q26.11	10	117854099	EMX2OS, RAB11FIP2, EMX2	LINC02674 - RAB11FIP2	ENSG00000234952	ENSG00000107560		100770	150817	rs10886159-C	rs10886159	0	10886159	intergenic_variant	1	NR	7E-7	6.154901959985743				Illumina [944512] (imputed)	N	celiac disease	http://purl.obolibrary.org/obo/MONDO_0005130	GCST002112	Genome-wide genotyping array
2014-03-20	23936387	Ostensson M	2013-08-02	PLoS One	www.ncbi.nlm.nih.gov/pubmed/23936387	A possible mechanism behind autoimmune disorders discovered by genome-wide linkage and association analysis in celiac disease.	Celiac disease	206 European ancestry trios	NA	6p21.32	6	32240547	HLA	NOTCH4 - TSBP1-AS1	ENSG00000204301	ENSG00000225914		16436	14093	rs424232-C	rs424232	0	424232	intergenic_variant	1	NR	5E-21	20.30102999566398				Illumina [944512] (imputed)	N	celiac disease	http://purl.obolibrary.org/obo/MONDO_0005130	GCST002112	Genome-wide genotyping array
2014-03-20	23936387	Ostensson M	2013-08-02	PLoS One	www.ncbi.nlm.nih.gov/pubmed/23936387	A possible mechanism behind autoimmune disorders discovered by genome-wide linkage and association analysis in celiac disease.	Celiac disease	206 European ancestry trios	NA	16q22.2	16	71013581	HYDIN	HYDIN			ENSG00000157423			rs195656-A	rs195656	0	195656	intron_variant	0	NR	7E-6	5.154901959985743				Illumina [944512] (imputed)	N	celiac disease	http://purl.obolibrary.org/obo/MONDO_0005130	GCST002112	Genome-wide genotyping array
2014-03-20	23936387	Ostensson M	2013-08-02	PLoS One	www.ncbi.nlm.nih.gov/pubmed/23936387	A possible mechanism behind autoimmune disorders discovered by genome-wide linkage and association analysis in celiac disease.	Celiac disease	206 European ancestry trios	NA	19q13.33	19	50873907	KLK15, KLK3, KLK2, KLKP1, KLK4	KLK2			ENSG00000167751			rs2664156-C	rs2664156	0	2664156	intron_variant	0	NR	6E-6	5.221848749616356				Illumina [944512] (imputed)	N	celiac disease	http://purl.obolibrary.org/obo/MONDO_0005130	GCST002112	Genome-wide genotyping array
2014-03-20	23936387	Ostensson M	2013-08-02	PLoS One	www.ncbi.nlm.nih.gov/pubmed/23936387	A possible mechanism behind autoimmune disorders discovered by genome-wide linkage and association analysis in celiac disease.	Celiac disease	206 European ancestry trios	NA	1q32.1	1	201625537	NAV1	NAV1			ENSG00000134369			rs2068824-C	rs2068824	0	2068824	intron_variant	0	NR	6E-6	5.221848749616356				Illumina [944512] (imputed)	N	celiac disease	http://purl.obolibrary.org/obo/MONDO_0005130	GCST002112	Genome-wide genotyping array
2015-02-04	24999842	Garner C	2014-07-07	PLoS One	www.ncbi.nlm.nih.gov/pubmed/24999842	Genome-wide association study of celiac disease in North America confirms FRMD4B as new celiac locus.	Celiac disease	1,550 European ancestry cases, 3,084 European ancestry controls	NA	6q15	6	90170316	BACH2	BACH2			ENSG00000112182			rs2474619-?	rs2474619	0	2474619	intron_variant	0	NR	2E-8	7.698970004336019		1.28	[1.18-1.41]	Illumina [517345]	N	celiac disease	http://purl.obolibrary.org/obo/MONDO_0005130	GCST002520	Genome-wide genotyping array
2015-02-04	24999842	Garner C	2014-07-07	PLoS One	www.ncbi.nlm.nih.gov/pubmed/24999842	Genome-wide association study of celiac disease in North America confirms FRMD4B as new celiac locus.	Celiac disease	1,550 European ancestry cases, 3,084 European ancestry controls	NA	1q24.3	1	172894808	TNFSF18, TNFSF4, FASLG	AIMP1P2 - TNFSF18	ENSG00000227177	ENSG00000120337		8550	144394	rs2157453-?	rs2157453	0	2157453	intron_variant	1	NR	8E-7	6.096910013008056		1.29	[1.17–1.42]	Illumina [517345]	N	celiac disease	http://purl.obolibrary.org/obo/MONDO_0005130	GCST002520	Genome-wide genotyping array
2015-02-04	24999842	Garner C	2014-07-07	PLoS One	www.ncbi.nlm.nih.gov/pubmed/24999842	Genome-wide association study of celiac disease in North America confirms FRMD4B as new celiac locus.	Celiac disease	1,550 European ancestry cases, 3,084 European ancestry controls	NA	6q22.31	6	124422361	NKAIN2	NKAIN2			ENSG00000188580			rs531930-?	rs531930	0	531930	intron_variant	0	NR	5E-7	6.301029995663981		1.3	[1.17–1.44]	Illumina [517345]	N	celiac disease	http://purl.obolibrary.org/obo/MONDO_0005130	GCST002520	Genome-wide genotyping array
2015-02-04	24999842	Garner C	2014-07-07	PLoS One	www.ncbi.nlm.nih.gov/pubmed/24999842	Genome-wide association study of celiac disease in North America confirms FRMD4B as new celiac locus.	Celiac disease	1,550 European ancestry cases, 3,084 European ancestry controls	NA	10p15.1	10	6359663	PFKFB3, PRKCQ	LINC02649			ENSG00000215244			rs4558075-?	rs4558075	0	4558075	intron_variant	0	NR	2E-7	6.698970004336019		1.37	[1.22-1.54]	Illumina [517345]	N	celiac disease	http://purl.obolibrary.org/obo/MONDO_0005130	GCST002520	Genome-wide genotyping array
2015-02-04	24999842	Garner C	2014-07-07	PLoS One	www.ncbi.nlm.nih.gov/pubmed/24999842	Genome-wide association study of celiac disease in North America confirms FRMD4B as new celiac locus.	Celiac disease	1,550 European ancestry cases, 3,084 European ancestry controls	NA	17q12	17	37374139	HOXB9	ACACA			ENSG00000278540			rs8081319-?	rs8081319	0	8081319	intron_variant	0	NR	8E-7	6.096910013008056		1.36	[1.20–1.54]	Illumina [517345]	N	celiac disease	http://purl.obolibrary.org/obo/MONDO_0005130	GCST002520	Genome-wide genotyping array
2015-02-04	24999842	Garner C	2014-07-07	PLoS One	www.ncbi.nlm.nih.gov/pubmed/24999842	Genome-wide association study of celiac disease in North America confirms FRMD4B as new celiac locus.	Celiac disease	1,550 European ancestry cases, 3,084 European ancestry controls	NA	3p21.31	3	46240253	CCR3, CCR2	CCR3			ENSG00000183625			rs13096142-?	rs13096142	0	13096142	intron_variant	0	NR	4E-8	7.3979400086720375		1.3	[1.18-1.43]	Illumina [517345]	N	celiac disease	http://purl.obolibrary.org/obo/MONDO_0005130	GCST002520	Genome-wide genotyping array
2015-02-04	24999842	Garner C	2014-07-07	PLoS One	www.ncbi.nlm.nih.gov/pubmed/24999842	Genome-wide association study of celiac disease in North America confirms FRMD4B as new celiac locus.	Celiac disease	1,550 European ancestry cases, 3,084 European ancestry controls	NA	4q27	4	122194347	IL2, ADAD1, KIAA1109, IL21	BLTP1			ENSG00000138688			rs13151961-?	rs13151961	0	13151961	intron_variant	0	NR	3E-11	10.522878745280337		1.54	[1.37-1.75]	Illumina [517345]	N	celiac disease	http://purl.obolibrary.org/obo/MONDO_0005130	GCST002520	Genome-wide genotyping array
2015-02-04	24999842	Garner C	2014-07-07	PLoS One	www.ncbi.nlm.nih.gov/pubmed/24999842	Genome-wide association study of celiac disease in North America confirms FRMD4B as new celiac locus.	Celiac disease	1,550 European ancestry cases, 3,084 European ancestry controls	NA	6q25.3	6	159051263	TAGAP	TAGAP-AS1, TAGAP			ENSG00000271913, ENSG00000164691			rs212402-?	rs212402	0	212402	intron_variant	0	NR	8E-9	8.096910013008056		1.31	[1.20-1.44]	Illumina [517345]	N	celiac disease	http://purl.obolibrary.org/obo/MONDO_0005130	GCST002520	Genome-wide genotyping array
2025-07-02	39789286	Loya H	2025-01-09	Nat Genet	www.ncbi.nlm.nih.gov/pubmed/39789286	A scalable variational inference approach for increased mixed-model association power.	Coeliac disease	394,626 European ancestry individuals	NA											chr6:29620581-C	chr6:29620581	0			1	0.09274167	2E-12	11.698970004336019		0.43292007	[0.3-0.56] unit decrease	NR [13308323] (imputed)	N	celiac disease	http://purl.obolibrary.org/obo/MONDO_0005130	GCST90468120	Genome-wide genotyping array
2025-07-02	39789286	Loya H	2025-01-09	Nat Genet	www.ncbi.nlm.nih.gov/pubmed/39789286	A scalable variational inference approach for increased mixed-model association power.	Coeliac disease	394,626 European ancestry individuals	NA											chr6:31544022-T	chr6:31544022	0			1	0.05046564	2E-18	17.69897000433602		0.72626853	[0.55-0.9] unit decrease	NR [13308323] (imputed)	N	celiac disease	http://purl.obolibrary.org/obo/MONDO_0005130	GCST90468120	Genome-wide genotyping array
2025-07-02	39789286	Loya H	2025-01-09	Nat Genet	www.ncbi.nlm.nih.gov/pubmed/39789286	A scalable variational inference approach for increased mixed-model association power.	Coeliac disease	394,626 European ancestry individuals	NA											chr6:32631434-C	chr6:32631434	0			1	0.22619635	7E-77	76.15490195998575		0.7356986	[0.65-0.82] unit decrease	NR [13308323] (imputed)	N	celiac disease	http://purl.obolibrary.org/obo/MONDO_0005130	GCST90468120	Genome-wide genotyping array
2025-07-02	39789286	Loya H	2025-01-09	Nat Genet	www.ncbi.nlm.nih.gov/pubmed/39789286	A scalable variational inference approach for increased mixed-model association power.	Coeliac disease	394,626 European ancestry individuals	NA											chr6:32701722-A	chr6:32701722	0			1	0.0606366	2E-15	14.698970004336019		0.6081422	[0.44-0.77] unit decrease	NR [13308323] (imputed)	N	celiac disease	http://purl.obolibrary.org/obo/MONDO_0005130	GCST90468120	Genome-wide genotyping array
2025-07-02	39789286	Loya H	2025-01-09	Nat Genet	www.ncbi.nlm.nih.gov/pubmed/39789286	A scalable variational inference approach for increased mixed-model association power.	Coeliac disease	394,626 European ancestry individuals	NA	6p21.33	6	31108307		RNU6-1133P - C6orf15	ENSG00000222895	ENSG00000204542		25198	2916	rs10947134-T	rs10947134	0	10947134	intergenic_variant	1	0.06213176	7E-12	11.154901959985743		0.47829187	[0.33-0.63] unit decrease	NR [13308323] (imputed)	N	celiac disease	http://purl.obolibrary.org/obo/MONDO_0005130	GCST90468120	Genome-wide genotyping array
2025-07-02	39789286	Loya H	2025-01-09	Nat Genet	www.ncbi.nlm.nih.gov/pubmed/39789286	A scalable variational inference approach for increased mixed-model association power.	Coeliac disease	394,626 European ancestry individuals	NA	6p21.32	6	32405535		BTNL2, TSBP1-AS1			ENSG00000204290, ENSG00000225914			rs10947262-T	rs10947262	0	10947262	non_coding_transcript_exon_variant	0	0.06454843	4E-17	16.397940008672037		0.60120994	[0.45-0.75] unit decrease	NR [13308323] (imputed)	N	celiac disease	http://purl.obolibrary.org/obo/MONDO_0005130	GCST90468120	Genome-wide genotyping array
2025-07-02	39789286	Loya H	2025-01-09	Nat Genet	www.ncbi.nlm.nih.gov/pubmed/39789286	A scalable variational inference approach for increased mixed-model association power.	Coeliac disease	394,626 European ancestry individuals	NA	6p21.31	6	33679281		ITPR3			ENSG00000096433			rs10947428-C	rs10947428	0	10947428	intron_variant	0	0.21882933	7E-29	28.154901959985743		0.37293455	[0.3-0.44] unit increase	NR [13308323] (imputed)	N	celiac disease	http://purl.obolibrary.org/obo/MONDO_0005130	GCST90468120	Genome-wide genotyping array
2025-07-02	39789286	Loya H	2025-01-09	Nat Genet	www.ncbi.nlm.nih.gov/pubmed/39789286	A scalable variational inference approach for increased mixed-model association power.	Coeliac disease	394,626 European ancestry individuals	NA	6p21.31	6	34745495		RPS10P13 - SNRPC	ENSG00000217130	ENSG00000124562		822	11959	rs116540964-T	rs116540964	0	116540964	intron_variant	1	0.0161125	1E-19	19.0		0.81182134	[0.62-1] unit increase	NR [13308323] (imputed)	N	celiac disease	http://purl.obolibrary.org/obo/MONDO_0005130	GCST90468120	Genome-wide genotyping array
2025-07-02	39789286	Loya H	2025-01-09	Nat Genet	www.ncbi.nlm.nih.gov/pubmed/39789286	A scalable variational inference approach for increased mixed-model association power.	Coeliac disease	394,626 European ancestry individuals	NA	6p22.1	6	27504247		ZNF184 - HNRNPA1P1	ENSG00000096654	ENSG00000218347		31106	18829	rs12212404-A	rs12212404	0	12212404	intron_variant	1	0.13791937	9E-15	14.045757490560675		0.36374062	[0.26-0.46] unit decrease	NR [13308323] (imputed)	N	celiac disease	http://purl.obolibrary.org/obo/MONDO_0005130	GCST90468120	Genome-wide genotyping array
2025-07-02	39789286	Loya H	2025-01-09	Nat Genet	www.ncbi.nlm.nih.gov/pubmed/39789286	A scalable variational inference approach for increased mixed-model association power.	Coeliac disease	394,626 European ancestry individuals	NA	4q27	4	122629959		IL21-AS1			ENSG00000227145			rs13132308-G	rs13132308	0	13132308	intron_variant	0	0.1750385	1E-14	14.0		0.35114726	[0.26-0.44] unit decrease	NR [13308323] (imputed)	N	celiac disease	http://purl.obolibrary.org/obo/MONDO_0005130	GCST90468120	Genome-wide genotyping array
2025-07-02	39789286	Loya H	2025-01-09	Nat Genet	www.ncbi.nlm.nih.gov/pubmed/39789286	A scalable variational inference approach for increased mixed-model association power.	Coeliac disease	394,626 European ancestry individuals	NA	6p22.2	6	25785998		SLC17A1			ENSG00000124568			rs13213957-C	rs13213957	0	13213957	intron_variant	0	0.09927535	4E-105	104.39794000867204		0.8377303	[0.75-0.92] unit increase	NR [13308323] (imputed)	N	celiac disease	http://purl.obolibrary.org/obo/MONDO_0005130	GCST90468120	Genome-wide genotyping array
2025-07-02	39789286	Loya H	2025-01-09	Nat Genet	www.ncbi.nlm.nih.gov/pubmed/39789286	A scalable variational inference approach for increased mixed-model association power.	Coeliac disease	394,626 European ancestry individuals	NA	6p21.32	6	33178970		COL11A2			ENSG00000204248			rs145499142-A	rs145499142	0	145499142	missense_variant	0	0.00366676	6E-15	14.221848749616356		1.2447149	[0.9-1.59] unit increase	NR [13308323] (imputed)	N	celiac disease	http://purl.obolibrary.org/obo/MONDO_0005130	GCST90468120	Genome-wide genotyping array
2025-07-02	39789286	Loya H	2025-01-09	Nat Genet	www.ncbi.nlm.nih.gov/pubmed/39789286	A scalable variational inference approach for increased mixed-model association power.	Coeliac disease	394,626 European ancestry individuals	NA	6p21.32	6	32998583		BRD2 - HLA-DOA	ENSG00000204256	ENSG00000204252		17078	5595	rs206764-G	rs206764	0	206764	intergenic_variant	1	0.31653315	1E-26	26.0		0.32841268	[0.26-0.39] unit increase	NR [13308323] (imputed)	N	celiac disease	http://purl.obolibrary.org/obo/MONDO_0005130	GCST90468120	Genome-wide genotyping array
2025-07-02	39789286	Loya H	2025-01-09	Nat Genet	www.ncbi.nlm.nih.gov/pubmed/39789286	A scalable variational inference approach for increased mixed-model association power.	Coeliac disease	394,626 European ancestry individuals	NA	6p21.32	6	32849997		PSMB9, TAP1			ENSG00000240065, ENSG00000168394			rs2395269-G	rs2395269	0	2395269	intron_variant	0	0.1347605	1E-21	21.0		0.45875475	[0.36-0.56] unit decrease	NR [13308323] (imputed)	N	celiac disease	http://purl.obolibrary.org/obo/MONDO_0005130	GCST90468120	Genome-wide genotyping array
2025-07-02	39789286	Loya H	2025-01-09	Nat Genet	www.ncbi.nlm.nih.gov/pubmed/39789286	A scalable variational inference approach for increased mixed-model association power.	Coeliac disease	394,626 European ancestry individuals	NA	6p21.33	6	31626404		PRRC2A			ENSG00000204469			rs2844470-T	rs2844470	0	2844470	intron_variant	0	0.06543183	5E-20	19.30102999566398		0.67544746	[0.52-0.83] unit decrease	NR [13308323] (imputed)	N	celiac disease	http://purl.obolibrary.org/obo/MONDO_0005130	GCST90468120	Genome-wide genotyping array
2025-07-02	39789286	Loya H	2025-01-09	Nat Genet	www.ncbi.nlm.nih.gov/pubmed/39789286	A scalable variational inference approach for increased mixed-model association power.	Coeliac disease	394,626 European ancestry individuals	NA	6p21.32	6	32405601		TSBP1-AS1, BTNL2			ENSG00000225914, ENSG00000204290			rs3806155-T	rs3806155	0	3806155	intron_variant	0	0.03594416	2E-12	11.698970004336019		0.6847125	[0.48-0.89] unit decrease	NR [13308323] (imputed)	N	celiac disease	http://purl.obolibrary.org/obo/MONDO_0005130	GCST90468120	Genome-wide genotyping array
2025-07-02	39789286	Loya H	2025-01-09	Nat Genet	www.ncbi.nlm.nih.gov/pubmed/39789286	A scalable variational inference approach for increased mixed-model association power.	Coeliac disease	394,626 European ancestry individuals	NA	6q23.3	6	137643560		BTF3L4P3 - LINC03004	ENSG00000213108	ENSG00000230533		99188	4327	rs62432712-G	rs62432712	0	62432712	intergenic_variant	1	0.22268164	2E-12	11.698970004336019		0.24013399	[0.17-0.31] unit increase	NR [13308323] (imputed)	N	celiac disease	http://purl.obolibrary.org/obo/MONDO_0005130	GCST90468120	Genome-wide genotyping array
2025-07-02	39789286	Loya H	2025-01-09	Nat Genet	www.ncbi.nlm.nih.gov/pubmed/39789286	A scalable variational inference approach for increased mixed-model association power.	Coeliac disease	394,626 European ancestry individuals	NA	6p21.32	6	33028518		HLA-DOA - HLA-DPA1	ENSG00000204252	ENSG00000231389		18924	36051	rs6913838-C	rs6913838	0	6913838	regulatory_region_variant	1	0.40170187	5E-33	32.30102999566398		0.3675207	[0.3-0.43] unit decrease	NR [13308323] (imputed)	N	celiac disease	http://purl.obolibrary.org/obo/MONDO_0005130	GCST90468120	Genome-wide genotyping array
2025-07-02	39789286	Loya H	2025-01-09	Nat Genet	www.ncbi.nlm.nih.gov/pubmed/39789286	A scalable variational inference approach for increased mixed-model association power.	Coeliac disease	394,626 European ancestry individuals	NA	6p21.32	6	32605405		HLA-DRB1 - HLA-DQA1	ENSG00000196126	ENSG00000196735		15557	22774	rs6934638-T	rs6934638	0	6934638	intergenic_variant	1	0.01421815	1E-16	16.0		1.760362	[1.3-2.22] unit decrease	NR [13308323] (imputed)	N	celiac disease	http://purl.obolibrary.org/obo/MONDO_0005130	GCST90468120	Genome-wide genotyping array
2025-07-02	39789286	Loya H	2025-01-09	Nat Genet	www.ncbi.nlm.nih.gov/pubmed/39789286	A scalable variational inference approach for increased mixed-model association power.	Coeliac disease	394,626 European ancestry individuals	NA	6p21.32	6	33087420		HLA-DPB1			ENSG00000223865			rs72500564-T	rs72500564	0	72500564	3_prime_UTR_variant	0	0.20942944	2E-122	121.69897000433602		0.77930105	[0.71-0.85] unit increase	NR [13308323] (imputed)	N	celiac disease	http://purl.obolibrary.org/obo/MONDO_0005130	GCST90468120	Genome-wide genotyping array
2025-07-02	39789286	Loya H	2025-01-09	Nat Genet	www.ncbi.nlm.nih.gov/pubmed/39789286	A scalable variational inference approach for increased mixed-model association power.	Coeliac disease	394,626 European ancestry individuals	NA	6p21.32	6	32633754		HLA-DQA1			ENSG00000196735			rs72848256-G	rs72848256	0	72848256	intergenic_variant	0	0.2019776	3E-100	99.52287874528034		0.90575427	[0.81-1] unit decrease	NR [13308323] (imputed)	N	celiac disease	http://purl.obolibrary.org/obo/MONDO_0005130	GCST90468120	Genome-wide genotyping array
2025-07-02	39789286	Loya H	2025-01-09	Nat Genet	www.ncbi.nlm.nih.gov/pubmed/39789286	A scalable variational inference approach for increased mixed-model association power.	Coeliac disease	394,626 European ancestry individuals	NA	6p21.33	6	31689924		ABHD16A			ENSG00000204427			rs760294-A	rs760294	0	760294	intron_variant	0	0.1048848	4E-29	28.397940008672037		0.6261815	[0.51-0.75] unit decrease	NR [13308323] (imputed)	N	celiac disease	http://purl.obolibrary.org/obo/MONDO_0005130	GCST90468120	Genome-wide genotyping array
2025-07-02	39789286	Loya H	2025-01-09	Nat Genet	www.ncbi.nlm.nih.gov/pubmed/39789286	A scalable variational inference approach for increased mixed-model association power.	Coeliac disease	394,626 European ancestry individuals	NA	6p21.32	6	32676062		HLA-DQB1 - MTCO3P1	ENSG00000179344	ENSG00000235040		7679	30062	rs9275032-C	rs9275032	0	9275032	intergenic_variant	1	0.76521033	3E-68	67.52287874528034		0.6667782	[0.58-0.75] unit increase	NR [13308323] (imputed)	N	celiac disease	http://purl.obolibrary.org/obo/MONDO_0005130	GCST90468120	Genome-wide genotyping array
2025-07-02	39789286	Loya H	2025-01-09	Nat Genet	www.ncbi.nlm.nih.gov/pubmed/39789286	A scalable variational inference approach for increased mixed-model association power.	Coeliac disease	394,626 European ancestry individuals	NA	6p21.32	6	32997190		BRD2 - HLA-DOA	ENSG00000204256	ENSG00000204252		15685	6988	rs9276964-G	rs9276964	0	9276964	intergenic_variant	1	0.2273685	1E-24	24.0		0.3854504	[0.3-0.47] unit decrease	NR [13308323] (imputed)	N	celiac disease	http://purl.obolibrary.org/obo/MONDO_0005130	GCST90468120	Genome-wide genotyping array
2025-07-02	39789286	Loya H	2025-01-09	Nat Genet	www.ncbi.nlm.nih.gov/pubmed/39789286	A scalable variational inference approach for increased mixed-model association power.	Coeliac disease	394,626 European ancestry individuals	NA	6p21.32	6	33114046		HLA-DPB2			ENSG00000224557			rs9277626-G	rs9277626	0	9277626	intron_variant	0	0.2809473	2E-13	12.698970004336019		0.2519311	[0.18-0.33] unit decrease	NR [13308323] (imputed)	N	celiac disease	http://purl.obolibrary.org/obo/MONDO_0005130	GCST90468120	Genome-wide genotyping array
2025-07-02	39789286	Loya H	2025-01-09	Nat Genet	www.ncbi.nlm.nih.gov/pubmed/39789286	A scalable variational inference approach for increased mixed-model association power.	Coeliac disease	394,626 European ancestry individuals	NA	6p21.32	6	32459588		HLA-DRA - HLA-DRB9	ENSG00000204287	ENSG00000196301		14541	233	rs28732228-C	rs28732228	0	28732228	intron_variant	1	0.04826105	4E-44	43.39794000867204		1.4475912	[1.22-1.67] unit decrease	NR [13308323] (imputed)	N	celiac disease	http://purl.obolibrary.org/obo/MONDO_0005130	GCST90468120	Genome-wide genotyping array
2025-07-02	39789286	Loya H	2025-01-09	Nat Genet	www.ncbi.nlm.nih.gov/pubmed/39789286	A scalable variational inference approach for increased mixed-model association power.	Coeliac disease	394,626 European ancestry individuals	NA	6p21.33	6	31851802		SNHG32 - NEU1	ENSG00000204387	ENSG00000204386		12036	5261	rs55704201-A	rs55704201	0	55704201	intergenic_variant	1	0.0348533	2E-12	11.698970004336019		0.71323484	[0.49-0.93] unit decrease	NR [13308323] (imputed)	N	celiac disease	http://purl.obolibrary.org/obo/MONDO_0005130	GCST90468120	Genome-wide genotyping array
2025-07-02	39789286	Loya H	2025-01-09	Nat Genet	www.ncbi.nlm.nih.gov/pubmed/39789286	A scalable variational inference approach for increased mixed-model association power.	Coeliac disease	394,626 European ancestry individuals	NA	6p21.31	6	33852282		LINC01016			ENSG00000249346			rs6457742-T	rs6457742	0	6457742	regulatory_region_variant	0	0.44156075	4E-16	15.397940008672037		0.243315	[0.18-0.31] unit increase	NR [13308323] (imputed)	N	celiac disease	http://purl.obolibrary.org/obo/MONDO_0005130	GCST90468120	Genome-wide genotyping array
2025-07-02	39789286	Loya H	2025-01-09	Nat Genet	www.ncbi.nlm.nih.gov/pubmed/39789286	A scalable variational inference approach for increased mixed-model association power.	Coeliac disease	394,626 European ancestry individuals	NA	6p21.32	6	32784784		HLA-DQB2 - HLA-DOB	ENSG00000232629	ENSG00000241106		21241	27979	rs719656-A	rs719656	0	719656	intergenic_variant	1	0.0340296	3E-14	13.522878745280337		0.7875386	[0.56-1.01] unit decrease	NR [13308323] (imputed)	N	celiac disease	http://purl.obolibrary.org/obo/MONDO_0005130	GCST90468120	Genome-wide genotyping array
2025-07-02	39789286	Loya H	2025-01-09	Nat Genet	www.ncbi.nlm.nih.gov/pubmed/39789286	A scalable variational inference approach for increased mixed-model association power.	Coeliac disease	394,626 European ancestry individuals	NA	6p21.31	6	33919106		LINC01016			ENSG00000249346			rs760800568-G	rs760800568	0	760800568	intron_variant	0	0.29834056	8E-14	13.096910013008056		0.2346408	[0.17-0.3] unit increase	NR [13308323] (imputed)	N	celiac disease	http://purl.obolibrary.org/obo/MONDO_0005130	GCST90468120	Genome-wide genotyping array
2025-07-02	39789286	Loya H	2025-01-09	Nat Genet	www.ncbi.nlm.nih.gov/pubmed/39789286	A scalable variational inference approach for increased mixed-model association power.	Coeliac disease	394,626 European ancestry individuals	NA	6p21.33	6	31358401		HLA-B			ENSG00000234745			rs184227609-C	rs184227609	0	184227609	intron_variant	0	0.0282236	8E-16	15.096910013008056		0.98024267	[0.72-1.24] unit decrease	NR [13308323] (imputed)	N	celiac disease	http://purl.obolibrary.org/obo/MONDO_0005130	GCST90468120	Genome-wide genotyping array
2026-02-02	39024449	Verma A	2024-07-19	Science	www.ncbi.nlm.nih.gov/pubmed/39024449	Diversity and scale: Genetic architecture of 2068 traits in the VA Million Veteran Program.	Takes medication for celiac disease/sprue?	243 African American or Afro-Caribbean cases, 55,262 African American or Afro-Caribbean controls, 832 European ancestry cases, 314,836 European ancestry controls	NA	1q32.1	1	200699256		DDX59-AS1 - CAMSAP2	ENSG00000260088	ENSG00000118200		5006	39637	rs530510527-C	rs530510527	0	530510527	intergenic_variant	1	0.9988	2E-12	11.698970004336019		2.326	[2.28-2.37] unit decrease	NR [44300000] (imputed)	N	drug use measurement, celiac disease	http://www.ebi.ac.uk/efo/EFO_0007010, http://purl.obolibrary.org/obo/MONDO_0005130	GCST90479614	Genome-wide genotyping array
2026-02-02	39024449	Verma A	2024-07-19	Science	www.ncbi.nlm.nih.gov/pubmed/39024449	Diversity and scale: Genetic architecture of 2068 traits in the VA Million Veteran Program.	Takes medication for celiac disease/sprue?	243 African American or Afro-Caribbean cases, 55,262 African American or Afro-Caribbean controls, 832 European ancestry cases, 314,836 European ancestry controls	NA	3q25.2	3	154460199		GPR149 - SYPL1P1	ENSG00000174948	ENSG00000243154		30009	191457	rs187313455-C	rs187313455	0	187313455	intergenic_variant	1	0.9995	3E-11	10.522878745280337		2.49	[2.45-2.53] unit decrease	NR [44300000] (imputed)	N	drug use measurement, celiac disease	http://www.ebi.ac.uk/efo/EFO_0007010, http://purl.obolibrary.org/obo/MONDO_0005130	GCST90479614	Genome-wide genotyping array
2026-02-02	39024449	Verma A	2024-07-19	Science	www.ncbi.nlm.nih.gov/pubmed/39024449	Diversity and scale: Genetic architecture of 2068 traits in the VA Million Veteran Program.	Takes medication for celiac disease/sprue?	243 African American or Afro-Caribbean cases, 55,262 African American or Afro-Caribbean controls, 832 European ancestry cases, 314,836 European ancestry controls	NA	5q13.3	5	76891882		S100Z			ENSG00000171643			rs552995590-G	rs552995590	0	552995590	intron_variant	0	0.999	3E-11	10.522878745280337		2.084	[2.03-2.14] unit decrease	NR [44300000] (imputed)	N	drug use measurement, celiac disease	http://www.ebi.ac.uk/efo/EFO_0007010, http://purl.obolibrary.org/obo/MONDO_0005130	GCST90479614	Genome-wide genotyping array
2026-02-02	39024449	Verma A	2024-07-19	Science	www.ncbi.nlm.nih.gov/pubmed/39024449	Diversity and scale: Genetic architecture of 2068 traits in the VA Million Veteran Program.	Takes medication for celiac disease/sprue?	243 African American or Afro-Caribbean cases, 55,262 African American or Afro-Caribbean controls, 832 European ancestry cases, 314,836 European ancestry controls	NA	15q12	15	26796209		GABRB3			ENSG00000166206			rs142371477-C	rs142371477	0	142371477	intron_variant	0	0.9994	5E-12	11.301029995663981		2.36	[2.31-2.41] unit decrease	NR [44300000] (imputed)	N	drug use measurement, celiac disease	http://www.ebi.ac.uk/efo/EFO_0007010, http://purl.obolibrary.org/obo/MONDO_0005130	GCST90479614	Genome-wide genotyping array
2026-02-02	39024449	Verma A	2024-07-19	Science	www.ncbi.nlm.nih.gov/pubmed/39024449	Diversity and scale: Genetic architecture of 2068 traits in the VA Million Veteran Program.	Takes medication for celiac disease/sprue?	243 African American or Afro-Caribbean cases, 55,262 African American or Afro-Caribbean controls, 832 European ancestry cases, 314,836 European ancestry controls	NA	16q23.1	16	74447619		GLG1			ENSG00000090863			rs562331457-G	rs562331457	0	562331457	3_prime_UTR_variant	0	0.9993	4E-11	10.397940008672037		2.91	[2.88-2.94] unit decrease	NR [44300000] (imputed)	N	drug use measurement, celiac disease	http://www.ebi.ac.uk/efo/EFO_0007010, http://purl.obolibrary.org/obo/MONDO_0005130	GCST90479614	Genome-wide genotyping array
2026-05-28	41298473	Koyama S	2025-11-26	Nat Commun	www.ncbi.nlm.nih.gov/pubmed/41298473	Genetics and context for precision health in Greater Boston.	Celiac disease	772 African-like, Admixed American-like, European-like or unknown ancestry cases, 51,602 African-like, Admixed American-like, European-like or unknown ancestry controls	NA	6p21.32	6	32667420		HLA-DQB1			ENSG00000179344			rs4988888-?	rs4988888	0	4988888	intergenic_variant	0	NR	7E-47	46.15490195998574		2.14	[1.94-2.35]	Illumina [NR] (imputed)	N	celiac disease	http://purl.obolibrary.org/obo/MONDO_0005130	GCST90837476	Genome-wide genotyping array
2021-12-01	34737426	Jiang L	2021-11-04	Nat Genet	www.ncbi.nlm.nih.gov/pubmed/34737426	A generalized linear mixed model association tool for biobank-scale data.	Celiac disease (PheCode 557.1)	1,036 European ancestry cases, 455,312 European ancestry controls	NA	6p21.32	6	32368768		TSBP1-AS1, TSBP1			ENSG00000225914, ENSG00000204296			rs113857285-A	rs113857285	0	113857285	intron_variant	0	0.002145	8E-10	9.096910013008056		4.04	[2.75-5.33] unit increase	NR [11842647] (imputed)	N	celiac disease	http://purl.obolibrary.org/obo/MONDO_0005130	GCST90044158	Genome-wide genotyping array
2021-12-01	34737426	Jiang L	2021-11-04	Nat Genet	www.ncbi.nlm.nih.gov/pubmed/34737426	A generalized linear mixed model association tool for biobank-scale data.	Celiac disease (PheCode 557.1)	1,036 European ancestry cases, 455,312 European ancestry controls	NA	6p21.31	6	33888840		LINC01016			ENSG00000249346			rs190732321-T	rs190732321	0	190732321	intergenic_variant	0	0.005759	1E-9	9.0		2.15	[1.46-2.84] unit increase	NR [11842647] (imputed)	N	celiac disease	http://purl.obolibrary.org/obo/MONDO_0005130	GCST90044158	Genome-wide genotyping array
