DATE ADDED TO CATALOG	PUBMEDID	FIRST AUTHOR	DATE	JOURNAL	LINK	STUDY	DISEASE/TRAIT	INITIAL SAMPLE SIZE	REPLICATION SAMPLE SIZE	REGION	CHR_ID	CHR_POS	REPORTED GENE(S)	MAPPED_GENE	UPSTREAM_GENE_ID	DOWNSTREAM_GENE_ID	SNP_GENE_IDS	UPSTREAM_GENE_DISTANCE	DOWNSTREAM_GENE_DISTANCE	STRONGEST SNP-RISK ALLELE	SNPS	MERGED	SNP_ID_CURRENT	CONTEXT	INTERGENIC	RISK ALLELE FREQUENCY	P-VALUE	PVALUE_MLOG	P-VALUE (TEXT)	OR or BETA	95% CI (TEXT)	PLATFORM [SNPS PASSING QC]	CNV	MAPPED_TRAIT	MAPPED_TRAIT_URI	STUDY ACCESSION	GENOTYPING TECHNOLOGY
2017-12-20	29109912	Rawofi L	2017-11-02	PeerJ	www.ncbi.nlm.nih.gov/pubmed/29109912	Genome-wide association study of pigmentary traits (skin and iris color) in individuals of East Asian ancestry.	Iris color (b* coordinate)	377 East Asian ancestry individuals	NA	4q13.3	4	73492560	AFM	AFM			ENSG00000079557			rs12510870-C	rs12510870	0	12510870	intron_variant	0	0.19	4E-7	6.3979400086720375		0.495853	[0.31-0.68] unit decrease	Illumina [at least 520076] (imputed)	N	eye color	http://www.ebi.ac.uk/efo/EFO_0003949	GCST005096	Genome-wide genotyping array
2017-12-20	29109912	Rawofi L	2017-11-02	PeerJ	www.ncbi.nlm.nih.gov/pubmed/29109912	Genome-wide association study of pigmentary traits (skin and iris color) in individuals of East Asian ancestry.	Iris color (b* coordinate)	377 East Asian ancestry individuals	NA	4q25	4	110457206	ENPEP	ENPEP			ENSG00000138792			rs1996603-A	rs1996603	0	1996603	intergenic_variant	0	0.779	2E-6	5.698970004336019		0.450736	[0.27-0.63] unit increase	Illumina [at least 520076] (imputed)	N	eye color	http://www.ebi.ac.uk/efo/EFO_0003949	GCST005096	Genome-wide genotyping array
2017-12-20	29109912	Rawofi L	2017-11-02	PeerJ	www.ncbi.nlm.nih.gov/pubmed/29109912	Genome-wide association study of pigmentary traits (skin and iris color) in individuals of East Asian ancestry.	Iris color (b* coordinate)	377 East Asian ancestry individuals	NA	5q14.2	5	82749027	intergenic	ATP6AP1L - RPL5P16	ENSG00000205464	ENSG00000240411		430727	28770	rs72763726-T	rs72763726	0	72763726	regulatory_region_variant	1	0.09	5E-7	6.301029995663981		0.690923	[0.43-0.95] unit increase	Illumina [at least 520076] (imputed)	N	eye color	http://www.ebi.ac.uk/efo/EFO_0003949	GCST005096	Genome-wide genotyping array
2017-12-20	29109912	Rawofi L	2017-11-02	PeerJ	www.ncbi.nlm.nih.gov/pubmed/29109912	Genome-wide association study of pigmentary traits (skin and iris color) in individuals of East Asian ancestry.	Iris color (b* coordinate)	377 East Asian ancestry individuals	NA	5q23.1	5	119680719	CTC-507E12.1	TUBAP15 - RNU6-718P	ENSG00000250895	ENSG00000251975		27719	656830	rs330203-G	rs330203	0	330203	non_coding_transcript_exon_variant	1	0.5	3E-6	5.522878745280337		0.354629	[0.21-0.5] unit decrease	Illumina [at least 520076] (imputed)	N	eye color	http://www.ebi.ac.uk/efo/EFO_0003949	GCST005096	Genome-wide genotyping array
2017-12-20	29109912	Rawofi L	2017-11-02	PeerJ	www.ncbi.nlm.nih.gov/pubmed/29109912	Genome-wide association study of pigmentary traits (skin and iris color) in individuals of East Asian ancestry.	Iris color (b* coordinate)	377 East Asian ancestry individuals	NA	8p23.2	8	3241118	CSMD1	CSMD1			ENSG00000183117			rs141034411-A	rs141034411	0	141034411	intron_variant	0	0.413	4E-6	5.3979400086720375		0.352648	[0.21-0.5] unit increase	Illumina [at least 520076] (imputed)	N	eye color	http://www.ebi.ac.uk/efo/EFO_0003949	GCST005096	Genome-wide genotyping array
2017-12-20	29109912	Rawofi L	2017-11-02	PeerJ	www.ncbi.nlm.nih.gov/pubmed/29109912	Genome-wide association study of pigmentary traits (skin and iris color) in individuals of East Asian ancestry.	Iris color (b* coordinate)	377 East Asian ancestry individuals	NA	10q22.1	10	69392335	HK1	HK1			ENSG00000156515			rs2278745-C	rs2278745	0	2278745	intron_variant	0	0.602	3E-7	6.522878745280337		0.394833	[0.25-0.54] unit decrease	Illumina [at least 520076] (imputed)	N	eye color	http://www.ebi.ac.uk/efo/EFO_0003949	GCST005096	Genome-wide genotyping array
2017-12-20	29109912	Rawofi L	2017-11-02	PeerJ	www.ncbi.nlm.nih.gov/pubmed/29109912	Genome-wide association study of pigmentary traits (skin and iris color) in individuals of East Asian ancestry.	Iris color (b* coordinate)	377 East Asian ancestry individuals	NA	15q13.1	15	27950999	OCA2	OCA2			ENSG00000104044			rs76930569-T	rs76930569	0	76930569	intron_variant	0	0.623	5E-12	11.301029995663981		0.526823	[0.38-0.67] unit increase	Illumina [at least 520076] (imputed)	N	eye color	http://www.ebi.ac.uk/efo/EFO_0003949	GCST005096	Genome-wide genotyping array
2017-12-20	29109912	Rawofi L	2017-11-02	PeerJ	www.ncbi.nlm.nih.gov/pubmed/29109912	Genome-wide association study of pigmentary traits (skin and iris color) in individuals of East Asian ancestry.	Iris heterochromicity	377 East Asian ancestry individuals	NA	2p25.3	2	2788303	intergenic	MYT1L - LINC01250	ENSG00000186487	ENSG00000234423		456639	105266	rs72776813-A	rs72776813	0	72776813	intron_variant	1	0.210892	4E-7	6.3979400086720375		0.481	[0.3-0.66] unit decrease	Illumina [at least 520076] (imputed)	N	eye color	http://www.ebi.ac.uk/efo/EFO_0003949	GCST005095	Genome-wide genotyping array
2017-12-20	29109912	Rawofi L	2017-11-02	PeerJ	www.ncbi.nlm.nih.gov/pubmed/29109912	Genome-wide association study of pigmentary traits (skin and iris color) in individuals of East Asian ancestry.	Iris heterochromicity	377 East Asian ancestry individuals	NA	4q25	4	110379206	ENPEP	ENPEP			ENSG00000138792			rs243946-T	rs243946	0	243946	intergenic_variant	0	0.480921	8E-6	5.096910013008056		0.339	[0.19-0.49] unit decrease	Illumina [at least 520076] (imputed)	N	eye color	http://www.ebi.ac.uk/efo/EFO_0003949	GCST005095	Genome-wide genotyping array
2017-12-20	29109912	Rawofi L	2017-11-02	PeerJ	www.ncbi.nlm.nih.gov/pubmed/29109912	Genome-wide association study of pigmentary traits (skin and iris color) in individuals of East Asian ancestry.	Iris heterochromicity	377 East Asian ancestry individuals	NA	8q24.21	8	129616360	CCDC26	CCDC26			ENSG00000229140			rs16904127-A	rs16904127	0	16904127	intergenic_variant	0	0.469006	7E-6	5.154901959985743		0.359	[0.2-0.51] unit decrease	Illumina [at least 520076] (imputed)	N	eye color	http://www.ebi.ac.uk/efo/EFO_0003949	GCST005095	Genome-wide genotyping array
2017-12-20	29109912	Rawofi L	2017-11-02	PeerJ	www.ncbi.nlm.nih.gov/pubmed/29109912	Genome-wide association study of pigmentary traits (skin and iris color) in individuals of East Asian ancestry.	Iris heterochromicity	377 East Asian ancestry individuals	NA	10q25.1	10	108681391	intergenic	LINC01435 - LINC02661	ENSG00000229981	ENSG00000223381		159248	27148	rs7914735-T	rs7914735	0	7914735	intergenic_variant	1	0.536842	3E-6	5.522878745280337		0.356	[0.21-0.5] unit decrease	Illumina [at least 520076] (imputed)	N	eye color	http://www.ebi.ac.uk/efo/EFO_0003949	GCST005095	Genome-wide genotyping array
2017-12-20	29109912	Rawofi L	2017-11-02	PeerJ	www.ncbi.nlm.nih.gov/pubmed/29109912	Genome-wide association study of pigmentary traits (skin and iris color) in individuals of East Asian ancestry.	Iris heterochromicity	377 East Asian ancestry individuals	NA				intergenic							chr14:106875131-G	chr14:106875131	0			1	0.521711	6E-6	5.221848749616356		0.374	[0.22-0.53] unit decrease	Illumina [at least 520076] (imputed)	N	eye color	http://www.ebi.ac.uk/efo/EFO_0003949	GCST005095	Genome-wide genotyping array
2017-12-20	29109912	Rawofi L	2017-11-02	PeerJ	www.ncbi.nlm.nih.gov/pubmed/29109912	Genome-wide association study of pigmentary traits (skin and iris color) in individuals of East Asian ancestry.	Iris heterochromicity	377 East Asian ancestry individuals	NA	19p13.2	19	9015792	intergenic	MUC16 - BOLA3P2	ENSG00000181143	ENSG00000267332		5402	3552	rs11667379-C	rs11667379	0	11667379	intergenic_variant	1	0.411039	3E-6	5.522878745280337		0.348	[0.2-0.49] unit increase	Illumina [at least 520076] (imputed)	N	eye color	http://www.ebi.ac.uk/efo/EFO_0003949	GCST005095	Genome-wide genotyping array
2017-12-20	29109912	Rawofi L	2017-11-02	PeerJ	www.ncbi.nlm.nih.gov/pubmed/29109912	Genome-wide association study of pigmentary traits (skin and iris color) in individuals of East Asian ancestry.	Iris color (L* coordinate)	377 East Asian ancestry individuals	NA	1q42.12	1	226609725	C1orf95	STUM - ITPKB	ENSG00000203685	ENSG00000143772		495	21963	rs6664080-C	rs6664080	0	6664080	intergenic_variant	1	0.29693	8E-6	5.096910013008056		0.361866	[0.21-0.52] unit increase	Illumina [at least 520076] (imputed)	N	eye color	http://www.ebi.ac.uk/efo/EFO_0003949	GCST005094	Genome-wide genotyping array
2017-12-20	29109912	Rawofi L	2017-11-02	PeerJ	www.ncbi.nlm.nih.gov/pubmed/29109912	Genome-wide association study of pigmentary traits (skin and iris color) in individuals of East Asian ancestry.	Iris color (L* coordinate)	377 East Asian ancestry individuals	NA	3p22.2	3	36910407	TRANK1	TRANK1			ENSG00000168016			rs4425211-G	rs4425211	0	4425211	intron_variant	0	0.0715643	7E-6	5.154901959985743		0.676012	[0.39-0.97] unit decrease	Illumina [at least 520076] (imputed)	N	eye color	http://www.ebi.ac.uk/efo/EFO_0003949	GCST005094	Genome-wide genotyping array
2017-12-20	29109912	Rawofi L	2017-11-02	PeerJ	www.ncbi.nlm.nih.gov/pubmed/29109912	Genome-wide association study of pigmentary traits (skin and iris color) in individuals of East Asian ancestry.	Iris color (L* coordinate)	377 East Asian ancestry individuals	NA	4p14	4	41041853	APBB2	APBB2			ENSG00000163697			rs12501370-C	rs12501370	0	12501370	intron_variant	0	0.555848	7E-6	5.154901959985743		0.332256	[0.19-0.47] unit decrease	Illumina [at least 520076] (imputed)	N	eye color	http://www.ebi.ac.uk/efo/EFO_0003949	GCST005094	Genome-wide genotyping array
2017-12-20	29109912	Rawofi L	2017-11-02	PeerJ	www.ncbi.nlm.nih.gov/pubmed/29109912	Genome-wide association study of pigmentary traits (skin and iris color) in individuals of East Asian ancestry.	Iris color (L* coordinate)	377 East Asian ancestry individuals	NA	5p15.2	5	10136023	CTD-2199O4.1	LINC02112 - ATPSCKMT	ENSG00000249781	ENSG00000150756		232154	89484	rs2658084-T	rs2658084	0	2658084	intergenic_variant	1	0.835307	2E-6	5.698970004336019		0.501949	[0.3-0.71] unit decrease	Illumina [at least 520076] (imputed)	N	eye color	http://www.ebi.ac.uk/efo/EFO_0003949	GCST005094	Genome-wide genotyping array
2017-12-20	29109912	Rawofi L	2017-11-02	PeerJ	www.ncbi.nlm.nih.gov/pubmed/29109912	Genome-wide association study of pigmentary traits (skin and iris color) in individuals of East Asian ancestry.	Iris color (L* coordinate)	377 East Asian ancestry individuals	NA	5q31.1	5	134067204	intergenic	VDAC1 - TCF7	ENSG00000213585	ENSG00000081059		61844	47477	rs113633047-T	rs113633047	0	113633047	intron_variant	1	0.281652	2E-6	5.698970004336019		0.418911	[0.25-0.59] unit increase	Illumina [at least 520076] (imputed)	N	eye color	http://www.ebi.ac.uk/efo/EFO_0003949	GCST005094	Genome-wide genotyping array
2017-12-20	29109912	Rawofi L	2017-11-02	PeerJ	www.ncbi.nlm.nih.gov/pubmed/29109912	Genome-wide association study of pigmentary traits (skin and iris color) in individuals of East Asian ancestry.	Iris color (L* coordinate)	377 East Asian ancestry individuals	NA	6p22.2	6	25505389	LRRC16A	CARMIL1			ENSG00000079691			rs6924266-T	rs6924266	0	6924266	intron_variant	0	0.232895	4E-6	5.3979400086720375		0.407769	[0.24-0.58] unit decrease	Illumina [at least 520076] (imputed)	N	eye color	http://www.ebi.ac.uk/efo/EFO_0003949	GCST005094	Genome-wide genotyping array
2017-12-20	29109912	Rawofi L	2017-11-02	PeerJ	www.ncbi.nlm.nih.gov/pubmed/29109912	Genome-wide association study of pigmentary traits (skin and iris color) in individuals of East Asian ancestry.	Iris color (L* coordinate)	377 East Asian ancestry individuals	NA				intergenic							chr6:32626040-T	chr6: 32626040	0			1	0.0748538	5E-6	5.301029995663981		0.639914	[0.37-0.91] unit decrease	Illumina [at least 520076] (imputed)	N	eye color	http://www.ebi.ac.uk/efo/EFO_0003949	GCST005094	Genome-wide genotyping array
2017-12-20	29109912	Rawofi L	2017-11-02	PeerJ	www.ncbi.nlm.nih.gov/pubmed/29109912	Genome-wide association study of pigmentary traits (skin and iris color) in individuals of East Asian ancestry.	Iris color (L* coordinate)	377 East Asian ancestry individuals	NA	6q21	6	107758391	SCML4	SCML4			ENSG00000146285			rs9373973-A	rs9373973	0	9373973	intron_variant	0	0.184795	7E-6	5.154901959985743		0.453617	[0.26-0.65] unit decrease	Illumina [at least 520076] (imputed)	N	eye color	http://www.ebi.ac.uk/efo/EFO_0003949	GCST005094	Genome-wide genotyping array
2017-12-20	29109912	Rawofi L	2017-11-02	PeerJ	www.ncbi.nlm.nih.gov/pubmed/29109912	Genome-wide association study of pigmentary traits (skin and iris color) in individuals of East Asian ancestry.	Iris color (L* coordinate)	377 East Asian ancestry individuals	NA	8q22.1	8	96058113	intergenic	SRSF3P2 - GAPDHP30	ENSG00000254079	ENSG00000183663		109880	10616	rs145048184-T	rs145048184	0	145048184	intron_variant	1	0.0836988	6E-6	5.221848749616356		0.643007	[0.37-0.92] unit increase	Illumina [at least 520076] (imputed)	N	eye color	http://www.ebi.ac.uk/efo/EFO_0003949	GCST005094	Genome-wide genotyping array
2017-12-20	29109912	Rawofi L	2017-11-02	PeerJ	www.ncbi.nlm.nih.gov/pubmed/29109912	Genome-wide association study of pigmentary traits (skin and iris color) in individuals of East Asian ancestry.	Iris color (L* coordinate)	377 East Asian ancestry individuals	NA	11q24.3	11	129065133	ARHGAP32	ARHGAP32			ENSG00000134909			rs610106-C	rs610106	0	610106	intron_variant	0	0.814401	7E-6	5.154901959985743		0.439559	[0.25-0.63] unit increase	Illumina [at least 520076] (imputed)	N	eye color	http://www.ebi.ac.uk/efo/EFO_0003949	GCST005094	Genome-wide genotyping array
2017-12-20	29109912	Rawofi L	2017-11-02	PeerJ	www.ncbi.nlm.nih.gov/pubmed/29109912	Genome-wide association study of pigmentary traits (skin and iris color) in individuals of East Asian ancestry.	Iris color (L* coordinate)	377 East Asian ancestry individuals	NA	12q23.1	12	97791470	intergenic	PAFAH1B2P2			ENSG00000293309			rs249625-G	rs249625	0	249625	intron_variant	0	0.583626	3E-6	5.522878745280337		0.36429	[0.21-0.51] unit decrease	Illumina [at least 520076] (imputed)	N	eye color	http://www.ebi.ac.uk/efo/EFO_0003949	GCST005094	Genome-wide genotyping array
2017-12-20	29109912	Rawofi L	2017-11-02	PeerJ	www.ncbi.nlm.nih.gov/pubmed/29109912	Genome-wide association study of pigmentary traits (skin and iris color) in individuals of East Asian ancestry.	Iris color (L* coordinate)	377 East Asian ancestry individuals	NA	15q13.1	15	27951891	OCA2	OCA2			ENSG00000104044			rs1800414-C	rs1800414	0	1800414	missense_variant	0	0.618641	2E-6	5.698970004336019		0.375176	[0.22-0.53] unit increase	Illumina [at least 520076] (imputed)	N	eye color	http://www.ebi.ac.uk/efo/EFO_0003949	GCST005094	Genome-wide genotyping array
2017-12-20	29109912	Rawofi L	2017-11-02	PeerJ	www.ncbi.nlm.nih.gov/pubmed/29109912	Genome-wide association study of pigmentary traits (skin and iris color) in individuals of East Asian ancestry.	Iris color (L* coordinate)	377 East Asian ancestry individuals	NA	20q13.31	20	57126635	intergenic	RNU6-929P - BMP7	ENSG00000207158	ENSG00000101144		340548	42118	rs75161997-T	rs75161997	0	75161997	intergenic_variant	1	0.0600146	8E-6	5.096910013008056		0.731556	[0.42-1.05] unit decrease	Illumina [at least 520076] (imputed)	N	eye color	http://www.ebi.ac.uk/efo/EFO_0003949	GCST005094	Genome-wide genotyping array
2017-12-20	29109912	Rawofi L	2017-11-02	PeerJ	www.ncbi.nlm.nih.gov/pubmed/29109912	Genome-wide association study of pigmentary traits (skin and iris color) in individuals of East Asian ancestry.	Iris color (L* coordinate)	377 East Asian ancestry individuals	NA	21q22.13	21	36639378	intergenic	LNCTSI - SIM2	ENSG00000230479	ENSG00000159263		11943	59737	rs8131065-T	rs8131065	0	8131065	intron_variant	1	0.21462	5E-6	5.301029995663981		0.418525	[0.24-0.59] unit decrease	Illumina [at least 520076] (imputed)	N	eye color	http://www.ebi.ac.uk/efo/EFO_0003949	GCST005094	Genome-wide genotyping array
2017-12-20	29109912	Rawofi L	2017-11-02	PeerJ	www.ncbi.nlm.nih.gov/pubmed/29109912	Genome-wide association study of pigmentary traits (skin and iris color) in individuals of East Asian ancestry.	Iris color (a* coordinate)	377 East Asian ancestry individuals	NA	10q22.1	10	69392335	HK1	HK1			ENSG00000156515			rs2278745-C	rs2278745	0	2278745	intron_variant	0	0.602	6E-6	5.221848749616356		0.395	[0.25-0.54] unit decrease	Illumina [at least 520076] (imputed)	N	eye color	http://www.ebi.ac.uk/efo/EFO_0003949	GCST005093	Genome-wide genotyping array
2017-12-20	29109912	Rawofi L	2017-11-02	PeerJ	www.ncbi.nlm.nih.gov/pubmed/29109912	Genome-wide association study of pigmentary traits (skin and iris color) in individuals of East Asian ancestry.	Iris color (a* coordinate)	377 East Asian ancestry individuals	NA	8q22.1	8	96058113	intergenic	SRSF3P2 - GAPDHP30	ENSG00000254079	ENSG00000183663		109880	10616	rs145048184-T	rs145048184	0	145048184	intron_variant	1	0.084	9E-6	5.045757490560675		0.643	[0.37-0.92] unit increase	Illumina [at least 520076] (imputed)	N	eye color	http://www.ebi.ac.uk/efo/EFO_0003949	GCST005093	Genome-wide genotyping array
2017-12-20	29109912	Rawofi L	2017-11-02	PeerJ	www.ncbi.nlm.nih.gov/pubmed/29109912	Genome-wide association study of pigmentary traits (skin and iris color) in individuals of East Asian ancestry.	Iris color (a* coordinate)	377 East Asian ancestry individuals	NA	4q25	4	110478442	ENPEP	ENPEP			ENSG00000138792			rs55821297-G	rs55821297	0	55821297	intron_variant	0	0.770687	4E-6	5.3979400086720375		0.435	[0.25-0.62] unit increase	Illumina [at least 520076] (imputed)	N	eye color	http://www.ebi.ac.uk/efo/EFO_0003949	GCST005093	Genome-wide genotyping array
2017-12-20	29109912	Rawofi L	2017-11-02	PeerJ	www.ncbi.nlm.nih.gov/pubmed/29109912	Genome-wide association study of pigmentary traits (skin and iris color) in individuals of East Asian ancestry.	Iris color (a* coordinate)	377 East Asian ancestry individuals	NA	5q14.2	5	82749027	intergenic	ATP6AP1L - RPL5P16	ENSG00000205464	ENSG00000240411		430727	28770	rs72763726-T	rs72763726	0	72763726	regulatory_region_variant	1	0.0899124	2E-6	5.698970004336019		0.652	[0.39-0.92] unit increase	Illumina [at least 520076] (imputed)	N	eye color	http://www.ebi.ac.uk/efo/EFO_0003949	GCST005093	Genome-wide genotyping array
2017-12-20	29109912	Rawofi L	2017-11-02	PeerJ	www.ncbi.nlm.nih.gov/pubmed/29109912	Genome-wide association study of pigmentary traits (skin and iris color) in individuals of East Asian ancestry.	Iris color (a* coordinate)	377 East Asian ancestry individuals	NA	5q23.1	5	119680719	CTC-507E12.1	TUBAP15 - RNU6-718P	ENSG00000250895	ENSG00000251975		27719	656830	rs330203-G	rs330203	0	330203	non_coding_transcript_exon_variant	1	0.499635	7E-6	5.154901959985743		0.343	[0.2-0.49] unit decrease	Illumina [at least 520076] (imputed)	N	eye color	http://www.ebi.ac.uk/efo/EFO_0003949	GCST005093	Genome-wide genotyping array
2017-12-20	29109912	Rawofi L	2017-11-02	PeerJ	www.ncbi.nlm.nih.gov/pubmed/29109912	Genome-wide association study of pigmentary traits (skin and iris color) in individuals of East Asian ancestry.	Iris color (a* coordinate)	377 East Asian ancestry individuals	NA	6q12	6	64801388	EYS	EYS			ENSG00000188107			rs9345521-A	rs9345521	0	9345521	intron_variant	0	0.466593	3E-6	5.522878745280337		0.352	[0.21-0.5] unit increase	Illumina [at least 520076] (imputed)	N	eye color	http://www.ebi.ac.uk/efo/EFO_0003949	GCST005093	Genome-wide genotyping array
2017-12-20	29109912	Rawofi L	2017-11-02	PeerJ	www.ncbi.nlm.nih.gov/pubmed/29109912	Genome-wide association study of pigmentary traits (skin and iris color) in individuals of East Asian ancestry.	Iris color (a* coordinate)	377 East Asian ancestry individuals	NA	6q22.31	6	119847094	intergenic	MAN1A1 - MIR3144	ENSG00000111885	ENSG00000265725		497327	168085	rs78001527-C	rs78001527	0	78001527	intergenic_variant	1	0.0739035	4E-6	5.3979400086720375		0.686	[0.4-0.97] unit decrease	Illumina [at least 520076] (imputed)	N	eye color	http://www.ebi.ac.uk/efo/EFO_0003949	GCST005093	Genome-wide genotyping array
2017-12-20	29109912	Rawofi L	2017-11-02	PeerJ	www.ncbi.nlm.nih.gov/pubmed/29109912	Genome-wide association study of pigmentary traits (skin and iris color) in individuals of East Asian ancestry.	Iris color (a* coordinate)	377 East Asian ancestry individuals	NA	7q11.22	7	67751383	intergenic	MTCO3P41 - MTCO1P57	ENSG00000237466	ENSG00000232975		123034	346354	rs6977845-A	rs6977845	0	6977845	intergenic_variant	1	0.0929826	2E-6	5.698970004336019		0.666	[0.39-0.94] unit increase	Illumina [at least 520076] (imputed)	N	eye color	http://www.ebi.ac.uk/efo/EFO_0003949	GCST005093	Genome-wide genotyping array
2017-12-20	29109912	Rawofi L	2017-11-02	PeerJ	www.ncbi.nlm.nih.gov/pubmed/29109912	Genome-wide association study of pigmentary traits (skin and iris color) in individuals of East Asian ancestry.	Iris color (a* coordinate)	377 East Asian ancestry individuals	NA	15q13.1	15	27950999	OCA2	OCA2			ENSG00000104044			rs76930569-T	rs76930569	0	76930569	intron_variant	0	0.622807	9E-11	10.045757490560675		0.497	[0.35-0.64] unit increase	Illumina [at least 520076] (imputed)	N	eye color	http://www.ebi.ac.uk/efo/EFO_0003949	GCST005093	Genome-wide genotyping array
2019-05-08	30895295	Jonnalagadda M	2019-03-21	Genome Biol Evol	www.ncbi.nlm.nih.gov/pubmed/30895295	A genome-wide association study of skin and iris pigmentation among individuals of South Asian ancestry.	Iris color (b* coordinate)	329 South Asian ancestry individuals		2q37.3	2	240081084	OR9S24P	OR9S24P - OR5S1P	ENSG00000231278	ENSG00000213048		722	28018	rs13432025-A	rs13432025	0	13432025	intergenic_variant	1	0.016	9E-6	5.045757490560675		1.464	[0.83-2.1] unit decrease	Illumina [640625] (imputed)	N	eye colour measurement	http://www.ebi.ac.uk/efo/EFO_0009764	GCST007741	Genome-wide genotyping array
2019-05-08	30895295	Jonnalagadda M	2019-03-21	Genome Biol Evol	www.ncbi.nlm.nih.gov/pubmed/30895295	A genome-wide association study of skin and iris pigmentation among individuals of South Asian ancestry.	Iris color (b* coordinate)	329 South Asian ancestry individuals					intergenic							rs35104894-TA	rs35104894	0	11300391		1	0.357	6E-8	7.221848749616356		0.532	[0.34-0.72] unit increase	Illumina [640625] (imputed)	N	eye colour measurement	http://www.ebi.ac.uk/efo/EFO_0009764	GCST007741	Genome-wide genotyping array
2019-05-08	30895295	Jonnalagadda M	2019-03-21	Genome Biol Evol	www.ncbi.nlm.nih.gov/pubmed/30895295	A genome-wide association study of skin and iris pigmentation among individuals of South Asian ancestry.	Iris color (b* coordinate)	329 South Asian ancestry individuals		4q24	4	101246775	intergenic	PPP3CA			ENSG00000138814			rs573407928-G	rs573407928	0	573407928	intron_variant	0	0.023	4E-6	5.3979400086720375		1.207	[0.7-1.71] unit increase	Illumina [640625] (imputed)	N	eye colour measurement	http://www.ebi.ac.uk/efo/EFO_0009764	GCST007741	Genome-wide genotyping array
2019-05-08	30895295	Jonnalagadda M	2019-03-21	Genome Biol Evol	www.ncbi.nlm.nih.gov/pubmed/30895295	A genome-wide association study of skin and iris pigmentation among individuals of South Asian ancestry.	Iris color (b* coordinate)	329 South Asian ancestry individuals		4q27	4	121396276	intergenic	QRFPR - TUBB4BP5	ENSG00000186867	ENSG00000224062		15217	55265	rs7665234-G	rs7665234	0	7665234	intron_variant	1	0.035	7E-6	5.154901959985743		1.012	[0.58-1.45] unit decrease	Illumina [640625] (imputed)	N	eye colour measurement	http://www.ebi.ac.uk/efo/EFO_0009764	GCST007741	Genome-wide genotyping array
2019-05-08	30895295	Jonnalagadda M	2019-03-21	Genome Biol Evol	www.ncbi.nlm.nih.gov/pubmed/30895295	A genome-wide association study of skin and iris pigmentation among individuals of South Asian ancestry.	Iris color (b* coordinate)	329 South Asian ancestry individuals		4q35.1	4	183859179	STOX2	STOX2			ENSG00000173320			rs892837-C	rs892837	0	892837	intron_variant	0	0.432	7E-6	5.154901959985743		0.366	[0.21-0.52] unit decrease	Illumina [640625] (imputed)	N	eye colour measurement	http://www.ebi.ac.uk/efo/EFO_0009764	GCST007741	Genome-wide genotyping array
2019-05-08	30895295	Jonnalagadda M	2019-03-21	Genome Biol Evol	www.ncbi.nlm.nih.gov/pubmed/30895295	A genome-wide association study of skin and iris pigmentation among individuals of South Asian ancestry.	Iris color (b* coordinate)	329 South Asian ancestry individuals		5p15.1	5	16422835	RP1-167G20.1	LINC02150			ENSG00000248150			rs2596389-A	rs2596389	0	2596389	intron_variant	0	0.031	6E-6	5.221848749616356		1.592	[0.92-2.27] unit decrease	Illumina [640625] (imputed)	N	eye colour measurement	http://www.ebi.ac.uk/efo/EFO_0009764	GCST007741	Genome-wide genotyping array
2019-05-08	30895295	Jonnalagadda M	2019-03-21	Genome Biol Evol	www.ncbi.nlm.nih.gov/pubmed/30895295	A genome-wide association study of skin and iris pigmentation among individuals of South Asian ancestry.	Iris color (a* coordinate)	329 South Asian ancestry individuals		1p36.33	1	1625671	MIB2	MIB2			ENSG00000197530			rs117489126-T	rs117489126	0	117489126	intron_variant	0	0.0189102	4E-6	5.3979400086720375		1.44391	[0.84-2.05] unit increase	Illumina [640625] (imputed)	N	eye colour measurement	http://www.ebi.ac.uk/efo/EFO_0009764	GCST007740	Genome-wide genotyping array
2019-05-08	30895295	Jonnalagadda M	2019-03-21	Genome Biol Evol	www.ncbi.nlm.nih.gov/pubmed/30895295	A genome-wide association study of skin and iris pigmentation among individuals of South Asian ancestry.	Iris color (a* coordinate)	329 South Asian ancestry individuals		1p35.2	1	30831778	RP1-65J11.1	LINC01778			ENSG00000223382			rs35772196-G	rs35772196	0	35772196	intron_variant	0	0.185337	9E-6	5.045757490560675		0.478053	[0.27-0.69] unit increase	Illumina [640625] (imputed)	N	eye colour measurement	http://www.ebi.ac.uk/efo/EFO_0009764	GCST007740	Genome-wide genotyping array
2019-05-08	30895295	Jonnalagadda M	2019-03-21	Genome Biol Evol	www.ncbi.nlm.nih.gov/pubmed/30895295	A genome-wide association study of skin and iris pigmentation among individuals of South Asian ancestry.	Iris color (a* coordinate)	329 South Asian ancestry individuals		1p11.2	1	121629918	intergenic	EMBP1 - RNA5SP533	ENSG00000291141	ENSG00000252830		32985	21809687	rs201338907-G	rs201338907	0	201338907	intergenic_variant	1	0.0217147	1E-6	6.0		1.72877	[1.04-2.42] unit increase	Illumina [640625] (imputed)	N	eye colour measurement	http://www.ebi.ac.uk/efo/EFO_0009764	GCST007740	Genome-wide genotyping array
2019-05-08	30895295	Jonnalagadda M	2019-03-21	Genome Biol Evol	www.ncbi.nlm.nih.gov/pubmed/30895295	A genome-wide association study of skin and iris pigmentation among individuals of South Asian ancestry.	Iris color (a* coordinate)	329 South Asian ancestry individuals		1q31.1	1	189811365	RP11-398M15.1	LINC01701			ENSG00000232212			rs66527028-GTTT	rs66527028	0	66527028	intergenic_variant	0	0.974279	8E-6	5.096910013008056		1.38276	[0.79-1.98] unit decrease	Illumina [640625] (imputed)	N	eye colour measurement	http://www.ebi.ac.uk/efo/EFO_0009764	GCST007740	Genome-wide genotyping array
2019-05-08	30895295	Jonnalagadda M	2019-03-21	Genome Biol Evol	www.ncbi.nlm.nih.gov/pubmed/30895295	A genome-wide association study of skin and iris pigmentation among individuals of South Asian ancestry.	Iris color (a* coordinate)	329 South Asian ancestry individuals		1q41	1	221444418	intergenic	LINC02817 - DUSP10	ENSG00000234754	ENSG00000143507		107929	256251	rs140309399-T	rs140309399	0	140309399	intergenic_variant	1	0.0278846	6E-6	5.221848749616356		1.12214	[0.64-1.6] unit increase	Illumina [640625] (imputed)	N	eye colour measurement	http://www.ebi.ac.uk/efo/EFO_0009764	GCST007740	Genome-wide genotyping array
2019-05-08	30895295	Jonnalagadda M	2019-03-21	Genome Biol Evol	www.ncbi.nlm.nih.gov/pubmed/30895295	A genome-wide association study of skin and iris pigmentation among individuals of South Asian ancestry.	Iris color (a* coordinate)	329 South Asian ancestry individuals		2p22.1	2	41451646	intergenic	HNRNPA1P57 - LDHAP3	ENSG00000237442	ENSG00000236090		294091	368101	rs140756008-A	rs140756008	0	140756008	intron_variant	1	0.0119391	9E-6	5.045757490560675		1.82824	[1.03-2.62] unit increase	Illumina [640625] (imputed)	N	eye colour measurement	http://www.ebi.ac.uk/efo/EFO_0009764	GCST007740	Genome-wide genotyping array
2019-05-08	30895295	Jonnalagadda M	2019-03-21	Genome Biol Evol	www.ncbi.nlm.nih.gov/pubmed/30895295	A genome-wide association study of skin and iris pigmentation among individuals of South Asian ancestry.	Iris color (a* coordinate)	329 South Asian ancestry individuals		2q31.1	2	173685544	intergenic	PPIAP66 - RPL5P7	ENSG00000226131	ENSG00000234415		199182	186109	rs141283719-A	rs141283719	0	141283719	intron_variant	1	0.0177885	5E-6	5.301029995663981		1.5288	[0.89-2.17] unit decrease	Illumina [640625] (imputed)	N	eye colour measurement	http://www.ebi.ac.uk/efo/EFO_0009764	GCST007740	Genome-wide genotyping array
2019-05-08	30895295	Jonnalagadda M	2019-03-21	Genome Biol Evol	www.ncbi.nlm.nih.gov/pubmed/30895295	A genome-wide association study of skin and iris pigmentation among individuals of South Asian ancestry.	Iris color (a* coordinate)	329 South Asian ancestry individuals		2q32.1	2	184583504	intergenic	MIR548AE1 - ZNF804A	ENSG00000266808	ENSG00000170396		204460	15025	rs359899-C	rs359899	0	359899	intron_variant	1	0.155128	6E-8	7.221848749616356		0.620018	[0.4-0.84] unit increase	Illumina [640625] (imputed)	N	eye colour measurement	http://www.ebi.ac.uk/efo/EFO_0009764	GCST007740	Genome-wide genotyping array
2019-05-08	30895295	Jonnalagadda M	2019-03-21	Genome Biol Evol	www.ncbi.nlm.nih.gov/pubmed/30895295	A genome-wide association study of skin and iris pigmentation among individuals of South Asian ancestry.	Iris color (a* coordinate)	329 South Asian ancestry individuals		2q32.1	2	185205313	intergenic	ZNF804A - ELF2P4	ENSG00000170396	ENSG00000225406		265821	341822	rs10171577-C	rs10171577	0	10171577	intron_variant	1	0.133974	3E-6	5.522878745280337		0.570398	[0.34-0.81] unit increase	Illumina [640625] (imputed)	N	eye colour measurement	http://www.ebi.ac.uk/efo/EFO_0009764	GCST007740	Genome-wide genotyping array
2019-05-08	30895295	Jonnalagadda M	2019-03-21	Genome Biol Evol	www.ncbi.nlm.nih.gov/pubmed/30895295	A genome-wide association study of skin and iris pigmentation among individuals of South Asian ancestry.	Iris color (a* coordinate)	329 South Asian ancestry individuals		2q32.1	2	185323105	intergenic	ZNF804A - ELF2P4	ENSG00000170396	ENSG00000225406		383613	224030	rs6704925-G	rs6704925	0	6704925	intergenic_variant	1	0.135497	7E-7	6.154901959985743		0.610639	[0.38-0.85] unit increase	Illumina [640625] (imputed)	N	eye colour measurement	http://www.ebi.ac.uk/efo/EFO_0009764	GCST007740	Genome-wide genotyping array
2019-05-08	30895295	Jonnalagadda M	2019-03-21	Genome Biol Evol	www.ncbi.nlm.nih.gov/pubmed/30895295	A genome-wide association study of skin and iris pigmentation among individuals of South Asian ancestry.	Iris color (a* coordinate)	329 South Asian ancestry individuals		3p22.3	3	36294583	intergenic	RFC3P1 - STAC	ENSG00000236158	ENSG00000144681		124135	85738	rs56795768-C	rs56795768	0	56795768	intron_variant	1	0.0163462	4E-6	5.3979400086720375		1.46609	[0.85-2.08] unit decrease	Illumina [640625] (imputed)	N	eye colour measurement	http://www.ebi.ac.uk/efo/EFO_0009764	GCST007740	Genome-wide genotyping array
2019-05-08	30895295	Jonnalagadda M	2019-03-21	Genome Biol Evol	www.ncbi.nlm.nih.gov/pubmed/30895295	A genome-wide association study of skin and iris pigmentation among individuals of South Asian ancestry.	Iris color (a* coordinate)	329 South Asian ancestry individuals					intergenic							rs35104894-TA	rs35104894	0	11300391		1	0.356811	5E-6	5.301029995663981		0.45111	[0.26-0.64] unit increase	Illumina [640625] (imputed)	N	eye colour measurement	http://www.ebi.ac.uk/efo/EFO_0009764	GCST007740	Genome-wide genotyping array
2019-05-08	30895295	Jonnalagadda M	2019-03-21	Genome Biol Evol	www.ncbi.nlm.nih.gov/pubmed/30895295	A genome-wide association study of skin and iris pigmentation among individuals of South Asian ancestry.	Iris color (b* coordinate)	329 South Asian ancestry individuals		10q26.3	10	129677743	MGMT	MGMT			ENSG00000170430			rs12256016-G	rs12256016	0	12256016	intron_variant	0	0.268	8E-7	6.096910013008056		0.439	[0.27-0.61] unit decrease	Illumina [640625] (imputed)	N	eye colour measurement	http://www.ebi.ac.uk/efo/EFO_0009764	GCST007741	Genome-wide genotyping array
2019-05-08	30895295	Jonnalagadda M	2019-03-21	Genome Biol Evol	www.ncbi.nlm.nih.gov/pubmed/30895295	A genome-wide association study of skin and iris pigmentation among individuals of South Asian ancestry.	Iris color (b* coordinate)	329 South Asian ancestry individuals		12q24.21	12	113979299	intergenic	RBM19 - HAUS8P1	ENSG00000122965	ENSG00000257300		12955	118383	rs11066860-A	rs11066860	0	11066860	intergenic_variant	1	0.109	6E-6	5.221848749616356		0.579	[0.33-0.83] unit increase	Illumina [640625] (imputed)	N	eye colour measurement	http://www.ebi.ac.uk/efo/EFO_0009764	GCST007741	Genome-wide genotyping array
2019-05-08	30895295	Jonnalagadda M	2019-03-21	Genome Biol Evol	www.ncbi.nlm.nih.gov/pubmed/30895295	A genome-wide association study of skin and iris pigmentation among individuals of South Asian ancestry.	Iris color (b* coordinate)	329 South Asian ancestry individuals					intergenic							chr13:19679321-T	chr13:19679321	0			1	0.055	3E-6	5.522878745280337		1.024	[0.6-1.45] unit increase	Illumina [640625] (imputed)	N	eye colour measurement	http://www.ebi.ac.uk/efo/EFO_0009764	GCST007741	Genome-wide genotyping array
2019-05-08	30895295	Jonnalagadda M	2019-03-21	Genome Biol Evol	www.ncbi.nlm.nih.gov/pubmed/30895295	A genome-wide association study of skin and iris pigmentation among individuals of South Asian ancestry.	Iris color (b* coordinate)	329 South Asian ancestry individuals		13q31.3	13	91332148	intergenic	PPIAP23 - MIR17HG	ENSG00000214178	ENSG00000215417		59571	15538	rs55783125-A	rs55783125	0	55783125	intergenic_variant	1	0.093	7E-6	5.154901959985743		0.603	[0.34-0.86] unit decrease	Illumina [640625] (imputed)	N	eye colour measurement	http://www.ebi.ac.uk/efo/EFO_0009764	GCST007741	Genome-wide genotyping array
2019-05-08	30895295	Jonnalagadda M	2019-03-21	Genome Biol Evol	www.ncbi.nlm.nih.gov/pubmed/30895295	A genome-wide association study of skin and iris pigmentation among individuals of South Asian ancestry.	Iris color (b* coordinate)	329 South Asian ancestry individuals		14q11.2	14	22809964	SLC7A7	SLC7A7			ENSG00000155465			rs11157836-A	rs11157836	0	11157836	intron_variant	0	0.178	5E-6	5.301029995663981		0.484	[0.28-0.69] unit decrease	Illumina [640625] (imputed)	N	eye colour measurement	http://www.ebi.ac.uk/efo/EFO_0009764	GCST007741	Genome-wide genotyping array
2019-05-08	30895295	Jonnalagadda M	2019-03-21	Genome Biol Evol	www.ncbi.nlm.nih.gov/pubmed/30895295	A genome-wide association study of skin and iris pigmentation among individuals of South Asian ancestry.	Iris color (b* coordinate)	329 South Asian ancestry individuals		15q13.1	15	28165345	HERC2	HERC2			ENSG00000128731			rs12916300-T	rs12916300	0	12916300	intron_variant	0	0.144	2E-7	6.698970004336019		0.629	[0.4-0.86] unit increase	Illumina [640625] (imputed)	N	eye colour measurement	http://www.ebi.ac.uk/efo/EFO_0009764	GCST007741	Genome-wide genotyping array
2019-05-08	30895295	Jonnalagadda M	2019-03-21	Genome Biol Evol	www.ncbi.nlm.nih.gov/pubmed/30895295	A genome-wide association study of skin and iris pigmentation among individuals of South Asian ancestry.	Iris color (b* coordinate)	329 South Asian ancestry individuals		15q21.1	15	48134287	SLC24A5	SLC24A5			ENSG00000188467			rs1426654-G	rs1426654	0	1426654	missense_variant	0	0.15	8E-9	8.096910013008056		0.594	[0.4-0.79] unit decrease	Illumina [640625] (imputed)	N	eye colour measurement	http://www.ebi.ac.uk/efo/EFO_0009764	GCST007741	Genome-wide genotyping array
2019-05-08	30895295	Jonnalagadda M	2019-03-21	Genome Biol Evol	www.ncbi.nlm.nih.gov/pubmed/30895295	A genome-wide association study of skin and iris pigmentation among individuals of South Asian ancestry.	Iris color (b* coordinate)	329 South Asian ancestry individuals		15q21.1	15	48832207	SHC4	SHC4			ENSG00000185634			rs12899937-A	rs12899937	0	12899937	intron_variant	0	0.155	9E-6	5.045757490560675		0.492	[0.28-0.71] unit decrease	Illumina [640625] (imputed)	N	eye colour measurement	http://www.ebi.ac.uk/efo/EFO_0009764	GCST007741	Genome-wide genotyping array
2019-05-08	30895295	Jonnalagadda M	2019-03-21	Genome Biol Evol	www.ncbi.nlm.nih.gov/pubmed/30895295	A genome-wide association study of skin and iris pigmentation among individuals of South Asian ancestry.	Iris color (b* coordinate)	329 South Asian ancestry individuals		15q26.1	15	88977935	intergenic	KRT18P47 - CARMAL	ENSG00000259489	ENSG00000260123		16889	63060	rs56405824-A	rs56405824	0	56405824	intergenic_variant	1	0.022	8E-6	5.096910013008056		1.342	[0.76-1.92] unit increase	Illumina [640625] (imputed)	N	eye colour measurement	http://www.ebi.ac.uk/efo/EFO_0009764	GCST007741	Genome-wide genotyping array
2019-05-08	30895295	Jonnalagadda M	2019-03-21	Genome Biol Evol	www.ncbi.nlm.nih.gov/pubmed/30895295	A genome-wide association study of skin and iris pigmentation among individuals of South Asian ancestry.	Iris color (b* coordinate)	329 South Asian ancestry individuals		15q26.1	15	91134327	SV2B	SV2B			ENSG00000185518			rs1003759-C	rs1003759	0	1003759	intron_variant	0	0.133	5E-7	6.301029995663981		0.596	[0.37-0.82] unit increase	Illumina [640625] (imputed)	N	eye colour measurement	http://www.ebi.ac.uk/efo/EFO_0009764	GCST007741	Genome-wide genotyping array
2019-05-08	30895295	Jonnalagadda M	2019-03-21	Genome Biol Evol	www.ncbi.nlm.nih.gov/pubmed/30895295	A genome-wide association study of skin and iris pigmentation among individuals of South Asian ancestry.	Iris color (b* coordinate)	329 South Asian ancestry individuals		16p12.3	16	19053308	TMC7	TMC7			ENSG00000170537			rs11409750-CT	rs11409750	0	11409750	intron_variant	0	0.92	1E-6	6.0		0.79	[0.47-1.11] unit decrease	Illumina [640625] (imputed)	N	eye colour measurement	http://www.ebi.ac.uk/efo/EFO_0009764	GCST007741	Genome-wide genotyping array
2019-05-08	30895295	Jonnalagadda M	2019-03-21	Genome Biol Evol	www.ncbi.nlm.nih.gov/pubmed/30895295	A genome-wide association study of skin and iris pigmentation among individuals of South Asian ancestry.	Iris color (b* coordinate)	329 South Asian ancestry individuals		17p12	17	13192259	intergenic	ELAC2 - LINC02093	ENSG00000006744	ENSG00000234634		174194	106921	rs12325725-A	rs12325725	0	12325725	intergenic_variant	1	0.07	4E-6	5.3979400086720375		0.696	[0.4-0.99] unit decrease	Illumina [640625] (imputed)	N	eye colour measurement	http://www.ebi.ac.uk/efo/EFO_0009764	GCST007741	Genome-wide genotyping array
2019-05-08	30895295	Jonnalagadda M	2019-03-21	Genome Biol Evol	www.ncbi.nlm.nih.gov/pubmed/30895295	A genome-wide association study of skin and iris pigmentation among individuals of South Asian ancestry.	Iris color (b* coordinate)	329 South Asian ancestry individuals		17q24.1	17	65957237	CEP112	CEP112			ENSG00000154240			rs118011793-A	rs118011793	0	118011793	intron_variant	0	0.012	5E-6	5.301029995663981		2.037	[1.18-2.9] unit increase	Illumina [640625] (imputed)	N	eye colour measurement	http://www.ebi.ac.uk/efo/EFO_0009764	GCST007741	Genome-wide genotyping array
2019-05-08	30895295	Jonnalagadda M	2019-03-21	Genome Biol Evol	www.ncbi.nlm.nih.gov/pubmed/30895295	A genome-wide association study of skin and iris pigmentation among individuals of South Asian ancestry.	Iris color (b* coordinate)	329 South Asian ancestry individuals		18q12.3	18	42651868	LINC00907	LINC00907			ENSG00000267586			rs592278-A	rs592278	0	592278	intron_variant	0	0.415	7E-6	5.154901959985743		0.36	[0.21-0.51] unit increase	Illumina [640625] (imputed)	N	eye colour measurement	http://www.ebi.ac.uk/efo/EFO_0009764	GCST007741	Genome-wide genotyping array
2019-05-08	30895295	Jonnalagadda M	2019-03-21	Genome Biol Evol	www.ncbi.nlm.nih.gov/pubmed/30895295	A genome-wide association study of skin and iris pigmentation among individuals of South Asian ancestry.	Iris color (b* coordinate)	329 South Asian ancestry individuals		18q21.1	18	46012347	PSTPIP2	PSTPIP2			ENSG00000152229			rs3886769-A	rs3886769	0	3886769	intron_variant	0	0.044	2E-6	5.698970004336019		0.88	[0.53-1.23] unit increase	Illumina [640625] (imputed)	N	eye colour measurement	http://www.ebi.ac.uk/efo/EFO_0009764	GCST007741	Genome-wide genotyping array
2019-05-08	30895295	Jonnalagadda M	2019-03-21	Genome Biol Evol	www.ncbi.nlm.nih.gov/pubmed/30895295	A genome-wide association study of skin and iris pigmentation among individuals of South Asian ancestry.	Iris color (b* coordinate)	329 South Asian ancestry individuals		20p11.21	20	23090394	intergenic	CD93 - LINC00656	ENSG00000125810	ENSG00000233746		4070	23690	rs6048544-A	rs6048544	0	6048544	intron_variant	1	0.137	6E-6	5.221848749616356		0.541	[0.31-0.77] unit increase	Illumina [640625] (imputed)	N	eye colour measurement	http://www.ebi.ac.uk/efo/EFO_0009764	GCST007741	Genome-wide genotyping array
2019-05-08	30895295	Jonnalagadda M	2019-03-21	Genome Biol Evol	www.ncbi.nlm.nih.gov/pubmed/30895295	A genome-wide association study of skin and iris pigmentation among individuals of South Asian ancestry.	Iris color (b* coordinate)	329 South Asian ancestry individuals		22q12.1	22	27003613	intergenic	MIATNB			ENSG00000244625			rs2516084-C	rs2516084	0	2516084	intergenic_variant	0	0.782	6E-6	5.221848749616356		0.513	[0.3-0.73] unit increase	Illumina [640625] (imputed)	N	eye colour measurement	http://www.ebi.ac.uk/efo/EFO_0009764	GCST007741	Genome-wide genotyping array
2019-05-08	30895295	Jonnalagadda M	2019-03-21	Genome Biol Evol	www.ncbi.nlm.nih.gov/pubmed/30895295	A genome-wide association study of skin and iris pigmentation among individuals of South Asian ancestry.	Iris color (L* coordinate)	329 South Asian ancestry individuals					SEC22B							rs112349824-TA	rs112349824	0	5777535		1	0.558734	4E-6	5.3979400086720375		0.629542	[0.37-0.89] unit increase	Illumina [640625] (imputed)	N	eye colour measurement	http://www.ebi.ac.uk/efo/EFO_0009764	GCST007743	Genome-wide genotyping array
2019-05-08	30895295	Jonnalagadda M	2019-03-21	Genome Biol Evol	www.ncbi.nlm.nih.gov/pubmed/30895295	A genome-wide association study of skin and iris pigmentation among individuals of South Asian ancestry.	Iris color (L* coordinate)	329 South Asian ancestry individuals		1q23.3	1	162294228	NOS1AP	NOS1AP			ENSG00000198929			rs6690162-G	rs6690162	0	6690162	intron_variant	0	0.0741988	2E-6	5.698970004336019		0.701208	[0.42-0.99] unit decrease	Illumina [640625] (imputed)	N	eye colour measurement	http://www.ebi.ac.uk/efo/EFO_0009764	GCST007743	Genome-wide genotyping array
2019-05-08	30895295	Jonnalagadda M	2019-03-21	Genome Biol Evol	www.ncbi.nlm.nih.gov/pubmed/30895295	A genome-wide association study of skin and iris pigmentation among individuals of South Asian ancestry.	Iris color (L* coordinate)	329 South Asian ancestry individuals		1q41	1	216460132	intergenic	USH2A - ESRRG	ENSG00000042781	ENSG00000196482		36684	43114	rs6679773-T	rs6679773	0	6679773	intergenic_variant	1	0.136538	6E-6	5.221848749616356		0.527769	[0.3-0.75] unit decrease	Illumina [640625] (imputed)	N	eye colour measurement	http://www.ebi.ac.uk/efo/EFO_0009764	GCST007743	Genome-wide genotyping array
2019-05-08	30895295	Jonnalagadda M	2019-03-21	Genome Biol Evol	www.ncbi.nlm.nih.gov/pubmed/30895295	A genome-wide association study of skin and iris pigmentation among individuals of South Asian ancestry.	Iris color (L* coordinate)	329 South Asian ancestry individuals		1q42.3	1	234665431	RP4-781K5.4	LINC00184 - LINC01132	ENSG00000224939	ENSG00000227630		28013	58611	rs35591409-CT	rs35591409	0	35591409	intron_variant	1	0.336379	6E-6	5.221848749616356		0.386393	[0.22-0.55] unit increase	Illumina [640625] (imputed)	N	eye colour measurement	http://www.ebi.ac.uk/efo/EFO_0009764	GCST007743	Genome-wide genotyping array
2019-05-08	30895295	Jonnalagadda M	2019-03-21	Genome Biol Evol	www.ncbi.nlm.nih.gov/pubmed/30895295	A genome-wide association study of skin and iris pigmentation among individuals of South Asian ancestry.	Iris color (L* coordinate)	329 South Asian ancestry individuals		2p11.2	2	91579868	AC018696.4	IGKV1OR2-118 - LSP1P5	ENSG00000270999	ENSG00000291150		1264032	7063	rs2599144-T	rs2599144	0	2599144	non_coding_transcript_exon_variant	1	0.644712	2E-6	5.698970004336019		0.603187	[0.36-0.85] unit increase	Illumina [640625] (imputed)	N	eye colour measurement	http://www.ebi.ac.uk/efo/EFO_0009764	GCST007743	Genome-wide genotyping array
2019-05-08	30895295	Jonnalagadda M	2019-03-21	Genome Biol Evol	www.ncbi.nlm.nih.gov/pubmed/30895295	A genome-wide association study of skin and iris pigmentation among individuals of South Asian ancestry.	Iris color (L* coordinate)	329 South Asian ancestry individuals		2q36.3	2	226266139	intergenic	NYAP2 - MIR5702	ENSG00000144460	ENSG00000263363		536252	392571	rs566561215-C	rs566561215	0	566561215	intergenic_variant	1	0.0163462	3E-6	5.522878745280337		1.4782	[0.87-2.09] unit decrease	Illumina [640625] (imputed)	N	eye colour measurement	http://www.ebi.ac.uk/efo/EFO_0009764	GCST007743	Genome-wide genotyping array
2019-05-08	30895295	Jonnalagadda M	2019-03-21	Genome Biol Evol	www.ncbi.nlm.nih.gov/pubmed/30895295	A genome-wide association study of skin and iris pigmentation among individuals of South Asian ancestry.	Iris color (L* coordinate)	329 South Asian ancestry individuals		3p26.3	3	1120489	CNTN6	CNTN6			ENSG00000134115			rs116546495-G	rs116546495	0	116546495	intron_variant	0	0.0300481	4E-7	6.3979400086720375		1.55757	[0.97-2.14] unit increase	Illumina [640625] (imputed)	N	eye colour measurement	http://www.ebi.ac.uk/efo/EFO_0009764	GCST007743	Genome-wide genotyping array
2019-05-08	30895295	Jonnalagadda M	2019-03-21	Genome Biol Evol	www.ncbi.nlm.nih.gov/pubmed/30895295	A genome-wide association study of skin and iris pigmentation among individuals of South Asian ancestry.	Iris color (L* coordinate)	329 South Asian ancestry individuals		3p24.3	3	19958037	RAB5A	RAB5A			ENSG00000144566			rs147723444-G	rs147723444	0	147723444	intron_variant	0	0.0103365	5E-6	5.301029995663981		1.95522	[1.13-2.78] unit decrease	Illumina [640625] (imputed)	N	eye colour measurement	http://www.ebi.ac.uk/efo/EFO_0009764	GCST007743	Genome-wide genotyping array
2019-05-08	30895295	Jonnalagadda M	2019-03-21	Genome Biol Evol	www.ncbi.nlm.nih.gov/pubmed/30895295	A genome-wide association study of skin and iris pigmentation among individuals of South Asian ancestry.	Iris color (b* coordinate)	329 South Asian ancestry individuals		5q12.1	5	61597684	intergenic	LINC03122			ENSG00000178722			rs142980341-C	rs142980341	0	142980341	intergenic_variant	0	0.061	9E-6	5.045757490560675		0.847	[0.48-1.22] unit increase	Illumina [640625] (imputed)	N	eye colour measurement	http://www.ebi.ac.uk/efo/EFO_0009764	GCST007741	Genome-wide genotyping array
2019-05-08	30895295	Jonnalagadda M	2019-03-21	Genome Biol Evol	www.ncbi.nlm.nih.gov/pubmed/30895295	A genome-wide association study of skin and iris pigmentation among individuals of South Asian ancestry.	Iris color (b* coordinate)	329 South Asian ancestry individuals		6q12	6	66387014	intergenic	NUFIP1P1 - RNU7-66P	ENSG00000218890	ENSG00000238949		292105	341829	rs9354421-C	rs9354421	0	9354421	intergenic_variant	1	0.249	5E-6	5.301029995663981		0.431	[0.25-0.61] unit increase	Illumina [640625] (imputed)	N	eye colour measurement	http://www.ebi.ac.uk/efo/EFO_0009764	GCST007741	Genome-wide genotyping array
2019-05-08	30895295	Jonnalagadda M	2019-03-21	Genome Biol Evol	www.ncbi.nlm.nih.gov/pubmed/30895295	A genome-wide association study of skin and iris pigmentation among individuals of South Asian ancestry.	Iris color (b* coordinate)	329 South Asian ancestry individuals		6q25.3	6	156874846	ARID1B	ARID1B			ENSG00000049618			rs2063714-G	rs2063714	0	2063714	intron_variant	0	0.432	7E-6	5.154901959985743		0.357	[0.2-0.51] unit increase	Illumina [640625] (imputed)	N	eye colour measurement	http://www.ebi.ac.uk/efo/EFO_0009764	GCST007741	Genome-wide genotyping array
2019-05-08	30895295	Jonnalagadda M	2019-03-21	Genome Biol Evol	www.ncbi.nlm.nih.gov/pubmed/30895295	A genome-wide association study of skin and iris pigmentation among individuals of South Asian ancestry.	Iris color (b* coordinate)	329 South Asian ancestry individuals		7p21.1	7	18991407	HDAC9	HDAC9			ENSG00000048052			rs4721735-A	rs4721735	0	4721735	intron_variant	0	0.471	8E-6	5.096910013008056		0.417	[0.24-0.6] unit decrease	Illumina [640625] (imputed)	N	eye colour measurement	http://www.ebi.ac.uk/efo/EFO_0009764	GCST007741	Genome-wide genotyping array
2019-05-08	30895295	Jonnalagadda M	2019-03-21	Genome Biol Evol	www.ncbi.nlm.nih.gov/pubmed/30895295	A genome-wide association study of skin and iris pigmentation among individuals of South Asian ancestry.	Iris color (b* coordinate)	329 South Asian ancestry individuals		7p13	7	44381155	NUDCD3	NUDCD3			ENSG00000015676			rs11765303-T	rs11765303	0	11765303	3_prime_UTR_variant	0	0.684	7E-6	5.154901959985743		0.373	[0.21-0.53] unit decrease	Illumina [640625] (imputed)	N	eye colour measurement	http://www.ebi.ac.uk/efo/EFO_0009764	GCST007741	Genome-wide genotyping array
2019-05-08	30895295	Jonnalagadda M	2019-03-21	Genome Biol Evol	www.ncbi.nlm.nih.gov/pubmed/30895295	A genome-wide association study of skin and iris pigmentation among individuals of South Asian ancestry.	Iris color (b* coordinate)	329 South Asian ancestry individuals		7p13	7	44510263	AC004938.5	RNU6-1097P - RPL36AP27	ENSG00000200456	ENSG00000225443		6384	762	rs13236147-A	rs13236147	0	13236147	intergenic_variant	1	0.247	5E-6	5.301029995663981		0.413	[0.24-0.59] unit increase	Illumina [640625] (imputed)	N	eye colour measurement	http://www.ebi.ac.uk/efo/EFO_0009764	GCST007741	Genome-wide genotyping array
2019-05-08	30895295	Jonnalagadda M	2019-03-21	Genome Biol Evol	www.ncbi.nlm.nih.gov/pubmed/30895295	A genome-wide association study of skin and iris pigmentation among individuals of South Asian ancestry.	Iris color (b* coordinate)	329 South Asian ancestry individuals		7p11.2	7	55603936	intergenic	VOPP1-DT - CDC42P2	ENSG00000223475	ENSG00000234844		15600	34338	rs539325600-A	rs539325600	0	539325600	intergenic_variant	1	0.012	7E-6	5.154901959985743		2.304	[1.31-3.3] unit increase	Illumina [640625] (imputed)	N	eye colour measurement	http://www.ebi.ac.uk/efo/EFO_0009764	GCST007741	Genome-wide genotyping array
2019-05-08	30895295	Jonnalagadda M	2019-03-21	Genome Biol Evol	www.ncbi.nlm.nih.gov/pubmed/30895295	A genome-wide association study of skin and iris pigmentation among individuals of South Asian ancestry.	Iris color (b* coordinate)	329 South Asian ancestry individuals		7q11.21	7	67432818	intergenic	STAG3L4 - MTATP6P21	ENSG00000291153	ENSG00000226392		69724	195013	rs186582231-T	rs186582231	0	186582231	intergenic_variant	1	0.016	5E-6	5.301029995663981		1.653	[0.96-2.35] unit increase	Illumina [640625] (imputed)	N	eye colour measurement	http://www.ebi.ac.uk/efo/EFO_0009764	GCST007741	Genome-wide genotyping array
2019-05-08	30895295	Jonnalagadda M	2019-03-21	Genome Biol Evol	www.ncbi.nlm.nih.gov/pubmed/30895295	A genome-wide association study of skin and iris pigmentation among individuals of South Asian ancestry.	Iris color (b* coordinate)	329 South Asian ancestry individuals		7q11.22	7	68005118	intergenic	MTCO3P41 - MTCO1P57	ENSG00000237466	ENSG00000232975		376769	92619	rs570477080-C	rs570477080	0	570477080	intergenic_variant	1	0.161	6E-6	5.221848749616356		0.576	[0.33-0.82] unit decrease	Illumina [640625] (imputed)	N	eye colour measurement	http://www.ebi.ac.uk/efo/EFO_0009764	GCST007741	Genome-wide genotyping array
2019-05-08	30895295	Jonnalagadda M	2019-03-21	Genome Biol Evol	www.ncbi.nlm.nih.gov/pubmed/30895295	A genome-wide association study of skin and iris pigmentation among individuals of South Asian ancestry.	Iris color (b* coordinate)	329 South Asian ancestry individuals		7q21.3	7	94117145	intergenic	BET1-AS1 - COL1A2	ENSG00000236861	ENSG00000164692		50341	277675	rs375313288-T	rs375313288	0	375313288	intron_variant	1	0.018	6E-6	5.221848749616356		1.633	[0.94-2.33] unit increase	Illumina [640625] (imputed)	N	eye colour measurement	http://www.ebi.ac.uk/efo/EFO_0009764	GCST007741	Genome-wide genotyping array
2019-05-08	30895295	Jonnalagadda M	2019-03-21	Genome Biol Evol	www.ncbi.nlm.nih.gov/pubmed/30895295	A genome-wide association study of skin and iris pigmentation among individuals of South Asian ancestry.	Iris color (b* coordinate)	329 South Asian ancestry individuals		7q35	7	144780854	TPK1	TPK1			ENSG00000196511			rs375080348-A	rs375080348	0	375080348	intron_variant	0	0.228	3E-6	5.522878745280337		0.487	[0.29-0.69] unit increase	Illumina [640625] (imputed)	N	eye colour measurement	http://www.ebi.ac.uk/efo/EFO_0009764	GCST007741	Genome-wide genotyping array
2019-05-08	30895295	Jonnalagadda M	2019-03-21	Genome Biol Evol	www.ncbi.nlm.nih.gov/pubmed/30895295	A genome-wide association study of skin and iris pigmentation among individuals of South Asian ancestry.	Iris color (b* coordinate)	329 South Asian ancestry individuals		9q31.3	9	109408422	PTPN3	PTPN3			ENSG00000070159			rs35463120-TAAAC	rs35463120	0	35463120	intron_variant	0	0.913	9E-7	6.045757490560675		0.718	[0.44-1] unit increase	Illumina [640625] (imputed)	N	eye colour measurement	http://www.ebi.ac.uk/efo/EFO_0009764	GCST007741	Genome-wide genotyping array
2019-05-08	30895295	Jonnalagadda M	2019-03-21	Genome Biol Evol	www.ncbi.nlm.nih.gov/pubmed/30895295	A genome-wide association study of skin and iris pigmentation among individuals of South Asian ancestry.	Iris color (b* coordinate)	329 South Asian ancestry individuals		9q33.3	9	125411976	intergenic	GAPVD1 - Metazoa_SRP	ENSG00000165219	ENSG00000275978		44769	5329	rs146271698-T	rs146271698	0	146271698	intron_variant	1	0.013	2E-6	5.698970004336019		1.829	[1.08-2.57] unit decrease	Illumina [640625] (imputed)	N	eye colour measurement	http://www.ebi.ac.uk/efo/EFO_0009764	GCST007741	Genome-wide genotyping array
2019-05-08	30895295	Jonnalagadda M	2019-03-21	Genome Biol Evol	www.ncbi.nlm.nih.gov/pubmed/30895295	A genome-wide association study of skin and iris pigmentation among individuals of South Asian ancestry.	Iris color (b* coordinate)	329 South Asian ancestry individuals		10p15.3	10	2488391	intergenic	LINC02645			ENSG00000234170			rs2458713-A	rs2458713	0	2458713	intron_variant	0	0.217	4E-6	5.3979400086720375		0.422	[0.25-0.6] unit increase	Illumina [640625] (imputed)	N	eye colour measurement	http://www.ebi.ac.uk/efo/EFO_0009764	GCST007741	Genome-wide genotyping array
2019-05-08	30895295	Jonnalagadda M	2019-03-21	Genome Biol Evol	www.ncbi.nlm.nih.gov/pubmed/30895295	A genome-wide association study of skin and iris pigmentation among individuals of South Asian ancestry.	Iris color (b* coordinate)	329 South Asian ancestry individuals		10p11.23	10	29342623	intergenic	LYZL1 - SVIL-AS1	ENSG00000120563	ENSG00000291093		24295	66995	rs789923-A	rs789923	0	789923	intron_variant	1	0.365	7E-6	5.154901959985743		0.395	[0.22-0.57] unit decrease	Illumina [640625] (imputed)	N	eye colour measurement	http://www.ebi.ac.uk/efo/EFO_0009764	GCST007741	Genome-wide genotyping array
2019-05-08	30895295	Jonnalagadda M	2019-03-21	Genome Biol Evol	www.ncbi.nlm.nih.gov/pubmed/30895295	A genome-wide association study of skin and iris pigmentation among individuals of South Asian ancestry.	Iris color (b* coordinate)	329 South Asian ancestry individuals					intergenic							rs137957525-TTG	rs137957525	0	58656588		1	0.242	9E-6	5.045757490560675		0.474	[0.27-0.68] unit decrease	Illumina [640625] (imputed)	N	eye colour measurement	http://www.ebi.ac.uk/efo/EFO_0009764	GCST007741	Genome-wide genotyping array
2019-05-08	30895295	Jonnalagadda M	2019-03-21	Genome Biol Evol	www.ncbi.nlm.nih.gov/pubmed/30895295	A genome-wide association study of skin and iris pigmentation among individuals of South Asian ancestry.	Iris color (b* coordinate)	329 South Asian ancestry individuals		2q14.1	2	113827055	intergenic	ACTR3-AS1			ENSG00000228857			rs72948686-G	rs72948686	0	72948686	intron_variant	0	0.031	8E-6	5.096910013008056		1.083	[0.62-1.55] unit increase	Illumina [640625] (imputed)	N	eye colour measurement	http://www.ebi.ac.uk/efo/EFO_0009764	GCST007741	Genome-wide genotyping array
2019-05-08	30895295	Jonnalagadda M	2019-03-21	Genome Biol Evol	www.ncbi.nlm.nih.gov/pubmed/30895295	A genome-wide association study of skin and iris pigmentation among individuals of South Asian ancestry.	Iris color (b* coordinate)	329 South Asian ancestry individuals		2q32.1	2	184515045	intergenic	MIR548AE1 - ZNF804A	ENSG00000266808	ENSG00000170396		136001	83484	rs34370146-C	rs34370146	0	34370146	intergenic_variant	1	0.147	5E-7	6.301029995663981		0.574	[0.35-0.79] unit increase	Illumina [640625] (imputed)	N	eye colour measurement	http://www.ebi.ac.uk/efo/EFO_0009764	GCST007741	Genome-wide genotyping array
2019-05-08	30895295	Jonnalagadda M	2019-03-21	Genome Biol Evol	www.ncbi.nlm.nih.gov/pubmed/30895295	A genome-wide association study of skin and iris pigmentation among individuals of South Asian ancestry.	Iris color (b* coordinate)	329 South Asian ancestry individuals		3q23	3	140360027	CLSTN2	CLSTN2			ENSG00000158258			rs6789157-T	rs6789157	0	6789157	intron_variant	0	0.467	3E-6	5.522878745280337		0.403	[0.24-0.57] unit increase	Illumina [640625] (imputed)	N	eye colour measurement	http://www.ebi.ac.uk/efo/EFO_0009764	GCST007741	Genome-wide genotyping array
2019-03-28	30664655	Adhikari K	2019-01-21	Nat Commun	www.ncbi.nlm.nih.gov/pubmed/30664655	A GWAS in Latin Americans highlights the convergent evolution of lighter skin pigmentation in Eurasia.	Eye color (brightness)	6,236 Latin American individuals	NA	15q13.1	15	27985172	OCA2	OCA2			ENSG00000104044			rs1800407-?	rs1800407	0	1800407	missense_variant	0	NR	1E-19	19.0	(conditional on rs16891982, rs12203592, rs10809826, rs1800404, rs12913832 and rs1426654)			Illumina [8896142] (imputed)	N	eye colour measurement	http://www.ebi.ac.uk/efo/EFO_0009764	GCST007455	Genome-wide genotyping array
2019-03-28	30664655	Adhikari K	2019-01-21	Nat Commun	www.ncbi.nlm.nih.gov/pubmed/30664655	A GWAS in Latin Americans highlights the convergent evolution of lighter skin pigmentation in Eurasia.	Eye color (hue)	6,236 Latin American individuals	NA	15q13.1	15	27985172	OCA2	OCA2			ENSG00000104044			rs1800407-?	rs1800407	0	1800407	missense_variant	0	NR	5E-6	5.301029995663981				Illumina [8896142] (imputed)	N	eye colour measurement	http://www.ebi.ac.uk/efo/EFO_0009764	GCST007456	Genome-wide genotyping array
2019-03-28	30664655	Adhikari K	2019-01-21	Nat Commun	www.ncbi.nlm.nih.gov/pubmed/30664655	A GWAS in Latin Americans highlights the convergent evolution of lighter skin pigmentation in Eurasia.	Eye color (hue)	6,236 Latin American individuals	NA	15q13.1	15	28120472	HERC2	HERC2			ENSG00000128731			rs12913832-?	rs12913832	0	12913832	intron_variant	0	NR	1E-92	92.0				Illumina [8896142] (imputed)	N	eye colour measurement	http://www.ebi.ac.uk/efo/EFO_0009764	GCST007456	Genome-wide genotyping array
2019-03-28	30664655	Adhikari K	2019-01-21	Nat Commun	www.ncbi.nlm.nih.gov/pubmed/30664655	A GWAS in Latin Americans highlights the convergent evolution of lighter skin pigmentation in Eurasia.	Eye color (hue)	6,236 Latin American individuals	NA	20q13.12	20	45110478	WFDC5	WFDC5			ENSG00000175121			rs17422688-?	rs17422688	0	17422688	missense_variant	0	NR	2E-8	7.698970004336019				Illumina [8896142] (imputed)	N	eye colour measurement	http://www.ebi.ac.uk/efo/EFO_0009764	GCST007456	Genome-wide genotyping array
2019-03-28	30664655	Adhikari K	2019-01-21	Nat Commun	www.ncbi.nlm.nih.gov/pubmed/30664655	A GWAS in Latin Americans highlights the convergent evolution of lighter skin pigmentation in Eurasia.	Skin, hair and eye pigmentation (multivariate analysis)	6,236 Latin American individuals	NA	3q26.1	3	167762873	SERPINI1	SERPINI1			ENSG00000163536			rs9819158-?	rs9819158	0	9819158	intron_variant	0	NR	2E-8	7.698970004336019				Illumina [181139] (imputed)	N	eye colour measurement, strand of hair color, skin pigmentation	http://www.ebi.ac.uk/efo/EFO_0009764, http://purl.obolibrary.org/obo/OBA_0002313, http://purl.obolibrary.org/obo/OBA_VT0002095	GCST007451	Genome-wide genotyping array
2019-03-28	30664655	Adhikari K	2019-01-21	Nat Commun	www.ncbi.nlm.nih.gov/pubmed/30664655	A GWAS in Latin Americans highlights the convergent evolution of lighter skin pigmentation in Eurasia.	Skin, hair and eye pigmentation (multivariate analysis)	6,236 Latin American individuals	NA	5p13.2	5	33958854	SLC45A2	SLC45A2			ENSG00000164175			rs28777-?	rs28777	0	28777	intron_variant	0	NR	9E-127	126.04575749056067				Illumina [181139] (imputed)	N	eye colour measurement, strand of hair color, skin pigmentation	http://www.ebi.ac.uk/efo/EFO_0009764, http://purl.obolibrary.org/obo/OBA_0002313, http://purl.obolibrary.org/obo/OBA_VT0002095	GCST007451	Genome-wide genotyping array
2019-03-28	30664655	Adhikari K	2019-01-21	Nat Commun	www.ncbi.nlm.nih.gov/pubmed/30664655	A GWAS in Latin Americans highlights the convergent evolution of lighter skin pigmentation in Eurasia.	Skin, hair and eye pigmentation (multivariate analysis)	6,236 Latin American individuals	NA	6p25.3	6	396321	IRF4	IRF4			ENSG00000137265			rs12203592-?	rs12203592	0	12203592	intron_variant	0	NR	4E-43	42.39794000867204				Illumina [181139] (imputed)	N	eye colour measurement, strand of hair color, skin pigmentation	http://www.ebi.ac.uk/efo/EFO_0009764, http://purl.obolibrary.org/obo/OBA_0002313, http://purl.obolibrary.org/obo/OBA_VT0002095	GCST007451	Genome-wide genotyping array
2019-03-28	30664655	Adhikari K	2019-01-21	Nat Commun	www.ncbi.nlm.nih.gov/pubmed/30664655	A GWAS in Latin Americans highlights the convergent evolution of lighter skin pigmentation in Eurasia.	Skin, hair and eye pigmentation (multivariate analysis)	6,236 Latin American individuals	NA	10q26.11	10	117804632	EMX2	LINC02674 - RAB11FIP2	ENSG00000234952	ENSG00000107560		51303	200284	rs11198112-?	rs11198112	0	11198112	regulatory_region_variant	1	NR	2E-8	7.698970004336019				Illumina [181139] (imputed)	N	eye colour measurement, strand of hair color, skin pigmentation	http://www.ebi.ac.uk/efo/EFO_0009764, http://purl.obolibrary.org/obo/OBA_0002313, http://purl.obolibrary.org/obo/OBA_VT0002095	GCST007451	Genome-wide genotyping array
2019-03-28	30664655	Adhikari K	2019-01-21	Nat Commun	www.ncbi.nlm.nih.gov/pubmed/30664655	A GWAS in Latin Americans highlights the convergent evolution of lighter skin pigmentation in Eurasia.	Skin, hair and eye pigmentation (multivariate analysis)	6,236 Latin American individuals	NA	11q14.3	11	88778356	GRM5	GRM5			ENSG00000168959			rs7118677-?	rs7118677	0	7118677	intron_variant	0	NR	8E-10	9.096910013008056				Illumina [181139] (imputed)	N	eye colour measurement, strand of hair color, skin pigmentation	http://www.ebi.ac.uk/efo/EFO_0009764, http://purl.obolibrary.org/obo/OBA_0002313, http://purl.obolibrary.org/obo/OBA_VT0002095	GCST007451	Genome-wide genotyping array
2019-03-28	30664655	Adhikari K	2019-01-21	Nat Commun	www.ncbi.nlm.nih.gov/pubmed/30664655	A GWAS in Latin Americans highlights the convergent evolution of lighter skin pigmentation in Eurasia.	Skin, hair and eye pigmentation (multivariate analysis)	6,236 Latin American individuals	NA	11q14.3	11	89284793	TYR	TYR			ENSG00000077498			rs1126809-?	rs1126809	0	1126809	missense_variant	0	NR	7E-13	12.154901959985743				Illumina [181139] (imputed)	N	eye colour measurement, strand of hair color, skin pigmentation	http://www.ebi.ac.uk/efo/EFO_0009764, http://purl.obolibrary.org/obo/OBA_0002313, http://purl.obolibrary.org/obo/OBA_VT0002095	GCST007451	Genome-wide genotyping array
2019-03-28	30664655	Adhikari K	2019-01-21	Nat Commun	www.ncbi.nlm.nih.gov/pubmed/30664655	A GWAS in Latin Americans highlights the convergent evolution of lighter skin pigmentation in Eurasia.	Skin, hair and eye pigmentation (multivariate analysis)	6,236 Latin American individuals	NA	15q13.1	15	27985172	OCA2	OCA2			ENSG00000104044			rs1800407-?	rs1800407	0	1800407	missense_variant	0	NR	1E-12	12.0				Illumina [181139] (imputed)	N	eye colour measurement, strand of hair color, skin pigmentation	http://www.ebi.ac.uk/efo/EFO_0009764, http://purl.obolibrary.org/obo/OBA_0002313, http://purl.obolibrary.org/obo/OBA_VT0002095	GCST007451	Genome-wide genotyping array
2019-03-28	30664655	Adhikari K	2019-01-21	Nat Commun	www.ncbi.nlm.nih.gov/pubmed/30664655	A GWAS in Latin Americans highlights the convergent evolution of lighter skin pigmentation in Eurasia.	Skin, hair and eye pigmentation (multivariate analysis)	6,236 Latin American individuals	NA	15q13.1	15	27990627	OCA2	OCA2			ENSG00000104044			rs1800404-?	rs1800404	0	1800404	synonymous_variant	0	NR	4E-18	17.397940008672037				Illumina [181139] (imputed)	N	eye colour measurement, strand of hair color, skin pigmentation	http://www.ebi.ac.uk/efo/EFO_0009764, http://purl.obolibrary.org/obo/OBA_0002313, http://purl.obolibrary.org/obo/OBA_VT0002095	GCST007451	Genome-wide genotyping array
2019-03-28	30664655	Adhikari K	2019-01-21	Nat Commun	www.ncbi.nlm.nih.gov/pubmed/30664655	A GWAS in Latin Americans highlights the convergent evolution of lighter skin pigmentation in Eurasia.	Skin, hair and eye pigmentation (multivariate analysis)	6,236 Latin American individuals	NA	15q13.1	15	28120472	HERC2	HERC2			ENSG00000128731			rs12913832-?	rs12913832	0	12913832	intron_variant	0	NR	1E-200	200.0				Illumina [181139] (imputed)	N	eye colour measurement, strand of hair color, skin pigmentation	http://www.ebi.ac.uk/efo/EFO_0009764, http://purl.obolibrary.org/obo/OBA_0002313, http://purl.obolibrary.org/obo/OBA_VT0002095	GCST007451	Genome-wide genotyping array
2019-03-28	30664655	Adhikari K	2019-01-21	Nat Commun	www.ncbi.nlm.nih.gov/pubmed/30664655	A GWAS in Latin Americans highlights the convergent evolution of lighter skin pigmentation in Eurasia.	Skin, hair and eye pigmentation (multivariate analysis)	6,236 Latin American individuals	NA	15q13.1	15	28135372	HERC2	HERC2			ENSG00000128731			rs4778249-?	rs4778249	0	4778249	intron_variant	0	NR	6E-21	20.221848749616356				Illumina [181139] (imputed)	N	eye colour measurement, strand of hair color, skin pigmentation	http://www.ebi.ac.uk/efo/EFO_0009764, http://purl.obolibrary.org/obo/OBA_0002313, http://purl.obolibrary.org/obo/OBA_VT0002095	GCST007451	Genome-wide genotyping array
2019-03-28	30664655	Adhikari K	2019-01-21	Nat Commun	www.ncbi.nlm.nih.gov/pubmed/30664655	A GWAS in Latin Americans highlights the convergent evolution of lighter skin pigmentation in Eurasia.	Skin, hair and eye pigmentation (multivariate analysis)	6,236 Latin American individuals	NA	15q21.1	15	48134287	SLC24A5	SLC24A5			ENSG00000188467			rs1426654-?	rs1426654	0	1426654	missense_variant	0	NR	4E-150	149.39794000867204				Illumina [181139] (imputed)	N	eye colour measurement, strand of hair color, skin pigmentation	http://www.ebi.ac.uk/efo/EFO_0009764, http://purl.obolibrary.org/obo/OBA_0002313, http://purl.obolibrary.org/obo/OBA_VT0002095	GCST007451	Genome-wide genotyping array
2019-03-28	30664655	Adhikari K	2019-01-21	Nat Commun	www.ncbi.nlm.nih.gov/pubmed/30664655	A GWAS in Latin Americans highlights the convergent evolution of lighter skin pigmentation in Eurasia.	Eye color (saturation)	6,236 Latin American individuals	NA	1q32.1	1	205143783	DSTYK	DSTYK			ENSG00000133059			rs3795556-?	rs3795556	0	3795556	3_prime_UTR_variant	0	NR	4E-9	8.397940008672037				Illumina [8896142] (imputed)	N	eye colour measurement	http://www.ebi.ac.uk/efo/EFO_0009764	GCST007457	Genome-wide genotyping array
2019-03-28	30664655	Adhikari K	2019-01-21	Nat Commun	www.ncbi.nlm.nih.gov/pubmed/30664655	A GWAS in Latin Americans highlights the convergent evolution of lighter skin pigmentation in Eurasia.	Eye color (saturation)	6,236 Latin American individuals	NA	5p13.2	5	33951588	SLC45A2	SLC45A2			ENSG00000164175			rs16891982-?	rs16891982	0	16891982	missense_variant	0	NR	5E-7	6.301029995663981				Illumina [8896142] (imputed)	N	eye colour measurement	http://www.ebi.ac.uk/efo/EFO_0009764	GCST007457	Genome-wide genotyping array
2019-03-28	30664655	Adhikari K	2019-01-21	Nat Commun	www.ncbi.nlm.nih.gov/pubmed/30664655	A GWAS in Latin Americans highlights the convergent evolution of lighter skin pigmentation in Eurasia.	Eye color (saturation)	6,236 Latin American individuals	NA	9p23	9	12682663	TYRP1	LURAP1L-AS1			ENSG00000235448			rs10809826-?	rs10809826	0	10809826	intron_variant	0	NR	2E-8	7.698970004336019				Illumina [8896142] (imputed)	N	eye colour measurement	http://www.ebi.ac.uk/efo/EFO_0009764	GCST007457	Genome-wide genotyping array
2019-03-28	30664655	Adhikari K	2019-01-21	Nat Commun	www.ncbi.nlm.nih.gov/pubmed/30664655	A GWAS in Latin Americans highlights the convergent evolution of lighter skin pigmentation in Eurasia.	Eye color (saturation)	6,236 Latin American individuals	NA	15q13.1	15	27985172	OCA2	OCA2			ENSG00000104044			rs1800407-?	rs1800407	0	1800407	missense_variant	0	NR	1E-7	7.0				Illumina [8896142] (imputed)	N	eye colour measurement	http://www.ebi.ac.uk/efo/EFO_0009764	GCST007457	Genome-wide genotyping array
2019-03-28	30664655	Adhikari K	2019-01-21	Nat Commun	www.ncbi.nlm.nih.gov/pubmed/30664655	A GWAS in Latin Americans highlights the convergent evolution of lighter skin pigmentation in Eurasia.	Eye color (saturation)	6,236 Latin American individuals	NA	15q13.1	15	27990627	OCA2	OCA2			ENSG00000104044			rs1800404-?	rs1800404	0	1800404	synonymous_variant	0	NR	1E-6	6.0				Illumina [8896142] (imputed)	N	eye colour measurement	http://www.ebi.ac.uk/efo/EFO_0009764	GCST007457	Genome-wide genotyping array
2019-03-28	30664655	Adhikari K	2019-01-21	Nat Commun	www.ncbi.nlm.nih.gov/pubmed/30664655	A GWAS in Latin Americans highlights the convergent evolution of lighter skin pigmentation in Eurasia.	Eye color (saturation)	6,236 Latin American individuals	NA	15q13.1	15	28120472	HERC2	HERC2			ENSG00000128731			rs12913832-?	rs12913832	0	12913832	intron_variant	0	NR	6E-7	6.221848749616356				Illumina [8896142] (imputed)	N	eye colour measurement	http://www.ebi.ac.uk/efo/EFO_0009764	GCST007457	Genome-wide genotyping array
2019-03-28	30664655	Adhikari K	2019-01-21	Nat Commun	www.ncbi.nlm.nih.gov/pubmed/30664655	A GWAS in Latin Americans highlights the convergent evolution of lighter skin pigmentation in Eurasia.	Eye color (saturation)	6,236 Latin American individuals	NA	15q13.1	15	28135372	HERC2	HERC2			ENSG00000128731			rs4778249-?	rs4778249	0	4778249	intron_variant	0	NR	4E-15	14.397940008672037				Illumina [8896142] (imputed)	N	eye colour measurement	http://www.ebi.ac.uk/efo/EFO_0009764	GCST007457	Genome-wide genotyping array
2019-03-28	30664655	Adhikari K	2019-01-21	Nat Commun	www.ncbi.nlm.nih.gov/pubmed/30664655	A GWAS in Latin Americans highlights the convergent evolution of lighter skin pigmentation in Eurasia.	Eye color (saturation)	6,236 Latin American individuals	NA	15q21.1	15	48134287	SLC24A5	SLC24A5			ENSG00000188467			rs1426654-?	rs1426654	0	1426654	missense_variant	0	NR	6E-45	44.221848749616356				Illumina [8896142] (imputed)	N	eye colour measurement	http://www.ebi.ac.uk/efo/EFO_0009764	GCST007457	Genome-wide genotyping array
2019-03-28	30664655	Adhikari K	2019-01-21	Nat Commun	www.ncbi.nlm.nih.gov/pubmed/30664655	A GWAS in Latin Americans highlights the convergent evolution of lighter skin pigmentation in Eurasia.	Eye color (saturation)	6,236 Latin American individuals	NA	22q12.3	22	37028950	MPST	MPST			ENSG00000128309			rs5756492-?	rs5756492	0	5756492	intron_variant	0	NR	5E-8	7.301029995663981				Illumina [8896142] (imputed)	N	eye colour measurement	http://www.ebi.ac.uk/efo/EFO_0009764	GCST007457	Genome-wide genotyping array
2019-03-28	30664655	Adhikari K	2019-01-21	Nat Commun	www.ncbi.nlm.nih.gov/pubmed/30664655	A GWAS in Latin Americans highlights the convergent evolution of lighter skin pigmentation in Eurasia.	Eye color (saturation)	6,236 Latin American individuals	NA	3q26.1	3	167762873	SERPINI1	SERPINI1			ENSG00000163536			rs9819158-?	rs9819158	0	9819158	intron_variant	0	NR	9E-6	5.045757490560675				Illumina [8896142] (imputed)	N	eye colour measurement	http://www.ebi.ac.uk/efo/EFO_0009764	GCST007457	Genome-wide genotyping array
2019-03-28	30664655	Adhikari K	2019-01-21	Nat Commun	www.ncbi.nlm.nih.gov/pubmed/30664655	A GWAS in Latin Americans highlights the convergent evolution of lighter skin pigmentation in Eurasia.	Eye color	6,236 Latin American individuals	NA	5p13.2	5	33951588	SLC45A2	SLC45A2			ENSG00000164175			rs16891982-?	rs16891982	0	16891982	missense_variant	0	NR	1E-15	15.0				Illumina [8896142] (imputed)	N	eye colour measurement	http://www.ebi.ac.uk/efo/EFO_0009764	GCST007453	Genome-wide genotyping array
2019-03-28	30664655	Adhikari K	2019-01-21	Nat Commun	www.ncbi.nlm.nih.gov/pubmed/30664655	A GWAS in Latin Americans highlights the convergent evolution of lighter skin pigmentation in Eurasia.	Eye color	6,236 Latin American individuals	NA	6p25.3	6	396321	IRF4	IRF4			ENSG00000137265			rs12203592-?	rs12203592	0	12203592	intron_variant	0	NR	1E-12	12.0				Illumina [8896142] (imputed)	N	eye colour measurement	http://www.ebi.ac.uk/efo/EFO_0009764	GCST007453	Genome-wide genotyping array
2019-03-28	30664655	Adhikari K	2019-01-21	Nat Commun	www.ncbi.nlm.nih.gov/pubmed/30664655	A GWAS in Latin Americans highlights the convergent evolution of lighter skin pigmentation in Eurasia.	Eye color	6,236 Latin American individuals	NA	9p23	9	12682663	TYRP1	LURAP1L-AS1			ENSG00000235448			rs10809826-?	rs10809826	0	10809826	intron_variant	0	NR	1E-10	10.0				Illumina [8896142] (imputed)	N	eye colour measurement	http://www.ebi.ac.uk/efo/EFO_0009764	GCST007453	Genome-wide genotyping array
2019-03-28	30664655	Adhikari K	2019-01-21	Nat Commun	www.ncbi.nlm.nih.gov/pubmed/30664655	A GWAS in Latin Americans highlights the convergent evolution of lighter skin pigmentation in Eurasia.	Eye color	6,236 Latin American individuals	NA	15q13.1	15	27990627	OCA2	OCA2			ENSG00000104044			rs1800404-?	rs1800404	0	1800404	synonymous_variant	0	NR	1E-11	11.0				Illumina [8896142] (imputed)	N	eye colour measurement	http://www.ebi.ac.uk/efo/EFO_0009764	GCST007453	Genome-wide genotyping array
2019-03-28	30664655	Adhikari K	2019-01-21	Nat Commun	www.ncbi.nlm.nih.gov/pubmed/30664655	A GWAS in Latin Americans highlights the convergent evolution of lighter skin pigmentation in Eurasia.	Eye color	6,236 Latin American individuals	NA	15q13.1	15	28120472	HERC2	HERC2			ENSG00000128731			rs12913832-?	rs12913832	0	12913832	intron_variant	0	NR	1E-200	200.0				Illumina [8896142] (imputed)	N	eye colour measurement	http://www.ebi.ac.uk/efo/EFO_0009764	GCST007453	Genome-wide genotyping array
2019-03-28	30664655	Adhikari K	2019-01-21	Nat Commun	www.ncbi.nlm.nih.gov/pubmed/30664655	A GWAS in Latin Americans highlights the convergent evolution of lighter skin pigmentation in Eurasia.	Eye color	6,236 Latin American individuals	NA	15q13.1	15	28135372	HERC2	HERC2			ENSG00000128731			rs4778249-?	rs4778249	0	4778249	intron_variant	0	NR	1E-10	10.0				Illumina [8896142] (imputed)	N	eye colour measurement	http://www.ebi.ac.uk/efo/EFO_0009764	GCST007453	Genome-wide genotyping array
2019-03-28	30664655	Adhikari K	2019-01-21	Nat Commun	www.ncbi.nlm.nih.gov/pubmed/30664655	A GWAS in Latin Americans highlights the convergent evolution of lighter skin pigmentation in Eurasia.	Eye color	6,236 Latin American individuals	NA	15q21.1	15	48134287	SLC24A5	SLC24A5			ENSG00000188467			rs1426654-?	rs1426654	0	1426654	missense_variant	0	NR	1E-26	26.0				Illumina [8896142] (imputed)	N	eye colour measurement	http://www.ebi.ac.uk/efo/EFO_0009764	GCST007453	Genome-wide genotyping array
2019-03-28	30664655	Adhikari K	2019-01-21	Nat Commun	www.ncbi.nlm.nih.gov/pubmed/30664655	A GWAS in Latin Americans highlights the convergent evolution of lighter skin pigmentation in Eurasia.	Eye color	6,236 Latin American individuals	NA	15q13.1	15	27968704	OCA2	OCA2			ENSG00000104044			rs4778219-?	rs4778219	0	4778219	intron_variant	0	NR	4E-7	6.3979400086720375	(conditional on rs16891982, rs12203592, rs10809826, rs1800404, rs12913832 and rs1426654)			Illumina [8896142] (imputed)	N	eye colour measurement	http://www.ebi.ac.uk/efo/EFO_0009764	GCST007453	Genome-wide genotyping array
2019-03-28	30664655	Adhikari K	2019-01-21	Nat Commun	www.ncbi.nlm.nih.gov/pubmed/30664655	A GWAS in Latin Americans highlights the convergent evolution of lighter skin pigmentation in Eurasia.	Eye color	6,236 Latin American individuals	NA	15q13.1	15	27985172	OCA2	OCA2			ENSG00000104044			rs1800407-?	rs1800407	0	1800407	missense_variant	0	NR	6E-17	16.221848749616356	(conditional on rs16891982, rs12203592, rs10809826, rs1800404, rs12913832 and rs1426654)			Illumina [8896142] (imputed)	N	eye colour measurement	http://www.ebi.ac.uk/efo/EFO_0009764	GCST007453	Genome-wide genotyping array
2019-03-28	30664655	Adhikari K	2019-01-21	Nat Commun	www.ncbi.nlm.nih.gov/pubmed/30664655	A GWAS in Latin Americans highlights the convergent evolution of lighter skin pigmentation in Eurasia.	Eye color (brightness)	6,236 Latin American individuals	NA	15q13.1	15	28120472	HERC2	HERC2			ENSG00000128731			rs12913832-?	rs12913832	0	12913832	intron_variant	0	NR	1E-200	200.0				Illumina [8896142] (imputed)	N	eye colour measurement	http://www.ebi.ac.uk/efo/EFO_0009764	GCST007455	Genome-wide genotyping array
2019-03-28	30664655	Adhikari K	2019-01-21	Nat Commun	www.ncbi.nlm.nih.gov/pubmed/30664655	A GWAS in Latin Americans highlights the convergent evolution of lighter skin pigmentation in Eurasia.	Eye color (brightness)	6,236 Latin American individuals	NA	5p13.2	5	33951588	SLC45A2	SLC45A2			ENSG00000164175			rs16891982-?	rs16891982	0	16891982	missense_variant	0	NR	4E-17	16.397940008672037				Illumina [8896142] (imputed)	N	eye colour measurement	http://www.ebi.ac.uk/efo/EFO_0009764	GCST007455	Genome-wide genotyping array
2019-03-28	30664655	Adhikari K	2019-01-21	Nat Commun	www.ncbi.nlm.nih.gov/pubmed/30664655	A GWAS in Latin Americans highlights the convergent evolution of lighter skin pigmentation in Eurasia.	Eye color (brightness)	6,236 Latin American individuals	NA	6p25.3	6	396321	IRF4	IRF4			ENSG00000137265			rs12203592-?	rs12203592	0	12203592	intron_variant	0	NR	3E-14	13.522878745280337				Illumina [8896142] (imputed)	N	eye colour measurement	http://www.ebi.ac.uk/efo/EFO_0009764	GCST007455	Genome-wide genotyping array
2019-03-28	30664655	Adhikari K	2019-01-21	Nat Commun	www.ncbi.nlm.nih.gov/pubmed/30664655	A GWAS in Latin Americans highlights the convergent evolution of lighter skin pigmentation in Eurasia.	Eye color (brightness)	6,236 Latin American individuals	NA	9p23	9	12682663	TYRP1	LURAP1L-AS1			ENSG00000235448			rs10809826-?	rs10809826	0	10809826	intron_variant	0	NR	5E-16	15.301029995663981				Illumina [8896142] (imputed)	N	eye colour measurement	http://www.ebi.ac.uk/efo/EFO_0009764	GCST007455	Genome-wide genotyping array
2019-03-28	30664655	Adhikari K	2019-01-21	Nat Commun	www.ncbi.nlm.nih.gov/pubmed/30664655	A GWAS in Latin Americans highlights the convergent evolution of lighter skin pigmentation in Eurasia.	Eye color (brightness)	6,236 Latin American individuals	NA	11q14.3	11	89284793	TYR	TYR			ENSG00000077498			rs1126809-?	rs1126809	0	1126809	missense_variant	0	NR	5E-6	5.301029995663981				Illumina [8896142] (imputed)	N	eye colour measurement	http://www.ebi.ac.uk/efo/EFO_0009764	GCST007455	Genome-wide genotyping array
2019-03-28	30664655	Adhikari K	2019-01-21	Nat Commun	www.ncbi.nlm.nih.gov/pubmed/30664655	A GWAS in Latin Americans highlights the convergent evolution of lighter skin pigmentation in Eurasia.	Eye color (brightness)	6,236 Latin American individuals	NA	15q13.1	15	27990627	OCA2	OCA2			ENSG00000104044			rs1800404-?	rs1800404	0	1800404	synonymous_variant	0	NR	5E-19	18.30102999566398				Illumina [8896142] (imputed)	N	eye colour measurement	http://www.ebi.ac.uk/efo/EFO_0009764	GCST007455	Genome-wide genotyping array
2019-03-28	30664655	Adhikari K	2019-01-21	Nat Commun	www.ncbi.nlm.nih.gov/pubmed/30664655	A GWAS in Latin Americans highlights the convergent evolution of lighter skin pigmentation in Eurasia.	Eye color (brightness)	6,236 Latin American individuals	NA	15q13.1	15	28135372	HERC2	HERC2			ENSG00000128731			rs4778249-?	rs4778249	0	4778249	intron_variant	0	NR	3E-20	19.522878745280337				Illumina [8896142] (imputed)	N	eye colour measurement	http://www.ebi.ac.uk/efo/EFO_0009764	GCST007455	Genome-wide genotyping array
2019-03-28	30664655	Adhikari K	2019-01-21	Nat Commun	www.ncbi.nlm.nih.gov/pubmed/30664655	A GWAS in Latin Americans highlights the convergent evolution of lighter skin pigmentation in Eurasia.	Eye color (brightness)	6,236 Latin American individuals	NA	15q21.1	15	48134287	SLC24A5	SLC24A5			ENSG00000188467			rs1426654-?	rs1426654	0	1426654	missense_variant	0	NR	8E-50	49.096910013008056				Illumina [8896142] (imputed)	N	eye colour measurement	http://www.ebi.ac.uk/efo/EFO_0009764	GCST007455	Genome-wide genotyping array
2019-03-28	30664655	Adhikari K	2019-01-21	Nat Commun	www.ncbi.nlm.nih.gov/pubmed/30664655	A GWAS in Latin Americans highlights the convergent evolution of lighter skin pigmentation in Eurasia.	Eye color (brightness)	6,236 Latin American individuals	NA	1q32.1	1	205143783	DSTYK	DSTYK			ENSG00000133059			rs3795556-?	rs3795556	0	3795556	3_prime_UTR_variant	0	NR	2E-8	7.698970004336019	(conditional on rs16891982, rs12203592, rs10809826, rs1800404, rs12913832 and rs1426654)			Illumina [8896142] (imputed)	N	eye colour measurement	http://www.ebi.ac.uk/efo/EFO_0009764	GCST007455	Genome-wide genotyping array
2019-03-28	30664655	Adhikari K	2019-01-21	Nat Commun	www.ncbi.nlm.nih.gov/pubmed/30664655	A GWAS in Latin Americans highlights the convergent evolution of lighter skin pigmentation in Eurasia.	Eye color (brightness)	6,236 Latin American individuals	NA	15q13.1	15	27968704	OCA2	OCA2			ENSG00000104044			rs4778219-?	rs4778219	0	4778219	intron_variant	0	NR	4E-11	10.397940008672037	(conditional on rs16891982, rs12203592, rs10809826, rs1800404, rs12913832 and rs1426654)			Illumina [8896142] (imputed)	N	eye colour measurement	http://www.ebi.ac.uk/efo/EFO_0009764	GCST007455	Genome-wide genotyping array
2019-05-08	30895295	Jonnalagadda M	2019-03-21	Genome Biol Evol	www.ncbi.nlm.nih.gov/pubmed/30895295	A genome-wide association study of skin and iris pigmentation among individuals of South Asian ancestry.	Iris color (a* coordinate)	329 South Asian ancestry individuals		4q35.1	4	186011847	intergenic	SORBS2 - RNU4-64P	ENSG00000154556	ENSG00000222727		55195	14609	rs1542371-A	rs1542371	0	1542371	intron_variant	1	0.714583	7E-6	5.154901959985743		0.416416	[0.24-0.59] unit decrease	Illumina [640625] (imputed)	N	eye colour measurement	http://www.ebi.ac.uk/efo/EFO_0009764	GCST007740	Genome-wide genotyping array
2019-05-08	30895295	Jonnalagadda M	2019-03-21	Genome Biol Evol	www.ncbi.nlm.nih.gov/pubmed/30895295	A genome-wide association study of skin and iris pigmentation among individuals of South Asian ancestry.	Iris color (a* coordinate)	329 South Asian ancestry individuals		6q21	6	106478001	intergenic	CRYBG1			ENSG00000112297			rs74371164-T	rs74371164	0	74371164	intron_variant	0	0.0244391	2E-6	5.698970004336019		1.29098	[0.77-1.81] unit decrease	Illumina [640625] (imputed)	N	eye colour measurement	http://www.ebi.ac.uk/efo/EFO_0009764	GCST007740	Genome-wide genotyping array
2019-05-08	30895295	Jonnalagadda M	2019-03-21	Genome Biol Evol	www.ncbi.nlm.nih.gov/pubmed/30895295	A genome-wide association study of skin and iris pigmentation among individuals of South Asian ancestry.	Iris color (a* coordinate)	329 South Asian ancestry individuals		7p14.1	7	41183370	intergenic	LINC01449 - INHBA	ENSG00000224017	ENSG00000122641		49863	483798	rs113052989-T	rs113052989	0	113052989	intron_variant	1	0.829808	4E-6	5.3979400086720375		0.484816	[0.28-0.69] unit increase	Illumina [640625] (imputed)	N	eye colour measurement	http://www.ebi.ac.uk/efo/EFO_0009764	GCST007740	Genome-wide genotyping array
2019-05-08	30895295	Jonnalagadda M	2019-03-21	Genome Biol Evol	www.ncbi.nlm.nih.gov/pubmed/30895295	A genome-wide association study of skin and iris pigmentation among individuals of South Asian ancestry.	Iris color (a* coordinate)	329 South Asian ancestry individuals		7p12.3	7	47522928	TNS3	TNS3			ENSG00000136205			rs370083525-CAAAAA	rs370083525	0	370083525	intron_variant	0	0.490625	7E-6	5.154901959985743		0.366022	[0.21-0.52] unit increase	Illumina [640625] (imputed)	N	eye colour measurement	http://www.ebi.ac.uk/efo/EFO_0009764	GCST007740	Genome-wide genotyping array
2019-05-08	30895295	Jonnalagadda M	2019-03-21	Genome Biol Evol	www.ncbi.nlm.nih.gov/pubmed/30895295	A genome-wide association study of skin and iris pigmentation among individuals of South Asian ancestry.	Iris color (a* coordinate)	329 South Asian ancestry individuals		7p11.2	7	57254662	intergenic	RNU7-157P - MIR3147HG	ENSG00000238431	ENSG00000260653		27596	149510	rs13238329-C	rs13238329	0	13238329	intron_variant	1	0.392067	3E-6	5.522878745280337		0.370102	[0.22-0.52] unit increase	Illumina [640625] (imputed)	N	eye colour measurement	http://www.ebi.ac.uk/efo/EFO_0009764	GCST007740	Genome-wide genotyping array
2019-05-08	30895295	Jonnalagadda M	2019-03-21	Genome Biol Evol	www.ncbi.nlm.nih.gov/pubmed/30895295	A genome-wide association study of skin and iris pigmentation among individuals of South Asian ancestry.	Iris color (a* coordinate)	329 South Asian ancestry individuals		7q11.21	7	67432818	intergenic	STAG3L4 - MTATP6P21	ENSG00000291153	ENSG00000226392		69724	195013	rs186582231-T	rs186582231	0	186582231	intergenic_variant	1	0.0160256	3E-6	5.522878745280337		1.67994	[0.98-2.38] unit increase	Illumina [640625] (imputed)	N	eye colour measurement	http://www.ebi.ac.uk/efo/EFO_0009764	GCST007740	Genome-wide genotyping array
2019-05-08	30895295	Jonnalagadda M	2019-03-21	Genome Biol Evol	www.ncbi.nlm.nih.gov/pubmed/30895295	A genome-wide association study of skin and iris pigmentation among individuals of South Asian ancestry.	Iris color (a* coordinate)	329 South Asian ancestry individuals		7q36.1	7	151421400	intergenic	WDR86-AS1 - CRYGN	ENSG00000243836	ENSG00000127377		7157	7432	rs57687654-A	rs57687654	0	57687654	intergenic_variant	1	0.232452	2E-6	5.698970004336019		0.475295	[0.28-0.67] unit increase	Illumina [640625] (imputed)	N	eye colour measurement	http://www.ebi.ac.uk/efo/EFO_0009764	GCST007740	Genome-wide genotyping array
2019-05-08	30895295	Jonnalagadda M	2019-03-21	Genome Biol Evol	www.ncbi.nlm.nih.gov/pubmed/30895295	A genome-wide association study of skin and iris pigmentation among individuals of South Asian ancestry.	Iris color (a* coordinate)	329 South Asian ancestry individuals		8q21.2	8	84617435	intergenic	RALYL			ENSG00000184672			rs570913543-T	rs570913543	0	570913543	intron_variant	0	0.127083	9E-6	5.045757490560675		0.529699	[0.3-0.76] unit increase	Illumina [640625] (imputed)	N	eye colour measurement	http://www.ebi.ac.uk/efo/EFO_0009764	GCST007740	Genome-wide genotyping array
2019-05-08	30895295	Jonnalagadda M	2019-03-21	Genome Biol Evol	www.ncbi.nlm.nih.gov/pubmed/30895295	A genome-wide association study of skin and iris pigmentation among individuals of South Asian ancestry.	Iris color (a* coordinate)	329 South Asian ancestry individuals		9p12	9	39083501	CNTNAP3	CNTNAP3			ENSG00000106714			rs2210426-A	rs2210426	0	2210426	intron_variant	0	0.293269	1E-6	6.0		0.414506	[0.25-0.58] unit decrease	Illumina [640625] (imputed)	N	eye colour measurement	http://www.ebi.ac.uk/efo/EFO_0009764	GCST007740	Genome-wide genotyping array
2019-05-08	30895295	Jonnalagadda M	2019-03-21	Genome Biol Evol	www.ncbi.nlm.nih.gov/pubmed/30895295	A genome-wide association study of skin and iris pigmentation among individuals of South Asian ancestry.	Iris color (a* coordinate)	329 South Asian ancestry individuals		9q31.3	9	109408422	PTPN3	PTPN3			ENSG00000070159			rs35463120-TAAAC	rs35463120	0	35463120	intron_variant	0	0.913141	9E-6	5.045757490560675		0.650863	[0.37-0.93] unit increase	Illumina [640625] (imputed)	N	eye colour measurement	http://www.ebi.ac.uk/efo/EFO_0009764	GCST007740	Genome-wide genotyping array
2019-05-08	30895295	Jonnalagadda M	2019-03-21	Genome Biol Evol	www.ncbi.nlm.nih.gov/pubmed/30895295	A genome-wide association study of skin and iris pigmentation among individuals of South Asian ancestry.	Iris color (a* coordinate)	329 South Asian ancestry individuals		10p11.23	10	29340037	intergenic	LYZL1 - SVIL-AS1	ENSG00000120563	ENSG00000291093		21709	69365	rs1774936-A	rs1774936	0	1774936	intron_variant	1	0.413782	8E-6	5.096910013008056		0.380522	[0.22-0.54] unit decrease	Illumina [640625] (imputed)	N	eye colour measurement	http://www.ebi.ac.uk/efo/EFO_0009764	GCST007740	Genome-wide genotyping array
2019-05-08	30895295	Jonnalagadda M	2019-03-21	Genome Biol Evol	www.ncbi.nlm.nih.gov/pubmed/30895295	A genome-wide association study of skin and iris pigmentation among individuals of South Asian ancestry.	Iris color (a* coordinate)	329 South Asian ancestry individuals		10q26.13	10	124880660	intergenic	NPM1P31 - ZRANB1	ENSG00000214807	ENSG00000019995		12334	61463	rs28634972-G	rs28634972	0	28634972	intergenic_variant	1	0.250401	3E-8	7.522878745280337		0.513245	[0.34-0.69] unit decrease	Illumina [640625] (imputed)	N	eye colour measurement	http://www.ebi.ac.uk/efo/EFO_0009764	GCST007740	Genome-wide genotyping array
2019-05-08	30895295	Jonnalagadda M	2019-03-21	Genome Biol Evol	www.ncbi.nlm.nih.gov/pubmed/30895295	A genome-wide association study of skin and iris pigmentation among individuals of South Asian ancestry.	Iris color (a* coordinate)	329 South Asian ancestry individuals		10q26.3	10	129677743	MGMT	MGMT			ENSG00000170430			rs12256016-G	rs12256016	0	12256016	intron_variant	0	0.267949	7E-6	5.154901959985743		0.403193	[0.23-0.58] unit decrease	Illumina [640625] (imputed)	N	eye colour measurement	http://www.ebi.ac.uk/efo/EFO_0009764	GCST007740	Genome-wide genotyping array
2019-05-08	30895295	Jonnalagadda M	2019-03-21	Genome Biol Evol	www.ncbi.nlm.nih.gov/pubmed/30895295	A genome-wide association study of skin and iris pigmentation among individuals of South Asian ancestry.	Iris color (a* coordinate)	329 South Asian ancestry individuals		11q23.2	11	113529872	intergenic	DRD2 - TMPRSS5	ENSG00000149295	ENSG00000166682		53470	157671	rs192035988-A	rs192035988	0	192035988	intergenic_variant	1	0.0129006	3E-6	5.522878745280337		2.12931	[1.25-3.01] unit increase	Illumina [640625] (imputed)	N	eye colour measurement	http://www.ebi.ac.uk/efo/EFO_0009764	GCST007740	Genome-wide genotyping array
2019-05-08	30895295	Jonnalagadda M	2019-03-21	Genome Biol Evol	www.ncbi.nlm.nih.gov/pubmed/30895295	A genome-wide association study of skin and iris pigmentation among individuals of South Asian ancestry.	Iris color (a* coordinate)	329 South Asian ancestry individuals					intergenic							chr13:19679321-T	chr13:19679321	0			1	0.0548078	8E-6	5.096910013008056		0.983533	[0.56-1.41] unit increase	Illumina [640625] (imputed)	N	eye colour measurement	http://www.ebi.ac.uk/efo/EFO_0009764	GCST007740	Genome-wide genotyping array
2019-05-08	30895295	Jonnalagadda M	2019-03-21	Genome Biol Evol	www.ncbi.nlm.nih.gov/pubmed/30895295	A genome-wide association study of skin and iris pigmentation among individuals of South Asian ancestry.	Iris color (a* coordinate)	329 South Asian ancestry individuals		15q21.1	15	48134287	SLC24A5	SLC24A5			ENSG00000188467			rs1426654-G	rs1426654	0	1426654	missense_variant	0	0.14976	2E-6	5.698970004336019		0.49289	[0.29-0.69] unit decrease	Illumina [640625] (imputed)	N	eye colour measurement	http://www.ebi.ac.uk/efo/EFO_0009764	GCST007740	Genome-wide genotyping array
2019-05-08	30895295	Jonnalagadda M	2019-03-21	Genome Biol Evol	www.ncbi.nlm.nih.gov/pubmed/30895295	A genome-wide association study of skin and iris pigmentation among individuals of South Asian ancestry.	Iris color (a* coordinate)	329 South Asian ancestry individuals		15q26.1	15	91134327	SV2B	SV2B			ENSG00000185518			rs1003759-C	rs1003759	0	1003759	intron_variant	0	0.133173	7E-7	6.154901959985743		0.588105	[0.36-0.82] unit increase	Illumina [640625] (imputed)	N	eye colour measurement	http://www.ebi.ac.uk/efo/EFO_0009764	GCST007740	Genome-wide genotyping array
2019-05-08	30895295	Jonnalagadda M	2019-03-21	Genome Biol Evol	www.ncbi.nlm.nih.gov/pubmed/30895295	A genome-wide association study of skin and iris pigmentation among individuals of South Asian ancestry.	Iris color (a* coordinate)	329 South Asian ancestry individuals		16q12.2	16	55869460	intergenic	CES5A			ENSG00000159398			rs567091563-T	rs567091563	0	567091563	intron_variant	0	0.0322116	6E-6	5.221848749616356		1.22091	[0.7-1.74] unit increase	Illumina [640625] (imputed)	N	eye colour measurement	http://www.ebi.ac.uk/efo/EFO_0009764	GCST007740	Genome-wide genotyping array
2019-05-08	30895295	Jonnalagadda M	2019-03-21	Genome Biol Evol	www.ncbi.nlm.nih.gov/pubmed/30895295	A genome-wide association study of skin and iris pigmentation among individuals of South Asian ancestry.	Iris color (a* coordinate)	329 South Asian ancestry individuals		16q23.3	16	84057293	MBTPS1	MBTPS1			ENSG00000140943			rs3785011-A	rs3785011	0	3785011	intron_variant	0	0.065705	6E-6	5.221848749616356		0.807782	[0.47-1.15] unit decrease	Illumina [640625] (imputed)	N	eye colour measurement	http://www.ebi.ac.uk/efo/EFO_0009764	GCST007740	Genome-wide genotyping array
2019-05-08	30895295	Jonnalagadda M	2019-03-21	Genome Biol Evol	www.ncbi.nlm.nih.gov/pubmed/30895295	A genome-wide association study of skin and iris pigmentation among individuals of South Asian ancestry.	Iris color (a* coordinate)	329 South Asian ancestry individuals		16q24.2	16	88227277	intergenic	LINC02182			ENSG00000260420			rs9930276-A	rs9930276	0	9930276	intron_variant	0	0.529487	5E-6	5.301029995663981		0.414219	[0.24-0.59] unit decrease	Illumina [640625] (imputed)	N	eye colour measurement	http://www.ebi.ac.uk/efo/EFO_0009764	GCST007740	Genome-wide genotyping array
2019-05-08	30895295	Jonnalagadda M	2019-03-21	Genome Biol Evol	www.ncbi.nlm.nih.gov/pubmed/30895295	A genome-wide association study of skin and iris pigmentation among individuals of South Asian ancestry.	Iris color (a* coordinate)	329 South Asian ancestry individuals					intergenic							chr17:1194826-A	chr17:1194826	0			1	0.434936	6E-6	5.221848749616356		0.401911	[0.23-0.57] unit increase	Illumina [640625] (imputed)	N	eye colour measurement	http://www.ebi.ac.uk/efo/EFO_0009764	GCST007740	Genome-wide genotyping array
2019-05-08	30895295	Jonnalagadda M	2019-03-21	Genome Biol Evol	www.ncbi.nlm.nih.gov/pubmed/30895295	A genome-wide association study of skin and iris pigmentation among individuals of South Asian ancestry.	Iris color (a* coordinate)	329 South Asian ancestry individuals		17p12	17	12747980	AC005358.1	MYOCD			ENSG00000141052			rs144953267-T	rs144953267	0	144953267	intron_variant	0	0.0301282	9E-6	5.045757490560675		1.24329	[0.7-1.78] unit decrease	Illumina [640625] (imputed)	N	eye colour measurement	http://www.ebi.ac.uk/efo/EFO_0009764	GCST007740	Genome-wide genotyping array
2019-05-08	30895295	Jonnalagadda M	2019-03-21	Genome Biol Evol	www.ncbi.nlm.nih.gov/pubmed/30895295	A genome-wide association study of skin and iris pigmentation among individuals of South Asian ancestry.	Iris color (b* coordinate)	329 South Asian ancestry individuals		1p36.33	1	1625671	MIB2	MIB2			ENSG00000197530			rs117489126-T	rs117489126	0	117489126	intron_variant	0	0.019	7E-6	5.154901959985743		1.412	[0.81-2.02] unit increase	Illumina [640625] (imputed)	N	eye colour measurement	http://www.ebi.ac.uk/efo/EFO_0009764	GCST007741	Genome-wide genotyping array
2019-05-08	30895295	Jonnalagadda M	2019-03-21	Genome Biol Evol	www.ncbi.nlm.nih.gov/pubmed/30895295	A genome-wide association study of skin and iris pigmentation among individuals of South Asian ancestry.	Iris color (b* coordinate)	329 South Asian ancestry individuals		1q42.2	1	232724717	intergenic	LINC01745			ENSG00000225919			rs533931579-T	rs533931579	0	533931579	intron_variant	0	0.011	8E-6	5.096910013008056		2.217	[1.26-3.18] unit increase	Illumina [640625] (imputed)	N	eye colour measurement	http://www.ebi.ac.uk/efo/EFO_0009764	GCST007741	Genome-wide genotyping array
2019-05-08	30895295	Jonnalagadda M	2019-03-21	Genome Biol Evol	www.ncbi.nlm.nih.gov/pubmed/30895295	A genome-wide association study of skin and iris pigmentation among individuals of South Asian ancestry.	Iris color (b* coordinate)	329 South Asian ancestry individuals		2p25.2	2	5576303	intergenic	RNU6-649P - LINC01248	ENSG00000207192	ENSG00000224128		630920	26202	rs12478516-A	rs12478516	0	12478516	intergenic_variant	1	0.017	5E-6	5.301029995663981		2.095	[1.21-2.98] unit decrease	Illumina [640625] (imputed)	N	eye colour measurement	http://www.ebi.ac.uk/efo/EFO_0009764	GCST007741	Genome-wide genotyping array
2019-05-08	30895295	Jonnalagadda M	2019-03-21	Genome Biol Evol	www.ncbi.nlm.nih.gov/pubmed/30895295	A genome-wide association study of skin and iris pigmentation among individuals of South Asian ancestry.	Iris color (L* coordinate)	329 South Asian ancestry individuals		16p11.2	16	32044223	RP11-1166P10.6	IGHV1OR16-1 - IGHV1OR16-3	ENSG00000261704	ENSG00000260048		8897	14861	rs142065243-C	rs142065243	1	4577100	intron_variant	1	0.0381411	7E-6	5.154901959985743		1.1319	[0.65-1.62] unit increase	Illumina [640625] (imputed)	N	eye colour measurement	http://www.ebi.ac.uk/efo/EFO_0009764	GCST007743	Genome-wide genotyping array
2019-05-08	30895295	Jonnalagadda M	2019-03-21	Genome Biol Evol	www.ncbi.nlm.nih.gov/pubmed/30895295	A genome-wide association study of skin and iris pigmentation among individuals of South Asian ancestry.	Iris color (L* coordinate)	329 South Asian ancestry individuals					intergenic							chr17:39491979-A	chr17:39491979	0			1	0.0160256	4E-6	5.3979400086720375		1.59233	[0.92-2.26] unit decrease	Illumina [640625] (imputed)	N	eye colour measurement	http://www.ebi.ac.uk/efo/EFO_0009764	GCST007743	Genome-wide genotyping array
2019-05-08	30895295	Jonnalagadda M	2019-03-21	Genome Biol Evol	www.ncbi.nlm.nih.gov/pubmed/30895295	A genome-wide association study of skin and iris pigmentation among individuals of South Asian ancestry.	Iris color (L* coordinate)	329 South Asian ancestry individuals		18q12.3	18	41848645	intergenic	NPM1P1 - PIK3C3	ENSG00000267652	ENSG00000078142		59250	106562	rs78036593-T	rs78036593	0	78036593	intergenic_variant	1	0.0130609	3E-6	5.522878745280337		1.83726	[1.08-2.6] unit increase	Illumina [640625] (imputed)	N	eye colour measurement	http://www.ebi.ac.uk/efo/EFO_0009764	GCST007743	Genome-wide genotyping array
2019-05-08	30895295	Jonnalagadda M	2019-03-21	Genome Biol Evol	www.ncbi.nlm.nih.gov/pubmed/30895295	A genome-wide association study of skin and iris pigmentation among individuals of South Asian ancestry.	Iris color (L* coordinate)	329 South Asian ancestry individuals		19p13.12	19	14609046	CLEC17A	CLEC17A, ADGRE3			ENSG00000187912, ENSG00000131355			rs145155710-T	rs145155710	0	145155710	intron_variant	0	0.0252404	5E-6	5.301029995663981		1.17628	[0.68-1.67] unit decrease	Illumina [640625] (imputed)	N	eye colour measurement	http://www.ebi.ac.uk/efo/EFO_0009764	GCST007743	Genome-wide genotyping array
2019-05-08	30895295	Jonnalagadda M	2019-03-21	Genome Biol Evol	www.ncbi.nlm.nih.gov/pubmed/30895295	A genome-wide association study of skin and iris pigmentation among individuals of South Asian ancestry.	Iris color (L* coordinate)	329 South Asian ancestry individuals		19q13.43	19	57357511	ZNF304	ZNF304			ENSG00000131845			rs34411126-C	rs34411126	0	34411126	missense_variant	0	0.166266	9E-7	6.045757490560675		0.508981	[0.31-0.71] unit decrease	Illumina [640625] (imputed)	N	eye colour measurement	http://www.ebi.ac.uk/efo/EFO_0009764	GCST007743	Genome-wide genotyping array
2019-05-08	30895295	Jonnalagadda M	2019-03-21	Genome Biol Evol	www.ncbi.nlm.nih.gov/pubmed/30895295	A genome-wide association study of skin and iris pigmentation among individuals of South Asian ancestry.	Iris color (L* coordinate)	329 South Asian ancestry individuals		20p11.21	20	23090394	intergenic	CD93 - LINC00656	ENSG00000125810	ENSG00000233746		4070	23690	rs6048544-A	rs6048544	0	6048544	intron_variant	1	0.136619	8E-6	5.096910013008056		0.534229	[0.3-0.76] unit increase	Illumina [640625] (imputed)	N	eye colour measurement	http://www.ebi.ac.uk/efo/EFO_0009764	GCST007743	Genome-wide genotyping array
2019-05-08	30895295	Jonnalagadda M	2019-03-21	Genome Biol Evol	www.ncbi.nlm.nih.gov/pubmed/30895295	A genome-wide association study of skin and iris pigmentation among individuals of South Asian ancestry.	Iris color (L* coordinate)	329 South Asian ancestry individuals		21q21.3	21	28334243	intergenic	LINC03138			ENSG00000232855			rs138716730-GT	rs138716730	0	138716730	intergenic_variant	0	0.0512019	8E-6	5.096910013008056		0.839047	[0.48-1.2] unit decrease	Illumina [640625] (imputed)	N	eye colour measurement	http://www.ebi.ac.uk/efo/EFO_0009764	GCST007743	Genome-wide genotyping array
2019-05-08	30895295	Jonnalagadda M	2019-03-21	Genome Biol Evol	www.ncbi.nlm.nih.gov/pubmed/30895295	A genome-wide association study of skin and iris pigmentation among individuals of South Asian ancestry.	Iris color (L* coordinate)	329 South Asian ancestry individuals		22q13.31	22	44342526	intergenic	SHISAL1 - SKP1P4	ENSG00000138944	ENSG00000236079		29575	70959	rs6519897-G	rs6519897	0	6519897	intergenic_variant	1	0.275882	6E-6	5.221848749616356		0.388262	[0.22-0.55] unit increase	Illumina [640625] (imputed)	N	eye colour measurement	http://www.ebi.ac.uk/efo/EFO_0009764	GCST007743	Genome-wide genotyping array
2019-05-08	30895295	Jonnalagadda M	2019-03-21	Genome Biol Evol	www.ncbi.nlm.nih.gov/pubmed/30895295	A genome-wide association study of skin and iris pigmentation among individuals of South Asian ancestry.	Iris color (L* coordinate)	329 South Asian ancestry individuals		22q13.31	22	46425412	CELSR1	CELSR1			ENSG00000075275			rs5767203-T	rs5767203	0	5767203	intron_variant	0	0.732772	4E-6	5.3979400086720375		0.595755	[0.35-0.84] unit increase	Illumina [640625] (imputed)	N	eye colour measurement	http://www.ebi.ac.uk/efo/EFO_0009764	GCST007743	Genome-wide genotyping array
2019-05-08	30895295	Jonnalagadda M	2019-03-21	Genome Biol Evol	www.ncbi.nlm.nih.gov/pubmed/30895295	A genome-wide association study of skin and iris pigmentation among individuals of South Asian ancestry.	Iris heterochromicity	329 South Asian ancestry individuals		15q13.1	15	28147115	intergenic	HERC2			ENSG00000128731			rs12898729-A	rs12898729	0	12898729	intron_variant	0	0.128	4E-11	10.397940008672037		0.788	[0.56-1.01] unit increase	Illumina [640625] (imputed)	N	eye colour measurement	http://www.ebi.ac.uk/efo/EFO_0009764	GCST007742	Genome-wide genotyping array
2019-05-08	30895295	Jonnalagadda M	2019-03-21	Genome Biol Evol	www.ncbi.nlm.nih.gov/pubmed/30895295	A genome-wide association study of skin and iris pigmentation among individuals of South Asian ancestry.	Iris heterochromicity	329 South Asian ancestry individuals		2q31.1	2	169432257	IQCJ-SCHIP1	LRP2 - BBS5	ENSG00000081479	ENSG00000163093		69723	47223	rs140193700-A	rs140193700	0	140193700	intergenic_variant	1	0.016	7E-7	6.154901959985743		1.837	[1.13-2.55] unit decrease	Illumina [640625] (imputed)	N	eye colour measurement	http://www.ebi.ac.uk/efo/EFO_0009764	GCST007742	Genome-wide genotyping array
2019-05-08	30895295	Jonnalagadda M	2019-03-21	Genome Biol Evol	www.ncbi.nlm.nih.gov/pubmed/30895295	A genome-wide association study of skin and iris pigmentation among individuals of South Asian ancestry.	Iris heterochromicity	329 South Asian ancestry individuals		3q28	3	189361929	intergenic	TPRG1 - TP63	ENSG00000188001	ENSG00000073282		36625	269460	rs699322-G	rs699322	0	699322	intergenic_variant	1	0.894	4E-7	6.3979400086720375		0.793	[0.49-1.09] unit increase	Illumina [640625] (imputed)	N	eye colour measurement	http://www.ebi.ac.uk/efo/EFO_0009764	GCST007742	Genome-wide genotyping array
2019-05-08	30895295	Jonnalagadda M	2019-03-21	Genome Biol Evol	www.ncbi.nlm.nih.gov/pubmed/30895295	A genome-wide association study of skin and iris pigmentation among individuals of South Asian ancestry.	Iris heterochromicity	329 South Asian ancestry individuals		7q31.1	7	114900774	U91319.1	FOXP2 - MDFIC	ENSG00000128573	ENSG00000135272		207002	20972	rs144133613-T	rs144133613	0	144133613	intergenic_variant	1	0.019	9E-7	6.045757490560675		1.473	[0.9-2.05] unit decrease	Illumina [640625] (imputed)	N	eye colour measurement	http://www.ebi.ac.uk/efo/EFO_0009764	GCST007742	Genome-wide genotyping array
2019-05-08	30895295	Jonnalagadda M	2019-03-21	Genome Biol Evol	www.ncbi.nlm.nih.gov/pubmed/30895295	A genome-wide association study of skin and iris pigmentation among individuals of South Asian ancestry.	Iris heterochromicity	329 South Asian ancestry individuals		1p13.3	1	109511287	intergenic	AMIGO1 - GPR61	ENSG00000181754	ENSG00000156097		1549	28585	rs569438828-A	rs569438828	0	569438828	intergenic_variant	1	0.295	3E-6	5.522878745280337		0.451	[0.26-0.64] unit increase	Illumina [640625] (imputed)	N	eye colour measurement	http://www.ebi.ac.uk/efo/EFO_0009764	GCST007742	Genome-wide genotyping array
2019-05-08	30895295	Jonnalagadda M	2019-03-21	Genome Biol Evol	www.ncbi.nlm.nih.gov/pubmed/30895295	A genome-wide association study of skin and iris pigmentation among individuals of South Asian ancestry.	Iris heterochromicity	329 South Asian ancestry individuals		1q23.1	1	157828210	CR1L	FCRL1 - CD5L	ENSG00000163534	ENSG00000073754		8027	2701	rs2765493-A	rs2765493	0	2765493	intergenic_variant	1	0.509	4E-6	5.3979400086720375		0.374	[0.22-0.53] unit decrease	Illumina [640625] (imputed)	N	eye colour measurement	http://www.ebi.ac.uk/efo/EFO_0009764	GCST007742	Genome-wide genotyping array
2019-05-08	30895295	Jonnalagadda M	2019-03-21	Genome Biol Evol	www.ncbi.nlm.nih.gov/pubmed/30895295	A genome-wide association study of skin and iris pigmentation among individuals of South Asian ancestry.	Iris heterochromicity	329 South Asian ancestry individuals		1q32.1	1	203732372	intergenic	ATP2B4			ENSG00000058668			rs146210682-G	rs146210682	0	146210682	intron_variant	0	0.014	5E-6	5.301029995663981		1.713	[0.99-2.44] unit increase	Illumina [640625] (imputed)	N	eye colour measurement	http://www.ebi.ac.uk/efo/EFO_0009764	GCST007742	Genome-wide genotyping array
2019-05-08	30895295	Jonnalagadda M	2019-03-21	Genome Biol Evol	www.ncbi.nlm.nih.gov/pubmed/30895295	A genome-wide association study of skin and iris pigmentation among individuals of South Asian ancestry.	Iris heterochromicity	329 South Asian ancestry individuals		1q32.2	1	207739063	intergenic	CR1L - CD46	ENSG00000197721	ENSG00000117335		647	12974	rs2761430-A	rs2761430	0	2761430	intron_variant	1	0.679	9E-6	5.045757490560675		0.388	[0.22-0.56] unit increase	Illumina [640625] (imputed)	N	eye colour measurement	http://www.ebi.ac.uk/efo/EFO_0009764	GCST007742	Genome-wide genotyping array
2019-05-08	30895295	Jonnalagadda M	2019-03-21	Genome Biol Evol	www.ncbi.nlm.nih.gov/pubmed/30895295	A genome-wide association study of skin and iris pigmentation among individuals of South Asian ancestry.	Iris heterochromicity	329 South Asian ancestry individuals		2q23.2	2	149274161	intergenic	LYPD6B - FAM8A3P	ENSG00000150556	ENSG00000224337		58899	46432	rs79553038-G	rs79553038	0	79553038	intergenic_variant	1	0.015	4E-6	5.3979400086720375		1.824	[1.07-2.58] unit decrease	Illumina [640625] (imputed)	N	eye colour measurement	http://www.ebi.ac.uk/efo/EFO_0009764	GCST007742	Genome-wide genotyping array
2019-05-08	30895295	Jonnalagadda M	2019-03-21	Genome Biol Evol	www.ncbi.nlm.nih.gov/pubmed/30895295	A genome-wide association study of skin and iris pigmentation among individuals of South Asian ancestry.	Iris heterochromicity	329 South Asian ancestry individuals		2q32.3	2	195124829	DMBT1	LINC01790 - RNU6-169P	ENSG00000230173	ENSG00000202206		363394	389207	rs79386120-T	rs79386120	0	79386120	intergenic_variant	1	0.077	8E-6	5.096910013008056		0.686	[0.39-0.98] unit increase	Illumina [640625] (imputed)	N	eye colour measurement	http://www.ebi.ac.uk/efo/EFO_0009764	GCST007742	Genome-wide genotyping array
2019-05-08	30895295	Jonnalagadda M	2019-03-21	Genome Biol Evol	www.ncbi.nlm.nih.gov/pubmed/30895295	A genome-wide association study of skin and iris pigmentation among individuals of South Asian ancestry.	Iris heterochromicity	329 South Asian ancestry individuals		3q13.13	3	111151943	GMDS	NECTIN3			ENSG00000177707			rs75754256-A	rs75754256	0	75754256	intron_variant	0	0.028	6E-6	5.221848749616356		1.296	[0.75-1.85] unit increase	Illumina [640625] (imputed)	N	eye colour measurement	http://www.ebi.ac.uk/efo/EFO_0009764	GCST007742	Genome-wide genotyping array
2019-05-08	30895295	Jonnalagadda M	2019-03-21	Genome Biol Evol	www.ncbi.nlm.nih.gov/pubmed/30895295	A genome-wide association study of skin and iris pigmentation among individuals of South Asian ancestry.	Iris heterochromicity	329 South Asian ancestry individuals		3q25.33	3	159520652	BBS5	SCHIP1, IQCJ-SCHIP1			ENSG00000151967, ENSG00000283154			rs139426027-C	rs139426027	0	139426027	intron_variant	0	0.017	6E-6	5.221848749616356		1.663	[0.96-2.37] unit decrease	Illumina [640625] (imputed)	N	eye colour measurement	http://www.ebi.ac.uk/efo/EFO_0009764	GCST007742	Genome-wide genotyping array
2019-05-08	30895295	Jonnalagadda M	2019-03-21	Genome Biol Evol	www.ncbi.nlm.nih.gov/pubmed/30895295	A genome-wide association study of skin and iris pigmentation among individuals of South Asian ancestry.	Iris heterochromicity	329 South Asian ancestry individuals		4p15.33	4	13947352	intergenic	LINC01182			ENSG00000250634			rs74654257-G	rs74654257	0	74654257	intron_variant	0	0.096	2E-6	5.698970004336019		0.682	[0.4-0.96] unit decrease	Illumina [640625] (imputed)	N	eye colour measurement	http://www.ebi.ac.uk/efo/EFO_0009764	GCST007742	Genome-wide genotyping array
2019-05-08	30895295	Jonnalagadda M	2019-03-21	Genome Biol Evol	www.ncbi.nlm.nih.gov/pubmed/30895295	A genome-wide association study of skin and iris pigmentation among individuals of South Asian ancestry.	Iris heterochromicity	329 South Asian ancestry individuals		5p14.3	5	22567147	NR	CDH12			ENSG00000154162			rs431616-A	rs431616	0	431616	intron_variant	0	0.207	9E-6	5.045757490560675		0.466	[0.26-0.67] unit increase	Illumina [640625] (imputed)	N	eye colour measurement	http://www.ebi.ac.uk/efo/EFO_0009764	GCST007742	Genome-wide genotyping array
2019-05-08	30895295	Jonnalagadda M	2019-03-21	Genome Biol Evol	www.ncbi.nlm.nih.gov/pubmed/30895295	A genome-wide association study of skin and iris pigmentation among individuals of South Asian ancestry.	Iris heterochromicity	329 South Asian ancestry individuals		5q33.3	5	157085760	intergenic	HAVCR2			ENSG00000135077			rs67467610-T	rs67467610	0	67467610	intergenic_variant	0	0.21	3E-6	5.522878745280337		0.472	[0.28-0.67] unit decrease	Illumina [640625] (imputed)	N	eye colour measurement	http://www.ebi.ac.uk/efo/EFO_0009764	GCST007742	Genome-wide genotyping array
2019-05-08	30895295	Jonnalagadda M	2019-03-21	Genome Biol Evol	www.ncbi.nlm.nih.gov/pubmed/30895295	A genome-wide association study of skin and iris pigmentation among individuals of South Asian ancestry.	Iris heterochromicity	329 South Asian ancestry individuals		6p25.3	6	2187322	CR1L	GMDS			ENSG00000112699			rs75749315-T	rs75749315	0	75749315	intron_variant	0	0.033	4E-6	5.3979400086720375		1.041	[0.61-1.48] unit increase	Illumina [640625] (imputed)	N	eye colour measurement	http://www.ebi.ac.uk/efo/EFO_0009764	GCST007742	Genome-wide genotyping array
2019-05-08	30895295	Jonnalagadda M	2019-03-21	Genome Biol Evol	www.ncbi.nlm.nih.gov/pubmed/30895295	A genome-wide association study of skin and iris pigmentation among individuals of South Asian ancestry.	Iris color (L* coordinate)	329 South Asian ancestry individuals		3p14.2	3	60374918	FHIT	FHIT			ENSG00000189283			rs146752463-A	rs146752463	0	146752463	intron_variant	0	0.0357372	5E-6	5.301029995663981		1.24191	[0.72-1.77] unit increase	Illumina [640625] (imputed)	N	eye colour measurement	http://www.ebi.ac.uk/efo/EFO_0009764	GCST007743	Genome-wide genotyping array
2019-05-08	30895295	Jonnalagadda M	2019-03-21	Genome Biol Evol	www.ncbi.nlm.nih.gov/pubmed/30895295	A genome-wide association study of skin and iris pigmentation among individuals of South Asian ancestry.	Iris color (L* coordinate)	329 South Asian ancestry individuals		3q13.11	3	105208874	intergenic	EZRP1 - ALCAM	ENSG00000243635	ENSG00000170017		705608	157832	rs556316811-CA	rs556316811	1	141010291	intergenic_variant	1	0.321634	7E-6	5.154901959985743		0.422444	[0.24-0.6] unit increase	Illumina [640625] (imputed)	N	eye colour measurement	http://www.ebi.ac.uk/efo/EFO_0009764	GCST007743	Genome-wide genotyping array
2019-05-08	30895295	Jonnalagadda M	2019-03-21	Genome Biol Evol	www.ncbi.nlm.nih.gov/pubmed/30895295	A genome-wide association study of skin and iris pigmentation among individuals of South Asian ancestry.	Iris color (L* coordinate)	329 South Asian ancestry individuals		3q26.1	3	167381185	ZBBX	ZBBX			ENSG00000169064			rs13064599-A	rs13064599	0	13064599	intergenic_variant	0	0.0475962	1E-6	6.0		0.94491	[0.57-1.32] unit decrease	Illumina [640625] (imputed)	N	eye colour measurement	http://www.ebi.ac.uk/efo/EFO_0009764	GCST007743	Genome-wide genotyping array
2019-05-08	30895295	Jonnalagadda M	2019-03-21	Genome Biol Evol	www.ncbi.nlm.nih.gov/pubmed/30895295	A genome-wide association study of skin and iris pigmentation among individuals of South Asian ancestry.	Iris color (L* coordinate)	329 South Asian ancestry individuals		4p14	4	37292968	KIAA1239	NWD2			ENSG00000174145			rs7691308-T	rs7691308	0	7691308	intron_variant	0	0.308975	5E-6	5.301029995663981		0.392144	[0.23-0.56] unit decrease	Illumina [640625] (imputed)	N	eye colour measurement	http://www.ebi.ac.uk/efo/EFO_0009764	GCST007743	Genome-wide genotyping array
2019-05-08	30895295	Jonnalagadda M	2019-03-21	Genome Biol Evol	www.ncbi.nlm.nih.gov/pubmed/30895295	A genome-wide association study of skin and iris pigmentation among individuals of South Asian ancestry.	Iris color (L* coordinate)	329 South Asian ancestry individuals		4q34.1	4	173360857	intergenic	SAP30-DT			ENSG00000272870			rs533833761-G	rs533833761	0	533833761	intron_variant	0	0.0127404	4E-6	5.3979400086720375		1.91385	[1.12-2.71] unit decrease	Illumina [640625] (imputed)	N	eye colour measurement	http://www.ebi.ac.uk/efo/EFO_0009764	GCST007743	Genome-wide genotyping array
2019-05-08	30895295	Jonnalagadda M	2019-03-21	Genome Biol Evol	www.ncbi.nlm.nih.gov/pubmed/30895295	A genome-wide association study of skin and iris pigmentation among individuals of South Asian ancestry.	Iris color (L* coordinate)	329 South Asian ancestry individuals		6p22.2	6	27038151	intergenic	LARRPM, LINC00240			ENSG00000287966, ENSG00000224843			rs563894686-TTATTATATATAACATATTATATATAATACA	rs563894686	0	563894686	intron_variant	0	0.573718	8E-6	5.096910013008056		0.361314	[0.21-0.52] unit increase	Illumina [640625] (imputed)	N	eye colour measurement	http://www.ebi.ac.uk/efo/EFO_0009764	GCST007743	Genome-wide genotyping array
2019-05-08	30895295	Jonnalagadda M	2019-03-21	Genome Biol Evol	www.ncbi.nlm.nih.gov/pubmed/30895295	A genome-wide association study of skin and iris pigmentation among individuals of South Asian ancestry.	Iris color (L* coordinate)	329 South Asian ancestry individuals		6q16.3	6	100456684	SIM1	SIM1			ENSG00000112246			rs140839696-C	rs140839696	0	140839696	intron_variant	0	0.0213943	4E-6	5.3979400086720375		1.36745	[0.8-1.94] unit increase	Illumina [640625] (imputed)	N	eye colour measurement	http://www.ebi.ac.uk/efo/EFO_0009764	GCST007743	Genome-wide genotyping array
2019-05-08	30895295	Jonnalagadda M	2019-03-21	Genome Biol Evol	www.ncbi.nlm.nih.gov/pubmed/30895295	A genome-wide association study of skin and iris pigmentation among individuals of South Asian ancestry.	Iris color (L* coordinate)	329 South Asian ancestry individuals		7p21.2	7	15027099	intergenic	GTF3AP5 - AGMO	ENSG00000225816	ENSG00000187546		41025	173218	rs12113831-T	rs12113831	0	12113831	intergenic_variant	1	0.0767629	4E-6	5.3979400086720375		0.796531	[0.46-1.13] unit decrease	Illumina [640625] (imputed)	N	eye colour measurement	http://www.ebi.ac.uk/efo/EFO_0009764	GCST007743	Genome-wide genotyping array
2019-05-08	30895295	Jonnalagadda M	2019-03-21	Genome Biol Evol	www.ncbi.nlm.nih.gov/pubmed/30895295	A genome-wide association study of skin and iris pigmentation among individuals of South Asian ancestry.	Iris color (L* coordinate)	329 South Asian ancestry individuals		8p11.21	8	40805553	ZMAT4	ZMAT4			ENSG00000165061			rs4434606-T	rs4434606	0	4434606	intron_variant	0	0.545112	7E-6	5.154901959985743		0.35206	[0.2-0.5] unit increase	Illumina [640625] (imputed)	N	eye colour measurement	http://www.ebi.ac.uk/efo/EFO_0009764	GCST007743	Genome-wide genotyping array
2019-05-08	30895295	Jonnalagadda M	2019-03-21	Genome Biol Evol	www.ncbi.nlm.nih.gov/pubmed/30895295	A genome-wide association study of skin and iris pigmentation among individuals of South Asian ancestry.	Iris color (L* coordinate)	329 South Asian ancestry individuals		8q23.1	8	107510196	intergenic	ANGPT1 - PGAM1P13	ENSG00000154188	ENSG00000248838		12141	137083	rs7003565-T	rs7003565	0	7003565	intergenic_variant	1	0.430288	6E-6	5.221848749616356		0.367665	[0.21-0.52] unit decrease	Illumina [640625] (imputed)	N	eye colour measurement	http://www.ebi.ac.uk/efo/EFO_0009764	GCST007743	Genome-wide genotyping array
2019-05-08	30895295	Jonnalagadda M	2019-03-21	Genome Biol Evol	www.ncbi.nlm.nih.gov/pubmed/30895295	A genome-wide association study of skin and iris pigmentation among individuals of South Asian ancestry.	Iris color (L* coordinate)	329 South Asian ancestry individuals		9p22.1	9	18868649	ADAMTSL1	ADAMTSL1, SAXO1			ENSG00000178031, ENSG00000155875			rs1433830-C	rs1433830	0	1433830	intron_variant	0	0.617948	5E-6	5.301029995663981		0.388065	[0.22-0.55] unit decrease	Illumina [640625] (imputed)	N	eye colour measurement	http://www.ebi.ac.uk/efo/EFO_0009764	GCST007743	Genome-wide genotyping array
2019-05-08	30895295	Jonnalagadda M	2019-03-21	Genome Biol Evol	www.ncbi.nlm.nih.gov/pubmed/30895295	A genome-wide association study of skin and iris pigmentation among individuals of South Asian ancestry.	Iris color (L* coordinate)	329 South Asian ancestry individuals		9q21.32	9	84136877	intergenic	RMI1 - SLC28A3	ENSG00000178966	ENSG00000197506		132799	138580	rs10512144-C	rs10512144	0	10512144	intergenic_variant	1	0.170433	5E-6	5.301029995663981		0.469306	[0.27-0.67] unit decrease	Illumina [640625] (imputed)	N	eye colour measurement	http://www.ebi.ac.uk/efo/EFO_0009764	GCST007743	Genome-wide genotyping array
2019-05-08	30895295	Jonnalagadda M	2019-03-21	Genome Biol Evol	www.ncbi.nlm.nih.gov/pubmed/30895295	A genome-wide association study of skin and iris pigmentation among individuals of South Asian ancestry.	Iris color (L* coordinate)	329 South Asian ancestry individuals					intergenic							chr9:89843099-T	chr9:89843099	0			1	0.883814	3E-7	6.522878745280337		0.630226	[0.4-0.86] unit decrease	Illumina [640625] (imputed)	N	eye colour measurement	http://www.ebi.ac.uk/efo/EFO_0009764	GCST007743	Genome-wide genotyping array
2019-05-08	30895295	Jonnalagadda M	2019-03-21	Genome Biol Evol	www.ncbi.nlm.nih.gov/pubmed/30895295	A genome-wide association study of skin and iris pigmentation among individuals of South Asian ancestry.	Iris color (L* coordinate)	329 South Asian ancestry individuals		9q22.31	9	91577228	ROR2	ROR2			ENSG00000169071			rs9409609-A	rs9409609	0	9409609	intron_variant	0	0.150561	7E-6	5.154901959985743		0.517451	[0.3-0.74] unit decrease	Illumina [640625] (imputed)	N	eye colour measurement	http://www.ebi.ac.uk/efo/EFO_0009764	GCST007743	Genome-wide genotyping array
2019-05-08	30895295	Jonnalagadda M	2019-03-21	Genome Biol Evol	www.ncbi.nlm.nih.gov/pubmed/30895295	A genome-wide association study of skin and iris pigmentation among individuals of South Asian ancestry.	Iris color (L* coordinate)	329 South Asian ancestry individuals		9q22.32	9	96130316	intergenic	ERCC6L2 - EIF4BP3	ENSG00000182150	ENSG00000224546		9162	15691	rs74879286-G	rs74879286	0	74879286	intron_variant	1	0.116266	7E-6	5.154901959985743		0.639657	[0.37-0.91] unit decrease	Illumina [640625] (imputed)	N	eye colour measurement	http://www.ebi.ac.uk/efo/EFO_0009764	GCST007743	Genome-wide genotyping array
2019-05-08	30895295	Jonnalagadda M	2019-03-21	Genome Biol Evol	www.ncbi.nlm.nih.gov/pubmed/30895295	A genome-wide association study of skin and iris pigmentation among individuals of South Asian ancestry.	Iris color (L* coordinate)	329 South Asian ancestry individuals		11p12	11	40678692	LRRC4C	LRRC4C			ENSG00000148948			rs191959849-A	rs191959849	0	191959849	intron_variant	0	0.0147436	4E-6	5.3979400086720375		1.86168	[1.08-2.64] unit decrease	Illumina [640625] (imputed)	N	eye colour measurement	http://www.ebi.ac.uk/efo/EFO_0009764	GCST007743	Genome-wide genotyping array
2019-05-08	30895295	Jonnalagadda M	2019-03-21	Genome Biol Evol	www.ncbi.nlm.nih.gov/pubmed/30895295	A genome-wide association study of skin and iris pigmentation among individuals of South Asian ancestry.	Iris color (L* coordinate)	329 South Asian ancestry individuals		12p13.32	12	4935882	intergenic	KCNA1 - KCNA5	ENSG00000111262	ENSG00000130037		17626	107997	rs554663181-C	rs554663181	0	554663181	intron_variant	1	0.0127404	5E-6	5.301029995663981		2.22205	[1.29-3.16] unit decrease	Illumina [640625] (imputed)	N	eye colour measurement	http://www.ebi.ac.uk/efo/EFO_0009764	GCST007743	Genome-wide genotyping array
2019-05-08	30895295	Jonnalagadda M	2019-03-21	Genome Biol Evol	www.ncbi.nlm.nih.gov/pubmed/30895295	A genome-wide association study of skin and iris pigmentation among individuals of South Asian ancestry.	Iris color (L* coordinate)	329 South Asian ancestry individuals		12p12.3	12	15177959	RERG	RERG			ENSG00000134533			rs114383698-T	rs114383698	0	114383698	intron_variant	0	0.0174679	5E-6	5.301029995663981		2.39871	[1.39-3.41] unit decrease	Illumina [640625] (imputed)	N	eye colour measurement	http://www.ebi.ac.uk/efo/EFO_0009764	GCST007743	Genome-wide genotyping array
2019-05-08	30895295	Jonnalagadda M	2019-03-21	Genome Biol Evol	www.ncbi.nlm.nih.gov/pubmed/30895295	A genome-wide association study of skin and iris pigmentation among individuals of South Asian ancestry.	Iris color (L* coordinate)	329 South Asian ancestry individuals		12q24.13	12	113376164	intergenic	PLBD2			ENSG00000151176			rs574157881-A	rs574157881	1	34142556	intron_variant	0	0.108414	5E-6	5.301029995663981		0.889369	[0.51-1.26] unit decrease	Illumina [640625] (imputed)	N	eye colour measurement	http://www.ebi.ac.uk/efo/EFO_0009764	GCST007743	Genome-wide genotyping array
2019-05-08	30895295	Jonnalagadda M	2019-03-21	Genome Biol Evol	www.ncbi.nlm.nih.gov/pubmed/30895295	A genome-wide association study of skin and iris pigmentation among individuals of South Asian ancestry.	Iris color (L* coordinate)	329 South Asian ancestry individuals		13q31.3	13	91332148	intergenic	PPIAP23 - MIR17HG	ENSG00000214178	ENSG00000215417		59571	15538	rs55783125-A	rs55783125	0	55783125	intergenic_variant	1	0.0931893	3E-6	5.522878745280337		0.629335	[0.37-0.89] unit decrease	Illumina [640625] (imputed)	N	eye colour measurement	http://www.ebi.ac.uk/efo/EFO_0009764	GCST007743	Genome-wide genotyping array
2019-05-08	30895295	Jonnalagadda M	2019-03-21	Genome Biol Evol	www.ncbi.nlm.nih.gov/pubmed/30895295	A genome-wide association study of skin and iris pigmentation among individuals of South Asian ancestry.	Iris color (L* coordinate)	329 South Asian ancestry individuals		14q21.3	14	47517162	intergenic	MDGA2			ENSG00000139915			rs533475206-AT	rs533475206	0	533475206	intron_variant	0	0.0569712	3E-6	5.522878745280337		0.886212	[0.52-1.25] unit increase	Illumina [640625] (imputed)	N	eye colour measurement	http://www.ebi.ac.uk/efo/EFO_0009764	GCST007743	Genome-wide genotyping array
2019-05-08	30895295	Jonnalagadda M	2019-03-21	Genome Biol Evol	www.ncbi.nlm.nih.gov/pubmed/30895295	A genome-wide association study of skin and iris pigmentation among individuals of South Asian ancestry.	Iris color (L* coordinate)	329 South Asian ancestry individuals		15q13.1	15	28147115	HERC2	HERC2			ENSG00000128731			rs12898729-A	rs12898729	0	12898729	intron_variant	0	0.128125	3E-14	13.522878745280337		0.90041	[0.68-1.12] unit increase	Illumina [640625] (imputed)	N	eye colour measurement	http://www.ebi.ac.uk/efo/EFO_0009764	GCST007743	Genome-wide genotyping array
2019-05-08	30895295	Jonnalagadda M	2019-03-21	Genome Biol Evol	www.ncbi.nlm.nih.gov/pubmed/30895295	A genome-wide association study of skin and iris pigmentation among individuals of South Asian ancestry.	Iris color (L* coordinate)	329 South Asian ancestry individuals		15q13.1	15	28250810	HERC2	HERC2			ENSG00000128731			rs12912427-G	rs12912427	0	12912427	intron_variant	0	0.158574	4E-9	8.397940008672037		0.72008	[0.49-0.95] unit increase	Illumina [640625] (imputed)	N	eye colour measurement	http://www.ebi.ac.uk/efo/EFO_0009764	GCST007743	Genome-wide genotyping array
2019-05-08	30895295	Jonnalagadda M	2019-03-21	Genome Biol Evol	www.ncbi.nlm.nih.gov/pubmed/30895295	A genome-wide association study of skin and iris pigmentation among individuals of South Asian ancestry.	Iris color (L* coordinate)	329 South Asian ancestry individuals		15q25.1	15	80552517	RP11-379K22.2	ARNT2			ENSG00000172379			rs73494721-A	rs73494721	0	73494721	intron_variant	0	0.128686	8E-6	5.096910013008056		0.544142	[0.31-0.78] unit decrease	Illumina [640625] (imputed)	N	eye colour measurement	http://www.ebi.ac.uk/efo/EFO_0009764	GCST007743	Genome-wide genotyping array
2019-05-08	30895295	Jonnalagadda M	2019-03-21	Genome Biol Evol	www.ncbi.nlm.nih.gov/pubmed/30895295	A genome-wide association study of skin and iris pigmentation among individuals of South Asian ancestry.	Iris color (L* coordinate)	329 South Asian ancestry individuals		16p12.3	16	18767203	intergenic	ABCC6P1 - RPS15A	ENSG00000291057	ENSG00000134419		168875	14092	rs2606433-T	rs2606433	0	2606433	intergenic_variant	1	0.0447917	7E-6	5.154901959985743		0.891274	[0.51-1.27] unit decrease	Illumina [640625] (imputed)	N	eye colour measurement	http://www.ebi.ac.uk/efo/EFO_0009764	GCST007743	Genome-wide genotyping array
2019-05-08	30895295	Jonnalagadda M	2019-03-21	Genome Biol Evol	www.ncbi.nlm.nih.gov/pubmed/30895295	A genome-wide association study of skin and iris pigmentation among individuals of South Asian ancestry.	Iris heterochromicity	329 South Asian ancestry individuals		6p25.1	6	4371835	intergenic	ECI2-DT - RNA5SP202	ENSG00000234817	ENSG00000201185		97134	56128	rs73717307-T	rs73717307	0	73717307	intron_variant	1	0.014	3E-6	5.522878745280337		1.866	[1.09-2.64] unit decrease	Illumina [640625] (imputed)	N	eye colour measurement	http://www.ebi.ac.uk/efo/EFO_0009764	GCST007742	Genome-wide genotyping array
2019-05-08	30895295	Jonnalagadda M	2019-03-21	Genome Biol Evol	www.ncbi.nlm.nih.gov/pubmed/30895295	A genome-wide association study of skin and iris pigmentation among individuals of South Asian ancestry.	Iris heterochromicity	329 South Asian ancestry individuals		6p22.3	6	23918570	HERC2	SPTLC1P2 - ISG20L2P1	ENSG00000218512	ENSG00000220748		61752	53309	rs114137292-G	rs114137292	0	114137292	intergenic_variant	1	0.051	4E-6	5.3979400086720375		0.868	[0.51-1.23] unit decrease	Illumina [640625] (imputed)	N	eye colour measurement	http://www.ebi.ac.uk/efo/EFO_0009764	GCST007742	Genome-wide genotyping array
2019-05-08	30895295	Jonnalagadda M	2019-03-21	Genome Biol Evol	www.ncbi.nlm.nih.gov/pubmed/30895295	A genome-wide association study of skin and iris pigmentation among individuals of South Asian ancestry.	Iris heterochromicity	329 South Asian ancestry individuals		7q11.22	7	67634233	HAVCR2	MTCO3P41 - MTCO1P57	ENSG00000237466	ENSG00000232975		5884	463504	rs6946516-T	rs6946516	0	6946516	intergenic_variant	1	0.349	4E-6	5.3979400086720375		0.395	[0.23-0.56] unit increase	Illumina [640625] (imputed)	N	eye colour measurement	http://www.ebi.ac.uk/efo/EFO_0009764	GCST007742	Genome-wide genotyping array
2019-05-08	30895295	Jonnalagadda M	2019-03-21	Genome Biol Evol	www.ncbi.nlm.nih.gov/pubmed/30895295	A genome-wide association study of skin and iris pigmentation among individuals of South Asian ancestry.	Iris heterochromicity	329 South Asian ancestry individuals		7q21.3	7	93968999	RP11-341G5.1	BET1			ENSG00000105829			rs34911443-T	rs34911443	0	34911443	intergenic_variant	0	0.084	6E-6	5.221848749616356		0.744	[0.43-1.06] unit increase	Illumina [640625] (imputed)	N	eye colour measurement	http://www.ebi.ac.uk/efo/EFO_0009764	GCST007742	Genome-wide genotyping array
2019-05-08	30895295	Jonnalagadda M	2019-03-21	Genome Biol Evol	www.ncbi.nlm.nih.gov/pubmed/30895295	A genome-wide association study of skin and iris pigmentation among individuals of South Asian ancestry.	Iris heterochromicity	329 South Asian ancestry individuals		7q31.1	7	114774843	DMBT1	FOXP2 - MDFIC	ENSG00000128573	ENSG00000135272		81071	146903	rs78186662-C	rs78186662	0	78186662	intergenic_variant	1	0.018	4E-6	5.3979400086720375		1.417	[0.83-2.01] unit decrease	Illumina [640625] (imputed)	N	eye colour measurement	http://www.ebi.ac.uk/efo/EFO_0009764	GCST007742	Genome-wide genotyping array
2019-05-08	30895295	Jonnalagadda M	2019-03-21	Genome Biol Evol	www.ncbi.nlm.nih.gov/pubmed/30895295	A genome-wide association study of skin and iris pigmentation among individuals of South Asian ancestry.	Iris heterochromicity	329 South Asian ancestry individuals		9p21.3	9	25502384	CTIF	RN7SKP120 - TUSC1	ENSG00000222693	ENSG00000198680		413233	174585	rs62533293-G	rs62533293	0	62533293	intergenic_variant	1	0.042	9E-6	5.045757490560675		0.895	[0.5-1.29] unit decrease	Illumina [640625] (imputed)	N	eye colour measurement	http://www.ebi.ac.uk/efo/EFO_0009764	GCST007742	Genome-wide genotyping array
2019-05-08	30895295	Jonnalagadda M	2019-03-21	Genome Biol Evol	www.ncbi.nlm.nih.gov/pubmed/30895295	A genome-wide association study of skin and iris pigmentation among individuals of South Asian ancestry.	Iris heterochromicity	329 South Asian ancestry individuals		9q22.31	9	92578859	MYCBP2	CENPP			ENSG00000188312			rs534245958-T	rs534245958	0	534245958	intron_variant	0	0.017	5E-6	5.301029995663981		1.748	[1.01-2.48] unit decrease	Illumina [640625] (imputed)	N	eye colour measurement	http://www.ebi.ac.uk/efo/EFO_0009764	GCST007742	Genome-wide genotyping array
2019-05-08	30895295	Jonnalagadda M	2019-03-21	Genome Biol Evol	www.ncbi.nlm.nih.gov/pubmed/30895295	A genome-wide association study of skin and iris pigmentation among individuals of South Asian ancestry.	Iris heterochromicity	329 South Asian ancestry individuals		9q22.33	9	98827361	RP11-341G5.1	GALNT12			ENSG00000119514			rs10987872-C	rs10987872	0	10987872	intron_variant	0	0.534	5E-6	5.301029995663981		0.352	[0.2-0.5] unit decrease	Illumina [640625] (imputed)	N	eye colour measurement	http://www.ebi.ac.uk/efo/EFO_0009764	GCST007742	Genome-wide genotyping array
2019-05-08	30895295	Jonnalagadda M	2019-03-21	Genome Biol Evol	www.ncbi.nlm.nih.gov/pubmed/30895295	A genome-wide association study of skin and iris pigmentation among individuals of South Asian ancestry.	Iris heterochromicity	329 South Asian ancestry individuals		9q33.1	9	115315096	DMBT1	DELEC1			ENSG00000173077			rs376886874-AT	rs376886874	1	71375284	intergenic_variant	0	0.07	3E-6	5.522878745280337		0.786	[0.46-1.11] unit increase	Illumina [640625] (imputed)	N	eye colour measurement	http://www.ebi.ac.uk/efo/EFO_0009764	GCST007742	Genome-wide genotyping array
2019-05-08	30895295	Jonnalagadda M	2019-03-21	Genome Biol Evol	www.ncbi.nlm.nih.gov/pubmed/30895295	A genome-wide association study of skin and iris pigmentation among individuals of South Asian ancestry.	Iris heterochromicity	329 South Asian ancestry individuals					intergenic							chr10:47618087-G	chr10:47618087	0			1	0.013	7E-6	5.154901959985743		2.262	[1.29-3.23] unit increase	Illumina [640625] (imputed)	N	eye colour measurement	http://www.ebi.ac.uk/efo/EFO_0009764	GCST007742	Genome-wide genotyping array
2019-05-08	30895295	Jonnalagadda M	2019-03-21	Genome Biol Evol	www.ncbi.nlm.nih.gov/pubmed/30895295	A genome-wide association study of skin and iris pigmentation among individuals of South Asian ancestry.	Iris heterochromicity	329 South Asian ancestry individuals		10q21.2	10	61867180	intergenic	LINC02625			ENSG00000233643			rs2588926-C	rs2588926	0	2588926	intron_variant	0	0.044	8E-6	5.096910013008056		0.892	[0.51-1.28] unit decrease	Illumina [640625] (imputed)	N	eye colour measurement	http://www.ebi.ac.uk/efo/EFO_0009764	GCST007742	Genome-wide genotyping array
2019-05-08	30895295	Jonnalagadda M	2019-03-21	Genome Biol Evol	www.ncbi.nlm.nih.gov/pubmed/30895295	A genome-wide association study of skin and iris pigmentation among individuals of South Asian ancestry.	Iris heterochromicity	329 South Asian ancestry individuals		10q26.13	10	122558603	C8orf31	HTRA1 - DMBT1	ENSG00000166033	ENSG00000187908		43696	2040	rs3758430-A	rs3758430	0	3758430	intergenic_variant	1	0.01	2E-6	5.698970004336019		1.901	[1.13-2.68] unit decrease	Illumina [640625] (imputed)	N	eye colour measurement	http://www.ebi.ac.uk/efo/EFO_0009764	GCST007742	Genome-wide genotyping array
2019-05-08	30895295	Jonnalagadda M	2019-03-21	Genome Biol Evol	www.ncbi.nlm.nih.gov/pubmed/30895295	A genome-wide association study of skin and iris pigmentation among individuals of South Asian ancestry.	Iris heterochromicity	329 South Asian ancestry individuals		13q21.33	13	72438916	intergenic	RPS10P21 - RPL18AP17	ENSG00000232881	ENSG00000227952		524738	21216	rs117076724-A	rs117076724	0	117076724	intergenic_variant	1	0.03	3E-6	5.522878745280337		1.17	[0.69-1.65] unit increase	Illumina [640625] (imputed)	N	eye colour measurement	http://www.ebi.ac.uk/efo/EFO_0009764	GCST007742	Genome-wide genotyping array
2019-05-08	30895295	Jonnalagadda M	2019-03-21	Genome Biol Evol	www.ncbi.nlm.nih.gov/pubmed/30895295	A genome-wide association study of skin and iris pigmentation among individuals of South Asian ancestry.	Iris heterochromicity	329 South Asian ancestry individuals		13q22.3	13	77243655	RP11-341G5.1	MYCBP2			ENSG00000005810			rs4884060-C	rs4884060	0	4884060	intron_variant	0	0.021	9E-6	5.045757490560675		1.575	[0.89-2.26] unit decrease	Illumina [640625] (imputed)	N	eye colour measurement	http://www.ebi.ac.uk/efo/EFO_0009764	GCST007742	Genome-wide genotyping array
2019-05-08	30895295	Jonnalagadda M	2019-03-21	Genome Biol Evol	www.ncbi.nlm.nih.gov/pubmed/30895295	A genome-wide association study of skin and iris pigmentation among individuals of South Asian ancestry.	Iris heterochromicity	329 South Asian ancestry individuals		16p13.12	16	13261212	SKOR2	SHISA9 - TMF1P1	ENSG00000237515	ENSG00000262235		20796	197114	rs142469774-G	rs142469774	0	142469774	intron_variant	1	0.01	8E-6	5.096910013008056		2.021	[1.15-2.9] unit increase	Illumina [640625] (imputed)	N	eye colour measurement	http://www.ebi.ac.uk/efo/EFO_0009764	GCST007742	Genome-wide genotyping array
2019-05-08	30895295	Jonnalagadda M	2019-03-21	Genome Biol Evol	www.ncbi.nlm.nih.gov/pubmed/30895295	A genome-wide association study of skin and iris pigmentation among individuals of South Asian ancestry.	Iris heterochromicity	329 South Asian ancestry individuals		17p13.3	17	2018703	intergenic	RTN4RL1			ENSG00000185924			rs117239777-T	rs117239777	0	117239777	intron_variant	0	0.017	9E-6	5.045757490560675		1.657	[0.94-2.38] unit decrease	Illumina [640625] (imputed)	N	eye colour measurement	http://www.ebi.ac.uk/efo/EFO_0009764	GCST007742	Genome-wide genotyping array
2019-05-08	30895295	Jonnalagadda M	2019-03-21	Genome Biol Evol	www.ncbi.nlm.nih.gov/pubmed/30895295	A genome-wide association study of skin and iris pigmentation among individuals of South Asian ancestry.	Iris heterochromicity	329 South Asian ancestry individuals		17p12	17	12321905	intergenic	MAP2K4 - LINC00670	ENSG00000065559	ENSG00000179136		178075	227623	rs2529687-C	rs2529687	0	2529687	intergenic_variant	1	0.315	5E-6	5.301029995663981		0.42	[0.24-0.6] unit decrease	Illumina [640625] (imputed)	N	eye colour measurement	http://www.ebi.ac.uk/efo/EFO_0009764	GCST007742	Genome-wide genotyping array
2019-05-08	30895295	Jonnalagadda M	2019-03-21	Genome Biol Evol	www.ncbi.nlm.nih.gov/pubmed/30895295	A genome-wide association study of skin and iris pigmentation among individuals of South Asian ancestry.	Iris heterochromicity	329 South Asian ancestry individuals		18p11.23	18	7763365	intergenic	PTPRM			ENSG00000173482			rs594771-A	rs594771	0	594771	intron_variant	0	0.564	6E-6	5.221848749616356		0.385	[0.22-0.55] unit increase	Illumina [640625] (imputed)	N	eye colour measurement	http://www.ebi.ac.uk/efo/EFO_0009764	GCST007742	Genome-wide genotyping array
2019-05-08	30895295	Jonnalagadda M	2019-03-21	Genome Biol Evol	www.ncbi.nlm.nih.gov/pubmed/30895295	A genome-wide association study of skin and iris pigmentation among individuals of South Asian ancestry.	Iris heterochromicity	329 South Asian ancestry individuals		18q21.1	18	47241746	intergenic	SKOR2			ENSG00000215474			rs141768436-G	rs141768436	0	141768436	intron_variant	0	0.014	9E-6	5.045757490560675		1.806	[1.02-2.59] unit increase	Illumina [640625] (imputed)	N	eye colour measurement	http://www.ebi.ac.uk/efo/EFO_0009764	GCST007742	Genome-wide genotyping array
2019-05-08	30895295	Jonnalagadda M	2019-03-21	Genome Biol Evol	www.ncbi.nlm.nih.gov/pubmed/30895295	A genome-wide association study of skin and iris pigmentation among individuals of South Asian ancestry.	Iris heterochromicity	329 South Asian ancestry individuals		18q21.1	18	48797495	PTPRM	CTIF			ENSG00000134030			rs62103272-T	rs62103272	0	62103272	intron_variant	0	0.071	9E-6	5.045757490560675		0.719	[0.41-1.03] unit increase	Illumina [640625] (imputed)	N	eye colour measurement	http://www.ebi.ac.uk/efo/EFO_0009764	GCST007742	Genome-wide genotyping array
2019-05-08	30895295	Jonnalagadda M	2019-03-21	Genome Biol Evol	www.ncbi.nlm.nih.gov/pubmed/30895295	A genome-wide association study of skin and iris pigmentation among individuals of South Asian ancestry.	Iris heterochromicity	329 South Asian ancestry individuals		21q21.1	21	16221066	intergenic	MIR99AHG			ENSG00000215386			rs553005340-G	rs553005340	0	553005340	intron_variant	0	0.025	3E-6	5.522878745280337		1.689	[0.99-2.39] unit increase	Illumina [640625] (imputed)	N	eye colour measurement	http://www.ebi.ac.uk/efo/EFO_0009764	GCST007742	Genome-wide genotyping array
2019-04-03	30166351	Galvan-Femenia I	2018-08-30	J Med Genet	www.ncbi.nlm.nih.gov/pubmed/30166351	Multitrait genome association analysis identifies new susceptibility genes for human anthropometric variation in the GCAT cohort.	Eye color traits	4,988 Spanish ancestry individuals	NA	15q13.1	15	28285036	HERC2	HERC2			ENSG00000128731			rs1667394-?	rs1667394	0	1667394	intron_variant	0	NR	1E-145	145.0	(Eye color (dark))	1.5500612	[1.42-1.68] unit increase	Illumina [9499600] (imputed)	N	eye color	http://www.ebi.ac.uk/efo/EFO_0003949	GCST007489	Genome-wide genotyping array
2019-04-03	30166351	Galvan-Femenia I	2018-08-30	J Med Genet	www.ncbi.nlm.nih.gov/pubmed/30166351	Multitrait genome association analysis identifies new susceptibility genes for human anthropometric variation in the GCAT cohort.	Eye color traits	4,988 Spanish ancestry individuals	NA	6p25.3	6	396321	IRF4	IRF4			ENSG00000137265			rs12203592-?	rs12203592	0	12203592	intron_variant	0	NR	5E-13	12.301029995663981	(Eye color (dark))	0.46824425	[0.34-0.59] unit decrease	Illumina [9499600] (imputed)	N	eye color	http://www.ebi.ac.uk/efo/EFO_0003949	GCST007489	Genome-wide genotyping array
2019-04-03	30166351	Galvan-Femenia I	2018-08-30	J Med Genet	www.ncbi.nlm.nih.gov/pubmed/30166351	Multitrait genome association analysis identifies new susceptibility genes for human anthropometric variation in the GCAT cohort.	Eye color traits	4,988 Spanish ancestry individuals	NA	15q13.1	15	28090674	OCA2	OCA2			ENSG00000104044			rs11855019-?	rs11855019	1	4778138	intron_variant	0	NR	1E-98	98.0	(Eye color (dark))	1.4492135	[1.31-1.59] unit increase	Illumina [9499600] (imputed)	N	eye color	http://www.ebi.ac.uk/efo/EFO_0003949	GCST007489	Genome-wide genotyping array
2019-04-03	30166351	Galvan-Femenia I	2018-08-30	J Med Genet	www.ncbi.nlm.nih.gov/pubmed/30166351	Multitrait genome association analysis identifies new susceptibility genes for human anthropometric variation in the GCAT cohort.	Eye color traits	4,988 Spanish ancestry individuals	NA	15q13.1	15	28285036	HERC2	HERC2			ENSG00000128731			rs1667394-?	rs1667394	0	1667394	intron_variant	0	NR	5E-163	162.30102999566398	(Eye color phototype score)	1.843	[1.72-1.97] unit increase	Illumina [9499600] (imputed)	N	eye color	http://www.ebi.ac.uk/efo/EFO_0003949	GCST007489	Genome-wide genotyping array
2019-04-03	30166351	Galvan-Femenia I	2018-08-30	J Med Genet	www.ncbi.nlm.nih.gov/pubmed/30166351	Multitrait genome association analysis identifies new susceptibility genes for human anthropometric variation in the GCAT cohort.	Eye color traits	4,988 Spanish ancestry individuals	NA	6p25.3	6	396321	IRF4	IRF4			ENSG00000137265			rs12203592-?	rs12203592	0	12203592	intron_variant	0	NR	7E-10	9.154901959985743	(Eye color phototype score)	0.6112	[0.42-0.81] unit decrease	Illumina [9499600] (imputed)	N	eye color	http://www.ebi.ac.uk/efo/EFO_0003949	GCST007489	Genome-wide genotyping array
2019-04-03	30166351	Galvan-Femenia I	2018-08-30	J Med Genet	www.ncbi.nlm.nih.gov/pubmed/30166351	Multitrait genome association analysis identifies new susceptibility genes for human anthropometric variation in the GCAT cohort.	Eye color traits	4,988 Spanish ancestry individuals	NA	15q13.1	15	28090674	OCA2	OCA2			ENSG00000104044			rs11855019-?	rs11855019	1	4778138	intron_variant	0	NR	9E-114	113.04575749056067	(Eye color phototype score)	1.67	[1.53-1.81] unit increase	Illumina [9499600] (imputed)	N	eye color	http://www.ebi.ac.uk/efo/EFO_0003949	GCST007489	Genome-wide genotyping array
2019-04-03	30166351	Galvan-Femenia I	2018-08-30	J Med Genet	www.ncbi.nlm.nih.gov/pubmed/30166351	Multitrait genome association analysis identifies new susceptibility genes for human anthropometric variation in the GCAT cohort.	Eye color traits	4,988 Spanish ancestry individuals	NA	9p23	9	12672097	RNU2-47P, TYRP1	LURAP1L-AS1			ENSG00000235448			rs1408799-?	rs1408799	0	1408799	intron_variant	0	NR	2E-10	9.698970004336019	(Eye color phototype score)	0.4536	[0.31-0.59] unit increase	Illumina [9499600] (imputed)	N	eye color	http://www.ebi.ac.uk/efo/EFO_0003949	GCST007489	Genome-wide genotyping array
2019-04-03	30166351	Galvan-Femenia I	2018-08-30	J Med Genet	www.ncbi.nlm.nih.gov/pubmed/30166351	Multitrait genome association analysis identifies new susceptibility genes for human anthropometric variation in the GCAT cohort.	Eye color traits	4,988 Spanish ancestry individuals	NA	5p13.2	5	33951588	SLC45A2	SLC45A2			ENSG00000164175			rs16891982-?	rs16891982	0	16891982	missense_variant	0	NR	1E-16	16.0	(Eye color phototype score)	0.8276	[0.63-1.02] unit increase	Illumina [9499600] (imputed)	N	eye color	http://www.ebi.ac.uk/efo/EFO_0003949	GCST007489	Genome-wide genotyping array
2019-04-03	30166351	Galvan-Femenia I	2018-08-30	J Med Genet	www.ncbi.nlm.nih.gov/pubmed/30166351	Multitrait genome association analysis identifies new susceptibility genes for human anthropometric variation in the GCAT cohort.	Eye color traits	4,988 Spanish ancestry individuals	NA	15q13.1	15	28285036	HERC2	HERC2			ENSG00000128731			rs1667394-?	rs1667394	0	1667394	intron_variant	0	NR	3E-176	175.52287874528034	(Eye color)	0.6088	[0.57-0.65] unit decrease	Illumina [9499600] (imputed)	N	eye color	http://www.ebi.ac.uk/efo/EFO_0003949	GCST007489	Genome-wide genotyping array
2019-04-03	30166351	Galvan-Femenia I	2018-08-30	J Med Genet	www.ncbi.nlm.nih.gov/pubmed/30166351	Multitrait genome association analysis identifies new susceptibility genes for human anthropometric variation in the GCAT cohort.	Eye color traits	4,988 Spanish ancestry individuals	NA	6p25.3	6	396321	IRF4	IRF4			ENSG00000137265			rs12203592-?	rs12203592	0	12203592	intron_variant	0	NR	2E-11	10.698970004336019	(Eye color)	0.2115	[0.15-0.27] unit increase	Illumina [9499600] (imputed)	N	eye color	http://www.ebi.ac.uk/efo/EFO_0003949	GCST007489	Genome-wide genotyping array
2019-04-03	30166351	Galvan-Femenia I	2018-08-30	J Med Genet	www.ncbi.nlm.nih.gov/pubmed/30166351	Multitrait genome association analysis identifies new susceptibility genes for human anthropometric variation in the GCAT cohort.	Eye color traits	4,988 Spanish ancestry individuals	NA	15q13.1	15	28090674	OCA2	OCA2			ENSG00000104044			rs11855019-?	rs11855019	1	4778138	intron_variant	0	NR	2E-121	120.69897000433602	(Eye color)	0.5488	[0.5-0.59] unit decrease	Illumina [9499600] (imputed)	N	eye color	http://www.ebi.ac.uk/efo/EFO_0003949	GCST007489	Genome-wide genotyping array
2019-04-03	30166351	Galvan-Femenia I	2018-08-30	J Med Genet	www.ncbi.nlm.nih.gov/pubmed/30166351	Multitrait genome association analysis identifies new susceptibility genes for human anthropometric variation in the GCAT cohort.	Eye color traits	4,988 Spanish ancestry individuals	NA	5p13.2	5	33951588	SLC45A2	SLC45A2			ENSG00000164175			rs16891982-?	rs16891982	0	16891982	missense_variant	0	NR	2E-13	12.698970004336019	(Eye color)	0.2339	[0.17-0.3] unit decrease	Illumina [9499600] (imputed)	N	eye color	http://www.ebi.ac.uk/efo/EFO_0003949	GCST007489	Genome-wide genotyping array
2019-04-03	30166351	Galvan-Femenia I	2018-08-30	J Med Genet	www.ncbi.nlm.nih.gov/pubmed/30166351	Multitrait genome association analysis identifies new susceptibility genes for human anthropometric variation in the GCAT cohort.	Eye color traits	4,988 Spanish ancestry individuals	NA	9p23	9	12672097	TYRP1	LURAP1L-AS1			ENSG00000235448			rs1408799-?	rs1408799	0	1408799	intron_variant	0	NR	2E-9	8.698970004336019	(Eye color)	0.1366	[0.092-0.181] unit decrease	Illumina [9499600] (imputed)	N	eye color	http://www.ebi.ac.uk/efo/EFO_0003949	GCST007489	Genome-wide genotyping array
2011-09-23	21835309	Larsson M	2011-08-12	Am J Hum Genet	www.ncbi.nlm.nih.gov/pubmed/21835309	GWAS findings for human iris patterns: associations with variants in genes that influence normal neuronal pattern development.	Iris characteristics	2,121 European ancestry individuals	499 European ancestry adolescent twins and siblings, 73 European ancestry adult individuals	2p13.1	2	74744954	AC007387.1	SEMA4F - RPS28P5	ENSG00000135622	ENSG00000224646		54320	9716	rs205611-A	rs205611	0	205611	intron_variant	1	NR	1E-6	6.0	(Crypts)	0.12	[0.06-0.18] unit decrease	Illumina [274604] (imputed)	N	eye measurement	http://www.ebi.ac.uk/efo/EFO_0004731	GCST001199	Genome-wide genotyping array
2011-09-23	21835309	Larsson M	2011-08-12	Am J Hum Genet	www.ncbi.nlm.nih.gov/pubmed/21835309	GWAS findings for human iris patterns: associations with variants in genes that influence normal neuronal pattern development.	Iris characteristics	2,121 European ancestry individuals	499 European ancestry adolescent twins and siblings, 73 European ancestry adult individuals	2q37.3	2	238397627	TRAF3IP1	TRAF3IP1			ENSG00000204104			rs3739070-A	rs3739070	0	3739070	missense_variant	0	NR	6E-6	5.221848749616356	(Crypts)	0.16	[0.10-0.22] unit decrease	Illumina [274604] (imputed)	N	eye measurement	http://www.ebi.ac.uk/efo/EFO_0004731	GCST001199	Genome-wide genotyping array
2011-09-23	21835309	Larsson M	2011-08-12	Am J Hum Genet	www.ncbi.nlm.nih.gov/pubmed/21835309	GWAS findings for human iris patterns: associations with variants in genes that influence normal neuronal pattern development.	Iris characteristics	2,121 European ancestry individuals	499 European ancestry adolescent twins and siblings, 73 European ancestry adult individuals	14q32.12	14	92297047	SLC324A4	RNU6-366P - SLC24A4	ENSG00000201097	ENSG00000140090		31240	25534	rs4900109-G	rs4900109	0	4900109	non_coding_transcript_exon_variant	1	NR	8E-21	20.096910013008056	(Pigmented Ring)	0.17	[0.13-0.21] unit increase	Illumina [274604] (imputed)	N	eye measurement	http://www.ebi.ac.uk/efo/EFO_0004731	GCST001199	Genome-wide genotyping array
2011-09-23	21835309	Larsson M	2011-08-12	Am J Hum Genet	www.ncbi.nlm.nih.gov/pubmed/21835309	GWAS findings for human iris patterns: associations with variants in genes that influence normal neuronal pattern development.	Iris characteristics	2,121 European ancestry individuals	499 European ancestry adolescent twins and siblings, 73 European ancestry adult individuals	7q21.11	7	84027484	SEMA3A	SEMA3A			ENSG00000075213			rs10235789-C	rs10235789	0	10235789	intron_variant	0	NR	7E-11	10.154901959985743	(Crypts)	0.12	[0.08-0.16] unit increase	Illumina [274604] (imputed)	N	eye measurement	http://www.ebi.ac.uk/efo/EFO_0004731	GCST001199	Genome-wide genotyping array
2011-09-23	21835309	Larsson M	2011-08-12	Am J Hum Genet	www.ncbi.nlm.nih.gov/pubmed/21835309	GWAS findings for human iris patterns: associations with variants in genes that influence normal neuronal pattern development.	Iris characteristics	2,121 European ancestry individuals	499 European ancestry adolescent twins and siblings, 73 European ancestry adult individuals	7q21.11	7	84027484	SEMA3A	SEMA3A			ENSG00000075213			rs10235789-C	rs10235789	0	10235789	intron_variant	0	NR	3E-6	5.522878745280337	(Furrows)	0.09	[0.05-0.13] unit decrease	Illumina [274604] (imputed)	N	eye measurement	http://www.ebi.ac.uk/efo/EFO_0004731	GCST001199	Genome-wide genotyping array
2011-09-23	21835309	Larsson M	2011-08-12	Am J Hum Genet	www.ncbi.nlm.nih.gov/pubmed/21835309	GWAS findings for human iris patterns: associations with variants in genes that influence normal neuronal pattern development.	Iris characteristics	2,121 European ancestry individuals	499 European ancestry adolescent twins and siblings, 73 European ancestry adult individuals	2q37.3	2	238397627	TRAF3IP1	TRAF3IP1			ENSG00000204104			rs3739070-A	rs3739070	0	3739070	missense_variant	0	NR	2E-12	11.698970004336019	(Furrows)	0.25	[0.19-0.31] unit increase	Illumina [274604] (imputed)	N	eye measurement	http://www.ebi.ac.uk/efo/EFO_0004731	GCST001199	Genome-wide genotyping array
2011-09-23	21835309	Larsson M	2011-08-12	Am J Hum Genet	www.ncbi.nlm.nih.gov/pubmed/21835309	GWAS findings for human iris patterns: associations with variants in genes that influence normal neuronal pattern development.	Iris characteristics	2,121 European ancestry individuals	499 European ancestry adolescent twins and siblings, 73 European ancestry adult individuals	15q22.31	15	63623587	HERC1	HERC1			ENSG00000103657			rs11630290-C	rs11630290	0	11630290	intron_variant	0	NR	1E-6	6.0	(Iris Nevi)	0.09	[0.05-0.13] unit increase	Illumina [274604] (imputed)	N	eye measurement	http://www.ebi.ac.uk/efo/EFO_0004731	GCST001199	Genome-wide genotyping array
2008-06-16	17952075	Sulem P	2007-10-21	Nat Genet	www.ncbi.nlm.nih.gov/pubmed/17952075	Genetic determinants of hair, eye and skin pigmentation in Europeans.	Blue vs. green eyes	2,986 Icelandic ancestry individuals	3,932 European ancestry individuals	14q32.12	14	92307319	SLC24A4	RNU6-366P - SLC24A4	ENSG00000201097	ENSG00000140090		41512	15262	rs12896399-T	rs12896399	0	12896399	intron_variant	1	0.40	4E-38	37.39794000867204		2.06	[1.76-2.42]	Illumina [317511]	N	eye color	http://www.ebi.ac.uk/efo/EFO_0003949	GCST000117	Genome-wide genotyping array
2008-06-16	17952075	Sulem P	2007-10-21	Nat Genet	www.ncbi.nlm.nih.gov/pubmed/17952075	Genetic determinants of hair, eye and skin pigmentation in Europeans.	Blue vs. green eyes	2,986 Icelandic ancestry individuals	3,932 European ancestry individuals	11q14.3	11	89277878	TYR	TYR			ENSG00000077498			rs1393350-A	rs1393350	0	1393350	intron_variant	0	0.23	3E-12	11.522878745280337		1.52	[1.28-1.81]	Illumina [317511]	N	eye color	http://www.ebi.ac.uk/efo/EFO_0003949	GCST000117	Genome-wide genotyping array
2008-06-16	17952075	Sulem P	2007-10-21	Nat Genet	www.ncbi.nlm.nih.gov/pubmed/17952075	Genetic determinants of hair, eye and skin pigmentation in Europeans.	Blue vs. green eyes	2,986 Icelandic ancestry individuals	3,932 European ancestry individuals	15q13.1	15	28285036	OCA2	HERC2			ENSG00000128731			rs1667394-A	rs1667394	0	1667394	intron_variant	0	0.98	2E-53	52.69897000433602		6.74	[4.61-9.83]	Illumina [317511]	N	eye color	http://www.ebi.ac.uk/efo/EFO_0003949	GCST000117	Genome-wide genotyping array
2009-02-16	17952075	Sulem P	2007-10-21	Nat Genet	www.ncbi.nlm.nih.gov/pubmed/17952075	Genetic determinants of hair, eye and skin pigmentation in Europeans.	Blue vs. brown eyes	2,986 Icelandic ancestry individuals	3,932 European ancestry individuals	15q13.1	15	28285036	OCA2	HERC2			ENSG00000128731			rs1667394-A	rs1667394	0	1667394	intron_variant	0	0.88	1E-241	241.0		29.43	[21.47-40.35]	Illumina [317511]	N	eye color	http://www.ebi.ac.uk/efo/EFO_0003949	GCST000120	Genome-wide genotyping array
2008-09-17	18252221	Kayser M	2008-01-24	Am J Hum Genet	www.ncbi.nlm.nih.gov/pubmed/18252221	Three genome-wide association studies and a linkage analysis identify HERC2 as a human iris color gene.	Iris color	925 Erasmus Rucphen individuals, 481 European ancestry females	5,575 European ancestry individuals, 1,292 Erasmus Rucphen individuals	15q13.1	15	28268218	HERC2	HERC2			ENSG00000128731			rs916977-?	rs916977	0	916977	intron_variant	0	NR	1E-43	43.0				Affymetrix, Illumina [up to 500000]	N	eye color	http://www.ebi.ac.uk/efo/EFO_0003949	GCST000146	Genome-wide genotyping array
2008-06-27	18488028	Sulem P	2008-05-18	Nat Genet	www.ncbi.nlm.nih.gov/pubmed/18488028	Two newly identified genetic determinants of pigmentation in Europeans.	Blue vs. green eyes	5,130 Icelandic individuals	3,330 European ancestry individuals	9p23	9	12672097	TYRP1	LURAP1L-AS1			ENSG00000235448			rs1408799-C	rs1408799	0	1408799	intron_variant	0	0.75	6E-17	16.221848749616356		1.4	[1.25-1.57]	Illumina [316515]	N	eye color	http://www.ebi.ac.uk/efo/EFO_0003949	GCST000192	Genome-wide genotyping array
2010-06-14	20463881	Liu F	2010-05-16	PLoS Genet	www.ncbi.nlm.nih.gov/pubmed/20463881	Digital quantification of human eye color highlights genetic association of three new loci.	Eye color traits	5,951 European ancestry individuals	3,543 European ancestry individuals	21q22.13	21	37118795	TTC3, DSCR9	TTC3			ENSG00000182670			rs1003719-A	rs1003719	0	1003719	intron_variant	0	NR	2E-10	9.698970004336019	(CHS1)	0.1	[NR] % decrease	Illumina [2543887] (imputed)	N	eye color	http://www.ebi.ac.uk/efo/EFO_0003949	GCST000685	Genome-wide genotyping array
2010-06-14	20463881	Liu F	2010-05-16	PLoS Genet	www.ncbi.nlm.nih.gov/pubmed/20463881	Digital quantification of human eye color highlights genetic association of three new loci.	Eye color traits	5,951 European ancestry individuals	3,543 European ancestry individuals	15q13.1	15	28120472	HERC2, OCA	HERC2			ENSG00000128731			rs12913832-?	rs12913832	0	12913832	intron_variant	0	NR	1E-300	300.0	(RS123 cohort)			Illumina [2543887] (imputed)	N	eye color	http://www.ebi.ac.uk/efo/EFO_0003949	GCST000685	Genome-wide genotyping array
2010-06-14	20463881	Liu F	2010-05-16	PLoS Genet	www.ncbi.nlm.nih.gov/pubmed/20463881	Digital quantification of human eye color highlights genetic association of three new loci.	Eye color traits	5,951 European ancestry individuals	3,543 European ancestry individuals	17q25.3	17	81629785	NPLOC4, HGS	NPLOC4			ENSG00000182446			rs9894429-T	rs9894429	0	9894429	synonymous_variant	0	NR	9E-14	13.045757490560675	(CHS1)	0.12	[NR] % increase	Illumina [2543887] (imputed)	N	eye color	http://www.ebi.ac.uk/efo/EFO_0003949	GCST000685	Genome-wide genotyping array
2010-07-16	20585627	Eriksson N	2010-06-24	PLoS Genet	www.ncbi.nlm.nih.gov/pubmed/20585627	Web-based, participant-driven studies yield novel genetic associations for common traits.	Eye color	9,126 European ancestry individuals	NA	5p13.2	5	33951588	SLC45A2	SLC45A2			ENSG00000164175			rs16891982-C	rs16891982	0	16891982	missense_variant	0	0.03	1E-12	12.0	(eye color)	0.84	[NR] unit increase	Illumina [535076]	N	eye color	http://www.ebi.ac.uk/efo/EFO_0003949	GCST000710	Genome-wide genotyping array
2010-07-16	20585627	Eriksson N	2010-06-24	PLoS Genet	www.ncbi.nlm.nih.gov/pubmed/20585627	Web-based, participant-driven studies yield novel genetic associations for common traits.	Eye color	9,126 European ancestry individuals	NA	11q14.3	11	89277878	TYR	TYR			ENSG00000077498			rs1393350-A	rs1393350	0	1393350	intron_variant	0	0.27	3E-9	8.522878745280337	(eye color)	0.28	[NR] unit decrease	Illumina [535076]	N	eye color	http://www.ebi.ac.uk/efo/EFO_0003949	GCST000710	Genome-wide genotyping array
2010-07-16	20585627	Eriksson N	2010-06-24	PLoS Genet	www.ncbi.nlm.nih.gov/pubmed/20585627	Web-based, participant-driven studies yield novel genetic associations for common traits.	Eye color	9,126 European ancestry individuals	NA	14q32.12	14	92307319	SLC24A4	RNU6-366P - SLC24A4	ENSG00000201097	ENSG00000140090		41512	15262	rs12896399-G	rs12896399	0	12896399	intron_variant	1	0.44	2E-23	22.69897000433602	(green eyes)	1.73	[NR]	Illumina [535076]	N	eye color	http://www.ebi.ac.uk/efo/EFO_0003949	GCST000710	Genome-wide genotyping array
2010-07-16	20585627	Eriksson N	2010-06-24	PLoS Genet	www.ncbi.nlm.nih.gov/pubmed/20585627	Web-based, participant-driven studies yield novel genetic associations for common traits.	Eye color	9,126 European ancestry individuals	NA	11q14.3	11	89272085	TYR	TYR			ENSG00000077498			rs1847134-A	rs1847134	0	1847134	intron_variant	0	0.68	1E-15	15.0	(green eyes)	1.58	[NR]	Illumina [535076]	N	eye color	http://www.ebi.ac.uk/efo/EFO_0003949	GCST000710	Genome-wide genotyping array
2010-07-16	20585627	Eriksson N	2010-06-24	PLoS Genet	www.ncbi.nlm.nih.gov/pubmed/20585627	Web-based, participant-driven studies yield novel genetic associations for common traits.	Eye color	9,126 European ancestry individuals	NA	14q32.12	14	92307319	SLC24A4	RNU6-366P - SLC24A4	ENSG00000201097	ENSG00000140090		41512	15262	rs12896399-T	rs12896399	0	12896399	intron_variant	1	0.44	1E-16	16.0	(eye color)	0.34	[NR] unit decrease	Illumina [535076]	N	eye color	http://www.ebi.ac.uk/efo/EFO_0003949	GCST000710	Genome-wide genotyping array
2010-07-16	20585627	Eriksson N	2010-06-24	PLoS Genet	www.ncbi.nlm.nih.gov/pubmed/20585627	Web-based, participant-driven studies yield novel genetic associations for common traits.	Eye color	9,126 European ancestry individuals	NA	15q13.1	15	28120472	OCA2	HERC2			ENSG00000128731			rs12913832-A	rs12913832	0	12913832	intron_variant	0	0.23	1E-300	300.0	(eye color)	2.49	[NR] unit increase	Illumina [535076]	N	eye color	http://www.ebi.ac.uk/efo/EFO_0003949	GCST000710	Genome-wide genotyping array
2010-07-16	20585627	Eriksson N	2010-06-24	PLoS Genet	www.ncbi.nlm.nih.gov/pubmed/20585627	Web-based, participant-driven studies yield novel genetic associations for common traits.	Eye color	9,126 European ancestry individuals	NA	6p25.3	6	396321	IRF4	IRF4			ENSG00000137265			rs12203592-T	rs12203592	0	12203592	intron_variant	0	0.18	2E-15	14.698970004336019	(eye color)	0.42	[NR] unit decrease	Illumina [535076]	N	eye color	http://www.ebi.ac.uk/efo/EFO_0003949	GCST000710	Genome-wide genotyping array
2010-07-16	20585627	Eriksson N	2010-06-24	PLoS Genet	www.ncbi.nlm.nih.gov/pubmed/20585627	Web-based, participant-driven studies yield novel genetic associations for common traits.	Eye color	9,126 European ancestry individuals	NA	15q13.1	15	28120472	OCA2	HERC2			ENSG00000128731			rs12913832-A	rs12913832	0	12913832	intron_variant	0	0.23	3E-52	51.52287874528034	(green eyes)	8.43	[NR]	Illumina [535076]	N	eye color	http://www.ebi.ac.uk/efo/EFO_0003949	GCST000710	Genome-wide genotyping array
2013-08-10	23548203	Zhang M	2013-04-01	Hum Mol Genet	www.ncbi.nlm.nih.gov/pubmed/23548203	Genome-wide association studies identify several new loci associated with pigmentation traits and skin cancer risk in European Americans.	Eye color	3871 European ancestry individuals	2,496 European ancestry individuals	1q32.3	1	212953223	VASH2	VASH2			ENSG00000143494			rs3002288-A	rs3002288	0	3002288	intron_variant	0	NR	7E-8	7.154901959985743	(Brown eye color)	0.22	[0.14-0.30] unit decrease	Affymetrix, Illumina [2469762] (imputed)	N	eye color	http://www.ebi.ac.uk/efo/EFO_0003949	GCST001929	Genome-wide genotyping array
2013-08-10	23548203	Zhang M	2013-04-01	Hum Mol Genet	www.ncbi.nlm.nih.gov/pubmed/23548203	Genome-wide association studies identify several new loci associated with pigmentation traits and skin cancer risk in European Americans.	Eye color	3871 European ancestry individuals	2,496 European ancestry individuals	5p15.31	5	6767199	POLS	LINC02236			ENSG00000251365			rs12520016-G	rs12520016	0	12520016	intron_variant	0	NR	9E-7	6.045757490560675	(Intermediate/Green eye color)	0.42	[0.26-0.58] unit increase	Affymetrix, Illumina [2469762] (imputed)	N	eye color	http://www.ebi.ac.uk/efo/EFO_0003949	GCST001929	Genome-wide genotyping array
2013-08-10	23548203	Zhang M	2013-04-01	Hum Mol Genet	www.ncbi.nlm.nih.gov/pubmed/23548203	Genome-wide association studies identify several new loci associated with pigmentation traits and skin cancer risk in European Americans.	Eye color	3871 European ancestry individuals	2,496 European ancestry individuals	15q13.1	15	27951675	OCA2	OCA2			ENSG00000104044			rs7173419-T	rs7173419	0	7173419	intron_variant	0	NR	1E-7	7.0	(Brown eye color)	0.33	[0.21-0.45] unit increase	Affymetrix, Illumina [2469762] (imputed)	N	eye color	http://www.ebi.ac.uk/efo/EFO_0003949	GCST001929	Genome-wide genotyping array
2013-08-10	23548203	Zhang M	2013-04-01	Hum Mol Genet	www.ncbi.nlm.nih.gov/pubmed/23548203	Genome-wide association studies identify several new loci associated with pigmentation traits and skin cancer risk in European Americans.	Eye color	3871 European ancestry individuals	2,496 European ancestry individuals	15q13.1	15	28120472	HERC2	HERC2			ENSG00000128731			rs12913832-A	rs12913832	0	12913832	intron_variant	0	NR	1E-177	177.0	(Brown eye color)	2.82	[2.62-3.02] unit increase	Affymetrix, Illumina [2469762] (imputed)	N	eye color	http://www.ebi.ac.uk/efo/EFO_0003949	GCST001929	Genome-wide genotyping array
2013-08-10	23548203	Zhang M	2013-04-01	Hum Mol Genet	www.ncbi.nlm.nih.gov/pubmed/23548203	Genome-wide association studies identify several new loci associated with pigmentation traits and skin cancer risk in European Americans.	Eye color	3871 European ancestry individuals	2,496 European ancestry individuals	9p23	9	12672097	TYRP1	LURAP1L-AS1			ENSG00000235448			rs1408799-C	rs1408799	0	1408799	intron_variant	0	NR	5E-7	6.301029995663981	(Blue eye color)	0.27	[0.17-0.37] unit decrease	Affymetrix, Illumina [2469762] (imputed)	N	eye color	http://www.ebi.ac.uk/efo/EFO_0003949	GCST001929	Genome-wide genotyping array
2013-08-10	23548203	Zhang M	2013-04-01	Hum Mol Genet	www.ncbi.nlm.nih.gov/pubmed/23548203	Genome-wide association studies identify several new loci associated with pigmentation traits and skin cancer risk in European Americans.	Eye color	3871 European ancestry individuals	2,496 European ancestry individuals	14q32.12	14	92307319	SLC24A4	RNU6-366P - SLC24A4	ENSG00000201097	ENSG00000140090		41512	15262	rs12896399-G	rs12896399	0	12896399	intron_variant	1	NR	4E-11	10.397940008672037	(Blue eye color)	0.33	[0.23-0.43] unit increase	Affymetrix, Illumina [2469762] (imputed)	N	eye color	http://www.ebi.ac.uk/efo/EFO_0003949	GCST001929	Genome-wide genotyping array
2013-08-10	23548203	Zhang M	2013-04-01	Hum Mol Genet	www.ncbi.nlm.nih.gov/pubmed/23548203	Genome-wide association studies identify several new loci associated with pigmentation traits and skin cancer risk in European Americans.	Eye color	3871 European ancestry individuals	2,496 European ancestry individuals	15q13.1	15	28120472	HERC2	HERC2			ENSG00000128731			rs12913832-G	rs12913832	0	12913832	intron_variant	0	NR	1E-158	158.0	(Blue eye color)	2.84	[2.62-3.06] unit decrease	Affymetrix, Illumina [2469762] (imputed)	N	eye color	http://www.ebi.ac.uk/efo/EFO_0003949	GCST001929	Genome-wide genotyping array
2013-08-10	23548203	Zhang M	2013-04-01	Hum Mol Genet	www.ncbi.nlm.nih.gov/pubmed/23548203	Genome-wide association studies identify several new loci associated with pigmentation traits and skin cancer risk in European Americans.	Eye color	3871 European ancestry individuals	2,496 European ancestry individuals	14q32.12	14	92307319	SLC24A4	RNU6-366P - SLC24A4	ENSG00000201097	ENSG00000140090		41512	15262	rs12896399-G	rs12896399	0	12896399	intron_variant	1	NR	3E-7	6.522878745280337	(Intermediate/Green eye color)	0.27	[0.17-0.37] unit decrease	Affymetrix, Illumina [2469762] (imputed)	N	eye color	http://www.ebi.ac.uk/efo/EFO_0003949	GCST001929	Genome-wide genotyping array
2013-01-11	23118974	Candille SI	2012-10-31	PLoS One	www.ncbi.nlm.nih.gov/pubmed/23118974	Genome-wide association studies of quantitatively measured skin, hair, and eye pigmentation in four European populations.	Eye color	175 European ancestry individuals	293 European ancestry individuals	15q13.1	15	28285036	HERC2, OCA2	HERC2			ENSG00000128731			rs1667394-C	rs1667394	0	1667394	intron_variant	0	0.28	2E-20	19.69897000433602	(Eye color)	0.353	[0.28-0.42] unit increase	Illumina [313763]	N	eye color	http://www.ebi.ac.uk/efo/EFO_0003949	GCST001723	Genome-wide genotyping array
2013-01-11	23118974	Candille SI	2012-10-31	PLoS One	www.ncbi.nlm.nih.gov/pubmed/23118974	Genome-wide association studies of quantitatively measured skin, hair, and eye pigmentation in four European populations.	Eye color	175 European ancestry individuals	293 European ancestry individuals	5q21.3	5	108064804	FBXL17	FBXL17			ENSG00000145743			rs288139-A	rs288139	0	288139	intron_variant	0	0.21	1E-6	6.0	(Eye color)	0.206	[0.12-0.29] unit increase	Illumina [313763]	N	eye color	http://www.ebi.ac.uk/efo/EFO_0003949	GCST001723	Genome-wide genotyping array
2013-01-11	23118974	Candille SI	2012-10-31	PLoS One	www.ncbi.nlm.nih.gov/pubmed/23118974	Genome-wide association studies of quantitatively measured skin, hair, and eye pigmentation in four European populations.	Eye color	175 European ancestry individuals	293 European ancestry individuals	8q24.22	8	131341488	ADCY8/EFR3A	IADEN - SNORA72	ENSG00000253507	ENSG00000201898		23599	91288	rs4596632-C	rs4596632	0	4596632	intergenic_variant	1	0.33	3E-6	5.522878745280337	(Eye color)	0.167	[0.098-0.236] unit increase	Illumina [313763]	N	eye color	http://www.ebi.ac.uk/efo/EFO_0003949	GCST001723	Genome-wide genotyping array
2025-07-29	40465716	Liu TY	2025-06-04	Sci Adv	www.ncbi.nlm.nih.gov/pubmed/40465716	Diversity and longitudinal records: Genetic architecture of disease associations and polygenic risk in the Taiwanese Han population.	Disorders of iris and ciliary body (PheCode 379.5)	168 Han Taiwanese ancestry cases, 213,222 Han Taiwanese ancestry controls	NA	18p11.21	18	13860053		MC5R - MC2R	ENSG00000176136	ENSG00000185231		32730	21990	rs144986808-?	rs144986808	0	144986808	intergenic_variant	1	NR	4E-9	8.397940008672037				Affymetrix [14181206] (imputed)	N	eye disorder	http://purl.obolibrary.org/obo/MONDO_0005328	GCST90651375	Genome-wide genotyping array
2022-01-05	34265127	Inoue Y	2021-07-15	Exp Dermatol	www.ncbi.nlm.nih.gov/pubmed/34265127	Search for genetic loci involved in the constitution and skin type of a Japanese women using a genome-wide association study.	Iris color	1,108 Japanese ancestry individuals	NA	15q13.1	15	27987591		OCA2			ENSG00000104044			rs112244493-G	rs112244493	0	112244493	intron_variant	0	0.313	7E-18	17.154901959985743		0.263	[0.2-0.32] unit increase	Illumina [6258233] (imputed)	N	eye color	http://www.ebi.ac.uk/efo/EFO_0003949	GCST90026489	Genome-wide genotyping array
2023-03-10	36672889	Farre X	2023-01-05	Genes (Basel)	www.ncbi.nlm.nih.gov/pubmed/36672889	Skin Phototype and Disease: A Comprehensive Genetic Approach to Pigmentary Traits Pleiotropy Using PRS in the GCAT Cohort.	Eye color	4,987 Iberian ancestry individuals	NA	15q13.1	15	28293493		HERC2			ENSG00000128731			rs34632582-CA	rs34632582	0	34632582	intron_variant	0	0.0394348	2E-10	9.698970004336019		0.413613	[0.29-0.54] unit increase	Illumina [10216971] (imputed)	N	eye color	http://www.ebi.ac.uk/efo/EFO_0003949	GCST90255684	Genome-wide genotyping array
2023-03-10	36672889	Farre X	2023-01-05	Genes (Basel)	www.ncbi.nlm.nih.gov/pubmed/36672889	Skin Phototype and Disease: A Comprehensive Genetic Approach to Pigmentary Traits Pleiotropy Using PRS in the GCAT Cohort.	Eye color	4,987 Iberian ancestry individuals	NA	15q13.1	15	28264021		HERC2			ENSG00000128731			rs34823980-C	rs34823980	0	34823980	intron_variant	0	0.0942355	6E-50	49.221848749616356		0.60983	[0.53-0.69] unit increase	Illumina [10216971] (imputed)	N	eye color	http://www.ebi.ac.uk/efo/EFO_0003949	GCST90255684	Genome-wide genotyping array
2023-03-10	36672889	Farre X	2023-01-05	Genes (Basel)	www.ncbi.nlm.nih.gov/pubmed/36672889	Skin Phototype and Disease: A Comprehensive Genetic Approach to Pigmentary Traits Pleiotropy Using PRS in the GCAT Cohort.	Eye color	4,987 Iberian ancestry individuals	NA	5p13.2	5	33965152		SLC45A2			ENSG00000164175			rs35409-G	rs35409	0	35409	intron_variant	0	0.113572	1E-10	10.0		0.224992	[0.16-0.29] unit increase	Illumina [10216971] (imputed)	N	eye color	http://www.ebi.ac.uk/efo/EFO_0003949	GCST90255684	Genome-wide genotyping array
2023-03-10	36672889	Farre X	2023-01-05	Genes (Basel)	www.ncbi.nlm.nih.gov/pubmed/36672889	Skin Phototype and Disease: A Comprehensive Genetic Approach to Pigmentary Traits Pleiotropy Using PRS in the GCAT Cohort.	Eye color	4,987 Iberian ancestry individuals	NA	15q13.1	15	27825678		OCA2			ENSG00000104044			rs35934407-A	rs35934407	0	35934407	intron_variant	0	0.0973531	2E-10	9.698970004336019		0.23109	[0.16-0.3] unit decrease	Illumina [10216971] (imputed)	N	eye color	http://www.ebi.ac.uk/efo/EFO_0003949	GCST90255684	Genome-wide genotyping array
2023-03-10	36672889	Farre X	2023-01-05	Genes (Basel)	www.ncbi.nlm.nih.gov/pubmed/36672889	Skin Phototype and Disease: A Comprehensive Genetic Approach to Pigmentary Traits Pleiotropy Using PRS in the GCAT Cohort.	Eye color	4,987 Iberian ancestry individuals	NA	15q13.1	15	28898326		APBA2			ENSG00000034053			rs36179052-G	rs36179052	0	36179052	intron_variant	0	0.232906	2E-8	7.698970004336019		0.144551	[0.094-0.195] unit decrease	Illumina [10216971] (imputed)	N	eye color	http://www.ebi.ac.uk/efo/EFO_0003949	GCST90255684	Genome-wide genotyping array
2023-03-10	36672889	Farre X	2023-01-05	Genes (Basel)	www.ncbi.nlm.nih.gov/pubmed/36672889	Skin Phototype and Disease: A Comprehensive Genetic Approach to Pigmentary Traits Pleiotropy Using PRS in the GCAT Cohort.	Eye color	4,987 Iberian ancestry individuals	NA	15q13.1	15	28298006		HERC2			ENSG00000128731			rs373425948-T	rs373425948	0	373425948	intron_variant	0	0.102501	3E-47	46.52287874528034		0.560708	[0.49-0.64] unit increase	Illumina [10216971] (imputed)	N	eye color	http://www.ebi.ac.uk/efo/EFO_0003949	GCST90255684	Genome-wide genotyping array
2023-03-10	36672889	Farre X	2023-01-05	Genes (Basel)	www.ncbi.nlm.nih.gov/pubmed/36672889	Skin Phototype and Disease: A Comprehensive Genetic Approach to Pigmentary Traits Pleiotropy Using PRS in the GCAT Cohort.	Eye color	4,987 Iberian ancestry individuals	NA	15q13.1	15	28321239		HERC2			ENSG00000128731			rs373468882-T	rs373468882	0	373468882	intron_variant	0	0.0648084	2E-31	30.69897000433602		0.546008	[0.45-0.64] unit increase	Illumina [10216971] (imputed)	N	eye color	http://www.ebi.ac.uk/efo/EFO_0003949	GCST90255684	Genome-wide genotyping array
2023-03-10	36672889	Farre X	2023-01-05	Genes (Basel)	www.ncbi.nlm.nih.gov/pubmed/36672889	Skin Phototype and Disease: A Comprehensive Genetic Approach to Pigmentary Traits Pleiotropy Using PRS in the GCAT Cohort.	Eye color	4,987 Iberian ancestry individuals	NA	15q13.1	15	28225697		HERC2			ENSG00000128731			rs397854007-C	rs397854007	1	35629645	intron_variant	0	0.0833247	2E-44	43.69897000433602		0.626451	[0.54-0.71] unit increase	Illumina [10216971] (imputed)	N	eye color	http://www.ebi.ac.uk/efo/EFO_0003949	GCST90255684	Genome-wide genotyping array
2023-03-10	36672889	Farre X	2023-01-05	Genes (Basel)	www.ncbi.nlm.nih.gov/pubmed/36672889	Skin Phototype and Disease: A Comprehensive Genetic Approach to Pigmentary Traits Pleiotropy Using PRS in the GCAT Cohort.	Eye color	4,987 Iberian ancestry individuals	NA	9p23	9	12667800		LURAP1L-AS1			ENSG00000235448			rs398113268-GT	rs398113268	1	144249062	intron_variant	0	0.227726	2E-8	7.698970004336019		0.144303	[0.094-0.195] unit increase	Illumina [10216971] (imputed)	N	eye color	http://www.ebi.ac.uk/efo/EFO_0003949	GCST90255684	Genome-wide genotyping array
2023-03-10	36672889	Farre X	2023-01-05	Genes (Basel)	www.ncbi.nlm.nih.gov/pubmed/36672889	Skin Phototype and Disease: A Comprehensive Genetic Approach to Pigmentary Traits Pleiotropy Using PRS in the GCAT Cohort.	Eye color	4,987 Iberian ancestry individuals	NA	15q13.1	15	28082760		OCA2			ENSG00000104044			rs4074658-C	rs4074658	0	4074658	intron_variant	0	0.491077	3E-40	39.52287874528034		0.285344	[0.24-0.33] unit decrease	Illumina [10216971] (imputed)	N	eye color	http://www.ebi.ac.uk/efo/EFO_0003949	GCST90255684	Genome-wide genotyping array
2023-03-10	36672889	Farre X	2023-01-05	Genes (Basel)	www.ncbi.nlm.nih.gov/pubmed/36672889	Skin Phototype and Disease: A Comprehensive Genetic Approach to Pigmentary Traits Pleiotropy Using PRS in the GCAT Cohort.	Eye color	4,987 Iberian ancestry individuals	NA	15q13.1	15	28035689		OCA2			ENSG00000104044			rs4238497-A	rs4238497	0	4238497	intron_variant	0	0.0477957	7E-13	12.154901959985743		0.400186	[0.29-0.51] unit decrease	Illumina [10216971] (imputed)	N	eye color	http://www.ebi.ac.uk/efo/EFO_0003949	GCST90255684	Genome-wide genotyping array
2023-03-10	36672889	Farre X	2023-01-05	Genes (Basel)	www.ncbi.nlm.nih.gov/pubmed/36672889	Skin Phototype and Disease: A Comprehensive Genetic Approach to Pigmentary Traits Pleiotropy Using PRS in the GCAT Cohort.	Eye color	4,987 Iberian ancestry individuals	NA	15q13.1	15	28082689		OCA2			ENSG00000104044			rs4778137-G	rs4778137	0	4778137	intron_variant	0	0.411269	7E-44	43.15490195998574		0.306655	[0.26-0.35] unit increase	Illumina [10216971] (imputed)	N	eye color	http://www.ebi.ac.uk/efo/EFO_0003949	GCST90255684	Genome-wide genotyping array
2023-03-10	36672889	Farre X	2023-01-05	Genes (Basel)	www.ncbi.nlm.nih.gov/pubmed/36672889	Skin Phototype and Disease: A Comprehensive Genetic Approach to Pigmentary Traits Pleiotropy Using PRS in the GCAT Cohort.	Eye color	4,987 Iberian ancestry individuals	NA	15q13.1	15	28090674		OCA2			ENSG00000104044			rs4778138-G	rs4778138	0	4778138	intron_variant	0	0.29246	7E-122	121.15490195998575		0.549645	[0.51-0.59] unit increase	Illumina [10216971] (imputed)	N	eye color	http://www.ebi.ac.uk/efo/EFO_0003949	GCST90255684	Genome-wide genotyping array
2023-03-10	36672889	Farre X	2023-01-05	Genes (Basel)	www.ncbi.nlm.nih.gov/pubmed/36672889	Skin Phototype and Disease: A Comprehensive Genetic Approach to Pigmentary Traits Pleiotropy Using PRS in the GCAT Cohort.	Eye color	4,987 Iberian ancestry individuals	NA	15q13.1	15	28093567		OCA2			ENSG00000104044			rs4778241-A	rs4778241	0	4778241	intron_variant	0	0.353633	3E-120	119.52287874528034		0.530439	[0.49-0.57] unit increase	Illumina [10216971] (imputed)	N	eye color	http://www.ebi.ac.uk/efo/EFO_0003949	GCST90255684	Genome-wide genotyping array
2023-03-10	36672889	Farre X	2023-01-05	Genes (Basel)	www.ncbi.nlm.nih.gov/pubmed/36672889	Skin Phototype and Disease: A Comprehensive Genetic Approach to Pigmentary Traits Pleiotropy Using PRS in the GCAT Cohort.	Eye color	4,987 Iberian ancestry individuals	NA	15q13.1	15	28238040		HERC2			ENSG00000128731			rs529312329-T	rs529312329	0	529312329	intron_variant	0	0.0194688	1E-8	8.0		0.443164	[0.29-0.6] unit increase	Illumina [10216971] (imputed)	N	eye color	http://www.ebi.ac.uk/efo/EFO_0003949	GCST90255684	Genome-wide genotyping array
2023-03-10	36672889	Farre X	2023-01-05	Genes (Basel)	www.ncbi.nlm.nih.gov/pubmed/36672889	Skin Phototype and Disease: A Comprehensive Genetic Approach to Pigmentary Traits Pleiotropy Using PRS in the GCAT Cohort.	Eye color	4,987 Iberian ancestry individuals	NA	15q13.1	15	28311713		HERC2			ENSG00000128731			rs533994436-C	rs533994436	0	533994436	intron_variant	0	0.0156373	8E-20	19.096910013008056		0.943951	[0.74-1.15] unit decrease	Illumina [10216971] (imputed)	N	eye color	http://www.ebi.ac.uk/efo/EFO_0003949	GCST90255684	Genome-wide genotyping array
2023-03-10	36672889	Farre X	2023-01-05	Genes (Basel)	www.ncbi.nlm.nih.gov/pubmed/36672889	Skin Phototype and Disease: A Comprehensive Genetic Approach to Pigmentary Traits Pleiotropy Using PRS in the GCAT Cohort.	Eye color	4,987 Iberian ancestry individuals	NA	15q13.1	15	28371242		MPHOSPH10P7 - GOLGA8F	ENSG00000261497	ENSG00000153684		5511	7379	rs548590936-T	rs548590936	0	548590936	intergenic_variant	1	0.108318	3E-8	7.522878745280337		0.228429	[0.15-0.31] unit increase	Illumina [10216971] (imputed)	N	eye color	http://www.ebi.ac.uk/efo/EFO_0003949	GCST90255684	Genome-wide genotyping array
2023-03-10	36672889	Farre X	2023-01-05	Genes (Basel)	www.ncbi.nlm.nih.gov/pubmed/36672889	Skin Phototype and Disease: A Comprehensive Genetic Approach to Pigmentary Traits Pleiotropy Using PRS in the GCAT Cohort.	Eye color	4,987 Iberian ancestry individuals	NA	15q13.1	15	28297991		HERC2			ENSG00000128731			rs556360317-T	rs556360317	0	556360317	intron_variant	0	0.019518	3E-9	8.522878745280337		0.486142	[0.33-0.65] unit increase	Illumina [10216971] (imputed)	N	eye color	http://www.ebi.ac.uk/efo/EFO_0003949	GCST90255684	Genome-wide genotyping array
2023-03-10	36672889	Farre X	2023-01-05	Genes (Basel)	www.ncbi.nlm.nih.gov/pubmed/36672889	Skin Phototype and Disease: A Comprehensive Genetic Approach to Pigmentary Traits Pleiotropy Using PRS in the GCAT Cohort.	Eye color	4,987 Iberian ancestry individuals	NA	15q13.1	15	28173939		HERC2			ENSG00000128731			rs56743903-A	rs56743903	0	56743903	intron_variant	0	0.114803	1E-32	32.0		0.467037	[0.39-0.54] unit increase	Illumina [10216971] (imputed)	N	eye color	http://www.ebi.ac.uk/efo/EFO_0003949	GCST90255684	Genome-wide genotyping array
2023-03-10	36672889	Farre X	2023-01-05	Genes (Basel)	www.ncbi.nlm.nih.gov/pubmed/36672889	Skin Phototype and Disease: A Comprehensive Genetic Approach to Pigmentary Traits Pleiotropy Using PRS in the GCAT Cohort.	Eye color	4,987 Iberian ancestry individuals	NA	15q13.1	15	28076854		OCA2			ENSG00000104044			rs575299612-CA	rs575299612	0	575299612	intron_variant	0	0.0909414	6E-18	17.221848749616356		0.361426	[0.28-0.44] unit increase	Illumina [10216971] (imputed)	N	eye color	http://www.ebi.ac.uk/efo/EFO_0003949	GCST90255684	Genome-wide genotyping array
2023-03-10	36672889	Farre X	2023-01-05	Genes (Basel)	www.ncbi.nlm.nih.gov/pubmed/36672889	Skin Phototype and Disease: A Comprehensive Genetic Approach to Pigmentary Traits Pleiotropy Using PRS in the GCAT Cohort.	Eye color	4,987 Iberian ancestry individuals	NA	15q13.1	15	28101669		OCA2 - HERC2	ENSG00000104044	ENSG00000128731		2005	9371	rs5811535-AT	rs5811535	0	5811535	intergenic_variant	1	0.0324838	4E-18	17.397940008672037		0.53277	[0.41-0.65] unit increase	Illumina [10216971] (imputed)	N	eye color	http://www.ebi.ac.uk/efo/EFO_0003949	GCST90255684	Genome-wide genotyping array
2023-03-10	36672889	Farre X	2023-01-05	Genes (Basel)	www.ncbi.nlm.nih.gov/pubmed/36672889	Skin Phototype and Disease: A Comprehensive Genetic Approach to Pigmentary Traits Pleiotropy Using PRS in the GCAT Cohort.	Eye color	4,987 Iberian ancestry individuals	NA	15q13.1	15	28079300		OCA2			ENSG00000104044			rs58836608-G	rs58836608	0	58836608	intron_variant	0	0.197357	8E-28	27.096910013008056		0.313607	[0.26-0.37] unit increase	Illumina [10216971] (imputed)	N	eye color	http://www.ebi.ac.uk/efo/EFO_0003949	GCST90255684	Genome-wide genotyping array
2023-03-10	36672889	Farre X	2023-01-05	Genes (Basel)	www.ncbi.nlm.nih.gov/pubmed/36672889	Skin Phototype and Disease: A Comprehensive Genetic Approach to Pigmentary Traits Pleiotropy Using PRS in the GCAT Cohort.	Eye color	4,987 Iberian ancestry individuals	NA	15q13.1	15	28100785		OCA2 - HERC2	ENSG00000104044	ENSG00000128731		1121	10255	rs58843292-A	rs58843292	0	58843292	intergenic_variant	1	0.171932	8E-67	66.09691001300806		0.494042	[0.44-0.55] unit increase	Illumina [10216971] (imputed)	N	eye color	http://www.ebi.ac.uk/efo/EFO_0003949	GCST90255684	Genome-wide genotyping array
2023-03-10	36672889	Farre X	2023-01-05	Genes (Basel)	www.ncbi.nlm.nih.gov/pubmed/36672889	Skin Phototype and Disease: A Comprehensive Genetic Approach to Pigmentary Traits Pleiotropy Using PRS in the GCAT Cohort.	Eye color	4,987 Iberian ancestry individuals	NA	15q13.1	15	28075818		OCA2			ENSG00000104044			rs62007489-T	rs62007489	0	62007489	intron_variant	0	0.154201	7E-59	58.15490195998574		0.482686	[0.42-0.54] unit decrease	Illumina [10216971] (imputed)	N	eye color	http://www.ebi.ac.uk/efo/EFO_0003949	GCST90255684	Genome-wide genotyping array
2023-03-10	36672889	Farre X	2023-01-05	Genes (Basel)	www.ncbi.nlm.nih.gov/pubmed/36672889	Skin Phototype and Disease: A Comprehensive Genetic Approach to Pigmentary Traits Pleiotropy Using PRS in the GCAT Cohort.	Eye color	4,987 Iberian ancestry individuals	NA	7q33	7	135646855		NUP205			ENSG00000155561			rs62479525-C	rs62479525	0	62479525	intron_variant	0	0.111134	2E-8	7.698970004336019		0.195578	[0.13-0.26] unit decrease	Illumina [10216971] (imputed)	N	eye color	http://www.ebi.ac.uk/efo/EFO_0003949	GCST90255684	Genome-wide genotyping array
2023-03-10	36672889	Farre X	2023-01-05	Genes (Basel)	www.ncbi.nlm.nih.gov/pubmed/36672889	Skin Phototype and Disease: A Comprehensive Genetic Approach to Pigmentary Traits Pleiotropy Using PRS in the GCAT Cohort.	Eye color	4,987 Iberian ancestry individuals	NA	15q12	15	27798244		OCA2			ENSG00000104044			rs6497233-T	rs6497233	0	6497233	intron_variant	0	0.229655	5E-9	8.301029995663981		0.15149	[0.1-0.2] unit decrease	Illumina [10216971] (imputed)	N	eye color	http://www.ebi.ac.uk/efo/EFO_0003949	GCST90255684	Genome-wide genotyping array
2023-03-10	36672889	Farre X	2023-01-05	Genes (Basel)	www.ncbi.nlm.nih.gov/pubmed/36672889	Skin Phototype and Disease: A Comprehensive Genetic Approach to Pigmentary Traits Pleiotropy Using PRS in the GCAT Cohort.	Eye color	4,987 Iberian ancestry individuals	NA	9p23	9	12760789		LURAP1L-AS1			ENSG00000235448			rs7025678-A	rs7025678	0	7025678	intron_variant	0	0.437707	1E-8	8.0		0.126632	[0.083-0.17] unit increase	Illumina [10216971] (imputed)	N	eye color	http://www.ebi.ac.uk/efo/EFO_0003949	GCST90255684	Genome-wide genotyping array
2023-03-10	36672889	Farre X	2023-01-05	Genes (Basel)	www.ncbi.nlm.nih.gov/pubmed/36672889	Skin Phototype and Disease: A Comprehensive Genetic Approach to Pigmentary Traits Pleiotropy Using PRS in the GCAT Cohort.	Eye color	4,987 Iberian ancestry individuals	NA	15q13.1	15	28092900		OCA2			ENSG00000104044			rs7161974-T	rs7161974	0	7161974	intron_variant	0	0.0868842	5E-25	24.30102999566398		0.405552	[0.33-0.48] unit increase	Illumina [10216971] (imputed)	N	eye color	http://www.ebi.ac.uk/efo/EFO_0003949	GCST90255684	Genome-wide genotyping array
2023-03-10	36672889	Farre X	2023-01-05	Genes (Basel)	www.ncbi.nlm.nih.gov/pubmed/36672889	Skin Phototype and Disease: A Comprehensive Genetic Approach to Pigmentary Traits Pleiotropy Using PRS in the GCAT Cohort.	Eye color	4,987 Iberian ancestry individuals	NA	15q13.1	15	28083619		OCA2			ENSG00000104044			rs7174027-A	rs7174027	0	7174027	intron_variant	0	0.213154	1E-85	85.0		0.511366	[0.46-0.56] unit increase	Illumina [10216971] (imputed)	N	eye color	http://www.ebi.ac.uk/efo/EFO_0003949	GCST90255684	Genome-wide genotyping array
2023-03-10	36672889	Farre X	2023-01-05	Genes (Basel)	www.ncbi.nlm.nih.gov/pubmed/36672889	Skin Phototype and Disease: A Comprehensive Genetic Approach to Pigmentary Traits Pleiotropy Using PRS in the GCAT Cohort.	Eye color	4,987 Iberian ancestry individuals	NA	15q13.1	15	28079662		OCA2			ENSG00000104044			rs72714109-C	rs72714109	0	72714109	intron_variant	0	0.221578	2E-35	34.69897000433602		0.32768	[0.28-0.38] unit increase	Illumina [10216971] (imputed)	N	eye color	http://www.ebi.ac.uk/efo/EFO_0003949	GCST90255684	Genome-wide genotyping array
2023-03-10	36672889	Farre X	2023-01-05	Genes (Basel)	www.ncbi.nlm.nih.gov/pubmed/36672889	Skin Phototype and Disease: A Comprehensive Genetic Approach to Pigmentary Traits Pleiotropy Using PRS in the GCAT Cohort.	Eye color	4,987 Iberian ancestry individuals	NA	15q13.1	15	28082673		OCA2			ENSG00000104044			rs72714114-G	rs72714114	0	72714114	intron_variant	0	0.105976	1E-8	8.0		0.201079	[0.13-0.27] unit increase	Illumina [10216971] (imputed)	N	eye color	http://www.ebi.ac.uk/efo/EFO_0003949	GCST90255684	Genome-wide genotyping array
2023-03-10	36672889	Farre X	2023-01-05	Genes (Basel)	www.ncbi.nlm.nih.gov/pubmed/36672889	Skin Phototype and Disease: A Comprehensive Genetic Approach to Pigmentary Traits Pleiotropy Using PRS in the GCAT Cohort.	Eye color	4,987 Iberian ancestry individuals	NA	15q13.1	15	28328680		HERC2 - HERC2P1	ENSG00000128731	ENSG00000261401		6501	3557	rs745333093-A	rs745333093	0	745333093	intron_variant	1	0.0579528	2E-19	18.69897000433602		0.453793	[0.36-0.55] unit increase	Illumina [10216971] (imputed)	N	eye color	http://www.ebi.ac.uk/efo/EFO_0003949	GCST90255684	Genome-wide genotyping array
2023-03-10	36672889	Farre X	2023-01-05	Genes (Basel)	www.ncbi.nlm.nih.gov/pubmed/36672889	Skin Phototype and Disease: A Comprehensive Genetic Approach to Pigmentary Traits Pleiotropy Using PRS in the GCAT Cohort.	Eye color	4,987 Iberian ancestry individuals	NA	15q13.1	15	28021089		OCA2			ENSG00000104044			rs746861-T	rs746861	0	746861	intron_variant	0	0.43473	1E-16	16.0		0.182497	[0.14-0.23] unit decrease	Illumina [10216971] (imputed)	N	eye color	http://www.ebi.ac.uk/efo/EFO_0003949	GCST90255684	Genome-wide genotyping array
2023-03-10	36672889	Farre X	2023-01-05	Genes (Basel)	www.ncbi.nlm.nih.gov/pubmed/36672889	Skin Phototype and Disease: A Comprehensive Genetic Approach to Pigmentary Traits Pleiotropy Using PRS in the GCAT Cohort.	Eye color	4,987 Iberian ancestry individuals	NA	15q13.1	15	28279615		HERC2			ENSG00000128731			rs748125345-CCACACACACA	rs748125345	0	748125345	intron_variant	0	0.0337012	2E-17	16.69897000433602		0.60715	[0.47-0.75] unit increase	Illumina [10216971] (imputed)	N	eye color	http://www.ebi.ac.uk/efo/EFO_0003949	GCST90255684	Genome-wide genotyping array
2023-03-10	36672889	Farre X	2023-01-05	Genes (Basel)	www.ncbi.nlm.nih.gov/pubmed/36672889	Skin Phototype and Disease: A Comprehensive Genetic Approach to Pigmentary Traits Pleiotropy Using PRS in the GCAT Cohort.	Eye color	4,987 Iberian ancestry individuals	NA	15q13.1	15	28844663		GOLGA6L7			ENSG00000261649			rs7494925-C	rs7494925	0	7494925	intron_variant	0	0.21785	4E-9	8.397940008672037		0.183567	[0.12-0.24] unit decrease	Illumina [10216971] (imputed)	N	eye color	http://www.ebi.ac.uk/efo/EFO_0003949	GCST90255684	Genome-wide genotyping array
2023-03-10	36672889	Farre X	2023-01-05	Genes (Basel)	www.ncbi.nlm.nih.gov/pubmed/36672889	Skin Phototype and Disease: A Comprehensive Genetic Approach to Pigmentary Traits Pleiotropy Using PRS in the GCAT Cohort.	Eye color	4,987 Iberian ancestry individuals	NA	15q13.1	15	28118913		HERC2			ENSG00000128731			rs7494942-A	rs7494942	0	7494942	intron_variant	0	0.401082	4E-186	185.39794000867204		0.626421	[0.59-0.67] unit increase	Illumina [10216971] (imputed)	N	eye color	http://www.ebi.ac.uk/efo/EFO_0003949	GCST90255684	Genome-wide genotyping array
2023-03-10	36672889	Farre X	2023-01-05	Genes (Basel)	www.ncbi.nlm.nih.gov/pubmed/36672889	Skin Phototype and Disease: A Comprehensive Genetic Approach to Pigmentary Traits Pleiotropy Using PRS in the GCAT Cohort.	Eye color	4,987 Iberian ancestry individuals	NA	15q13.1	15	28032793		OCA2			ENSG00000104044			rs755407864-CA	rs755407864	1	34369918	intron_variant	0	0.0831654	5E-44	43.30102999566398		0.640537	[0.55-0.73] unit decrease	Illumina [10216971] (imputed)	N	eye color	http://www.ebi.ac.uk/efo/EFO_0003949	GCST90255684	Genome-wide genotyping array
2023-03-10	36672889	Farre X	2023-01-05	Genes (Basel)	www.ncbi.nlm.nih.gov/pubmed/36672889	Skin Phototype and Disease: A Comprehensive Genetic Approach to Pigmentary Traits Pleiotropy Using PRS in the GCAT Cohort.	Eye color	4,987 Iberian ancestry individuals	NA	15q13.1	15	28074502		OCA2			ENSG00000104044			rs79743671-A	rs79743671	0	79743671	intron_variant	0	0.120146	9E-28	27.045757490560675		0.370635	[0.3-0.44] unit increase	Illumina [10216971] (imputed)	N	eye color	http://www.ebi.ac.uk/efo/EFO_0003949	GCST90255684	Genome-wide genotyping array
2023-03-10	36672889	Farre X	2023-01-05	Genes (Basel)	www.ncbi.nlm.nih.gov/pubmed/36672889	Skin Phototype and Disease: A Comprehensive Genetic Approach to Pigmentary Traits Pleiotropy Using PRS in the GCAT Cohort.	Eye color	4,987 Iberian ancestry individuals	NA	15q13.1	15	28259970		HERC2			ENSG00000128731			rs869190367-C	rs869190367	1	35995546	intron_variant	0	0.0962904	4E-44	43.39794000867204		0.564306	[0.49-0.64] unit increase	Illumina [10216971] (imputed)	N	eye color	http://www.ebi.ac.uk/efo/EFO_0003949	GCST90255684	Genome-wide genotyping array
2023-03-10	36672889	Farre X	2023-01-05	Genes (Basel)	www.ncbi.nlm.nih.gov/pubmed/36672889	Skin Phototype and Disease: A Comprehensive Genetic Approach to Pigmentary Traits Pleiotropy Using PRS in the GCAT Cohort.	Eye color	4,987 Iberian ancestry individuals	NA	15q13.1	15	28052887		OCA2			ENSG00000104044			rs895828-C	rs895828	0	895828	intron_variant	0	0.147909	1E-9	9.0		0.185158	[0.13-0.24] unit increase	Illumina [10216971] (imputed)	N	eye color	http://www.ebi.ac.uk/efo/EFO_0003949	GCST90255684	Genome-wide genotyping array
2023-03-10	36672889	Farre X	2023-01-05	Genes (Basel)	www.ncbi.nlm.nih.gov/pubmed/36672889	Skin Phototype and Disease: A Comprehensive Genetic Approach to Pigmentary Traits Pleiotropy Using PRS in the GCAT Cohort.	Eye color	4,987 Iberian ancestry individuals	NA	15q13.1	15	28102882		OCA2 - HERC2	ENSG00000104044	ENSG00000128731		3218	8158	rs111593432-G	rs111593432	0	111593432	intergenic_variant	1	0.0115106	8E-11	10.096910013008056		0.688656	[0.48-0.9] unit increase	Illumina [10216971] (imputed)	N	eye color	http://www.ebi.ac.uk/efo/EFO_0003949	GCST90255684	Genome-wide genotyping array
2023-03-10	36672889	Farre X	2023-01-05	Genes (Basel)	www.ncbi.nlm.nih.gov/pubmed/36672889	Skin Phototype and Disease: A Comprehensive Genetic Approach to Pigmentary Traits Pleiotropy Using PRS in the GCAT Cohort.	Eye color	4,987 Iberian ancestry individuals	NA	15q13.1	15	28314864		HERC2			ENSG00000128731			rs11324616-GA	rs11324616	0	11324616	intron_variant	0	0.182234	2E-86	85.69897000433602		0.551532	[0.5-0.61] unit increase	Illumina [10216971] (imputed)	N	eye color	http://www.ebi.ac.uk/efo/EFO_0003949	GCST90255684	Genome-wide genotyping array
2023-03-10	36672889	Farre X	2023-01-05	Genes (Basel)	www.ncbi.nlm.nih.gov/pubmed/36672889	Skin Phototype and Disease: A Comprehensive Genetic Approach to Pigmentary Traits Pleiotropy Using PRS in the GCAT Cohort.	Eye color	4,987 Iberian ancestry individuals	NA	15q13.1	15	28289631		HERC2			ENSG00000128731			rs117325217-T	rs117325217	0	117325217	intron_variant	0	0.0924155	5E-37	36.30102999566398		0.53636	[0.45-0.62] unit increase	Illumina [10216971] (imputed)	N	eye color	http://www.ebi.ac.uk/efo/EFO_0003949	GCST90255684	Genome-wide genotyping array
2023-03-10	36672889	Farre X	2023-01-05	Genes (Basel)	www.ncbi.nlm.nih.gov/pubmed/36672889	Skin Phototype and Disease: A Comprehensive Genetic Approach to Pigmentary Traits Pleiotropy Using PRS in the GCAT Cohort.	Eye color	4,987 Iberian ancestry individuals	NA	15q13.1	15	28136400		HERC2			ENSG00000128731			rs8033755-C	rs8033755	0	8033755	intron_variant	0	0.0268589	1E-20	20.0		0.674277	[0.53-0.82] unit increase	Illumina [10216971] (imputed)	N	eye color	http://www.ebi.ac.uk/efo/EFO_0003949	GCST90255684	Genome-wide genotyping array
2023-03-10	36672889	Farre X	2023-01-05	Genes (Basel)	www.ncbi.nlm.nih.gov/pubmed/36672889	Skin Phototype and Disease: A Comprehensive Genetic Approach to Pigmentary Traits Pleiotropy Using PRS in the GCAT Cohort.	Eye color	4,987 Iberian ancestry individuals	NA	15q13.1	15	28074560		OCA2			ENSG00000104044			rs7182377-G	rs7182377	0	7182377	intron_variant	0	0.121649	4E-33	32.39794000867204		0.394566	[0.33-0.46] unit increase	Illumina [10216971] (imputed)	N	eye color	http://www.ebi.ac.uk/efo/EFO_0003949	GCST90255684	Genome-wide genotyping array
2023-03-10	36672889	Farre X	2023-01-05	Genes (Basel)	www.ncbi.nlm.nih.gov/pubmed/36672889	Skin Phototype and Disease: A Comprehensive Genetic Approach to Pigmentary Traits Pleiotropy Using PRS in the GCAT Cohort.	Eye color	4,987 Iberian ancestry individuals	NA	15q13.1	15	28876826		GOLGA6L7 - APBA2	ENSG00000261649	ENSG00000034053		28151	7623	rs148885596-G	rs148885596	0	148885596	intergenic_variant	1	0.119511	3E-19	18.522878745280337		0.299678	[0.23-0.36] unit decrease	Illumina [10216971] (imputed)	N	eye color	http://www.ebi.ac.uk/efo/EFO_0003949	GCST90255684	Genome-wide genotyping array
2023-03-10	36672889	Farre X	2023-01-05	Genes (Basel)	www.ncbi.nlm.nih.gov/pubmed/36672889	Skin Phototype and Disease: A Comprehensive Genetic Approach to Pigmentary Traits Pleiotropy Using PRS in the GCAT Cohort.	Eye color	4,987 Iberian ancestry individuals	NA											chr15:28302952-G	chr15:28302952	0			1	0.223609	1E-61	61.0		0.431575	[0.38-0.48] unit increase	Illumina [10216971] (imputed)	N	eye color	http://www.ebi.ac.uk/efo/EFO_0003949	GCST90255684	Genome-wide genotyping array
2021-08-24	33692100	Simcoe M	2021-03-10	Sci Adv	www.ncbi.nlm.nih.gov/pubmed/33692100	Genome-wide association study in almost 195,000 individuals identifies 50 previously unidentified genetic loci for eye color.	Eye color	157,485 European ancestry individuals	35,501 European ancestry individuals, 959 Han Chinese ancestry individuals, 677 Indian ancestry individuals	1p34.2	1	41645217		HIVEP3			ENSG00000127124			rs6696511-T	rs6696511	0	6696511	intron_variant	0	0.382	1E-45	45.0	(EA)	0.109	[0.094-0.124] unit increase	Illumina [11532091] (imputed)	N	eye color	http://www.ebi.ac.uk/efo/EFO_0003949	GCST012219	Genome-wide genotyping array
2021-08-24	33692100	Simcoe M	2021-03-10	Sci Adv	www.ncbi.nlm.nih.gov/pubmed/33692100	Genome-wide association study in almost 195,000 individuals identifies 50 previously unidentified genetic loci for eye color.	Eye color	157,485 European ancestry individuals	35,501 European ancestry individuals, 959 Han Chinese ancestry individuals, 677 Indian ancestry individuals	5p15.33	5	311787		PDCD6, PDCD6-AHRR			ENSG00000249915, ENSG00000288622			rs62330021-G	rs62330021	0	62330021	intron_variant	0	0.948	1E-80	80.0	(EA)	0.325	[0.29-0.36] unit decrease	Illumina [11532091] (imputed)	N	eye color	http://www.ebi.ac.uk/efo/EFO_0003949	GCST012219	Genome-wide genotyping array
2021-08-24	33692100	Simcoe M	2021-03-10	Sci Adv	www.ncbi.nlm.nih.gov/pubmed/33692100	Genome-wide association study in almost 195,000 individuals identifies 50 previously unidentified genetic loci for eye color.	Eye color	157,485 European ancestry individuals	35,501 European ancestry individuals, 959 Han Chinese ancestry individuals, 677 Indian ancestry individuals	5p13.2	5	33951588		SLC45A2			ENSG00000164175			rs16891982-G	rs16891982	0	16891982	missense_variant	0	0.958	2E-255	254.69897000433602	(EA)	0.654	[0.62-0.69] unit decrease	Illumina [11532091] (imputed)	N	eye color	http://www.ebi.ac.uk/efo/EFO_0003949	GCST012219	Genome-wide genotyping array
2021-08-24	33692100	Simcoe M	2021-03-10	Sci Adv	www.ncbi.nlm.nih.gov/pubmed/33692100	Genome-wide association study in almost 195,000 individuals identifies 50 previously unidentified genetic loci for eye color.	Eye color	157,485 European ancestry individuals	35,501 European ancestry individuals, 959 Han Chinese ancestry individuals, 677 Indian ancestry individuals	6p25.3	6	396321		IRF4			ENSG00000137265			rs12203592-T	rs12203592	0	12203592	intron_variant	0	0.171	2E-321	320.69897000433605	(EA)	0.385	[0.37-0.4] unit decrease	Illumina [11532091] (imputed)	N	eye color	http://www.ebi.ac.uk/efo/EFO_0003949	GCST012219	Genome-wide genotyping array
2021-08-24	33692100	Simcoe M	2021-03-10	Sci Adv	www.ncbi.nlm.nih.gov/pubmed/33692100	Genome-wide association study in almost 195,000 individuals identifies 50 previously unidentified genetic loci for eye color.	Eye color	157,485 European ancestry individuals	35,501 European ancestry individuals, 959 Han Chinese ancestry individuals, 677 Indian ancestry individuals	6q25.3	6	158420693		TULP4			ENSG00000130338			rs341147-G	rs341147	0	341147	intron_variant	0	0.343	6E-9	8.221848749616356	(EA)	0.045	[0.03-0.06] unit decrease	Illumina [11532091] (imputed)	N	eye color	http://www.ebi.ac.uk/efo/EFO_0003949	GCST012219	Genome-wide genotyping array
2021-08-24	33692100	Simcoe M	2021-03-10	Sci Adv	www.ncbi.nlm.nih.gov/pubmed/33692100	Genome-wide association study in almost 195,000 individuals identifies 50 previously unidentified genetic loci for eye color.	Eye color	157,485 European ancestry individuals	35,501 European ancestry individuals, 959 Han Chinese ancestry individuals, 677 Indian ancestry individuals	9p23	9	12677471		LURAP1L-AS1			ENSG00000235448			rs13297008-G	rs13297008	0	13297008	intron_variant	0	0.388	5E-250	249.30102999566398	(EA)	0.26	[0.24-0.28] unit increase	Illumina [11532091] (imputed)	N	eye color	http://www.ebi.ac.uk/efo/EFO_0003949	GCST012219	Genome-wide genotyping array
2021-08-24	33692100	Simcoe M	2021-03-10	Sci Adv	www.ncbi.nlm.nih.gov/pubmed/33692100	Genome-wide association study in almost 195,000 individuals identifies 50 previously unidentified genetic loci for eye color.	Eye color	157,485 European ancestry individuals	35,501 European ancestry individuals, 959 Han Chinese ancestry individuals, 677 Indian ancestry individuals	11q14.3	11	89284793		TYR			ENSG00000077498			rs1126809-G	rs1126809	0	1126809	missense_variant	0	0.721	2E-255	254.69897000433602	(EA)	0.285	[0.27-0.3] unit increase	Illumina [11532091] (imputed)	N	eye color	http://www.ebi.ac.uk/efo/EFO_0003949	GCST012219	Genome-wide genotyping array
2021-08-24	33692100	Simcoe M	2021-03-10	Sci Adv	www.ncbi.nlm.nih.gov/pubmed/33692100	Genome-wide association study in almost 195,000 individuals identifies 50 previously unidentified genetic loci for eye color.	Eye color	157,485 European ancestry individuals	35,501 European ancestry individuals, 959 Han Chinese ancestry individuals, 677 Indian ancestry individuals	12p12.1	12	23826857		SOX5			ENSG00000134532			rs9971729-C	rs9971729	0	9971729	intron_variant	0	0.566	5E-27	26.30102999566398	(EA)	0.082	[0.067-0.097] unit increase	Illumina [11532091] (imputed)	N	eye color	http://www.ebi.ac.uk/efo/EFO_0003949	GCST012219	Genome-wide genotyping array
2021-08-24	33692100	Simcoe M	2021-03-10	Sci Adv	www.ncbi.nlm.nih.gov/pubmed/33692100	Genome-wide association study in almost 195,000 individuals identifies 50 previously unidentified genetic loci for eye color.	Eye color	157,485 European ancestry individuals	35,501 European ancestry individuals, 959 Han Chinese ancestry individuals, 677 Indian ancestry individuals	14q32.12	14	92314043		RNU6-366P - SLC24A4	ENSG00000201097	ENSG00000140090		48236	8538	rs17184180-T	rs17184180	0	17184180	intron_variant	1	0.567	1E-284	284.0	(EA)	0.271	[0.26-0.29] unit increase	Illumina [11532091] (imputed)	N	eye color	http://www.ebi.ac.uk/efo/EFO_0003949	GCST012219	Genome-wide genotyping array
2021-08-24	33692100	Simcoe M	2021-03-10	Sci Adv	www.ncbi.nlm.nih.gov/pubmed/33692100	Genome-wide association study in almost 195,000 individuals identifies 50 previously unidentified genetic loci for eye color.	Eye color	157,485 European ancestry individuals	35,501 European ancestry individuals, 959 Han Chinese ancestry individuals, 677 Indian ancestry individuals	15q13.1	15	27966612		OCA2			ENSG00000104044			rs4778218-G	rs4778218	0	4778218	intron_variant	0	0.834	1E-582	582.0		0.520119	[0.5-0.54] unit decrease	Illumina [11532091] (imputed)	N	eye color	http://www.ebi.ac.uk/efo/EFO_0003949	GCST012219	Genome-wide genotyping array
2021-08-24	33692100	Simcoe M	2021-03-10	Sci Adv	www.ncbi.nlm.nih.gov/pubmed/33692100	Genome-wide association study in almost 195,000 individuals identifies 50 previously unidentified genetic loci for eye color.	Eye color	157,485 European ancestry individuals	35,501 European ancestry individuals, 959 Han Chinese ancestry individuals, 677 Indian ancestry individuals	15q13.1	15	28111713		HERC2			ENSG00000128731			rs1129038-T	rs1129038	0	1129038	3_prime_UTR_variant	0	0.734	2E-28539	28538.698970004338	(EA)	2.60527	[2.59-2.62] unit decrease	Illumina [11532091] (imputed)	N	eye color	http://www.ebi.ac.uk/efo/EFO_0003949	GCST012219	Genome-wide genotyping array
2021-08-24	33692100	Simcoe M	2021-03-10	Sci Adv	www.ncbi.nlm.nih.gov/pubmed/33692100	Genome-wide association study in almost 195,000 individuals identifies 50 previously unidentified genetic loci for eye color.	Eye color	157,485 European ancestry individuals	35,501 European ancestry individuals, 959 Han Chinese ancestry individuals, 677 Indian ancestry individuals	17q24.3	17	69501226		MAP2K6			ENSG00000108984			rs3809761-G	rs3809761	0	3809761	intron_variant	0	0.811	5E-9	8.301029995663981	(EA)	0.059	[0.039-0.079] unit increase	Illumina [11532091] (imputed)	N	eye color	http://www.ebi.ac.uk/efo/EFO_0003949	GCST012219	Genome-wide genotyping array
2021-08-24	33692100	Simcoe M	2021-03-10	Sci Adv	www.ncbi.nlm.nih.gov/pubmed/33692100	Genome-wide association study in almost 195,000 individuals identifies 50 previously unidentified genetic loci for eye color.	Eye color	157,485 European ancestry individuals	35,501 European ancestry individuals, 959 Han Chinese ancestry individuals, 677 Indian ancestry individuals	17q25.3	17	81645371		TSPAN10, NPLOC4			ENSG00000182612, ENSG00000182446			rs6420484-G	rs6420484	0	6420484	missense_variant	0	0.645	8E-90	89.09691001300806	(EA)	0.161	[0.15-0.18] unit decrease	Illumina [11532091] (imputed)	N	eye color	http://www.ebi.ac.uk/efo/EFO_0003949	GCST012219	Genome-wide genotyping array
2021-08-24	33692100	Simcoe M	2021-03-10	Sci Adv	www.ncbi.nlm.nih.gov/pubmed/33692100	Genome-wide association study in almost 195,000 individuals identifies 50 previously unidentified genetic loci for eye color.	Eye color	157,485 European ancestry individuals	35,501 European ancestry individuals, 959 Han Chinese ancestry individuals, 677 Indian ancestry individuals	21q22.3	21	43363407		LINC01679			ENSG00000237989			rs622330-G	rs622330	0	622330	non_coding_transcript_exon_variant	0	0.512	4E-49	48.39794000867204	(EA)	0.111	[0.096-0.126] unit increase	Illumina [11532091] (imputed)	N	eye color	http://www.ebi.ac.uk/efo/EFO_0003949	GCST012219	Genome-wide genotyping array
2021-08-24	33692100	Simcoe M	2021-03-10	Sci Adv	www.ncbi.nlm.nih.gov/pubmed/33692100	Genome-wide association study in almost 195,000 individuals identifies 50 previously unidentified genetic loci for eye color.	Eye color	157,485 European ancestry individuals	35,501 European ancestry individuals, 959 Han Chinese ancestry individuals, 677 Indian ancestry individuals	1p31.3	1	63566612		EFCAB7, ITGB3BP			ENSG00000203965, ENSG00000142856			rs1740397-A	rs1740397	0	1740397	intron_variant	0	0.515	1E-10	10.0	(EA)	6.421	NR z score decrease	Illumina [11532091] (imputed)	N	eye color	http://www.ebi.ac.uk/efo/EFO_0003949	GCST012219	Genome-wide genotyping array
2021-08-24	33692100	Simcoe M	2021-03-10	Sci Adv	www.ncbi.nlm.nih.gov/pubmed/33692100	Genome-wide association study in almost 195,000 individuals identifies 50 previously unidentified genetic loci for eye color.	Eye color	157,485 European ancestry individuals	35,501 European ancestry individuals, 959 Han Chinese ancestry individuals, 677 Indian ancestry individuals	3q13.31	3	115156451		ZBTB20 - EIF4E2P2	ENSG00000181722	ENSG00000244157		9095	122674	rs115950244-T	rs115950244	0	115950244	intron_variant	1	0.016	4E-8	7.3979400086720375	(EA)	5.496	NR z score decrease	Illumina [11532091] (imputed)	N	eye color	http://www.ebi.ac.uk/efo/EFO_0003949	GCST012219	Genome-wide genotyping array
2021-08-24	33692100	Simcoe M	2021-03-10	Sci Adv	www.ncbi.nlm.nih.gov/pubmed/33692100	Genome-wide association study in almost 195,000 individuals identifies 50 previously unidentified genetic loci for eye color.	Eye color	157,485 European ancestry individuals	35,501 European ancestry individuals, 959 Han Chinese ancestry individuals, 677 Indian ancestry individuals	5q12.1	5	59791460		PDE4D			ENSG00000113448			rs62370541-A	rs62370541	0	62370541	intron_variant	0	0.968	6E-9	8.221848749616356	(EA)	5.822	NR z score decrease	Illumina [11532091] (imputed)	N	eye color	http://www.ebi.ac.uk/efo/EFO_0003949	GCST012219	Genome-wide genotyping array
2021-08-24	33692100	Simcoe M	2021-03-10	Sci Adv	www.ncbi.nlm.nih.gov/pubmed/33692100	Genome-wide association study in almost 195,000 individuals identifies 50 previously unidentified genetic loci for eye color.	Eye color	157,485 European ancestry individuals	35,501 European ancestry individuals, 959 Han Chinese ancestry individuals, 677 Indian ancestry individuals	7p15.1	7	28146272		JAZF1			ENSG00000153814			rs849142-T	rs849142	0	849142	intron_variant	0	0.499	3E-9	8.522878745280337	(EA)	5.933	NR z score decrease	Illumina [11532091] (imputed)	N	eye color	http://www.ebi.ac.uk/efo/EFO_0003949	GCST012219	Genome-wide genotyping array
2021-08-24	33692100	Simcoe M	2021-03-10	Sci Adv	www.ncbi.nlm.nih.gov/pubmed/33692100	Genome-wide association study in almost 195,000 individuals identifies 50 previously unidentified genetic loci for eye color.	Eye color	157,485 European ancestry individuals	35,501 European ancestry individuals, 959 Han Chinese ancestry individuals, 677 Indian ancestry individuals	7p14.1	7	39020712		POU6F2			ENSG00000106536			rs17171519-T	rs17171519	0	17171519	intron_variant	0	0.664	2E-8	7.698970004336019	(EA)	5.62	NR z score decrease	Illumina [11532091] (imputed)	N	eye color	http://www.ebi.ac.uk/efo/EFO_0003949	GCST012219	Genome-wide genotyping array
2021-08-24	33692100	Simcoe M	2021-03-10	Sci Adv	www.ncbi.nlm.nih.gov/pubmed/33692100	Genome-wide association study in almost 195,000 individuals identifies 50 previously unidentified genetic loci for eye color.	Eye color	157,485 European ancestry individuals	35,501 European ancestry individuals, 959 Han Chinese ancestry individuals, 677 Indian ancestry individuals	7q22.1	7	100859956		SLC12A9			ENSG00000146828			rs80308281-T	rs80308281	0	80308281	missense_variant	0	0.997	5E-8	7.301029995663981	(EA)	5.45	NR z score increase	Illumina [11532091] (imputed)	N	eye color	http://www.ebi.ac.uk/efo/EFO_0003949	GCST012219	Genome-wide genotyping array
2021-08-24	33692100	Simcoe M	2021-03-10	Sci Adv	www.ncbi.nlm.nih.gov/pubmed/33692100	Genome-wide association study in almost 195,000 individuals identifies 50 previously unidentified genetic loci for eye color.	Eye color	157,485 European ancestry individuals	35,501 European ancestry individuals, 959 Han Chinese ancestry individuals, 677 Indian ancestry individuals	11p15.2	11	15679072		LINC02751			ENSG00000254946			rs2351061-A	rs2351061	0	2351061	intron_variant	0	0.252	4E-8	7.3979400086720375	(EA)	5.49	NR z score decrease	Illumina [11532091] (imputed)	N	eye color	http://www.ebi.ac.uk/efo/EFO_0003949	GCST012219	Genome-wide genotyping array
2021-08-24	33692100	Simcoe M	2021-03-10	Sci Adv	www.ncbi.nlm.nih.gov/pubmed/33692100	Genome-wide association study in almost 195,000 individuals identifies 50 previously unidentified genetic loci for eye color.	Eye color	157,485 European ancestry individuals	35,501 European ancestry individuals, 959 Han Chinese ancestry individuals, 677 Indian ancestry individuals	12p13.2	12	11737837		ETV6			ENSG00000139083			rs2856344-A	rs2856344	0	2856344	intron_variant	0	0.583	2E-9	8.698970004336019	(EA)	5.972	NR z score decrease	Illumina [11532091] (imputed)	N	eye color	http://www.ebi.ac.uk/efo/EFO_0003949	GCST012219	Genome-wide genotyping array
2021-08-24	33692100	Simcoe M	2021-03-10	Sci Adv	www.ncbi.nlm.nih.gov/pubmed/33692100	Genome-wide association study in almost 195,000 individuals identifies 50 previously unidentified genetic loci for eye color.	Eye color	157,485 European ancestry individuals	35,501 European ancestry individuals, 959 Han Chinese ancestry individuals, 677 Indian ancestry individuals	17q21.31	17	45617897		RPS26P8 - LINC02210	ENSG00000204652	ENSG00000293460		8979	2431	rs112997627-T	rs112997627	0	112997627	intergenic_variant	1	0.801	3E-8	7.522878745280337	(EA)	5.56	NR z score increase	Illumina [11532091] (imputed)	N	eye color	http://www.ebi.ac.uk/efo/EFO_0003949	GCST012219	Genome-wide genotyping array
2021-08-24	33692100	Simcoe M	2021-03-10	Sci Adv	www.ncbi.nlm.nih.gov/pubmed/33692100	Genome-wide association study in almost 195,000 individuals identifies 50 previously unidentified genetic loci for eye color.	Eye color	157,485 European ancestry individuals	35,501 European ancestry individuals, 959 Han Chinese ancestry individuals, 677 Indian ancestry individuals	15q21.1	15	48134287		SLC24A5			ENSG00000188467			rs1426654-G	rs1426654	0	1426654	missense_variant	0	0.102	3E-26	25.522878745280337		0.684	[0.56-0.81] unit increase	Illumina [11532091] (imputed)	N	eye color	http://www.ebi.ac.uk/efo/EFO_0003949	GCST012219	Genome-wide genotyping array
2021-08-24	33692100	Simcoe M	2021-03-10	Sci Adv	www.ncbi.nlm.nih.gov/pubmed/33692100	Genome-wide association study in almost 195,000 individuals identifies 50 previously unidentified genetic loci for eye color.	Eye color	157,485 European ancestry individuals	35,501 European ancestry individuals, 959 Han Chinese ancestry individuals, 677 Indian ancestry individuals	1p36.22	1	9110878		GPR157			ENSG00000180758			rs1998948-T	rs1998948	0	1998948	intron_variant	0	NR	1E-9	9.0				Illumina [11532091] (imputed)	N	eye color	http://www.ebi.ac.uk/efo/EFO_0003949	GCST012219	Genome-wide genotyping array
2021-08-24	33692100	Simcoe M	2021-03-10	Sci Adv	www.ncbi.nlm.nih.gov/pubmed/33692100	Genome-wide association study in almost 195,000 individuals identifies 50 previously unidentified genetic loci for eye color.	Eye color	157,485 European ancestry individuals	35,501 European ancestry individuals, 959 Han Chinese ancestry individuals, 677 Indian ancestry individuals	21q22.3	21	43373320		LINC01679 - SIK1	ENSG00000237989	ENSG00000142178		7990	41163	rs481767-G	rs481767	0	481767	regulatory_region_variant	1	NR	8E-34	33.096910013008056				Illumina [11532091] (imputed)	N	eye color	http://www.ebi.ac.uk/efo/EFO_0003949	GCST012219	Genome-wide genotyping array
2023-03-10	36672889	Farre X	2023-01-05	Genes (Basel)	www.ncbi.nlm.nih.gov/pubmed/36672889	Skin Phototype and Disease: A Comprehensive Genetic Approach to Pigmentary Traits Pleiotropy Using PRS in the GCAT Cohort.	Eye color	4,987 Iberian ancestry individuals	NA	15q13.1	15	28150436		HERC2			ENSG00000128731			rs192494731-T	rs192494731	0	192494731	intron_variant	0	0.0143408	3E-9	8.522878745280337		0.654723	[0.44-0.87] unit increase	Illumina [10216971] (imputed)	N	eye color	http://www.ebi.ac.uk/efo/EFO_0003949	GCST90255684	Genome-wide genotyping array
2023-03-10	36672889	Farre X	2023-01-05	Genes (Basel)	www.ncbi.nlm.nih.gov/pubmed/36672889	Skin Phototype and Disease: A Comprehensive Genetic Approach to Pigmentary Traits Pleiotropy Using PRS in the GCAT Cohort.	Eye color	4,987 Iberian ancestry individuals	NA	15q13.1	15	27829280		OCA2			ENSG00000104044			rs1157572508-TGATAGATA	rs1157572508	0	1157572508	intron_variant	0	0.098934	7E-10	9.154901959985743		0.248924	[0.17-0.33] unit decrease	Illumina [10216971] (imputed)	N	eye color	http://www.ebi.ac.uk/efo/EFO_0003949	GCST90255684	Genome-wide genotyping array
2023-03-10	36672889	Farre X	2023-01-05	Genes (Basel)	www.ncbi.nlm.nih.gov/pubmed/36672889	Skin Phototype and Disease: A Comprehensive Genetic Approach to Pigmentary Traits Pleiotropy Using PRS in the GCAT Cohort.	Eye color	4,987 Iberian ancestry individuals	NA	15q13.1	15	28033944		OCA2			ENSG00000104044			rs144244730-T	rs144244730	0	144244730	intron_variant	0	0.0391991	3E-9	8.522878745280337		0.34756	[0.23-0.46] unit increase	Illumina [10216971] (imputed)	N	eye color	http://www.ebi.ac.uk/efo/EFO_0003949	GCST90255684	Genome-wide genotyping array
2023-03-10	36672889	Farre X	2023-01-05	Genes (Basel)	www.ncbi.nlm.nih.gov/pubmed/36672889	Skin Phototype and Disease: A Comprehensive Genetic Approach to Pigmentary Traits Pleiotropy Using PRS in the GCAT Cohort.	Eye color	4,987 Iberian ancestry individuals	NA	15q13.1	15	28265480		HERC2			ENSG00000128731			rs150568801-T	rs150568801	0	150568801	intron_variant	0	0.0181699	7E-14	13.154901959985743		0.650865	[0.48-0.82] unit increase	Illumina [10216971] (imputed)	N	eye color	http://www.ebi.ac.uk/efo/EFO_0003949	GCST90255684	Genome-wide genotyping array
2023-03-10	36672889	Farre X	2023-01-05	Genes (Basel)	www.ncbi.nlm.nih.gov/pubmed/36672889	Skin Phototype and Disease: A Comprehensive Genetic Approach to Pigmentary Traits Pleiotropy Using PRS in the GCAT Cohort.	Eye color	4,987 Iberian ancestry individuals	NA	9p23	9	12671566		LURAP1L-AS1			ENSG00000235448			rs10960749-G	rs10960749	0	10960749	intron_variant	0	0.452777	2E-14	13.698970004336019		0.168823	[0.13-0.21] unit increase	Illumina [10216971] (imputed)	N	eye color	http://www.ebi.ac.uk/efo/EFO_0003949	GCST90255684	Genome-wide genotyping array
2023-03-10	36672889	Farre X	2023-01-05	Genes (Basel)	www.ncbi.nlm.nih.gov/pubmed/36672889	Skin Phototype and Disease: A Comprehensive Genetic Approach to Pigmentary Traits Pleiotropy Using PRS in the GCAT Cohort.	Eye color	4,987 Iberian ancestry individuals	NA	6p25.3	6	396321		IRF4			ENSG00000137265			rs12203592-T	rs12203592	0	12203592	intron_variant	0	0.140565	3E-11	10.522878745280337		0.209556	[0.15-0.27] unit decrease	Illumina [10216971] (imputed)	N	eye color	http://www.ebi.ac.uk/efo/EFO_0003949	GCST90255684	Genome-wide genotyping array
2023-03-10	36672889	Farre X	2023-01-05	Genes (Basel)	www.ncbi.nlm.nih.gov/pubmed/36672889	Skin Phototype and Disease: A Comprehensive Genetic Approach to Pigmentary Traits Pleiotropy Using PRS in the GCAT Cohort.	Eye color	4,987 Iberian ancestry individuals	NA											chr15:28287618-CA	chr15:28287618	0			1	0.0322403	4E-12	11.397940008672037		0.456331	[0.33-0.58] unit increase	Illumina [10216971] (imputed)	N	eye color	http://www.ebi.ac.uk/efo/EFO_0003949	GCST90255684	Genome-wide genotyping array
2023-03-10	36672889	Farre X	2023-01-05	Genes (Basel)	www.ncbi.nlm.nih.gov/pubmed/36672889	Skin Phototype and Disease: A Comprehensive Genetic Approach to Pigmentary Traits Pleiotropy Using PRS in the GCAT Cohort.	Eye color	4,987 Iberian ancestry individuals	NA											chr15:28287618-CAA	chr15:28287618	0			1	0.147061	3E-34	33.52287874528034		0.391579	[0.33-0.45] unit increase	Illumina [10216971] (imputed)	N	eye color	http://www.ebi.ac.uk/efo/EFO_0003949	GCST90255684	Genome-wide genotyping array
2023-03-10	36672889	Farre X	2023-01-05	Genes (Basel)	www.ncbi.nlm.nih.gov/pubmed/36672889	Skin Phototype and Disease: A Comprehensive Genetic Approach to Pigmentary Traits Pleiotropy Using PRS in the GCAT Cohort.	Eye color	4,987 Iberian ancestry individuals	NA											chr15:28524761-CCACACACA	chr15:28524761	0			1	0.0896654	2E-42	41.69897000433602		0.552672	[0.47-0.63] unit increase	Illumina [10216971] (imputed)	N	eye color	http://www.ebi.ac.uk/efo/EFO_0003949	GCST90255684	Genome-wide genotyping array
2023-03-10	36672889	Farre X	2023-01-05	Genes (Basel)	www.ncbi.nlm.nih.gov/pubmed/36672889	Skin Phototype and Disease: A Comprehensive Genetic Approach to Pigmentary Traits Pleiotropy Using PRS in the GCAT Cohort.	Eye color	4,987 Iberian ancestry individuals	NA	9p23	9	12677979		LURAP1L-AS1			ENSG00000235448			rs10116013-T	rs10116013	0	10116013	intron_variant	0	0.332063	2E-8	7.698970004336019		0.130403	[0.085-0.176] unit increase	Illumina [10216971] (imputed)	N	eye color	http://www.ebi.ac.uk/efo/EFO_0003949	GCST90255684	Genome-wide genotyping array
2023-03-10	36672889	Farre X	2023-01-05	Genes (Basel)	www.ncbi.nlm.nih.gov/pubmed/36672889	Skin Phototype and Disease: A Comprehensive Genetic Approach to Pigmentary Traits Pleiotropy Using PRS in the GCAT Cohort.	Eye color	4,987 Iberian ancestry individuals	NA	9p23	9	12679607		LURAP1L-AS1			ENSG00000235448			rs10491745-T	rs10491745	0	10491745	intron_variant	0	0.163326	1E-8	8.0		0.167791	[0.11-0.23] unit increase	Illumina [10216971] (imputed)	N	eye color	http://www.ebi.ac.uk/efo/EFO_0003949	GCST90255684	Genome-wide genotyping array
2023-03-10	36672889	Farre X	2023-01-05	Genes (Basel)	www.ncbi.nlm.nih.gov/pubmed/36672889	Skin Phototype and Disease: A Comprehensive Genetic Approach to Pigmentary Traits Pleiotropy Using PRS in the GCAT Cohort.	Eye color	4,987 Iberian ancestry individuals	NA	15q13.1	15	28174015		HERC2			ENSG00000128731			rs111433258-G	rs111433258	0	111433258	intron_variant	0	0.272791	2E-90	89.69897000433602		0.543272	[0.49-0.59] unit increase	Illumina [10216971] (imputed)	N	eye color	http://www.ebi.ac.uk/efo/EFO_0003949	GCST90255684	Genome-wide genotyping array
2023-03-10	36672889	Farre X	2023-01-05	Genes (Basel)	www.ncbi.nlm.nih.gov/pubmed/36672889	Skin Phototype and Disease: A Comprehensive Genetic Approach to Pigmentary Traits Pleiotropy Using PRS in the GCAT Cohort.	Eye color	4,987 Iberian ancestry individuals	NA	15q13.1	15	28143605		HERC2			ENSG00000128731			rs111446662-T	rs111446662	0	111446662	intron_variant	0	0.0682024	6E-28	27.221848749616356		0.491405	[0.4-0.58] unit increase	Illumina [10216971] (imputed)	N	eye color	http://www.ebi.ac.uk/efo/EFO_0003949	GCST90255684	Genome-wide genotyping array
2023-03-10	36672889	Farre X	2023-01-05	Genes (Basel)	www.ncbi.nlm.nih.gov/pubmed/36672889	Skin Phototype and Disease: A Comprehensive Genetic Approach to Pigmentary Traits Pleiotropy Using PRS in the GCAT Cohort.	Eye color	4,987 Iberian ancestry individuals	NA	15q13.1	15	28289408		HERC2			ENSG00000128731			rs111458470-A	rs111458470	0	111458470	intron_variant	0	0.419266	3E-145	144.52287874528034		0.581791	[0.54-0.62] unit increase	Illumina [10216971] (imputed)	N	eye color	http://www.ebi.ac.uk/efo/EFO_0003949	GCST90255684	Genome-wide genotyping array
2023-03-10	36672889	Farre X	2023-01-05	Genes (Basel)	www.ncbi.nlm.nih.gov/pubmed/36672889	Skin Phototype and Disease: A Comprehensive Genetic Approach to Pigmentary Traits Pleiotropy Using PRS in the GCAT Cohort.	Eye color	4,987 Iberian ancestry individuals	NA	15q13.1	15	28174184		HERC2			ENSG00000128731			rs112483884-C	rs112483884	0	112483884	intron_variant	0	0.133691	4E-12	11.397940008672037		0.24379	[0.17-0.31] unit increase	Illumina [10216971] (imputed)	N	eye color	http://www.ebi.ac.uk/efo/EFO_0003949	GCST90255684	Genome-wide genotyping array
2023-03-10	36672889	Farre X	2023-01-05	Genes (Basel)	www.ncbi.nlm.nih.gov/pubmed/36672889	Skin Phototype and Disease: A Comprehensive Genetic Approach to Pigmentary Traits Pleiotropy Using PRS in the GCAT Cohort.	Eye color	4,987 Iberian ancestry individuals	NA	15q13.1	15	28111713		HERC2			ENSG00000128731			rs1129038-T	rs1129038	0	1129038	3_prime_UTR_variant	0	0.361239	1E-523	523.0		0.982798	[0.95-1.02] unit decrease	Illumina [10216971] (imputed)	N	eye color	http://www.ebi.ac.uk/efo/EFO_0003949	GCST90255684	Genome-wide genotyping array
2023-03-10	36672889	Farre X	2023-01-05	Genes (Basel)	www.ncbi.nlm.nih.gov/pubmed/36672889	Skin Phototype and Disease: A Comprehensive Genetic Approach to Pigmentary Traits Pleiotropy Using PRS in the GCAT Cohort.	Eye color	4,987 Iberian ancestry individuals	NA	15q13.1	15	28116223		HERC2			ENSG00000128731			rs11365574-CT	rs11365574	0	11365574	intron_variant	0	0.0663086	2E-30	29.69897000433602		0.541993	[0.45-0.63] unit increase	Illumina [10216971] (imputed)	N	eye color	http://www.ebi.ac.uk/efo/EFO_0003949	GCST90255684	Genome-wide genotyping array
2023-03-10	36672889	Farre X	2023-01-05	Genes (Basel)	www.ncbi.nlm.nih.gov/pubmed/36672889	Skin Phototype and Disease: A Comprehensive Genetic Approach to Pigmentary Traits Pleiotropy Using PRS in the GCAT Cohort.	Eye color	4,987 Iberian ancestry individuals	NA	15q13.1	15	28316060		HERC2			ENSG00000128731			rs11396433-T	rs11396433	0	11396433	intron_variant	0	0.0882063	7E-34	33.15490195998574		0.469668	[0.39-0.54] unit increase	Illumina [10216971] (imputed)	N	eye color	http://www.ebi.ac.uk/efo/EFO_0003949	GCST90255684	Genome-wide genotyping array
2023-03-10	36672889	Farre X	2023-01-05	Genes (Basel)	www.ncbi.nlm.nih.gov/pubmed/36672889	Skin Phototype and Disease: A Comprehensive Genetic Approach to Pigmentary Traits Pleiotropy Using PRS in the GCAT Cohort.	Eye color	4,987 Iberian ancestry individuals	NA	15q13.1	15	28105536		OCA2 - HERC2	ENSG00000104044	ENSG00000128731		5872	5504	rs115000158-A	rs115000158	0	115000158	intergenic_variant	1	0.0339946	1E-13	13.0		0.523761	[0.39-0.66] unit increase	Illumina [10216971] (imputed)	N	eye color	http://www.ebi.ac.uk/efo/EFO_0003949	GCST90255684	Genome-wide genotyping array
2023-03-10	36672889	Farre X	2023-01-05	Genes (Basel)	www.ncbi.nlm.nih.gov/pubmed/36672889	Skin Phototype and Disease: A Comprehensive Genetic Approach to Pigmentary Traits Pleiotropy Using PRS in the GCAT Cohort.	Eye color	4,987 Iberian ancestry individuals	NA	15q13.1	15	28141480		HERC2			ENSG00000128731			rs11636232-T	rs11636232	0	11636232	synonymous_variant	0	0.168864	3E-197	196.52287874528034		0.85448	[0.8-0.91] unit decrease	Illumina [10216971] (imputed)	N	eye color	http://www.ebi.ac.uk/efo/EFO_0003949	GCST90255684	Genome-wide genotyping array
2023-03-10	36672889	Farre X	2023-01-05	Genes (Basel)	www.ncbi.nlm.nih.gov/pubmed/36672889	Skin Phototype and Disease: A Comprehensive Genetic Approach to Pigmentary Traits Pleiotropy Using PRS in the GCAT Cohort.	Eye color	4,987 Iberian ancestry individuals	NA	15q13.1	15	28118342		HERC2			ENSG00000128731			rs116879078-T	rs116879078	0	116879078	intron_variant	0	0.0485448	1E-12	12.0		0.426668	[0.31-0.54] unit increase	Illumina [10216971] (imputed)	N	eye color	http://www.ebi.ac.uk/efo/EFO_0003949	GCST90255684	Genome-wide genotyping array
2023-03-10	36672889	Farre X	2023-01-05	Genes (Basel)	www.ncbi.nlm.nih.gov/pubmed/36672889	Skin Phototype and Disease: A Comprehensive Genetic Approach to Pigmentary Traits Pleiotropy Using PRS in the GCAT Cohort.	Eye color	4,987 Iberian ancestry individuals	NA	15q13.1	15	28137613		HERC2			ENSG00000128731			rs117219845-T	rs117219845	0	117219845	intron_variant	0	0.0691925	2E-18	17.69897000433602		0.41247	[0.32-0.5] unit increase	Illumina [10216971] (imputed)	N	eye color	http://www.ebi.ac.uk/efo/EFO_0003949	GCST90255684	Genome-wide genotyping array
2023-03-10	36672889	Farre X	2023-01-05	Genes (Basel)	www.ncbi.nlm.nih.gov/pubmed/36672889	Skin Phototype and Disease: A Comprehensive Genetic Approach to Pigmentary Traits Pleiotropy Using PRS in the GCAT Cohort.	Eye color	4,987 Iberian ancestry individuals	NA	15q13.1	15	28013940		OCA2			ENSG00000104044			rs117801799-A	rs117801799	0	117801799	intron_variant	0	0.0384215	1E-8	8.0		0.335909	[0.22-0.45] unit increase	Illumina [10216971] (imputed)	N	eye color	http://www.ebi.ac.uk/efo/EFO_0003949	GCST90255684	Genome-wide genotyping array
2023-03-10	36672889	Farre X	2023-01-05	Genes (Basel)	www.ncbi.nlm.nih.gov/pubmed/36672889	Skin Phototype and Disease: A Comprehensive Genetic Approach to Pigmentary Traits Pleiotropy Using PRS in the GCAT Cohort.	Eye color	4,987 Iberian ancestry individuals	NA	15q13.1	15	28289636		HERC2			ENSG00000128731			rs118141530-G	rs118141530	0	118141530	intron_variant	0	0.0606812	8E-25	24.096910013008056		0.53796	[0.44-0.64] unit increase	Illumina [10216971] (imputed)	N	eye color	http://www.ebi.ac.uk/efo/EFO_0003949	GCST90255684	Genome-wide genotyping array
2023-03-10	36672889	Farre X	2023-01-05	Genes (Basel)	www.ncbi.nlm.nih.gov/pubmed/36672889	Skin Phototype and Disease: A Comprehensive Genetic Approach to Pigmentary Traits Pleiotropy Using PRS in the GCAT Cohort.	Eye color	4,987 Iberian ancestry individuals	NA	15q13.1	15	28071189		OCA2			ENSG00000104044			rs138862869-AAATG	rs138862869	1	35813688	intron_variant	0	0.347262	3E-76	75.52287874528034		0.415655	[0.37-0.46] unit increase	Illumina [10216971] (imputed)	N	eye color	http://www.ebi.ac.uk/efo/EFO_0003949	GCST90255684	Genome-wide genotyping array
2023-03-10	36672889	Farre X	2023-01-05	Genes (Basel)	www.ncbi.nlm.nih.gov/pubmed/36672889	Skin Phototype and Disease: A Comprehensive Genetic Approach to Pigmentary Traits Pleiotropy Using PRS in the GCAT Cohort.	Eye color	4,987 Iberian ancestry individuals	NA	15q13.1	15	28892326		APBA2			ENSG00000034053			rs140159633-T	rs140159633	0	140159633	intron_variant	0	0.173637	2E-14	13.698970004336019		0.241416	[0.18-0.3] unit decrease	Illumina [10216971] (imputed)	N	eye color	http://www.ebi.ac.uk/efo/EFO_0003949	GCST90255684	Genome-wide genotyping array
2023-03-10	36672889	Farre X	2023-01-05	Genes (Basel)	www.ncbi.nlm.nih.gov/pubmed/36672889	Skin Phototype and Disease: A Comprehensive Genetic Approach to Pigmentary Traits Pleiotropy Using PRS in the GCAT Cohort.	Eye color	4,987 Iberian ancestry individuals	NA	15q13.1	15	28175206		HERC2			ENSG00000128731			rs142046335-G	rs142046335	0	142046335	intron_variant	0	0.0548411	2E-37	36.69897000433602		0.684916	[0.58-0.79] unit decrease	Illumina [10216971] (imputed)	N	eye color	http://www.ebi.ac.uk/efo/EFO_0003949	GCST90255684	Genome-wide genotyping array
2023-03-10	36672889	Farre X	2023-01-05	Genes (Basel)	www.ncbi.nlm.nih.gov/pubmed/36672889	Skin Phototype and Disease: A Comprehensive Genetic Approach to Pigmentary Traits Pleiotropy Using PRS in the GCAT Cohort.	Eye color	4,987 Iberian ancestry individuals	NA	15q13.1	15	28231486		HERC2			ENSG00000128731			rs144864205-A	rs144864205	0	144864205	intron_variant	0	0.0228987	7E-13	12.154901959985743		0.616333	[0.45-0.78] unit increase	Illumina [10216971] (imputed)	N	eye color	http://www.ebi.ac.uk/efo/EFO_0003949	GCST90255684	Genome-wide genotyping array
2023-03-10	36672889	Farre X	2023-01-05	Genes (Basel)	www.ncbi.nlm.nih.gov/pubmed/36672889	Skin Phototype and Disease: A Comprehensive Genetic Approach to Pigmentary Traits Pleiotropy Using PRS in the GCAT Cohort.	Eye color	4,987 Iberian ancestry individuals	NA	15q13.1	15	28288722		HERC2			ENSG00000128731			rs1449123735-T	rs1449123735	0	1449123735	intron_variant	0	0.053031	6E-10	9.221848749616356		0.334497	[0.23-0.44] unit increase	Illumina [10216971] (imputed)	N	eye color	http://www.ebi.ac.uk/efo/EFO_0003949	GCST90255684	Genome-wide genotyping array
2023-03-10	36672889	Farre X	2023-01-05	Genes (Basel)	www.ncbi.nlm.nih.gov/pubmed/36672889	Skin Phototype and Disease: A Comprehensive Genetic Approach to Pigmentary Traits Pleiotropy Using PRS in the GCAT Cohort.	Eye color	4,987 Iberian ancestry individuals	NA	15q13.1	15	28155836		HERC2			ENSG00000128731			rs146550637-T	rs146550637	0	146550637	intron_variant	0	0.0268592	3E-15	14.522878745280337		0.599414	[0.45-0.75] unit increase	Illumina [10216971] (imputed)	N	eye color	http://www.ebi.ac.uk/efo/EFO_0003949	GCST90255684	Genome-wide genotyping array
2023-03-10	36672889	Farre X	2023-01-05	Genes (Basel)	www.ncbi.nlm.nih.gov/pubmed/36672889	Skin Phototype and Disease: A Comprehensive Genetic Approach to Pigmentary Traits Pleiotropy Using PRS in the GCAT Cohort.	Eye color	4,987 Iberian ancestry individuals	NA	15q13.1	15	28259970		HERC2			ENSG00000128731			rs1491544065-CA	rs1491544065	1	35995546	intron_variant	0	0.110029	1E-18	18.0		0.34391	[0.27-0.42] unit increase	Illumina [10216971] (imputed)	N	eye color	http://www.ebi.ac.uk/efo/EFO_0003949	GCST90255684	Genome-wide genotyping array
2023-03-10	36672889	Farre X	2023-01-05	Genes (Basel)	www.ncbi.nlm.nih.gov/pubmed/36672889	Skin Phototype and Disease: A Comprehensive Genetic Approach to Pigmentary Traits Pleiotropy Using PRS in the GCAT Cohort.	Eye color	4,987 Iberian ancestry individuals	NA	15q13.1	15	28239853		HERC2			ENSG00000128731			rs150231163-C	rs150231163	0	150231163	intron_variant	0	0.0421022	1E-21	21.0		0.544393	[0.43-0.66] unit increase	Illumina [10216971] (imputed)	N	eye color	http://www.ebi.ac.uk/efo/EFO_0003949	GCST90255684	Genome-wide genotyping array
2023-03-10	36672889	Farre X	2023-01-05	Genes (Basel)	www.ncbi.nlm.nih.gov/pubmed/36672889	Skin Phototype and Disease: A Comprehensive Genetic Approach to Pigmentary Traits Pleiotropy Using PRS in the GCAT Cohort.	Eye color	4,987 Iberian ancestry individuals	NA	15q13.1	15	28139388		HERC2			ENSG00000128731			rs150287021-T	rs150287021	0	150287021	intron_variant	0	0.0432768	8E-13	12.096910013008056		0.416048	[0.3-0.53] unit increase	Illumina [10216971] (imputed)	N	eye color	http://www.ebi.ac.uk/efo/EFO_0003949	GCST90255684	Genome-wide genotyping array
2023-03-10	36672889	Farre X	2023-01-05	Genes (Basel)	www.ncbi.nlm.nih.gov/pubmed/36672889	Skin Phototype and Disease: A Comprehensive Genetic Approach to Pigmentary Traits Pleiotropy Using PRS in the GCAT Cohort.	Eye color	4,987 Iberian ancestry individuals	NA	15q13.1	15	28106230		OCA2 - HERC2	ENSG00000104044	ENSG00000128731		6566	4810	rs150763518-G	rs150763518	0	150763518	intergenic_variant	1	0.194486	2E-43	42.69897000433602		0.385548	[0.33-0.44] unit increase	Illumina [10216971] (imputed)	N	eye color	http://www.ebi.ac.uk/efo/EFO_0003949	GCST90255684	Genome-wide genotyping array
2023-03-10	36672889	Farre X	2023-01-05	Genes (Basel)	www.ncbi.nlm.nih.gov/pubmed/36672889	Skin Phototype and Disease: A Comprehensive Genetic Approach to Pigmentary Traits Pleiotropy Using PRS in the GCAT Cohort.	Eye color	4,987 Iberian ancestry individuals	NA	5p13.2	5	33951588		SLC45A2			ENSG00000164175			rs16891982-C	rs16891982	0	16891982	missense_variant	0	0.149941	5E-17	16.30102999566398		0.257568	[0.2-0.32] unit increase	Illumina [10216971] (imputed)	N	eye color	http://www.ebi.ac.uk/efo/EFO_0003949	GCST90255684	Genome-wide genotyping array
2023-03-10	36672889	Farre X	2023-01-05	Genes (Basel)	www.ncbi.nlm.nih.gov/pubmed/36672889	Skin Phototype and Disease: A Comprehensive Genetic Approach to Pigmentary Traits Pleiotropy Using PRS in the GCAT Cohort.	Eye color	4,987 Iberian ancestry individuals	NA	15q13.1	15	28026565		OCA2			ENSG00000104044			rs17652091-A	rs17652091	0	17652091	intron_variant	0	0.209545	3E-12	11.522878745280337		0.185783	[0.13-0.24] unit decrease	Illumina [10216971] (imputed)	N	eye color	http://www.ebi.ac.uk/efo/EFO_0003949	GCST90255684	Genome-wide genotyping array
2023-03-10	36672889	Farre X	2023-01-05	Genes (Basel)	www.ncbi.nlm.nih.gov/pubmed/36672889	Skin Phototype and Disease: A Comprehensive Genetic Approach to Pigmentary Traits Pleiotropy Using PRS in the GCAT Cohort.	Eye color	4,987 Iberian ancestry individuals	NA	15q13.1	15	28041322		OCA2			ENSG00000104044			rs200426972-T	rs200426972	1	3071601	intron_variant	0	0.118464	4E-31	30.397940008672037		0.413979	[0.34-0.48] unit increase	Illumina [10216971] (imputed)	N	eye color	http://www.ebi.ac.uk/efo/EFO_0003949	GCST90255684	Genome-wide genotyping array
2023-03-10	36672889	Farre X	2023-01-05	Genes (Basel)	www.ncbi.nlm.nih.gov/pubmed/36672889	Skin Phototype and Disease: A Comprehensive Genetic Approach to Pigmentary Traits Pleiotropy Using PRS in the GCAT Cohort.	Eye color	4,987 Iberian ancestry individuals	NA	15q13.1	15	28224181		HERC2			ENSG00000128731			rs200980383-A	rs200980383	0	200980383	intron_variant	0	0.0232151	3E-10	9.522878745280337		0.503029	[0.35-0.66] unit increase	Illumina [10216971] (imputed)	N	eye color	http://www.ebi.ac.uk/efo/EFO_0003949	GCST90255684	Genome-wide genotyping array
2023-03-10	36672889	Farre X	2023-01-05	Genes (Basel)	www.ncbi.nlm.nih.gov/pubmed/36672889	Skin Phototype and Disease: A Comprehensive Genetic Approach to Pigmentary Traits Pleiotropy Using PRS in the GCAT Cohort.	Eye color	4,987 Iberian ancestry individuals	NA	15q13.1	15	27988503		OCA2			ENSG00000104044			rs201911192-CA	rs201911192	0	201911192	intron_variant	0	0.0526245	2E-10	9.698970004336019		0.326055	[0.23-0.43] unit increase	Illumina [10216971] (imputed)	N	eye color	http://www.ebi.ac.uk/efo/EFO_0003949	GCST90255684	Genome-wide genotyping array
2023-03-10	36672889	Farre X	2023-01-05	Genes (Basel)	www.ncbi.nlm.nih.gov/pubmed/36672889	Skin Phototype and Disease: A Comprehensive Genetic Approach to Pigmentary Traits Pleiotropy Using PRS in the GCAT Cohort.	Eye color	4,987 Iberian ancestry individuals	NA	15q13.1	15	28041322		OCA2			ENSG00000104044			rs202126943-T	rs202126943	1	3071601	intron_variant	0	0.194209	2E-15	14.698970004336019		0.231308	[0.17-0.29] unit increase	Illumina [10216971] (imputed)	N	eye color	http://www.ebi.ac.uk/efo/EFO_0003949	GCST90255684	Genome-wide genotyping array
2023-03-10	36672889	Farre X	2023-01-05	Genes (Basel)	www.ncbi.nlm.nih.gov/pubmed/36672889	Skin Phototype and Disease: A Comprehensive Genetic Approach to Pigmentary Traits Pleiotropy Using PRS in the GCAT Cohort.	Eye color	4,987 Iberian ancestry individuals	NA	15q13.1	15	28217781		HERC2			ENSG00000128731			rs202195884-C	rs202195884	0	202195884	intron_variant	0	0.0266023	3E-8	7.522878745280337		0.415444	[0.27-0.56] unit increase	Illumina [10216971] (imputed)	N	eye color	http://www.ebi.ac.uk/efo/EFO_0003949	GCST90255684	Genome-wide genotyping array
2023-03-10	36672889	Farre X	2023-01-05	Genes (Basel)	www.ncbi.nlm.nih.gov/pubmed/36672889	Skin Phototype and Disease: A Comprehensive Genetic Approach to Pigmentary Traits Pleiotropy Using PRS in the GCAT Cohort.	Eye color	4,987 Iberian ancestry individuals	NA	15q13.1	15	28021881		OCA2			ENSG00000104044			rs2122005-A	rs2122005	0	2122005	intron_variant	0	0.232304	1E-9	9.0		0.155543	[0.11-0.21] unit increase	Illumina [10216971] (imputed)	N	eye color	http://www.ebi.ac.uk/efo/EFO_0003949	GCST90255684	Genome-wide genotyping array
2023-03-10	36672889	Farre X	2023-01-05	Genes (Basel)	www.ncbi.nlm.nih.gov/pubmed/36672889	Skin Phototype and Disease: A Comprehensive Genetic Approach to Pigmentary Traits Pleiotropy Using PRS in the GCAT Cohort.	Eye color	4,987 Iberian ancestry individuals	NA	15q13.1	15	28022192		OCA2			ENSG00000104044			rs2305252-T	rs2305252	0	2305252	intron_variant	0	0.310852	3E-21	20.522878745280337		0.24072	[0.19-0.29] unit increase	Illumina [10216971] (imputed)	N	eye color	http://www.ebi.ac.uk/efo/EFO_0003949	GCST90255684	Genome-wide genotyping array
2023-03-10	36672889	Farre X	2023-01-05	Genes (Basel)	www.ncbi.nlm.nih.gov/pubmed/36672889	Skin Phototype and Disease: A Comprehensive Genetic Approach to Pigmentary Traits Pleiotropy Using PRS in the GCAT Cohort.	Eye color	4,987 Iberian ancestry individuals	NA	15q13.1	15	28236282		HERC2			ENSG00000128731			rs2346098-A	rs2346098	0	2346098	intron_variant	0	0.054652	2E-12	11.698970004336019		0.385577	[0.28-0.49] unit increase	Illumina [10216971] (imputed)	N	eye color	http://www.ebi.ac.uk/efo/EFO_0003949	GCST90255684	Genome-wide genotyping array
2023-03-10	36672889	Farre X	2023-01-05	Genes (Basel)	www.ncbi.nlm.nih.gov/pubmed/36672889	Skin Phototype and Disease: A Comprehensive Genetic Approach to Pigmentary Traits Pleiotropy Using PRS in the GCAT Cohort.	Eye color	4,987 Iberian ancestry individuals	NA	15q13.1	15	28210654		HERC2			ENSG00000128731			rs2525919-T	rs2525919	0	2525919	intron_variant	0	0.227434	7E-97	96.15490195998575		0.555648	[0.5-0.61] unit increase	Illumina [10216971] (imputed)	N	eye color	http://www.ebi.ac.uk/efo/EFO_0003949	GCST90255684	Genome-wide genotyping array
2023-03-10	36672889	Farre X	2023-01-05	Genes (Basel)	www.ncbi.nlm.nih.gov/pubmed/36672889	Skin Phototype and Disease: A Comprehensive Genetic Approach to Pigmentary Traits Pleiotropy Using PRS in the GCAT Cohort.	Eye color	4,987 Iberian ancestry individuals	NA	15q13.1	15	27903503		OCA2			ENSG00000104044			rs2594903-G	rs2594903	0	2594903	intron_variant	0	0.19677	2E-10	9.698970004336019		0.17443	[0.12-0.23] unit decrease	Illumina [10216971] (imputed)	N	eye color	http://www.ebi.ac.uk/efo/EFO_0003949	GCST90255684	Genome-wide genotyping array
2023-03-10	36672889	Farre X	2023-01-05	Genes (Basel)	www.ncbi.nlm.nih.gov/pubmed/36672889	Skin Phototype and Disease: A Comprehensive Genetic Approach to Pigmentary Traits Pleiotropy Using PRS in the GCAT Cohort.	Eye color	4,987 Iberian ancestry individuals	NA	15q13.1	15	28173838		HERC2			ENSG00000128731			rs28587058-C	rs28587058	0	28587058	intron_variant	0	0.0386887	2E-16	15.698970004336019		0.547847	[0.42-0.68] unit increase	Illumina [10216971] (imputed)	N	eye color	http://www.ebi.ac.uk/efo/EFO_0003949	GCST90255684	Genome-wide genotyping array
2023-03-10	36672889	Farre X	2023-01-05	Genes (Basel)	www.ncbi.nlm.nih.gov/pubmed/36672889	Skin Phototype and Disease: A Comprehensive Genetic Approach to Pigmentary Traits Pleiotropy Using PRS in the GCAT Cohort.	Eye color	4,987 Iberian ancestry individuals	NA	15q13.1	15	28156194		HERC2			ENSG00000128731			rs28784029-T	rs28784029	0	28784029	intron_variant	0	0.1531	2E-150	149.69897000433602		0.833056	[0.77-0.89] unit decrease	Illumina [10216971] (imputed)	N	eye color	http://www.ebi.ac.uk/efo/EFO_0003949	GCST90255684	Genome-wide genotyping array
2023-03-10	36672889	Farre X	2023-01-05	Genes (Basel)	www.ncbi.nlm.nih.gov/pubmed/36672889	Skin Phototype and Disease: A Comprehensive Genetic Approach to Pigmentary Traits Pleiotropy Using PRS in the GCAT Cohort.	Eye color	4,987 Iberian ancestry individuals	NA	15q13.1	15	28041261		OCA2			ENSG00000104044			rs34022588-T	rs34022588	0	34022588	intron_variant	0	0.192577	1E-55	55.0		0.424355	[0.37-0.48] unit increase	Illumina [10216971] (imputed)	N	eye color	http://www.ebi.ac.uk/efo/EFO_0003949	GCST90255684	Genome-wide genotyping array
2023-03-10	36672889	Farre X	2023-01-05	Genes (Basel)	www.ncbi.nlm.nih.gov/pubmed/36672889	Skin Phototype and Disease: A Comprehensive Genetic Approach to Pigmentary Traits Pleiotropy Using PRS in the GCAT Cohort.	Eye color	4,987 Iberian ancestry individuals	NA	15q13.1	15	28032793		OCA2			ENSG00000104044			rs34369918-C	rs34369918	0	34369918	intron_variant	0	0.226684	2E-42	41.69897000433602		0.377395	[0.32-0.43] unit increase	Illumina [10216971] (imputed)	N	eye color	http://www.ebi.ac.uk/efo/EFO_0003949	GCST90255684	Genome-wide genotyping array
2026-02-02	39024449	Verma A	2024-07-19	Science	www.ncbi.nlm.nih.gov/pubmed/39024449	Diversity and scale: Genetic architecture of 2068 traits in the VA Million Veteran Program.	Disorders of iris and ciliary body (PheCode 379.5)	4,472 European ancestry cases, 441,070 European ancestry controls	NA	11q14.3	11	89178528		TYR			ENSG00000077498			rs1042602-C	rs1042602	0	1042602	missense_variant	0	0.6295	2E-12	11.698970004336019		0.152	[0.11-0.19] unit decrease	NR [44300000] (imputed)	N	iris disorder, ciliopathy	http://purl.obolibrary.org/obo/MONDO_0002289, http://purl.obolibrary.org/obo/MONDO_0005308	GCST90475899	Genome-wide genotyping array
2026-02-02	39024449	Verma A	2024-07-19	Science	www.ncbi.nlm.nih.gov/pubmed/39024449	Diversity and scale: Genetic architecture of 2068 traits in the VA Million Veteran Program.	Disorders of iris and ciliary body (PheCode 379.5)	1,118 African American or Afro-Caribbean cases, 119,290 African American or Afro-Caribbean controls, 4,472 European ancestry cases, 441,070 European ancestry controls, 463 Hispanic or Latin American cases, 58,885 Hispanic or Latin American controls	NA	11q14.3	11	89178528		TYR			ENSG00000077498			rs1042602-C	rs1042602	0	1042602	missense_variant	0	0.6975	7E-12	11.154901959985743		0.1427	[0.11-0.18] unit decrease	NR [44300000] (imputed)	N	iris disorder, ciliopathy	http://purl.obolibrary.org/obo/MONDO_0002289, http://purl.obolibrary.org/obo/MONDO_0005308	GCST90480100	Genome-wide genotyping array
