DATE ADDED TO CATALOG	PUBMEDID	FIRST AUTHOR	DATE	JOURNAL	LINK	STUDY	DISEASE/TRAIT	INITIAL SAMPLE SIZE	REPLICATION SAMPLE SIZE	REGION	CHR_ID	CHR_POS	REPORTED GENE(S)	MAPPED_GENE	UPSTREAM_GENE_ID	DOWNSTREAM_GENE_ID	SNP_GENE_IDS	UPSTREAM_GENE_DISTANCE	DOWNSTREAM_GENE_DISTANCE	STRONGEST SNP-RISK ALLELE	SNPS	MERGED	SNP_ID_CURRENT	CONTEXT	INTERGENIC	RISK ALLELE FREQUENCY	P-VALUE	PVALUE_MLOG	P-VALUE (TEXT)	OR or BETA	95% CI (TEXT)	PLATFORM [SNPS PASSING QC]	CNV	MAPPED_TRAIT	MAPPED_TRAIT_URI	STUDY ACCESSION	GENOTYPING TECHNOLOGY
2019-03-28	30664655	Adhikari K	2019-01-21	Nat Commun	www.ncbi.nlm.nih.gov/pubmed/30664655	A GWAS in Latin Americans highlights the convergent evolution of lighter skin pigmentation in Eurasia.	Hair color	6,236 Latin American individuals	NA	5p13.2	5	33951588	SLC45A2	SLC45A2			ENSG00000164175			rs16891982-?	rs16891982	0	16891982	missense_variant	0	NR	6E-66	65.22184874961636				Illumina [8896142] (imputed)	N	strand of hair color	http://purl.obolibrary.org/obo/OBA_0002313	GCST007454	Genome-wide genotyping array
2019-03-28	30664655	Adhikari K	2019-01-21	Nat Commun	www.ncbi.nlm.nih.gov/pubmed/30664655	A GWAS in Latin Americans highlights the convergent evolution of lighter skin pigmentation in Eurasia.	Hair color	6,236 Latin American individuals	NA	6p25.3	6	396321	IRF4	IRF4			ENSG00000137265			rs12203592-?	rs12203592	0	12203592	intron_variant	0	NR	2E-13	12.698970004336019				Illumina [8896142] (imputed)	N	strand of hair color	http://purl.obolibrary.org/obo/OBA_0002313	GCST007454	Genome-wide genotyping array
2019-03-28	30664655	Adhikari K	2019-01-21	Nat Commun	www.ncbi.nlm.nih.gov/pubmed/30664655	A GWAS in Latin Americans highlights the convergent evolution of lighter skin pigmentation in Eurasia.	Hair color	6,236 Latin American individuals	NA	11q14.3	11	88778356	GRM5	GRM5			ENSG00000168959			rs7118677-?	rs7118677	0	7118677	intron_variant	0	NR	3E-6	5.522878745280337				Illumina [8896142] (imputed)	N	strand of hair color	http://purl.obolibrary.org/obo/OBA_0002313	GCST007454	Genome-wide genotyping array
2019-03-28	30664655	Adhikari K	2019-01-21	Nat Commun	www.ncbi.nlm.nih.gov/pubmed/30664655	A GWAS in Latin Americans highlights the convergent evolution of lighter skin pigmentation in Eurasia.	Hair color	6,236 Latin American individuals	NA	11q14.3	11	89178528	TYR	TYR			ENSG00000077498			rs1042602-?	rs1042602	0	1042602	missense_variant	0	NR	2E-6	5.698970004336019				Illumina [8896142] (imputed)	N	strand of hair color	http://purl.obolibrary.org/obo/OBA_0002313	GCST007454	Genome-wide genotyping array
2019-03-28	30664655	Adhikari K	2019-01-21	Nat Commun	www.ncbi.nlm.nih.gov/pubmed/30664655	A GWAS in Latin Americans highlights the convergent evolution of lighter skin pigmentation in Eurasia.	Hair color	6,236 Latin American individuals	NA	11q14.3	11	89284793	TYR	TYR			ENSG00000077498			rs1126809-?	rs1126809	0	1126809	missense_variant	0	NR	6E-6	5.221848749616356				Illumina [8896142] (imputed)	N	strand of hair color	http://purl.obolibrary.org/obo/OBA_0002313	GCST007454	Genome-wide genotyping array
2019-03-28	30664655	Adhikari K	2019-01-21	Nat Commun	www.ncbi.nlm.nih.gov/pubmed/30664655	A GWAS in Latin Americans highlights the convergent evolution of lighter skin pigmentation in Eurasia.	Hair color	6,236 Latin American individuals	NA	15q13.1	15	28120472	HERC2	HERC2			ENSG00000128731			rs12913832-?	rs12913832	0	12913832	intron_variant	0	NR	8E-105	104.09691001300806				Illumina [8896142] (imputed)	N	strand of hair color	http://purl.obolibrary.org/obo/OBA_0002313	GCST007454	Genome-wide genotyping array
2019-03-28	30664655	Adhikari K	2019-01-21	Nat Commun	www.ncbi.nlm.nih.gov/pubmed/30664655	A GWAS in Latin Americans highlights the convergent evolution of lighter skin pigmentation in Eurasia.	Hair color	6,236 Latin American individuals	NA	15q21.1	15	48134287	SLC24A5	SLC24A5			ENSG00000188467			rs1426654-?	rs1426654	0	1426654	missense_variant	0	NR	1E-18	18.0				Illumina [8896142] (imputed)	N	strand of hair color	http://purl.obolibrary.org/obo/OBA_0002313	GCST007454	Genome-wide genotyping array
2019-04-03	30166351	Galvan-Femenia I	2018-08-30	J Med Genet	www.ncbi.nlm.nih.gov/pubmed/30166351	Multitrait genome association analysis identifies new susceptibility genes for human anthropometric variation in the GCAT cohort.	Hair morphology traits	4,988 Spanish ancestry individuals	NA	15q13.1	15	28120472	HERC2	HERC2			ENSG00000128731			rs12913832-?	rs12913832	0	12913832	intron_variant	0	NR	3E-30	29.522878745280337	(Hair color (black))	0.682465	[0.56-0.8] unit decrease	Illumina [9499600] (imputed)	N	coat/hair morphology trait, strand of hair color	http://purl.obolibrary.org/obo/OBA_VT0000367, http://purl.obolibrary.org/obo/OBA_0002313	GCST007486	Genome-wide genotyping array
2019-04-03	30166351	Galvan-Femenia I	2018-08-30	J Med Genet	www.ncbi.nlm.nih.gov/pubmed/30166351	Multitrait genome association analysis identifies new susceptibility genes for human anthropometric variation in the GCAT cohort.	Hair morphology traits	4,988 Spanish ancestry individuals	NA	6p25.3	6	396321	IRF4	IRF4			ENSG00000137265			rs12203592-?	rs12203592	0	12203592	intron_variant	0	NR	8E-48	47.096910013008056	(Hair color (black))	1.0489297	[0.91-1.19] unit increase	Illumina [9499600] (imputed)	N	coat/hair morphology trait, strand of hair color	http://purl.obolibrary.org/obo/OBA_VT0000367, http://purl.obolibrary.org/obo/OBA_0002313	GCST007486	Genome-wide genotyping array
2019-04-03	30166351	Galvan-Femenia I	2018-08-30	J Med Genet	www.ncbi.nlm.nih.gov/pubmed/30166351	Multitrait genome association analysis identifies new susceptibility genes for human anthropometric variation in the GCAT cohort.	Hair morphology traits	4,988 Spanish ancestry individuals	NA	5p13.2	5	33951588	SLC45A2	SLC45A2			ENSG00000164175			rs16891982-?	rs16891982	0	16891982	missense_variant	0	NR	3E-42	41.52287874528034	(Hair color (black))	0.9763537	[0.84-1.12] unit increase	Illumina [9499600] (imputed)	N	coat/hair morphology trait, strand of hair color	http://purl.obolibrary.org/obo/OBA_VT0000367, http://purl.obolibrary.org/obo/OBA_0002313	GCST007486	Genome-wide genotyping array
2019-04-03	30166351	Galvan-Femenia I	2018-08-30	J Med Genet	www.ncbi.nlm.nih.gov/pubmed/30166351	Multitrait genome association analysis identifies new susceptibility genes for human anthropometric variation in the GCAT cohort.	Hair morphology traits	4,988 Spanish ancestry individuals	NA	17q25.3	17	81639794	TSPAN10	NPLOC4, TSPAN10			ENSG00000182446, ENSG00000182612			rs9747347-?	rs9747347	0	9747347	intron_variant	0	NR	1E-8	8.0	(Hair color (black))	0.32057112	[0.21-0.43] unit decrease	Illumina [9499600] (imputed)	N	coat/hair morphology trait, strand of hair color	http://purl.obolibrary.org/obo/OBA_VT0000367, http://purl.obolibrary.org/obo/OBA_0002313	GCST007486	Genome-wide genotyping array
2019-04-03	30166351	Galvan-Femenia I	2018-08-30	J Med Genet	www.ncbi.nlm.nih.gov/pubmed/30166351	Multitrait genome association analysis identifies new susceptibility genes for human anthropometric variation in the GCAT cohort.	Hair morphology traits	4,988 Spanish ancestry individuals	NA	15q13.1	15	28288419	HERC2	HERC2			ENSG00000128731			rs1667392-?	rs1667392	0	1667392	intron_variant	0	NR	3E-39	38.52287874528034	(Hair color (blond))	1.4178878	[1.21-1.62] unit increase	Illumina [9499600] (imputed)	N	coat/hair morphology trait, strand of hair color	http://purl.obolibrary.org/obo/OBA_VT0000367, http://purl.obolibrary.org/obo/OBA_0002313	GCST007486	Genome-wide genotyping array
2019-04-03	30166351	Galvan-Femenia I	2018-08-30	J Med Genet	www.ncbi.nlm.nih.gov/pubmed/30166351	Multitrait genome association analysis identifies new susceptibility genes for human anthropometric variation in the GCAT cohort.	Hair morphology traits	4,988 Spanish ancestry individuals	NA	15q13.1	15	28120472	HERC2	HERC2			ENSG00000128731			rs12913832-?	rs12913832	0	12913832	intron_variant	0	NR	1E-52	52.0	(Hair color (blond))	1.6129291	[1.41-1.82] unit increase	Illumina [9499600] (imputed)	N	coat/hair morphology trait, strand of hair color	http://purl.obolibrary.org/obo/OBA_VT0000367, http://purl.obolibrary.org/obo/OBA_0002313	GCST007486	Genome-wide genotyping array
2019-04-03	30166351	Galvan-Femenia I	2018-08-30	J Med Genet	www.ncbi.nlm.nih.gov/pubmed/30166351	Multitrait genome association analysis identifies new susceptibility genes for human anthropometric variation in the GCAT cohort.	Hair morphology traits	4,988 Spanish ancestry individuals	NA	5p13.2	5	33952001	SLC45A2	SLC45A2			ENSG00000164175			rs185146-?	rs185146	0	185146	intron_variant	0	NR	8E-10	9.096910013008056	(Hair color (blond))	1.6332735	[1.1-2.16] unit decrease	Illumina [9499600] (imputed)	N	coat/hair morphology trait, strand of hair color	http://purl.obolibrary.org/obo/OBA_VT0000367, http://purl.obolibrary.org/obo/OBA_0002313	GCST007486	Genome-wide genotyping array
2019-04-03	30166351	Galvan-Femenia I	2018-08-30	J Med Genet	www.ncbi.nlm.nih.gov/pubmed/30166351	Multitrait genome association analysis identifies new susceptibility genes for human anthropometric variation in the GCAT cohort.	Hair morphology traits	4,988 Spanish ancestry individuals	NA	6p25.3	6	396321	IRF4	IRF4			ENSG00000137265			rs12203592-?	rs12203592	0	12203592	intron_variant	0	NR	1E-27	27.0	(Hair color (brown))	0.71931726	[0.59-0.85] unit decrease	Illumina [9499600] (imputed)	N	coat/hair morphology trait, strand of hair color	http://purl.obolibrary.org/obo/OBA_VT0000367, http://purl.obolibrary.org/obo/OBA_0002313	GCST007486	Genome-wide genotyping array
2019-04-03	30166351	Galvan-Femenia I	2018-08-30	J Med Genet	www.ncbi.nlm.nih.gov/pubmed/30166351	Multitrait genome association analysis identifies new susceptibility genes for human anthropometric variation in the GCAT cohort.	Hair morphology traits	4,988 Spanish ancestry individuals	NA	5p13.2	5	33951588	SLC45A2	SLC45A2			ENSG00000164175			rs16891982-?	rs16891982	0	16891982	missense_variant	0	NR	6E-21	20.221848749616356	(Hair color (brown))	0.6206701	[0.49-0.75] unit decrease	Illumina [9499600] (imputed)	N	coat/hair morphology trait, strand of hair color	http://purl.obolibrary.org/obo/OBA_VT0000367, http://purl.obolibrary.org/obo/OBA_0002313	GCST007486	Genome-wide genotyping array
2019-04-03	30166351	Galvan-Femenia I	2018-08-30	J Med Genet	www.ncbi.nlm.nih.gov/pubmed/30166351	Multitrait genome association analysis identifies new susceptibility genes for human anthropometric variation in the GCAT cohort.	Hair morphology traits	4,988 Spanish ancestry individuals	NA	16q24.3	16	89752324	FANCA	FANCA			ENSG00000187741			rs12931267-?	rs12931267	0	12931267	intron_variant	0	NR	3E-11	10.522878745280337	(Hair color (light))	1.3204051	[0.97-1.67] unit increase	Illumina [9499600] (imputed)	N	coat/hair morphology trait, strand of hair color	http://purl.obolibrary.org/obo/OBA_VT0000367, http://purl.obolibrary.org/obo/OBA_0002313	GCST007486	Genome-wide genotyping array
2019-04-03	30166351	Galvan-Femenia I	2018-08-30	J Med Genet	www.ncbi.nlm.nih.gov/pubmed/30166351	Multitrait genome association analysis identifies new susceptibility genes for human anthropometric variation in the GCAT cohort.	Hair morphology traits	4,988 Spanish ancestry individuals	NA	15q13.1	15	28111713	HERC2	HERC2			ENSG00000128731			rs1129038-?	rs1129038	0	1129038	3_prime_UTR_variant	0	NR	6E-49	48.221848749616356	(Hair color (light))	1.4185499	[1.23-1.61] unit increase	Illumina [9499600] (imputed)	N	coat/hair morphology trait, strand of hair color	http://purl.obolibrary.org/obo/OBA_VT0000367, http://purl.obolibrary.org/obo/OBA_0002313	GCST007486	Genome-wide genotyping array
2019-04-03	30166351	Galvan-Femenia I	2018-08-30	J Med Genet	www.ncbi.nlm.nih.gov/pubmed/30166351	Multitrait genome association analysis identifies new susceptibility genes for human anthropometric variation in the GCAT cohort.	Hair morphology traits	4,988 Spanish ancestry individuals	NA	15q13.1	15	28288419	HERC2	HERC2			ENSG00000128731			rs1667392-?	rs1667392	0	1667392	intron_variant	0	NR	7E-38	37.15490195998574	(Hair color (light))	1.2948569	[1.1-1.49] unit increase	Illumina [9499600] (imputed)	N	coat/hair morphology trait, strand of hair color	http://purl.obolibrary.org/obo/OBA_VT0000367, http://purl.obolibrary.org/obo/OBA_0002313	GCST007486	Genome-wide genotyping array
2019-04-03	30166351	Galvan-Femenia I	2018-08-30	J Med Genet	www.ncbi.nlm.nih.gov/pubmed/30166351	Multitrait genome association analysis identifies new susceptibility genes for human anthropometric variation in the GCAT cohort.	Hair morphology traits	4,988 Spanish ancestry individuals	NA	16q24.3	16	89919709	MC1R	MC1R			ENSG00000258839			rs1805007-?	rs1805007	0	1805007	missense_variant	0	NR	5E-14	13.301029995663981	(Hair color (light))	1.4697623	[1.13-1.81] unit increase	Illumina [9499600] (imputed)	N	coat/hair morphology trait, strand of hair color	http://purl.obolibrary.org/obo/OBA_VT0000367, http://purl.obolibrary.org/obo/OBA_0002313	GCST007486	Genome-wide genotyping array
2019-04-03	30166351	Galvan-Femenia I	2018-08-30	J Med Genet	www.ncbi.nlm.nih.gov/pubmed/30166351	Multitrait genome association analysis identifies new susceptibility genes for human anthropometric variation in the GCAT cohort.	Hair morphology traits	4,988 Spanish ancestry individuals	NA	5p13.2	5	33951588	SLC45A2	SLC45A2			ENSG00000164175			rs16891982-?	rs16891982	0	16891982	missense_variant	0	NR	2E-9	8.698970004336019	(Hair color (light))	1.2450397	[0.84-1.65] unit decrease	Illumina [9499600] (imputed)	N	coat/hair morphology trait, strand of hair color	http://purl.obolibrary.org/obo/OBA_VT0000367, http://purl.obolibrary.org/obo/OBA_0002313	GCST007486	Genome-wide genotyping array
2019-04-03	30166351	Galvan-Femenia I	2018-08-30	J Med Genet	www.ncbi.nlm.nih.gov/pubmed/30166351	Multitrait genome association analysis identifies new susceptibility genes for human anthropometric variation in the GCAT cohort.	Hair morphology traits	4,988 Spanish ancestry individuals	NA	16q24.3	16	89752324	FANCA	FANCA			ENSG00000187741			rs12931267-?	rs12931267	0	12931267	intron_variant	0	NR	4E-18	17.397940008672037	(Hair color (red))	3.2180824	[2.61-3.83] unit increase	Illumina [9499600] (imputed)	N	coat/hair morphology trait, strand of hair color	http://purl.obolibrary.org/obo/OBA_VT0000367, http://purl.obolibrary.org/obo/OBA_0002313	GCST007486	Genome-wide genotyping array
2019-04-03	30166351	Galvan-Femenia I	2018-08-30	J Med Genet	www.ncbi.nlm.nih.gov/pubmed/30166351	Multitrait genome association analysis identifies new susceptibility genes for human anthropometric variation in the GCAT cohort.	Hair morphology traits	4,988 Spanish ancestry individuals	NA	16q24.3	16	89919709	MC1R	MC1R			ENSG00000258839			rs1805007-?	rs1805007	0	1805007	missense_variant	0	NR	8E-22	21.096910013008056	(Hair color (red))	3.6156182	[2.97-4.26] unit increase	Illumina [9499600] (imputed)	N	coat/hair morphology trait, strand of hair color	http://purl.obolibrary.org/obo/OBA_VT0000367, http://purl.obolibrary.org/obo/OBA_0002313	GCST007486	Genome-wide genotyping array
2019-04-03	30166351	Galvan-Femenia I	2018-08-30	J Med Genet	www.ncbi.nlm.nih.gov/pubmed/30166351	Multitrait genome association analysis identifies new susceptibility genes for human anthropometric variation in the GCAT cohort.	Hair morphology traits	4,988 Spanish ancestry individuals	NA	16q24.3	16	89558819	SPG7, RPL13	SPG7 - RPL13	ENSG00000197912	ENSG00000167526		1053	1818	rs67689854-?	rs67689854	0	67689854	intergenic_variant	1	NR	8E-11	10.096910013008056	(Hair color (red))	2.2847793	[1.74-2.83] unit increase	Illumina [9499600] (imputed)	N	coat/hair morphology trait, strand of hair color	http://purl.obolibrary.org/obo/OBA_VT0000367, http://purl.obolibrary.org/obo/OBA_0002313	GCST007486	Genome-wide genotyping array
2019-04-03	30166351	Galvan-Femenia I	2018-08-30	J Med Genet	www.ncbi.nlm.nih.gov/pubmed/30166351	Multitrait genome association analysis identifies new susceptibility genes for human anthropometric variation in the GCAT cohort.	Hair morphology traits	4,988 Spanish ancestry individuals	NA	16q24.3	16	89752324	FANCA	FANCA			ENSG00000187741			rs12931267-?	rs12931267	0	12931267	intron_variant	0	NR	3E-9	8.522878745280337	(Hair color phototype score)	1.601	[1.07-2.13] unit decrease	Illumina [9499600] (imputed)	N	coat/hair morphology trait, strand of hair color	http://purl.obolibrary.org/obo/OBA_VT0000367, http://purl.obolibrary.org/obo/OBA_0002313	GCST007486	Genome-wide genotyping array
2019-04-03	30166351	Galvan-Femenia I	2018-08-30	J Med Genet	www.ncbi.nlm.nih.gov/pubmed/30166351	Multitrait genome association analysis identifies new susceptibility genes for human anthropometric variation in the GCAT cohort.	Hair morphology traits	4,988 Spanish ancestry individuals	NA	15q13.1	15	28288419	HERC2	HERC2			ENSG00000128731			rs1667392-?	rs1667392	0	1667392	intron_variant	0	NR	9E-63	62.045757490560675	(Hair color phototype score)	1.549	[1.37-1.73] unit decrease	Illumina [9499600] (imputed)	N	coat/hair morphology trait, strand of hair color	http://purl.obolibrary.org/obo/OBA_VT0000367, http://purl.obolibrary.org/obo/OBA_0002313	GCST007486	Genome-wide genotyping array
2019-04-03	30166351	Galvan-Femenia I	2018-08-30	J Med Genet	www.ncbi.nlm.nih.gov/pubmed/30166351	Multitrait genome association analysis identifies new susceptibility genes for human anthropometric variation in the GCAT cohort.	Hair morphology traits	4,988 Spanish ancestry individuals	NA	15q13.1	15	28120472	HERC2	HERC2			ENSG00000128731			rs12913832-?	rs12913832	0	12913832	intron_variant	0	NR	7E-79	78.15490195998575	(Hair color phototype score)	1.602	[1.44-1.77] unit decrease	Illumina [9499600] (imputed)	N	coat/hair morphology trait, strand of hair color	http://purl.obolibrary.org/obo/OBA_VT0000367, http://purl.obolibrary.org/obo/OBA_0002313	GCST007486	Genome-wide genotyping array
2019-04-03	30166351	Galvan-Femenia I	2018-08-30	J Med Genet	www.ncbi.nlm.nih.gov/pubmed/30166351	Multitrait genome association analysis identifies new susceptibility genes for human anthropometric variation in the GCAT cohort.	Hair morphology traits	4,988 Spanish ancestry individuals	NA	6p25.3	6	396321	IRF4	IRF4			ENSG00000137265			rs12203592-?	rs12203592	0	12203592	intron_variant	0	NR	3E-57	56.52287874528034	(Hair color phototype score)	1.915	[1.68-2.15] unit increase	Illumina [9499600] (imputed)	N	coat/hair morphology trait, strand of hair color	http://purl.obolibrary.org/obo/OBA_VT0000367, http://purl.obolibrary.org/obo/OBA_0002313	GCST007486	Genome-wide genotyping array
2019-04-03	30166351	Galvan-Femenia I	2018-08-30	J Med Genet	www.ncbi.nlm.nih.gov/pubmed/30166351	Multitrait genome association analysis identifies new susceptibility genes for human anthropometric variation in the GCAT cohort.	Hair morphology traits	4,988 Spanish ancestry individuals	NA	16q24.3	16	89919709	MC1R	MC1R			ENSG00000258839			rs1805007-?	rs1805007	0	1805007	missense_variant	0	NR	7E-11	10.154901959985743	(Hair color phototype score)	1.782	[1.25-2.32] unit decrease	Illumina [9499600] (imputed)	N	coat/hair morphology trait, strand of hair color	http://purl.obolibrary.org/obo/OBA_VT0000367, http://purl.obolibrary.org/obo/OBA_0002313	GCST007486	Genome-wide genotyping array
2019-04-03	30166351	Galvan-Femenia I	2018-08-30	J Med Genet	www.ncbi.nlm.nih.gov/pubmed/30166351	Multitrait genome association analysis identifies new susceptibility genes for human anthropometric variation in the GCAT cohort.	Hair morphology traits	4,988 Spanish ancestry individuals	NA	5p13.2	5	33951588	SLC45A2	SLC45A2			ENSG00000164175			rs16891982-?	rs16891982	0	16891982	missense_variant	0	NR	1E-70	70.0	(Hair color phototype score)	2.145	[1.91-2.38] unit increase	Illumina [9499600] (imputed)	N	coat/hair morphology trait, strand of hair color	http://purl.obolibrary.org/obo/OBA_VT0000367, http://purl.obolibrary.org/obo/OBA_0002313	GCST007486	Genome-wide genotyping array
2019-04-03	30166351	Galvan-Femenia I	2018-08-30	J Med Genet	www.ncbi.nlm.nih.gov/pubmed/30166351	Multitrait genome association analysis identifies new susceptibility genes for human anthropometric variation in the GCAT cohort.	Hair morphology traits	4,988 Spanish ancestry individuals	NA	17q25.3	17	81639794	TSPAN10	NPLOC4, TSPAN10			ENSG00000182446, ENSG00000182612			rs9747347-?	rs9747347	0	9747347	intron_variant	0	NR	2E-9	8.698970004336019	(Hair color phototype score)	0.5263	[0.36-0.7] unit decrease	Illumina [9499600] (imputed)	N	coat/hair morphology trait, strand of hair color	http://purl.obolibrary.org/obo/OBA_VT0000367, http://purl.obolibrary.org/obo/OBA_0002313	GCST007486	Genome-wide genotyping array
2019-04-03	30166351	Galvan-Femenia I	2018-08-30	J Med Genet	www.ncbi.nlm.nih.gov/pubmed/30166351	Multitrait genome association analysis identifies new susceptibility genes for human anthropometric variation in the GCAT cohort.	Hair morphology traits	4,988 Spanish ancestry individuals	NA	16q24.3	16	89752324	FANCA	FANCA			ENSG00000187741			rs12931267-?	rs12931267	0	12931267	intron_variant	0	NR	2E-17	16.69897000433602	(Hair color)	0.4416	[0.34-0.54] unit increase	Illumina [9499600] (imputed)	N	coat/hair morphology trait, strand of hair color	http://purl.obolibrary.org/obo/OBA_VT0000367, http://purl.obolibrary.org/obo/OBA_0002313	GCST007486	Genome-wide genotyping array
2019-04-03	30166351	Galvan-Femenia I	2018-08-30	J Med Genet	www.ncbi.nlm.nih.gov/pubmed/30166351	Multitrait genome association analysis identifies new susceptibility genes for human anthropometric variation in the GCAT cohort.	Hair morphology traits	4,988 Spanish ancestry individuals	NA	15q13.1	15	28288419	HERC2	HERC2			ENSG00000128731			rs1667392-?	rs1667392	0	1667392	intron_variant	0	NR	1E-78	78.0	(Hair color)	0.3348	[0.3-0.37] unit increase	Illumina [9499600] (imputed)	N	coat/hair morphology trait, strand of hair color	http://purl.obolibrary.org/obo/OBA_VT0000367, http://purl.obolibrary.org/obo/OBA_0002313	GCST007486	Genome-wide genotyping array
2019-04-03	30166351	Galvan-Femenia I	2018-08-30	J Med Genet	www.ncbi.nlm.nih.gov/pubmed/30166351	Multitrait genome association analysis identifies new susceptibility genes for human anthropometric variation in the GCAT cohort.	Hair morphology traits	4,988 Spanish ancestry individuals	NA	15q13.1	15	28120472	HERC2	HERC2			ENSG00000128731			rs12913832-?	rs12913832	0	12913832	intron_variant	0	NR	2E-101	100.69897000433602	(Hair color)	0.3482	[0.32-0.38] unit increase	Illumina [9499600] (imputed)	N	coat/hair morphology trait, strand of hair color	http://purl.obolibrary.org/obo/OBA_VT0000367, http://purl.obolibrary.org/obo/OBA_0002313	GCST007486	Genome-wide genotyping array
2019-04-03	30166351	Galvan-Femenia I	2018-08-30	J Med Genet	www.ncbi.nlm.nih.gov/pubmed/30166351	Multitrait genome association analysis identifies new susceptibility genes for human anthropometric variation in the GCAT cohort.	Hair morphology traits	4,988 Spanish ancestry individuals	NA	6p25.3	6	396321	IRF4	IRF4			ENSG00000137265			rs12203592-?	rs12203592	0	12203592	intron_variant	0	NR	5E-45	44.30102999566398	(Hair color)	0.3258	[0.28-0.37] unit decrease	Illumina [9499600] (imputed)	N	coat/hair morphology trait, strand of hair color	http://purl.obolibrary.org/obo/OBA_VT0000367, http://purl.obolibrary.org/obo/OBA_0002313	GCST007486	Genome-wide genotyping array
2019-04-03	30166351	Galvan-Femenia I	2018-08-30	J Med Genet	www.ncbi.nlm.nih.gov/pubmed/30166351	Multitrait genome association analysis identifies new susceptibility genes for human anthropometric variation in the GCAT cohort.	Hair morphology traits	4,988 Spanish ancestry individuals	NA	14q32.12	14	92307319	LOC105370627	RNU6-366P - SLC24A4	ENSG00000201097	ENSG00000140090		41512	15262	rs12896399-?	rs12896399	0	12896399	intron_variant	1	NR	3E-8	7.522878745280337	(Hair color)	0.09375	[0.061-0.127] unit increase	Illumina [9499600] (imputed)	N	coat/hair morphology trait, strand of hair color	http://purl.obolibrary.org/obo/OBA_VT0000367, http://purl.obolibrary.org/obo/OBA_0002313	GCST007486	Genome-wide genotyping array
2019-04-03	30166351	Galvan-Femenia I	2018-08-30	J Med Genet	www.ncbi.nlm.nih.gov/pubmed/30166351	Multitrait genome association analysis identifies new susceptibility genes for human anthropometric variation in the GCAT cohort.	Hair morphology traits	4,988 Spanish ancestry individuals	NA	16q24.3	16	89919709	MC1R	MC1R			ENSG00000258839			rs1805007-?	rs1805007	0	1805007	missense_variant	0	NR	1E-21	21.0	(Hair color)	0.5	[0.4-0.6] unit increase	Illumina [9499600] (imputed)	N	coat/hair morphology trait, strand of hair color	http://purl.obolibrary.org/obo/OBA_VT0000367, http://purl.obolibrary.org/obo/OBA_0002313	GCST007486	Genome-wide genotyping array
2019-04-03	30166351	Galvan-Femenia I	2018-08-30	J Med Genet	www.ncbi.nlm.nih.gov/pubmed/30166351	Multitrait genome association analysis identifies new susceptibility genes for human anthropometric variation in the GCAT cohort.	Hair morphology traits	4,988 Spanish ancestry individuals	NA	5p13.2	5	33951588	SLC45A2	SLC45A2			ENSG00000164175			rs16891982-?	rs16891982	0	16891982	missense_variant	0	NR	3E-65	64.52287874528034	(Hair color)	0.3966	[0.35-0.44] unit decrease	Illumina [9499600] (imputed)	N	coat/hair morphology trait, strand of hair color	http://purl.obolibrary.org/obo/OBA_VT0000367, http://purl.obolibrary.org/obo/OBA_0002313	GCST007486	Genome-wide genotyping array
2018-08-13	29662168	Hysi PG	2018-04-16	Nat Genet	www.ncbi.nlm.nih.gov/pubmed/29662168	Genome-wide association meta-analysis of individuals of European ancestry identifies new loci explaining a substantial fraction of hair color variation and heritability.	Hair color	290,891 European ancestry individuals	27,865 European ancestry individuals	1p36.23	1	8147519	SLC45A1	ERRFI1-DT			ENSG00000238290			rs80293268-C	rs80293268	0	80293268	intron_variant	0	0.047	1E-100	100.0		0.171	[0.16-0.18] unit decrease	Affymetrix, Illumina [at least 560000] (imputed)	N	strand of hair color	http://purl.obolibrary.org/obo/OBA_0002313	GCST006075	Genome-wide genotyping array
2018-08-13	29662168	Hysi PG	2018-04-16	Nat Genet	www.ncbi.nlm.nih.gov/pubmed/29662168	Genome-wide association meta-analysis of individuals of European ancestry identifies new loci explaining a substantial fraction of hair color variation and heritability.	Hair color	290,891 European ancestry individuals	27,865 European ancestry individuals	1q32.1	1	205211934	DSTYK	DSTYK - TMCC2	ENSG00000133059	ENSG00000133069		225	15978	rs2369633-T	rs2369633	0	2369633	regulatory_region_variant	1	0.089	6E-61	60.221848749616356		0.074	[0.064-0.084] unit decrease	Affymetrix, Illumina [at least 560000] (imputed)	N	strand of hair color	http://purl.obolibrary.org/obo/OBA_0002313	GCST006075	Genome-wide genotyping array
2018-08-13	29662168	Hysi PG	2018-04-16	Nat Genet	www.ncbi.nlm.nih.gov/pubmed/29662168	Genome-wide association meta-analysis of individuals of European ancestry identifies new loci explaining a substantial fraction of hair color variation and heritability.	Hair color	290,891 European ancestry individuals	27,865 European ancestry individuals	2q36.1	2	221186699	EPHA4	MIR4268 - EPHA4	ENSG00000266518	ENSG00000116106		1280134	231328	rs10169459-T	rs10169459	0	10169459	intergenic_variant	1	0.413	1E-100	100.0		0.058	[0.052-0.064] unit decrease	Affymetrix, Illumina [at least 560000] (imputed)	N	strand of hair color	http://purl.obolibrary.org/obo/OBA_0002313	GCST006075	Genome-wide genotyping array
2018-08-13	29662168	Hysi PG	2018-04-16	Nat Genet	www.ncbi.nlm.nih.gov/pubmed/29662168	Genome-wide association meta-analysis of individuals of European ancestry identifies new loci explaining a substantial fraction of hair color variation and heritability.	Hair color	290,891 European ancestry individuals	27,865 European ancestry individuals	3q23	3	141435700	ZBTB38	ZBTB38			ENSG00000177311			rs6440008-T	rs6440008	0	6440008	intron_variant	0	0.382	5E-54	53.30102999566398		0.043	[0.037-0.049] unit increase	Affymetrix, Illumina [at least 560000] (imputed)	N	strand of hair color	http://purl.obolibrary.org/obo/OBA_0002313	GCST006075	Genome-wide genotyping array
2018-08-13	29662168	Hysi PG	2018-04-16	Nat Genet	www.ncbi.nlm.nih.gov/pubmed/29662168	Genome-wide association meta-analysis of individuals of European ancestry identifies new loci explaining a substantial fraction of hair color variation and heritability.	Hair color	290,891 European ancestry individuals	27,865 European ancestry individuals	5p13.2	5	33951588	SLC45A2	SLC45A2			ENSG00000164175			rs16891982-C	rs16891982	0	16891982	missense_variant	0	0.054	1E-100	100.0		0.436	[0.42-0.45] unit increase	Affymetrix, Illumina [at least 560000] (imputed)	N	strand of hair color	http://purl.obolibrary.org/obo/OBA_0002313	GCST006075	Genome-wide genotyping array
2018-08-13	29662168	Hysi PG	2018-04-16	Nat Genet	www.ncbi.nlm.nih.gov/pubmed/29662168	Genome-wide association meta-analysis of individuals of European ancestry identifies new loci explaining a substantial fraction of hair color variation and heritability.	Hair color	290,891 European ancestry individuals	27,865 European ancestry individuals	6p25.3	6	396321	IRF4	IRF4			ENSG00000137265			rs12203592-T	rs12203592	0	12203592	intron_variant	0	0.212	1E-100	100.0		0.375	[0.37-0.38] unit increase	Affymetrix, Illumina [at least 560000] (imputed)	N	strand of hair color	http://purl.obolibrary.org/obo/OBA_0002313	GCST006075	Genome-wide genotyping array
2018-08-13	29662168	Hysi PG	2018-04-16	Nat Genet	www.ncbi.nlm.nih.gov/pubmed/29662168	Genome-wide association meta-analysis of individuals of European ancestry identifies new loci explaining a substantial fraction of hair color variation and heritability.	Hair color	290,891 European ancestry individuals	27,865 European ancestry individuals	6q25.3	6	158812011	EZR	EZR			ENSG00000092820			rs9347258-T	rs9347258	0	9347258	intron_variant	0	0.497	1E-77	77.0		0.049	[0.043-0.055] unit decrease	Affymetrix, Illumina [at least 560000] (imputed)	N	strand of hair color	http://purl.obolibrary.org/obo/OBA_0002313	GCST006075	Genome-wide genotyping array
2018-08-13	29662168	Hysi PG	2018-04-16	Nat Genet	www.ncbi.nlm.nih.gov/pubmed/29662168	Genome-wide association meta-analysis of individuals of European ancestry identifies new loci explaining a substantial fraction of hair color variation and heritability.	Hair color	290,891 European ancestry individuals	27,865 European ancestry individuals	9p23	9	12730120	TYRP1	LURAP1L-AS1			ENSG00000235448			rs10960765-T	rs10960765	0	10960765	intron_variant	0	0.392	5E-67	66.30102999566398		0.047	[0.041-0.053] unit increase	Affymetrix, Illumina [at least 560000] (imputed)	N	strand of hair color	http://purl.obolibrary.org/obo/OBA_0002313	GCST006075	Genome-wide genotyping array
2018-08-13	29662168	Hysi PG	2018-04-16	Nat Genet	www.ncbi.nlm.nih.gov/pubmed/29662168	Genome-wide association meta-analysis of individuals of European ancestry identifies new loci explaining a substantial fraction of hair color variation and heritability.	Hair color	290,891 European ancestry individuals	27,865 European ancestry individuals	9p22.2	9	16885019	BNC2	BNC2 - RN7SL720P	ENSG00000173068	ENSG00000241152		14117	168882	rs12350739-A	rs12350739	0	12350739	TF_binding_site_variant	1	0.402	2E-44	43.69897000433602		0.038	[0.032-0.044] unit decrease	Affymetrix, Illumina [at least 560000] (imputed)	N	strand of hair color	http://purl.obolibrary.org/obo/OBA_0002313	GCST006075	Genome-wide genotyping array
2018-08-13	29662168	Hysi PG	2018-04-16	Nat Genet	www.ncbi.nlm.nih.gov/pubmed/29662168	Genome-wide association meta-analysis of individuals of European ancestry identifies new loci explaining a substantial fraction of hair color variation and heritability.	Hair color	290,891 European ancestry individuals	27,865 European ancestry individuals	9q33.3	9	124045727	LHX2	LHX2 - NEK6	ENSG00000106689	ENSG00000119408		12426	211879	rs58979150-T	rs58979150	0	58979150	intron_variant	1	0.108	8E-92	91.09691001300806		0.085	[0.077-0.093] unit increase	Affymetrix, Illumina [at least 560000] (imputed)	N	strand of hair color	http://purl.obolibrary.org/obo/OBA_0002313	GCST006075	Genome-wide genotyping array
2018-08-13	29662168	Hysi PG	2018-04-16	Nat Genet	www.ncbi.nlm.nih.gov/pubmed/29662168	Genome-wide association meta-analysis of individuals of European ancestry identifies new loci explaining a substantial fraction of hair color variation and heritability.	Hair color	290,891 European ancestry individuals	27,865 European ancestry individuals	11p15.4	11	7522288	PPFIBP2	PPFIBP2			ENSG00000166387			rs11041426-A	rs11041426	0	11041426	intron_variant	0	0.377	3E-37	36.52287874528034		0.035	[0.029-0.041] unit decrease	Affymetrix, Illumina [at least 560000] (imputed)	N	strand of hair color	http://purl.obolibrary.org/obo/OBA_0002313	GCST006075	Genome-wide genotyping array
2018-08-13	29662168	Hysi PG	2018-04-16	Nat Genet	www.ncbi.nlm.nih.gov/pubmed/29662168	Genome-wide association meta-analysis of individuals of European ancestry identifies new loci explaining a substantial fraction of hair color variation and heritability.	Hair color	290,891 European ancestry individuals	27,865 European ancestry individuals	11q13.3	11	69049973	TPCN2	TPCN2			ENSG00000162341			rs72917317-T	rs72917317	0	72917317	intron_variant	0	0.097	1E-100	100.0		0.176	[0.17-0.18] unit increase	Affymetrix, Illumina [at least 560000] (imputed)	N	strand of hair color	http://purl.obolibrary.org/obo/OBA_0002313	GCST006075	Genome-wide genotyping array
2018-08-13	29662168	Hysi PG	2018-04-16	Nat Genet	www.ncbi.nlm.nih.gov/pubmed/29662168	Genome-wide association meta-analysis of individuals of European ancestry identifies new loci explaining a substantial fraction of hair color variation and heritability.	Hair color	290,891 European ancestry individuals	27,865 European ancestry individuals	11q14.1	11	78420362	GAB2	GAB2 - LINC02728	ENSG00000033327	ENSG00000251323		2014	3620	rs10899501-T	rs10899501	0	10899501	intron_variant	1	0.172	6E-44	43.221848749616356		0.049	[0.041-0.057] unit increase	Affymetrix, Illumina [at least 560000] (imputed)	N	strand of hair color	http://purl.obolibrary.org/obo/OBA_0002313	GCST006075	Genome-wide genotyping array
2018-08-13	29662168	Hysi PG	2018-04-16	Nat Genet	www.ncbi.nlm.nih.gov/pubmed/29662168	Genome-wide association meta-analysis of individuals of European ancestry identifies new loci explaining a substantial fraction of hair color variation and heritability.	Hair color	290,891 European ancestry individuals	27,865 European ancestry individuals	11q14.3	11	89178528	TYR	TYR			ENSG00000077498			rs1042602-A	rs1042602	0	1042602	missense_variant	0	0.356	1E-100	100.0		0.065	[0.059-0.071] unit decrease	Affymetrix, Illumina [at least 560000] (imputed)	N	strand of hair color	http://purl.obolibrary.org/obo/OBA_0002313	GCST006075	Genome-wide genotyping array
2018-08-13	29662168	Hysi PG	2018-04-16	Nat Genet	www.ncbi.nlm.nih.gov/pubmed/29662168	Genome-wide association meta-analysis of individuals of European ancestry identifies new loci explaining a substantial fraction of hair color variation and heritability.	Hair color	290,891 European ancestry individuals	27,865 European ancestry individuals	12q21.33	12	88934558	KITLG	RNU1-117P - LINC02458	ENSG00000252850	ENSG00000246363		352762	76123	rs12821256-T	rs12821256	0	12821256	regulatory_region_variant	1	0.112	1E-100	100.0		0.197	[0.19-0.2] unit increase	Affymetrix, Illumina [at least 560000] (imputed)	N	strand of hair color	http://purl.obolibrary.org/obo/OBA_0002313	GCST006075	Genome-wide genotyping array
2018-08-13	29662168	Hysi PG	2018-04-16	Nat Genet	www.ncbi.nlm.nih.gov/pubmed/29662168	Genome-wide association meta-analysis of individuals of European ancestry identifies new loci explaining a substantial fraction of hair color variation and heritability.	Hair color	290,891 European ancestry individuals	27,865 European ancestry individuals	13q22.3	13	77817622	EDNRB	EDNRB-AS1			ENSG00000225579			rs1279403-T	rs1279403	0	1279403	intron_variant	0	0.406	1E-100	100.0		0.079	[0.073-0.085] unit decrease	Affymetrix, Illumina [at least 560000] (imputed)	N	strand of hair color	http://purl.obolibrary.org/obo/OBA_0002313	GCST006075	Genome-wide genotyping array
2018-08-13	29662168	Hysi PG	2018-04-16	Nat Genet	www.ncbi.nlm.nih.gov/pubmed/29662168	Genome-wide association meta-analysis of individuals of European ancestry identifies new loci explaining a substantial fraction of hair color variation and heritability.	Hair color	290,891 European ancestry individuals	27,865 European ancestry individuals	13q32.1	13	94510108	DCT	DCT - TGDS	ENSG00000080166	ENSG00000088451		30426	63946	rs717769-T	rs717769	0	717769	intron_variant	1	0.338	6E-68	67.22184874961636		0.048	[0.042-0.054] unit increase	Affymetrix, Illumina [at least 560000] (imputed)	N	strand of hair color	http://purl.obolibrary.org/obo/OBA_0002313	GCST006075	Genome-wide genotyping array
2018-08-13	29662168	Hysi PG	2018-04-16	Nat Genet	www.ncbi.nlm.nih.gov/pubmed/29662168	Genome-wide association meta-analysis of individuals of European ancestry identifies new loci explaining a substantial fraction of hair color variation and heritability.	Hair color	290,891 European ancestry individuals	27,865 European ancestry individuals	14q23.1	14	60303979	PPM1A	PPM1A - LINC02322	ENSG00000100614	ENSG00000258556		4890	711	rs34813910-D	rs34813910	0	34813910	intergenic_variant	1	0.351	3E-18	17.522878745280337		0.024	[0.018-0.03] unit increase	Affymetrix, Illumina [at least 560000] (imputed)	N	strand of hair color	http://purl.obolibrary.org/obo/OBA_0002313	GCST006075	Genome-wide genotyping array
2018-08-13	29662168	Hysi PG	2018-04-16	Nat Genet	www.ncbi.nlm.nih.gov/pubmed/29662168	Genome-wide association meta-analysis of individuals of European ancestry identifies new loci explaining a substantial fraction of hair color variation and heritability.	Hair color	290,891 European ancestry individuals	27,865 European ancestry individuals	14q32.12	14	92314043	SLC24A4	RNU6-366P - SLC24A4	ENSG00000201097	ENSG00000140090		48236	8538	rs17184180-A	rs17184180	0	17184180	intron_variant	1	0.442	1E-100	100.0		0.181	[0.18-0.19] unit decrease	Affymetrix, Illumina [at least 560000] (imputed)	N	strand of hair color	http://purl.obolibrary.org/obo/OBA_0002313	GCST006075	Genome-wide genotyping array
2018-08-13	29662168	Hysi PG	2018-04-16	Nat Genet	www.ncbi.nlm.nih.gov/pubmed/29662168	Genome-wide association meta-analysis of individuals of European ancestry identifies new loci explaining a substantial fraction of hair color variation and heritability.	Hair color	290,891 European ancestry individuals	27,865 European ancestry individuals	15q13.1	15	28120472	HERC2	HERC2			ENSG00000128731			rs12913832-A	rs12913832	0	12913832	intron_variant	0	0.246	1E-100	100.0		0.499	[0.49-0.5] unit increase	Affymetrix, Illumina [at least 560000] (imputed)	N	strand of hair color	http://purl.obolibrary.org/obo/OBA_0002313	GCST006075	Genome-wide genotyping array
2018-08-13	29662168	Hysi PG	2018-04-16	Nat Genet	www.ncbi.nlm.nih.gov/pubmed/29662168	Genome-wide association meta-analysis of individuals of European ancestry identifies new loci explaining a substantial fraction of hair color variation and heritability.	Hair color	290,891 European ancestry individuals	27,865 European ancestry individuals	16q24.3	16	89919709	MC1R	MC1R			ENSG00000258839			rs1805007-T	rs1805007	0	1805007	missense_variant	0	0.1	1E-100	100.0		0.356	[0.35-0.37] unit decrease	Affymetrix, Illumina [at least 560000] (imputed)	N	strand of hair color	http://purl.obolibrary.org/obo/OBA_0002313	GCST006075	Genome-wide genotyping array
2018-08-13	29662168	Hysi PG	2018-04-16	Nat Genet	www.ncbi.nlm.nih.gov/pubmed/29662168	Genome-wide association meta-analysis of individuals of European ancestry identifies new loci explaining a substantial fraction of hair color variation and heritability.	Hair color	290,891 European ancestry individuals	27,865 European ancestry individuals	17q21.32	17	47871586	SP2, SP6	SP6 - SP2-AS1	ENSG00000189120	ENSG00000234494		15712	2341	rs72833466-A	rs72833466	0	72833466	intergenic_variant	1	0.268	4E-90	89.39794000867204		0.06	[0.054-0.066] unit decrease	Affymetrix, Illumina [at least 560000] (imputed)	N	strand of hair color	http://purl.obolibrary.org/obo/OBA_0002313	GCST006075	Genome-wide genotyping array
2018-08-13	29662168	Hysi PG	2018-04-16	Nat Genet	www.ncbi.nlm.nih.gov/pubmed/29662168	Genome-wide association meta-analysis of individuals of European ancestry identifies new loci explaining a substantial fraction of hair color variation and heritability.	Hair color	290,891 European ancestry individuals	27,865 European ancestry individuals	20q11.22	20	34077942	RALY	RALY			ENSG00000125970			rs6059655-A	rs6059655	0	6059655	intron_variant	0	0.1	1E-100	100.0		0.182	[0.17-0.19] unit decrease	Affymetrix, Illumina [at least 560000] (imputed)	N	strand of hair color	http://purl.obolibrary.org/obo/OBA_0002313	GCST006075	Genome-wide genotyping array
2018-08-13	29662168	Hysi PG	2018-04-16	Nat Genet	www.ncbi.nlm.nih.gov/pubmed/29662168	Genome-wide association meta-analysis of individuals of European ancestry identifies new loci explaining a substantial fraction of hair color variation and heritability.	Hair color	290,891 European ancestry individuals	27,865 European ancestry individuals	20q13.2	20	54044529	BCAS1	BCAS1			ENSG00000064787			rs73132911-T	rs73132911	0	73132911	intron_variant	0	0.046	7E-27	26.154901959985743		0.064	[0.052-0.076] unit increase	Affymetrix, Illumina [at least 560000] (imputed)	N	strand of hair color	http://purl.obolibrary.org/obo/OBA_0002313	GCST006075	Genome-wide genotyping array
2019-01-29	30531825	Morgan MD	2018-12-10	Nat Commun	www.ncbi.nlm.nih.gov/pubmed/30531825	Genome-wide study of hair colour in UK Biobank explains most of the SNP heritability.	Red vs. brown/black hair color	15,731 British ancestry red hair individuals, 283,920 British ancestry brown or black hair individuals	NA	16q24.3	16	89928508	TUBB3	TUBB3			ENSG00000258947			rs4586434-?	rs4586434	0	4586434	intron_variant	0	0.7094	4E-8	7.3979400086720375		2.8328614	NR	Affymetrix [9154080] (imputed)	N	hair color	http://www.ebi.ac.uk/efo/EFO_0003924	GCST006986	Genome-wide genotyping array
2019-01-29	30531825	Morgan MD	2018-12-10	Nat Commun	www.ncbi.nlm.nih.gov/pubmed/30531825	Genome-wide study of hair colour in UK Biobank explains most of the SNP heritability.	Red vs. brown/black hair color	15,731 British ancestry red hair individuals, 283,920 British ancestry brown or black hair individuals	NA	16q24.3	16	89906124	TCF25	TCF25			ENSG00000141002			rs11862382-?	rs11862382	0	11862382	intron_variant	0	0.8669	3E-13	12.522878745280337		2.7932959	NR	Affymetrix [9154080] (imputed)	N	hair color	http://www.ebi.ac.uk/efo/EFO_0003924	GCST006986	Genome-wide genotyping array
2019-01-29	30531825	Morgan MD	2018-12-10	Nat Commun	www.ncbi.nlm.nih.gov/pubmed/30531825	Genome-wide study of hair colour in UK Biobank explains most of the SNP heritability.	Red vs. brown/black hair color	15,731 British ancestry red hair individuals, 283,920 British ancestry brown or black hair individuals	NA	16q24.3	16	89917146	MC1R	MC1R			ENSG00000258839			rs3212350-?	rs3212350	0	3212350	intron_variant	0	0.581	1E-41	41.0		2.252252	NR	Affymetrix [9154080] (imputed)	N	hair color	http://www.ebi.ac.uk/efo/EFO_0003924	GCST006986	Genome-wide genotyping array
2019-01-29	30531825	Morgan MD	2018-12-10	Nat Commun	www.ncbi.nlm.nih.gov/pubmed/30531825	Genome-wide study of hair colour in UK Biobank explains most of the SNP heritability.	Red vs. brown/black hair color	15,731 British ancestry red hair individuals, 283,920 British ancestry brown or black hair individuals	NA	16q24.3	16	89963252	DEF8	DEF8			ENSG00000140995			rs115841388-?	rs115841388	0	115841388	intron_variant	0	0.93218	4E-25	24.397940008672037		2.1767523	NR	Affymetrix [9154080] (imputed)	N	hair color	http://www.ebi.ac.uk/efo/EFO_0003924	GCST006986	Genome-wide genotyping array
2019-01-29	30531825	Morgan MD	2018-12-10	Nat Commun	www.ncbi.nlm.nih.gov/pubmed/30531825	Genome-wide study of hair colour in UK Biobank explains most of the SNP heritability.	Red vs. brown/black hair color	15,731 British ancestry red hair individuals, 283,920 British ancestry brown or black hair individuals	NA	16q24.3	16	89846600	SPIRE2	SPIRE2			ENSG00000204991			rs12051519-?	rs12051519	0	12051519	intron_variant	0	0.92135	3E-11	10.522878745280337		1.7721071	NR	Affymetrix [9154080] (imputed)	N	hair color	http://www.ebi.ac.uk/efo/EFO_0003924	GCST006986	Genome-wide genotyping array
2019-01-29	30531825	Morgan MD	2018-12-10	Nat Commun	www.ncbi.nlm.nih.gov/pubmed/30531825	Genome-wide study of hair colour in UK Biobank explains most of the SNP heritability.	Red vs. brown/black hair color	15,731 British ancestry red hair individuals, 283,920 British ancestry brown or black hair individuals	NA	16q24.3	16	89751857	FANCA	FANCA			ENSG00000187741			rs11646910-?	rs11646910	0	11646910	intron_variant	0	0.8955	2E-12	11.698970004336019		1.5654352	NR	Affymetrix [9154080] (imputed)	N	hair color	http://www.ebi.ac.uk/efo/EFO_0003924	GCST006986	Genome-wide genotyping array
2019-01-29	30531825	Morgan MD	2018-12-10	Nat Commun	www.ncbi.nlm.nih.gov/pubmed/30531825	Genome-wide study of hair colour in UK Biobank explains most of the SNP heritability.	Red vs. brown/black hair color	15,731 British ancestry red hair individuals, 283,920 British ancestry brown or black hair individuals	NA	15q13.1	15	28111713	HERC2	HERC2			ENSG00000128731			rs1129038-?	rs1129038	0	1129038	3_prime_UTR_variant	0	0.7842	3E-113	112.52287874528034		1.4060742	NR	Affymetrix [9154080] (imputed)	N	hair color	http://www.ebi.ac.uk/efo/EFO_0003924	GCST006986	Genome-wide genotyping array
2019-01-29	30531825	Morgan MD	2018-12-10	Nat Commun	www.ncbi.nlm.nih.gov/pubmed/30531825	Genome-wide study of hair colour in UK Biobank explains most of the SNP heritability.	Red vs. brown/black hair color	15,731 British ancestry red hair individuals, 283,920 British ancestry brown or black hair individuals	NA	6p12.2	6	51857895	PKHD1	PKHD1			ENSG00000170927			rs9463733-?	rs9463733	0	9463733	intron_variant	0	0.6805	3E-28	27.522878745280337		1.1516757	NR	Affymetrix [9154080] (imputed)	N	hair color	http://www.ebi.ac.uk/efo/EFO_0003924	GCST006986	Genome-wide genotyping array
2019-01-29	30531825	Morgan MD	2018-12-10	Nat Commun	www.ncbi.nlm.nih.gov/pubmed/30531825	Genome-wide study of hair colour in UK Biobank explains most of the SNP heritability.	Red vs. brown/black hair color	15,731 British ancestry red hair individuals, 283,920 British ancestry brown or black hair individuals	NA	2p23.3	2	25170519	POMC	POMC - LINC01381	ENSG00000115138	ENSG00000230452		1616	33794	rs76645364-?	rs76645364	0	76645364	intergenic_variant	1	0.8164	1E-10	10.0		1.1049724	NR	Affymetrix [9154080] (imputed)	N	hair color	http://www.ebi.ac.uk/efo/EFO_0003924	GCST006986	Genome-wide genotyping array
2019-01-29	30531825	Morgan MD	2018-12-10	Nat Commun	www.ncbi.nlm.nih.gov/pubmed/30531825	Genome-wide study of hair colour in UK Biobank explains most of the SNP heritability.	Red vs. brown/black hair color	15,731 British ancestry red hair individuals, 283,920 British ancestry brown or black hair individuals	NA	21q22.3	21	43373568	SIK1	LINC01679 - SIK1	ENSG00000237989	ENSG00000142178		8238	40915	rs672948-A	rs672948	0	672948	regulatory_region_variant	1	0.4145	1E-8	8.0		1.07	NR	Affymetrix [9154080] (imputed)	N	hair color	http://www.ebi.ac.uk/efo/EFO_0003924	GCST006986	Genome-wide genotyping array
2019-01-29	30531825	Morgan MD	2018-12-10	Nat Commun	www.ncbi.nlm.nih.gov/pubmed/30531825	Genome-wide study of hair colour in UK Biobank explains most of the SNP heritability.	Red vs. brown/black hair color	15,731 British ancestry red hair individuals, 283,920 British ancestry brown or black hair individuals	NA	11q13.3	11	69572687	ORAOV1	LINC01488 - PNCRNA-D	ENSG00000285094	ENSG00000298300		77735	66447	rs638640-C	rs638640	0	638640	intergenic_variant	1	0.34	6E-10	9.221848749616356		1.078	NR	Affymetrix [9154080] (imputed)	N	hair color	http://www.ebi.ac.uk/efo/EFO_0003924	GCST006986	Genome-wide genotyping array
2019-01-29	30531825	Morgan MD	2018-12-10	Nat Commun	www.ncbi.nlm.nih.gov/pubmed/30531825	Genome-wide study of hair colour in UK Biobank explains most of the SNP heritability.	Red vs. brown/black hair color	15,731 British ancestry red hair individuals, 283,920 British ancestry brown or black hair individuals	NA	17q25.3	17	81639794	TSPAN10	NPLOC4, TSPAN10			ENSG00000182446, ENSG00000182612			rs9747347-T	rs9747347	0	9747347	intron_variant	0	0.3578	3E-21	20.522878745280337		1.12	NR	Affymetrix [9154080] (imputed)	N	hair color	http://www.ebi.ac.uk/efo/EFO_0003924	GCST006986	Genome-wide genotyping array
2019-01-29	30531825	Morgan MD	2018-12-10	Nat Commun	www.ncbi.nlm.nih.gov/pubmed/30531825	Genome-wide study of hair colour in UK Biobank explains most of the SNP heritability.	Red vs. brown/black hair color	15,731 British ancestry red hair individuals, 283,920 British ancestry brown or black hair individuals	NA	5q35.2	5	174549112	MSX2	LINC01411 - SUMO2P6	ENSG00000249306	ENSG00000249031		16655	12664	rs6876712-T	rs6876712	0	6876712	intergenic_variant	1	0.257	5E-19	18.30102999566398		1.123	NR	Affymetrix [9154080] (imputed)	N	hair color	http://www.ebi.ac.uk/efo/EFO_0003924	GCST006986	Genome-wide genotyping array
2019-01-29	30531825	Morgan MD	2018-12-10	Nat Commun	www.ncbi.nlm.nih.gov/pubmed/30531825	Genome-wide study of hair colour in UK Biobank explains most of the SNP heritability.	Red vs. brown/black hair color	15,731 British ancestry red hair individuals, 283,920 British ancestry brown or black hair individuals	NA	16q12.2	16	54080912	FTO	FTO			ENSG00000140718			rs16953002-A	rs16953002	0	16953002	intron_variant	0	0.1621	3E-13	12.522878745280337		1.19	NR	Affymetrix [9154080] (imputed)	N	hair color	http://www.ebi.ac.uk/efo/EFO_0003924	GCST006986	Genome-wide genotyping array
2019-01-29	30531825	Morgan MD	2018-12-10	Nat Commun	www.ncbi.nlm.nih.gov/pubmed/30531825	Genome-wide study of hair colour in UK Biobank explains most of the SNP heritability.	Red vs. brown/black hair color	15,731 British ancestry red hair individuals, 283,920 British ancestry brown or black hair individuals	NA	16q24.3	16	89641085	DPEP1	CHMP1A			ENSG00000131165			rs55839877-C	rs55839877	0	55839877	regulatory_region_variant	0	0.1065	1E-13	13.0		1.46	NR	Affymetrix [9154080] (imputed)	N	hair color	http://www.ebi.ac.uk/efo/EFO_0003924	GCST006986	Genome-wide genotyping array
2019-01-29	30531825	Morgan MD	2018-12-10	Nat Commun	www.ncbi.nlm.nih.gov/pubmed/30531825	Genome-wide study of hair colour in UK Biobank explains most of the SNP heritability.	Red vs. brown/black hair color	15,731 British ancestry red hair individuals, 283,920 British ancestry brown or black hair individuals	NA	20q11.22	20	34077942	RALY	RALY			ENSG00000125970			rs6059655-A	rs6059655	0	6059655	intron_variant	0	0.1059	2E-308	307.69897000433605		1.879	NR	Affymetrix [9154080] (imputed)	N	hair color	http://www.ebi.ac.uk/efo/EFO_0003924	GCST006986	Genome-wide genotyping array
2019-01-29	30531825	Morgan MD	2018-12-10	Nat Commun	www.ncbi.nlm.nih.gov/pubmed/30531825	Genome-wide study of hair colour in UK Biobank explains most of the SNP heritability.	Red vs. brown/black hair color	15,731 British ancestry red hair individuals, 283,920 British ancestry brown or black hair individuals	NA	16q24.3	16	89903185	TCF25	TCF25			ENSG00000141002			rs4785736-C	rs4785736	0	4785736	intron_variant	0	0.4818	5E-25	24.30102999566398		1.937	NR	Affymetrix [9154080] (imputed)	N	hair color	http://www.ebi.ac.uk/efo/EFO_0003924	GCST006986	Genome-wide genotyping array
2019-01-29	30531825	Morgan MD	2018-12-10	Nat Commun	www.ncbi.nlm.nih.gov/pubmed/30531825	Genome-wide study of hair colour in UK Biobank explains most of the SNP heritability.	Red vs. brown/black hair color	15,731 British ancestry red hair individuals, 283,920 British ancestry brown or black hair individuals	NA	16q24.3	16	89932386	TUBB3	TUBB3			ENSG00000258947			rs2302898-A	rs2302898	0	2302898	intron_variant	0	0.29	3E-103	102.52287874528034		2.456	NR	Affymetrix [9154080] (imputed)	N	hair color	http://www.ebi.ac.uk/efo/EFO_0003924	GCST006986	Genome-wide genotyping array
2019-01-29	30531825	Morgan MD	2018-12-10	Nat Commun	www.ncbi.nlm.nih.gov/pubmed/30531825	Genome-wide study of hair colour in UK Biobank explains most of the SNP heritability.	Red vs. brown/black hair color	15,731 British ancestry red hair individuals, 283,920 British ancestry brown or black hair individuals	NA	16q24.3	16	89750407	FANCA	FANCA			ENSG00000187741			rs150924516-T	rs150924516	0	150924516	intron_variant	0	0.006087	3E-9	8.522878745280337		2.52	NR	Affymetrix [9154080] (imputed)	N	hair color	http://www.ebi.ac.uk/efo/EFO_0003924	GCST006986	Genome-wide genotyping array
2019-01-29	30531825	Morgan MD	2018-12-10	Nat Commun	www.ncbi.nlm.nih.gov/pubmed/30531825	Genome-wide study of hair colour in UK Biobank explains most of the SNP heritability.	Red vs. brown/black hair color	15,731 British ancestry red hair individuals, 283,920 British ancestry brown or black hair individuals	NA	16q24.3	16	89883891	TCF25	TCF25			ENSG00000141002			rs72477006-C	rs72477006	0	72477006	intron_variant	0	0.1094	3E-61	60.52287874528034		2.554	NR	Affymetrix [9154080] (imputed)	N	hair color	http://www.ebi.ac.uk/efo/EFO_0003924	GCST006986	Genome-wide genotyping array
2019-01-29	30531825	Morgan MD	2018-12-10	Nat Commun	www.ncbi.nlm.nih.gov/pubmed/30531825	Genome-wide study of hair colour in UK Biobank explains most of the SNP heritability.	Red vs. brown/black hair color	15,731 British ancestry red hair individuals, 283,920 British ancestry brown or black hair individuals	NA	16q24.3	16	88894685	CBFA2T3	CBFA2T3			ENSG00000129993			rs547859046-G	rs547859046	0	547859046	intron_variant	0	0.003856	1E-30	30.0		3.014	NR	Affymetrix [9154080] (imputed)	N	hair color	http://www.ebi.ac.uk/efo/EFO_0003924	GCST006986	Genome-wide genotyping array
2019-01-29	30531825	Morgan MD	2018-12-10	Nat Commun	www.ncbi.nlm.nih.gov/pubmed/30531825	Genome-wide study of hair colour in UK Biobank explains most of the SNP heritability.	Red vs. brown/black hair color	15,731 British ancestry red hair individuals, 283,920 British ancestry brown or black hair individuals	NA	16q24.3	16	89919436	MC1R	MC1R			ENSG00000258839			rs1805005-T	rs1805005	0	1805005	missense_variant	0	0.122	3E-243	242.52287874528034		3.255	NR	Affymetrix [9154080] (imputed)	N	hair color	http://www.ebi.ac.uk/efo/EFO_0003924	GCST006986	Genome-wide genotyping array
2019-01-29	30531825	Morgan MD	2018-12-10	Nat Commun	www.ncbi.nlm.nih.gov/pubmed/30531825	Genome-wide study of hair colour in UK Biobank explains most of the SNP heritability.	Red vs. brown/black hair color	15,731 British ancestry red hair individuals, 283,920 British ancestry brown or black hair individuals	NA	16q24.3	16	89893480	TCF25	TCF25			ENSG00000141002			rs78258966-A	rs78258966	0	78258966	intron_variant	0	0.007019	1E-13	13.0		3.299	NR	Affymetrix [9154080] (imputed)	N	hair color	http://www.ebi.ac.uk/efo/EFO_0003924	GCST006986	Genome-wide genotyping array
2019-01-29	30531825	Morgan MD	2018-12-10	Nat Commun	www.ncbi.nlm.nih.gov/pubmed/30531825	Genome-wide study of hair colour in UK Biobank explains most of the SNP heritability.	Red vs. brown/black hair color	15,731 British ancestry red hair individuals, 283,920 British ancestry brown or black hair individuals	NA	16q24.3	16	89966047	DEF8	DEF8			ENSG00000140995			rs117204628-T	rs117204628	0	117204628	3_prime_UTR_variant	0	0.0335	4E-11	10.397940008672037		3.548	NR	Affymetrix [9154080] (imputed)	N	hair color	http://www.ebi.ac.uk/efo/EFO_0003924	GCST006986	Genome-wide genotyping array
2019-01-29	30531825	Morgan MD	2018-12-10	Nat Commun	www.ncbi.nlm.nih.gov/pubmed/30531825	Genome-wide study of hair colour in UK Biobank explains most of the SNP heritability.	Red vs. brown/black hair color	15,731 British ancestry red hair individuals, 283,920 British ancestry brown or black hair individuals	NA	16q24.3	16	89748641	FANCA	FANCA			ENSG00000187741			rs1800347-C	rs1800347	0	1800347	intron_variant	0	0.04798	3E-221	220.52287874528034		4.521	NR	Affymetrix [9154080] (imputed)	N	hair color	http://www.ebi.ac.uk/efo/EFO_0003924	GCST006986	Genome-wide genotyping array
2019-01-29	30531825	Morgan MD	2018-12-10	Nat Commun	www.ncbi.nlm.nih.gov/pubmed/30531825	Genome-wide study of hair colour in UK Biobank explains most of the SNP heritability.	Red vs. brown/black hair color	15,731 British ancestry red hair individuals, 283,920 British ancestry brown or black hair individuals	NA	16q24.3	16	89913086	MC1R, TCF25	TCF25, MC1R			ENSG00000141002, ENSG00000258839			rs8045560-C	rs8045560	0	8045560	intron_variant	0	0.4191	5E-10	9.301029995663981		7.44	NR	Affymetrix [9154080] (imputed)	N	hair color	http://www.ebi.ac.uk/efo/EFO_0003924	GCST006986	Genome-wide genotyping array
2019-01-29	30531825	Morgan MD	2018-12-10	Nat Commun	www.ncbi.nlm.nih.gov/pubmed/30531825	Genome-wide study of hair colour in UK Biobank explains most of the SNP heritability.	Red vs. brown/black hair color	15,731 British ancestry red hair individuals, 283,920 British ancestry brown or black hair individuals	NA	16q24.3	16	89820111	FANCA, SPIRE2	SPIRE2			ENSG00000204991			rs34357723-T	rs34357723	0	34357723	intergenic_variant	0	0.2745	2E-308	307.69897000433605		9.589	NR	Affymetrix [9154080] (imputed)	N	hair color	http://www.ebi.ac.uk/efo/EFO_0003924	GCST006986	Genome-wide genotyping array
2019-01-29	30531825	Morgan MD	2018-12-10	Nat Commun	www.ncbi.nlm.nih.gov/pubmed/30531825	Genome-wide study of hair colour in UK Biobank explains most of the SNP heritability.	Red vs. brown/black hair color	15,731 British ancestry red hair individuals, 283,920 British ancestry brown or black hair individuals	NA	16q24.3	16	89919722	MC1R	MC1R			ENSG00000258839			rs1110400-C	rs1110400	0	1110400	missense_variant	0	0.01216	4E-214	213.39794000867204		9.997	NR	Affymetrix [9154080] (imputed)	N	hair color	http://www.ebi.ac.uk/efo/EFO_0003924	GCST006986	Genome-wide genotyping array
2019-01-29	30531825	Morgan MD	2018-12-10	Nat Commun	www.ncbi.nlm.nih.gov/pubmed/30531825	Genome-wide study of hair colour in UK Biobank explains most of the SNP heritability.	Red vs. brown/black hair color	15,731 British ancestry red hair individuals, 283,920 British ancestry brown or black hair individuals	NA	16q24.3	16	89919709	MC1R	MC1R			ENSG00000258839			rs1805007-T	rs1805007	0	1805007	missense_variant	0	0.1048	2E-308	307.69897000433605		10.99	NR	Affymetrix [9154080] (imputed)	N	hair color	http://www.ebi.ac.uk/efo/EFO_0003924	GCST006986	Genome-wide genotyping array
2019-01-29	30531825	Morgan MD	2018-12-10	Nat Commun	www.ncbi.nlm.nih.gov/pubmed/30531825	Genome-wide study of hair colour in UK Biobank explains most of the SNP heritability.	Red vs. brown/black hair color	15,731 British ancestry red hair individuals, 283,920 British ancestry brown or black hair individuals	NA	16q24.3	16	89649405	CHMP1A	CHMP1A			ENSG00000131165			rs201479143-T	rs201479143	0	201479143	synonymous_variant	0	0.001465	7E-50	49.15490195998574		11.37	NR	Affymetrix [9154080] (imputed)	N	hair color	http://www.ebi.ac.uk/efo/EFO_0003924	GCST006986	Genome-wide genotyping array
2019-01-29	30531825	Morgan MD	2018-12-10	Nat Commun	www.ncbi.nlm.nih.gov/pubmed/30531825	Genome-wide study of hair colour in UK Biobank explains most of the SNP heritability.	Red vs. brown/black hair color	15,731 British ancestry red hair individuals, 283,920 British ancestry brown or black hair individuals	NA	16q24.3	16	89919736	MC1R	MC1R			ENSG00000258839			rs1805008-T	rs1805008	0	1805008	missense_variant	0	0.08918	2E-308	307.69897000433605		12.84	NR	Affymetrix [9154080] (imputed)	N	hair color	http://www.ebi.ac.uk/efo/EFO_0003924	GCST006986	Genome-wide genotyping array
2019-01-29	30531825	Morgan MD	2018-12-10	Nat Commun	www.ncbi.nlm.nih.gov/pubmed/30531825	Genome-wide study of hair colour in UK Biobank explains most of the SNP heritability.	Red vs. brown/black hair color	15,731 British ancestry red hair individuals, 283,920 British ancestry brown or black hair individuals	NA	16q24.3	16	89919510	MC1R	MC1R			ENSG00000258839			rs1805006-T	rs1805006	0	1805006	missense_variant	0	0.01312	2E-308	307.69897000433605		22.55	NR	Affymetrix [9154080] (imputed)	N	hair color	http://www.ebi.ac.uk/efo/EFO_0003924	GCST006986	Genome-wide genotyping array
2019-01-29	30531825	Morgan MD	2018-12-10	Nat Commun	www.ncbi.nlm.nih.gov/pubmed/30531825	Genome-wide study of hair colour in UK Biobank explains most of the SNP heritability.	Red vs. brown/black hair color	15,731 British ancestry red hair individuals, 283,920 British ancestry brown or black hair individuals	NA	16q24.3	16	89919895	MC1R	MC1R			ENSG00000258839			rs200000734-T	rs200000734	0	200000734	missense_variant	0	6.126E-4	6E-50	49.221848749616356		32.03	NR	Affymetrix [9154080] (imputed)	N	hair color	http://www.ebi.ac.uk/efo/EFO_0003924	GCST006986	Genome-wide genotyping array
2019-01-29	30531825	Morgan MD	2018-12-10	Nat Commun	www.ncbi.nlm.nih.gov/pubmed/30531825	Genome-wide study of hair colour in UK Biobank explains most of the SNP heritability.	Red vs. brown/black hair color	15,731 British ancestry red hair individuals, 283,920 British ancestry brown or black hair individuals	NA	16q24.3	16	89919683	MC1R	MC1R			ENSG00000258839			rs11547464-A	rs11547464	0	11547464	missense_variant	0	0.007148	2E-308	307.69897000433605		37.62	NR	Affymetrix [9154080] (imputed)	N	hair color	http://www.ebi.ac.uk/efo/EFO_0003924	GCST006986	Genome-wide genotyping array
2019-01-29	30531825	Morgan MD	2018-12-10	Nat Commun	www.ncbi.nlm.nih.gov/pubmed/30531825	Genome-wide study of hair colour in UK Biobank explains most of the SNP heritability.	Red vs. brown/black hair color	15,731 British ancestry red hair individuals, 283,920 British ancestry brown or black hair individuals	NA	16q24.3	16	89986579	AFG3L1P	AFG3L1P, AFG3L1P			ENSG00000293510, ENSG00000223959			rs575866787-A	rs575866787	0	575866787	intron_variant	0	0.02579	2E-308	307.69897000433605		39.43	NR	Affymetrix [9154080] (imputed)	N	hair color	http://www.ebi.ac.uk/efo/EFO_0003924	GCST006986	Genome-wide genotyping array
2019-01-29	30531825	Morgan MD	2018-12-10	Nat Commun	www.ncbi.nlm.nih.gov/pubmed/30531825	Genome-wide study of hair colour in UK Biobank explains most of the SNP heritability.	Red vs. brown/black hair color	15,731 British ancestry red hair individuals, 283,920 British ancestry brown or black hair individuals	NA	16q24.3	16	89677219	CDK10	SPATA33 - CDK10	ENSG00000167523	ENSG00000185324		5947	3518	rs116927526-T	rs116927526	0	116927526	intron_variant	1	0.004391	2E-308	307.69897000433605		57.09	NR	Affymetrix [9154080] (imputed)	N	hair color	http://www.ebi.ac.uk/efo/EFO_0003924	GCST006986	Genome-wide genotyping array
2019-01-29	30531825	Morgan MD	2018-12-10	Nat Commun	www.ncbi.nlm.nih.gov/pubmed/30531825	Genome-wide study of hair colour in UK Biobank explains most of the SNP heritability.	Red vs. brown/black hair color	15,731 British ancestry red hair individuals, 283,920 British ancestry brown or black hair individuals	NA	16q24.3	16	89920175	MC1R	MC1R			ENSG00000258839			rs368507952-A	rs368507952	0	368507952	missense_variant	0	4.156E-4	2E-93	92.69897000433602		71.08	NR	Affymetrix [9154080] (imputed)	N	hair color	http://www.ebi.ac.uk/efo/EFO_0003924	GCST006986	Genome-wide genotyping array
2019-01-29	30531825	Morgan MD	2018-12-10	Nat Commun	www.ncbi.nlm.nih.gov/pubmed/30531825	Genome-wide study of hair colour in UK Biobank explains most of the SNP heritability.	Red vs. brown/black hair color	15,731 British ancestry red hair individuals, 283,920 British ancestry brown or black hair individuals	NA	16q24.3	16	89957640	DEF8	DEF8			ENSG00000140995			rs200998494-T	rs200998494	0	200998494	synonymous_variant	0	2.618E-4	2E-56	55.69897000433602		131.0	NR	Affymetrix [9154080] (imputed)	N	hair color	http://www.ebi.ac.uk/efo/EFO_0003924	GCST006986	Genome-wide genotyping array
2019-01-29	30531825	Morgan MD	2018-12-10	Nat Commun	www.ncbi.nlm.nih.gov/pubmed/30531825	Genome-wide study of hair colour in UK Biobank explains most of the SNP heritability.	Red vs. brown/black hair color	15,731 British ancestry red hair individuals, 283,920 British ancestry brown or black hair individuals	NA	16q24.3	16	89919795	MC1R	MC1R			ENSG00000258839			rs555179612-TC	rs555179612	0	555179612	frameshift_variant	0	0.001706	2E-308	307.69897000433605		231.5	NR	Affymetrix [9154080] (imputed)	N	hair color	http://www.ebi.ac.uk/efo/EFO_0003924	GCST006986	Genome-wide genotyping array
2019-01-29	30531825	Morgan MD	2018-12-10	Nat Commun	www.ncbi.nlm.nih.gov/pubmed/30531825	Genome-wide study of hair colour in UK Biobank explains most of the SNP heritability.	Red vs. brown/black hair color	15,731 British ancestry red hair individuals, 283,920 British ancestry brown or black hair individuals	NA	16q24.3	16	89919714	MC1R	MC1R			ENSG00000258839			rs201326893-A	rs201326893	0	201326893	stop_gained	0	2.369E-4	2E-61	60.69897000433602		288.8	NR	Affymetrix [9154080] (imputed)	N	hair color	http://www.ebi.ac.uk/efo/EFO_0003924	GCST006986	Genome-wide genotyping array
2019-01-30	30531825	Morgan MD	2018-12-10	Nat Commun	www.ncbi.nlm.nih.gov/pubmed/30531825	Genome-wide study of hair colour in UK Biobank explains most of the SNP heritability.	Blond vs. brown/black hair color	39,397 British ancestry blond hair individuals, 283,920 British ancestry brown or black hair individuals	NA	15q13.1	15	28120472	HERC2	HERC2			ENSG00000128731			rs12913832-?	rs12913832	0	12913832	intron_variant	0	NR	2E-308	307.69897000433605		4.6904316	NR	Affymetrix [9154080] (imputed)	N	hair color	http://www.ebi.ac.uk/efo/EFO_0003924	GCST006988	Genome-wide genotyping array
2019-01-30	30531825	Morgan MD	2018-12-10	Nat Commun	www.ncbi.nlm.nih.gov/pubmed/30531825	Genome-wide study of hair colour in UK Biobank explains most of the SNP heritability.	Blond vs. brown/black hair color	39,397 British ancestry blond hair individuals, 283,920 British ancestry brown or black hair individuals	NA	5p13.2	5	33951588	SLC45A2	SLC45A2			ENSG00000164175			rs16891982-?	rs16891982	0	16891982	missense_variant	0	NR	3E-181	180.52287874528034		3.2894738	NR	Affymetrix [9154080] (imputed)	N	hair color	http://www.ebi.ac.uk/efo/EFO_0003924	GCST006988	Genome-wide genotyping array
2019-01-30	30531825	Morgan MD	2018-12-10	Nat Commun	www.ncbi.nlm.nih.gov/pubmed/30531825	Genome-wide study of hair colour in UK Biobank explains most of the SNP heritability.	Blond vs. brown/black hair color	39,397 British ancestry blond hair individuals, 283,920 British ancestry brown or black hair individuals	NA	6p25.3	6	421281	IRF4	IRF4 - EXOC2	ENSG00000137265	ENSG00000112685		9838	63852	rs62389423-?	rs62389423	0	62389423	intergenic_variant	1	NR	2E-308	307.69897000433605		2.5866528	NR	Affymetrix [9154080] (imputed)	N	hair color	http://www.ebi.ac.uk/efo/EFO_0003924	GCST006988	Genome-wide genotyping array
2019-01-30	30531825	Morgan MD	2018-12-10	Nat Commun	www.ncbi.nlm.nih.gov/pubmed/30531825	Genome-wide study of hair colour in UK Biobank explains most of the SNP heritability.	Blond vs. brown/black hair color	39,397 British ancestry blond hair individuals, 283,920 British ancestry brown or black hair individuals	NA	6p25.3	6	433066	IRF4	IRF4 - EXOC2	ENSG00000137265	ENSG00000112685		21623	52067	rs143615986-?	rs143615986	0	143615986	intergenic_variant	1	NR	6E-76	75.22184874961636		1.7639794	NR	Affymetrix [9154080] (imputed)	N	hair color	http://www.ebi.ac.uk/efo/EFO_0003924	GCST006988	Genome-wide genotyping array
2019-01-30	30531825	Morgan MD	2018-12-10	Nat Commun	www.ncbi.nlm.nih.gov/pubmed/30531825	Genome-wide study of hair colour in UK Biobank explains most of the SNP heritability.	Blond vs. brown/black hair color	39,397 British ancestry blond hair individuals, 283,920 British ancestry brown or black hair individuals	NA	9p24.1	9	5887074	KIAA2026	BRD10			ENSG00000183354			rs10815302-?	rs10815302	0	10815302	intergenic_variant	0	NR	6E-10	9.221848749616356		1.3620267	NR	Affymetrix [9154080] (imputed)	N	hair color	http://www.ebi.ac.uk/efo/EFO_0003924	GCST006988	Genome-wide genotyping array
2019-01-30	30531825	Morgan MD	2018-12-10	Nat Commun	www.ncbi.nlm.nih.gov/pubmed/30531825	Genome-wide study of hair colour in UK Biobank explains most of the SNP heritability.	Blond vs. brown/black hair color	39,397 British ancestry blond hair individuals, 283,920 British ancestry brown or black hair individuals	NA	4q25	4	108099646	LEF1	LEF1			ENSG00000138795			rs116711774-?	rs116711774	0	116711774	intron_variant	0	NR	2E-9	8.698970004336019		1.3394054	NR	Affymetrix [9154080] (imputed)	N	hair color	http://www.ebi.ac.uk/efo/EFO_0003924	GCST006988	Genome-wide genotyping array
2019-01-30	30531825	Morgan MD	2018-12-10	Nat Commun	www.ncbi.nlm.nih.gov/pubmed/30531825	Genome-wide study of hair colour in UK Biobank explains most of the SNP heritability.	Blond vs. brown/black hair color	39,397 British ancestry blond hair individuals, 283,920 British ancestry brown or black hair individuals	NA	13q22.3	13	77816608	SLAIN1	EDNRB-AS1			ENSG00000225579			rs750192-?	rs750192	0	750192	intron_variant	0	NR	7E-145	144.15490195998575		1.2268434	NR	Affymetrix [9154080] (imputed)	N	hair color	http://www.ebi.ac.uk/efo/EFO_0003924	GCST006988	Genome-wide genotyping array
2019-01-30	30531825	Morgan MD	2018-12-10	Nat Commun	www.ncbi.nlm.nih.gov/pubmed/30531825	Genome-wide study of hair colour in UK Biobank explains most of the SNP heritability.	Blond vs. brown/black hair color	39,397 British ancestry blond hair individuals, 283,920 British ancestry brown or black hair individuals	NA	12q13.13	12	53938950	HOXC13	HOXC13-AS, HOXC13			ENSG00000249641, ENSG00000123364			rs535209331-?	rs535209331	1	34421542	protein_altering_variant	0	NR	5E-9	8.301029995663981		1.1976048	NR	Affymetrix [9154080] (imputed)	N	hair color	http://www.ebi.ac.uk/efo/EFO_0003924	GCST006988	Genome-wide genotyping array
2019-01-30	30531825	Morgan MD	2018-12-10	Nat Commun	www.ncbi.nlm.nih.gov/pubmed/30531825	Genome-wide study of hair colour in UK Biobank explains most of the SNP heritability.	Blond vs. brown/black hair color	39,397 British ancestry blond hair individuals, 283,920 British ancestry brown or black hair individuals	NA	12q21.32	12	88288200	TMTC3	TMTC3 - Y_RNA	ENSG00000139324	ENSG00000200544		88313	142242	rs2216153-?	rs2216153	0	2216153	intergenic_variant	1	NR	6E-85	84.22184874961636		1.1892021	NR	Affymetrix [9154080] (imputed)	N	hair color	http://www.ebi.ac.uk/efo/EFO_0003924	GCST006988	Genome-wide genotyping array
2019-01-30	30531825	Morgan MD	2018-12-10	Nat Commun	www.ncbi.nlm.nih.gov/pubmed/30531825	Genome-wide study of hair colour in UK Biobank explains most of the SNP heritability.	Blond vs. brown/black hair color	39,397 British ancestry blond hair individuals, 283,920 British ancestry brown or black hair individuals	NA	7q21.13	7	91218903	FZD1	CDK14 - FZD1	ENSG00000058091	ENSG00000157240		8313	45530	rs12667582-?	rs12667582	0	12667582	intergenic_variant	1	NR	6E-30	29.221848749616356		1.1844132	NR	Affymetrix [9154080] (imputed)	N	hair color	http://www.ebi.ac.uk/efo/EFO_0003924	GCST006988	Genome-wide genotyping array
2019-01-30	30531825	Morgan MD	2018-12-10	Nat Commun	www.ncbi.nlm.nih.gov/pubmed/30531825	Genome-wide study of hair colour in UK Biobank explains most of the SNP heritability.	Blond vs. brown/black hair color	39,397 British ancestry blond hair individuals, 283,920 British ancestry brown or black hair individuals	NA	7q21.2	7	91561109	MTERF1	LINC02932 - MTERF1	ENSG00000243144	ENSG00000127989		45682	130899	rs2710956-G	rs2710956	0	2710956	intron_variant	1	0.4505	6E-9	8.221848749616356		1.046	NR	Affymetrix [9154080] (imputed)	N	hair color	http://www.ebi.ac.uk/efo/EFO_0003924	GCST006988	Genome-wide genotyping array
2019-01-30	30531825	Morgan MD	2018-12-10	Nat Commun	www.ncbi.nlm.nih.gov/pubmed/30531825	Genome-wide study of hair colour in UK Biobank explains most of the SNP heritability.	Blond vs. brown/black hair color	39,397 British ancestry blond hair individuals, 283,920 British ancestry brown or black hair individuals	NA	12q13.11	12	46355305	SLC38A2	SLC38A1 - SLC38A2	ENSG00000111371	ENSG00000134294		85235	2880	rs4768698-A	rs4768698	0	4768698	intergenic_variant	1	0.3929	2E-9	8.698970004336019		1.048	NR	Affymetrix [9154080] (imputed)	N	hair color	http://www.ebi.ac.uk/efo/EFO_0003924	GCST006988	Genome-wide genotyping array
2019-01-30	30531825	Morgan MD	2018-12-10	Nat Commun	www.ncbi.nlm.nih.gov/pubmed/30531825	Genome-wide study of hair colour in UK Biobank explains most of the SNP heritability.	Blond vs. brown/black hair color	39,397 British ancestry blond hair individuals, 283,920 British ancestry brown or black hair individuals	NA	3q25.1	3	152182884	MBNL1	LINC02917			ENSG00000239941			rs325712-C	rs325712	0	325712	intron_variant	0	0.3657	2E-9	8.698970004336019		1.049	NR	Affymetrix [9154080] (imputed)	N	hair color	http://www.ebi.ac.uk/efo/EFO_0003924	GCST006988	Genome-wide genotyping array
2019-01-30	30531825	Morgan MD	2018-12-10	Nat Commun	www.ncbi.nlm.nih.gov/pubmed/30531825	Genome-wide study of hair colour in UK Biobank explains most of the SNP heritability.	Blond vs. brown/black hair color	39,397 British ancestry blond hair individuals, 283,920 British ancestry brown or black hair individuals	NA	6q24.1	6	139992581	LOC100507477	LINC02941			ENSG00000236013			rs1416288-A	rs1416288	0	1416288	intron_variant	0	0.2425	3E-8	7.522878745280337		1.051	NR	Affymetrix [9154080] (imputed)	N	hair color	http://www.ebi.ac.uk/efo/EFO_0003924	GCST006988	Genome-wide genotyping array
2019-01-30	30531825	Morgan MD	2018-12-10	Nat Commun	www.ncbi.nlm.nih.gov/pubmed/30531825	Genome-wide study of hair colour in UK Biobank explains most of the SNP heritability.	Blond vs. brown/black hair color	39,397 British ancestry blond hair individuals, 283,920 British ancestry brown or black hair individuals	NA	10q22.1	10	72294832	DDIT4	DDIT4-AS1			ENSG00000289506			rs7075993-G	rs7075993	0	7075993	intron_variant	0	0.3548	1E-10	10.0		1.052	NR	Affymetrix [9154080] (imputed)	N	hair color	http://www.ebi.ac.uk/efo/EFO_0003924	GCST006988	Genome-wide genotyping array
2019-01-30	30531825	Morgan MD	2018-12-10	Nat Commun	www.ncbi.nlm.nih.gov/pubmed/30531825	Genome-wide study of hair colour in UK Biobank explains most of the SNP heritability.	Blond vs. brown/black hair color	39,397 British ancestry blond hair individuals, 283,920 British ancestry brown or black hair individuals	NA	12q24.22	12	116529865	MAP1LC3B2	LINC02457 - LINC00173	ENSG00000258018	ENSG00000196668		8818	3534	rs11068059-C	rs11068059	0	11068059	regulatory_region_variant	1	0.3595	2E-10	9.698970004336019		1.052	NR	Affymetrix [9154080] (imputed)	N	hair color	http://www.ebi.ac.uk/efo/EFO_0003924	GCST006988	Genome-wide genotyping array
2019-01-30	30531825	Morgan MD	2018-12-10	Nat Commun	www.ncbi.nlm.nih.gov/pubmed/30531825	Genome-wide study of hair colour in UK Biobank explains most of the SNP heritability.	Blond vs. brown/black hair color	39,397 British ancestry blond hair individuals, 283,920 British ancestry brown or black hair individuals	NA	14q32.12	14	92378026	SLC24A4	SLC24A4			ENSG00000140090			rs4904886-A	rs4904886	0	4904886	intron_variant	0	0.3211	1E-9	9.0		1.052	NR	Affymetrix [9154080] (imputed)	N	hair color	http://www.ebi.ac.uk/efo/EFO_0003924	GCST006988	Genome-wide genotyping array
2019-01-30	30531825	Morgan MD	2018-12-10	Nat Commun	www.ncbi.nlm.nih.gov/pubmed/30531825	Genome-wide study of hair colour in UK Biobank explains most of the SNP heritability.	Blond vs. brown/black hair color	39,397 British ancestry blond hair individuals, 283,920 British ancestry brown or black hair individuals	NA	17q21.2	17	40252829	WIPF2	WIPF2			ENSG00000171475			rs62065255-C	rs62065255	0	62065255	intron_variant	0	0.2504	3E-8	7.522878745280337		1.052	NR	Affymetrix [9154080] (imputed)	N	hair color	http://www.ebi.ac.uk/efo/EFO_0003924	GCST006988	Genome-wide genotyping array
2019-01-30	30531825	Morgan MD	2018-12-10	Nat Commun	www.ncbi.nlm.nih.gov/pubmed/30531825	Genome-wide study of hair colour in UK Biobank explains most of the SNP heritability.	Blond vs. brown/black hair color	39,397 British ancestry blond hair individuals, 283,920 British ancestry brown or black hair individuals	NA	6q23.2	6	134288153	SGK1	SGK1			ENSG00000118515			rs4896038-C	rs4896038	0	4896038	intron_variant	0	0.2241	2E-8	7.698970004336019		1.053	NR	Affymetrix [9154080] (imputed)	N	hair color	http://www.ebi.ac.uk/efo/EFO_0003924	GCST006988	Genome-wide genotyping array
2019-01-30	30531825	Morgan MD	2018-12-10	Nat Commun	www.ncbi.nlm.nih.gov/pubmed/30531825	Genome-wide study of hair colour in UK Biobank explains most of the SNP heritability.	Blond vs. brown/black hair color	39,397 British ancestry blond hair individuals, 283,920 British ancestry brown or black hair individuals	NA	9p24.1	9	5783498	ERMP1	ERMP1			ENSG00000099219			rs2093657-C	rs2093657	0	2093657	intron_variant	0	0.3377	6E-11	10.221848749616356		1.055	NR	Affymetrix [9154080] (imputed)	N	hair color	http://www.ebi.ac.uk/efo/EFO_0003924	GCST006988	Genome-wide genotyping array
2019-01-30	30531825	Morgan MD	2018-12-10	Nat Commun	www.ncbi.nlm.nih.gov/pubmed/30531825	Genome-wide study of hair colour in UK Biobank explains most of the SNP heritability.	Blond vs. brown/black hair color	39,397 British ancestry blond hair individuals, 283,920 British ancestry brown or black hair individuals	NA	19q13.2	19	41383843	TMEM91	TMEM91			ENSG00000142046			rs12602-T	rs12602	0	12602	synonymous_variant	0	0.3821	8E-12	11.096910013008056		1.055	NR	Affymetrix [9154080] (imputed)	N	hair color	http://www.ebi.ac.uk/efo/EFO_0003924	GCST006988	Genome-wide genotyping array
2019-01-30	30531825	Morgan MD	2018-12-10	Nat Commun	www.ncbi.nlm.nih.gov/pubmed/30531825	Genome-wide study of hair colour in UK Biobank explains most of the SNP heritability.	Blond vs. brown/black hair color	39,397 British ancestry blond hair individuals, 283,920 British ancestry brown or black hair individuals	NA	2q36.1	2	222204906	PAX3	PAX3			ENSG00000135903			rs13017777-T	rs13017777	0	13017777	intron_variant	0	0.4985	3E-12	11.522878745280337		1.056	NR	Affymetrix [9154080] (imputed)	N	hair color	http://www.ebi.ac.uk/efo/EFO_0003924	GCST006988	Genome-wide genotyping array
2019-01-30	30531825	Morgan MD	2018-12-10	Nat Commun	www.ncbi.nlm.nih.gov/pubmed/30531825	Genome-wide study of hair colour in UK Biobank explains most of the SNP heritability.	Blond vs. brown/black hair color	39,397 British ancestry blond hair individuals, 283,920 British ancestry brown or black hair individuals	NA	4q24	4	104857173	TET2	CXXC4-AS1 - RPL6P14	ENSG00000245384	ENSG00000244470		122627	28945	rs2522490-A	rs2522490	0	2522490	intron_variant	1	0.37	2E-11	10.698970004336019		1.056	NR	Affymetrix [9154080] (imputed)	N	hair color	http://www.ebi.ac.uk/efo/EFO_0003924	GCST006988	Genome-wide genotyping array
2019-01-30	30531825	Morgan MD	2018-12-10	Nat Commun	www.ncbi.nlm.nih.gov/pubmed/30531825	Genome-wide study of hair colour in UK Biobank explains most of the SNP heritability.	Blond vs. brown/black hair color	39,397 British ancestry blond hair individuals, 283,920 British ancestry brown or black hair individuals	NA	6q25.1	6	151258297	AKAP12	AKAP12			ENSG00000131016			rs4869723-T	rs4869723	0	4869723	intron_variant	0	0.439	5E-13	12.301029995663981		1.058	NR	Affymetrix [9154080] (imputed)	N	hair color	http://www.ebi.ac.uk/efo/EFO_0003924	GCST006988	Genome-wide genotyping array
2019-01-30	30531825	Morgan MD	2018-12-10	Nat Commun	www.ncbi.nlm.nih.gov/pubmed/30531825	Genome-wide study of hair colour in UK Biobank explains most of the SNP heritability.	Blond vs. brown/black hair color	39,397 British ancestry blond hair individuals, 283,920 British ancestry brown or black hair individuals	NA	12q24.13	12	112404471	RPL6	HECTD4 - RPL6	ENSG00000173064	ENSG00000089009		22032	699	rs11066284-A	rs11066284	0	11066284	regulatory_region_variant	1	0.1713	4E-8	7.3979400086720375		1.058	NR	Affymetrix [9154080] (imputed)	N	hair color	http://www.ebi.ac.uk/efo/EFO_0003924	GCST006988	Genome-wide genotyping array
2019-01-30	30531825	Morgan MD	2018-12-10	Nat Commun	www.ncbi.nlm.nih.gov/pubmed/30531825	Genome-wide study of hair colour in UK Biobank explains most of the SNP heritability.	Blond vs. brown/black hair color	39,397 British ancestry blond hair individuals, 283,920 British ancestry brown or black hair individuals	NA	7p21.2	7	13986732	ETV1	ETV1			ENSG00000006468			rs3213661-A	rs3213661	0	3213661	intron_variant	0	0.2852	2E-11	10.698970004336019		1.0588	NR	Affymetrix [9154080] (imputed)	N	hair color	http://www.ebi.ac.uk/efo/EFO_0003924	GCST006988	Genome-wide genotyping array
2019-01-30	30531825	Morgan MD	2018-12-10	Nat Commun	www.ncbi.nlm.nih.gov/pubmed/30531825	Genome-wide study of hair colour in UK Biobank explains most of the SNP heritability.	Blond vs. brown/black hair color	39,397 British ancestry blond hair individuals, 283,920 British ancestry brown or black hair individuals	NA	3p13	3	69781523	MITF	MITF			ENSG00000187098			rs9825958-T	rs9825958	0	9825958	intron_variant	0	0.4156	1E-13	13.0		1.059	NR	Affymetrix [9154080] (imputed)	N	hair color	http://www.ebi.ac.uk/efo/EFO_0003924	GCST006988	Genome-wide genotyping array
2019-01-30	30531825	Morgan MD	2018-12-10	Nat Commun	www.ncbi.nlm.nih.gov/pubmed/30531825	Genome-wide study of hair colour in UK Biobank explains most of the SNP heritability.	Blond vs. brown/black hair color	39,397 British ancestry blond hair individuals, 283,920 British ancestry brown or black hair individuals	NA	14q23.1	14	60276501	PPM1A	PPM1A			ENSG00000100614			rs1887103-G	rs1887103	0	1887103	intron_variant	0	0.3564	1E-12	12.0		1.059	NR	Affymetrix [9154080] (imputed)	N	hair color	http://www.ebi.ac.uk/efo/EFO_0003924	GCST006988	Genome-wide genotyping array
2019-01-30	30531825	Morgan MD	2018-12-10	Nat Commun	www.ncbi.nlm.nih.gov/pubmed/30531825	Genome-wide study of hair colour in UK Biobank explains most of the SNP heritability.	Blond vs. brown/black hair color	39,397 British ancestry blond hair individuals, 283,920 British ancestry brown or black hair individuals	NA	2q37.3	2	238772351	TWIST2	LINC01937 - TWIST2	ENSG00000234279	ENSG00000233608		30589	75681	rs9287636-G	rs9287636	0	9287636	intron_variant	1	0.3109	3E-12	11.522878745280337		1.06	NR	Affymetrix [9154080] (imputed)	N	hair color	http://www.ebi.ac.uk/efo/EFO_0003924	GCST006988	Genome-wide genotyping array
2019-01-30	30531825	Morgan MD	2018-12-10	Nat Commun	www.ncbi.nlm.nih.gov/pubmed/30531825	Genome-wide study of hair colour in UK Biobank explains most of the SNP heritability.	Blond vs. brown/black hair color	39,397 British ancestry blond hair individuals, 283,920 British ancestry brown or black hair individuals	NA	14q32.12	14	92489041	SLC24A4	SLC24A4			ENSG00000140090			rs17783630-A	rs17783630	0	17783630	intron_variant	0	0.441	9E-15	14.045757490560675		1.062	NR	Affymetrix [9154080] (imputed)	N	hair color	http://www.ebi.ac.uk/efo/EFO_0003924	GCST006988	Genome-wide genotyping array
2019-01-30	30531825	Morgan MD	2018-12-10	Nat Commun	www.ncbi.nlm.nih.gov/pubmed/30531825	Genome-wide study of hair colour in UK Biobank explains most of the SNP heritability.	Blond vs. brown/black hair color	39,397 British ancestry blond hair individuals, 283,920 British ancestry brown or black hair individuals	NA	21q22.3	21	43373568	SIK1	LINC01679 - SIK1	ENSG00000237989	ENSG00000142178		8238	40915	rs672948-A	rs672948	0	672948	regulatory_region_variant	1	0.4145	2E-15	14.698970004336019		1.063	NR	Affymetrix [9154080] (imputed)	N	hair color	http://www.ebi.ac.uk/efo/EFO_0003924	GCST006988	Genome-wide genotyping array
2019-01-30	30531825	Morgan MD	2018-12-10	Nat Commun	www.ncbi.nlm.nih.gov/pubmed/30531825	Genome-wide study of hair colour in UK Biobank explains most of the SNP heritability.	Blond vs. brown/black hair color	39,397 British ancestry blond hair individuals, 283,920 British ancestry brown or black hair individuals	NA	22q13.33	22	50283979	PLXNB2	PLXNB2			ENSG00000196576			rs79966207-C	rs79966207	0	79966207	missense_variant	0	0.1776	5E-10	9.301029995663981		1.063	NR	Affymetrix [9154080] (imputed)	N	hair color	http://www.ebi.ac.uk/efo/EFO_0003924	GCST006988	Genome-wide genotyping array
2019-01-30	30531825	Morgan MD	2018-12-10	Nat Commun	www.ncbi.nlm.nih.gov/pubmed/30531825	Genome-wide study of hair colour in UK Biobank explains most of the SNP heritability.	Blond vs. brown/black hair color	39,397 British ancestry blond hair individuals, 283,920 British ancestry brown or black hair individuals	NA	4q21.21	4	80931452	c4orf22	CFAP299			ENSG00000197826			rs62302224-G	rs62302224	0	62302224	intron_variant	0	0.3439	4E-14	13.397940008672037		1.064	NR	Affymetrix [9154080] (imputed)	N	hair color	http://www.ebi.ac.uk/efo/EFO_0003924	GCST006988	Genome-wide genotyping array
2019-01-30	30531825	Morgan MD	2018-12-10	Nat Commun	www.ncbi.nlm.nih.gov/pubmed/30531825	Genome-wide study of hair colour in UK Biobank explains most of the SNP heritability.	Blond vs. brown/black hair color	39,397 British ancestry blond hair individuals, 283,920 British ancestry brown or black hair individuals	NA	8p21.3	8	22741908	PEBP4	EGR3-AS1, PEBP4			ENSG00000253125, ENSG00000134020			rs7845221-T	rs7845221	0	7845221	intron_variant	0	0.2546	2E-12	11.698970004336019		1.064	NR	Affymetrix [9154080] (imputed)	N	hair color	http://www.ebi.ac.uk/efo/EFO_0003924	GCST006988	Genome-wide genotyping array
2019-01-30	30531825	Morgan MD	2018-12-10	Nat Commun	www.ncbi.nlm.nih.gov/pubmed/30531825	Genome-wide study of hair colour in UK Biobank explains most of the SNP heritability.	Blond vs. brown/black hair color	39,397 British ancestry blond hair individuals, 283,920 British ancestry brown or black hair individuals	NA	9q31.2	9	106248518	TMEM38B	LINC01505			ENSG00000234323			rs1484372-G	rs1484372	0	1484372	intron_variant	0	0.2159	3E-11	10.522878745280337		1.064	NR	Affymetrix [9154080] (imputed)	N	hair color	http://www.ebi.ac.uk/efo/EFO_0003924	GCST006988	Genome-wide genotyping array
2019-01-30	30531825	Morgan MD	2018-12-10	Nat Commun	www.ncbi.nlm.nih.gov/pubmed/30531825	Genome-wide study of hair colour in UK Biobank explains most of the SNP heritability.	Blond vs. brown/black hair color	39,397 British ancestry blond hair individuals, 283,920 British ancestry brown or black hair individuals	NA	9q33.3	9	124228906	NEK6	LHX2 - NEK6	ENSG00000106689	ENSG00000119408		195605	28700	rs10818930-?	rs10818930	0	10818930	intergenic_variant	1	NR	1E-16	16.0		1.091703	NR	Affymetrix [9154080] (imputed)	N	hair color	http://www.ebi.ac.uk/efo/EFO_0003924	GCST006988	Genome-wide genotyping array
2019-01-30	30531825	Morgan MD	2018-12-10	Nat Commun	www.ncbi.nlm.nih.gov/pubmed/30531825	Genome-wide study of hair colour in UK Biobank explains most of the SNP heritability.	Blond vs. brown/black hair color	39,397 British ancestry blond hair individuals, 283,920 British ancestry brown or black hair individuals	NA	11p15.2	11	15647280	SOX6	LINC02751			ENSG00000254946			rs1531903-?	rs1531903	0	1531903	intron_variant	0	NR	5E-15	14.301029995663981		1.0874293	NR	Affymetrix [9154080] (imputed)	N	hair color	http://www.ebi.ac.uk/efo/EFO_0003924	GCST006988	Genome-wide genotyping array
2019-01-30	30531825	Morgan MD	2018-12-10	Nat Commun	www.ncbi.nlm.nih.gov/pubmed/30531825	Genome-wide study of hair colour in UK Biobank explains most of the SNP heritability.	Blond vs. brown/black hair color	39,397 British ancestry blond hair individuals, 283,920 British ancestry brown or black hair individuals	NA	9p24.3	9	211762	DOCK8	ZNG1A - DOCK8-AS1	ENSG00000172785	ENSG00000183784		32615	1062	rs520015-?	rs520015	0	520015	intergenic_variant	1	NR	7E-27	26.154901959985743		1.0864842	NR	Affymetrix [9154080] (imputed)	N	hair color	http://www.ebi.ac.uk/efo/EFO_0003924	GCST006988	Genome-wide genotyping array
2019-01-30	30531825	Morgan MD	2018-12-10	Nat Commun	www.ncbi.nlm.nih.gov/pubmed/30531825	Genome-wide study of hair colour in UK Biobank explains most of the SNP heritability.	Blond vs. brown/black hair color	39,397 British ancestry blond hair individuals, 283,920 British ancestry brown or black hair individuals	NA	6p25.3	6	421196	IRF4	IRF4 - EXOC2	ENSG00000137265	ENSG00000112685		9753	63937	rs4246064-?	rs4246064	0	4246064	intergenic_variant	1	NR	6E-18	17.221848749616356		1.0847163	NR	Affymetrix [9154080] (imputed)	N	hair color	http://www.ebi.ac.uk/efo/EFO_0003924	GCST006988	Genome-wide genotyping array
2019-01-30	30531825	Morgan MD	2018-12-10	Nat Commun	www.ncbi.nlm.nih.gov/pubmed/30531825	Genome-wide study of hair colour in UK Biobank explains most of the SNP heritability.	Blond vs. brown/black hair color	39,397 British ancestry blond hair individuals, 283,920 British ancestry brown or black hair individuals	NA	4q21.21	4	78359539	FRAS1	FRAS1			ENSG00000138759			rs1268789-?	rs1268789	0	1268789	intron_variant	0	NR	2E-21	20.69897000433602		1.0828371	NR	Affymetrix [9154080] (imputed)	N	hair color	http://www.ebi.ac.uk/efo/EFO_0003924	GCST006988	Genome-wide genotyping array
2019-01-30	30531825	Morgan MD	2018-12-10	Nat Commun	www.ncbi.nlm.nih.gov/pubmed/30531825	Genome-wide study of hair colour in UK Biobank explains most of the SNP heritability.	Blond vs. brown/black hair color	39,397 British ancestry blond hair individuals, 283,920 British ancestry brown or black hair individuals	NA	13q13.3	13	38769685	FREM2	FREM2			ENSG00000150893			rs9603422-?	rs9603422	0	9603422	missense_variant	0	NR	1E-10	10.0		1.0828371	NR	Affymetrix [9154080] (imputed)	N	hair color	http://www.ebi.ac.uk/efo/EFO_0003924	GCST006988	Genome-wide genotyping array
2019-01-30	30531825	Morgan MD	2018-12-10	Nat Commun	www.ncbi.nlm.nih.gov/pubmed/30531825	Genome-wide study of hair colour in UK Biobank explains most of the SNP heritability.	Blond vs. brown/black hair color	39,397 British ancestry blond hair individuals, 283,920 British ancestry brown or black hair individuals	NA	5q14.1	5	80399551	ZFYVE16	RNU6-211P - ZFYVE16	ENSG00000206774	ENSG00000039319		33719	7598	rs259035-?	rs259035	0	259035	regulatory_region_variant	1	NR	1E-8	8.0		1.0826026	NR	Affymetrix [9154080] (imputed)	N	hair color	http://www.ebi.ac.uk/efo/EFO_0003924	GCST006988	Genome-wide genotyping array
2019-01-30	30531825	Morgan MD	2018-12-10	Nat Commun	www.ncbi.nlm.nih.gov/pubmed/30531825	Genome-wide study of hair colour in UK Biobank explains most of the SNP heritability.	Blond vs. brown/black hair color	39,397 British ancestry blond hair individuals, 283,920 British ancestry brown or black hair individuals	NA	2q36.1	2	222245793	PAX3	PAX3			ENSG00000135903			rs12618431-?	rs12618431	0	12618431	intron_variant	0	NR	1E-10	10.0		1.0818998	NR	Affymetrix [9154080] (imputed)	N	hair color	http://www.ebi.ac.uk/efo/EFO_0003924	GCST006988	Genome-wide genotyping array
2019-01-30	30531825	Morgan MD	2018-12-10	Nat Commun	www.ncbi.nlm.nih.gov/pubmed/30531825	Genome-wide study of hair colour in UK Biobank explains most of the SNP heritability.	Blond vs. brown/black hair color	39,397 British ancestry blond hair individuals, 283,920 British ancestry brown or black hair individuals	NA	10q22.3	10	79184390	ZMIZ1	ZMIZ1			ENSG00000108175			rs703978-?	rs703978	0	703978	intron_variant	0	NR	2E-23	22.69897000433602		1.0807306	NR	Affymetrix [9154080] (imputed)	N	hair color	http://www.ebi.ac.uk/efo/EFO_0003924	GCST006988	Genome-wide genotyping array
2019-01-30	30531825	Morgan MD	2018-12-10	Nat Commun	www.ncbi.nlm.nih.gov/pubmed/30531825	Genome-wide study of hair colour in UK Biobank explains most of the SNP heritability.	Blond vs. brown/black hair color	39,397 British ancestry blond hair individuals, 283,920 British ancestry brown or black hair individuals	NA	4q13.3	4	74462762	AREG	AREG - BTC	ENSG00000109321	ENSG00000174808		7757	281997	rs1874202-?	rs1874202	0	1874202	intergenic_variant	1	NR	1E-22	22.0		1.0803803	NR	Affymetrix [9154080] (imputed)	N	hair color	http://www.ebi.ac.uk/efo/EFO_0003924	GCST006988	Genome-wide genotyping array
2019-01-30	30531825	Morgan MD	2018-12-10	Nat Commun	www.ncbi.nlm.nih.gov/pubmed/30531825	Genome-wide study of hair colour in UK Biobank explains most of the SNP heritability.	Blond vs. brown/black hair color	39,397 British ancestry blond hair individuals, 283,920 British ancestry brown or black hair individuals	NA	21q21.3	21	25506330	MRPL39	LINC00158 - MIR155HG	ENSG00000185433	ENSG00000234883		74629	54262	rs2829786-?	rs2829786	0	2829786	intron_variant	1	NR	2E-9	8.698970004336019		1.0790979	NR	Affymetrix [9154080] (imputed)	N	hair color	http://www.ebi.ac.uk/efo/EFO_0003924	GCST006988	Genome-wide genotyping array
2019-01-30	30531825	Morgan MD	2018-12-10	Nat Commun	www.ncbi.nlm.nih.gov/pubmed/30531825	Genome-wide study of hair colour in UK Biobank explains most of the SNP heritability.	Blond vs. brown/black hair color	39,397 British ancestry blond hair individuals, 283,920 British ancestry brown or black hair individuals	NA	17q21.32	17	47913874	SP2	SP2-AS1, SP2			ENSG00000234494, ENSG00000167182			rs16949418-?	rs16949418	0	16949418	intron_variant	0	NR	9E-16	15.045757490560675		1.0787487	NR	Affymetrix [9154080] (imputed)	N	hair color	http://www.ebi.ac.uk/efo/EFO_0003924	GCST006988	Genome-wide genotyping array
2019-01-30	30531825	Morgan MD	2018-12-10	Nat Commun	www.ncbi.nlm.nih.gov/pubmed/30531825	Genome-wide study of hair colour in UK Biobank explains most of the SNP heritability.	Blond vs. brown/black hair color	39,397 British ancestry blond hair individuals, 283,920 British ancestry brown or black hair individuals	NA	2p23.2	2	28436667	FOSL2	FOSL2 - PLB1	ENSG00000075426	ENSG00000163803		19350	20478	rs62139588-?	rs62139588	0	62139588	non_coding_transcript_exon_variant	1	NR	4E-8	7.3979400086720375		1.074691	NR	Affymetrix [9154080] (imputed)	N	hair color	http://www.ebi.ac.uk/efo/EFO_0003924	GCST006988	Genome-wide genotyping array
2019-01-30	30531825	Morgan MD	2018-12-10	Nat Commun	www.ncbi.nlm.nih.gov/pubmed/30531825	Genome-wide study of hair colour in UK Biobank explains most of the SNP heritability.	Blond vs. brown/black hair color	39,397 British ancestry blond hair individuals, 283,920 British ancestry brown or black hair individuals	NA	9q22.33	9	97846948	FOXE1	PTCSC2			ENSG00000236130			rs7873389-?	rs7873389	0	7873389	intron_variant	0	NR	3E-19	18.522878745280337		1.0743446	NR	Affymetrix [9154080] (imputed)	N	hair color	http://www.ebi.ac.uk/efo/EFO_0003924	GCST006988	Genome-wide genotyping array
2019-01-30	30531825	Morgan MD	2018-12-10	Nat Commun	www.ncbi.nlm.nih.gov/pubmed/30531825	Genome-wide study of hair colour in UK Biobank explains most of the SNP heritability.	Blond vs. brown/black hair color	39,397 British ancestry blond hair individuals, 283,920 British ancestry brown or black hair individuals	NA	4q25	4	108136248	LEF1	LEF1			ENSG00000138795			rs922168-?	rs922168	0	922168	intron_variant	0	NR	3E-15	14.522878745280337		1.0737679	NR	Affymetrix [9154080] (imputed)	N	hair color	http://www.ebi.ac.uk/efo/EFO_0003924	GCST006988	Genome-wide genotyping array
2019-01-30	30531825	Morgan MD	2018-12-10	Nat Commun	www.ncbi.nlm.nih.gov/pubmed/30531825	Genome-wide study of hair colour in UK Biobank explains most of the SNP heritability.	Blond vs. brown/black hair color	39,397 British ancestry blond hair individuals, 283,920 British ancestry brown or black hair individuals	NA	14q24.1	14	68771208	ZFP36L1	RNU6-921P - ZFP36L1	ENSG00000207089	ENSG00000185650		35180	16447	rs72731537-?	rs72731537	0	72731537	intron_variant	1	NR	7E-12	11.154901959985743		1.0736526	NR	Affymetrix [9154080] (imputed)	N	hair color	http://www.ebi.ac.uk/efo/EFO_0003924	GCST006988	Genome-wide genotyping array
2019-01-30	30531825	Morgan MD	2018-12-10	Nat Commun	www.ncbi.nlm.nih.gov/pubmed/30531825	Genome-wide study of hair colour in UK Biobank explains most of the SNP heritability.	Blond vs. brown/black hair color	39,397 British ancestry blond hair individuals, 283,920 British ancestry brown or black hair individuals	NA	7q32.3	7	131076476	LINC-PINT	LINC-PINT			ENSG00000231721			rs10954300-?	rs10954300	0	10954300	intron_variant	0	NR	9E-16	15.045757490560675		1.0733069	NR	Affymetrix [9154080] (imputed)	N	hair color	http://www.ebi.ac.uk/efo/EFO_0003924	GCST006988	Genome-wide genotyping array
2019-01-30	30531825	Morgan MD	2018-12-10	Nat Commun	www.ncbi.nlm.nih.gov/pubmed/30531825	Genome-wide study of hair colour in UK Biobank explains most of the SNP heritability.	Blond vs. brown/black hair color	39,397 British ancestry blond hair individuals, 283,920 British ancestry brown or black hair individuals	NA	5q11.2	5	56723237	MAP3K1	C5orf67 - MAP3K1	ENSG00000225940	ENSG00000095015		53064	92301	rs61055995-?	rs61055995	0	61055995	intron_variant	1	NR	2E-10	9.698970004336019		1.0699764	NR	Affymetrix [9154080] (imputed)	N	hair color	http://www.ebi.ac.uk/efo/EFO_0003924	GCST006988	Genome-wide genotyping array
2019-01-30	30531825	Morgan MD	2018-12-10	Nat Commun	www.ncbi.nlm.nih.gov/pubmed/30531825	Genome-wide study of hair colour in UK Biobank explains most of the SNP heritability.	Blond vs. brown/black hair color	39,397 British ancestry blond hair individuals, 283,920 British ancestry brown or black hair individuals	NA	17q25.3	17	81950690	NOTUM	MYADML2 - NOTUM	ENSG00000185105	ENSG00000185269		3457	1817	rs35406919-?	rs35406919	0	35406919	intron_variant	1	NR	1E-17	17.0		1.0690614	NR	Affymetrix [9154080] (imputed)	N	hair color	http://www.ebi.ac.uk/efo/EFO_0003924	GCST006988	Genome-wide genotyping array
2019-01-30	30531825	Morgan MD	2018-12-10	Nat Commun	www.ncbi.nlm.nih.gov/pubmed/30531825	Genome-wide study of hair colour in UK Biobank explains most of the SNP heritability.	Blond vs. brown/black hair color	39,397 British ancestry blond hair individuals, 283,920 British ancestry brown or black hair individuals	NA	7q22.3	7	105776114	ATXN7L1	ATXN7L1			ENSG00000146776			rs2529369-?	rs2529369	0	2529369	intron_variant	0	NR	3E-14	13.522878745280337		1.0678056	NR	Affymetrix [9154080] (imputed)	N	hair color	http://www.ebi.ac.uk/efo/EFO_0003924	GCST006988	Genome-wide genotyping array
2019-01-30	30531825	Morgan MD	2018-12-10	Nat Commun	www.ncbi.nlm.nih.gov/pubmed/30531825	Genome-wide study of hair colour in UK Biobank explains most of the SNP heritability.	Blond vs. brown/black hair color	39,397 British ancestry blond hair individuals, 283,920 British ancestry brown or black hair individuals	NA	11p15.2	11	16522316	SOX6	SOX6			ENSG00000110693			rs7943712-?	rs7943712	0	7943712	intron_variant	0	NR	2E-10	9.698970004336019		1.0665529	NR	Affymetrix [9154080] (imputed)	N	hair color	http://www.ebi.ac.uk/efo/EFO_0003924	GCST006988	Genome-wide genotyping array
2019-01-30	30531825	Morgan MD	2018-12-10	Nat Commun	www.ncbi.nlm.nih.gov/pubmed/30531825	Genome-wide study of hair colour in UK Biobank explains most of the SNP heritability.	Blond vs. brown/black hair color	39,397 British ancestry blond hair individuals, 283,920 British ancestry brown or black hair individuals	NA	2q31.1	2	176738991	MTX2	LINC01117			ENSG00000224577			rs12693099-?	rs12693099	0	12693099	intron_variant	0	NR	2E-10	9.698970004336019		1.0665529	NR	Affymetrix [9154080] (imputed)	N	hair color	http://www.ebi.ac.uk/efo/EFO_0003924	GCST006988	Genome-wide genotyping array
2019-01-30	30531825	Morgan MD	2018-12-10	Nat Commun	www.ncbi.nlm.nih.gov/pubmed/30531825	Genome-wide study of hair colour in UK Biobank explains most of the SNP heritability.	Blond vs. brown/black hair color	39,397 British ancestry blond hair individuals, 283,920 British ancestry brown or black hair individuals	NA	3p25.2	3	11620818	VGLL4	VGLL4			ENSG00000144560			rs2443723-?	rs2443723	0	2443723	intron_variant	0	NR	1E-8	8.0		1.0651897	NR	Affymetrix [9154080] (imputed)	N	hair color	http://www.ebi.ac.uk/efo/EFO_0003924	GCST006988	Genome-wide genotyping array
2019-01-30	30531825	Morgan MD	2018-12-10	Nat Commun	www.ncbi.nlm.nih.gov/pubmed/30531825	Genome-wide study of hair colour in UK Biobank explains most of the SNP heritability.	Blond vs. brown/black hair color	39,397 British ancestry blond hair individuals, 283,920 British ancestry brown or black hair individuals	NA	2q14.2	2	118798400	EN1	LINC01956			ENSG00000258910			rs13035328-?	rs13035328	0	13035328	intron_variant	0	NR	2E-12	11.698970004336019		1.0637165	NR	Affymetrix [9154080] (imputed)	N	hair color	http://www.ebi.ac.uk/efo/EFO_0003924	GCST006988	Genome-wide genotyping array
2019-01-30	30531825	Morgan MD	2018-12-10	Nat Commun	www.ncbi.nlm.nih.gov/pubmed/30531825	Genome-wide study of hair colour in UK Biobank explains most of the SNP heritability.	Blond vs. brown/black hair color	39,397 British ancestry blond hair individuals, 283,920 British ancestry brown or black hair individuals	NA	20q13.32	20	59266631	ZNF831	ZNF831 - EDN3	ENSG00000124203	ENSG00000124205		7518	33784	rs1036464-?	rs1036464	0	1036464	intergenic_variant	1	NR	4E-13	12.397940008672037		1.0636035	NR	Affymetrix [9154080] (imputed)	N	hair color	http://www.ebi.ac.uk/efo/EFO_0003924	GCST006988	Genome-wide genotyping array
2019-01-30	30531825	Morgan MD	2018-12-10	Nat Commun	www.ncbi.nlm.nih.gov/pubmed/30531825	Genome-wide study of hair colour in UK Biobank explains most of the SNP heritability.	Blond vs. brown/black hair color	39,397 British ancestry blond hair individuals, 283,920 British ancestry brown or black hair individuals	NA	2q36.1	2	222268789	PAX3	PAX3			ENSG00000135903			rs12618491-?	rs12618491	0	12618491	intron_variant	0	NR	6E-13	12.221848749616356		1.0633773	NR	Affymetrix [9154080] (imputed)	N	hair color	http://www.ebi.ac.uk/efo/EFO_0003924	GCST006988	Genome-wide genotyping array
2019-01-30	30531825	Morgan MD	2018-12-10	Nat Commun	www.ncbi.nlm.nih.gov/pubmed/30531825	Genome-wide study of hair colour in UK Biobank explains most of the SNP heritability.	Blond vs. brown/black hair color	39,397 British ancestry blond hair individuals, 283,920 British ancestry brown or black hair individuals	NA	11q13.3	11	69544049	CCND1	LINC01488 - PNCRNA-D	ENSG00000285094	ENSG00000298300		49097	95085	rs12806763-?	rs12806763	0	12806763	intergenic_variant	1	NR	4E-13	12.397940008672037		1.0631511	NR	Affymetrix [9154080] (imputed)	N	hair color	http://www.ebi.ac.uk/efo/EFO_0003924	GCST006988	Genome-wide genotyping array
2019-01-30	30531825	Morgan MD	2018-12-10	Nat Commun	www.ncbi.nlm.nih.gov/pubmed/30531825	Genome-wide study of hair colour in UK Biobank explains most of the SNP heritability.	Blond vs. brown/black hair color	39,397 British ancestry blond hair individuals, 283,920 British ancestry brown or black hair individuals	NA	14q24.1	14	68047559	RAD51B	RAD51B			ENSG00000182185			rs11158717-?	rs11158717	0	11158717	intron_variant	0	NR	2E-9	8.698970004336019		1.0619093	NR	Affymetrix [9154080] (imputed)	N	hair color	http://www.ebi.ac.uk/efo/EFO_0003924	GCST006988	Genome-wide genotyping array
2019-01-30	30531825	Morgan MD	2018-12-10	Nat Commun	www.ncbi.nlm.nih.gov/pubmed/30531825	Genome-wide study of hair colour in UK Biobank explains most of the SNP heritability.	Blond vs. brown/black hair color	39,397 British ancestry blond hair individuals, 283,920 British ancestry brown or black hair individuals	NA	4q21.23	4	85680478	ARHGAP24	ARHGAP24			ENSG00000138639			rs1026872-?	rs1026872	0	1026872	intron_variant	0	NR	1E-13	13.0		1.0597711	NR	Affymetrix [9154080] (imputed)	N	hair color	http://www.ebi.ac.uk/efo/EFO_0003924	GCST006988	Genome-wide genotyping array
2019-01-30	30531825	Morgan MD	2018-12-10	Nat Commun	www.ncbi.nlm.nih.gov/pubmed/30531825	Genome-wide study of hair colour in UK Biobank explains most of the SNP heritability.	Blond vs. brown/black hair color	39,397 British ancestry blond hair individuals, 283,920 British ancestry brown or black hair individuals	NA	6p22.3	6	20549835	CDKAL1	CDKAL1			ENSG00000145996			rs78287738-?	rs78287738	0	78287738	intron_variant	0	NR	4E-11	10.397940008672037		1.0570824	NR	Affymetrix [9154080] (imputed)	N	hair color	http://www.ebi.ac.uk/efo/EFO_0003924	GCST006988	Genome-wide genotyping array
2019-01-30	30531825	Morgan MD	2018-12-10	Nat Commun	www.ncbi.nlm.nih.gov/pubmed/30531825	Genome-wide study of hair colour in UK Biobank explains most of the SNP heritability.	Blond vs. brown/black hair color	39,397 British ancestry blond hair individuals, 283,920 British ancestry brown or black hair individuals	NA	8q23.1	8	108130079	RSPO2	RSPO2 - AURKBP1	ENSG00000147655	ENSG00000230948		46289	1021	rs377057-?	rs377057	0	377057	intergenic_variant	1	NR	6E-10	9.221848749616356		1.0569707	NR	Affymetrix [9154080] (imputed)	N	hair color	http://www.ebi.ac.uk/efo/EFO_0003924	GCST006988	Genome-wide genotyping array
2019-01-30	30531825	Morgan MD	2018-12-10	Nat Commun	www.ncbi.nlm.nih.gov/pubmed/30531825	Genome-wide study of hair colour in UK Biobank explains most of the SNP heritability.	Blond vs. brown/black hair color	39,397 British ancestry blond hair individuals, 283,920 British ancestry brown or black hair individuals	NA	7q22.1	7	100804203	EPHB4	EPHB4			ENSG00000196411			rs314349-?	rs314349	0	314349	intron_variant	0	NR	8E-12	11.096910013008056		1.056524	NR	Affymetrix [9154080] (imputed)	N	hair color	http://www.ebi.ac.uk/efo/EFO_0003924	GCST006988	Genome-wide genotyping array
2019-01-30	30531825	Morgan MD	2018-12-10	Nat Commun	www.ncbi.nlm.nih.gov/pubmed/30531825	Genome-wide study of hair colour in UK Biobank explains most of the SNP heritability.	Blond vs. brown/black hair color	39,397 British ancestry blond hair individuals, 283,920 British ancestry brown or black hair individuals	NA	1q32.2	1	211179283	KCNH1	KCNH1 - PRELID1P5	ENSG00000143473	ENSG00000226986		45100	27956	rs1338356-?	rs1338356	0	1338356	intron_variant	1	NR	7E-9	8.154901959985743		1.0564125	NR	Affymetrix [9154080] (imputed)	N	hair color	http://www.ebi.ac.uk/efo/EFO_0003924	GCST006988	Genome-wide genotyping array
2019-01-30	30531825	Morgan MD	2018-12-10	Nat Commun	www.ncbi.nlm.nih.gov/pubmed/30531825	Genome-wide study of hair colour in UK Biobank explains most of the SNP heritability.	Blond vs. brown/black hair color	39,397 British ancestry blond hair individuals, 283,920 British ancestry brown or black hair individuals	NA	2q33.1	2	201974151	FZD7	RNU6-440P - FZD7	ENSG00000212184	ENSG00000155760		46608	59704	rs2882325-?	rs2882325	0	2882325	intron_variant	1	NR	5E-12	11.301029995663981		1.0559661	NR	Affymetrix [9154080] (imputed)	N	hair color	http://www.ebi.ac.uk/efo/EFO_0003924	GCST006988	Genome-wide genotyping array
2019-01-30	30531825	Morgan MD	2018-12-10	Nat Commun	www.ncbi.nlm.nih.gov/pubmed/30531825	Genome-wide study of hair colour in UK Biobank explains most of the SNP heritability.	Blond vs. brown/black hair color	39,397 British ancestry blond hair individuals, 283,920 British ancestry brown or black hair individuals	NA	5q11.2	5	58134412	PLK2	LINC02101			ENSG00000248132			rs6868805-?	rs6868805	0	6868805	intron_variant	0	NR	4E-10	9.397940008672037		1.054741	NR	Affymetrix [9154080] (imputed)	N	hair color	http://www.ebi.ac.uk/efo/EFO_0003924	GCST006988	Genome-wide genotyping array
2019-01-30	30531825	Morgan MD	2018-12-10	Nat Commun	www.ncbi.nlm.nih.gov/pubmed/30531825	Genome-wide study of hair colour in UK Biobank explains most of the SNP heritability.	Blond vs. brown/black hair color	39,397 British ancestry blond hair individuals, 283,920 British ancestry brown or black hair individuals	NA	6p21.1	6	45934179	CLIC5	CLIC5			ENSG00000112782			rs9349337-?	rs9349337	0	9349337	intron_variant	0	NR	6E-10	9.221848749616356		1.0545186	NR	Affymetrix [9154080] (imputed)	N	hair color	http://www.ebi.ac.uk/efo/EFO_0003924	GCST006988	Genome-wide genotyping array
2019-01-30	30531825	Morgan MD	2018-12-10	Nat Commun	www.ncbi.nlm.nih.gov/pubmed/30531825	Genome-wide study of hair colour in UK Biobank explains most of the SNP heritability.	Blond vs. brown/black hair color	39,397 British ancestry blond hair individuals, 283,920 British ancestry brown or black hair individuals	NA	17q21.33	17	49931319	DLX4	TAC4-AS1 - RNU6-1313P	ENSG00000204584	ENSG00000199492		82482	34756	rs9303554-?	rs9303554	0	9303554	intron_variant	1	NR	3E-11	10.522878745280337		1.0539628	NR	Affymetrix [9154080] (imputed)	N	hair color	http://www.ebi.ac.uk/efo/EFO_0003924	GCST006988	Genome-wide genotyping array
2019-01-30	30531825	Morgan MD	2018-12-10	Nat Commun	www.ncbi.nlm.nih.gov/pubmed/30531825	Genome-wide study of hair colour in UK Biobank explains most of the SNP heritability.	Blond vs. brown/black hair color	39,397 British ancestry blond hair individuals, 283,920 British ancestry brown or black hair individuals	NA	14q32.32	14	103487329	MARK3	MARK3			ENSG00000075413			rs55859054-?	rs55859054	0	55859054	intron_variant	0	NR	1E-9	9.0		1.0513036	NR	Affymetrix [9154080] (imputed)	N	hair color	http://www.ebi.ac.uk/efo/EFO_0003924	GCST006988	Genome-wide genotyping array
2019-01-30	30531825	Morgan MD	2018-12-10	Nat Commun	www.ncbi.nlm.nih.gov/pubmed/30531825	Genome-wide study of hair colour in UK Biobank explains most of the SNP heritability.	Blond vs. brown/black hair color	39,397 British ancestry blond hair individuals, 283,920 British ancestry brown or black hair individuals	NA	5q35.2	5	174403619	NSG2	LINC01411			ENSG00000249306			rs2964049-?	rs2964049	0	2964049	intron_variant	0	NR	1E-9	9.0		1.0505306	NR	Affymetrix [9154080] (imputed)	N	hair color	http://www.ebi.ac.uk/efo/EFO_0003924	GCST006988	Genome-wide genotyping array
2019-01-30	30531825	Morgan MD	2018-12-10	Nat Commun	www.ncbi.nlm.nih.gov/pubmed/30531825	Genome-wide study of hair colour in UK Biobank explains most of the SNP heritability.	Blond vs. brown/black hair color	39,397 British ancestry blond hair individuals, 283,920 British ancestry brown or black hair individuals	NA	1p35.3	1	28179554	PTAFR	PTAFR			ENSG00000169403			rs1629168-?	rs1629168	0	1629168	intron_variant	0	NR	4E-8	7.3979400086720375		1.049979	NR	Affymetrix [9154080] (imputed)	N	hair color	http://www.ebi.ac.uk/efo/EFO_0003924	GCST006988	Genome-wide genotyping array
2019-01-30	30531825	Morgan MD	2018-12-10	Nat Commun	www.ncbi.nlm.nih.gov/pubmed/30531825	Genome-wide study of hair colour in UK Biobank explains most of the SNP heritability.	Blond vs. brown/black hair color	39,397 British ancestry blond hair individuals, 283,920 British ancestry brown or black hair individuals	NA	2q32.3	2	191231993	MYO1B	MYO1B-AS1			ENSG00000227542			rs12614848-?	rs12614848	0	12614848	intron_variant	0	NR	1E-8	8.0		1.0498688	NR	Affymetrix [9154080] (imputed)	N	hair color	http://www.ebi.ac.uk/efo/EFO_0003924	GCST006988	Genome-wide genotyping array
2019-01-30	30531825	Morgan MD	2018-12-10	Nat Commun	www.ncbi.nlm.nih.gov/pubmed/30531825	Genome-wide study of hair colour in UK Biobank explains most of the SNP heritability.	Blond vs. brown/black hair color	39,397 British ancestry blond hair individuals, 283,920 British ancestry brown or black hair individuals	NA	22q13.1	22	39343182	SYNGR1	RPL3 - SYNGR1	ENSG00000100316	ENSG00000100321		22793	6727	rs9611155-?	rs9611155	0	9611155	intergenic_variant	1	NR	1E-8	8.0		1.0489877	NR	Affymetrix [9154080] (imputed)	N	hair color	http://www.ebi.ac.uk/efo/EFO_0003924	GCST006988	Genome-wide genotyping array
2019-01-30	30531825	Morgan MD	2018-12-10	Nat Commun	www.ncbi.nlm.nih.gov/pubmed/30531825	Genome-wide study of hair colour in UK Biobank explains most of the SNP heritability.	Blond vs. brown/black hair color	39,397 British ancestry blond hair individuals, 283,920 British ancestry brown or black hair individuals	NA	1q42.13	1	227315768	CDC42BPA	CDC42BPA			ENSG00000143776			rs11806180-?	rs11806180	0	11806180	intron_variant	0	NR	1E-8	8.0		1.0485477	NR	Affymetrix [9154080] (imputed)	N	hair color	http://www.ebi.ac.uk/efo/EFO_0003924	GCST006988	Genome-wide genotyping array
2019-01-30	30531825	Morgan MD	2018-12-10	Nat Commun	www.ncbi.nlm.nih.gov/pubmed/30531825	Genome-wide study of hair colour in UK Biobank explains most of the SNP heritability.	Blond vs. brown/black hair color	39,397 British ancestry blond hair individuals, 283,920 British ancestry brown or black hair individuals	NA	22q13.31	22	45234781	KIAA0930	KIAA0930			ENSG00000100364			rs2294196-?	rs2294196	0	2294196	intron_variant	0	NR	2E-9	8.698970004336019		1.0469012	NR	Affymetrix [9154080] (imputed)	N	hair color	http://www.ebi.ac.uk/efo/EFO_0003924	GCST006988	Genome-wide genotyping array
2019-01-30	30531825	Morgan MD	2018-12-10	Nat Commun	www.ncbi.nlm.nih.gov/pubmed/30531825	Genome-wide study of hair colour in UK Biobank explains most of the SNP heritability.	Blond vs. brown/black hair color	39,397 British ancestry blond hair individuals, 283,920 British ancestry brown or black hair individuals	NA	1q43	1	240239353	FMN2	FMN2			ENSG00000155816			rs7550088-?	rs7550088	0	7550088	intron_variant	0	NR	2E-8	7.698970004336019		1.046682	NR	Affymetrix [9154080] (imputed)	N	hair color	http://www.ebi.ac.uk/efo/EFO_0003924	GCST006988	Genome-wide genotyping array
2019-01-30	30531825	Morgan MD	2018-12-10	Nat Commun	www.ncbi.nlm.nih.gov/pubmed/30531825	Genome-wide study of hair colour in UK Biobank explains most of the SNP heritability.	Blond vs. brown/black hair color	39,397 British ancestry blond hair individuals, 283,920 British ancestry brown or black hair individuals	NA	2p23.2	2	28362941	BABAM2	BABAM2 - FOSL2-AS1	ENSG00000158019	ENSG00000229951		24040	21468	rs4665412-?	rs4665412	0	4665412	intergenic_variant	1	NR	4E-9	8.397940008672037		1.0458064	NR	Affymetrix [9154080] (imputed)	N	hair color	http://www.ebi.ac.uk/efo/EFO_0003924	GCST006988	Genome-wide genotyping array
2019-01-30	30531825	Morgan MD	2018-12-10	Nat Commun	www.ncbi.nlm.nih.gov/pubmed/30531825	Genome-wide study of hair colour in UK Biobank explains most of the SNP heritability.	Blond vs. brown/black hair color	39,397 British ancestry blond hair individuals, 283,920 British ancestry brown or black hair individuals	NA	7p15.1	7	28764294	CREB5	CREB5			ENSG00000146592			rs28531809-?	rs28531809	0	28531809	intron_variant	0	NR	4E-8	7.3979400086720375		1.0447137	NR	Affymetrix [9154080] (imputed)	N	hair color	http://www.ebi.ac.uk/efo/EFO_0003924	GCST006988	Genome-wide genotyping array
2019-01-30	30531825	Morgan MD	2018-12-10	Nat Commun	www.ncbi.nlm.nih.gov/pubmed/30531825	Genome-wide study of hair colour in UK Biobank explains most of the SNP heritability.	Blond vs. brown/black hair color	39,397 British ancestry blond hair individuals, 283,920 British ancestry brown or black hair individuals	NA	3p26.3	3	209075	CHL1	CHL1			ENSG00000134121			rs9809528-G	rs9809528	0	9809528	intron_variant	0	0.4383	5E-8	7.301029995663981		1.043	NR	Affymetrix [9154080] (imputed)	N	hair color	http://www.ebi.ac.uk/efo/EFO_0003924	GCST006988	Genome-wide genotyping array
2019-01-30	30531825	Morgan MD	2018-12-10	Nat Commun	www.ncbi.nlm.nih.gov/pubmed/30531825	Genome-wide study of hair colour in UK Biobank explains most of the SNP heritability.	Blond vs. brown/black hair color	39,397 British ancestry blond hair individuals, 283,920 British ancestry brown or black hair individuals	NA	14q22.2	14	53641073	BMP4	DDHD1-DT			ENSG00000258731			rs210381-G	rs210381	0	210381	intron_variant	0	0.4268	4E-8	7.3979400086720375		1.044	NR	Affymetrix [9154080] (imputed)	N	hair color	http://www.ebi.ac.uk/efo/EFO_0003924	GCST006988	Genome-wide genotyping array
2019-01-30	30531825	Morgan MD	2018-12-10	Nat Commun	www.ncbi.nlm.nih.gov/pubmed/30531825	Genome-wide study of hair colour in UK Biobank explains most of the SNP heritability.	Blond vs. brown/black hair color	39,397 British ancestry blond hair individuals, 283,920 British ancestry brown or black hair individuals	NA	3q22.3	3	138386212	MRAS	MRAS			ENSG00000158186			rs6782181-G	rs6782181	0	6782181	intron_variant	0	0.3517	3E-8	7.522878745280337		1.045	NR	Affymetrix [9154080] (imputed)	N	hair color	http://www.ebi.ac.uk/efo/EFO_0003924	GCST006988	Genome-wide genotyping array
2019-01-30	30531825	Morgan MD	2018-12-10	Nat Commun	www.ncbi.nlm.nih.gov/pubmed/30531825	Genome-wide study of hair colour in UK Biobank explains most of the SNP heritability.	Blond vs. brown/black hair color	39,397 British ancestry blond hair individuals, 283,920 British ancestry brown or black hair individuals	NA	15q13.1	15	27995874	OCA2	OCA2			ENSG00000104044			rs4778224-?	rs4778224	0	4778224	intron_variant	0	NR	3E-29	28.522878745280337		1.1809163	NR	Affymetrix [9154080] (imputed)	N	hair color	http://www.ebi.ac.uk/efo/EFO_0003924	GCST006988	Genome-wide genotyping array
2019-01-30	30531825	Morgan MD	2018-12-10	Nat Commun	www.ncbi.nlm.nih.gov/pubmed/30531825	Genome-wide study of hair colour in UK Biobank explains most of the SNP heritability.	Blond vs. brown/black hair color	39,397 British ancestry blond hair individuals, 283,920 British ancestry brown or black hair individuals	NA	6p25.3	6	412802	IRF4	IRF4 - EXOC2	ENSG00000137265	ENSG00000112685		1359	72331	rs9392504-?	rs9392504	0	9392504	intergenic_variant	1	NR	1E-18	18.0		1.172883	NR	Affymetrix [9154080] (imputed)	N	hair color	http://www.ebi.ac.uk/efo/EFO_0003924	GCST006988	Genome-wide genotyping array
2019-01-30	30531825	Morgan MD	2018-12-10	Nat Commun	www.ncbi.nlm.nih.gov/pubmed/30531825	Genome-wide study of hair colour in UK Biobank explains most of the SNP heritability.	Blond vs. brown/black hair color	39,397 British ancestry blond hair individuals, 283,920 British ancestry brown or black hair individuals	NA	12q21.33	12	88946335	KITLG	RNU1-117P - LINC02458	ENSG00000252850	ENSG00000246363		364539	64346	rs12298351-?	rs12298351	0	12298351	regulatory_region_variant	1	NR	2E-11	10.698970004336019		1.1686339	NR	Affymetrix [9154080] (imputed)	N	hair color	http://www.ebi.ac.uk/efo/EFO_0003924	GCST006988	Genome-wide genotyping array
2019-01-30	30531825	Morgan MD	2018-12-10	Nat Commun	www.ncbi.nlm.nih.gov/pubmed/30531825	Genome-wide study of hair colour in UK Biobank explains most of the SNP heritability.	Blond vs. brown/black hair color	39,397 British ancestry blond hair individuals, 283,920 British ancestry brown or black hair individuals	NA	9p23	9	12712578	TYRP1	LURAP1L-AS1			ENSG00000235448			rs13288130-?	rs13288130	0	13288130	intron_variant	0	NR	1E-77	77.0		1.1613053	NR	Affymetrix [9154080] (imputed)	N	hair color	http://www.ebi.ac.uk/efo/EFO_0003924	GCST006988	Genome-wide genotyping array
2019-01-30	30531825	Morgan MD	2018-12-10	Nat Commun	www.ncbi.nlm.nih.gov/pubmed/30531825	Genome-wide study of hair colour in UK Biobank explains most of the SNP heritability.	Blond vs. brown/black hair color	39,397 British ancestry blond hair individuals, 283,920 British ancestry brown or black hair individuals	NA	9q33.3	9	124046509	LHX2	LHX2 - NEK6	ENSG00000106689	ENSG00000119408		13208	211097	rs10114314-?	rs10114314	0	10114314	intron_variant	1	NR	1E-20	20.0		1.1414222	NR	Affymetrix [9154080] (imputed)	N	hair color	http://www.ebi.ac.uk/efo/EFO_0003924	GCST006988	Genome-wide genotyping array
2019-01-30	30531825	Morgan MD	2018-12-10	Nat Commun	www.ncbi.nlm.nih.gov/pubmed/30531825	Genome-wide study of hair colour in UK Biobank explains most of the SNP heritability.	Blond vs. brown/black hair color	39,397 British ancestry blond hair individuals, 283,920 British ancestry brown or black hair individuals	NA	2q36.1	2	221276324	EPHA4	MIR4268 - EPHA4	ENSG00000266518	ENSG00000116106		1369759	141703	rs16862425-?	rs16862425	0	16862425	intergenic_variant	1	NR	3E-13	12.522878745280337		1.1396011	NR	Affymetrix [9154080] (imputed)	N	hair color	http://www.ebi.ac.uk/efo/EFO_0003924	GCST006988	Genome-wide genotyping array
2019-01-30	30531825	Morgan MD	2018-12-10	Nat Commun	www.ncbi.nlm.nih.gov/pubmed/30531825	Genome-wide study of hair colour in UK Biobank explains most of the SNP heritability.	Blond vs. brown/black hair color	39,397 British ancestry blond hair individuals, 283,920 British ancestry brown or black hair individuals	NA	6q25.3	6	158770756	EZR	EZR			ENSG00000092820			rs3212308-?	rs3212308	0	3212308	splice_region_variant	0	NR	9E-55	54.045757490560675		1.1275228	NR	Affymetrix [9154080] (imputed)	N	hair color	http://www.ebi.ac.uk/efo/EFO_0003924	GCST006988	Genome-wide genotyping array
2019-01-30	30531825	Morgan MD	2018-12-10	Nat Commun	www.ncbi.nlm.nih.gov/pubmed/30531825	Genome-wide study of hair colour in UK Biobank explains most of the SNP heritability.	Blond vs. brown/black hair color	39,397 British ancestry blond hair individuals, 283,920 British ancestry brown or black hair individuals	NA	22q13.31	22	45868501	ATXN10	ATXN10 - WNT7B	ENSG00000130638	ENSG00000188064		23194	51865	rs136047-?	rs136047	0	136047	intergenic_variant	1	NR	2E-8	7.698970004336019		1.1266336	NR	Affymetrix [9154080] (imputed)	N	hair color	http://www.ebi.ac.uk/efo/EFO_0003924	GCST006988	Genome-wide genotyping array
2019-01-30	30531825	Morgan MD	2018-12-10	Nat Commun	www.ncbi.nlm.nih.gov/pubmed/30531825	Genome-wide study of hair colour in UK Biobank explains most of the SNP heritability.	Blond vs. brown/black hair color	39,397 British ancestry blond hair individuals, 283,920 British ancestry brown or black hair individuals	NA	2q36.1	2	221202727	EPHA4	MIR4268 - EPHA4	ENSG00000266518	ENSG00000116106		1296162	215300	rs1432262-?	rs1432262	0	1432262	intergenic_variant	1	NR	1E-24	24.0		1.1263798	NR	Affymetrix [9154080] (imputed)	N	hair color	http://www.ebi.ac.uk/efo/EFO_0003924	GCST006988	Genome-wide genotyping array
2019-01-30	30531825	Morgan MD	2018-12-10	Nat Commun	www.ncbi.nlm.nih.gov/pubmed/30531825	Genome-wide study of hair colour in UK Biobank explains most of the SNP heritability.	Blond vs. brown/black hair color	39,397 British ancestry blond hair individuals, 283,920 British ancestry brown or black hair individuals	NA	5q14.3	5	90967764	ADGRV1	ADGRV1			ENSG00000164199			rs6860111-?	rs6860111	0	6860111	intron_variant	0	NR	3E-48	47.52287874528034		1.1239743	NR	Affymetrix [9154080] (imputed)	N	hair color	http://www.ebi.ac.uk/efo/EFO_0003924	GCST006988	Genome-wide genotyping array
2019-01-30	30531825	Morgan MD	2018-12-10	Nat Commun	www.ncbi.nlm.nih.gov/pubmed/30531825	Genome-wide study of hair colour in UK Biobank explains most of the SNP heritability.	Blond vs. brown/black hair color	39,397 British ancestry blond hair individuals, 283,920 British ancestry brown or black hair individuals	NA	12q21.32	12	88561865	KITLG	KITLG			ENSG00000049130			rs1907703-?	rs1907703	0	1907703	intron_variant	0	NR	2E-24	23.69897000433602		1.1227125	NR	Affymetrix [9154080] (imputed)	N	hair color	http://www.ebi.ac.uk/efo/EFO_0003924	GCST006988	Genome-wide genotyping array
2019-01-30	30531825	Morgan MD	2018-12-10	Nat Commun	www.ncbi.nlm.nih.gov/pubmed/30531825	Genome-wide study of hair colour in UK Biobank explains most of the SNP heritability.	Blond vs. brown/black hair color	39,397 British ancestry blond hair individuals, 283,920 British ancestry brown or black hair individuals	NA	17q21.2	17	41335727	KRT33A	TBC1D3P7 - KRT33A	ENSG00000233014	ENSG00000006059		6182	10365	rs140814701-?	rs140814701	0	140814701	non_coding_transcript_exon_variant	1	NR	7E-11	10.154901959985743		1.1198208	NR	Affymetrix [9154080] (imputed)	N	hair color	http://www.ebi.ac.uk/efo/EFO_0003924	GCST006988	Genome-wide genotyping array
2019-01-30	30531825	Morgan MD	2018-12-10	Nat Commun	www.ncbi.nlm.nih.gov/pubmed/30531825	Genome-wide study of hair colour in UK Biobank explains most of the SNP heritability.	Blond vs. brown/black hair color	39,397 British ancestry blond hair individuals, 283,920 British ancestry brown or black hair individuals	NA	11q14.1	11	78341818	GAB2	GAB2			ENSG00000033327			rs2292572-?	rs2292572	0	2292572	intron_variant	0	NR	2E-24	23.69897000433602		1.1179429	NR	Affymetrix [9154080] (imputed)	N	hair color	http://www.ebi.ac.uk/efo/EFO_0003924	GCST006988	Genome-wide genotyping array
2019-01-30	30531825	Morgan MD	2018-12-10	Nat Commun	www.ncbi.nlm.nih.gov/pubmed/30531825	Genome-wide study of hair colour in UK Biobank explains most of the SNP heritability.	Blond vs. brown/black hair color	39,397 British ancestry blond hair individuals, 283,920 British ancestry brown or black hair individuals	NA	11p15.4	11	7522288	PPFIBP2	PPFIBP2			ENSG00000166387			rs11041426-?	rs11041426	0	11041426	intron_variant	0	NR	1E-42	42.0		1.1164452	NR	Affymetrix [9154080] (imputed)	N	hair color	http://www.ebi.ac.uk/efo/EFO_0003924	GCST006988	Genome-wide genotyping array
2019-01-30	30531825	Morgan MD	2018-12-10	Nat Commun	www.ncbi.nlm.nih.gov/pubmed/30531825	Genome-wide study of hair colour in UK Biobank explains most of the SNP heritability.	Blond vs. brown/black hair color	39,397 British ancestry blond hair individuals, 283,920 British ancestry brown or black hair individuals	NA	12p13.32	12	4208397	CCND2	HSPA8P5 - CCND2-AS1	ENSG00000256356	ENSG00000255920		108878	39584	rs3764032-?	rs3764032	0	3764032	intron_variant	1	NR	4E-8	7.3979400086720375		1.112347	NR	Affymetrix [9154080] (imputed)	N	hair color	http://www.ebi.ac.uk/efo/EFO_0003924	GCST006988	Genome-wide genotyping array
2019-01-30	30531825	Morgan MD	2018-12-10	Nat Commun	www.ncbi.nlm.nih.gov/pubmed/30531825	Genome-wide study of hair colour in UK Biobank explains most of the SNP heritability.	Blond vs. brown/black hair color	39,397 British ancestry blond hair individuals, 283,920 British ancestry brown or black hair individuals	NA	5q11.2	5	53771490	NDUFS4	LINC02105			ENSG00000250447			rs62370277-?	rs62370277	0	62370277	intron_variant	0	NR	3E-17	16.522878745280337		1.1106175	NR	Affymetrix [9154080] (imputed)	N	hair color	http://www.ebi.ac.uk/efo/EFO_0003924	GCST006988	Genome-wide genotyping array
2019-01-30	30531825	Morgan MD	2018-12-10	Nat Commun	www.ncbi.nlm.nih.gov/pubmed/30531825	Genome-wide study of hair colour in UK Biobank explains most of the SNP heritability.	Blond vs. brown/black hair color	39,397 British ancestry blond hair individuals, 283,920 British ancestry brown or black hair individuals	NA	4q25	4	108429724	RPL34	EXOC7P1 - RPL34-DT	ENSG00000250485	ENSG00000234492		9961	108466	rs219493-?	rs219493	0	219493	intergenic_variant	1	NR	3E-20	19.522878745280337		1.1025358	NR	Affymetrix [9154080] (imputed)	N	hair color	http://www.ebi.ac.uk/efo/EFO_0003924	GCST006988	Genome-wide genotyping array
2019-01-30	30531825	Morgan MD	2018-12-10	Nat Commun	www.ncbi.nlm.nih.gov/pubmed/30531825	Genome-wide study of hair colour in UK Biobank explains most of the SNP heritability.	Blond vs. brown/black hair color	39,397 British ancestry blond hair individuals, 283,920 British ancestry brown or black hair individuals	NA	5q11.2	5	53816794	LINC02105	LINC02105			ENSG00000250447			rs6875907-?	rs6875907	0	6875907	intron_variant	0	NR	2E-35	34.69897000433602		1.10011	NR	Affymetrix [9154080] (imputed)	N	hair color	http://www.ebi.ac.uk/efo/EFO_0003924	GCST006988	Genome-wide genotyping array
2019-01-30	30531825	Morgan MD	2018-12-10	Nat Commun	www.ncbi.nlm.nih.gov/pubmed/30531825	Genome-wide study of hair colour in UK Biobank explains most of the SNP heritability.	Blond vs. brown/black hair color	39,397 British ancestry blond hair individuals, 283,920 British ancestry brown or black hair individuals	NA	9p22.2	9	16885019	BNC2	BNC2 - RN7SL720P	ENSG00000173068	ENSG00000241152		14117	168882	rs12350739-?	rs12350739	0	12350739	TF_binding_site_variant	1	NR	1E-32	32.0		1.0997471	NR	Affymetrix [9154080] (imputed)	N	hair color	http://www.ebi.ac.uk/efo/EFO_0003924	GCST006988	Genome-wide genotyping array
2019-01-30	30531825	Morgan MD	2018-12-10	Nat Commun	www.ncbi.nlm.nih.gov/pubmed/30531825	Genome-wide study of hair colour in UK Biobank explains most of the SNP heritability.	Blond vs. brown/black hair color	39,397 British ancestry blond hair individuals, 283,920 British ancestry brown or black hair individuals	NA	17q21.33	17	49944654	DLX4	TAC4-AS1 - RNU6-1313P	ENSG00000204584	ENSG00000199492		95817	21421	rs55788912-?	rs55788912	0	55788912	intergenic_variant	1	NR	6E-26	25.221848749616356		1.0976949	NR	Affymetrix [9154080] (imputed)	N	hair color	http://www.ebi.ac.uk/efo/EFO_0003924	GCST006988	Genome-wide genotyping array
2019-01-30	30531825	Morgan MD	2018-12-10	Nat Commun	www.ncbi.nlm.nih.gov/pubmed/30531825	Genome-wide study of hair colour in UK Biobank explains most of the SNP heritability.	Blond vs. brown/black hair color	39,397 British ancestry blond hair individuals, 283,920 British ancestry brown or black hair individuals	NA	2p21	2	41940183	c2orf91	LINC02898			ENSG00000205086			rs13419021-?	rs13419021	0	13419021	intron_variant	0	NR	2E-30	29.69897000433602		1.097213	NR	Affymetrix [9154080] (imputed)	N	hair color	http://www.ebi.ac.uk/efo/EFO_0003924	GCST006988	Genome-wide genotyping array
2019-01-30	30531825	Morgan MD	2018-12-10	Nat Commun	www.ncbi.nlm.nih.gov/pubmed/30531825	Genome-wide study of hair colour in UK Biobank explains most of the SNP heritability.	Blond vs. brown/black hair color	39,397 British ancestry blond hair individuals, 283,920 British ancestry brown or black hair individuals	NA	1p31.3	1	61234587	NFIA	NFIA			ENSG00000162599			rs17377218-?	rs17377218	0	17377218	intron_variant	0	NR	4E-9	8.397940008672037		1.096371	NR	Affymetrix [9154080] (imputed)	N	hair color	http://www.ebi.ac.uk/efo/EFO_0003924	GCST006988	Genome-wide genotyping array
2019-01-30	30531825	Morgan MD	2018-12-10	Nat Commun	www.ncbi.nlm.nih.gov/pubmed/30531825	Genome-wide study of hair colour in UK Biobank explains most of the SNP heritability.	Blond vs. brown/black hair color	39,397 British ancestry blond hair individuals, 283,920 British ancestry brown or black hair individuals	NA	9p22.2	9	16795288	BNC2	BNC2			ENSG00000173068			rs10962599-?	rs10962599	0	10962599	intron_variant	0	NR	5E-22	21.30102999566398		1.0936134	NR	Affymetrix [9154080] (imputed)	N	hair color	http://www.ebi.ac.uk/efo/EFO_0003924	GCST006988	Genome-wide genotyping array
2019-01-30	30531825	Morgan MD	2018-12-10	Nat Commun	www.ncbi.nlm.nih.gov/pubmed/30531825	Genome-wide study of hair colour in UK Biobank explains most of the SNP heritability.	Blond vs. brown/black hair color	39,397 British ancestry blond hair individuals, 283,920 British ancestry brown or black hair individuals	NA	3q21.1	3	122807969	DIRC2	SLC49A4			ENSG00000138463			rs9847240-?	rs9847240	0	9847240	intron_variant	0	NR	3E-27	26.522878745280337		1.0926573	NR	Affymetrix [9154080] (imputed)	N	hair color	http://www.ebi.ac.uk/efo/EFO_0003924	GCST006988	Genome-wide genotyping array
2019-01-30	30531825	Morgan MD	2018-12-10	Nat Commun	www.ncbi.nlm.nih.gov/pubmed/30531825	Genome-wide study of hair colour in UK Biobank explains most of the SNP heritability.	Blond vs. brown/black hair color	39,397 British ancestry blond hair individuals, 283,920 British ancestry brown or black hair individuals	NA	17q24.1	17	65522407	AXIN2	LINC02563 - AXIN2	ENSG00000263520	ENSG00000168646		63999	6154	rs7406690-?	rs7406690	0	7406690	intergenic_variant	1	NR	1E-8	8.0		1.0919415	NR	Affymetrix [9154080] (imputed)	N	hair color	http://www.ebi.ac.uk/efo/EFO_0003924	GCST006988	Genome-wide genotyping array
2019-01-30	30531825	Morgan MD	2018-12-10	Nat Commun	www.ncbi.nlm.nih.gov/pubmed/30531825	Genome-wide study of hair colour in UK Biobank explains most of the SNP heritability.	Blond vs. brown/black hair color	39,397 British ancestry blond hair individuals, 283,920 British ancestry brown or black hair individuals	NA	11q12.2	11	61788567	MYRF	TMEM258			ENSG00000134825			rs61896141-C	rs61896141	0	61896141	3_prime_UTR_variant	0	0.1893	1E-18	18.0		1.089	NR	Affymetrix [9154080] (imputed)	N	hair color	http://www.ebi.ac.uk/efo/EFO_0003924	GCST006988	Genome-wide genotyping array
2019-01-30	30531825	Morgan MD	2018-12-10	Nat Commun	www.ncbi.nlm.nih.gov/pubmed/30531825	Genome-wide study of hair colour in UK Biobank explains most of the SNP heritability.	Blond vs. brown/black hair color	39,397 British ancestry blond hair individuals, 283,920 British ancestry brown or black hair individuals	NA	6p21.33	6	31759073	MSH5	MSH5, MSH5-SAPCD1			ENSG00000204410, ENSG00000255152			rs17207524-T	rs17207524	0	17207524	intron_variant	0	0.06447	3E-8	7.522878745280337		1.09	NR	Affymetrix [9154080] (imputed)	N	hair color	http://www.ebi.ac.uk/efo/EFO_0003924	GCST006988	Genome-wide genotyping array
2019-01-30	30531825	Morgan MD	2018-12-10	Nat Commun	www.ncbi.nlm.nih.gov/pubmed/30531825	Genome-wide study of hair colour in UK Biobank explains most of the SNP heritability.	Blond vs. brown/black hair color	39,397 British ancestry blond hair individuals, 283,920 British ancestry brown or black hair individuals	NA	20q13.31	20	56834037	TFAP2C	RNU6-929P - BMP7	ENSG00000207158	ENSG00000101144		47950	334716	rs6127868-A	rs6127868	0	6127868	intron_variant	1	0.1491	6E-17	16.221848749616356		1.092	NR	Affymetrix [9154080] (imputed)	N	hair color	http://www.ebi.ac.uk/efo/EFO_0003924	GCST006988	Genome-wide genotyping array
2019-01-30	30531825	Morgan MD	2018-12-10	Nat Commun	www.ncbi.nlm.nih.gov/pubmed/30531825	Genome-wide study of hair colour in UK Biobank explains most of the SNP heritability.	Blond vs. brown/black hair color	39,397 British ancestry blond hair individuals, 283,920 British ancestry brown or black hair individuals	NA	5q35.2	5	174729165	MSX2	MSX2			ENSG00000120149			rs4242182-T	rs4242182	0	4242182	missense_variant	0	0.09754	4E-13	12.397940008672037		1.095	NR	Affymetrix [9154080] (imputed)	N	hair color	http://www.ebi.ac.uk/efo/EFO_0003924	GCST006988	Genome-wide genotyping array
2019-01-30	30531825	Morgan MD	2018-12-10	Nat Commun	www.ncbi.nlm.nih.gov/pubmed/30531825	Genome-wide study of hair colour in UK Biobank explains most of the SNP heritability.	Blond vs. brown/black hair color	39,397 British ancestry blond hair individuals, 283,920 British ancestry brown or black hair individuals	NA	15q13.1	15	27848288	OCA2	OCA2			ENSG00000104044			rs924318-A	rs924318	0	924318	intron_variant	0	0.3417	7E-29	28.154901959985743		1.097	NR	Affymetrix [9154080] (imputed)	N	hair color	http://www.ebi.ac.uk/efo/EFO_0003924	GCST006988	Genome-wide genotyping array
2019-01-30	30531825	Morgan MD	2018-12-10	Nat Commun	www.ncbi.nlm.nih.gov/pubmed/30531825	Genome-wide study of hair colour in UK Biobank explains most of the SNP heritability.	Blond vs. brown/black hair color	39,397 British ancestry blond hair individuals, 283,920 British ancestry brown or black hair individuals	NA	3q23	3	141915214	ATP1B3	ATP1B3			ENSG00000069849			rs3804772-A	rs3804772	0	3804772	intron_variant	0	0.1253	4E-19	18.397940008672037		1.105	NR	Affymetrix [9154080] (imputed)	N	hair color	http://www.ebi.ac.uk/efo/EFO_0003924	GCST006988	Genome-wide genotyping array
2019-01-30	30531825	Morgan MD	2018-12-10	Nat Commun	www.ncbi.nlm.nih.gov/pubmed/30531825	Genome-wide study of hair colour in UK Biobank explains most of the SNP heritability.	Blond vs. brown/black hair color	39,397 British ancestry blond hair individuals, 283,920 British ancestry brown or black hair individuals	NA	14q32.12	14	92259950	SLC24A4	CPSF2 - RNU6-366P	ENSG00000165934	ENSG00000201097		87805	5752	rs75433889-T	rs75433889	0	75433889	intron_variant	1	0.06872	9E-13	12.045757490560675		1.109	NR	Affymetrix [9154080] (imputed)	N	hair color	http://www.ebi.ac.uk/efo/EFO_0003924	GCST006988	Genome-wide genotyping array
2019-01-30	30531825	Morgan MD	2018-12-10	Nat Commun	www.ncbi.nlm.nih.gov/pubmed/30531825	Genome-wide study of hair colour in UK Biobank explains most of the SNP heritability.	Blond vs. brown/black hair color	39,397 British ancestry blond hair individuals, 283,920 British ancestry brown or black hair individuals	NA	12q21.32	12	88546380	KITLG	KITLG			ENSG00000049130			rs35618688-A	rs35618688	0	35618688	intron_variant	0	0.06058	1E-8	8.0		1.113	NR	Affymetrix [9154080] (imputed)	N	hair color	http://www.ebi.ac.uk/efo/EFO_0003924	GCST006988	Genome-wide genotyping array
2019-01-30	30531825	Morgan MD	2018-12-10	Nat Commun	www.ncbi.nlm.nih.gov/pubmed/30531825	Genome-wide study of hair colour in UK Biobank explains most of the SNP heritability.	Blond vs. brown/black hair color	39,397 British ancestry blond hair individuals, 283,920 British ancestry brown or black hair individuals	NA	11p14.1	11	27398598	LGR4	LGR4			ENSG00000205213			rs58604758-A	rs58604758	0	58604758	intron_variant	0	0.06516	1E-13	13.0		1.12	NR	Affymetrix [9154080] (imputed)	N	hair color	http://www.ebi.ac.uk/efo/EFO_0003924	GCST006988	Genome-wide genotyping array
2019-01-30	30531825	Morgan MD	2018-12-10	Nat Commun	www.ncbi.nlm.nih.gov/pubmed/30531825	Genome-wide study of hair colour in UK Biobank explains most of the SNP heritability.	Blond vs. brown/black hair color	39,397 British ancestry blond hair individuals, 283,920 British ancestry brown or black hair individuals	NA	12q21.32	12	88342824	TMTC3	TMTC3 - Y_RNA	ENSG00000139324	ENSG00000200544		142937	87618	rs7306001-A	rs7306001	0	7306001	intergenic_variant	1	0.07106	8E-12	11.096910013008056		1.125	NR	Affymetrix [9154080] (imputed)	N	hair color	http://www.ebi.ac.uk/efo/EFO_0003924	GCST006988	Genome-wide genotyping array
2019-01-30	30531825	Morgan MD	2018-12-10	Nat Commun	www.ncbi.nlm.nih.gov/pubmed/30531825	Genome-wide study of hair colour in UK Biobank explains most of the SNP heritability.	Blond vs. brown/black hair color	39,397 British ancestry blond hair individuals, 283,920 British ancestry brown or black hair individuals	NA	16q24.3	16	89698638	SPATA2L	SPATA2L			ENSG00000158792			rs35432452-G	rs35432452	0	35432452	intron_variant	0	0.1462	8E-23	22.096910013008056		1.125	NR	Affymetrix [9154080] (imputed)	N	hair color	http://www.ebi.ac.uk/efo/EFO_0003924	GCST006988	Genome-wide genotyping array
2019-01-30	30531825	Morgan MD	2018-12-10	Nat Commun	www.ncbi.nlm.nih.gov/pubmed/30531825	Genome-wide study of hair colour in UK Biobank explains most of the SNP heritability.	Blond vs. brown/black hair color	39,397 British ancestry blond hair individuals, 283,920 British ancestry brown or black hair individuals	NA	6p25.3	6	386933	IRF4	DUSP22 - IRF4	ENSG00000112679	ENSG00000137265		35578	4806	rs74758148-A	rs74758148	0	74758148	intron_variant	1	0.04255	2E-10	9.698970004336019		1.128	NR	Affymetrix [9154080] (imputed)	N	hair color	http://www.ebi.ac.uk/efo/EFO_0003924	GCST006988	Genome-wide genotyping array
2019-01-30	30531825	Morgan MD	2018-12-10	Nat Commun	www.ncbi.nlm.nih.gov/pubmed/30531825	Genome-wide study of hair colour in UK Biobank explains most of the SNP heritability.	Blond vs. brown/black hair color	39,397 British ancestry blond hair individuals, 283,920 British ancestry brown or black hair individuals	NA	3q23	3	141375927	ZBTB38	ZBTB38			ENSG00000177311			rs4683605-A	rs4683605	0	4683605	intron_variant	0	0.4464	5E-58	57.30102999566398		1.131	NR	Affymetrix [9154080] (imputed)	N	hair color	http://www.ebi.ac.uk/efo/EFO_0003924	GCST006988	Genome-wide genotyping array
2019-01-30	30531825	Morgan MD	2018-12-10	Nat Commun	www.ncbi.nlm.nih.gov/pubmed/30531825	Genome-wide study of hair colour in UK Biobank explains most of the SNP heritability.	Blond vs. brown/black hair color	39,397 British ancestry blond hair individuals, 283,920 British ancestry brown or black hair individuals	NA	6q25.3	6	158839955	EZR	EZR-AS1 - OSTCP1	ENSG00000233893	ENSG00000243775		17703	1766	rs73013664-T	rs73013664	0	73013664	intergenic_variant	1	0.18	1E-25	25.0		1.134	NR	Affymetrix [9154080] (imputed)	N	hair color	http://www.ebi.ac.uk/efo/EFO_0003924	GCST006988	Genome-wide genotyping array
2019-01-30	30531825	Morgan MD	2018-12-10	Nat Commun	www.ncbi.nlm.nih.gov/pubmed/30531825	Genome-wide study of hair colour in UK Biobank explains most of the SNP heritability.	Blond vs. brown/black hair color	39,397 British ancestry blond hair individuals, 283,920 British ancestry brown or black hair individuals	NA	6p25.3	6	542159	EXOC2	EXOC2			ENSG00000112685			rs6918152-A	rs6918152	0	6918152	intron_variant	0	0.363	2E-59	58.69897000433602		1.137	NR	Affymetrix [9154080] (imputed)	N	hair color	http://www.ebi.ac.uk/efo/EFO_0003924	GCST006988	Genome-wide genotyping array
2019-01-30	30531825	Morgan MD	2018-12-10	Nat Commun	www.ncbi.nlm.nih.gov/pubmed/30531825	Genome-wide study of hair colour in UK Biobank explains most of the SNP heritability.	Blond vs. brown/black hair color	39,397 British ancestry blond hair individuals, 283,920 British ancestry brown or black hair individuals	NA	9q33.3	9	124028328	LHX2	LHX2			ENSG00000106689			rs917783-C	rs917783	0	917783	intron_variant	0	0.4546	3E-64	63.52287874528034		1.138	NR	Affymetrix [9154080] (imputed)	N	hair color	http://www.ebi.ac.uk/efo/EFO_0003924	GCST006988	Genome-wide genotyping array
2019-01-30	30531825	Morgan MD	2018-12-10	Nat Commun	www.ncbi.nlm.nih.gov/pubmed/30531825	Genome-wide study of hair colour in UK Biobank explains most of the SNP heritability.	Blond vs. brown/black hair color	39,397 British ancestry blond hair individuals, 283,920 British ancestry brown or black hair individuals	NA	15q13.1	15	28079766	OCA2	OCA2			ENSG00000104044			rs116978932-A	rs116978932	0	116978932	intron_variant	0	0.05458	8E-9	8.096910013008056		1.139	NR	Affymetrix [9154080] (imputed)	N	hair color	http://www.ebi.ac.uk/efo/EFO_0003924	GCST006988	Genome-wide genotyping array
2019-01-30	30531825	Morgan MD	2018-12-10	Nat Commun	www.ncbi.nlm.nih.gov/pubmed/30531825	Genome-wide study of hair colour in UK Biobank explains most of the SNP heritability.	Blond vs. brown/black hair color	39,397 British ancestry blond hair individuals, 283,920 British ancestry brown or black hair individuals	NA	16q24.3	16	89873521	TCF25	SPIRE2 - TCF25	ENSG00000204991	ENSG00000141002		2202	45	rs9939914-C	rs9939914	0	9939914	regulatory_region_variant	1	0.2504	7E-36	35.15490195998574		1.14	NR	Affymetrix [9154080] (imputed)	N	hair color	http://www.ebi.ac.uk/efo/EFO_0003924	GCST006988	Genome-wide genotyping array
2019-01-30	30531825	Morgan MD	2018-12-10	Nat Commun	www.ncbi.nlm.nih.gov/pubmed/30531825	Genome-wide study of hair colour in UK Biobank explains most of the SNP heritability.	Blond vs. brown/black hair color	39,397 British ancestry blond hair individuals, 283,920 British ancestry brown or black hair individuals	NA	21q22.3	21	43332888	LINC00322	LINC00322 - LINC01679	ENSG00000237864	ENSG00000237989		849	25167	rs73220980-A	rs73220980	0	73220980	intron_variant	1	0.02766	3E-9	8.522878745280337		1.142	NR	Affymetrix [9154080] (imputed)	N	hair color	http://www.ebi.ac.uk/efo/EFO_0003924	GCST006988	Genome-wide genotyping array
2019-01-30	30531825	Morgan MD	2018-12-10	Nat Commun	www.ncbi.nlm.nih.gov/pubmed/30531825	Genome-wide study of hair colour in UK Biobank explains most of the SNP heritability.	Blond vs. brown/black hair color	39,397 British ancestry blond hair individuals, 283,920 British ancestry brown or black hair individuals	NA	17q21.32	17	47873355	SP6	SP6 - SP2-AS1	ENSG00000189120	ENSG00000234494		17481	572	rs72833470-G	rs72833470	0	72833470	intergenic_variant	1	0.2774	7E-57	56.15490195998574		1.143	NR	Affymetrix [9154080] (imputed)	N	hair color	http://www.ebi.ac.uk/efo/EFO_0003924	GCST006988	Genome-wide genotyping array
2019-01-30	30531825	Morgan MD	2018-12-10	Nat Commun	www.ncbi.nlm.nih.gov/pubmed/30531825	Genome-wide study of hair colour in UK Biobank explains most of the SNP heritability.	Blond vs. brown/black hair color	39,397 British ancestry blond hair individuals, 283,920 British ancestry brown or black hair individuals	NA	12q21.32	12	88280846	TMTC3	TMTC3 - Y_RNA	ENSG00000139324	ENSG00000200544		80959	149596	rs7487365-C	rs7487365	0	7487365	intergenic_variant	1	0.06804	2E-10	9.698970004336019		1.15	NR	Affymetrix [9154080] (imputed)	N	hair color	http://www.ebi.ac.uk/efo/EFO_0003924	GCST006988	Genome-wide genotyping array
2019-01-30	30531825	Morgan MD	2018-12-10	Nat Commun	www.ncbi.nlm.nih.gov/pubmed/30531825	Genome-wide study of hair colour in UK Biobank explains most of the SNP heritability.	Blond vs. brown/black hair color	39,397 British ancestry blond hair individuals, 283,920 British ancestry brown or black hair individuals	NA	15q25.1	15	81238507	IL6	IL16			ENSG00000172349			rs67093094-T	rs67093094	0	67093094	intron_variant	0	0.2049	7E-50	49.15490195998574		1.151	NR	Affymetrix [9154080] (imputed)	N	hair color	http://www.ebi.ac.uk/efo/EFO_0003924	GCST006988	Genome-wide genotyping array
2019-01-30	30531825	Morgan MD	2018-12-10	Nat Commun	www.ncbi.nlm.nih.gov/pubmed/30531825	Genome-wide study of hair colour in UK Biobank explains most of the SNP heritability.	Blond vs. brown/black hair color	39,397 British ancestry blond hair individuals, 283,920 British ancestry brown or black hair individuals	NA	11q14.3	11	89277878	TYR	TYR			ENSG00000077498			rs1393350-A	rs1393350	0	1393350	intron_variant	0	0.289	3E-71	70.52287874528034		1.16	NR	Affymetrix [9154080] (imputed)	N	hair color	http://www.ebi.ac.uk/efo/EFO_0003924	GCST006988	Genome-wide genotyping array
2019-01-30	30531825	Morgan MD	2018-12-10	Nat Commun	www.ncbi.nlm.nih.gov/pubmed/30531825	Genome-wide study of hair colour in UK Biobank explains most of the SNP heritability.	Blond vs. brown/black hair color	39,397 British ancestry blond hair individuals, 283,920 British ancestry brown or black hair individuals	NA	16q24.3	16	89919746	MC1R	MC1R			ENSG00000258839			rs885479-A	rs885479	0	885479	missense_variant	0	0.04791	4E-8	7.3979400086720375		1.165	NR	Affymetrix [9154080] (imputed)	N	hair color	http://www.ebi.ac.uk/efo/EFO_0003924	GCST006988	Genome-wide genotyping array
2019-01-30	30531825	Morgan MD	2018-12-10	Nat Commun	www.ncbi.nlm.nih.gov/pubmed/30531825	Genome-wide study of hair colour in UK Biobank explains most of the SNP heritability.	Blond vs. brown/black hair color	39,397 British ancestry blond hair individuals, 283,920 British ancestry brown or black hair individuals	NA	13q32.1	13	94544305	DCT	DCT - TGDS	ENSG00000080166	ENSG00000088451		64623	29749	rs6492711-T	rs6492711	0	6492711	intron_variant	1	0.343	3E-92	91.52287874528034		1.175	NR	Affymetrix [9154080] (imputed)	N	hair color	http://www.ebi.ac.uk/efo/EFO_0003924	GCST006988	Genome-wide genotyping array
2019-01-30	30531825	Morgan MD	2018-12-10	Nat Commun	www.ncbi.nlm.nih.gov/pubmed/30531825	Genome-wide study of hair colour in UK Biobank explains most of the SNP heritability.	Blond vs. brown/black hair color	39,397 British ancestry blond hair individuals, 283,920 British ancestry brown or black hair individuals	NA	9q33.3	9	124049017	LHX2	LHX2 - NEK6	ENSG00000106689	ENSG00000119408		15716	208589	rs12344562-C	rs12344562	0	12344562	intron_variant	1	0.184	3E-78	77.52287874528034		1.199	NR	Affymetrix [9154080] (imputed)	N	hair color	http://www.ebi.ac.uk/efo/EFO_0003924	GCST006988	Genome-wide genotyping array
2019-01-30	30531825	Morgan MD	2018-12-10	Nat Commun	www.ncbi.nlm.nih.gov/pubmed/30531825	Genome-wide study of hair colour in UK Biobank explains most of the SNP heritability.	Blond vs. brown/black hair color	39,397 British ancestry blond hair individuals, 283,920 British ancestry brown or black hair individuals	NA	11q14.3	11	88819465	GRM5	GRM5			ENSG00000168959			rs148065054-T	rs148065054	0	148065054	intron_variant	0	0.02513	8E-17	16.096910013008056		1.214	NR	Affymetrix [9154080] (imputed)	N	hair color	http://www.ebi.ac.uk/efo/EFO_0003924	GCST006988	Genome-wide genotyping array
2019-01-30	30531825	Morgan MD	2018-12-10	Nat Commun	www.ncbi.nlm.nih.gov/pubmed/30531825	Genome-wide study of hair colour in UK Biobank explains most of the SNP heritability.	Blond vs. brown/black hair color	39,397 British ancestry blond hair individuals, 283,920 British ancestry brown or black hair individuals	NA	20q13.2	20	54026254	BCAS1	BCAS1			ENSG00000064787			rs55901013-T	rs55901013	0	55901013	intron_variant	0	0.04725	1E-30	30.0		1.214	NR	Affymetrix [9154080] (imputed)	N	hair color	http://www.ebi.ac.uk/efo/EFO_0003924	GCST006988	Genome-wide genotyping array
2019-01-30	30531825	Morgan MD	2018-12-10	Nat Commun	www.ncbi.nlm.nih.gov/pubmed/30531825	Genome-wide study of hair colour in UK Biobank explains most of the SNP heritability.	Blond vs. brown/black hair color	39,397 British ancestry blond hair individuals, 283,920 British ancestry brown or black hair individuals	NA	15q13.1	15	27968778	OCA2	OCA2			ENSG00000104044			rs72625132-C	rs72625132	0	72625132	intron_variant	0	0.1125	2E-49	48.69897000433602		1.225	NR	Affymetrix [9154080] (imputed)	N	hair color	http://www.ebi.ac.uk/efo/EFO_0003924	GCST006988	Genome-wide genotyping array
2019-01-30	30531825	Morgan MD	2018-12-10	Nat Commun	www.ncbi.nlm.nih.gov/pubmed/30531825	Genome-wide study of hair colour in UK Biobank explains most of the SNP heritability.	Blond vs. brown/black hair color	39,397 British ancestry blond hair individuals, 283,920 British ancestry brown or black hair individuals	NA	8q23.1	8	108055385	RSPO2	RSPO2			ENSG00000147655			rs117954051-C	rs117954051	0	117954051	intron_variant	0	0.01248	1E-13	13.0		1.262	NR	Affymetrix [9154080] (imputed)	N	hair color	http://www.ebi.ac.uk/efo/EFO_0003924	GCST006988	Genome-wide genotyping array
2019-01-30	30531825	Morgan MD	2018-12-10	Nat Commun	www.ncbi.nlm.nih.gov/pubmed/30531825	Genome-wide study of hair colour in UK Biobank explains most of the SNP heritability.	Blond vs. brown/black hair color	39,397 British ancestry blond hair individuals, 283,920 British ancestry brown or black hair individuals	NA	11q13.3	11	69087895	TPCN2	TPCN2			ENSG00000162341			rs3829241-A	rs3829241	0	3829241	missense_variant	0	0.4065	5E-188	187.30102999566398		1.269	NR	Affymetrix [9154080] (imputed)	N	hair color	http://www.ebi.ac.uk/efo/EFO_0003924	GCST006988	Genome-wide genotyping array
2019-01-30	30531825	Morgan MD	2018-12-10	Nat Commun	www.ncbi.nlm.nih.gov/pubmed/30531825	Genome-wide study of hair colour in UK Biobank explains most of the SNP heritability.	Blond vs. brown/black hair color	39,397 British ancestry blond hair individuals, 283,920 British ancestry brown or black hair individuals	NA	15q13.1	15	28315576	HERC2	HERC2			ENSG00000128731			rs77572354-G	rs77572354	0	77572354	intron_variant	0	0.08222	8E-12	11.096910013008056		1.277	NR	Affymetrix [9154080] (imputed)	N	hair color	http://www.ebi.ac.uk/efo/EFO_0003924	GCST006988	Genome-wide genotyping array
2019-01-30	30531825	Morgan MD	2018-12-10	Nat Commun	www.ncbi.nlm.nih.gov/pubmed/30531825	Genome-wide study of hair colour in UK Biobank explains most of the SNP heritability.	Blond vs. brown/black hair color	39,397 British ancestry blond hair individuals, 283,920 British ancestry brown or black hair individuals	NA	16q24.3	16	89919436	MC1R	MC1R			ENSG00000258839			rs1805005-T	rs1805005	0	1805005	missense_variant	0	0.122	2E-125	124.69897000433602		1.314	NR	Affymetrix [9154080] (imputed)	N	hair color	http://www.ebi.ac.uk/efo/EFO_0003924	GCST006988	Genome-wide genotyping array
2019-01-30	30531825	Morgan MD	2018-12-10	Nat Commun	www.ncbi.nlm.nih.gov/pubmed/30531825	Genome-wide study of hair colour in UK Biobank explains most of the SNP heritability.	Blond vs. brown/black hair color	39,397 British ancestry blond hair individuals, 283,920 British ancestry brown or black hair individuals	NA	11q14.3	11	89178528	TYR	TYR			ENSG00000077498			rs1042602-A	rs1042602	0	1042602	missense_variant	0	0.3674	2E-200	199.69897000433602		1.325	NR	Affymetrix [9154080] (imputed)	N	hair color	http://www.ebi.ac.uk/efo/EFO_0003924	GCST006988	Genome-wide genotyping array
2019-01-30	30531825	Morgan MD	2018-12-10	Nat Commun	www.ncbi.nlm.nih.gov/pubmed/30531825	Genome-wide study of hair colour in UK Biobank explains most of the SNP heritability.	Blond vs. brown/black hair color	39,397 British ancestry blond hair individuals, 283,920 British ancestry brown or black hair individuals	NA	20q11.22	20	34077942	RALY	RALY			ENSG00000125970			rs6059655-A	rs6059655	0	6059655	intron_variant	0	0.1059	8E-149	148.09691001300806		1.354	NR	Affymetrix [9154080] (imputed)	N	hair color	http://www.ebi.ac.uk/efo/EFO_0003924	GCST006988	Genome-wide genotyping array
2019-01-30	30531825	Morgan MD	2018-12-10	Nat Commun	www.ncbi.nlm.nih.gov/pubmed/30531825	Genome-wide study of hair colour in UK Biobank explains most of the SNP heritability.	Blond vs. brown/black hair color	39,397 British ancestry blond hair individuals, 283,920 British ancestry brown or black hair individuals	NA	15q13.1	15	27985172	OCA2	OCA2			ENSG00000104044			rs1800407-T	rs1800407	0	1800407	missense_variant	0	0.08538	2E-81	80.69897000433602		1.399	NR	Affymetrix [9154080] (imputed)	N	hair color	http://www.ebi.ac.uk/efo/EFO_0003924	GCST006988	Genome-wide genotyping array
2019-01-30	30531825	Morgan MD	2018-12-10	Nat Commun	www.ncbi.nlm.nih.gov/pubmed/30531825	Genome-wide study of hair colour in UK Biobank explains most of the SNP heritability.	Blond vs. brown/black hair color	39,397 British ancestry blond hair individuals, 283,920 British ancestry brown or black hair individuals	NA	15q13.1	15	28135112	HERC2	HERC2			ENSG00000128731			rs75165924-T	rs75165924	0	75165924	intron_variant	0	0.04666	3E-21	20.522878745280337		1.41	NR	Affymetrix [9154080] (imputed)	N	hair color	http://www.ebi.ac.uk/efo/EFO_0003924	GCST006988	Genome-wide genotyping array
2019-01-30	30531825	Morgan MD	2018-12-10	Nat Commun	www.ncbi.nlm.nih.gov/pubmed/30531825	Genome-wide study of hair colour in UK Biobank explains most of the SNP heritability.	Blond vs. brown/black hair color	39,397 British ancestry blond hair individuals, 283,920 British ancestry brown or black hair individuals	NA	12q13.13	12	52254374	KRT86, KRT7	KRT87P, KRT87P, KRT86			ENSG00000290966, ENSG00000135477, ENSG00000170442			rs139727704-G	rs139727704	0	139727704	splice_polypyrimidine_tract_variant	0	0.004688	2E-12	11.698970004336019		1.414	NR	Affymetrix [9154080] (imputed)	N	hair color	http://www.ebi.ac.uk/efo/EFO_0003924	GCST006988	Genome-wide genotyping array
2019-01-30	30531825	Morgan MD	2018-12-10	Nat Commun	www.ncbi.nlm.nih.gov/pubmed/30531825	Genome-wide study of hair colour in UK Biobank explains most of the SNP heritability.	Blond vs. brown/black hair color	39,397 British ancestry blond hair individuals, 283,920 British ancestry brown or black hair individuals	NA	16q24.3	16	89871836	TCF25	SPIRE2 - TCF25	ENSG00000204991	ENSG00000141002		517	1730	rs182948919-T	rs182948919	0	182948919	regulatory_region_variant	1	0.01219	2E-33	32.69897000433602		1.507	NR	Affymetrix [9154080] (imputed)	N	hair color	http://www.ebi.ac.uk/efo/EFO_0003924	GCST006988	Genome-wide genotyping array
2019-01-30	30531825	Morgan MD	2018-12-10	Nat Commun	www.ncbi.nlm.nih.gov/pubmed/30531825	Genome-wide study of hair colour in UK Biobank explains most of the SNP heritability.	Blond vs. brown/black hair color	39,397 British ancestry blond hair individuals, 283,920 British ancestry brown or black hair individuals	NA	15q12	15	27701080	OCA2	GABRG3 - OCA2	ENSG00000182256	ENSG00000104044		159096	53794	rs139029488-C	rs139029488	0	139029488	intergenic_variant	1	0.006794	4E-20	19.397940008672037		1.52	NR	Affymetrix [9154080] (imputed)	N	hair color	http://www.ebi.ac.uk/efo/EFO_0003924	GCST006988	Genome-wide genotyping array
2019-01-30	30531825	Morgan MD	2018-12-10	Nat Commun	www.ncbi.nlm.nih.gov/pubmed/30531825	Genome-wide study of hair colour in UK Biobank explains most of the SNP heritability.	Blond vs. brown/black hair color	39,397 British ancestry blond hair individuals, 283,920 British ancestry brown or black hair individuals	NA	11q13.3	11	69049973	TPCN2	TPCN2			ENSG00000162341			rs72917317-G	rs72917317	0	72917317	intron_variant	0	0.1064	2E-308	307.69897000433605		1.545	NR	Affymetrix [9154080] (imputed)	N	hair color	http://www.ebi.ac.uk/efo/EFO_0003924	GCST006988	Genome-wide genotyping array
2019-01-30	30531825	Morgan MD	2018-12-10	Nat Commun	www.ncbi.nlm.nih.gov/pubmed/30531825	Genome-wide study of hair colour in UK Biobank explains most of the SNP heritability.	Blond vs. brown/black hair color	39,397 British ancestry blond hair individuals, 283,920 British ancestry brown or black hair individuals	NA	12q21.33	12	88934558	KITLG	RNU1-117P - LINC02458	ENSG00000252850	ENSG00000246363		352762	76123	rs12821256-C	rs12821256	0	12821256	regulatory_region_variant	1	0.1194	2E-308	307.69897000433605		1.659	NR	Affymetrix [9154080] (imputed)	N	hair color	http://www.ebi.ac.uk/efo/EFO_0003924	GCST006988	Genome-wide genotyping array
2019-01-30	30531825	Morgan MD	2018-12-10	Nat Commun	www.ncbi.nlm.nih.gov/pubmed/30531825	Genome-wide study of hair colour in UK Biobank explains most of the SNP heritability.	Blond vs. brown/black hair color	39,397 British ancestry blond hair individuals, 283,920 British ancestry brown or black hair individuals	NA	14q32.12	14	92310481	LOC105370627	RNU6-366P - SLC24A4	ENSG00000201097	ENSG00000140090		44674	12100	rs941799-T	rs941799	0	941799	intron_variant	1	0.4533	2E-308	307.69897000433605		1.662	NR	Affymetrix [9154080] (imputed)	N	hair color	http://www.ebi.ac.uk/efo/EFO_0003924	GCST006988	Genome-wide genotyping array
2019-01-30	30531825	Morgan MD	2018-12-10	Nat Commun	www.ncbi.nlm.nih.gov/pubmed/30531825	Genome-wide study of hair colour in UK Biobank explains most of the SNP heritability.	Blond vs. brown/black hair color	39,397 British ancestry blond hair individuals, 283,920 British ancestry brown or black hair individuals	NA	7q22.1	7	100859956	SLC12A9	SLC12A9			ENSG00000146828			rs80308281-C	rs80308281	0	80308281	missense_variant	0	0.005442	2E-34	33.69897000433602		1.696	NR	Affymetrix [9154080] (imputed)	N	hair color	http://www.ebi.ac.uk/efo/EFO_0003924	GCST006988	Genome-wide genotyping array
2019-01-30	30531825	Morgan MD	2018-12-10	Nat Commun	www.ncbi.nlm.nih.gov/pubmed/30531825	Genome-wide study of hair colour in UK Biobank explains most of the SNP heritability.	Blond vs. brown/black hair color	39,397 British ancestry blond hair individuals, 283,920 British ancestry brown or black hair individuals	NA	16q24.3	16	89919709	MC1R	MC1R			ENSG00000258839			rs1805007-T	rs1805007	0	1805007	missense_variant	0	0.1048	2E-308	307.69897000433605		1.744	NR	Affymetrix [9154080] (imputed)	N	hair color	http://www.ebi.ac.uk/efo/EFO_0003924	GCST006988	Genome-wide genotyping array
2019-01-30	30531825	Morgan MD	2018-12-10	Nat Commun	www.ncbi.nlm.nih.gov/pubmed/30531825	Genome-wide study of hair colour in UK Biobank explains most of the SNP heritability.	Blond vs. brown/black hair color	39,397 British ancestry blond hair individuals, 283,920 British ancestry brown or black hair individuals	NA	16q24.3	16	89919736	MC1R	MC1R			ENSG00000258839			rs1805008-T	rs1805008	0	1805008	missense_variant	0	0.08918	2E-308	307.69897000433605		1.77	NR	Affymetrix [9154080] (imputed)	N	hair color	http://www.ebi.ac.uk/efo/EFO_0003924	GCST006988	Genome-wide genotyping array
2019-01-30	30531825	Morgan MD	2018-12-10	Nat Commun	www.ncbi.nlm.nih.gov/pubmed/30531825	Genome-wide study of hair colour in UK Biobank explains most of the SNP heritability.	Blond vs. brown/black hair color	39,397 British ancestry blond hair individuals, 283,920 British ancestry brown or black hair individuals	NA	16q24.3	16	89986579	AFG3L1P	AFG3L1P, AFG3L1P			ENSG00000293510, ENSG00000223959			rs575866787-A	rs575866787	0	575866787	intron_variant	0	0.02579	2E-112	111.69897000433602		1.782	NR	Affymetrix [9154080] (imputed)	N	hair color	http://www.ebi.ac.uk/efo/EFO_0003924	GCST006988	Genome-wide genotyping array
2019-01-30	30531825	Morgan MD	2018-12-10	Nat Commun	www.ncbi.nlm.nih.gov/pubmed/30531825	Genome-wide study of hair colour in UK Biobank explains most of the SNP heritability.	Blond vs. brown/black hair color	39,397 British ancestry blond hair individuals, 283,920 British ancestry brown or black hair individuals	NA	16q24.3	16	89919510	MC1R	MC1R			ENSG00000258839			rs1805006-A	rs1805006	0	1805006	missense_variant	0	0.01312	7E-79	78.15490195998575		1.816	NR	Affymetrix [9154080] (imputed)	N	hair color	http://www.ebi.ac.uk/efo/EFO_0003924	GCST006988	Genome-wide genotyping array
2019-01-30	30531825	Morgan MD	2018-12-10	Nat Commun	www.ncbi.nlm.nih.gov/pubmed/30531825	Genome-wide study of hair colour in UK Biobank explains most of the SNP heritability.	Blond vs. brown/black hair color	39,397 British ancestry blond hair individuals, 283,920 British ancestry brown or black hair individuals	NA	16q24.3	16	89919683	MC1R	MC1R			ENSG00000258839			rs11547464-A	rs11547464	0	11547464	missense_variant	0	0.007148	3E-50	49.52287874528034		1.897	NR	Affymetrix [9154080] (imputed)	N	hair color	http://www.ebi.ac.uk/efo/EFO_0003924	GCST006988	Genome-wide genotyping array
2019-01-30	30531825	Morgan MD	2018-12-10	Nat Commun	www.ncbi.nlm.nih.gov/pubmed/30531825	Genome-wide study of hair colour in UK Biobank explains most of the SNP heritability.	Blond vs. brown/black hair color	39,397 British ancestry blond hair individuals, 283,920 British ancestry brown or black hair individuals	NA	16q24.3	16	89677219	CDK10	SPATA33 - CDK10	ENSG00000167523	ENSG00000185324		5947	3518	rs116927526-T	rs116927526	0	116927526	intron_variant	1	0.004391	2E-49	48.69897000433602		2.283	NR	Affymetrix [9154080] (imputed)	N	hair color	http://www.ebi.ac.uk/efo/EFO_0003924	GCST006988	Genome-wide genotyping array
2019-01-30	30531825	Morgan MD	2018-12-10	Nat Commun	www.ncbi.nlm.nih.gov/pubmed/30531825	Genome-wide study of hair colour in UK Biobank explains most of the SNP heritability.	Blond vs. brown/black hair color	39,397 British ancestry blond hair individuals, 283,920 British ancestry brown or black hair individuals	NA	11p11.2	11	44475002	CD82	ALX4 - RPL7AP79	ENSG00000052850	ENSG00000255106		164863	64776	rs357925-A	rs357925	0	357925	intergenic_variant	1	0.2254	3E-11	10.522878745280337		1.064	NR	Affymetrix [9154080] (imputed)	N	hair color	http://www.ebi.ac.uk/efo/EFO_0003924	GCST006988	Genome-wide genotyping array
2019-01-30	30531825	Morgan MD	2018-12-10	Nat Commun	www.ncbi.nlm.nih.gov/pubmed/30531825	Genome-wide study of hair colour in UK Biobank explains most of the SNP heritability.	Blond vs. brown/black hair color	39,397 British ancestry blond hair individuals, 283,920 British ancestry brown or black hair individuals	NA	2q37.3	2	239028127	HDAC4	LINC01940 - HDAC4	ENSG00000227744	ENSG00000068024		101858	20041	rs12185725-G	rs12185725	0	12185725	intergenic_variant	1	0.1947	2E-11	10.698970004336019		1.068	NR	Affymetrix [9154080] (imputed)	N	hair color	http://www.ebi.ac.uk/efo/EFO_0003924	GCST006988	Genome-wide genotyping array
2019-01-30	30531825	Morgan MD	2018-12-10	Nat Commun	www.ncbi.nlm.nih.gov/pubmed/30531825	Genome-wide study of hair colour in UK Biobank explains most of the SNP heritability.	Blond vs. brown/black hair color	39,397 British ancestry blond hair individuals, 283,920 British ancestry brown or black hair individuals	NA	11p15.2	11	16350885	SOX6	SOX6			ENSG00000110693			rs7109376-A	rs7109376	0	7109376	intron_variant	0	0.2792	1E-14	14.0		1.068	NR	Affymetrix [9154080] (imputed)	N	hair color	http://www.ebi.ac.uk/efo/EFO_0003924	GCST006988	Genome-wide genotyping array
2019-01-30	30531825	Morgan MD	2018-12-10	Nat Commun	www.ncbi.nlm.nih.gov/pubmed/30531825	Genome-wide study of hair colour in UK Biobank explains most of the SNP heritability.	Blond vs. brown/black hair color	39,397 British ancestry blond hair individuals, 283,920 British ancestry brown or black hair individuals	NA	14q23.2	14	63923312	SYNE2	SYNE2			ENSG00000054654			rs10873172-G	rs10873172	0	10873172	intron_variant	0	0.2816	6E-15	14.221848749616356		1.068	NR	Affymetrix [9154080] (imputed)	N	hair color	http://www.ebi.ac.uk/efo/EFO_0003924	GCST006988	Genome-wide genotyping array
2019-01-30	30531825	Morgan MD	2018-12-10	Nat Commun	www.ncbi.nlm.nih.gov/pubmed/30531825	Genome-wide study of hair colour in UK Biobank explains most of the SNP heritability.	Blond vs. brown/black hair color	39,397 British ancestry blond hair individuals, 283,920 British ancestry brown or black hair individuals	NA	17q22	17	57153267	AKAP1	AKAP1 - MSI2	ENSG00000121057	ENSG00000153944		31918	102584	rs17833789-A	rs17833789	0	17833789	intron_variant	1	0.4464	2E-19	18.69897000433602		1.069	NR	Affymetrix [9154080] (imputed)	N	hair color	http://www.ebi.ac.uk/efo/EFO_0003924	GCST006988	Genome-wide genotyping array
2019-01-30	30531825	Morgan MD	2018-12-10	Nat Commun	www.ncbi.nlm.nih.gov/pubmed/30531825	Genome-wide study of hair colour in UK Biobank explains most of the SNP heritability.	Blond vs. brown/black hair color	39,397 British ancestry blond hair individuals, 283,920 British ancestry brown or black hair individuals	NA	6p25.3	6	385735	IRF4	DUSP22 - IRF4	ENSG00000112679	ENSG00000137265		34380	6004	rs2671427-T	rs2671427	0	2671427	intron_variant	1	0.3731	5E-17	16.30102999566398		1.07	NR	Affymetrix [9154080] (imputed)	N	hair color	http://www.ebi.ac.uk/efo/EFO_0003924	GCST006988	Genome-wide genotyping array
2019-01-30	30531825	Morgan MD	2018-12-10	Nat Commun	www.ncbi.nlm.nih.gov/pubmed/30531825	Genome-wide study of hair colour in UK Biobank explains most of the SNP heritability.	Blond vs. brown/black hair color	39,397 British ancestry blond hair individuals, 283,920 British ancestry brown or black hair individuals	NA	7q22.1	7	100854110	SLC12A9	SLC12A9			ENSG00000146828			rs12535629-T	rs12535629	0	12535629	intron_variant	0	0.28	2E-15	14.698970004336019		1.07	NR	Affymetrix [9154080] (imputed)	N	hair color	http://www.ebi.ac.uk/efo/EFO_0003924	GCST006988	Genome-wide genotyping array
2019-01-30	30531825	Morgan MD	2018-12-10	Nat Commun	www.ncbi.nlm.nih.gov/pubmed/30531825	Genome-wide study of hair colour in UK Biobank explains most of the SNP heritability.	Blond vs. brown/black hair color	39,397 British ancestry blond hair individuals, 283,920 British ancestry brown or black hair individuals	NA	15q25.2	15	83288465	BNC1	BNC1 - SH3GL3	ENSG00000169594	ENSG00000140600		3801	158763	rs8033380-C	rs8033380	0	8033380	intron_variant	1	0.2779	1E-14	14.0		1.07	NR	Affymetrix [9154080] (imputed)	N	hair color	http://www.ebi.ac.uk/efo/EFO_0003924	GCST006988	Genome-wide genotyping array
2019-01-30	30531825	Morgan MD	2018-12-10	Nat Commun	www.ncbi.nlm.nih.gov/pubmed/30531825	Genome-wide study of hair colour in UK Biobank explains most of the SNP heritability.	Blond vs. brown/black hair color	39,397 British ancestry blond hair individuals, 283,920 British ancestry brown or black hair individuals	NA	7p15.1	7	28140937	JAZF1	JAZF1			ENSG00000153814			rs864745-T	rs864745	0	864745	intron_variant	0	0.4946	2E-19	18.69897000433602		1.071	NR	Affymetrix [9154080] (imputed)	N	hair color	http://www.ebi.ac.uk/efo/EFO_0003924	GCST006988	Genome-wide genotyping array
2019-01-30	30531825	Morgan MD	2018-12-10	Nat Commun	www.ncbi.nlm.nih.gov/pubmed/30531825	Genome-wide study of hair colour in UK Biobank explains most of the SNP heritability.	Blond vs. brown/black hair color	39,397 British ancestry blond hair individuals, 283,920 British ancestry brown or black hair individuals	NA	4q21.21	4	80278812	FGF5	FGF5			ENSG00000138675			rs1458046-A	rs1458046	0	1458046	intron_variant	0	0.4044	8E-19	18.096910013008056		1.072	NR	Affymetrix [9154080] (imputed)	N	hair color	http://www.ebi.ac.uk/efo/EFO_0003924	GCST006988	Genome-wide genotyping array
2019-01-30	30531825	Morgan MD	2018-12-10	Nat Commun	www.ncbi.nlm.nih.gov/pubmed/30531825	Genome-wide study of hair colour in UK Biobank explains most of the SNP heritability.	Blond vs. brown/black hair color	39,397 British ancestry blond hair individuals, 283,920 British ancestry brown or black hair individuals	NA	17q25.3	17	81655340	PDE6G	PDE6G			ENSG00000185527			rs35763415-T	rs35763415	0	35763415	intron_variant	0	0.4119	7E-19	18.154901959985743		1.072	NR	Affymetrix [9154080] (imputed)	N	hair color	http://www.ebi.ac.uk/efo/EFO_0003924	GCST006988	Genome-wide genotyping array
2019-01-30	30531825	Morgan MD	2018-12-10	Nat Commun	www.ncbi.nlm.nih.gov/pubmed/30531825	Genome-wide study of hair colour in UK Biobank explains most of the SNP heritability.	Blond vs. brown/black hair color	39,397 British ancestry blond hair individuals, 283,920 British ancestry brown or black hair individuals	NA	5q11.2	5	53820293	LOC105378966	LINC02105 - ASS1P9	ENSG00000250447	ENSG00000217791		571	38873	rs17248377-A	rs17248377	0	17248377	intergenic_variant	1	0.2398	2E-11	10.698970004336019		1.073	NR	Affymetrix [9154080] (imputed)	N	hair color	http://www.ebi.ac.uk/efo/EFO_0003924	GCST006988	Genome-wide genotyping array
2019-01-30	30531825	Morgan MD	2018-12-10	Nat Commun	www.ncbi.nlm.nih.gov/pubmed/30531825	Genome-wide study of hair colour in UK Biobank explains most of the SNP heritability.	Blond vs. brown/black hair color	39,397 British ancestry blond hair individuals, 283,920 British ancestry brown or black hair individuals	NA	12q24.21	12	116098171	MED13L	MED13L			ENSG00000123066			rs61939692-A	rs61939692	0	61939692	intron_variant	0	0.1124	4E-9	8.397940008672037		1.073	NR	Affymetrix [9154080] (imputed)	N	hair color	http://www.ebi.ac.uk/efo/EFO_0003924	GCST006988	Genome-wide genotyping array
2019-01-30	30531825	Morgan MD	2018-12-10	Nat Commun	www.ncbi.nlm.nih.gov/pubmed/30531825	Genome-wide study of hair colour in UK Biobank explains most of the SNP heritability.	Blond vs. brown/black hair color	39,397 British ancestry blond hair individuals, 283,920 British ancestry brown or black hair individuals	NA	4q25	4	108556952	RPL34-AS1	RPL34-DT			ENSG00000234492			rs11731416-C	rs11731416	0	11731416	non_coding_transcript_exon_variant	0	0.4909	3E-20	19.522878745280337		1.074	NR	Affymetrix [9154080] (imputed)	N	hair color	http://www.ebi.ac.uk/efo/EFO_0003924	GCST006988	Genome-wide genotyping array
2019-01-30	30531825	Morgan MD	2018-12-10	Nat Commun	www.ncbi.nlm.nih.gov/pubmed/30531825	Genome-wide study of hair colour in UK Biobank explains most of the SNP heritability.	Blond vs. brown/black hair color	39,397 British ancestry blond hair individuals, 283,920 British ancestry brown or black hair individuals	NA	8p11.22	8	38710697	TACC1	RNF5P1 - TACC1	ENSG00000253570	ENSG00000147526		109497	17469	rs57128498-A	rs57128498	0	57128498	intergenic_variant	1	0.1557	9E-12	11.045757490560675		1.074	NR	Affymetrix [9154080] (imputed)	N	hair color	http://www.ebi.ac.uk/efo/EFO_0003924	GCST006988	Genome-wide genotyping array
2019-01-30	30531825	Morgan MD	2018-12-10	Nat Commun	www.ncbi.nlm.nih.gov/pubmed/30531825	Genome-wide study of hair colour in UK Biobank explains most of the SNP heritability.	Blond vs. brown/black hair color	39,397 British ancestry blond hair individuals, 283,920 British ancestry brown or black hair individuals	NA	9q33.3	9	124211594	NEK6	LHX2 - NEK6	ENSG00000106689	ENSG00000119408		178293	46012	rs72759273-G	rs72759273	0	72759273	intron_variant	1	0.1917	5E-14	13.301029995663981		1.076	NR	Affymetrix [9154080] (imputed)	N	hair color	http://www.ebi.ac.uk/efo/EFO_0003924	GCST006988	Genome-wide genotyping array
2019-01-30	30531825	Morgan MD	2018-12-10	Nat Commun	www.ncbi.nlm.nih.gov/pubmed/30531825	Genome-wide study of hair colour in UK Biobank explains most of the SNP heritability.	Blond vs. brown/black hair color	39,397 British ancestry blond hair individuals, 283,920 British ancestry brown or black hair individuals	NA	8p11.21	8	42130366	AP3M2	RPL17P30 - AP3M2	ENSG00000244235	ENSG00000070718		28530	22580	rs113060680-T	rs113060680	0	113060680	intergenic_variant	1	0.1172	2E-10	9.698970004336019		1.078	NR	Affymetrix [9154080] (imputed)	N	hair color	http://www.ebi.ac.uk/efo/EFO_0003924	GCST006988	Genome-wide genotyping array
2019-01-30	30531825	Morgan MD	2018-12-10	Nat Commun	www.ncbi.nlm.nih.gov/pubmed/30531825	Genome-wide study of hair colour in UK Biobank explains most of the SNP heritability.	Blond vs. brown/black hair color	39,397 British ancestry blond hair individuals, 283,920 British ancestry brown or black hair individuals	NA	6p25.3	6	403799	IRF4	IRF4			ENSG00000137265			rs3778607-A	rs3778607	0	3778607	intron_variant	0	0.4555	2E-12	11.698970004336019		1.08	NR	Affymetrix [9154080] (imputed)	N	hair color	http://www.ebi.ac.uk/efo/EFO_0003924	GCST006988	Genome-wide genotyping array
2019-01-30	30531825	Morgan MD	2018-12-10	Nat Commun	www.ncbi.nlm.nih.gov/pubmed/30531825	Genome-wide study of hair colour in UK Biobank explains most of the SNP heritability.	Blond vs. brown/black hair color	39,397 British ancestry blond hair individuals, 283,920 British ancestry brown or black hair individuals	NA	17q25.3	17	82935712	TBCD	TBCD			ENSG00000141556			rs79316200-T	rs79316200	0	79316200	intron_variant	0	0.1136	8E-11	10.096910013008056		1.082	NR	Affymetrix [9154080] (imputed)	N	hair color	http://www.ebi.ac.uk/efo/EFO_0003924	GCST006988	Genome-wide genotyping array
2019-01-30	30531825	Morgan MD	2018-12-10	Nat Commun	www.ncbi.nlm.nih.gov/pubmed/30531825	Genome-wide study of hair colour in UK Biobank explains most of the SNP heritability.	Blond vs. brown/black hair color	39,397 British ancestry blond hair individuals, 283,920 British ancestry brown or black hair individuals	NA	4q31.23	4	148935689	NR3C2	ATP5MGP4 - RNU7-197P	ENSG00000225176	ENSG00000239168		231857	55883	rs4407483-C	rs4407483	0	4407483	intron_variant	1	0.1314	3E-12	11.522878745280337		1.083	NR	Affymetrix [9154080] (imputed)	N	hair color	http://www.ebi.ac.uk/efo/EFO_0003924	GCST006988	Genome-wide genotyping array
2019-01-30	30531825	Morgan MD	2018-12-10	Nat Commun	www.ncbi.nlm.nih.gov/pubmed/30531825	Genome-wide study of hair colour in UK Biobank explains most of the SNP heritability.	Blond vs. brown/black hair color	39,397 British ancestry blond hair individuals, 283,920 British ancestry brown or black hair individuals	NA	11q12.3	11	62436393	AHNAK	AHNAK			ENSG00000124942			rs10897275-A	rs10897275	0	10897275	intron_variant	0	0.3153	7E-23	22.154901959985743		1.085	NR	Affymetrix [9154080] (imputed)	N	hair color	http://www.ebi.ac.uk/efo/EFO_0003924	GCST006988	Genome-wide genotyping array
2019-01-30	30531825	Morgan MD	2018-12-10	Nat Commun	www.ncbi.nlm.nih.gov/pubmed/30531825	Genome-wide study of hair colour in UK Biobank explains most of the SNP heritability.	Blond vs. brown/black hair color	39,397 British ancestry blond hair individuals, 283,920 British ancestry brown or black hair individuals	NA	5p13.2	5	33986304	SLC45A2	AMACR			ENSG00000242110			rs13289-C	rs13289	0	13289	3_prime_UTR_variant	0	0.3727	7E-26	25.154901959985743		1.087	NR	Affymetrix [9154080] (imputed)	N	hair color	http://www.ebi.ac.uk/efo/EFO_0003924	GCST006988	Genome-wide genotyping array
2019-01-30	30531825	Morgan MD	2018-12-10	Nat Commun	www.ncbi.nlm.nih.gov/pubmed/30531825	Genome-wide study of hair colour in UK Biobank explains most of the SNP heritability.	Blond vs. brown/black hair color	39,397 British ancestry blond hair individuals, 283,920 British ancestry brown or black hair individuals	NA	8q21.13	8	81808525	SNX16	SNX16, HNRNPA1P36			ENSG00000104497, ENSG00000231942			rs2600605-A	rs2600605	0	2600605	non_coding_transcript_exon_variant	0	0.2622	1E-22	22.0		1.087	NR	Affymetrix [9154080] (imputed)	N	hair color	http://www.ebi.ac.uk/efo/EFO_0003924	GCST006988	Genome-wide genotyping array
2019-01-30	30531825	Morgan MD	2018-12-10	Nat Commun	www.ncbi.nlm.nih.gov/pubmed/30531825	Genome-wide study of hair colour in UK Biobank explains most of the SNP heritability.	Blond vs. brown/black hair color	39,397 British ancestry blond hair individuals, 283,920 British ancestry brown or black hair individuals	NA	11q13.1	11	65794334	OVOL1	OVOL1			ENSG00000172818			rs56019505-G	rs56019505	0	56019505	intron_variant	0	0.14	3E-14	13.522878745280337		1.087	NR	Affymetrix [9154080] (imputed)	N	hair color	http://www.ebi.ac.uk/efo/EFO_0003924	GCST006988	Genome-wide genotyping array
2019-01-30	30531825	Morgan MD	2018-12-10	Nat Commun	www.ncbi.nlm.nih.gov/pubmed/30531825	Genome-wide study of hair colour in UK Biobank explains most of the SNP heritability.	Blond vs. brown/black hair color	39,397 British ancestry blond hair individuals, 283,920 British ancestry brown or black hair individuals	NA	16q24.3	16	90014315	DBNDD1	DBNDD1			ENSG00000003249			rs77733403-C	rs77733403	0	77733403	intron_variant	0	0.1742	5E-8	7.301029995663981		1.087	NR	Affymetrix [9154080] (imputed)	N	hair color	http://www.ebi.ac.uk/efo/EFO_0003924	GCST006988	Genome-wide genotyping array
2019-01-30	30531825	Morgan MD	2018-12-10	Nat Commun	www.ncbi.nlm.nih.gov/pubmed/30531825	Genome-wide study of hair colour in UK Biobank explains most of the SNP heritability.	Blond vs. brown/black hair color	39,397 British ancestry blond hair individuals, 283,920 British ancestry brown or black hair individuals	NA	16q24.3	16	89919795	MC1R	MC1R			ENSG00000258839			rs555179612-TC	rs555179612	0	555179612	frameshift_variant	0	0.001706	2E-22	21.69897000433602		2.465	NR	Affymetrix [9154080] (imputed)	N	hair color	http://www.ebi.ac.uk/efo/EFO_0003924	GCST006988	Genome-wide genotyping array
2019-01-30	30531825	Morgan MD	2018-12-10	Nat Commun	www.ncbi.nlm.nih.gov/pubmed/30531825	Genome-wide study of hair colour in UK Biobank explains most of the SNP heritability.	Blond vs. brown/black hair color	39,397 British ancestry blond hair individuals, 283,920 British ancestry brown or black hair individuals	NA	16q24.3	16	89919895	MC1R	MC1R			ENSG00000258839			rs200000734-T	rs200000734	0	200000734	missense_variant	0	6.13E-4	5E-10	9.301029995663981		2.59	NR	Affymetrix [9154080] (imputed)	N	hair color	http://www.ebi.ac.uk/efo/EFO_0003924	GCST006988	Genome-wide genotyping array
2019-01-30	30531825	Morgan MD	2018-12-10	Nat Commun	www.ncbi.nlm.nih.gov/pubmed/30531825	Genome-wide study of hair colour in UK Biobank explains most of the SNP heritability.	Blond vs. brown/black hair color	39,397 British ancestry blond hair individuals, 283,920 British ancestry brown or black hair individuals	NA	11q13.3	11	69081448	MIR3164, TYR	TPCN2			ENSG00000162341			rs34510004-A	rs34510004	0	34510004	missense_variant	0	0.001323	8E-59	58.096910013008056		3.434	NR	Affymetrix [9154080] (imputed)	N	hair color	http://www.ebi.ac.uk/efo/EFO_0003924	GCST006988	Genome-wide genotyping array
2019-01-30	30531825	Morgan MD	2018-12-10	Nat Commun	www.ncbi.nlm.nih.gov/pubmed/30531825	Genome-wide study of hair colour in UK Biobank explains most of the SNP heritability.	Blond vs. brown/black hair color	39,397 British ancestry blond hair individuals, 283,920 British ancestry brown or black hair individuals	NA	5p13.2	5	33963745	SLC45A2	SLC45A2			ENSG00000164175			rs116887602-C	rs116887602	0	116887602	stop_gained	0	1.59E-4	4E-11	10.397940008672037		3.921	NR	Affymetrix [9154080] (imputed)	N	hair color	http://www.ebi.ac.uk/efo/EFO_0003924	GCST006988	Genome-wide genotyping array
2019-01-30	30531825	Morgan MD	2018-12-10	Nat Commun	www.ncbi.nlm.nih.gov/pubmed/30531825	Genome-wide study of hair colour in UK Biobank explains most of the SNP heritability.	Blond vs. brown/black hair color	39,397 British ancestry blond hair individuals, 283,920 British ancestry brown or black hair individuals	NA	5p13.2	5	33963986	SLC45A2	SLC45A2			ENSG00000164175			rs201259497-T	rs201259497	0	201259497	missense_variant	0	2.68E-4	3E-22	21.522878745280337		4.585	NR	Affymetrix [9154080] (imputed)	N	hair color	http://www.ebi.ac.uk/efo/EFO_0003924	GCST006988	Genome-wide genotyping array
2019-01-30	30531825	Morgan MD	2018-12-10	Nat Commun	www.ncbi.nlm.nih.gov/pubmed/30531825	Genome-wide study of hair colour in UK Biobank explains most of the SNP heritability.	Blond vs. brown/black hair color	39,397 British ancestry blond hair individuals, 283,920 British ancestry brown or black hair individuals	NA	15q13.1	15	27985101	OCA2	OCA2			ENSG00000104044			rs121918166-T	rs121918166	0	121918166	missense_variant	0	0.009077	2E-308	307.69897000433605		5.937	NR	Affymetrix [9154080] (imputed)	N	hair color	http://www.ebi.ac.uk/efo/EFO_0003924	GCST006988	Genome-wide genotyping array
2019-01-30	30531825	Morgan MD	2018-12-10	Nat Commun	www.ncbi.nlm.nih.gov/pubmed/30531825	Genome-wide study of hair colour in UK Biobank explains most of the SNP heritability.	Blond vs. brown/black hair color	39,397 British ancestry blond hair individuals, 283,920 British ancestry brown or black hair individuals	NA	15q13.1	15	27983383	OCA2	OCA2			ENSG00000104044			rs121918170-C	rs121918170	0	121918170	missense_variant	0	0.001026	1E-107	107.0		6.071	NR	Affymetrix [9154080] (imputed)	N	hair color	http://www.ebi.ac.uk/efo/EFO_0003924	GCST006988	Genome-wide genotyping array
2019-01-30	30531825	Morgan MD	2018-12-10	Nat Commun	www.ncbi.nlm.nih.gov/pubmed/30531825	Genome-wide study of hair colour in UK Biobank explains most of the SNP heritability.	Blond vs. brown/black hair color	39,397 British ancestry blond hair individuals, 283,920 British ancestry brown or black hair individuals	NA	15q13.1	15	27983407	OCA2	OCA2			ENSG00000104044			rs74653330-T	rs74653330	0	74653330	missense_variant	0	6.52E-4	3E-84	83.52287874528034		9.295	NR	Affymetrix [9154080] (imputed)	N	hair color	http://www.ebi.ac.uk/efo/EFO_0003924	GCST006988	Genome-wide genotyping array
2019-01-30	30531825	Morgan MD	2018-12-10	Nat Commun	www.ncbi.nlm.nih.gov/pubmed/30531825	Genome-wide study of hair colour in UK Biobank explains most of the SNP heritability.	Blond vs. brown/black hair color	39,397 British ancestry blond hair individuals, 283,920 British ancestry brown or black hair individuals	NA	15q13.1	15	27871170	OCA2	OCA2			ENSG00000104044			rs121918167-A	rs121918167	0	121918167	missense_variant	0	1.97E-4	2E-33	32.69897000433602		10.35	NR	Affymetrix [9154080] (imputed)	N	hair color	http://www.ebi.ac.uk/efo/EFO_0003924	GCST006988	Genome-wide genotyping array
2019-01-30	30531825	Morgan MD	2018-12-10	Nat Commun	www.ncbi.nlm.nih.gov/pubmed/30531825	Genome-wide study of hair colour in UK Biobank explains most of the SNP heritability.	Blond vs. brown/black hair color	39,397 British ancestry blond hair individuals, 283,920 British ancestry brown or black hair individuals	NA				ADAMTS12							chr5:33904113-GA	chr5:33904113	0			1	3.05E-4	1E-77	77.0		17.39	NR	Affymetrix [9154080] (imputed)	N	hair color	http://www.ebi.ac.uk/efo/EFO_0003924	GCST006988	Genome-wide genotyping array
2019-01-30	30531825	Morgan MD	2018-12-10	Nat Commun	www.ncbi.nlm.nih.gov/pubmed/30531825	Genome-wide study of hair colour in UK Biobank explains most of the SNP heritability.	Blond vs. brown/black hair color	39,397 British ancestry blond hair individuals, 283,920 British ancestry brown or black hair individuals	NA	1p36.22	1	10573188	PEX14	PEX14			ENSG00000142655			rs6687430-G	rs6687430	0	6687430	intron_variant	0	0.4588	1E-8	8.0		1.045	NR	Affymetrix [9154080] (imputed)	N	hair color	http://www.ebi.ac.uk/efo/EFO_0003924	GCST006988	Genome-wide genotyping array
2019-01-30	30531825	Morgan MD	2018-12-10	Nat Commun	www.ncbi.nlm.nih.gov/pubmed/30531825	Genome-wide study of hair colour in UK Biobank explains most of the SNP heritability.	Blond vs. brown/black hair color	39,397 British ancestry blond hair individuals, 283,920 British ancestry brown or black hair individuals	NA	1p22.3	1	85062323	WDR63	DNAI3			ENSG00000162643			rs12034421-A	rs12034421	0	12034421	5_prime_UTR_variant	0	0.3877	3E-10	9.522878745280337		1.05	NR	Affymetrix [9154080] (imputed)	N	hair color	http://www.ebi.ac.uk/efo/EFO_0003924	GCST006988	Genome-wide genotyping array
2019-01-30	30531825	Morgan MD	2018-12-10	Nat Commun	www.ncbi.nlm.nih.gov/pubmed/30531825	Genome-wide study of hair colour in UK Biobank explains most of the SNP heritability.	Blond vs. brown/black hair color	39,397 British ancestry blond hair individuals, 283,920 British ancestry brown or black hair individuals	NA	2q21.3	2	134649839	TMEM163	TMEM163			ENSG00000152128			rs6739706-A	rs6739706	0	6739706	intron_variant	0	0.389	2E-14	13.698970004336019		1.063	NR	Affymetrix [9154080] (imputed)	N	hair color	http://www.ebi.ac.uk/efo/EFO_0003924	GCST006988	Genome-wide genotyping array
2019-01-30	30531825	Morgan MD	2018-12-10	Nat Commun	www.ncbi.nlm.nih.gov/pubmed/30531825	Genome-wide study of hair colour in UK Biobank explains most of the SNP heritability.	Blond vs. brown/black hair color	39,397 British ancestry blond hair individuals, 283,920 British ancestry brown or black hair individuals	NA	1p36.33	1	1216593	SDF4, TNFRS4	TNFRSF4 - SDF4	ENSG00000186827	ENSG00000078808		2440	294	rs75972122-C	rs75972122	0	75972122	intergenic_variant	1	0.151	2E-9	8.698970004336019		1.066	NR	Affymetrix [9154080] (imputed)	N	hair color	http://www.ebi.ac.uk/efo/EFO_0003924	GCST006988	Genome-wide genotyping array
2019-01-30	30531825	Morgan MD	2018-12-10	Nat Commun	www.ncbi.nlm.nih.gov/pubmed/30531825	Genome-wide study of hair colour in UK Biobank explains most of the SNP heritability.	Blond vs. brown/black hair color	39,397 British ancestry blond hair individuals, 283,920 British ancestry brown or black hair individuals	NA	1p36.13	1	17274327	PADI3	PADI3			ENSG00000142619			rs11203346-G	rs11203346	0	11203346	intron_variant	0	0.1662	2E-11	10.698970004336019		1.07	NR	Affymetrix [9154080] (imputed)	N	hair color	http://www.ebi.ac.uk/efo/EFO_0003924	GCST006988	Genome-wide genotyping array
2019-01-30	30531825	Morgan MD	2018-12-10	Nat Commun	www.ncbi.nlm.nih.gov/pubmed/30531825	Genome-wide study of hair colour in UK Biobank explains most of the SNP heritability.	Blond vs. brown/black hair color	39,397 British ancestry blond hair individuals, 283,920 British ancestry brown or black hair individuals	NA	1p36.11	1	26795661	PIGV	PIGV			ENSG00000060642			rs112535818-G	rs112535818	0	112535818	intron_variant	0	0.08082	1E-8	8.0		1.082	NR	Affymetrix [9154080] (imputed)	N	hair color	http://www.ebi.ac.uk/efo/EFO_0003924	GCST006988	Genome-wide genotyping array
2019-01-30	30531825	Morgan MD	2018-12-10	Nat Commun	www.ncbi.nlm.nih.gov/pubmed/30531825	Genome-wide study of hair colour in UK Biobank explains most of the SNP heritability.	Blond vs. brown/black hair color	39,397 British ancestry blond hair individuals, 283,920 British ancestry brown or black hair individuals	NA	1p36.21	1	15806901	UQCRHL	SPEN-AS1			ENSG00000179743			rs12738340-C	rs12738340	0	12738340	intron_variant	0	0.1021	4E-12	11.397940008672037		1.09	NR	Affymetrix [9154080] (imputed)	N	hair color	http://www.ebi.ac.uk/efo/EFO_0003924	GCST006988	Genome-wide genotyping array
2019-01-30	30531825	Morgan MD	2018-12-10	Nat Commun	www.ncbi.nlm.nih.gov/pubmed/30531825	Genome-wide study of hair colour in UK Biobank explains most of the SNP heritability.	Blond vs. brown/black hair color	39,397 British ancestry blond hair individuals, 283,920 British ancestry brown or black hair individuals	NA	1p36.22	1	10977377	c1orf127	CIROZ			ENSG00000175262			rs112115136-A	rs112115136	0	112115136	intron_variant	0	0.2198	7E-36	35.15490195998574		1.119	NR	Affymetrix [9154080] (imputed)	N	hair color	http://www.ebi.ac.uk/efo/EFO_0003924	GCST006988	Genome-wide genotyping array
2019-01-30	30531825	Morgan MD	2018-12-10	Nat Commun	www.ncbi.nlm.nih.gov/pubmed/30531825	Genome-wide study of hair colour in UK Biobank explains most of the SNP heritability.	Blond vs. brown/black hair color	39,397 British ancestry blond hair individuals, 283,920 British ancestry brown or black hair individuals	NA	2p23.2	2	28391437	FLJ31356, FOSL2	FOSL2-AS1			ENSG00000229951			rs11680860-A	rs11680860	0	11680860	intron_variant	0	0.2214	9E-35	34.045757490560675		1.119	NR	Affymetrix [9154080] (imputed)	N	hair color	http://www.ebi.ac.uk/efo/EFO_0003924	GCST006988	Genome-wide genotyping array
2019-01-30	30531825	Morgan MD	2018-12-10	Nat Commun	www.ncbi.nlm.nih.gov/pubmed/30531825	Genome-wide study of hair colour in UK Biobank explains most of the SNP heritability.	Blond vs. brown/black hair color	39,397 British ancestry blond hair individuals, 283,920 British ancestry brown or black hair individuals	NA	2p11.2	2	88254832	THNSL2	THNSL2 - MRPL45P1	ENSG00000144115	ENSG00000232508		68196	109863	rs6707137-A	rs6707137	0	6707137	intergenic_variant	1	0.06251	6E-15	14.221848749616356		1.129	NR	Affymetrix [9154080] (imputed)	N	hair color	http://www.ebi.ac.uk/efo/EFO_0003924	GCST006988	Genome-wide genotyping array
2019-01-30	30531825	Morgan MD	2018-12-10	Nat Commun	www.ncbi.nlm.nih.gov/pubmed/30531825	Genome-wide study of hair colour in UK Biobank explains most of the SNP heritability.	Blond vs. brown/black hair color	39,397 British ancestry blond hair individuals, 283,920 British ancestry brown or black hair individuals	NA	1p36.23	1	7890788	UTS2	UTS2 - TNFRSF9	ENSG00000049247	ENSG00000049249		37276	25083	rs11582820-T	rs11582820	0	11582820	intron_variant	1	0.05249	1E-13	13.0		1.131	NR	Affymetrix [9154080] (imputed)	N	hair color	http://www.ebi.ac.uk/efo/EFO_0003924	GCST006988	Genome-wide genotyping array
2019-01-30	30531825	Morgan MD	2018-12-10	Nat Commun	www.ncbi.nlm.nih.gov/pubmed/30531825	Genome-wide study of hair colour in UK Biobank explains most of the SNP heritability.	Blond vs. brown/black hair color	39,397 British ancestry blond hair individuals, 283,920 British ancestry brown or black hair individuals	NA	2q36.1	2	221225077	EPHA4	MIR4268 - EPHA4	ENSG00000266518	ENSG00000116106		1318512	192950	rs17349283-G	rs17349283	0	17349283	intergenic_variant	1	0.4534	1E-64	64.0		1.141	NR	Affymetrix [9154080] (imputed)	N	hair color	http://www.ebi.ac.uk/efo/EFO_0003924	GCST006988	Genome-wide genotyping array
2019-01-30	30531825	Morgan MD	2018-12-10	Nat Commun	www.ncbi.nlm.nih.gov/pubmed/30531825	Genome-wide study of hair colour in UK Biobank explains most of the SNP heritability.	Blond vs. brown/black hair color	39,397 British ancestry blond hair individuals, 283,920 British ancestry brown or black hair individuals	NA	2q36.1	2	221186699	EPHA4	MIR4268 - EPHA4	ENSG00000266518	ENSG00000116106		1280134	231328	rs10169459-T	rs10169459	0	10169459	intergenic_variant	1	0.4203	2E-86	85.69897000433602		1.163	NR	Affymetrix [9154080] (imputed)	N	hair color	http://www.ebi.ac.uk/efo/EFO_0003924	GCST006988	Genome-wide genotyping array
2019-01-30	30531825	Morgan MD	2018-12-10	Nat Commun	www.ncbi.nlm.nih.gov/pubmed/30531825	Genome-wide study of hair colour in UK Biobank explains most of the SNP heritability.	Blond vs. brown/black hair color	39,397 British ancestry blond hair individuals, 283,920 British ancestry brown or black hair individuals	NA	1q32.1	1	205211934	DSTYK	DSTYK - TMCC2	ENSG00000133059	ENSG00000133069		225	15978	rs2369633-T	rs2369633	0	2369633	regulatory_region_variant	1	0.09145	2E-54	53.69897000433602		1.213	NR	Affymetrix [9154080] (imputed)	N	hair color	http://www.ebi.ac.uk/efo/EFO_0003924	GCST006988	Genome-wide genotyping array
2019-01-30	30531825	Morgan MD	2018-12-10	Nat Commun	www.ncbi.nlm.nih.gov/pubmed/30531825	Genome-wide study of hair colour in UK Biobank explains most of the SNP heritability.	Blond vs. brown/black hair color	39,397 British ancestry blond hair individuals, 283,920 British ancestry brown or black hair individuals	NA	1p36.23	1	7947535	TNFRSF9	TNFRSF9 - PARK7	ENSG00000049249	ENSG00000116288		4370	6729	rs76648881-C	rs76648881	0	76648881	intergenic_variant	1	0.02603	2E-23	22.69897000433602		1.248	NR	Affymetrix [9154080] (imputed)	N	hair color	http://www.ebi.ac.uk/efo/EFO_0003924	GCST006988	Genome-wide genotyping array
2019-01-30	30531825	Morgan MD	2018-12-10	Nat Commun	www.ncbi.nlm.nih.gov/pubmed/30531825	Genome-wide study of hair colour in UK Biobank explains most of the SNP heritability.	Blond vs. brown/black hair color	39,397 British ancestry blond hair individuals, 283,920 British ancestry brown or black hair individuals	NA	1p36.13	1	17270928	PADI3	PADI3			ENSG00000142619			rs144080386-T	rs144080386	0	144080386	missense_variant	0	0.008287	5E-12	11.301029995663981		1.304	NR	Affymetrix [9154080] (imputed)	N	hair color	http://www.ebi.ac.uk/efo/EFO_0003924	GCST006988	Genome-wide genotyping array
2019-01-30	30531825	Morgan MD	2018-12-10	Nat Commun	www.ncbi.nlm.nih.gov/pubmed/30531825	Genome-wide study of hair colour in UK Biobank explains most of the SNP heritability.	Blond vs. brown/black hair color	39,397 British ancestry blond hair individuals, 283,920 British ancestry brown or black hair individuals	NA	1p36.23	1	8203048	SLC45A1	LINC01714			ENSG00000227634			rs77905678-T	rs77905678	0	77905678	intron_variant	0	0.008757	2E-17	16.69897000433602		1.366	NR	Affymetrix [9154080] (imputed)	N	hair color	http://www.ebi.ac.uk/efo/EFO_0003924	GCST006988	Genome-wide genotyping array
2019-01-30	30531825	Morgan MD	2018-12-10	Nat Commun	www.ncbi.nlm.nih.gov/pubmed/30531825	Genome-wide study of hair colour in UK Biobank explains most of the SNP heritability.	Blond vs. brown/black hair color	39,397 British ancestry blond hair individuals, 283,920 British ancestry brown or black hair individuals	NA	1p36.23	1	8183042	SLC45A1	ERRFI1-DT, LINC01714			ENSG00000238290, ENSG00000227634			rs147458259-T	rs147458259	0	147458259	intron_variant	0	0.01466	3E-35	34.52287874528034		1.416	NR	Affymetrix [9154080] (imputed)	N	hair color	http://www.ebi.ac.uk/efo/EFO_0003924	GCST006988	Genome-wide genotyping array
2019-01-30	30531825	Morgan MD	2018-12-10	Nat Commun	www.ncbi.nlm.nih.gov/pubmed/30531825	Genome-wide study of hair colour in UK Biobank explains most of the SNP heritability.	Brown vs. black hair color	269,394 British ancestry brown hair individuals, 14,526 British ancestry black hair individuals	NA	5p13.2	5	33951588	SLC45A2	SLC45A2			ENSG00000164175			rs16891982-?	rs16891982	0	16891982	missense_variant	0	NR	2E-308	307.69897000433605		2.833664	NR	Affymetrix [9154080] (imputed)	N	hair color	http://www.ebi.ac.uk/efo/EFO_0003924	GCST006989	Genome-wide genotyping array
2019-01-30	30531825	Morgan MD	2018-12-10	Nat Commun	www.ncbi.nlm.nih.gov/pubmed/30531825	Genome-wide study of hair colour in UK Biobank explains most of the SNP heritability.	Brown vs. black hair color	269,394 British ancestry brown hair individuals, 14,526 British ancestry black hair individuals	NA	6p25.3	6	421281	IRF4	IRF4 - EXOC2	ENSG00000137265	ENSG00000112685		9838	63852	rs62389423-?	rs62389423	0	62389423	intergenic_variant	1	NR	2E-308	307.69897000433605		2.2497187	NR	Affymetrix [9154080] (imputed)	N	hair color	http://www.ebi.ac.uk/efo/EFO_0003924	GCST006989	Genome-wide genotyping array
2019-01-30	30531825	Morgan MD	2018-12-10	Nat Commun	www.ncbi.nlm.nih.gov/pubmed/30531825	Genome-wide study of hair colour in UK Biobank explains most of the SNP heritability.	Brown vs. black hair color	269,394 British ancestry brown hair individuals, 14,526 British ancestry black hair individuals	NA	15q13.1	15	28120472	HERC2	HERC2			ENSG00000128731			rs12913832-?	rs12913832	0	12913832	intron_variant	0	NR	2E-308	307.69897000433605		2.2291574	NR	Affymetrix [9154080] (imputed)	N	hair color	http://www.ebi.ac.uk/efo/EFO_0003924	GCST006989	Genome-wide genotyping array
2019-01-30	30531825	Morgan MD	2018-12-10	Nat Commun	www.ncbi.nlm.nih.gov/pubmed/30531825	Genome-wide study of hair colour in UK Biobank explains most of the SNP heritability.	Brown vs. black hair color	269,394 British ancestry brown hair individuals, 14,526 British ancestry black hair individuals	NA	6p25.3	6	433066	IRF4	IRF4 - EXOC2	ENSG00000137265	ENSG00000112685		21623	52067	rs143615986-?	rs143615986	0	143615986	intergenic_variant	1	NR	2E-66	65.69897000433602		1.8079914	NR	Affymetrix [9154080] (imputed)	N	hair color	http://www.ebi.ac.uk/efo/EFO_0003924	GCST006989	Genome-wide genotyping array
2019-01-30	30531825	Morgan MD	2018-12-10	Nat Commun	www.ncbi.nlm.nih.gov/pubmed/30531825	Genome-wide study of hair colour in UK Biobank explains most of the SNP heritability.	Brown vs. black hair color	269,394 British ancestry brown hair individuals, 14,526 British ancestry black hair individuals	NA	17q21.2	17	41394847	KRT31	KRT31			ENSG00000094796			rs117612447-?	rs117612447	0	117612447	splice_donor_variant	0	NR	1E-9	9.0		1.2172855	NR	Affymetrix [9154080] (imputed)	N	hair color	http://www.ebi.ac.uk/efo/EFO_0003924	GCST006989	Genome-wide genotyping array
2019-01-30	30531825	Morgan MD	2018-12-10	Nat Commun	www.ncbi.nlm.nih.gov/pubmed/30531825	Genome-wide study of hair colour in UK Biobank explains most of the SNP heritability.	Brown vs. black hair color	269,394 British ancestry brown hair individuals, 14,526 British ancestry black hair individuals	NA	12q21.32	12	88314712	TMTC3	TMTC3 - Y_RNA	ENSG00000139324	ENSG00000200544		114825	115730	rs7977437-?	rs7977437	0	7977437	intron_variant	1	NR	3E-30	29.522878745280337		1.2004802	NR	Affymetrix [9154080] (imputed)	N	hair color	http://www.ebi.ac.uk/efo/EFO_0003924	GCST006989	Genome-wide genotyping array
2019-01-30	30531825	Morgan MD	2018-12-10	Nat Commun	www.ncbi.nlm.nih.gov/pubmed/30531825	Genome-wide study of hair colour in UK Biobank explains most of the SNP heritability.	Brown vs. black hair color	269,394 British ancestry brown hair individuals, 14,526 British ancestry black hair individuals	NA	6p25.3	6	421196	IRF4	IRF4 - EXOC2	ENSG00000137265	ENSG00000112685		9753	63937	rs4246064-?	rs4246064	0	4246064	intergenic_variant	1	NR	9E-21	20.045757490560675		1.175779	NR	Affymetrix [9154080] (imputed)	N	hair color	http://www.ebi.ac.uk/efo/EFO_0003924	GCST006989	Genome-wide genotyping array
2019-01-30	30531825	Morgan MD	2018-12-10	Nat Commun	www.ncbi.nlm.nih.gov/pubmed/30531825	Genome-wide study of hair colour in UK Biobank explains most of the SNP heritability.	Brown vs. black hair color	269,394 British ancestry brown hair individuals, 14,526 British ancestry black hair individuals	NA	12p13.32	12	4208397	CCND2	HSPA8P5 - CCND2-AS1	ENSG00000256356	ENSG00000255920		108878	39584	rs3764032-?	rs3764032	0	3764032	intron_variant	1	NR	2E-9	8.698970004336019		1.1745361	NR	Affymetrix [9154080] (imputed)	N	hair color	http://www.ebi.ac.uk/efo/EFO_0003924	GCST006989	Genome-wide genotyping array
2019-01-30	30531825	Morgan MD	2018-12-10	Nat Commun	www.ncbi.nlm.nih.gov/pubmed/30531825	Genome-wide study of hair colour in UK Biobank explains most of the SNP heritability.	Brown vs. black hair color	269,394 British ancestry brown hair individuals, 14,526 British ancestry black hair individuals	NA	13q22.3	13	77803699	SLAIN1	EDNRB-AS1			ENSG00000225579			rs765377-?	rs765377	0	765377	intron_variant	0	NR	3E-34	33.52287874528034		1.1609008	NR	Affymetrix [9154080] (imputed)	N	hair color	http://www.ebi.ac.uk/efo/EFO_0003924	GCST006989	Genome-wide genotyping array
2019-01-30	30531825	Morgan MD	2018-12-10	Nat Commun	www.ncbi.nlm.nih.gov/pubmed/30531825	Genome-wide study of hair colour in UK Biobank explains most of the SNP heritability.	Brown vs. black hair color	269,394 British ancestry brown hair individuals, 14,526 British ancestry black hair individuals	NA	6p25.3	6	408833	IRF4	IRF4			ENSG00000137265			rs12211228-?	rs12211228	0	12211228	3_prime_UTR_variant	0	NR	2E-11	10.698970004336019		1.1566043	NR	Affymetrix [9154080] (imputed)	N	hair color	http://www.ebi.ac.uk/efo/EFO_0003924	GCST006989	Genome-wide genotyping array
2019-01-30	30531825	Morgan MD	2018-12-10	Nat Commun	www.ncbi.nlm.nih.gov/pubmed/30531825	Genome-wide study of hair colour in UK Biobank explains most of the SNP heritability.	Brown vs. black hair color	269,394 British ancestry brown hair individuals, 14,526 British ancestry black hair individuals	NA	15q13.1	15	27995874	OCA2	OCA2			ENSG00000104044			rs4778224-?	rs4778224	0	4778224	intron_variant	0	NR	3E-8	7.522878745280337		1.129178	NR	Affymetrix [9154080] (imputed)	N	hair color	http://www.ebi.ac.uk/efo/EFO_0003924	GCST006989	Genome-wide genotyping array
2019-01-30	30531825	Morgan MD	2018-12-10	Nat Commun	www.ncbi.nlm.nih.gov/pubmed/30531825	Genome-wide study of hair colour in UK Biobank explains most of the SNP heritability.	Brown vs. black hair color	269,394 British ancestry brown hair individuals, 14,526 British ancestry black hair individuals	NA	11q14.1	11	78341818	GAB2	GAB2			ENSG00000033327			rs2292572-?	rs2292572	0	2292572	intron_variant	0	NR	1E-13	13.0		1.1252391	NR	Affymetrix [9154080] (imputed)	N	hair color	http://www.ebi.ac.uk/efo/EFO_0003924	GCST006989	Genome-wide genotyping array
2019-01-30	30531825	Morgan MD	2018-12-10	Nat Commun	www.ncbi.nlm.nih.gov/pubmed/30531825	Genome-wide study of hair colour in UK Biobank explains most of the SNP heritability.	Brown vs. black hair color	269,394 British ancestry brown hair individuals, 14,526 British ancestry black hair individuals	NA	9p22.2	9	16885019	BNC2	BNC2 - RN7SL720P	ENSG00000173068	ENSG00000241152		14117	168882	rs12350739-?	rs12350739	0	12350739	TF_binding_site_variant	1	NR	1E-18	18.0		1.1152002	NR	Affymetrix [9154080] (imputed)	N	hair color	http://www.ebi.ac.uk/efo/EFO_0003924	GCST006989	Genome-wide genotyping array
2019-01-30	30531825	Morgan MD	2018-12-10	Nat Commun	www.ncbi.nlm.nih.gov/pubmed/30531825	Genome-wide study of hair colour in UK Biobank explains most of the SNP heritability.	Brown vs. black hair color	269,394 British ancestry brown hair individuals, 14,526 British ancestry black hair individuals	NA	5q11.2	5	53802376	ARL15	LINC02105			ENSG00000250447			rs148906333-?	rs148906333	0	148906333	intron_variant	0	NR	8E-10	9.096910013008056		1.1145787	NR	Affymetrix [9154080] (imputed)	N	hair color	http://www.ebi.ac.uk/efo/EFO_0003924	GCST006989	Genome-wide genotyping array
2019-01-30	30531825	Morgan MD	2018-12-10	Nat Commun	www.ncbi.nlm.nih.gov/pubmed/30531825	Genome-wide study of hair colour in UK Biobank explains most of the SNP heritability.	Brown vs. black hair color	269,394 British ancestry brown hair individuals, 14,526 British ancestry black hair individuals	NA	5q11.2	5	56723237	MAP3K1	C5orf67 - MAP3K1	ENSG00000225940	ENSG00000095015		53064	92301	rs61055995-?	rs61055995	0	61055995	intron_variant	1	NR	8E-9	8.096910013008056		1.097213	NR	Affymetrix [9154080] (imputed)	N	hair color	http://www.ebi.ac.uk/efo/EFO_0003924	GCST006989	Genome-wide genotyping array
2019-01-30	30531825	Morgan MD	2018-12-10	Nat Commun	www.ncbi.nlm.nih.gov/pubmed/30531825	Genome-wide study of hair colour in UK Biobank explains most of the SNP heritability.	Brown vs. black hair color	269,394 British ancestry brown hair individuals, 14,526 British ancestry black hair individuals	NA	7q32.3	7	131044635	LINC-PINT	LINC-PINT			ENSG00000231721			rs58270997-?	rs58270997	0	58270997	intron_variant	0	NR	2E-11	10.698970004336019		1.0968521	NR	Affymetrix [9154080] (imputed)	N	hair color	http://www.ebi.ac.uk/efo/EFO_0003924	GCST006989	Genome-wide genotyping array
2019-01-30	30531825	Morgan MD	2018-12-10	Nat Commun	www.ncbi.nlm.nih.gov/pubmed/30531825	Genome-wide study of hair colour in UK Biobank explains most of the SNP heritability.	Brown vs. black hair color	269,394 British ancestry brown hair individuals, 14,526 British ancestry black hair individuals	NA	6q25.3	6	158825685	EZR	EZR-AS1 - OSTCP1	ENSG00000233893	ENSG00000243775		3433	16036	rs923198-?	rs923198	0	923198	regulatory_region_variant	1	NR	4E-13	12.397940008672037		1.0931351	NR	Affymetrix [9154080] (imputed)	N	hair color	http://www.ebi.ac.uk/efo/EFO_0003924	GCST006989	Genome-wide genotyping array
2019-01-30	30531825	Morgan MD	2018-12-10	Nat Commun	www.ncbi.nlm.nih.gov/pubmed/30531825	Genome-wide study of hair colour in UK Biobank explains most of the SNP heritability.	Brown vs. black hair color	269,394 British ancestry brown hair individuals, 14,526 British ancestry black hair individuals	NA	9p22.2	9	16805334	BNC2	BNC2			ENSG00000173068			rs7865762-?	rs7865762	0	7865762	intron_variant	0	NR	4E-8	7.3979400086720375		1.0914648	NR	Affymetrix [9154080] (imputed)	N	hair color	http://www.ebi.ac.uk/efo/EFO_0003924	GCST006989	Genome-wide genotyping array
2019-01-30	30531825	Morgan MD	2018-12-10	Nat Commun	www.ncbi.nlm.nih.gov/pubmed/30531825	Genome-wide study of hair colour in UK Biobank explains most of the SNP heritability.	Brown vs. black hair color	269,394 British ancestry brown hair individuals, 14,526 British ancestry black hair individuals	NA	10q22.3	10	79184390	ZMIZ1	ZMIZ1			ENSG00000108175			rs703978-?	rs703978	0	703978	intron_variant	0	NR	3E-10	9.522878745280337		1.0795639	NR	Affymetrix [9154080] (imputed)	N	hair color	http://www.ebi.ac.uk/efo/EFO_0003924	GCST006989	Genome-wide genotyping array
2019-01-30	30531825	Morgan MD	2018-12-10	Nat Commun	www.ncbi.nlm.nih.gov/pubmed/30531825	Genome-wide study of hair colour in UK Biobank explains most of the SNP heritability.	Brown vs. black hair color	269,394 British ancestry brown hair individuals, 14,526 British ancestry black hair individuals	NA	9p24.3	9	204014	C9orf66	ZNG1A - DOCK8-AS1	ENSG00000172785	ENSG00000183784		24867	8810	rs573246-?	rs573246	0	573246	intron_variant	1	NR	8E-9	8.096910013008056		1.0730765	NR	Affymetrix [9154080] (imputed)	N	hair color	http://www.ebi.ac.uk/efo/EFO_0003924	GCST006989	Genome-wide genotyping array
2019-01-30	30531825	Morgan MD	2018-12-10	Nat Commun	www.ncbi.nlm.nih.gov/pubmed/30531825	Genome-wide study of hair colour in UK Biobank explains most of the SNP heritability.	Brown vs. black hair color	269,394 British ancestry brown hair individuals, 14,526 British ancestry black hair individuals	NA	11p15.4	11	7520280	PPFIBP2	PPFIBP2			ENSG00000166387			rs4078279-?	rs4078279	0	4078279	intron_variant	0	NR	4E-8	7.3979400086720375		1.0702055	NR	Affymetrix [9154080] (imputed)	N	hair color	http://www.ebi.ac.uk/efo/EFO_0003924	GCST006989	Genome-wide genotyping array
2019-01-30	30531825	Morgan MD	2018-12-10	Nat Commun	www.ncbi.nlm.nih.gov/pubmed/30531825	Genome-wide study of hair colour in UK Biobank explains most of the SNP heritability.	Brown vs. black hair color	269,394 British ancestry brown hair individuals, 14,526 British ancestry black hair individuals	NA	1p36.23	1	8183042	SLC45A1	ERRFI1-DT, LINC01714			ENSG00000238290, ENSG00000227634			rs147458259-T	rs147458259	0	147458259	intron_variant	0	0.01466	5E-8	7.301029995663981		1.39	NR	Affymetrix [9154080] (imputed)	N	hair color	http://www.ebi.ac.uk/efo/EFO_0003924	GCST006989	Genome-wide genotyping array
2019-01-30	30531825	Morgan MD	2018-12-10	Nat Commun	www.ncbi.nlm.nih.gov/pubmed/30531825	Genome-wide study of hair colour in UK Biobank explains most of the SNP heritability.	Brown vs. black hair color	269,394 British ancestry brown hair individuals, 14,526 British ancestry black hair individuals	NA	2q36.1	2	221176346	EPHA4	MIR4268 - EPHA4	ENSG00000266518	ENSG00000116106		1269781	241681	rs7603664-T	rs7603664	0	7603664	intergenic_variant	1	0.424	2E-22	21.69897000433602		1.129	NR	Affymetrix [9154080] (imputed)	N	hair color	http://www.ebi.ac.uk/efo/EFO_0003924	GCST006989	Genome-wide genotyping array
2019-01-30	30531825	Morgan MD	2018-12-10	Nat Commun	www.ncbi.nlm.nih.gov/pubmed/30531825	Genome-wide study of hair colour in UK Biobank explains most of the SNP heritability.	Brown vs. black hair color	269,394 British ancestry brown hair individuals, 14,526 British ancestry black hair individuals	NA	2q36.1	2	221225077	EPHA4	MIR4268 - EPHA4	ENSG00000266518	ENSG00000116106		1318512	192950	rs17349283-G	rs17349283	0	17349283	intergenic_variant	1	0.4534	2E-14	13.698970004336019		1.1	NR	Affymetrix [9154080] (imputed)	N	hair color	http://www.ebi.ac.uk/efo/EFO_0003924	GCST006989	Genome-wide genotyping array
2019-01-30	30531825	Morgan MD	2018-12-10	Nat Commun	www.ncbi.nlm.nih.gov/pubmed/30531825	Genome-wide study of hair colour in UK Biobank explains most of the SNP heritability.	Brown vs. black hair color	269,394 British ancestry brown hair individuals, 14,526 British ancestry black hair individuals	NA	3q23	3	141411993	ZBTB38	ZBTB38			ENSG00000177311			rs35225290-T	rs35225290	0	35225290	intron_variant	0	0.3448	7E-15	14.154901959985743		1.106	NR	Affymetrix [9154080] (imputed)	N	hair color	http://www.ebi.ac.uk/efo/EFO_0003924	GCST006989	Genome-wide genotyping array
2019-01-30	30531825	Morgan MD	2018-12-10	Nat Commun	www.ncbi.nlm.nih.gov/pubmed/30531825	Genome-wide study of hair colour in UK Biobank explains most of the SNP heritability.	Brown vs. black hair color	269,394 British ancestry brown hair individuals, 14,526 British ancestry black hair individuals	NA	6p25.3	6	385735	IRF4	DUSP22 - IRF4	ENSG00000112679	ENSG00000137265		34380	6004	rs2671427-T	rs2671427	0	2671427	intron_variant	1	0.3731	8E-20	19.096910013008056		1.146	NR	Affymetrix [9154080] (imputed)	N	hair color	http://www.ebi.ac.uk/efo/EFO_0003924	GCST006989	Genome-wide genotyping array
2019-01-30	30531825	Morgan MD	2018-12-10	Nat Commun	www.ncbi.nlm.nih.gov/pubmed/30531825	Genome-wide study of hair colour in UK Biobank explains most of the SNP heritability.	Brown vs. black hair color	269,394 British ancestry brown hair individuals, 14,526 British ancestry black hair individuals	NA	6p25.3	6	386933	IRF4	DUSP22 - IRF4	ENSG00000112679	ENSG00000137265		35578	4806	rs74758148-A	rs74758148	0	74758148	intron_variant	1	0.04258	2E-14	13.698970004336019		1.326	NR	Affymetrix [9154080] (imputed)	N	hair color	http://www.ebi.ac.uk/efo/EFO_0003924	GCST006989	Genome-wide genotyping array
2019-01-30	30531825	Morgan MD	2018-12-10	Nat Commun	www.ncbi.nlm.nih.gov/pubmed/30531825	Genome-wide study of hair colour in UK Biobank explains most of the SNP heritability.	Brown vs. black hair color	269,394 British ancestry brown hair individuals, 14,526 British ancestry black hair individuals	NA	6p25.3	6	403799	IRF4	IRF4			ENSG00000137265			rs3778607-A	rs3778607	0	3778607	intron_variant	0	0.4552	2E-11	10.698970004336019		1.14	NR	Affymetrix [9154080] (imputed)	N	hair color	http://www.ebi.ac.uk/efo/EFO_0003924	GCST006989	Genome-wide genotyping array
2019-01-30	30531825	Morgan MD	2018-12-10	Nat Commun	www.ncbi.nlm.nih.gov/pubmed/30531825	Genome-wide study of hair colour in UK Biobank explains most of the SNP heritability.	Brown vs. black hair color	269,394 British ancestry brown hair individuals, 14,526 British ancestry black hair individuals	NA	6p25.3	6	485078	EXOC2	IRF4 - EXOC2	ENSG00000137265	ENSG00000112685		73635	55	rs974455-G	rs974455	0	974455	intergenic_variant	1	0.227	8E-22	21.096910013008056		1.172	NR	Affymetrix [9154080] (imputed)	N	hair color	http://www.ebi.ac.uk/efo/EFO_0003924	GCST006989	Genome-wide genotyping array
2019-01-30	30531825	Morgan MD	2018-12-10	Nat Commun	www.ncbi.nlm.nih.gov/pubmed/30531825	Genome-wide study of hair colour in UK Biobank explains most of the SNP heritability.	Brown vs. black hair color	269,394 British ancestry brown hair individuals, 14,526 British ancestry black hair individuals	NA	6p25.3	6	514991	EXOC2	EXOC2			ENSG00000112685			rs13192740-C	rs13192740	0	13192740	intron_variant	0	0.3962	1E-9	9.0		1.09	NR	Affymetrix [9154080] (imputed)	N	hair color	http://www.ebi.ac.uk/efo/EFO_0003924	GCST006989	Genome-wide genotyping array
2019-01-30	30531825	Morgan MD	2018-12-10	Nat Commun	www.ncbi.nlm.nih.gov/pubmed/30531825	Genome-wide study of hair colour in UK Biobank explains most of the SNP heritability.	Brown vs. black hair color	269,394 British ancestry brown hair individuals, 14,526 British ancestry black hair individuals	NA	6q25.1	6	151259630	AKAP12	AKAP12			ENSG00000131016			rs9397040-A	rs9397040	0	9397040	intron_variant	0	0.4175	1E-9	9.0		1.079	NR	Affymetrix [9154080] (imputed)	N	hair color	http://www.ebi.ac.uk/efo/EFO_0003924	GCST006989	Genome-wide genotyping array
2019-01-30	30531825	Morgan MD	2018-12-10	Nat Commun	www.ncbi.nlm.nih.gov/pubmed/30531825	Genome-wide study of hair colour in UK Biobank explains most of the SNP heritability.	Brown vs. black hair color	269,394 British ancestry brown hair individuals, 14,526 British ancestry black hair individuals	NA	8q21.13	8	81855163	SNX16	LINC02235			ENSG00000254689			rs1452000-G	rs1452000	0	1452000	intron_variant	0	0.2634	1E-13	13.0		1.11	NR	Affymetrix [9154080] (imputed)	N	hair color	http://www.ebi.ac.uk/efo/EFO_0003924	GCST006989	Genome-wide genotyping array
2019-01-30	30531825	Morgan MD	2018-12-10	Nat Commun	www.ncbi.nlm.nih.gov/pubmed/30531825	Genome-wide study of hair colour in UK Biobank explains most of the SNP heritability.	Brown vs. black hair color	269,394 British ancestry brown hair individuals, 14,526 British ancestry black hair individuals	NA	11q13.3	11	69063896	TPCN2	TPCN2			ENSG00000162341			rs72928978-A	rs72928978	0	72928978	missense_variant	0	0.1076	6E-48	47.221848749616356		1.391	NR	Affymetrix [9154080] (imputed)	N	hair color	http://www.ebi.ac.uk/efo/EFO_0003924	GCST006989	Genome-wide genotyping array
2019-01-30	30531825	Morgan MD	2018-12-10	Nat Commun	www.ncbi.nlm.nih.gov/pubmed/30531825	Genome-wide study of hair colour in UK Biobank explains most of the SNP heritability.	Brown vs. black hair color	269,394 British ancestry brown hair individuals, 14,526 British ancestry black hair individuals	NA	11q13.3	11	69088127	TPCN2	TPCN2			ENSG00000162341			rs1060435-G	rs1060435	0	1060435	3_prime_UTR_variant	0	0.4083	1E-32	32.0		1.164	NR	Affymetrix [9154080] (imputed)	N	hair color	http://www.ebi.ac.uk/efo/EFO_0003924	GCST006989	Genome-wide genotyping array
2019-01-30	30531825	Morgan MD	2018-12-10	Nat Commun	www.ncbi.nlm.nih.gov/pubmed/30531825	Genome-wide study of hair colour in UK Biobank explains most of the SNP heritability.	Brown vs. black hair color	269,394 British ancestry brown hair individuals, 14,526 British ancestry black hair individuals	NA	11q14.3	11	89178528	TYR	TYR			ENSG00000077498			rs1042602-A	rs1042602	0	1042602	missense_variant	0	0.3674	2E-27	26.69897000433602		1.15	NR	Affymetrix [9154080] (imputed)	N	hair color	http://www.ebi.ac.uk/efo/EFO_0003924	GCST006989	Genome-wide genotyping array
2019-01-30	30531825	Morgan MD	2018-12-10	Nat Commun	www.ncbi.nlm.nih.gov/pubmed/30531825	Genome-wide study of hair colour in UK Biobank explains most of the SNP heritability.	Brown vs. black hair color	269,394 British ancestry brown hair individuals, 14,526 British ancestry black hair individuals	NA	11q14.3	11	89277878	TYR	TYR			ENSG00000077498			rs1393350-A	rs1393350	0	1393350	intron_variant	0	0.289	5E-24	23.30102999566398		1.165	NR	Affymetrix [9154080] (imputed)	N	hair color	http://www.ebi.ac.uk/efo/EFO_0003924	GCST006989	Genome-wide genotyping array
2019-01-30	30531825	Morgan MD	2018-12-10	Nat Commun	www.ncbi.nlm.nih.gov/pubmed/30531825	Genome-wide study of hair colour in UK Biobank explains most of the SNP heritability.	Brown vs. black hair color	269,394 British ancestry brown hair individuals, 14,526 British ancestry black hair individuals	NA	12q21.33	12	88934558	KITLG	RNU1-117P - LINC02458	ENSG00000252850	ENSG00000246363		352762	76123	rs12821256-C	rs12821256	0	12821256	regulatory_region_variant	1	0.1195	1E-62	62.0		1.446	NR	Affymetrix [9154080] (imputed)	N	hair color	http://www.ebi.ac.uk/efo/EFO_0003924	GCST006989	Genome-wide genotyping array
2019-01-30	30531825	Morgan MD	2018-12-10	Nat Commun	www.ncbi.nlm.nih.gov/pubmed/30531825	Genome-wide study of hair colour in UK Biobank explains most of the SNP heritability.	Brown vs. black hair color	269,394 British ancestry brown hair individuals, 14,526 British ancestry black hair individuals	NA	14q32.12	14	92323733	SLC24A4	SLC24A4			ENSG00000140090			rs12883151-G	rs12883151	0	12883151	5_prime_UTR_variant	0	0.4553	3E-128	127.52287874528034		1.355	NR	Affymetrix [9154080] (imputed)	N	hair color	http://www.ebi.ac.uk/efo/EFO_0003924	GCST006989	Genome-wide genotyping array
2019-01-30	30531825	Morgan MD	2018-12-10	Nat Commun	www.ncbi.nlm.nih.gov/pubmed/30531825	Genome-wide study of hair colour in UK Biobank explains most of the SNP heritability.	Brown vs. black hair color	269,394 British ancestry brown hair individuals, 14,526 British ancestry black hair individuals	NA	15q13.1	15	27934733	OCA2	OCA2			ENSG00000104044			rs1448489-C	rs1448489	0	1448489	intron_variant	0	0.05553	2E-11	10.698970004336019		1.205	NR	Affymetrix [9154080] (imputed)	N	hair color	http://www.ebi.ac.uk/efo/EFO_0003924	GCST006989	Genome-wide genotyping array
2019-01-30	30531825	Morgan MD	2018-12-10	Nat Commun	www.ncbi.nlm.nih.gov/pubmed/30531825	Genome-wide study of hair colour in UK Biobank explains most of the SNP heritability.	Brown vs. black hair color	269,394 British ancestry brown hair individuals, 14,526 British ancestry black hair individuals	NA	15q13.1	15	27943858	OCA2	OCA2			ENSG00000104044			rs7169225-G	rs7169225	0	7169225	intron_variant	0	0.2731	4E-9	8.397940008672037		1.147	NR	Affymetrix [9154080] (imputed)	N	hair color	http://www.ebi.ac.uk/efo/EFO_0003924	GCST006989	Genome-wide genotyping array
2019-01-30	30531825	Morgan MD	2018-12-10	Nat Commun	www.ncbi.nlm.nih.gov/pubmed/30531825	Genome-wide study of hair colour in UK Biobank explains most of the SNP heritability.	Brown vs. black hair color	269,394 British ancestry brown hair individuals, 14,526 British ancestry black hair individuals	NA	15q13.1	15	27985101	OCA2	OCA2			ENSG00000104044			rs121918166-T	rs121918166	0	121918166	missense_variant	0	0.009077	1E-31	31.0		3.255	NR	Affymetrix [9154080] (imputed)	N	hair color	http://www.ebi.ac.uk/efo/EFO_0003924	GCST006989	Genome-wide genotyping array
2019-01-30	30531825	Morgan MD	2018-12-10	Nat Commun	www.ncbi.nlm.nih.gov/pubmed/30531825	Genome-wide study of hair colour in UK Biobank explains most of the SNP heritability.	Brown vs. black hair color	269,394 British ancestry brown hair individuals, 14,526 British ancestry black hair individuals	NA	15q13.1	15	27985172	OCA2	OCA2			ENSG00000104044			rs1800407-T	rs1800407	0	1800407	missense_variant	0	0.08559	2E-30	29.69897000433602		1.296	NR	Affymetrix [9154080] (imputed)	N	hair color	http://www.ebi.ac.uk/efo/EFO_0003924	GCST006989	Genome-wide genotyping array
2019-01-30	30531825	Morgan MD	2018-12-10	Nat Commun	www.ncbi.nlm.nih.gov/pubmed/30531825	Genome-wide study of hair colour in UK Biobank explains most of the SNP heritability.	Brown vs. black hair color	269,394 British ancestry brown hair individuals, 14,526 British ancestry black hair individuals	NA	15q25.1	15	81241693	IL16	IL16			ENSG00000172349			rs28648707-A	rs28648707	0	28648707	intron_variant	0	0.2068	3E-11	10.522878745280337		1.109	NR	Affymetrix [9154080] (imputed)	N	hair color	http://www.ebi.ac.uk/efo/EFO_0003924	GCST006989	Genome-wide genotyping array
2019-01-30	30531825	Morgan MD	2018-12-10	Nat Commun	www.ncbi.nlm.nih.gov/pubmed/30531825	Genome-wide study of hair colour in UK Biobank explains most of the SNP heritability.	Brown vs. black hair color	269,394 British ancestry brown hair individuals, 14,526 British ancestry black hair individuals	NA	16q24.3	16	89677219	CDK10	SPATA33 - CDK10	ENSG00000167523	ENSG00000185324		5947	3518	rs116927526-T	rs116927526	0	116927526	intron_variant	1	0.004391	2E-8	7.698970004336019		2.353	NR	Affymetrix [9154080] (imputed)	N	hair color	http://www.ebi.ac.uk/efo/EFO_0003924	GCST006989	Genome-wide genotyping array
2019-01-30	30531825	Morgan MD	2018-12-10	Nat Commun	www.ncbi.nlm.nih.gov/pubmed/30531825	Genome-wide study of hair colour in UK Biobank explains most of the SNP heritability.	Brown vs. black hair color	269,394 British ancestry brown hair individuals, 14,526 British ancestry black hair individuals	NA	16q24.3	16	89873521	TCF25	SPIRE2 - TCF25	ENSG00000204991	ENSG00000141002		2202	45	rs9939914-C	rs9939914	0	9939914	regulatory_region_variant	1	0.2504	3E-18	17.522878745280337		1.137	NR	Affymetrix [9154080] (imputed)	N	hair color	http://www.ebi.ac.uk/efo/EFO_0003924	GCST006989	Genome-wide genotyping array
2019-01-30	30531825	Morgan MD	2018-12-10	Nat Commun	www.ncbi.nlm.nih.gov/pubmed/30531825	Genome-wide study of hair colour in UK Biobank explains most of the SNP heritability.	Brown vs. black hair color	269,394 British ancestry brown hair individuals, 14,526 British ancestry black hair individuals	NA	16q24.3	16	89890298	TCF25	TCF25			ENSG00000141002			rs117243052-T	rs117243052	0	117243052	intron_variant	0	0.01225	1E-11	11.0		1.574	NR	Affymetrix [9154080] (imputed)	N	hair color	http://www.ebi.ac.uk/efo/EFO_0003924	GCST006989	Genome-wide genotyping array
2019-01-30	30531825	Morgan MD	2018-12-10	Nat Commun	www.ncbi.nlm.nih.gov/pubmed/30531825	Genome-wide study of hair colour in UK Biobank explains most of the SNP heritability.	Brown vs. black hair color	269,394 British ancestry brown hair individuals, 14,526 British ancestry black hair individuals	NA	16q24.3	16	89919436	MC1R	MC1R			ENSG00000258839			rs1805005-T	rs1805005	0	1805005	missense_variant	0	0.1222	3E-46	45.52287874528034		1.324	NR	Affymetrix [9154080] (imputed)	N	hair color	http://www.ebi.ac.uk/efo/EFO_0003924	GCST006989	Genome-wide genotyping array
2019-01-30	30531825	Morgan MD	2018-12-10	Nat Commun	www.ncbi.nlm.nih.gov/pubmed/30531825	Genome-wide study of hair colour in UK Biobank explains most of the SNP heritability.	Brown vs. black hair color	269,394 British ancestry brown hair individuals, 14,526 British ancestry black hair individuals	NA	16q24.3	16	89919510	MC1R	MC1R			ENSG00000258839			rs1805006-A	rs1805006	0	1805006	missense_variant	0	0.01312	6E-16	15.221848749616356		1.686	NR	Affymetrix [9154080] (imputed)	N	hair color	http://www.ebi.ac.uk/efo/EFO_0003924	GCST006989	Genome-wide genotyping array
2019-01-30	30531825	Morgan MD	2018-12-10	Nat Commun	www.ncbi.nlm.nih.gov/pubmed/30531825	Genome-wide study of hair colour in UK Biobank explains most of the SNP heritability.	Brown vs. black hair color	269,394 British ancestry brown hair individuals, 14,526 British ancestry black hair individuals	NA	16q24.3	16	89919683	MC1R	MC1R			ENSG00000258839			rs11547464-A	rs11547464	0	11547464	missense_variant	0	0.00716	7E-9	8.154901959985743		1.695	NR	Affymetrix [9154080] (imputed)	N	hair color	http://www.ebi.ac.uk/efo/EFO_0003924	GCST006989	Genome-wide genotyping array
2019-01-30	30531825	Morgan MD	2018-12-10	Nat Commun	www.ncbi.nlm.nih.gov/pubmed/30531825	Genome-wide study of hair colour in UK Biobank explains most of the SNP heritability.	Brown vs. black hair color	269,394 British ancestry brown hair individuals, 14,526 British ancestry black hair individuals	NA	16q24.3	16	89919709	MC1R	MC1R			ENSG00000258839			rs1805007-A	rs1805007	0	1805007	missense_variant	0	0.1048	2E-101	100.69897000433602		1.822	NR	Affymetrix [9154080] (imputed)	N	hair color	http://www.ebi.ac.uk/efo/EFO_0003924	GCST006989	Genome-wide genotyping array
2019-01-30	30531825	Morgan MD	2018-12-10	Nat Commun	www.ncbi.nlm.nih.gov/pubmed/30531825	Genome-wide study of hair colour in UK Biobank explains most of the SNP heritability.	Brown vs. black hair color	269,394 British ancestry brown hair individuals, 14,526 British ancestry black hair individuals	NA	16q24.3	16	89919736	MC1R	MC1R			ENSG00000258839			rs1805008-T	rs1805008	0	1805008	missense_variant	0	0.08953	1E-76	76.0		1.664	NR	Affymetrix [9154080] (imputed)	N	hair color	http://www.ebi.ac.uk/efo/EFO_0003924	GCST006989	Genome-wide genotyping array
2019-01-30	30531825	Morgan MD	2018-12-10	Nat Commun	www.ncbi.nlm.nih.gov/pubmed/30531825	Genome-wide study of hair colour in UK Biobank explains most of the SNP heritability.	Brown vs. black hair color	269,394 British ancestry brown hair individuals, 14,526 British ancestry black hair individuals	NA	16q24.3	16	89966047	DEF8	DEF8			ENSG00000140995			rs117204628-T	rs117204628	0	117204628	3_prime_UTR_variant	0	0.0337	8E-28	27.096910013008056		1.56	NR	Affymetrix [9154080] (imputed)	N	hair color	http://www.ebi.ac.uk/efo/EFO_0003924	GCST006989	Genome-wide genotyping array
2019-01-30	30531825	Morgan MD	2018-12-10	Nat Commun	www.ncbi.nlm.nih.gov/pubmed/30531825	Genome-wide study of hair colour in UK Biobank explains most of the SNP heritability.	Brown vs. black hair color	269,394 British ancestry brown hair individuals, 14,526 British ancestry black hair individuals	NA	17q21.32	17	47871586	SP6	SP6 - SP2-AS1	ENSG00000189120	ENSG00000234494		15712	2341	rs72833466-A	rs72833466	0	72833466	intergenic_variant	1	0.2769	2E-28	27.69897000433602		1.169	NR	Affymetrix [9154080] (imputed)	N	hair color	http://www.ebi.ac.uk/efo/EFO_0003924	GCST006989	Genome-wide genotyping array
2019-01-30	30531825	Morgan MD	2018-12-10	Nat Commun	www.ncbi.nlm.nih.gov/pubmed/30531825	Genome-wide study of hair colour in UK Biobank explains most of the SNP heritability.	Brown vs. black hair color	269,394 British ancestry brown hair individuals, 14,526 British ancestry black hair individuals	NA	17q25.3	17	81644245	TSPAN10	TSPAN10, NPLOC4			ENSG00000182612, ENSG00000182446			rs62075722-A	rs62075722	0	62075722	intron_variant	0	0.3571	8E-70	69.09691001300806		1.261	NR	Affymetrix [9154080] (imputed)	N	hair color	http://www.ebi.ac.uk/efo/EFO_0003924	GCST006989	Genome-wide genotyping array
2019-01-30	30531825	Morgan MD	2018-12-10	Nat Commun	www.ncbi.nlm.nih.gov/pubmed/30531825	Genome-wide study of hair colour in UK Biobank explains most of the SNP heritability.	Brown vs. black hair color	269,394 British ancestry brown hair individuals, 14,526 British ancestry black hair individuals	NA	20q11.22	20	34576711	PIGU	PIGU			ENSG00000101464			rs2424995-A	rs2424995	0	2424995	intron_variant	0	0.09844	1E-65	65.0		1.515	NR	Affymetrix [9154080] (imputed)	N	hair color	http://www.ebi.ac.uk/efo/EFO_0003924	GCST006989	Genome-wide genotyping array
2019-01-30	30531825	Morgan MD	2018-12-10	Nat Commun	www.ncbi.nlm.nih.gov/pubmed/30531825	Genome-wide study of hair colour in UK Biobank explains most of the SNP heritability.	Brown vs. black hair color	269,394 British ancestry brown hair individuals, 14,526 British ancestry black hair individuals	NA	20q13.32	20	59251107	ZNF831	ZNF831			ENSG00000124203			rs259960-A	rs259960	0	259960	intron_variant	0	0.4838	2E-12	11.698970004336019		1.089	NR	Affymetrix [9154080] (imputed)	N	hair color	http://www.ebi.ac.uk/efo/EFO_0003924	GCST006989	Genome-wide genotyping array
2019-02-08	30595370	Kichaev G	2018-12-27	Am J Hum Genet	www.ncbi.nlm.nih.gov/pubmed/30595370	Leveraging Polygenic Functional Enrichment to Improve GWAS Power.	Hair color	approximately 452,000 European ancestry individuals	NA	20p11.22	20	22095004		LINC01432 - LINC01427	ENSG00000234435	ENSG00000225321		20347	165316	rs6113507-?	rs6113507	0	6113507	intergenic_variant	1	NR	2E-14	13.698970004336019				NR [~ 8900000] (imputed)	N	strand of hair color	http://purl.obolibrary.org/obo/OBA_0002313	GCST007082	Genome-wide genotyping array
2019-02-08	30595370	Kichaev G	2018-12-27	Am J Hum Genet	www.ncbi.nlm.nih.gov/pubmed/30595370	Leveraging Polygenic Functional Enrichment to Improve GWAS Power.	Hair color	approximately 452,000 European ancestry individuals	NA	20p11.21	20	25610108		NINL - RNU6ATAC17P	ENSG00000101004	ENSG00000251883		24522	1045	rs242132-?	rs242132	0	242132	intergenic_variant	1	NR	2E-19	18.69897000433602				NR [~ 8900000] (imputed)	N	strand of hair color	http://purl.obolibrary.org/obo/OBA_0002313	GCST007082	Genome-wide genotyping array
2019-02-08	30595370	Kichaev G	2018-12-27	Am J Hum Genet	www.ncbi.nlm.nih.gov/pubmed/30595370	Leveraging Polygenic Functional Enrichment to Improve GWAS Power.	Hair color	approximately 452,000 European ancestry individuals	NA	20q11.21	20	32421501		ASXL1			ENSG00000171456			rs80188179-?	rs80188179	0	80188179	intron_variant	0	NR	1E-25	25.0				NR [~ 8900000] (imputed)	N	strand of hair color	http://purl.obolibrary.org/obo/OBA_0002313	GCST007082	Genome-wide genotyping array
2019-02-08	30595370	Kichaev G	2018-12-27	Am J Hum Genet	www.ncbi.nlm.nih.gov/pubmed/30595370	Leveraging Polygenic Functional Enrichment to Improve GWAS Power.	Hair color	approximately 452,000 European ancestry individuals	NA	20q11.21	20	32851148		MAPRE1			ENSG00000101367			rs4911268-?	rs4911268	0	4911268	intron_variant	0	NR	2E-12	11.698970004336019				NR [~ 8900000] (imputed)	N	strand of hair color	http://purl.obolibrary.org/obo/OBA_0002313	GCST007082	Genome-wide genotyping array
2019-02-08	30595370	Kichaev G	2018-12-27	Am J Hum Genet	www.ncbi.nlm.nih.gov/pubmed/30595370	Leveraging Polygenic Functional Enrichment to Improve GWAS Power.	Hair color	approximately 452,000 European ancestry individuals	NA	20q11.21	20	33027632		BPIFB2 - BPIFB6	ENSG00000078898	ENSG00000167104		3923	1557	rs71349703-?	rs71349703	0	71349703	intergenic_variant	1	NR	5E-9	8.301029995663981				NR [~ 8900000] (imputed)	N	strand of hair color	http://purl.obolibrary.org/obo/OBA_0002313	GCST007082	Genome-wide genotyping array
2019-02-08	30595370	Kichaev G	2018-12-27	Am J Hum Genet	www.ncbi.nlm.nih.gov/pubmed/30595370	Leveraging Polygenic Functional Enrichment to Improve GWAS Power.	Hair color	approximately 452,000 European ancestry individuals	NA	20q11.21	20	33172744		BPIFA2			ENSG00000131050			rs117186940-?	rs117186940	0	117186940	intron_variant	0	NR	1E-300	300.0				NR [~ 8900000] (imputed)	N	strand of hair color	http://purl.obolibrary.org/obo/OBA_0002313	GCST007082	Genome-wide genotyping array
2019-02-08	30595370	Kichaev G	2018-12-27	Am J Hum Genet	www.ncbi.nlm.nih.gov/pubmed/30595370	Leveraging Polygenic Functional Enrichment to Improve GWAS Power.	Hair color	approximately 452,000 European ancestry individuals	NA	20q11.21	20	33332730		BPIFB5P - BPIFB9P	ENSG00000233146	ENSG00000125997		2761	14990	rs6087480-?	rs6087480	0	6087480	intergenic_variant	1	NR	2E-9	8.698970004336019				NR [~ 8900000] (imputed)	N	strand of hair color	http://purl.obolibrary.org/obo/OBA_0002313	GCST007082	Genome-wide genotyping array
2019-02-08	30595370	Kichaev G	2018-12-27	Am J Hum Genet	www.ncbi.nlm.nih.gov/pubmed/30595370	Leveraging Polygenic Functional Enrichment to Improve GWAS Power.	Hair color	approximately 452,000 European ancestry individuals	NA	20q11.22	20	33870592		CHMP4B - TPM3P2	ENSG00000101421	ENSG00000214200		16226	41731	rs149389676-?	rs149389676	0	149389676	intergenic_variant	1	NR	3E-54	53.52287874528034				NR [~ 8900000] (imputed)	N	strand of hair color	http://purl.obolibrary.org/obo/OBA_0002313	GCST007082	Genome-wide genotyping array
2019-02-08	30595370	Kichaev G	2018-12-27	Am J Hum Genet	www.ncbi.nlm.nih.gov/pubmed/30595370	Leveraging Polygenic Functional Enrichment to Improve GWAS Power.	Hair color	approximately 452,000 European ancestry individuals	NA	20q11.22	20	34164285		RPS2P1 - ASIP	ENSG00000225246	ENSG00000101440		40995	30284	rs138420028-?	rs138420028	0	138420028	intergenic_variant	1	NR	2E-23	22.69897000433602				NR [~ 8900000] (imputed)	N	strand of hair color	http://purl.obolibrary.org/obo/OBA_0002313	GCST007082	Genome-wide genotyping array
2019-02-08	30595370	Kichaev G	2018-12-27	Am J Hum Genet	www.ncbi.nlm.nih.gov/pubmed/30595370	Leveraging Polygenic Functional Enrichment to Improve GWAS Power.	Hair color	approximately 452,000 European ancestry individuals	NA	20q11.22	20	34955626		GSS			ENSG00000100983			rs150385410-?	rs150385410	0	150385410	intron_variant	0	NR	5E-11	10.301029995663981				NR [~ 8900000] (imputed)	N	strand of hair color	http://purl.obolibrary.org/obo/OBA_0002313	GCST007082	Genome-wide genotyping array
2019-02-08	30595370	Kichaev G	2018-12-27	Am J Hum Genet	www.ncbi.nlm.nih.gov/pubmed/30595370	Leveraging Polygenic Functional Enrichment to Improve GWAS Power.	Hair color	approximately 452,000 European ancestry individuals	NA	20q11.22	20	34995914		MYH7B, TRPC4AP			ENSG00000078814, ENSG00000100991			rs73095129-?	rs73095129	0	73095129	3_prime_UTR_variant	0	NR	3E-10	9.522878745280337				NR [~ 8900000] (imputed)	N	strand of hair color	http://purl.obolibrary.org/obo/OBA_0002313	GCST007082	Genome-wide genotyping array
2019-02-08	30595370	Kichaev G	2018-12-27	Am J Hum Genet	www.ncbi.nlm.nih.gov/pubmed/30595370	Leveraging Polygenic Functional Enrichment to Improve GWAS Power.	Hair color	approximately 452,000 European ancestry individuals	NA	20q11.22	20	35189809		PROCR			ENSG00000101000			rs6087685-?	rs6087685	0	6087685	intergenic_variant	0	NR	2E-76	75.69897000433602				NR [~ 8900000] (imputed)	N	strand of hair color	http://purl.obolibrary.org/obo/OBA_0002313	GCST007082	Genome-wide genotyping array
2019-02-08	30595370	Kichaev G	2018-12-27	Am J Hum Genet	www.ncbi.nlm.nih.gov/pubmed/30595370	Leveraging Polygenic Functional Enrichment to Improve GWAS Power.	Hair color	approximately 452,000 European ancestry individuals	NA	20q11.23	20	36159886		EPB41L1			ENSG00000088367			rs6058423-?	rs6058423	0	6058423	intron_variant	0	NR	1E-41	41.0				NR [~ 8900000] (imputed)	N	strand of hair color	http://purl.obolibrary.org/obo/OBA_0002313	GCST007082	Genome-wide genotyping array
2019-02-08	30595370	Kichaev G	2018-12-27	Am J Hum Genet	www.ncbi.nlm.nih.gov/pubmed/30595370	Leveraging Polygenic Functional Enrichment to Improve GWAS Power.	Hair color	approximately 452,000 European ancestry individuals	NA	20q11.23	20	36428169		DLGAP4			ENSG00000080845			rs2425256-?	rs2425256	0	2425256	intron_variant	0	NR	7E-13	12.154901959985743				NR [~ 8900000] (imputed)	N	strand of hair color	http://purl.obolibrary.org/obo/OBA_0002313	GCST007082	Genome-wide genotyping array
2019-02-08	30595370	Kichaev G	2018-12-27	Am J Hum Genet	www.ncbi.nlm.nih.gov/pubmed/30595370	Leveraging Polygenic Functional Enrichment to Improve GWAS Power.	Hair color	approximately 452,000 European ancestry individuals	NA	20q11.23	20	36617897		SLA2			ENSG00000101082			rs35056722-?	rs35056722	0	35056722	intron_variant	0	NR	1E-17	17.0				NR [~ 8900000] (imputed)	N	strand of hair color	http://purl.obolibrary.org/obo/OBA_0002313	GCST007082	Genome-wide genotyping array
2019-02-08	30595370	Kichaev G	2018-12-27	Am J Hum Genet	www.ncbi.nlm.nih.gov/pubmed/30595370	Leveraging Polygenic Functional Enrichment to Improve GWAS Power.	Hair color	approximately 452,000 European ancestry individuals	NA	20q11.23	20	36949294		SAMHD1			ENSG00000101347			rs6030369-?	rs6030369	0	6030369	intron_variant	0	NR	3E-37	36.52287874528034				NR [~ 8900000] (imputed)	N	strand of hair color	http://purl.obolibrary.org/obo/OBA_0002313	GCST007082	Genome-wide genotyping array
2019-02-08	30595370	Kichaev G	2018-12-27	Am J Hum Genet	www.ncbi.nlm.nih.gov/pubmed/30595370	Leveraging Polygenic Functional Enrichment to Improve GWAS Power.	Hair color	approximately 452,000 European ancestry individuals	NA	20q11.23	20	37410579		SRC - RPL7AP14	ENSG00000197122	ENSG00000213979		4529	34154	rs138284316-?	rs138284316	0	138284316	intron_variant	1	NR	1E-24	24.0				NR [~ 8900000] (imputed)	N	strand of hair color	http://purl.obolibrary.org/obo/OBA_0002313	GCST007082	Genome-wide genotyping array
2019-02-08	30595370	Kichaev G	2018-12-27	Am J Hum Genet	www.ncbi.nlm.nih.gov/pubmed/30595370	Leveraging Polygenic Functional Enrichment to Improve GWAS Power.	Hair color	approximately 452,000 European ancestry individuals	NA	20q11.23	20	37652997		LINC00489 - CTNNBL1	ENSG00000225759	ENSG00000132792		29878	41033	rs186905936-?	rs186905936	0	186905936	intergenic_variant	1	NR	5E-22	21.30102999566398				NR [~ 8900000] (imputed)	N	strand of hair color	http://purl.obolibrary.org/obo/OBA_0002313	GCST007082	Genome-wide genotyping array
2019-02-08	30595370	Kichaev G	2018-12-27	Am J Hum Genet	www.ncbi.nlm.nih.gov/pubmed/30595370	Leveraging Polygenic Functional Enrichment to Improve GWAS Power.	Hair color	approximately 452,000 European ancestry individuals	NA	20q11.23	20	38366177		LBP			ENSG00000129988			rs113020874-?	rs113020874	0	113020874	intron_variant	0	NR	2E-11	10.698970004336019				NR [~ 8900000] (imputed)	N	strand of hair color	http://purl.obolibrary.org/obo/OBA_0002313	GCST007082	Genome-wide genotyping array
2019-02-08	30595370	Kichaev G	2018-12-27	Am J Hum Genet	www.ncbi.nlm.nih.gov/pubmed/30595370	Leveraging Polygenic Functional Enrichment to Improve GWAS Power.	Hair color	approximately 452,000 European ancestry individuals	NA	20q12	20	39453609		RN7SL680P - HSPE1P1	ENSG00000275337	ENSG00000234878		104217	479313	rs877313-?	rs877313	0	877313	intron_variant	1	NR	6E-10	9.221848749616356				NR [~ 8900000] (imputed)	N	strand of hair color	http://purl.obolibrary.org/obo/OBA_0002313	GCST007082	Genome-wide genotyping array
2019-02-08	30595370	Kichaev G	2018-12-27	Am J Hum Genet	www.ncbi.nlm.nih.gov/pubmed/30595370	Leveraging Polygenic Functional Enrichment to Improve GWAS Power.	Hair color	approximately 452,000 European ancestry individuals	NA	20q12	20	40530479		LINC01370 - MAFB	ENSG00000237767	ENSG00000204103		486417	155369	rs1012167-?	rs1012167	0	1012167	intergenic_variant	1	NR	3E-9	8.522878745280337				NR [~ 8900000] (imputed)	N	strand of hair color	http://purl.obolibrary.org/obo/OBA_0002313	GCST007082	Genome-wide genotyping array
2019-02-08	30595370	Kichaev G	2018-12-27	Am J Hum Genet	www.ncbi.nlm.nih.gov/pubmed/30595370	Leveraging Polygenic Functional Enrichment to Improve GWAS Power.	Hair color	approximately 452,000 European ancestry individuals	NA	20q13.13	20	50259865		PELATON			ENSG00000224397			rs6067384-?	rs6067384	0	6067384	intron_variant	0	NR	2E-8	7.698970004336019				NR [~ 8900000] (imputed)	N	strand of hair color	http://purl.obolibrary.org/obo/OBA_0002313	GCST007082	Genome-wide genotyping array
2019-02-08	30595370	Kichaev G	2018-12-27	Am J Hum Genet	www.ncbi.nlm.nih.gov/pubmed/30595370	Leveraging Polygenic Functional Enrichment to Improve GWAS Power.	Hair color	approximately 452,000 European ancestry individuals	NA	20q13.2	20	54018787		BCAS1			ENSG00000064787			rs76311467-?	rs76311467	0	76311467	intron_variant	0	NR	2E-49	48.69897000433602				NR [~ 8900000] (imputed)	N	strand of hair color	http://purl.obolibrary.org/obo/OBA_0002313	GCST007082	Genome-wide genotyping array
2019-02-08	30595370	Kichaev G	2018-12-27	Am J Hum Genet	www.ncbi.nlm.nih.gov/pubmed/30595370	Leveraging Polygenic Functional Enrichment to Improve GWAS Power.	Hair color	approximately 452,000 European ancestry individuals	NA	20q13.31	20	56836751		RNU6-929P - BMP7	ENSG00000207158	ENSG00000101144		50664	332002	rs4811760-?	rs4811760	0	4811760	intron_variant	1	NR	7E-30	29.154901959985743				NR [~ 8900000] (imputed)	N	strand of hair color	http://purl.obolibrary.org/obo/OBA_0002313	GCST007082	Genome-wide genotyping array
2019-02-08	30595370	Kichaev G	2018-12-27	Am J Hum Genet	www.ncbi.nlm.nih.gov/pubmed/30595370	Leveraging Polygenic Functional Enrichment to Improve GWAS Power.	Hair color	approximately 452,000 European ancestry individuals	NA	20q13.32	20	59268303		ZNF831 - EDN3	ENSG00000124203	ENSG00000124205		9190	32112	rs6123874-?	rs6123874	0	6123874	intergenic_variant	1	NR	1E-63	63.0				NR [~ 8900000] (imputed)	N	strand of hair color	http://purl.obolibrary.org/obo/OBA_0002313	GCST007082	Genome-wide genotyping array
2019-02-08	30595370	Kichaev G	2018-12-27	Am J Hum Genet	www.ncbi.nlm.nih.gov/pubmed/30595370	Leveraging Polygenic Functional Enrichment to Improve GWAS Power.	Hair color	approximately 452,000 European ancestry individuals	NA	21q21.3	21	26758971		CYYR1 - ADAMTS1	ENSG00000166265	ENSG00000154734		185685	76784	rs2830472-?	rs2830472	0	2830472	intergenic_variant	1	NR	2E-12	11.698970004336019				NR [~ 8900000] (imputed)	N	strand of hair color	http://purl.obolibrary.org/obo/OBA_0002313	GCST007082	Genome-wide genotyping array
2019-02-08	30595370	Kichaev G	2018-12-27	Am J Hum Genet	www.ncbi.nlm.nih.gov/pubmed/30595370	Leveraging Polygenic Functional Enrichment to Improve GWAS Power.	Hair color	approximately 452,000 European ancestry individuals	NA	21q22.3	21	43373568		LINC01679 - SIK1	ENSG00000237989	ENSG00000142178		8238	40915	rs672948-?	rs672948	0	672948	regulatory_region_variant	1	NR	3E-57	56.52287874528034				NR [~ 8900000] (imputed)	N	strand of hair color	http://purl.obolibrary.org/obo/OBA_0002313	GCST007082	Genome-wide genotyping array
2019-02-08	30595370	Kichaev G	2018-12-27	Am J Hum Genet	www.ncbi.nlm.nih.gov/pubmed/30595370	Leveraging Polygenic Functional Enrichment to Improve GWAS Power.	Hair color	approximately 452,000 European ancestry individuals	NA	21q22.3	21	44717189		TSPEAR - UBE2G2	ENSG00000175894	ENSG00000184787		5316	51391	rs235286-?	rs235286	0	235286	intergenic_variant	1	NR	4E-8	7.3979400086720375				NR [~ 8900000] (imputed)	N	strand of hair color	http://purl.obolibrary.org/obo/OBA_0002313	GCST007082	Genome-wide genotyping array
2019-02-08	30595370	Kichaev G	2018-12-27	Am J Hum Genet	www.ncbi.nlm.nih.gov/pubmed/30595370	Leveraging Polygenic Functional Enrichment to Improve GWAS Power.	Hair color	approximately 452,000 European ancestry individuals	NA	22q11.21	22	19965536		COMT			ENSG00000093010			rs165895-?	rs165895	0	165895	intron_variant	0	NR	6E-15	14.221848749616356				NR [~ 8900000] (imputed)	N	strand of hair color	http://purl.obolibrary.org/obo/OBA_0002313	GCST007082	Genome-wide genotyping array
2019-02-08	30595370	Kichaev G	2018-12-27	Am J Hum Genet	www.ncbi.nlm.nih.gov/pubmed/30595370	Leveraging Polygenic Functional Enrichment to Improve GWAS Power.	Hair color	approximately 452,000 European ancestry individuals	NA	22q12.1	22	29102130		KREMEN1			ENSG00000183762			rs5752866-?	rs5752866	0	5752866	intron_variant	0	NR	8E-12	11.096910013008056				NR [~ 8900000] (imputed)	N	strand of hair color	http://purl.obolibrary.org/obo/OBA_0002313	GCST007082	Genome-wide genotyping array
2019-02-08	30595370	Kichaev G	2018-12-27	Am J Hum Genet	www.ncbi.nlm.nih.gov/pubmed/30595370	Leveraging Polygenic Functional Enrichment to Improve GWAS Power.	Hair color	approximately 452,000 European ancestry individuals	NA	22q12.3	22	35304774		TOM1			ENSG00000100284			rs138750-?	rs138750	0	138750	intron_variant	0	NR	8E-12	11.096910013008056				NR [~ 8900000] (imputed)	N	strand of hair color	http://purl.obolibrary.org/obo/OBA_0002313	GCST007082	Genome-wide genotyping array
2019-02-08	30595370	Kichaev G	2018-12-27	Am J Hum Genet	www.ncbi.nlm.nih.gov/pubmed/30595370	Leveraging Polygenic Functional Enrichment to Improve GWAS Power.	Hair color	approximately 452,000 European ancestry individuals	NA	22q13.1	22	39277008		PDGFB - RPL3	ENSG00000100311	ENSG00000100316		32026	35862	rs5757602-?	rs5757602	0	5757602	non_coding_transcript_exon_variant	1	NR	4E-12	11.397940008672037				NR [~ 8900000] (imputed)	N	strand of hair color	http://purl.obolibrary.org/obo/OBA_0002313	GCST007082	Genome-wide genotyping array
2019-02-08	30595370	Kichaev G	2018-12-27	Am J Hum Genet	www.ncbi.nlm.nih.gov/pubmed/30595370	Leveraging Polygenic Functional Enrichment to Improve GWAS Power.	Hair color	approximately 452,000 European ancestry individuals	NA	22q13.2	22	41038154		RBX1 - Y_RNA	ENSG00000100387	ENSG00000200544		64615	27400	rs73174657-?	rs73174657	0	73174657	intergenic_variant	1	NR	7E-8	7.154901959985743				NR [~ 8900000] (imputed)	N	strand of hair color	http://purl.obolibrary.org/obo/OBA_0002313	GCST007082	Genome-wide genotyping array
2019-02-08	30595370	Kichaev G	2018-12-27	Am J Hum Genet	www.ncbi.nlm.nih.gov/pubmed/30595370	Leveraging Polygenic Functional Enrichment to Improve GWAS Power.	Hair color	approximately 452,000 European ancestry individuals	NA	22q13.31	22	45235512		KIAA0930			ENSG00000100364			rs5766576-?	rs5766576	0	5766576	intron_variant	0	NR	3E-8	7.522878745280337				NR [~ 8900000] (imputed)	N	strand of hair color	http://purl.obolibrary.org/obo/OBA_0002313	GCST007082	Genome-wide genotyping array
2019-02-08	30595370	Kichaev G	2018-12-27	Am J Hum Genet	www.ncbi.nlm.nih.gov/pubmed/30595370	Leveraging Polygenic Functional Enrichment to Improve GWAS Power.	Hair color	approximately 452,000 European ancestry individuals	NA	22q13.33	22	50283979		PLXNB2			ENSG00000196576			rs79966207-?	rs79966207	0	79966207	missense_variant	0	NR	3E-12	11.522878745280337				NR [~ 8900000] (imputed)	N	strand of hair color	http://purl.obolibrary.org/obo/OBA_0002313	GCST007082	Genome-wide genotyping array
2019-02-08	30595370	Kichaev G	2018-12-27	Am J Hum Genet	www.ncbi.nlm.nih.gov/pubmed/30595370	Leveraging Polygenic Functional Enrichment to Improve GWAS Power.	Hair color	approximately 452,000 European ancestry individuals	NA	21q21.3	21	25506150		LINC00158 - MIR155HG	ENSG00000185433	ENSG00000234883		74449	54442	rs2829784-?	rs2829784	0	2829784	intron_variant	1	NR	1E-30	30.0				NR [~ 8900000] (imputed)	N	strand of hair color	http://purl.obolibrary.org/obo/OBA_0002313	GCST007082	Genome-wide genotyping array
2019-02-08	30595370	Kichaev G	2018-12-27	Am J Hum Genet	www.ncbi.nlm.nih.gov/pubmed/30595370	Leveraging Polygenic Functional Enrichment to Improve GWAS Power.	Hair color	approximately 452,000 European ancestry individuals	NA	12q21.32	12	88012694		C12orf50			ENSG00000165805			rs34404753-?	rs34404753	0	34404753	intron_variant	0	NR	1E-300	300.0				NR [~ 8900000] (imputed)	N	strand of hair color	http://purl.obolibrary.org/obo/OBA_0002313	GCST007082	Genome-wide genotyping array
2019-02-08	30595370	Kichaev G	2018-12-27	Am J Hum Genet	www.ncbi.nlm.nih.gov/pubmed/30595370	Leveraging Polygenic Functional Enrichment to Improve GWAS Power.	Hair color	approximately 452,000 European ancestry individuals	NA	12q21.32	12	88283547		TMTC3 - Y_RNA	ENSG00000139324	ENSG00000200544		83660	146895	rs7966318-?	rs7966318	0	7966318	intergenic_variant	1	NR	1E-267	267.0				NR [~ 8900000] (imputed)	N	strand of hair color	http://purl.obolibrary.org/obo/OBA_0002313	GCST007082	Genome-wide genotyping array
2019-02-08	30595370	Kichaev G	2018-12-27	Am J Hum Genet	www.ncbi.nlm.nih.gov/pubmed/30595370	Leveraging Polygenic Functional Enrichment to Improve GWAS Power.	Hair color	approximately 452,000 European ancestry individuals	NA	12q21.32	12	88456673		Y_RNA - KITLG	ENSG00000200544	ENSG00000049130		26123	36116	rs115183712-?	rs115183712	0	115183712	intergenic_variant	1	NR	2E-19	18.69897000433602				NR [~ 8900000] (imputed)	N	strand of hair color	http://purl.obolibrary.org/obo/OBA_0002313	GCST007082	Genome-wide genotyping array
2019-02-08	30595370	Kichaev G	2018-12-27	Am J Hum Genet	www.ncbi.nlm.nih.gov/pubmed/30595370	Leveraging Polygenic Functional Enrichment to Improve GWAS Power.	Hair color	approximately 452,000 European ancestry individuals	NA	12q21.33	12	88617474		RNU1-117P - LINC02458	ENSG00000252850	ENSG00000246363		35678	393207	rs34200313-?	rs34200313	0	34200313	intergenic_variant	1	NR	1E-167	167.0				NR [~ 8900000] (imputed)	N	strand of hair color	http://purl.obolibrary.org/obo/OBA_0002313	GCST007082	Genome-wide genotyping array
2019-02-08	30595370	Kichaev G	2018-12-27	Am J Hum Genet	www.ncbi.nlm.nih.gov/pubmed/30595370	Leveraging Polygenic Functional Enrichment to Improve GWAS Power.	Hair color	approximately 452,000 European ancestry individuals	NA	12q21.33	12	88935547		RNU1-117P - LINC02458	ENSG00000252850	ENSG00000246363		353751	75134	rs146898186-?	rs146898186	0	146898186	intergenic_variant	1	NR	2E-10	9.698970004336019				NR [~ 8900000] (imputed)	N	strand of hair color	http://purl.obolibrary.org/obo/OBA_0002313	GCST007082	Genome-wide genotyping array
2019-02-08	30595370	Kichaev G	2018-12-27	Am J Hum Genet	www.ncbi.nlm.nih.gov/pubmed/30595370	Leveraging Polygenic Functional Enrichment to Improve GWAS Power.	Hair color	approximately 452,000 European ancestry individuals	NA	12q21.33	12	89077114		LINC02458			ENSG00000246363			rs12820818-?	rs12820818	0	12820818	intron_variant	0	NR	2E-15	14.698970004336019				NR [~ 8900000] (imputed)	N	strand of hair color	http://purl.obolibrary.org/obo/OBA_0002313	GCST007082	Genome-wide genotyping array
2019-02-08	30595370	Kichaev G	2018-12-27	Am J Hum Genet	www.ncbi.nlm.nih.gov/pubmed/30595370	Leveraging Polygenic Functional Enrichment to Improve GWAS Power.	Hair color	approximately 452,000 European ancestry individuals	NA	12q21.33	12	89249863		LINC02458			ENSG00000246363			rs58696617-?	rs58696617	0	58696617	intron_variant	0	NR	1E-35	35.0				NR [~ 8900000] (imputed)	N	strand of hair color	http://purl.obolibrary.org/obo/OBA_0002313	GCST007082	Genome-wide genotyping array
2019-02-08	30595370	Kichaev G	2018-12-27	Am J Hum Genet	www.ncbi.nlm.nih.gov/pubmed/30595370	Leveraging Polygenic Functional Enrichment to Improve GWAS Power.	Hair color	approximately 452,000 European ancestry individuals	NA	12q21.33	12	89455093		POC1B			ENSG00000139323			rs7299139-?	rs7299139	0	7299139	intron_variant	0	NR	3E-29	28.522878745280337				NR [~ 8900000] (imputed)	N	strand of hair color	http://purl.obolibrary.org/obo/OBA_0002313	GCST007082	Genome-wide genotyping array
2019-02-08	30595370	Kichaev G	2018-12-27	Am J Hum Genet	www.ncbi.nlm.nih.gov/pubmed/30595370	Leveraging Polygenic Functional Enrichment to Improve GWAS Power.	Hair color	approximately 452,000 European ancestry individuals	NA	12q21.33	12	89742703		ATP2B1-AS1			ENSG00000271614			rs143993772-?	rs143993772	0	143993772	intron_variant	0	NR	5E-41	40.30102999566398				NR [~ 8900000] (imputed)	N	strand of hair color	http://purl.obolibrary.org/obo/OBA_0002313	GCST007082	Genome-wide genotyping array
2019-02-08	30595370	Kichaev G	2018-12-27	Am J Hum Genet	www.ncbi.nlm.nih.gov/pubmed/30595370	Leveraging Polygenic Functional Enrichment to Improve GWAS Power.	Hair color	approximately 452,000 European ancestry individuals	NA	12q21.33	12	90723852		LINC02822			ENSG00000286021			rs10859040-?	rs10859040	0	10859040	intron_variant	0	NR	2E-15	14.698970004336019				NR [~ 8900000] (imputed)	N	strand of hair color	http://purl.obolibrary.org/obo/OBA_0002313	GCST007082	Genome-wide genotyping array
2019-02-08	30595370	Kichaev G	2018-12-27	Am J Hum Genet	www.ncbi.nlm.nih.gov/pubmed/30595370	Leveraging Polygenic Functional Enrichment to Improve GWAS Power.	Hair color	approximately 452,000 European ancestry individuals	NA	12q24.11	12	111270654		CUX2			ENSG00000111249			rs1265564-?	rs1265564	0	1265564	intron_variant	0	NR	1E-7	7.0				NR [~ 8900000] (imputed)	N	strand of hair color	http://purl.obolibrary.org/obo/OBA_0002313	GCST007082	Genome-wide genotyping array
2019-02-08	30595370	Kichaev G	2018-12-27	Am J Hum Genet	www.ncbi.nlm.nih.gov/pubmed/30595370	Leveraging Polygenic Functional Enrichment to Improve GWAS Power.	Hair color	approximately 452,000 European ancestry individuals	NA	12q24.21	12	115017708		TBX3-AS1 - UBA52P7	ENSG00000257817	ENSG00000241656		249716	574896	rs2287571-?	rs2287571	0	2287571	intron_variant	1	NR	3E-9	8.522878745280337				NR [~ 8900000] (imputed)	N	strand of hair color	http://purl.obolibrary.org/obo/OBA_0002313	GCST007082	Genome-wide genotyping array
2019-02-08	30595370	Kichaev G	2018-12-27	Am J Hum Genet	www.ncbi.nlm.nih.gov/pubmed/30595370	Leveraging Polygenic Functional Enrichment to Improve GWAS Power.	Hair color	approximately 452,000 European ancestry individuals	NA	12q24.31	12	120942741		HNF1A-AS1			ENSG00000241388			rs2649999-?	rs2649999	0	2649999	intron_variant	0	NR	7E-8	7.154901959985743				NR [~ 8900000] (imputed)	N	strand of hair color	http://purl.obolibrary.org/obo/OBA_0002313	GCST007082	Genome-wide genotyping array
2019-02-08	30595370	Kichaev G	2018-12-27	Am J Hum Genet	www.ncbi.nlm.nih.gov/pubmed/30595370	Leveraging Polygenic Functional Enrichment to Improve GWAS Power.	Hair color	approximately 452,000 European ancestry individuals	NA	12q24.31	12	123405729		KMT5A			ENSG00000183955			rs28576953-?	rs28576953	0	28576953	intron_variant	0	NR	1E-8	8.0				NR [~ 8900000] (imputed)	N	strand of hair color	http://purl.obolibrary.org/obo/OBA_0002313	GCST007082	Genome-wide genotyping array
2019-02-08	30595370	Kichaev G	2018-12-27	Am J Hum Genet	www.ncbi.nlm.nih.gov/pubmed/30595370	Leveraging Polygenic Functional Enrichment to Improve GWAS Power.	Hair color	approximately 452,000 European ancestry individuals	NA	12q24.31	12	124883796		SCARB1 - RNU6-927P	ENSG00000073060	ENSG00000252008		1128	17716	rs77717551-?	rs77717551	0	77717551	regulatory_region_variant	1	NR	2E-8	7.698970004336019				NR [~ 8900000] (imputed)	N	strand of hair color	http://purl.obolibrary.org/obo/OBA_0002313	GCST007082	Genome-wide genotyping array
2019-02-08	30595370	Kichaev G	2018-12-27	Am J Hum Genet	www.ncbi.nlm.nih.gov/pubmed/30595370	Leveraging Polygenic Functional Enrichment to Improve GWAS Power.	Hair color	approximately 452,000 European ancestry individuals	NA	13q12.3	13	29881977		LINC00297			ENSG00000224329			rs11616444-?	rs11616444	0	11616444	intron_variant	0	NR	6E-9	8.221848749616356				NR [~ 8900000] (imputed)	N	strand of hair color	http://purl.obolibrary.org/obo/OBA_0002313	GCST007082	Genome-wide genotyping array
2019-02-08	30595370	Kichaev G	2018-12-27	Am J Hum Genet	www.ncbi.nlm.nih.gov/pubmed/30595370	Leveraging Polygenic Functional Enrichment to Improve GWAS Power.	Hair color	approximately 452,000 European ancestry individuals	NA	13q13.3	13	36875096		SMAD9			ENSG00000120693			rs2762137-?	rs2762137	0	2762137	intron_variant	0	NR	9E-12	11.045757490560675				NR [~ 8900000] (imputed)	N	strand of hair color	http://purl.obolibrary.org/obo/OBA_0002313	GCST007082	Genome-wide genotyping array
2019-02-08	30595370	Kichaev G	2018-12-27	Am J Hum Genet	www.ncbi.nlm.nih.gov/pubmed/30595370	Leveraging Polygenic Functional Enrichment to Improve GWAS Power.	Hair color	approximately 452,000 European ancestry individuals	NA	13q13.3	13	38769685		FREM2			ENSG00000150893			rs9603422-?	rs9603422	0	9603422	missense_variant	0	NR	5E-29	28.30102999566398				NR [~ 8900000] (imputed)	N	strand of hair color	http://purl.obolibrary.org/obo/OBA_0002313	GCST007082	Genome-wide genotyping array
2019-02-08	30595370	Kichaev G	2018-12-27	Am J Hum Genet	www.ncbi.nlm.nih.gov/pubmed/30595370	Leveraging Polygenic Functional Enrichment to Improve GWAS Power.	Hair color	approximately 452,000 European ancestry individuals	NA	13q14.11	13	44231734		SMIM2-AS1			ENSG00000227258			rs2282064-?	rs2282064	0	2282064	intron_variant	0	NR	2E-8	7.698970004336019				NR [~ 8900000] (imputed)	N	strand of hair color	http://purl.obolibrary.org/obo/OBA_0002313	GCST007082	Genome-wide genotyping array
2019-02-08	30595370	Kichaev G	2018-12-27	Am J Hum Genet	www.ncbi.nlm.nih.gov/pubmed/30595370	Leveraging Polygenic Functional Enrichment to Improve GWAS Power.	Hair color	approximately 452,000 European ancestry individuals	NA	13q22.3	13	77603711		SCEL-AS1, SCEL			ENSG00000224347, ENSG00000136155			rs117778740-?	rs117778740	0	117778740	intron_variant	0	NR	5E-9	8.301029995663981				NR [~ 8900000] (imputed)	N	strand of hair color	http://purl.obolibrary.org/obo/OBA_0002313	GCST007082	Genome-wide genotyping array
2019-02-08	30595370	Kichaev G	2018-12-27	Am J Hum Genet	www.ncbi.nlm.nih.gov/pubmed/30595370	Leveraging Polygenic Functional Enrichment to Improve GWAS Power.	Hair color	approximately 452,000 European ancestry individuals	NA	13q22.3	13	77811073		EDNRB-AS1			ENSG00000225579			rs1759977-?	rs1759977	0	1759977	intron_variant	0	NR	7E-271	270.15490195998575				NR [~ 8900000] (imputed)	N	strand of hair color	http://purl.obolibrary.org/obo/OBA_0002313	GCST007082	Genome-wide genotyping array
2019-02-08	30595370	Kichaev G	2018-12-27	Am J Hum Genet	www.ncbi.nlm.nih.gov/pubmed/30595370	Leveraging Polygenic Functional Enrichment to Improve GWAS Power.	Hair color	approximately 452,000 European ancestry individuals	NA	13q22.3	13	78119331		OBI1-AS1			ENSG00000234377			rs188310489-?	rs188310489	0	188310489	intron_variant	0	NR	2E-10	9.698970004336019				NR [~ 8900000] (imputed)	N	strand of hair color	http://purl.obolibrary.org/obo/OBA_0002313	GCST007082	Genome-wide genotyping array
2019-02-08	30595370	Kichaev G	2018-12-27	Am J Hum Genet	www.ncbi.nlm.nih.gov/pubmed/30595370	Leveraging Polygenic Functional Enrichment to Improve GWAS Power.	Hair color	approximately 452,000 European ancestry individuals	NA	13q22.3	13	78167485		OBI1-AS1			ENSG00000234377			rs2254690-?	rs2254690	0	2254690	intron_variant	0	NR	3E-14	13.522878745280337				NR [~ 8900000] (imputed)	N	strand of hair color	http://purl.obolibrary.org/obo/OBA_0002313	GCST007082	Genome-wide genotyping array
2019-02-08	30595370	Kichaev G	2018-12-27	Am J Hum Genet	www.ncbi.nlm.nih.gov/pubmed/30595370	Leveraging Polygenic Functional Enrichment to Improve GWAS Power.	Hair color	approximately 452,000 European ancestry individuals	NA	13q22.3	13	78268245		OBI1-AS1			ENSG00000234377			rs7998826-?	rs7998826	0	7998826	intron_variant	0	NR	8E-10	9.096910013008056				NR [~ 8900000] (imputed)	N	strand of hair color	http://purl.obolibrary.org/obo/OBA_0002313	GCST007082	Genome-wide genotyping array
2019-02-08	30595370	Kichaev G	2018-12-27	Am J Hum Genet	www.ncbi.nlm.nih.gov/pubmed/30595370	Leveraging Polygenic Functional Enrichment to Improve GWAS Power.	Hair color	approximately 452,000 European ancestry individuals	NA	13q32.1	13	94544305		DCT - TGDS	ENSG00000080166	ENSG00000088451		64623	29749	rs6492711-?	rs6492711	0	6492711	intron_variant	1	NR	6E-110	109.22184874961636				NR [~ 8900000] (imputed)	N	strand of hair color	http://purl.obolibrary.org/obo/OBA_0002313	GCST007082	Genome-wide genotyping array
2019-02-08	30595370	Kichaev G	2018-12-27	Am J Hum Genet	www.ncbi.nlm.nih.gov/pubmed/30595370	Leveraging Polygenic Functional Enrichment to Improve GWAS Power.	Hair color	approximately 452,000 European ancestry individuals	NA	15q12	15	27501142		GABRG3			ENSG00000182256			rs187453635-?	rs187453635	0	187453635	intron_variant	0	NR	5E-15	14.301029995663981				NR [~ 8900000] (imputed)	N	strand of hair color	http://purl.obolibrary.org/obo/OBA_0002313	GCST007082	Genome-wide genotyping array
2019-02-08	30595370	Kichaev G	2018-12-27	Am J Hum Genet	www.ncbi.nlm.nih.gov/pubmed/30595370	Leveraging Polygenic Functional Enrichment to Improve GWAS Power.	Hair color	approximately 452,000 European ancestry individuals	NA	15q12	15	27637816		GABRG3 - OCA2	ENSG00000182256	ENSG00000104044		95832	117058	rs1077037-?	rs1077037	0	1077037	intergenic_variant	1	NR	3E-32	31.522878745280337				NR [~ 8900000] (imputed)	N	strand of hair color	http://purl.obolibrary.org/obo/OBA_0002313	GCST007082	Genome-wide genotyping array
2019-02-08	30595370	Kichaev G	2018-12-27	Am J Hum Genet	www.ncbi.nlm.nih.gov/pubmed/30595370	Leveraging Polygenic Functional Enrichment to Improve GWAS Power.	Hair color	approximately 452,000 European ancestry individuals	NA	15q12	15	27767008		OCA2			ENSG00000104044			rs75236462-?	rs75236462	0	75236462	intron_variant	0	NR	3E-28	27.522878745280337				NR [~ 8900000] (imputed)	N	strand of hair color	http://purl.obolibrary.org/obo/OBA_0002313	GCST007082	Genome-wide genotyping array
2019-02-08	30595370	Kichaev G	2018-12-27	Am J Hum Genet	www.ncbi.nlm.nih.gov/pubmed/30595370	Leveraging Polygenic Functional Enrichment to Improve GWAS Power.	Hair color	approximately 452,000 European ancestry individuals	NA	15q13.1	15	27847454		OCA2			ENSG00000104044			rs8029469-?	rs8029469	0	8029469	intron_variant	0	NR	8E-210	209.09691001300806				NR [~ 8900000] (imputed)	N	strand of hair color	http://purl.obolibrary.org/obo/OBA_0002313	GCST007082	Genome-wide genotyping array
2019-02-08	30595370	Kichaev G	2018-12-27	Am J Hum Genet	www.ncbi.nlm.nih.gov/pubmed/30595370	Leveraging Polygenic Functional Enrichment to Improve GWAS Power.	Hair color	approximately 452,000 European ancestry individuals	NA	15q13.1	15	27935054		OCA2			ENSG00000104044			rs2703954-?	rs2703954	0	2703954	intron_variant	0	NR	1E-300	300.0				NR [~ 8900000] (imputed)	N	strand of hair color	http://purl.obolibrary.org/obo/OBA_0002313	GCST007082	Genome-wide genotyping array
2019-02-08	30595370	Kichaev G	2018-12-27	Am J Hum Genet	www.ncbi.nlm.nih.gov/pubmed/30595370	Leveraging Polygenic Functional Enrichment to Improve GWAS Power.	Hair color	approximately 452,000 European ancestry individuals	NA	15q13.1	15	28023844		OCA2			ENSG00000104044			rs749846-?	rs749846	0	749846	intron_variant	0	NR	1E-300	300.0				NR [~ 8900000] (imputed)	N	strand of hair color	http://purl.obolibrary.org/obo/OBA_0002313	GCST007082	Genome-wide genotyping array
2019-02-08	30595370	Kichaev G	2018-12-27	Am J Hum Genet	www.ncbi.nlm.nih.gov/pubmed/30595370	Leveraging Polygenic Functional Enrichment to Improve GWAS Power.	Hair color	approximately 452,000 European ancestry individuals	NA	15q13.1	15	28126276		HERC2			ENSG00000128731			rs117007668-?	rs117007668	0	117007668	intron_variant	0	NR	1E-300	300.0				NR [~ 8900000] (imputed)	N	strand of hair color	http://purl.obolibrary.org/obo/OBA_0002313	GCST007082	Genome-wide genotyping array
2019-02-08	30595370	Kichaev G	2018-12-27	Am J Hum Genet	www.ncbi.nlm.nih.gov/pubmed/30595370	Leveraging Polygenic Functional Enrichment to Improve GWAS Power.	Hair color	approximately 452,000 European ancestry individuals	NA	15q13.1	15	28231486		HERC2			ENSG00000128731			rs144864205-?	rs144864205	0	144864205	intron_variant	0	NR	1E-300	300.0				NR [~ 8900000] (imputed)	N	strand of hair color	http://purl.obolibrary.org/obo/OBA_0002313	GCST007082	Genome-wide genotyping array
2019-02-08	30595370	Kichaev G	2018-12-27	Am J Hum Genet	www.ncbi.nlm.nih.gov/pubmed/30595370	Leveraging Polygenic Functional Enrichment to Improve GWAS Power.	Hair color	approximately 452,000 European ancestry individuals	NA	15q13.1	15	28788763		WHAMMP2 - PDCD6IPP2	ENSG00000248334	ENSG00000261377		33894	12603	rs56166703-?	rs56166703	0	56166703	non_coding_transcript_exon_variant	1	NR	1E-245	245.0				NR [~ 8900000] (imputed)	N	strand of hair color	http://purl.obolibrary.org/obo/OBA_0002313	GCST007082	Genome-wide genotyping array
2019-02-08	30595370	Kichaev G	2018-12-27	Am J Hum Genet	www.ncbi.nlm.nih.gov/pubmed/30595370	Leveraging Polygenic Functional Enrichment to Improve GWAS Power.	Hair color	approximately 452,000 European ancestry individuals	NA	15q13.1	15	28899884		APBA2			ENSG00000034053			rs36181864-?	rs36181864	0	36181864	intron_variant	0	NR	1E-111	111.0				NR [~ 8900000] (imputed)	N	strand of hair color	http://purl.obolibrary.org/obo/OBA_0002313	GCST007082	Genome-wide genotyping array
2019-02-08	30595370	Kichaev G	2018-12-27	Am J Hum Genet	www.ncbi.nlm.nih.gov/pubmed/30595370	Leveraging Polygenic Functional Enrichment to Improve GWAS Power.	Hair color	approximately 452,000 European ancestry individuals	NA	15q13.1	15	28983644		APBA2			ENSG00000034053			rs11630839-?	rs11630839	0	11630839	intron_variant	0	NR	1E-72	72.0				NR [~ 8900000] (imputed)	N	strand of hair color	http://purl.obolibrary.org/obo/OBA_0002313	GCST007082	Genome-wide genotyping array
2019-02-08	30595370	Kichaev G	2018-12-27	Am J Hum Genet	www.ncbi.nlm.nih.gov/pubmed/30595370	Leveraging Polygenic Functional Enrichment to Improve GWAS Power.	Hair color	approximately 452,000 European ancestry individuals	NA	15q13.1	15	29111839		APBA2			ENSG00000034053			rs748366-?	rs748366	0	748366	intron_variant	0	NR	1E-46	46.0				NR [~ 8900000] (imputed)	N	strand of hair color	http://purl.obolibrary.org/obo/OBA_0002313	GCST007082	Genome-wide genotyping array
2019-02-08	30595370	Kichaev G	2018-12-27	Am J Hum Genet	www.ncbi.nlm.nih.gov/pubmed/30595370	Leveraging Polygenic Functional Enrichment to Improve GWAS Power.	Hair color	approximately 452,000 European ancestry individuals	NA	15q13.1	15	29558635		ENTREP2			ENSG00000104059			rs72713719-?	rs72713719	0	72713719	intron_variant	0	NR	2E-10	9.698970004336019				NR [~ 8900000] (imputed)	N	strand of hair color	http://purl.obolibrary.org/obo/OBA_0002313	GCST007082	Genome-wide genotyping array
2019-02-08	30595370	Kichaev G	2018-12-27	Am J Hum Genet	www.ncbi.nlm.nih.gov/pubmed/30595370	Leveraging Polygenic Functional Enrichment to Improve GWAS Power.	Hair color	approximately 452,000 European ancestry individuals	NA	15q21.1	15	48141297		MYEF2, SLC24A5			ENSG00000104177, ENSG00000188467			rs2470102-?	rs2470102	0	2470102	3_prime_UTR_variant	0	NR	7E-13	12.154901959985743				NR [~ 8900000] (imputed)	N	strand of hair color	http://purl.obolibrary.org/obo/OBA_0002313	GCST007082	Genome-wide genotyping array
2019-02-08	30595370	Kichaev G	2018-12-27	Am J Hum Genet	www.ncbi.nlm.nih.gov/pubmed/30595370	Leveraging Polygenic Functional Enrichment to Improve GWAS Power.	Hair color	approximately 452,000 European ancestry individuals	NA	15q21.1	15	48897290		SHC4			ENSG00000185634			rs143692029-?	rs143692029	0	143692029	intron_variant	0	NR	3E-12	11.522878745280337				NR [~ 8900000] (imputed)	N	strand of hair color	http://purl.obolibrary.org/obo/OBA_0002313	GCST007082	Genome-wide genotyping array
2019-02-08	30595370	Kichaev G	2018-12-27	Am J Hum Genet	www.ncbi.nlm.nih.gov/pubmed/30595370	Leveraging Polygenic Functional Enrichment to Improve GWAS Power.	Hair color	approximately 452,000 European ancestry individuals	NA	15q21.3	15	55131044		UNC13C - RSL24D1	ENSG00000137766	ENSG00000137876		502337	49753	rs11856493-?	rs11856493	0	11856493	intron_variant	1	NR	3E-8	7.522878745280337				NR [~ 8900000] (imputed)	N	strand of hair color	http://purl.obolibrary.org/obo/OBA_0002313	GCST007082	Genome-wide genotyping array
2019-02-08	30595370	Kichaev G	2018-12-27	Am J Hum Genet	www.ncbi.nlm.nih.gov/pubmed/30595370	Leveraging Polygenic Functional Enrichment to Improve GWAS Power.	Hair color	approximately 452,000 European ancestry individuals	NA	15q24.1	15	73014233		NPM1P42 - NEO1	ENSG00000259259	ENSG00000067141		113973	37412	rs7181555-?	rs7181555	0	7181555	intergenic_variant	1	NR	2E-10	9.698970004336019				NR [~ 8900000] (imputed)	N	strand of hair color	http://purl.obolibrary.org/obo/OBA_0002313	GCST007082	Genome-wide genotyping array
2019-02-08	30595370	Kichaev G	2018-12-27	Am J Hum Genet	www.ncbi.nlm.nih.gov/pubmed/30595370	Leveraging Polygenic Functional Enrichment to Improve GWAS Power.	Hair color	approximately 452,000 European ancestry individuals	NA	15q25.1	15	81241037		IL16			ENSG00000172349			rs7179134-?	rs7179134	0	7179134	intron_variant	0	NR	3E-73	72.52287874528034				NR [~ 8900000] (imputed)	N	strand of hair color	http://purl.obolibrary.org/obo/OBA_0002313	GCST007082	Genome-wide genotyping array
2019-02-08	30595370	Kichaev G	2018-12-27	Am J Hum Genet	www.ncbi.nlm.nih.gov/pubmed/30595370	Leveraging Polygenic Functional Enrichment to Improve GWAS Power.	Hair color	approximately 452,000 European ancestry individuals	NA	15q25.2	15	83285832		BNC1 - SH3GL3	ENSG00000169594	ENSG00000140600		1168	161396	rs8042597-?	rs8042597	0	8042597	intron_variant	1	NR	1E-20	20.0				NR [~ 8900000] (imputed)	N	strand of hair color	http://purl.obolibrary.org/obo/OBA_0002313	GCST007082	Genome-wide genotyping array
2019-02-08	30595370	Kichaev G	2018-12-27	Am J Hum Genet	www.ncbi.nlm.nih.gov/pubmed/30595370	Leveraging Polygenic Functional Enrichment to Improve GWAS Power.	Hair color	approximately 452,000 European ancestry individuals	NA	15q25.3	15	85460911		AKAP13			ENSG00000170776			rs55767890-?	rs55767890	0	55767890	intron_variant	0	NR	2E-9	8.698970004336019				NR [~ 8900000] (imputed)	N	strand of hair color	http://purl.obolibrary.org/obo/OBA_0002313	GCST007082	Genome-wide genotyping array
2019-02-08	30595370	Kichaev G	2018-12-27	Am J Hum Genet	www.ncbi.nlm.nih.gov/pubmed/30595370	Leveraging Polygenic Functional Enrichment to Improve GWAS Power.	Hair color	approximately 452,000 European ancestry individuals	NA	15q26.1	15	90886057		FES			ENSG00000182511			rs4932373-?	rs4932373	0	4932373	intron_variant	0	NR	9E-10	9.045757490560675				NR [~ 8900000] (imputed)	N	strand of hair color	http://purl.obolibrary.org/obo/OBA_0002313	GCST007082	Genome-wide genotyping array
2019-02-08	30595370	Kichaev G	2018-12-27	Am J Hum Genet	www.ncbi.nlm.nih.gov/pubmed/30595370	Leveraging Polygenic Functional Enrichment to Improve GWAS Power.	Hair color	approximately 452,000 European ancestry individuals	NA	15q26.1	15	93497477		SEPHS1P2 - LINC01579	ENSG00000258787	ENSG00000258754		66260	221065	rs72649546-?	rs72649546	0	72649546	intron_variant	1	NR	2E-10	9.698970004336019				NR [~ 8900000] (imputed)	N	strand of hair color	http://purl.obolibrary.org/obo/OBA_0002313	GCST007082	Genome-wide genotyping array
2019-02-08	30595370	Kichaev G	2018-12-27	Am J Hum Genet	www.ncbi.nlm.nih.gov/pubmed/30595370	Leveraging Polygenic Functional Enrichment to Improve GWAS Power.	Hair color	approximately 452,000 European ancestry individuals	NA	16p13.3	16	4468391		NMRAL1			ENSG00000153406			rs4424915-?	rs4424915	0	4424915	intron_variant	0	NR	5E-8	7.301029995663981				NR [~ 8900000] (imputed)	N	strand of hair color	http://purl.obolibrary.org/obo/OBA_0002313	GCST007082	Genome-wide genotyping array
2019-02-08	30595370	Kichaev G	2018-12-27	Am J Hum Genet	www.ncbi.nlm.nih.gov/pubmed/30595370	Leveraging Polygenic Functional Enrichment to Improve GWAS Power.	Hair color	approximately 452,000 European ancestry individuals	NA	16p13.13	16	10709513		TEKT5 - MTCYBP33	ENSG00000153060	ENSG00000263241		14583	9120	rs11862481-?	rs11862481	0	11862481	intergenic_variant	1	NR	8E-9	8.096910013008056				NR [~ 8900000] (imputed)	N	strand of hair color	http://purl.obolibrary.org/obo/OBA_0002313	GCST007082	Genome-wide genotyping array
2019-02-08	30595370	Kichaev G	2018-12-27	Am J Hum Genet	www.ncbi.nlm.nih.gov/pubmed/30595370	Leveraging Polygenic Functional Enrichment to Improve GWAS Power.	Hair color	approximately 452,000 European ancestry individuals	NA	16q12.1	16	52546588		TOX3			ENSG00000103460			rs3095602-?	rs3095602	0	3095602	intron_variant	0	NR	1E-8	8.0				NR [~ 8900000] (imputed)	N	strand of hair color	http://purl.obolibrary.org/obo/OBA_0002313	GCST007082	Genome-wide genotyping array
2019-02-08	30595370	Kichaev G	2018-12-27	Am J Hum Genet	www.ncbi.nlm.nih.gov/pubmed/30595370	Leveraging Polygenic Functional Enrichment to Improve GWAS Power.	Hair color	approximately 452,000 European ancestry individuals	NA	13q34	13	110533990		RAB20			ENSG00000139832			rs58927807-?	rs58927807	0	58927807	intron_variant	0	NR	1E-9	9.0				NR [~ 8900000] (imputed)	N	strand of hair color	http://purl.obolibrary.org/obo/OBA_0002313	GCST007082	Genome-wide genotyping array
2019-02-08	30595370	Kichaev G	2018-12-27	Am J Hum Genet	www.ncbi.nlm.nih.gov/pubmed/30595370	Leveraging Polygenic Functional Enrichment to Improve GWAS Power.	Hair color	approximately 452,000 European ancestry individuals	NA	13q34	13	114051786		RASA3			ENSG00000185989			rs6560957-?	rs6560957	0	6560957	intron_variant	0	NR	3E-9	8.522878745280337				NR [~ 8900000] (imputed)	N	strand of hair color	http://purl.obolibrary.org/obo/OBA_0002313	GCST007082	Genome-wide genotyping array
2019-02-08	30595370	Kichaev G	2018-12-27	Am J Hum Genet	www.ncbi.nlm.nih.gov/pubmed/30595370	Leveraging Polygenic Functional Enrichment to Improve GWAS Power.	Hair color	approximately 452,000 European ancestry individuals	NA	14q21.3	14	50269229		L2HGDH			ENSG00000087299			rs72683923-?	rs72683923	0	72683923	synonymous_variant	0	NR	1E-14	14.0				NR [~ 8900000] (imputed)	N	strand of hair color	http://purl.obolibrary.org/obo/OBA_0002313	GCST007082	Genome-wide genotyping array
2019-02-08	30595370	Kichaev G	2018-12-27	Am J Hum Genet	www.ncbi.nlm.nih.gov/pubmed/30595370	Leveraging Polygenic Functional Enrichment to Improve GWAS Power.	Hair color	approximately 452,000 European ancestry individuals	NA	14q22.2	14	53641073		DDHD1-DT			ENSG00000258731			rs210381-?	rs210381	0	210381	intron_variant	0	NR	2E-17	16.69897000433602				NR [~ 8900000] (imputed)	N	strand of hair color	http://purl.obolibrary.org/obo/OBA_0002313	GCST007082	Genome-wide genotyping array
2019-02-08	30595370	Kichaev G	2018-12-27	Am J Hum Genet	www.ncbi.nlm.nih.gov/pubmed/30595370	Leveraging Polygenic Functional Enrichment to Improve GWAS Power.	Hair color	approximately 452,000 European ancestry individuals	NA	14q23.1	14	60276501		PPM1A			ENSG00000100614			rs1887103-?	rs1887103	0	1887103	intron_variant	0	NR	3E-16	15.522878745280337				NR [~ 8900000] (imputed)	N	strand of hair color	http://purl.obolibrary.org/obo/OBA_0002313	GCST007082	Genome-wide genotyping array
2019-02-08	30595370	Kichaev G	2018-12-27	Am J Hum Genet	www.ncbi.nlm.nih.gov/pubmed/30595370	Leveraging Polygenic Functional Enrichment to Improve GWAS Power.	Hair color	approximately 452,000 European ancestry individuals	NA	14q23.2	14	63923312		SYNE2			ENSG00000054654			rs10873172-?	rs10873172	0	10873172	intron_variant	0	NR	4E-17	16.397940008672037				NR [~ 8900000] (imputed)	N	strand of hair color	http://purl.obolibrary.org/obo/OBA_0002313	GCST007082	Genome-wide genotyping array
2019-02-08	30595370	Kichaev G	2018-12-27	Am J Hum Genet	www.ncbi.nlm.nih.gov/pubmed/30595370	Leveraging Polygenic Functional Enrichment to Improve GWAS Power.	Hair color	approximately 452,000 European ancestry individuals	NA	14q23.3	14	64976718		CHURC1-FNTB			ENSG00000125954			rs61160081-?	rs61160081	0	61160081	intron_variant	0	NR	7E-9	8.154901959985743				NR [~ 8900000] (imputed)	N	strand of hair color	http://purl.obolibrary.org/obo/OBA_0002313	GCST007082	Genome-wide genotyping array
2019-02-08	30595370	Kichaev G	2018-12-27	Am J Hum Genet	www.ncbi.nlm.nih.gov/pubmed/30595370	Leveraging Polygenic Functional Enrichment to Improve GWAS Power.	Hair color	approximately 452,000 European ancestry individuals	NA	14q24.1	14	68058380		RAD51B			ENSG00000182185			rs1980655-?	rs1980655	0	1980655	intron_variant	0	NR	1E-10	10.0				NR [~ 8900000] (imputed)	N	strand of hair color	http://purl.obolibrary.org/obo/OBA_0002313	GCST007082	Genome-wide genotyping array
2019-02-08	30595370	Kichaev G	2018-12-27	Am J Hum Genet	www.ncbi.nlm.nih.gov/pubmed/30595370	Leveraging Polygenic Functional Enrichment to Improve GWAS Power.	Hair color	approximately 452,000 European ancestry individuals	NA	14q24.1	14	68781231		RNU6-921P - ZFP36L1	ENSG00000207089	ENSG00000185650		45203	6424	rs56232028-?	rs56232028	0	56232028	intergenic_variant	1	NR	5E-21	20.30102999566398				NR [~ 8900000] (imputed)	N	strand of hair color	http://purl.obolibrary.org/obo/OBA_0002313	GCST007082	Genome-wide genotyping array
2019-02-08	30595370	Kichaev G	2018-12-27	Am J Hum Genet	www.ncbi.nlm.nih.gov/pubmed/30595370	Leveraging Polygenic Functional Enrichment to Improve GWAS Power.	Hair color	approximately 452,000 European ancestry individuals	NA	14q24.2	14	70907985		PCNX1			ENSG00000100731			rs2526882-?	rs2526882	0	2526882	synonymous_variant	0	NR	2E-10	9.698970004336019				NR [~ 8900000] (imputed)	N	strand of hair color	http://purl.obolibrary.org/obo/OBA_0002313	GCST007082	Genome-wide genotyping array
2019-02-08	30595370	Kichaev G	2018-12-27	Am J Hum Genet	www.ncbi.nlm.nih.gov/pubmed/30595370	Leveraging Polygenic Functional Enrichment to Improve GWAS Power.	Hair color	approximately 452,000 European ancestry individuals	NA	14q32.12	14	91731900		CATSPERB			ENSG00000133962			rs61988231-?	rs61988231	0	61988231	intron_variant	0	NR	4E-14	13.397940008672037				NR [~ 8900000] (imputed)	N	strand of hair color	http://purl.obolibrary.org/obo/OBA_0002313	GCST007082	Genome-wide genotyping array
2019-02-08	30595370	Kichaev G	2018-12-27	Am J Hum Genet	www.ncbi.nlm.nih.gov/pubmed/30595370	Leveraging Polygenic Functional Enrichment to Improve GWAS Power.	Hair color	approximately 452,000 European ancestry individuals	NA	14q32.12	14	91970236		TRIP11			ENSG00000100815			rs11160033-?	rs11160033	0	11160033	intron_variant	0	NR	4E-8	7.3979400086720375				NR [~ 8900000] (imputed)	N	strand of hair color	http://purl.obolibrary.org/obo/OBA_0002313	GCST007082	Genome-wide genotyping array
2019-02-08	30595370	Kichaev G	2018-12-27	Am J Hum Genet	www.ncbi.nlm.nih.gov/pubmed/30595370	Leveraging Polygenic Functional Enrichment to Improve GWAS Power.	Hair color	approximately 452,000 European ancestry individuals	NA	14q32.12	14	92206540		CPSF2 - RNU6-366P	ENSG00000165934	ENSG00000201097		34395	59162	rs536796893-?	rs536796893	0	536796893	intergenic_variant	1	NR	3E-52	51.52287874528034				NR [~ 8900000] (imputed)	N	strand of hair color	http://purl.obolibrary.org/obo/OBA_0002313	GCST007082	Genome-wide genotyping array
2019-02-08	30595370	Kichaev G	2018-12-27	Am J Hum Genet	www.ncbi.nlm.nih.gov/pubmed/30595370	Leveraging Polygenic Functional Enrichment to Improve GWAS Power.	Hair color	approximately 452,000 European ancestry individuals	NA	14q32.12	14	92293029		RNU6-366P - SLC24A4	ENSG00000201097	ENSG00000140090		27222	29552	rs6575242-?	rs6575242	0	6575242	intron_variant	1	NR	1E-300	300.0				NR [~ 8900000] (imputed)	N	strand of hair color	http://purl.obolibrary.org/obo/OBA_0002313	GCST007082	Genome-wide genotyping array
2019-02-08	30595370	Kichaev G	2018-12-27	Am J Hum Genet	www.ncbi.nlm.nih.gov/pubmed/30595370	Leveraging Polygenic Functional Enrichment to Improve GWAS Power.	Hair color	approximately 452,000 European ancestry individuals	NA	14q32.12	14	92336216		SLC24A4			ENSG00000140090			rs11621581-?	rs11621581	0	11621581	intron_variant	0	NR	1E-300	300.0				NR [~ 8900000] (imputed)	N	strand of hair color	http://purl.obolibrary.org/obo/OBA_0002313	GCST007082	Genome-wide genotyping array
2019-02-08	30595370	Kichaev G	2018-12-27	Am J Hum Genet	www.ncbi.nlm.nih.gov/pubmed/30595370	Leveraging Polygenic Functional Enrichment to Improve GWAS Power.	Hair color	approximately 452,000 European ancestry individuals	NA	14q32.12	14	92432244		SLC24A4			ENSG00000140090			rs75263396-?	rs75263396	0	75263396	intron_variant	0	NR	2E-22	21.69897000433602				NR [~ 8900000] (imputed)	N	strand of hair color	http://purl.obolibrary.org/obo/OBA_0002313	GCST007082	Genome-wide genotyping array
2019-02-08	30595370	Kichaev G	2018-12-27	Am J Hum Genet	www.ncbi.nlm.nih.gov/pubmed/30595370	Leveraging Polygenic Functional Enrichment to Improve GWAS Power.	Hair color	approximately 452,000 European ancestry individuals	NA	14q32.12	14	92489041		SLC24A4			ENSG00000140090			rs17783630-?	rs17783630	0	17783630	intron_variant	0	NR	1E-35	35.0				NR [~ 8900000] (imputed)	N	strand of hair color	http://purl.obolibrary.org/obo/OBA_0002313	GCST007082	Genome-wide genotyping array
2019-02-08	30595370	Kichaev G	2018-12-27	Am J Hum Genet	www.ncbi.nlm.nih.gov/pubmed/30595370	Leveraging Polygenic Functional Enrichment to Improve GWAS Power.	Hair color	approximately 452,000 European ancestry individuals	NA	14q32.12	14	92547538		RIN3			ENSG00000100599			rs117324075-?	rs117324075	0	117324075	intron_variant	0	NR	4E-21	20.397940008672037				NR [~ 8900000] (imputed)	N	strand of hair color	http://purl.obolibrary.org/obo/OBA_0002313	GCST007082	Genome-wide genotyping array
2019-02-08	30595370	Kichaev G	2018-12-27	Am J Hum Genet	www.ncbi.nlm.nih.gov/pubmed/30595370	Leveraging Polygenic Functional Enrichment to Improve GWAS Power.	Hair color	approximately 452,000 European ancestry individuals	NA	14q32.2	14	99245616		BCL11B			ENSG00000127152			rs1152794-?	rs1152794	0	1152794	intron_variant	0	NR	2E-8	7.698970004336019				NR [~ 8900000] (imputed)	N	strand of hair color	http://purl.obolibrary.org/obo/OBA_0002313	GCST007082	Genome-wide genotyping array
2019-02-08	30595370	Kichaev G	2018-12-27	Am J Hum Genet	www.ncbi.nlm.nih.gov/pubmed/30595370	Leveraging Polygenic Functional Enrichment to Improve GWAS Power.	Hair color	approximately 452,000 European ancestry individuals	NA	14q32.31	14	101254332		U3 - LINC00524	ENSG00000221496	ENSG00000259023		108637	99938	rs17587609-?	rs17587609	0	17587609	intergenic_variant	1	NR	1E-8	8.0				NR [~ 8900000] (imputed)	N	strand of hair color	http://purl.obolibrary.org/obo/OBA_0002313	GCST007082	Genome-wide genotyping array
2019-02-08	30595370	Kichaev G	2018-12-27	Am J Hum Genet	www.ncbi.nlm.nih.gov/pubmed/30595370	Leveraging Polygenic Functional Enrichment to Improve GWAS Power.	Hair color	approximately 452,000 European ancestry individuals	NA	14q32.32	14	103386388		MARK3			ENSG00000075413			rs3825566-?	rs3825566	0	3825566	intron_variant	0	NR	3E-17	16.522878745280337				NR [~ 8900000] (imputed)	N	strand of hair color	http://purl.obolibrary.org/obo/OBA_0002313	GCST007082	Genome-wide genotyping array
2019-02-08	30595370	Kichaev G	2018-12-27	Am J Hum Genet	www.ncbi.nlm.nih.gov/pubmed/30595370	Leveraging Polygenic Functional Enrichment to Improve GWAS Power.	Hair color	approximately 452,000 European ancestry individuals	NA	14q32.33	14	104102135		ASPG			ENSG00000166183			rs1744297-?	rs1744297	0	1744297	intron_variant	0	NR	1E-8	8.0				NR [~ 8900000] (imputed)	N	strand of hair color	http://purl.obolibrary.org/obo/OBA_0002313	GCST007082	Genome-wide genotyping array
2019-02-08	30595370	Kichaev G	2018-12-27	Am J Hum Genet	www.ncbi.nlm.nih.gov/pubmed/30595370	Leveraging Polygenic Functional Enrichment to Improve GWAS Power.	Hair color	approximately 452,000 European ancestry individuals	NA	15q12	15	25678340		ATP10A			ENSG00000206190			rs2066710-?	rs2066710	0	2066710	intergenic_variant	0	NR	1E-11	11.0				NR [~ 8900000] (imputed)	N	strand of hair color	http://purl.obolibrary.org/obo/OBA_0002313	GCST007082	Genome-wide genotyping array
2019-02-08	30595370	Kichaev G	2018-12-27	Am J Hum Genet	www.ncbi.nlm.nih.gov/pubmed/30595370	Leveraging Polygenic Functional Enrichment to Improve GWAS Power.	Hair color	approximately 452,000 European ancestry individuals	NA	15q12	15	27094902		GABRG3, GABRG3-AS1			ENSG00000182256, ENSG00000228740			rs7169601-?	rs7169601	0	7169601	intron_variant	0	NR	4E-8	7.3979400086720375				NR [~ 8900000] (imputed)	N	strand of hair color	http://purl.obolibrary.org/obo/OBA_0002313	GCST007082	Genome-wide genotyping array
2019-02-08	30595370	Kichaev G	2018-12-27	Am J Hum Genet	www.ncbi.nlm.nih.gov/pubmed/30595370	Leveraging Polygenic Functional Enrichment to Improve GWAS Power.	Hair color	approximately 452,000 European ancestry individuals	NA	15q12	15	27342617		GABRG3			ENSG00000182256			rs36147593-?	rs36147593	0	36147593	intron_variant	0	NR	1E-22	22.0				NR [~ 8900000] (imputed)	N	strand of hair color	http://purl.obolibrary.org/obo/OBA_0002313	GCST007082	Genome-wide genotyping array
2019-02-08	30595370	Kichaev G	2018-12-27	Am J Hum Genet	www.ncbi.nlm.nih.gov/pubmed/30595370	Leveraging Polygenic Functional Enrichment to Improve GWAS Power.	Hair color	approximately 452,000 European ancestry individuals	NA	11p11.2	11	47216129		DDB2			ENSG00000134574			rs2291120-?	rs2291120	0	2291120	intron_variant	0	NR	2E-8	7.698970004336019				NR [~ 8900000] (imputed)	N	strand of hair color	http://purl.obolibrary.org/obo/OBA_0002313	GCST007082	Genome-wide genotyping array
2019-02-08	30595370	Kichaev G	2018-12-27	Am J Hum Genet	www.ncbi.nlm.nih.gov/pubmed/30595370	Leveraging Polygenic Functional Enrichment to Improve GWAS Power.	Hair color	approximately 452,000 European ancestry individuals	NA	11p11.12	11	49275575		FOLH1 - NOX4P1	ENSG00000086205	ENSG00000255532		66935	30139	rs3862341-?	rs3862341	0	3862341	intron_variant	1	NR	3E-7	6.522878745280337				NR [~ 8900000] (imputed)	N	strand of hair color	http://purl.obolibrary.org/obo/OBA_0002313	GCST007082	Genome-wide genotyping array
2019-02-08	30595370	Kichaev G	2018-12-27	Am J Hum Genet	www.ncbi.nlm.nih.gov/pubmed/30595370	Leveraging Polygenic Functional Enrichment to Improve GWAS Power.	Hair color	approximately 452,000 European ancestry individuals	NA	11q12.2	11	61788567		TMEM258			ENSG00000134825			rs61896141-?	rs61896141	0	61896141	3_prime_UTR_variant	0	NR	6E-21	20.221848749616356				NR [~ 8900000] (imputed)	N	strand of hair color	http://purl.obolibrary.org/obo/OBA_0002313	GCST007082	Genome-wide genotyping array
2019-02-08	30595370	Kichaev G	2018-12-27	Am J Hum Genet	www.ncbi.nlm.nih.gov/pubmed/30595370	Leveraging Polygenic Functional Enrichment to Improve GWAS Power.	Hair color	approximately 452,000 European ancestry individuals	NA	11q12.3	11	62436393		AHNAK			ENSG00000124942			rs10897275-?	rs10897275	0	10897275	intron_variant	0	NR	2E-29	28.69897000433602				NR [~ 8900000] (imputed)	N	strand of hair color	http://purl.obolibrary.org/obo/OBA_0002313	GCST007082	Genome-wide genotyping array
2019-02-08	30595370	Kichaev G	2018-12-27	Am J Hum Genet	www.ncbi.nlm.nih.gov/pubmed/30595370	Leveraging Polygenic Functional Enrichment to Improve GWAS Power.	Hair color	approximately 452,000 European ancestry individuals	NA	11q13.1	11	64913347		ATG2A			ENSG00000110046			rs618006-?	rs618006	0	618006	synonymous_variant	0	NR	4E-8	7.3979400086720375				NR [~ 8900000] (imputed)	N	strand of hair color	http://purl.obolibrary.org/obo/OBA_0002313	GCST007082	Genome-wide genotyping array
2019-02-08	30595370	Kichaev G	2018-12-27	Am J Hum Genet	www.ncbi.nlm.nih.gov/pubmed/30595370	Leveraging Polygenic Functional Enrichment to Improve GWAS Power.	Hair color	approximately 452,000 European ancestry individuals	NA	11q13.1	11	65793898		OVOL1			ENSG00000172818			rs12797706-?	rs12797706	0	12797706	5_prime_UTR_variant	0	NR	1E-21	21.0				NR [~ 8900000] (imputed)	N	strand of hair color	http://purl.obolibrary.org/obo/OBA_0002313	GCST007082	Genome-wide genotyping array
2019-02-08	30595370	Kichaev G	2018-12-27	Am J Hum Genet	www.ncbi.nlm.nih.gov/pubmed/30595370	Leveraging Polygenic Functional Enrichment to Improve GWAS Power.	Hair color	approximately 452,000 European ancestry individuals	NA	11q13.2	11	66882589		PC			ENSG00000173599			rs10896139-?	rs10896139	0	10896139	intron_variant	0	NR	2E-7	6.698970004336019				NR [~ 8900000] (imputed)	N	strand of hair color	http://purl.obolibrary.org/obo/OBA_0002313	GCST007082	Genome-wide genotyping array
2019-02-08	30595370	Kichaev G	2018-12-27	Am J Hum Genet	www.ncbi.nlm.nih.gov/pubmed/30595370	Leveraging Polygenic Functional Enrichment to Improve GWAS Power.	Hair color	approximately 452,000 European ancestry individuals	NA	11q13.2	11	67821872		ENPP7P7			ENSG00000273819			rs190536880-?	rs190536880	0	190536880	intron_variant	0	NR	6E-16	15.221848749616356				NR [~ 8900000] (imputed)	N	strand of hair color	http://purl.obolibrary.org/obo/OBA_0002313	GCST007082	Genome-wide genotyping array
2019-02-08	30595370	Kichaev G	2018-12-27	Am J Hum Genet	www.ncbi.nlm.nih.gov/pubmed/30595370	Leveraging Polygenic Functional Enrichment to Improve GWAS Power.	Hair color	approximately 452,000 European ancestry individuals	NA	11q13.2	11	68382513		LRP5			ENSG00000162337			rs671191-?	rs671191	0	671191	intron_variant	0	NR	5E-8	7.301029995663981				NR [~ 8900000] (imputed)	N	strand of hair color	http://purl.obolibrary.org/obo/OBA_0002313	GCST007082	Genome-wide genotyping array
2019-02-08	30595370	Kichaev G	2018-12-27	Am J Hum Genet	www.ncbi.nlm.nih.gov/pubmed/30595370	Leveraging Polygenic Functional Enrichment to Improve GWAS Power.	Hair color	approximately 452,000 European ancestry individuals	NA	11q13.2	11	68533323		PPP6R3			ENSG00000110075			rs118074499-?	rs118074499	0	118074499	intron_variant	0	NR	7E-14	13.154901959985743				NR [~ 8900000] (imputed)	N	strand of hair color	http://purl.obolibrary.org/obo/OBA_0002313	GCST007082	Genome-wide genotyping array
2019-02-08	30595370	Kichaev G	2018-12-27	Am J Hum Genet	www.ncbi.nlm.nih.gov/pubmed/30595370	Leveraging Polygenic Functional Enrichment to Improve GWAS Power.	Hair color	approximately 452,000 European ancestry individuals	NA	11q13.3	11	68964557		IGHMBP2 - MRGPRD	ENSG00000132740	ENSG00000172938		23955	15464	rs7940105-?	rs7940105	0	7940105	intergenic_variant	1	NR	9E-31	30.045757490560675				NR [~ 8900000] (imputed)	N	strand of hair color	http://purl.obolibrary.org/obo/OBA_0002313	GCST007082	Genome-wide genotyping array
2019-02-08	30595370	Kichaev G	2018-12-27	Am J Hum Genet	www.ncbi.nlm.nih.gov/pubmed/30595370	Leveraging Polygenic Functional Enrichment to Improve GWAS Power.	Hair color	approximately 452,000 European ancestry individuals	NA	11q13.3	11	69049973		TPCN2			ENSG00000162341			rs72917317-?	rs72917317	0	72917317	intron_variant	0	NR	1E-300	300.0				NR [~ 8900000] (imputed)	N	strand of hair color	http://purl.obolibrary.org/obo/OBA_0002313	GCST007082	Genome-wide genotyping array
2019-02-08	30595370	Kichaev G	2018-12-27	Am J Hum Genet	www.ncbi.nlm.nih.gov/pubmed/30595370	Leveraging Polygenic Functional Enrichment to Improve GWAS Power.	Hair color	approximately 452,000 European ancestry individuals	NA	11q13.3	11	69314531		MYEOV			ENSG00000172927			rs34345560-?	rs34345560	0	34345560	intron_variant	0	NR	3E-34	33.52287874528034				NR [~ 8900000] (imputed)	N	strand of hair color	http://purl.obolibrary.org/obo/OBA_0002313	GCST007082	Genome-wide genotyping array
2019-02-08	30595370	Kichaev G	2018-12-27	Am J Hum Genet	www.ncbi.nlm.nih.gov/pubmed/30595370	Leveraging Polygenic Functional Enrichment to Improve GWAS Power.	Hair color	approximately 452,000 European ancestry individuals	NA	11q13.3	11	69477429		LINC02747			ENSG00000255774			rs11263458-?	rs11263458	0	11263458	non_coding_transcript_exon_variant	0	NR	3E-17	16.522878745280337				NR [~ 8900000] (imputed)	N	strand of hair color	http://purl.obolibrary.org/obo/OBA_0002313	GCST007082	Genome-wide genotyping array
2019-02-08	30595370	Kichaev G	2018-12-27	Am J Hum Genet	www.ncbi.nlm.nih.gov/pubmed/30595370	Leveraging Polygenic Functional Enrichment to Improve GWAS Power.	Hair color	approximately 452,000 European ancestry individuals	NA	11q13.3	11	69709825		FGF19 - DNAJB6P5	ENSG00000162344	ENSG00000256441		5165	27473	rs118067673-?	rs118067673	0	118067673	intron_variant	1	NR	1E-9	9.0				NR [~ 8900000] (imputed)	N	strand of hair color	http://purl.obolibrary.org/obo/OBA_0002313	GCST007082	Genome-wide genotyping array
2019-02-08	30595370	Kichaev G	2018-12-27	Am J Hum Genet	www.ncbi.nlm.nih.gov/pubmed/30595370	Leveraging Polygenic Functional Enrichment to Improve GWAS Power.	Hair color	approximately 452,000 European ancestry individuals	NA	11q14.1	11	78420362		GAB2 - LINC02728	ENSG00000033327	ENSG00000251323		2014	3620	rs10899501-?	rs10899501	0	10899501	intron_variant	1	NR	2E-95	94.69897000433602				NR [~ 8900000] (imputed)	N	strand of hair color	http://purl.obolibrary.org/obo/OBA_0002313	GCST007082	Genome-wide genotyping array
2019-02-08	30595370	Kichaev G	2018-12-27	Am J Hum Genet	www.ncbi.nlm.nih.gov/pubmed/30595370	Leveraging Polygenic Functional Enrichment to Improve GWAS Power.	Hair color	approximately 452,000 European ancestry individuals	NA	11q14.2	11	87963143		MTCYBP41 - Y_RNA	ENSG00000254650	ENSG00000200544		146986	136852	rs7925150-?	rs7925150	0	7925150	intron_variant	1	NR	2E-8	7.698970004336019				NR [~ 8900000] (imputed)	N	strand of hair color	http://purl.obolibrary.org/obo/OBA_0002313	GCST007082	Genome-wide genotyping array
2019-02-08	30595370	Kichaev G	2018-12-27	Am J Hum Genet	www.ncbi.nlm.nih.gov/pubmed/30595370	Leveraging Polygenic Functional Enrichment to Improve GWAS Power.	Hair color	approximately 452,000 European ancestry individuals	NA	11q14.2	11	88187749		MIR3166 - CTSC	ENSG00000266581	ENSG00000109861		11156	77320	rs80150794-?	rs80150794	0	80150794	intergenic_variant	1	NR	6E-9	8.221848749616356				NR [~ 8900000] (imputed)	N	strand of hair color	http://purl.obolibrary.org/obo/OBA_0002313	GCST007082	Genome-wide genotyping array
2019-02-08	30595370	Kichaev G	2018-12-27	Am J Hum Genet	www.ncbi.nlm.nih.gov/pubmed/30595370	Leveraging Polygenic Functional Enrichment to Improve GWAS Power.	Hair color	approximately 452,000 European ancestry individuals	NA	11q14.2	11	88303671		CTSC			ENSG00000109861			rs217120-?	rs217120	0	217120	intron_variant	0	NR	8E-9	8.096910013008056				NR [~ 8900000] (imputed)	N	strand of hair color	http://purl.obolibrary.org/obo/OBA_0002313	GCST007082	Genome-wide genotyping array
2019-02-08	30595370	Kichaev G	2018-12-27	Am J Hum Genet	www.ncbi.nlm.nih.gov/pubmed/30595370	Leveraging Polygenic Functional Enrichment to Improve GWAS Power.	Hair color	approximately 452,000 European ancestry individuals	NA	11q14.2	11	88556052		GRM5			ENSG00000168959			rs75943957-?	rs75943957	0	75943957	intron_variant	0	NR	2E-29	28.69897000433602				NR [~ 8900000] (imputed)	N	strand of hair color	http://purl.obolibrary.org/obo/OBA_0002313	GCST007082	Genome-wide genotyping array
2019-02-08	30595370	Kichaev G	2018-12-27	Am J Hum Genet	www.ncbi.nlm.nih.gov/pubmed/30595370	Leveraging Polygenic Functional Enrichment to Improve GWAS Power.	Hair color	approximately 452,000 European ancestry individuals	NA	11q14.3	11	88721001		GRM5			ENSG00000168959			rs188092667-?	rs188092667	0	188092667	intron_variant	0	NR	4E-34	33.39794000867204				NR [~ 8900000] (imputed)	N	strand of hair color	http://purl.obolibrary.org/obo/OBA_0002313	GCST007082	Genome-wide genotyping array
2019-02-08	30595370	Kichaev G	2018-12-27	Am J Hum Genet	www.ncbi.nlm.nih.gov/pubmed/30595370	Leveraging Polygenic Functional Enrichment to Improve GWAS Power.	Hair color	approximately 452,000 European ancestry individuals	NA	11q14.3	11	88920538		GRM5			ENSG00000168959			rs4753772-?	rs4753772	0	4753772	intron_variant	0	NR	7E-30	29.154901959985743				NR [~ 8900000] (imputed)	N	strand of hair color	http://purl.obolibrary.org/obo/OBA_0002313	GCST007082	Genome-wide genotyping array
2019-02-08	30595370	Kichaev G	2018-12-27	Am J Hum Genet	www.ncbi.nlm.nih.gov/pubmed/30595370	Leveraging Polygenic Functional Enrichment to Improve GWAS Power.	Hair color	approximately 452,000 European ancestry individuals	NA	11q14.3	11	89039133		GRM5			ENSG00000168959			rs150319166-?	rs150319166	0	150319166	intron_variant	0	NR	8E-30	29.096910013008056				NR [~ 8900000] (imputed)	N	strand of hair color	http://purl.obolibrary.org/obo/OBA_0002313	GCST007082	Genome-wide genotyping array
2019-02-08	30595370	Kichaev G	2018-12-27	Am J Hum Genet	www.ncbi.nlm.nih.gov/pubmed/30595370	Leveraging Polygenic Functional Enrichment to Improve GWAS Power.	Hair color	approximately 452,000 European ancestry individuals	NA	11q14.3	11	89178528		TYR			ENSG00000077498			rs1042602-?	rs1042602	0	1042602	missense_variant	0	NR	3E-279	278.52287874528037				NR [~ 8900000] (imputed)	N	strand of hair color	http://purl.obolibrary.org/obo/OBA_0002313	GCST007082	Genome-wide genotyping array
2019-02-08	30595370	Kichaev G	2018-12-27	Am J Hum Genet	www.ncbi.nlm.nih.gov/pubmed/30595370	Leveraging Polygenic Functional Enrichment to Improve GWAS Power.	Hair color	approximately 452,000 European ancestry individuals	NA	11q14.3	11	89354475		NOX4			ENSG00000086991			rs317194-?	rs317194	0	317194	intron_variant	0	NR	3E-36	35.52287874528034				NR [~ 8900000] (imputed)	N	strand of hair color	http://purl.obolibrary.org/obo/OBA_0002313	GCST007082	Genome-wide genotyping array
2019-02-08	30595370	Kichaev G	2018-12-27	Am J Hum Genet	www.ncbi.nlm.nih.gov/pubmed/30595370	Leveraging Polygenic Functional Enrichment to Improve GWAS Power.	Hair color	approximately 452,000 European ancestry individuals	NA	11q14.3	11	89528607		H3P34 - FOLH1B	ENSG00000255295	ENSG00000134612		29409	110630	rs12276991-?	rs12276991	0	12276991	intergenic_variant	1	NR	9E-28	27.045757490560675				NR [~ 8900000] (imputed)	N	strand of hair color	http://purl.obolibrary.org/obo/OBA_0002313	GCST007082	Genome-wide genotyping array
2019-02-08	30595370	Kichaev G	2018-12-27	Am J Hum Genet	www.ncbi.nlm.nih.gov/pubmed/30595370	Leveraging Polygenic Functional Enrichment to Improve GWAS Power.	Hair color	approximately 452,000 European ancestry individuals	NA	11q14.3	11	89668531		FOLH1B			ENSG00000134612			rs61905505-?	rs61905505	0	61905505	intron_variant	0	NR	6E-10	9.221848749616356				NR [~ 8900000] (imputed)	N	strand of hair color	http://purl.obolibrary.org/obo/OBA_0002313	GCST007082	Genome-wide genotyping array
2019-02-08	30595370	Kichaev G	2018-12-27	Am J Hum Genet	www.ncbi.nlm.nih.gov/pubmed/30595370	Leveraging Polygenic Functional Enrichment to Improve GWAS Power.	Hair color	approximately 452,000 European ancestry individuals	NA	11q14.3	11	90448175		DISC1FP1			ENSG00000261645			rs10741336-?	rs10741336	0	10741336	intron_variant	0	NR	1E-19	19.0				NR [~ 8900000] (imputed)	N	strand of hair color	http://purl.obolibrary.org/obo/OBA_0002313	GCST007082	Genome-wide genotyping array
2019-02-08	30595370	Kichaev G	2018-12-27	Am J Hum Genet	www.ncbi.nlm.nih.gov/pubmed/30595370	Leveraging Polygenic Functional Enrichment to Improve GWAS Power.	Hair color	approximately 452,000 European ancestry individuals	NA	11q14.3	11	91883525		LINC02756 - TUBB4BP4	ENSG00000255332	ENSG00000254961		11439	66206	rs12225068-?	rs12225068	0	12225068	intergenic_variant	1	NR	8E-9	8.096910013008056				NR [~ 8900000] (imputed)	N	strand of hair color	http://purl.obolibrary.org/obo/OBA_0002313	GCST007082	Genome-wide genotyping array
2019-02-08	30595370	Kichaev G	2018-12-27	Am J Hum Genet	www.ncbi.nlm.nih.gov/pubmed/30595370	Leveraging Polygenic Functional Enrichment to Improve GWAS Power.	Hair color	approximately 452,000 European ancestry individuals	NA	11q22.1	11	100707944		ARHGAP42			ENSG00000165895			rs6590810-?	rs6590810	0	6590810	intron_variant	0	NR	2E-8	7.698970004336019				NR [~ 8900000] (imputed)	N	strand of hair color	http://purl.obolibrary.org/obo/OBA_0002313	GCST007082	Genome-wide genotyping array
2019-02-08	30595370	Kichaev G	2018-12-27	Am J Hum Genet	www.ncbi.nlm.nih.gov/pubmed/30595370	Leveraging Polygenic Functional Enrichment to Improve GWAS Power.	Hair color	approximately 452,000 European ancestry individuals	NA	11q24.3	11	129723274		LINC01395 - TMEM45B	ENSG00000281097	ENSG00000151715		106005	92517	rs10791037-?	rs10791037	0	10791037	intergenic_variant	1	NR	4E-13	12.397940008672037				NR [~ 8900000] (imputed)	N	strand of hair color	http://purl.obolibrary.org/obo/OBA_0002313	GCST007082	Genome-wide genotyping array
2019-02-08	30595370	Kichaev G	2018-12-27	Am J Hum Genet	www.ncbi.nlm.nih.gov/pubmed/30595370	Leveraging Polygenic Functional Enrichment to Improve GWAS Power.	Hair color	approximately 452,000 European ancestry individuals	NA	12p13.32	12	4208397		HSPA8P5 - CCND2-AS1	ENSG00000256356	ENSG00000255920		108878	39584	rs3764032-?	rs3764032	0	3764032	intron_variant	1	NR	8E-25	24.096910013008056				NR [~ 8900000] (imputed)	N	strand of hair color	http://purl.obolibrary.org/obo/OBA_0002313	GCST007082	Genome-wide genotyping array
2019-02-08	30595370	Kichaev G	2018-12-27	Am J Hum Genet	www.ncbi.nlm.nih.gov/pubmed/30595370	Leveraging Polygenic Functional Enrichment to Improve GWAS Power.	Hair color	approximately 452,000 European ancestry individuals	NA	12p12.1	12	23826857		SOX5			ENSG00000134532			rs9971729-?	rs9971729	0	9971729	intron_variant	0	NR	2E-20	19.69897000433602				NR [~ 8900000] (imputed)	N	strand of hair color	http://purl.obolibrary.org/obo/OBA_0002313	GCST007082	Genome-wide genotyping array
2019-02-08	30595370	Kichaev G	2018-12-27	Am J Hum Genet	www.ncbi.nlm.nih.gov/pubmed/30595370	Leveraging Polygenic Functional Enrichment to Improve GWAS Power.	Hair color	approximately 452,000 European ancestry individuals	NA	12p12.1	12	24715573		RN7SL38P - BCAT1	ENSG00000240481	ENSG00000060982		8490	94451	rs61914312-?	rs61914312	0	61914312	intron_variant	1	NR	3E-10	9.522878745280337				NR [~ 8900000] (imputed)	N	strand of hair color	http://purl.obolibrary.org/obo/OBA_0002313	GCST007082	Genome-wide genotyping array
2019-02-08	30595370	Kichaev G	2018-12-27	Am J Hum Genet	www.ncbi.nlm.nih.gov/pubmed/30595370	Leveraging Polygenic Functional Enrichment to Improve GWAS Power.	Hair color	approximately 452,000 European ancestry individuals	NA	12p12.1	12	26125146		SSPN			ENSG00000123096			rs1383116-?	rs1383116	0	1383116	TF_binding_site_variant	0	NR	3E-11	10.522878745280337				NR [~ 8900000] (imputed)	N	strand of hair color	http://purl.obolibrary.org/obo/OBA_0002313	GCST007082	Genome-wide genotyping array
2019-02-08	30595370	Kichaev G	2018-12-27	Am J Hum Genet	www.ncbi.nlm.nih.gov/pubmed/30595370	Leveraging Polygenic Functional Enrichment to Improve GWAS Power.	Hair color	approximately 452,000 European ancestry individuals	NA	12q13.11	12	46365353		SLC38A2			ENSG00000134294			rs7968283-?	rs7968283	0	7968283	intron_variant	0	NR	2E-11	10.698970004336019				NR [~ 8900000] (imputed)	N	strand of hair color	http://purl.obolibrary.org/obo/OBA_0002313	GCST007082	Genome-wide genotyping array
2019-02-08	30595370	Kichaev G	2018-12-27	Am J Hum Genet	www.ncbi.nlm.nih.gov/pubmed/30595370	Leveraging Polygenic Functional Enrichment to Improve GWAS Power.	Hair color	approximately 452,000 European ancestry individuals	NA	12q13.12	12	49023161		KMT2D			ENSG00000167548			rs10875912-?	rs10875912	0	10875912	intron_variant	0	NR	6E-17	16.221848749616356				NR [~ 8900000] (imputed)	N	strand of hair color	http://purl.obolibrary.org/obo/OBA_0002313	GCST007082	Genome-wide genotyping array
2019-02-08	30595370	Kichaev G	2018-12-27	Am J Hum Genet	www.ncbi.nlm.nih.gov/pubmed/30595370	Leveraging Polygenic Functional Enrichment to Improve GWAS Power.	Hair color	approximately 452,000 European ancestry individuals	NA	12q13.13	12	52556605		KRT71 - KRT74	ENSG00000139648	ENSG00000170484		3460	9177	rs56235234-?	rs56235234	0	56235234	intergenic_variant	1	NR	3E-10	9.522878745280337				NR [~ 8900000] (imputed)	N	strand of hair color	http://purl.obolibrary.org/obo/OBA_0002313	GCST007082	Genome-wide genotyping array
2019-02-08	30595370	Kichaev G	2018-12-27	Am J Hum Genet	www.ncbi.nlm.nih.gov/pubmed/30595370	Leveraging Polygenic Functional Enrichment to Improve GWAS Power.	Hair color	approximately 452,000 European ancestry individuals	NA	12q13.13	12	54073124		FLJ12825			ENSG00000249388			rs116996456-?	rs116996456	0	116996456	intron_variant	0	NR	4E-9	8.397940008672037				NR [~ 8900000] (imputed)	N	strand of hair color	http://purl.obolibrary.org/obo/OBA_0002313	GCST007082	Genome-wide genotyping array
2019-02-08	30595370	Kichaev G	2018-12-27	Am J Hum Genet	www.ncbi.nlm.nih.gov/pubmed/30595370	Leveraging Polygenic Functional Enrichment to Improve GWAS Power.	Hair color	approximately 452,000 European ancestry individuals	NA	12q13.3	12	57204088		LRP1			ENSG00000123384			rs7965424-?	rs7965424	0	7965424	intron_variant	0	NR	2E-13	12.698970004336019				NR [~ 8900000] (imputed)	N	strand of hair color	http://purl.obolibrary.org/obo/OBA_0002313	GCST007082	Genome-wide genotyping array
2019-02-08	30595370	Kichaev G	2018-12-27	Am J Hum Genet	www.ncbi.nlm.nih.gov/pubmed/30595370	Leveraging Polygenic Functional Enrichment to Improve GWAS Power.	Hair color	approximately 452,000 European ancestry individuals	NA	12q14.3	12	64771003		TBC1D30			ENSG00000111490			rs2620709-?	rs2620709	0	2620709	intron_variant	0	NR	2E-13	12.698970004336019				NR [~ 8900000] (imputed)	N	strand of hair color	http://purl.obolibrary.org/obo/OBA_0002313	GCST007082	Genome-wide genotyping array
2019-02-08	30595370	Kichaev G	2018-12-27	Am J Hum Genet	www.ncbi.nlm.nih.gov/pubmed/30595370	Leveraging Polygenic Functional Enrichment to Improve GWAS Power.	Hair color	approximately 452,000 European ancestry individuals	NA	12q21.2	12	79646354		PAWR			ENSG00000177425			rs80010377-?	rs80010377	0	80010377	intron_variant	0	NR	2E-8	7.698970004336019				NR [~ 8900000] (imputed)	N	strand of hair color	http://purl.obolibrary.org/obo/OBA_0002313	GCST007082	Genome-wide genotyping array
2019-02-08	30595370	Kichaev G	2018-12-27	Am J Hum Genet	www.ncbi.nlm.nih.gov/pubmed/30595370	Leveraging Polygenic Functional Enrichment to Improve GWAS Power.	Hair color	approximately 452,000 European ancestry individuals	NA	12q21.31	12	84697623		RPL6P25 - SLC6A15	ENSG00000213270	ENSG00000072041		1545433	161868	rs55722036-?	rs55722036	0	55722036	intergenic_variant	1	NR	9E-21	20.045757490560675				NR [~ 8900000] (imputed)	N	strand of hair color	http://purl.obolibrary.org/obo/OBA_0002313	GCST007082	Genome-wide genotyping array
2019-02-08	30595370	Kichaev G	2018-12-27	Am J Hum Genet	www.ncbi.nlm.nih.gov/pubmed/30595370	Leveraging Polygenic Functional Enrichment to Improve GWAS Power.	Hair color	approximately 452,000 European ancestry individuals	NA	12q21.31	12	84879090		SLC6A15			ENSG00000072041			rs7955752-?	rs7955752	0	7955752	intron_variant	0	NR	4E-10	9.397940008672037				NR [~ 8900000] (imputed)	N	strand of hair color	http://purl.obolibrary.org/obo/OBA_0002313	GCST007082	Genome-wide genotyping array
2019-02-08	30595370	Kichaev G	2018-12-27	Am J Hum Genet	www.ncbi.nlm.nih.gov/pubmed/30595370	Leveraging Polygenic Functional Enrichment to Improve GWAS Power.	Hair color	approximately 452,000 European ancestry individuals	NA	12q21.31	12	85745056		LINC02820 - RASSF9	ENSG00000258815	ENSG00000198774		150345	55647	rs1564120-?	rs1564120	0	1564120	intergenic_variant	1	NR	1E-9	9.0				NR [~ 8900000] (imputed)	N	strand of hair color	http://purl.obolibrary.org/obo/OBA_0002313	GCST007082	Genome-wide genotyping array
2019-02-08	30595370	Kichaev G	2018-12-27	Am J Hum Genet	www.ncbi.nlm.nih.gov/pubmed/30595370	Leveraging Polygenic Functional Enrichment to Improve GWAS Power.	Hair color	approximately 452,000 European ancestry individuals	NA	12q21.31	12	86063818		MGAT4C			ENSG00000182050			rs7299005-?	rs7299005	0	7299005	intron_variant	0	NR	5E-8	7.301029995663981				NR [~ 8900000] (imputed)	N	strand of hair color	http://purl.obolibrary.org/obo/OBA_0002313	GCST007082	Genome-wide genotyping array
2019-02-08	30595370	Kichaev G	2018-12-27	Am J Hum Genet	www.ncbi.nlm.nih.gov/pubmed/30595370	Leveraging Polygenic Functional Enrichment to Improve GWAS Power.	Hair color	approximately 452,000 European ancestry individuals	NA	12q21.32	12	86651110		MGAT4C			ENSG00000182050			rs148137046-?	rs148137046	0	148137046	intron_variant	0	NR	8E-14	13.096910013008056				NR [~ 8900000] (imputed)	N	strand of hair color	http://purl.obolibrary.org/obo/OBA_0002313	GCST007082	Genome-wide genotyping array
2019-02-08	30595370	Kichaev G	2018-12-27	Am J Hum Genet	www.ncbi.nlm.nih.gov/pubmed/30595370	Leveraging Polygenic Functional Enrichment to Improve GWAS Power.	Hair color	approximately 452,000 European ancestry individuals	NA	12q21.32	12	87125807		MGAT4C - RPL23AP68	ENSG00000182050	ENSG00000242850		286903	44178	rs184079650-?	rs184079650	0	184079650	intergenic_variant	1	NR	4E-10	9.397940008672037				NR [~ 8900000] (imputed)	N	strand of hair color	http://purl.obolibrary.org/obo/OBA_0002313	GCST007082	Genome-wide genotyping array
2019-02-08	30595370	Kichaev G	2018-12-27	Am J Hum Genet	www.ncbi.nlm.nih.gov/pubmed/30595370	Leveraging Polygenic Functional Enrichment to Improve GWAS Power.	Hair color	approximately 452,000 European ancestry individuals	NA	12q21.32	12	87647653		RPL23AP68 - CYCSP30	ENSG00000242850	ENSG00000257648		477224	102489	rs10858628-?	rs10858628	0	10858628	intergenic_variant	1	NR	3E-11	10.522878745280337				NR [~ 8900000] (imputed)	N	strand of hair color	http://purl.obolibrary.org/obo/OBA_0002313	GCST007082	Genome-wide genotyping array
2019-02-08	30595370	Kichaev G	2018-12-27	Am J Hum Genet	www.ncbi.nlm.nih.gov/pubmed/30595370	Leveraging Polygenic Functional Enrichment to Improve GWAS Power.	Hair color	approximately 452,000 European ancestry individuals	NA	12q21.32	12	87811256		LINC02258			ENSG00000257912			rs35466244-?	rs35466244	0	35466244	intron_variant	0	NR	6E-29	28.221848749616356				NR [~ 8900000] (imputed)	N	strand of hair color	http://purl.obolibrary.org/obo/OBA_0002313	GCST007082	Genome-wide genotyping array
2019-02-08	30595370	Kichaev G	2018-12-27	Am J Hum Genet	www.ncbi.nlm.nih.gov/pubmed/30595370	Leveraging Polygenic Functional Enrichment to Improve GWAS Power.	Hair color	approximately 452,000 European ancestry individuals	NA	6p22.3	6	20627546		CDKAL1			ENSG00000145996			rs2223620-?	rs2223620	0	2223620	intron_variant	0	NR	1E-22	22.0				NR [~ 8900000] (imputed)	N	strand of hair color	http://purl.obolibrary.org/obo/OBA_0002313	GCST007082	Genome-wide genotyping array
2019-02-08	30595370	Kichaev G	2018-12-27	Am J Hum Genet	www.ncbi.nlm.nih.gov/pubmed/30595370	Leveraging Polygenic Functional Enrichment to Improve GWAS Power.	Hair color	approximately 452,000 European ancestry individuals	NA	6p22.3	6	22708314		LINC03005			ENSG00000306913			rs7752577-?	rs7752577	0	7752577	intron_variant	0	NR	7E-9	8.154901959985743				NR [~ 8900000] (imputed)	N	strand of hair color	http://purl.obolibrary.org/obo/OBA_0002313	GCST007082	Genome-wide genotyping array
2019-02-08	30595370	Kichaev G	2018-12-27	Am J Hum Genet	www.ncbi.nlm.nih.gov/pubmed/30595370	Leveraging Polygenic Functional Enrichment to Improve GWAS Power.	Hair color	approximately 452,000 European ancestry individuals	NA	6p21.31	6	35291620		ZNF76			ENSG00000065029			rs33959228-?	rs33959228	0	33959228	missense_variant	0	NR	1E-10	10.0				NR [~ 8900000] (imputed)	N	strand of hair color	http://purl.obolibrary.org/obo/OBA_0002313	GCST007082	Genome-wide genotyping array
2019-02-08	30595370	Kichaev G	2018-12-27	Am J Hum Genet	www.ncbi.nlm.nih.gov/pubmed/30595370	Leveraging Polygenic Functional Enrichment to Improve GWAS Power.	Hair color	approximately 452,000 European ancestry individuals	NA	6p21.1	6	41462205		FOXP4-AS1			ENSG00000234753			rs2496632-?	rs2496632	0	2496632	intron_variant	0	NR	4E-8	7.3979400086720375				NR [~ 8900000] (imputed)	N	strand of hair color	http://purl.obolibrary.org/obo/OBA_0002313	GCST007082	Genome-wide genotyping array
2019-02-08	30595370	Kichaev G	2018-12-27	Am J Hum Genet	www.ncbi.nlm.nih.gov/pubmed/30595370	Leveraging Polygenic Functional Enrichment to Improve GWAS Power.	Hair color	approximately 452,000 European ancestry individuals	NA	6p21.1	6	44832278		SUPT3H			ENSG00000196284			rs542444-?	rs542444	0	542444	non_coding_transcript_exon_variant	0	NR	6E-11	10.221848749616356				NR [~ 8900000] (imputed)	N	strand of hair color	http://purl.obolibrary.org/obo/OBA_0002313	GCST007082	Genome-wide genotyping array
2019-02-08	30595370	Kichaev G	2018-12-27	Am J Hum Genet	www.ncbi.nlm.nih.gov/pubmed/30595370	Leveraging Polygenic Functional Enrichment to Improve GWAS Power.	Hair color	approximately 452,000 European ancestry individuals	NA	6p21.1	6	45566428		RUNX2			ENSG00000124813			rs1928529-?	rs1928529	0	1928529	intron_variant	0	NR	5E-9	8.301029995663981				NR [~ 8900000] (imputed)	N	strand of hair color	http://purl.obolibrary.org/obo/OBA_0002313	GCST007082	Genome-wide genotyping array
2019-02-08	30595370	Kichaev G	2018-12-27	Am J Hum Genet	www.ncbi.nlm.nih.gov/pubmed/30595370	Leveraging Polygenic Functional Enrichment to Improve GWAS Power.	Hair color	approximately 452,000 European ancestry individuals	NA	6p21.1	6	45934179		CLIC5			ENSG00000112782			rs9349337-?	rs9349337	0	9349337	intron_variant	0	NR	2E-17	16.69897000433602				NR [~ 8900000] (imputed)	N	strand of hair color	http://purl.obolibrary.org/obo/OBA_0002313	GCST007082	Genome-wide genotyping array
2019-02-08	30595370	Kichaev G	2018-12-27	Am J Hum Genet	www.ncbi.nlm.nih.gov/pubmed/30595370	Leveraging Polygenic Functional Enrichment to Improve GWAS Power.	Hair color	approximately 452,000 European ancestry individuals	NA	6p12.3	6	51426384		WTAPP2 - RPS15AP20	ENSG00000232702	ENSG00000214641		15847	110771	rs116033650-?	rs116033650	0	116033650	intergenic_variant	1	NR	4E-8	7.3979400086720375				NR [~ 8900000] (imputed)	N	strand of hair color	http://purl.obolibrary.org/obo/OBA_0002313	GCST007082	Genome-wide genotyping array
2019-02-08	30595370	Kichaev G	2018-12-27	Am J Hum Genet	www.ncbi.nlm.nih.gov/pubmed/30595370	Leveraging Polygenic Functional Enrichment to Improve GWAS Power.	Hair color	approximately 452,000 European ancestry individuals	NA	6p12.2	6	51857895		PKHD1			ENSG00000170927			rs9463733-?	rs9463733	0	9463733	intron_variant	0	NR	8E-29	28.096910013008056				NR [~ 8900000] (imputed)	N	strand of hair color	http://purl.obolibrary.org/obo/OBA_0002313	GCST007082	Genome-wide genotyping array
2019-02-08	30595370	Kichaev G	2018-12-27	Am J Hum Genet	www.ncbi.nlm.nih.gov/pubmed/30595370	Leveraging Polygenic Functional Enrichment to Improve GWAS Power.	Hair color	approximately 452,000 European ancestry individuals	NA	6q21	6	107162236		PDSS2			ENSG00000164494			rs11961833-?	rs11961833	0	11961833	intron_variant	0	NR	2E-13	12.698970004336019				NR [~ 8900000] (imputed)	N	strand of hair color	http://purl.obolibrary.org/obo/OBA_0002313	GCST007082	Genome-wide genotyping array
2019-02-08	30595370	Kichaev G	2018-12-27	Am J Hum Genet	www.ncbi.nlm.nih.gov/pubmed/30595370	Leveraging Polygenic Functional Enrichment to Improve GWAS Power.	Hair color	approximately 452,000 European ancestry individuals	NA	6q21	6	111425880		REV3L, MFSD4B			ENSG00000009413, ENSG00000173214			rs7760535-?	rs7760535	0	7760535	intron_variant	0	NR	4E-9	8.397940008672037				NR [~ 8900000] (imputed)	N	strand of hair color	http://purl.obolibrary.org/obo/OBA_0002313	GCST007082	Genome-wide genotyping array
2019-02-08	30595370	Kichaev G	2018-12-27	Am J Hum Genet	www.ncbi.nlm.nih.gov/pubmed/30595370	Leveraging Polygenic Functional Enrichment to Improve GWAS Power.	Hair color	approximately 452,000 European ancestry individuals	NA	6q21	6	112983701		RNU6-1163P - FCF1P10	ENSG00000201386	ENSG00000218490		12102	27236	rs2127965-?	rs2127965	0	2127965	intron_variant	1	NR	6E-20	19.221848749616356				NR [~ 8900000] (imputed)	N	strand of hair color	http://purl.obolibrary.org/obo/OBA_0002313	GCST007082	Genome-wide genotyping array
2019-02-08	30595370	Kichaev G	2018-12-27	Am J Hum Genet	www.ncbi.nlm.nih.gov/pubmed/30595370	Leveraging Polygenic Functional Enrichment to Improve GWAS Power.	Hair color	approximately 452,000 European ancestry individuals	NA	6q23.1	6	130027974		L3MBTL3			ENSG00000198945			rs6569648-?	rs6569648	0	6569648	intron_variant	0	NR	5E-9	8.301029995663981				NR [~ 8900000] (imputed)	N	strand of hair color	http://purl.obolibrary.org/obo/OBA_0002313	GCST007082	Genome-wide genotyping array
2019-02-08	30595370	Kichaev G	2018-12-27	Am J Hum Genet	www.ncbi.nlm.nih.gov/pubmed/30595370	Leveraging Polygenic Functional Enrichment to Improve GWAS Power.	Hair color	approximately 452,000 European ancestry individuals	NA	6q23.2	6	131067343		EPB41L2 - AKAP7	ENSG00000079819	ENSG00000118507		3982	68124	rs6901548-?	rs6901548	0	6901548	intron_variant	1	NR	2E-15	14.698970004336019				NR [~ 8900000] (imputed)	N	strand of hair color	http://purl.obolibrary.org/obo/OBA_0002313	GCST007082	Genome-wide genotyping array
2019-02-08	30595370	Kichaev G	2018-12-27	Am J Hum Genet	www.ncbi.nlm.nih.gov/pubmed/30595370	Leveraging Polygenic Functional Enrichment to Improve GWAS Power.	Hair color	approximately 452,000 European ancestry individuals	NA	6q23.2	6	134288153		SGK1			ENSG00000118515			rs4896038-?	rs4896038	0	4896038	intron_variant	0	NR	3E-14	13.522878745280337				NR [~ 8900000] (imputed)	N	strand of hair color	http://purl.obolibrary.org/obo/OBA_0002313	GCST007082	Genome-wide genotyping array
2019-02-08	30595370	Kichaev G	2018-12-27	Am J Hum Genet	www.ncbi.nlm.nih.gov/pubmed/30595370	Leveraging Polygenic Functional Enrichment to Improve GWAS Power.	Hair color	approximately 452,000 European ancestry individuals	NA	6q23.2	6	134640463		LINC03002			ENSG00000232310			rs137912555-?	rs137912555	0	137912555	non_coding_transcript_exon_variant	0	NR	1E-8	8.0				NR [~ 8900000] (imputed)	N	strand of hair color	http://purl.obolibrary.org/obo/OBA_0002313	GCST007082	Genome-wide genotyping array
2019-02-08	30595370	Kichaev G	2018-12-27	Am J Hum Genet	www.ncbi.nlm.nih.gov/pubmed/30595370	Leveraging Polygenic Functional Enrichment to Improve GWAS Power.	Hair color	approximately 452,000 European ancestry individuals	NA	6q23.3	6	135118125		HBS1L - MYB	ENSG00000112339	ENSG00000118513		15069	63183	rs2026937-?	rs2026937	0	2026937	intergenic_variant	1	NR	3E-10	9.522878745280337				NR [~ 8900000] (imputed)	N	strand of hair color	http://purl.obolibrary.org/obo/OBA_0002313	GCST007082	Genome-wide genotyping array
2019-02-08	30595370	Kichaev G	2018-12-27	Am J Hum Genet	www.ncbi.nlm.nih.gov/pubmed/30595370	Leveraging Polygenic Functional Enrichment to Improve GWAS Power.	Hair color	approximately 452,000 European ancestry individuals	NA	6q24.3	6	148250373		SAMD5 - SASH1	ENSG00000203727	ENSG00000111961		512826	21931	rs13201081-?	rs13201081	0	13201081	intron_variant	1	NR	5E-11	10.301029995663981				NR [~ 8900000] (imputed)	N	strand of hair color	http://purl.obolibrary.org/obo/OBA_0002313	GCST007082	Genome-wide genotyping array
2019-02-08	30595370	Kichaev G	2018-12-27	Am J Hum Genet	www.ncbi.nlm.nih.gov/pubmed/30595370	Leveraging Polygenic Functional Enrichment to Improve GWAS Power.	Hair color	approximately 452,000 European ancestry individuals	NA	6q24.3	6	148415905		SASH1			ENSG00000111961			rs4897010-?	rs4897010	0	4897010	intron_variant	0	NR	5E-11	10.301029995663981				NR [~ 8900000] (imputed)	N	strand of hair color	http://purl.obolibrary.org/obo/OBA_0002313	GCST007082	Genome-wide genotyping array
2019-02-08	30595370	Kichaev G	2018-12-27	Am J Hum Genet	www.ncbi.nlm.nih.gov/pubmed/30595370	Leveraging Polygenic Functional Enrichment to Improve GWAS Power.	Hair color	approximately 452,000 European ancestry individuals	NA	6q25.1	6	151256604		AKAP12			ENSG00000131016			rs10434895-?	rs10434895	0	10434895	intron_variant	0	NR	2E-25	24.69897000433602				NR [~ 8900000] (imputed)	N	strand of hair color	http://purl.obolibrary.org/obo/OBA_0002313	GCST007082	Genome-wide genotyping array
2019-02-08	30595370	Kichaev G	2018-12-27	Am J Hum Genet	www.ncbi.nlm.nih.gov/pubmed/30595370	Leveraging Polygenic Functional Enrichment to Improve GWAS Power.	Hair color	approximately 452,000 European ancestry individuals	NA	6q25.3	6	158812011		EZR			ENSG00000092820			rs9347258-?	rs9347258	0	9347258	intron_variant	0	NR	7E-124	123.15490195998575				NR [~ 8900000] (imputed)	N	strand of hair color	http://purl.obolibrary.org/obo/OBA_0002313	GCST007082	Genome-wide genotyping array
2019-02-08	30595370	Kichaev G	2018-12-27	Am J Hum Genet	www.ncbi.nlm.nih.gov/pubmed/30595370	Leveraging Polygenic Functional Enrichment to Improve GWAS Power.	Hair color	approximately 452,000 European ancestry individuals	NA	6q26	6	162970376		PACRG			ENSG00000112530			rs9355416-?	rs9355416	0	9355416	intron_variant	0	NR	6E-9	8.221848749616356				NR [~ 8900000] (imputed)	N	strand of hair color	http://purl.obolibrary.org/obo/OBA_0002313	GCST007082	Genome-wide genotyping array
2019-02-08	30595370	Kichaev G	2018-12-27	Am J Hum Genet	www.ncbi.nlm.nih.gov/pubmed/30595370	Leveraging Polygenic Functional Enrichment to Improve GWAS Power.	Hair color	approximately 452,000 European ancestry individuals	NA	7p21.2	7	13975693		ETV1			ENSG00000006468			rs2282867-?	rs2282867	0	2282867	intron_variant	0	NR	2E-17	16.69897000433602				NR [~ 8900000] (imputed)	N	strand of hair color	http://purl.obolibrary.org/obo/OBA_0002313	GCST007082	Genome-wide genotyping array
2019-02-08	30595370	Kichaev G	2018-12-27	Am J Hum Genet	www.ncbi.nlm.nih.gov/pubmed/30595370	Leveraging Polygenic Functional Enrichment to Improve GWAS Power.	Hair color	approximately 452,000 European ancestry individuals	NA	7p21.1	7	17711608		LINC02889 - SNX13	ENSG00000236039	ENSG00000071189		152679	79153	rs61578235-?	rs61578235	0	61578235	intergenic_variant	1	NR	7E-11	10.154901959985743				NR [~ 8900000] (imputed)	N	strand of hair color	http://purl.obolibrary.org/obo/OBA_0002313	GCST007082	Genome-wide genotyping array
2019-02-08	30595370	Kichaev G	2018-12-27	Am J Hum Genet	www.ncbi.nlm.nih.gov/pubmed/30595370	Leveraging Polygenic Functional Enrichment to Improve GWAS Power.	Hair color	approximately 452,000 European ancestry individuals	NA	7p21.1	7	18851636		HDAC9			ENSG00000048052			rs13245206-?	rs13245206	0	13245206	intron_variant	0	NR	6E-14	13.221848749616356				NR [~ 8900000] (imputed)	N	strand of hair color	http://purl.obolibrary.org/obo/OBA_0002313	GCST007082	Genome-wide genotyping array
2019-02-08	30595370	Kichaev G	2018-12-27	Am J Hum Genet	www.ncbi.nlm.nih.gov/pubmed/30595370	Leveraging Polygenic Functional Enrichment to Improve GWAS Power.	Hair color	approximately 452,000 European ancestry individuals	NA	5q11.2	5	56715530		C5orf67 - MAP3K1	ENSG00000225940	ENSG00000095015		45357	100008	rs7714232-?	rs7714232	0	7714232	intron_variant	1	NR	6E-21	20.221848749616356				NR [~ 8900000] (imputed)	N	strand of hair color	http://purl.obolibrary.org/obo/OBA_0002313	GCST007082	Genome-wide genotyping array
2019-02-08	30595370	Kichaev G	2018-12-27	Am J Hum Genet	www.ncbi.nlm.nih.gov/pubmed/30595370	Leveraging Polygenic Functional Enrichment to Improve GWAS Power.	Hair color	approximately 452,000 European ancestry individuals	NA	5q11.2	5	57839223		LNCBRM - LINC02225	ENSG00000249436	ENSG00000249584		209594	51104	rs1835873-?	rs1835873	0	1835873	intron_variant	1	NR	2E-12	11.698970004336019				NR [~ 8900000] (imputed)	N	strand of hair color	http://purl.obolibrary.org/obo/OBA_0002313	GCST007082	Genome-wide genotyping array
2019-02-08	30595370	Kichaev G	2018-12-27	Am J Hum Genet	www.ncbi.nlm.nih.gov/pubmed/30595370	Leveraging Polygenic Functional Enrichment to Improve GWAS Power.	Hair color	approximately 452,000 European ancestry individuals	NA	5q11.2	5	58055773		LINC02225 - LINC02101	ENSG00000249584	ENSG00000248132		156611	38674	rs10061189-?	rs10061189	0	10061189	intergenic_variant	1	NR	2E-8	7.698970004336019				NR [~ 8900000] (imputed)	N	strand of hair color	http://purl.obolibrary.org/obo/OBA_0002313	GCST007082	Genome-wide genotyping array
2019-02-08	30595370	Kichaev G	2018-12-27	Am J Hum Genet	www.ncbi.nlm.nih.gov/pubmed/30595370	Leveraging Polygenic Functional Enrichment to Improve GWAS Power.	Hair color	approximately 452,000 European ancestry individuals	NA	5q12.1	5	59728660		PDE4D			ENSG00000113448			rs6877662-?	rs6877662	0	6877662	intron_variant	0	NR	3E-12	11.522878745280337				NR [~ 8900000] (imputed)	N	strand of hair color	http://purl.obolibrary.org/obo/OBA_0002313	GCST007082	Genome-wide genotyping array
2019-02-08	30595370	Kichaev G	2018-12-27	Am J Hum Genet	www.ncbi.nlm.nih.gov/pubmed/30595370	Leveraging Polygenic Functional Enrichment to Improve GWAS Power.	Hair color	approximately 452,000 European ancestry individuals	NA	5q14.1	5	80178496		SERINC5			ENSG00000164300			rs11953891-?	rs11953891	0	11953891	intron_variant	0	NR	1E-8	8.0				NR [~ 8900000] (imputed)	N	strand of hair color	http://purl.obolibrary.org/obo/OBA_0002313	GCST007082	Genome-wide genotyping array
2019-02-08	30595370	Kichaev G	2018-12-27	Am J Hum Genet	www.ncbi.nlm.nih.gov/pubmed/30595370	Leveraging Polygenic Functional Enrichment to Improve GWAS Power.	Hair color	approximately 452,000 European ancestry individuals	NA	5q14.1	5	80397860		RNU6-211P - ZFYVE16	ENSG00000206774	ENSG00000039319		32028	9289	rs2547497-?	rs2547497	0	2547497	intergenic_variant	1	NR	2E-19	18.69897000433602				NR [~ 8900000] (imputed)	N	strand of hair color	http://purl.obolibrary.org/obo/OBA_0002313	GCST007082	Genome-wide genotyping array
2019-02-08	30595370	Kichaev G	2018-12-27	Am J Hum Genet	www.ncbi.nlm.nih.gov/pubmed/30595370	Leveraging Polygenic Functional Enrichment to Improve GWAS Power.	Hair color	approximately 452,000 European ancestry individuals	NA	5q14.3	5	90981980		ADGRV1			ENSG00000164199			rs60325490-?	rs60325490	0	60325490	intron_variant	0	NR	4E-56	55.39794000867204				NR [~ 8900000] (imputed)	N	strand of hair color	http://purl.obolibrary.org/obo/OBA_0002313	GCST007082	Genome-wide genotyping array
2019-02-08	30595370	Kichaev G	2018-12-27	Am J Hum Genet	www.ncbi.nlm.nih.gov/pubmed/30595370	Leveraging Polygenic Functional Enrichment to Improve GWAS Power.	Hair color	approximately 452,000 European ancestry individuals	NA	5q15	5	98787643		RGMB			ENSG00000174136			rs2617515-?	rs2617515	0	2617515	intron_variant	0	NR	3E-9	8.522878745280337				NR [~ 8900000] (imputed)	N	strand of hair color	http://purl.obolibrary.org/obo/OBA_0002313	GCST007082	Genome-wide genotyping array
2019-02-08	30595370	Kichaev G	2018-12-27	Am J Hum Genet	www.ncbi.nlm.nih.gov/pubmed/30595370	Leveraging Polygenic Functional Enrichment to Improve GWAS Power.	Hair color	approximately 452,000 European ancestry individuals	NA	5q23.1	5	116895560		LINC02214 - RPL35AP15	ENSG00000251311	ENSG00000243758		133351	405544	rs10519488-?	rs10519488	0	10519488	intergenic_variant	1	NR	8E-14	13.096910013008056				NR [~ 8900000] (imputed)	N	strand of hair color	http://purl.obolibrary.org/obo/OBA_0002313	GCST007082	Genome-wide genotyping array
2019-02-08	30595370	Kichaev G	2018-12-27	Am J Hum Genet	www.ncbi.nlm.nih.gov/pubmed/30595370	Leveraging Polygenic Functional Enrichment to Improve GWAS Power.	Hair color	approximately 452,000 European ancestry individuals	NA	5q31.1	5	134496385		LINC02999 - RNU6-456P	ENSG00000250564	ENSG00000207222		35770	3793	rs67672984-?	rs67672984	0	67672984	intron_variant	1	NR	3E-12	11.522878745280337				NR [~ 8900000] (imputed)	N	strand of hair color	http://purl.obolibrary.org/obo/OBA_0002313	GCST007082	Genome-wide genotyping array
2019-02-08	30595370	Kichaev G	2018-12-27	Am J Hum Genet	www.ncbi.nlm.nih.gov/pubmed/30595370	Leveraging Polygenic Functional Enrichment to Improve GWAS Power.	Hair color	approximately 452,000 European ancestry individuals	NA	5q31.2	5	139943672		NRG2			ENSG00000158458			rs2060296-?	rs2060296	0	2060296	intron_variant	0	NR	6E-9	8.221848749616356				NR [~ 8900000] (imputed)	N	strand of hair color	http://purl.obolibrary.org/obo/OBA_0002313	GCST007082	Genome-wide genotyping array
2019-02-08	30595370	Kichaev G	2018-12-27	Am J Hum Genet	www.ncbi.nlm.nih.gov/pubmed/30595370	Leveraging Polygenic Functional Enrichment to Improve GWAS Power.	Hair color	approximately 452,000 European ancestry individuals	NA	5q35.2	5	174404107		LINC01411			ENSG00000249306			rs2936938-?	rs2936938	0	2936938	intron_variant	0	NR	7E-17	16.154901959985743				NR [~ 8900000] (imputed)	N	strand of hair color	http://purl.obolibrary.org/obo/OBA_0002313	GCST007082	Genome-wide genotyping array
2019-02-08	30595370	Kichaev G	2018-12-27	Am J Hum Genet	www.ncbi.nlm.nih.gov/pubmed/30595370	Leveraging Polygenic Functional Enrichment to Improve GWAS Power.	Hair color	approximately 452,000 European ancestry individuals	NA	5q35.2	5	174729165		MSX2			ENSG00000120149			rs4242182-?	rs4242182	0	4242182	missense_variant	0	NR	5E-24	23.30102999566398				NR [~ 8900000] (imputed)	N	strand of hair color	http://purl.obolibrary.org/obo/OBA_0002313	GCST007082	Genome-wide genotyping array
2019-02-08	30595370	Kichaev G	2018-12-27	Am J Hum Genet	www.ncbi.nlm.nih.gov/pubmed/30595370	Leveraging Polygenic Functional Enrichment to Improve GWAS Power.	Hair color	approximately 452,000 European ancestry individuals	NA	5q35.3	5	181234980		TRIM41			ENSG00000146063			rs17714046-?	rs17714046	0	17714046	missense_variant	0	NR	1E-10	10.0				NR [~ 8900000] (imputed)	N	strand of hair color	http://purl.obolibrary.org/obo/OBA_0002313	GCST007082	Genome-wide genotyping array
2019-02-08	30595370	Kichaev G	2018-12-27	Am J Hum Genet	www.ncbi.nlm.nih.gov/pubmed/30595370	Leveraging Polygenic Functional Enrichment to Improve GWAS Power.	Hair color	approximately 452,000 European ancestry individuals	NA	6p25.3	6	237676		LINC03066 - DUSP22	ENSG00000263667	ENSG00000112679		32157	53954	rs7767355-?	rs7767355	0	7767355	intergenic_variant	1	NR	4E-153	152.39794000867204				NR [~ 8900000] (imputed)	N	strand of hair color	http://purl.obolibrary.org/obo/OBA_0002313	GCST007082	Genome-wide genotyping array
2019-02-08	30595370	Kichaev G	2018-12-27	Am J Hum Genet	www.ncbi.nlm.nih.gov/pubmed/30595370	Leveraging Polygenic Functional Enrichment to Improve GWAS Power.	Hair color	approximately 452,000 European ancestry individuals	NA	6p25.3	6	382537		DUSP22 - IRF4	ENSG00000112679	ENSG00000137265		31182	9202	rs9405192-?	rs9405192	0	9405192	intron_variant	1	NR	1E-300	300.0				NR [~ 8900000] (imputed)	N	strand of hair color	http://purl.obolibrary.org/obo/OBA_0002313	GCST007082	Genome-wide genotyping array
2019-02-08	30595370	Kichaev G	2018-12-27	Am J Hum Genet	www.ncbi.nlm.nih.gov/pubmed/30595370	Leveraging Polygenic Functional Enrichment to Improve GWAS Power.	Hair color	approximately 452,000 European ancestry individuals	NA	6p25.3	6	493976		EXOC2			ENSG00000112685			rs950039-?	rs950039	0	950039	intron_variant	0	NR	3E-312	311.52287874528037				NR [~ 8900000] (imputed)	N	strand of hair color	http://purl.obolibrary.org/obo/OBA_0002313	GCST007082	Genome-wide genotyping array
2019-02-08	30595370	Kichaev G	2018-12-27	Am J Hum Genet	www.ncbi.nlm.nih.gov/pubmed/30595370	Leveraging Polygenic Functional Enrichment to Improve GWAS Power.	Hair color	approximately 452,000 European ancestry individuals	NA	6p25.3	6	679344		EXOC2			ENSG00000112685			rs9405909-?	rs9405909	0	9405909	intron_variant	0	NR	5E-71	70.30102999566398				NR [~ 8900000] (imputed)	N	strand of hair color	http://purl.obolibrary.org/obo/OBA_0002313	GCST007082	Genome-wide genotyping array
2019-02-08	30595370	Kichaev G	2018-12-27	Am J Hum Genet	www.ncbi.nlm.nih.gov/pubmed/30595370	Leveraging Polygenic Functional Enrichment to Improve GWAS Power.	Hair color	approximately 452,000 European ancestry individuals	NA	6p25.3	6	794333		EXOC2 - LINC01622	ENSG00000112685	ENSG00000286785		101164	141849	rs139066356-?	rs139066356	0	139066356	intron_variant	1	NR	6E-58	57.221848749616356				NR [~ 8900000] (imputed)	N	strand of hair color	http://purl.obolibrary.org/obo/OBA_0002313	GCST007082	Genome-wide genotyping array
2019-02-08	30595370	Kichaev G	2018-12-27	Am J Hum Genet	www.ncbi.nlm.nih.gov/pubmed/30595370	Leveraging Polygenic Functional Enrichment to Improve GWAS Power.	Hair color	approximately 452,000 European ancestry individuals	NA	6p25.3	6	889586		EXOC2 - LINC01622	ENSG00000112685	ENSG00000286785		196417	46596	rs115074082-?	rs115074082	0	115074082	intergenic_variant	1	NR	6E-17	16.221848749616356				NR [~ 8900000] (imputed)	N	strand of hair color	http://purl.obolibrary.org/obo/OBA_0002313	GCST007082	Genome-wide genotyping array
2019-02-08	30595370	Kichaev G	2018-12-27	Am J Hum Genet	www.ncbi.nlm.nih.gov/pubmed/30595370	Leveraging Polygenic Functional Enrichment to Improve GWAS Power.	Hair color	approximately 452,000 European ancestry individuals	NA	6p25.3	6	1063648		LINC01622			ENSG00000286785			rs2143396-?	rs2143396	0	2143396	intron_variant	0	NR	1E-12	12.0				NR [~ 8900000] (imputed)	N	strand of hair color	http://purl.obolibrary.org/obo/OBA_0002313	GCST007082	Genome-wide genotyping array
2019-02-08	30595370	Kichaev G	2018-12-27	Am J Hum Genet	www.ncbi.nlm.nih.gov/pubmed/30595370	Leveraging Polygenic Functional Enrichment to Improve GWAS Power.	Hair color	approximately 452,000 European ancestry individuals	NA	6p25.3	6	1201943		LINC01622 - FOXQ1	ENSG00000286785	ENSG00000164379		100521	110155	rs238027-?	rs238027	0	238027	intron_variant	1	NR	4E-15	14.397940008672037				NR [~ 8900000] (imputed)	N	strand of hair color	http://purl.obolibrary.org/obo/OBA_0002313	GCST007082	Genome-wide genotyping array
2019-02-08	30595370	Kichaev G	2018-12-27	Am J Hum Genet	www.ncbi.nlm.nih.gov/pubmed/30595370	Leveraging Polygenic Functional Enrichment to Improve GWAS Power.	Hair color	approximately 452,000 European ancestry individuals	NA	6p25.3	6	1704880		GMDS			ENSG00000112699			rs9378307-?	rs9378307	0	9378307	intron_variant	0	NR	3E-8	7.522878745280337				NR [~ 8900000] (imputed)	N	strand of hair color	http://purl.obolibrary.org/obo/OBA_0002313	GCST007082	Genome-wide genotyping array
2019-02-08	30595370	Kichaev G	2018-12-27	Am J Hum Genet	www.ncbi.nlm.nih.gov/pubmed/30595370	Leveraging Polygenic Functional Enrichment to Improve GWAS Power.	Hair color	approximately 452,000 European ancestry individuals	NA	6p25.2	6	3452011		SLC22A23			ENSG00000137266			rs7758776-?	rs7758776	0	7758776	intron_variant	0	NR	9E-15	14.045757490560675				NR [~ 8900000] (imputed)	N	strand of hair color	http://purl.obolibrary.org/obo/OBA_0002313	GCST007082	Genome-wide genotyping array
2019-02-08	30595370	Kichaev G	2018-12-27	Am J Hum Genet	www.ncbi.nlm.nih.gov/pubmed/30595370	Leveraging Polygenic Functional Enrichment to Improve GWAS Power.	Hair color	approximately 452,000 European ancestry individuals	NA	6p24.3	6	10595990		GCNT2			ENSG00000111846			rs78781079-?	rs78781079	0	78781079	intron_variant	0	NR	5E-17	16.30102999566398				NR [~ 8900000] (imputed)	N	strand of hair color	http://purl.obolibrary.org/obo/OBA_0002313	GCST007082	Genome-wide genotyping array
2019-02-08	30595370	Kichaev G	2018-12-27	Am J Hum Genet	www.ncbi.nlm.nih.gov/pubmed/30595370	Leveraging Polygenic Functional Enrichment to Improve GWAS Power.	Hair color	approximately 452,000 European ancestry individuals	NA	7p15.3	7	24573890		PALS2			ENSG00000105926			rs531359831-?	rs531359831	0	531359831	5_prime_UTR_variant	0	NR	8E-11	10.096910013008056				NR [~ 8900000] (imputed)	N	strand of hair color	http://purl.obolibrary.org/obo/OBA_0002313	GCST007082	Genome-wide genotyping array
2019-02-08	30595370	Kichaev G	2018-12-27	Am J Hum Genet	www.ncbi.nlm.nih.gov/pubmed/30595370	Leveraging Polygenic Functional Enrichment to Improve GWAS Power.	Hair color	approximately 452,000 European ancestry individuals	NA	7p15.1	7	28152661		JAZF1			ENSG00000153814			rs849133-?	rs849133	0	849133	intron_variant	0	NR	2E-39	38.69897000433602				NR [~ 8900000] (imputed)	N	strand of hair color	http://purl.obolibrary.org/obo/OBA_0002313	GCST007082	Genome-wide genotyping array
2019-02-08	30595370	Kichaev G	2018-12-27	Am J Hum Genet	www.ncbi.nlm.nih.gov/pubmed/30595370	Leveraging Polygenic Functional Enrichment to Improve GWAS Power.	Hair color	approximately 452,000 European ancestry individuals	NA	7p15.1	7	28761684		CREB5			ENSG00000146592			rs4722843-?	rs4722843	0	4722843	intron_variant	0	NR	8E-15	14.096910013008056				NR [~ 8900000] (imputed)	N	strand of hair color	http://purl.obolibrary.org/obo/OBA_0002313	GCST007082	Genome-wide genotyping array
2019-02-08	30595370	Kichaev G	2018-12-27	Am J Hum Genet	www.ncbi.nlm.nih.gov/pubmed/30595370	Leveraging Polygenic Functional Enrichment to Improve GWAS Power.	Hair color	approximately 452,000 European ancestry individuals	NA	7p14.1	7	41368403		LINC01449 - INHBA	ENSG00000224017	ENSG00000122641		234896	298765	rs77969347-?	rs77969347	0	77969347	intergenic_variant	1	NR	7E-10	9.154901959985743				NR [~ 8900000] (imputed)	N	strand of hair color	http://purl.obolibrary.org/obo/OBA_0002313	GCST007082	Genome-wide genotyping array
2019-02-08	30595370	Kichaev G	2018-12-27	Am J Hum Genet	www.ncbi.nlm.nih.gov/pubmed/30595370	Leveraging Polygenic Functional Enrichment to Improve GWAS Power.	Hair color	approximately 452,000 European ancestry individuals	NA	7p12.3	7	46607193		ZNF619P1 - HMGN1P19	ENSG00000224547	ENSG00000224519		461505	27421	rs56225270-?	rs56225270	0	56225270	intergenic_variant	1	NR	3E-12	11.522878745280337				NR [~ 8900000] (imputed)	N	strand of hair color	http://purl.obolibrary.org/obo/OBA_0002313	GCST007082	Genome-wide genotyping array
2019-02-08	30595370	Kichaev G	2018-12-27	Am J Hum Genet	www.ncbi.nlm.nih.gov/pubmed/30595370	Leveraging Polygenic Functional Enrichment to Improve GWAS Power.	Hair color	approximately 452,000 European ancestry individuals	NA	7p12.3	7	46761830		HMGN1P19 - EPS15P1	ENSG00000224519	ENSG00000242948		126884	20970	rs1464841-?	rs1464841	0	1464841	intergenic_variant	1	NR	2E-15	14.698970004336019				NR [~ 8900000] (imputed)	N	strand of hair color	http://purl.obolibrary.org/obo/OBA_0002313	GCST007082	Genome-wide genotyping array
2019-02-08	30595370	Kichaev G	2018-12-27	Am J Hum Genet	www.ncbi.nlm.nih.gov/pubmed/30595370	Leveraging Polygenic Functional Enrichment to Improve GWAS Power.	Hair color	approximately 452,000 European ancestry individuals	NA	7q21.13	7	91237915		CDK14 - FZD1	ENSG00000058091	ENSG00000157240		27325	26518	rs80030895-?	rs80030895	0	80030895	intergenic_variant	1	NR	1E-46	46.0				NR [~ 8900000] (imputed)	N	strand of hair color	http://purl.obolibrary.org/obo/OBA_0002313	GCST007082	Genome-wide genotyping array
2019-02-08	30595370	Kichaev G	2018-12-27	Am J Hum Genet	www.ncbi.nlm.nih.gov/pubmed/30595370	Leveraging Polygenic Functional Enrichment to Improve GWAS Power.	Hair color	approximately 452,000 European ancestry individuals	NA	7q21.13	7	91288395		FZD1 - LINC02932	ENSG00000157240	ENSG00000243144		17069	22973	rs77162945-?	rs77162945	0	77162945	regulatory_region_variant	1	NR	4E-12	11.397940008672037				NR [~ 8900000] (imputed)	N	strand of hair color	http://purl.obolibrary.org/obo/OBA_0002313	GCST007082	Genome-wide genotyping array
2019-02-08	30595370	Kichaev G	2018-12-27	Am J Hum Genet	www.ncbi.nlm.nih.gov/pubmed/30595370	Leveraging Polygenic Functional Enrichment to Improve GWAS Power.	Hair color	approximately 452,000 European ancestry individuals	NA	7q21.2	7	91562075		LINC02932 - MTERF1	ENSG00000243144	ENSG00000127989		46648	129933	rs1548881-?	rs1548881	0	1548881	intron_variant	1	NR	1E-11	11.0				NR [~ 8900000] (imputed)	N	strand of hair color	http://purl.obolibrary.org/obo/OBA_0002313	GCST007082	Genome-wide genotyping array
2019-02-08	30595370	Kichaev G	2018-12-27	Am J Hum Genet	www.ncbi.nlm.nih.gov/pubmed/30595370	Leveraging Polygenic Functional Enrichment to Improve GWAS Power.	Hair color	approximately 452,000 European ancestry individuals	NA	7q22.1	7	100386536		PILRA			ENSG00000085514			rs117326834-?	rs117326834	0	117326834	intron_variant	0	NR	5E-19	18.30102999566398				NR [~ 8900000] (imputed)	N	strand of hair color	http://purl.obolibrary.org/obo/OBA_0002313	GCST007082	Genome-wide genotyping array
2019-02-08	30595370	Kichaev G	2018-12-27	Am J Hum Genet	www.ncbi.nlm.nih.gov/pubmed/30595370	Leveraging Polygenic Functional Enrichment to Improve GWAS Power.	Hair color	approximately 452,000 European ancestry individuals	NA	7q22.1	7	100854110		SLC12A9			ENSG00000146828			rs12535629-?	rs12535629	0	12535629	intron_variant	0	NR	7E-33	32.15490195998574				NR [~ 8900000] (imputed)	N	strand of hair color	http://purl.obolibrary.org/obo/OBA_0002313	GCST007082	Genome-wide genotyping array
2019-02-08	30595370	Kichaev G	2018-12-27	Am J Hum Genet	www.ncbi.nlm.nih.gov/pubmed/30595370	Leveraging Polygenic Functional Enrichment to Improve GWAS Power.	Hair color	approximately 452,000 European ancestry individuals	NA	7q22.3	7	105776114		ATXN7L1			ENSG00000146776			rs2529369-?	rs2529369	0	2529369	intron_variant	0	NR	5E-30	29.30102999566398				NR [~ 8900000] (imputed)	N	strand of hair color	http://purl.obolibrary.org/obo/OBA_0002313	GCST007082	Genome-wide genotyping array
2019-02-08	30595370	Kichaev G	2018-12-27	Am J Hum Genet	www.ncbi.nlm.nih.gov/pubmed/30595370	Leveraging Polygenic Functional Enrichment to Improve GWAS Power.	Hair color	approximately 452,000 European ancestry individuals	NA	7q32.2	7	129990536		UBE2H-DT			ENSG00000244036			rs117426182-?	rs117426182	0	117426182	intron_variant	0	NR	7E-9	8.154901959985743				NR [~ 8900000] (imputed)	N	strand of hair color	http://purl.obolibrary.org/obo/OBA_0002313	GCST007082	Genome-wide genotyping array
2019-02-08	30595370	Kichaev G	2018-12-27	Am J Hum Genet	www.ncbi.nlm.nih.gov/pubmed/30595370	Leveraging Polygenic Functional Enrichment to Improve GWAS Power.	Hair color	approximately 452,000 European ancestry individuals	NA	7q32.3	7	131073817		LINC-PINT			ENSG00000231721			rs12669378-?	rs12669378	0	12669378	intron_variant	0	NR	3E-99	98.52287874528034				NR [~ 8900000] (imputed)	N	strand of hair color	http://purl.obolibrary.org/obo/OBA_0002313	GCST007082	Genome-wide genotyping array
2019-02-08	30595370	Kichaev G	2018-12-27	Am J Hum Genet	www.ncbi.nlm.nih.gov/pubmed/30595370	Leveraging Polygenic Functional Enrichment to Improve GWAS Power.	Hair color	approximately 452,000 European ancestry individuals	NA	7q36.3	7	155300701		INSIG1			ENSG00000186480			rs9690044-?	rs9690044	0	9690044	intron_variant	0	NR	2E-9	8.698970004336019				NR [~ 8900000] (imputed)	N	strand of hair color	http://purl.obolibrary.org/obo/OBA_0002313	GCST007082	Genome-wide genotyping array
2019-02-08	30595370	Kichaev G	2018-12-27	Am J Hum Genet	www.ncbi.nlm.nih.gov/pubmed/30595370	Leveraging Polygenic Functional Enrichment to Improve GWAS Power.	Hair color	approximately 452,000 European ancestry individuals	NA	7q36.3	7	156358481		Y_RNA - RNF32-DT	ENSG00000200544	ENSG00000182648		172258	30441	rs56326046-?	rs56326046	0	56326046	intergenic_variant	1	NR	2E-11	10.698970004336019				NR [~ 8900000] (imputed)	N	strand of hair color	http://purl.obolibrary.org/obo/OBA_0002313	GCST007082	Genome-wide genotyping array
2019-02-08	30595370	Kichaev G	2018-12-27	Am J Hum Genet	www.ncbi.nlm.nih.gov/pubmed/30595370	Leveraging Polygenic Functional Enrichment to Improve GWAS Power.	Hair color	approximately 452,000 European ancestry individuals	NA	8p23.1	8	9359414		PPP1R3B-DT			ENSG00000248538			rs12550199-?	rs12550199	0	12550199	intron_variant	0	NR	2E-11	10.698970004336019				NR [~ 8900000] (imputed)	N	strand of hair color	http://purl.obolibrary.org/obo/OBA_0002313	GCST007082	Genome-wide genotyping array
2019-02-08	30595370	Kichaev G	2018-12-27	Am J Hum Genet	www.ncbi.nlm.nih.gov/pubmed/30595370	Leveraging Polygenic Functional Enrichment to Improve GWAS Power.	Hair color	approximately 452,000 European ancestry individuals	NA	8p21.3	8	19756502		CSGALNACT1			ENSG00000147408			rs10101032-?	rs10101032	0	10101032	intron_variant	0	NR	2E-9	8.698970004336019				NR [~ 8900000] (imputed)	N	strand of hair color	http://purl.obolibrary.org/obo/OBA_0002313	GCST007082	Genome-wide genotyping array
2019-02-08	30595370	Kichaev G	2018-12-27	Am J Hum Genet	www.ncbi.nlm.nih.gov/pubmed/30595370	Leveraging Polygenic Functional Enrichment to Improve GWAS Power.	Hair color	approximately 452,000 European ancestry individuals	NA	8p21.3	8	22743440		PEBP4, EGR3-AS1			ENSG00000134020, ENSG00000253125			rs2048651-?	rs2048651	0	2048651	intron_variant	0	NR	2E-26	25.69897000433602				NR [~ 8900000] (imputed)	N	strand of hair color	http://purl.obolibrary.org/obo/OBA_0002313	GCST007082	Genome-wide genotyping array
2019-02-08	30595370	Kichaev G	2018-12-27	Am J Hum Genet	www.ncbi.nlm.nih.gov/pubmed/30595370	Leveraging Polygenic Functional Enrichment to Improve GWAS Power.	Hair color	approximately 452,000 European ancestry individuals	NA	8p12	8	29995196		MIR3148 - MAP2K1P1	ENSG00000264788	ENSG00000254013		37848	32517	rs2595041-?	rs2595041	0	2595041	intergenic_variant	1	NR	9E-11	10.045757490560675				NR [~ 8900000] (imputed)	N	strand of hair color	http://purl.obolibrary.org/obo/OBA_0002313	GCST007082	Genome-wide genotyping array
2019-02-08	30595370	Kichaev G	2018-12-27	Am J Hum Genet	www.ncbi.nlm.nih.gov/pubmed/30595370	Leveraging Polygenic Functional Enrichment to Improve GWAS Power.	Hair color	approximately 452,000 European ancestry individuals	NA	8p12	8	32544723		NRG1			ENSG00000157168			rs73234132-?	rs73234132	0	73234132	intron_variant	0	NR	4E-8	7.3979400086720375				NR [~ 8900000] (imputed)	N	strand of hair color	http://purl.obolibrary.org/obo/OBA_0002313	GCST007082	Genome-wide genotyping array
2019-02-08	30595370	Kichaev G	2018-12-27	Am J Hum Genet	www.ncbi.nlm.nih.gov/pubmed/30595370	Leveraging Polygenic Functional Enrichment to Improve GWAS Power.	Hair color	approximately 452,000 European ancestry individuals	NA	8p11.22	8	38710697		RNF5P1 - TACC1	ENSG00000253570	ENSG00000147526		109497	17469	rs57128498-?	rs57128498	0	57128498	intergenic_variant	1	NR	4E-20	19.397940008672037				NR [~ 8900000] (imputed)	N	strand of hair color	http://purl.obolibrary.org/obo/OBA_0002313	GCST007082	Genome-wide genotyping array
2019-02-08	30595370	Kichaev G	2018-12-27	Am J Hum Genet	www.ncbi.nlm.nih.gov/pubmed/30595370	Leveraging Polygenic Functional Enrichment to Improve GWAS Power.	Hair color	approximately 452,000 European ancestry individuals	NA	8p11.21	8	42188415		PLAT			ENSG00000104368			rs2070711-?	rs2070711	0	2070711	intron_variant	0	NR	9E-8	7.045757490560675				NR [~ 8900000] (imputed)	N	strand of hair color	http://purl.obolibrary.org/obo/OBA_0002313	GCST007082	Genome-wide genotyping array
2019-02-08	30595370	Kichaev G	2018-12-27	Am J Hum Genet	www.ncbi.nlm.nih.gov/pubmed/30595370	Leveraging Polygenic Functional Enrichment to Improve GWAS Power.	Hair color	approximately 452,000 European ancestry individuals	NA	8q21.13	8	81841905		SNX16, LINC02235			ENSG00000104497, ENSG00000254689			rs4431553-?	rs4431553	0	4431553	intron_variant	0	NR	3E-64	63.52287874528034				NR [~ 8900000] (imputed)	N	strand of hair color	http://purl.obolibrary.org/obo/OBA_0002313	GCST007082	Genome-wide genotyping array
2019-02-08	30595370	Kichaev G	2018-12-27	Am J Hum Genet	www.ncbi.nlm.nih.gov/pubmed/30595370	Leveraging Polygenic Functional Enrichment to Improve GWAS Power.	Hair color	approximately 452,000 European ancestry individuals	NA	8q23.1	8	107945095		RSPO2			ENSG00000147655			rs628205-?	rs628205	0	628205	intron_variant	0	NR	7E-9	8.154901959985743				NR [~ 8900000] (imputed)	N	strand of hair color	http://purl.obolibrary.org/obo/OBA_0002313	GCST007082	Genome-wide genotyping array
2019-02-08	30595370	Kichaev G	2018-12-27	Am J Hum Genet	www.ncbi.nlm.nih.gov/pubmed/30595370	Leveraging Polygenic Functional Enrichment to Improve GWAS Power.	Hair color	approximately 452,000 European ancestry individuals	NA	8q23.1	8	108094573		RSPO2 - AURKBP1	ENSG00000147655	ENSG00000230948		10783	36527	rs392783-?	rs392783	0	392783	intergenic_variant	1	NR	2E-23	22.69897000433602				NR [~ 8900000] (imputed)	N	strand of hair color	http://purl.obolibrary.org/obo/OBA_0002313	GCST007082	Genome-wide genotyping array
2019-02-08	30595370	Kichaev G	2018-12-27	Am J Hum Genet	www.ncbi.nlm.nih.gov/pubmed/30595370	Leveraging Polygenic Functional Enrichment to Improve GWAS Power.	Hair color	approximately 452,000 European ancestry individuals	NA	8q23.1	8	108483382		EMC2			ENSG00000104412			rs79593277-?	rs79593277	0	79593277	intron_variant	0	NR	3E-18	17.522878745280337				NR [~ 8900000] (imputed)	N	strand of hair color	http://purl.obolibrary.org/obo/OBA_0002313	GCST007082	Genome-wide genotyping array
2019-02-08	30595370	Kichaev G	2018-12-27	Am J Hum Genet	www.ncbi.nlm.nih.gov/pubmed/30595370	Leveraging Polygenic Functional Enrichment to Improve GWAS Power.	Hair color	approximately 452,000 European ancestry individuals	NA	8q23.3	8	115707671		TRPS1			ENSG00000104447			rs800534-?	rs800534	0	800534	intergenic_variant	0	NR	4E-12	11.397940008672037				NR [~ 8900000] (imputed)	N	strand of hair color	http://purl.obolibrary.org/obo/OBA_0002313	GCST007082	Genome-wide genotyping array
2019-02-08	30595370	Kichaev G	2018-12-27	Am J Hum Genet	www.ncbi.nlm.nih.gov/pubmed/30595370	Leveraging Polygenic Functional Enrichment to Improve GWAS Power.	Hair color	approximately 452,000 European ancestry individuals	NA	8q24.11	8	118121384		EXT1 - SAMD12	ENSG00000182197	ENSG00000177570		9558	68071	rs2445922-?	rs2445922	0	2445922	intergenic_variant	1	NR	1E-10	10.0				NR [~ 8900000] (imputed)	N	strand of hair color	http://purl.obolibrary.org/obo/OBA_0002313	GCST007082	Genome-wide genotyping array
2019-02-08	30595370	Kichaev G	2018-12-27	Am J Hum Genet	www.ncbi.nlm.nih.gov/pubmed/30595370	Leveraging Polygenic Functional Enrichment to Improve GWAS Power.	Hair color	approximately 452,000 European ancestry individuals	NA	9p24.3	9	211762		ZNG1A - DOCK8-AS1	ENSG00000172785	ENSG00000183784		32615	1062	rs520015-?	rs520015	0	520015	intergenic_variant	1	NR	2E-32	31.69897000433602				NR [~ 8900000] (imputed)	N	strand of hair color	http://purl.obolibrary.org/obo/OBA_0002313	GCST007082	Genome-wide genotyping array
2019-02-08	30595370	Kichaev G	2018-12-27	Am J Hum Genet	www.ncbi.nlm.nih.gov/pubmed/30595370	Leveraging Polygenic Functional Enrichment to Improve GWAS Power.	Hair color	approximately 452,000 European ancestry individuals	NA	9p24.1	9	5896161		MLANA, BRD10			ENSG00000120215, ENSG00000183354			rs7037587-?	rs7037587	0	7037587	intron_variant	0	NR	2E-13	12.698970004336019				NR [~ 8900000] (imputed)	N	strand of hair color	http://purl.obolibrary.org/obo/OBA_0002313	GCST007082	Genome-wide genotyping array
2019-02-08	30595370	Kichaev G	2018-12-27	Am J Hum Genet	www.ncbi.nlm.nih.gov/pubmed/30595370	Leveraging Polygenic Functional Enrichment to Improve GWAS Power.	Hair color	approximately 452,000 European ancestry individuals	NA	9p24.1	9	6030917		RANBP6 - GTF3AP1	ENSG00000137040	ENSG00000237274		15292	165017	rs419595-?	rs419595	0	419595	intergenic_variant	1	NR	9E-12	11.045757490560675				NR [~ 8900000] (imputed)	N	strand of hair color	http://purl.obolibrary.org/obo/OBA_0002313	GCST007082	Genome-wide genotyping array
2019-02-08	30595370	Kichaev G	2018-12-27	Am J Hum Genet	www.ncbi.nlm.nih.gov/pubmed/30595370	Leveraging Polygenic Functional Enrichment to Improve GWAS Power.	Hair color	approximately 452,000 European ancestry individuals	NA	9p23	9	12712157		LURAP1L-AS1			ENSG00000235448			rs1137134-?	rs1137134	0	1137134	intron_variant	0	NR	6E-141	140.22184874961636				NR [~ 8900000] (imputed)	N	strand of hair color	http://purl.obolibrary.org/obo/OBA_0002313	GCST007082	Genome-wide genotyping array
2019-02-08	30595370	Kichaev G	2018-12-27	Am J Hum Genet	www.ncbi.nlm.nih.gov/pubmed/30595370	Leveraging Polygenic Functional Enrichment to Improve GWAS Power.	Hair color	approximately 452,000 European ancestry individuals	NA	9p22.3	9	15868831		CCDC171			ENSG00000164989			rs770199-?	rs770199	0	770199	intron_variant	0	NR	3E-8	7.522878745280337				NR [~ 8900000] (imputed)	N	strand of hair color	http://purl.obolibrary.org/obo/OBA_0002313	GCST007082	Genome-wide genotyping array
2019-02-08	30595370	Kichaev G	2018-12-27	Am J Hum Genet	www.ncbi.nlm.nih.gov/pubmed/30595370	Leveraging Polygenic Functional Enrichment to Improve GWAS Power.	Hair color	approximately 452,000 European ancestry individuals	NA	9p22.3	9	16517955		BNC2			ENSG00000173068			rs12115663-?	rs12115663	0	12115663	intron_variant	0	NR	7E-14	13.154901959985743				NR [~ 8900000] (imputed)	N	strand of hair color	http://purl.obolibrary.org/obo/OBA_0002313	GCST007082	Genome-wide genotyping array
2019-02-08	30595370	Kichaev G	2018-12-27	Am J Hum Genet	www.ncbi.nlm.nih.gov/pubmed/30595370	Leveraging Polygenic Functional Enrichment to Improve GWAS Power.	Hair color	approximately 452,000 European ancestry individuals	NA	9p22.2	9	16885019		BNC2 - RN7SL720P	ENSG00000173068	ENSG00000241152		14117	168882	rs12350739-?	rs12350739	0	12350739	TF_binding_site_variant	1	NR	3E-93	92.52287874528034				NR [~ 8900000] (imputed)	N	strand of hair color	http://purl.obolibrary.org/obo/OBA_0002313	GCST007082	Genome-wide genotyping array
2019-02-08	30595370	Kichaev G	2018-12-27	Am J Hum Genet	www.ncbi.nlm.nih.gov/pubmed/30595370	Leveraging Polygenic Functional Enrichment to Improve GWAS Power.	Hair color	approximately 452,000 European ancestry individuals	NA	9p21.3	9	22067594		CDKN2B-AS1			ENSG00000240498			rs10811650-?	rs10811650	0	10811650	intron_variant	0	NR	2E-15	14.698970004336019				NR [~ 8900000] (imputed)	N	strand of hair color	http://purl.obolibrary.org/obo/OBA_0002313	GCST007082	Genome-wide genotyping array
2019-02-08	30595370	Kichaev G	2018-12-27	Am J Hum Genet	www.ncbi.nlm.nih.gov/pubmed/30595370	Leveraging Polygenic Functional Enrichment to Improve GWAS Power.	Hair color	approximately 452,000 European ancestry individuals	NA	9p21.2	9	27511286		MOB3B			ENSG00000120162			rs2484314-?	rs2484314	0	2484314	intron_variant	0	NR	6E-11	10.221848749616356				NR [~ 8900000] (imputed)	N	strand of hair color	http://purl.obolibrary.org/obo/OBA_0002313	GCST007082	Genome-wide genotyping array
2019-02-08	30595370	Kichaev G	2018-12-27	Am J Hum Genet	www.ncbi.nlm.nih.gov/pubmed/30595370	Leveraging Polygenic Functional Enrichment to Improve GWAS Power.	Hair color	approximately 452,000 European ancestry individuals	NA	9p13.3	9	34107507		DCAF12-AS1, DCAF12			ENSG00000228352, ENSG00000198876			rs11557154-?	rs11557154	0	11557154	missense_variant	0	NR	4E-9	8.397940008672037				NR [~ 8900000] (imputed)	N	strand of hair color	http://purl.obolibrary.org/obo/OBA_0002313	GCST007082	Genome-wide genotyping array
2019-02-08	30595370	Kichaev G	2018-12-27	Am J Hum Genet	www.ncbi.nlm.nih.gov/pubmed/30595370	Leveraging Polygenic Functional Enrichment to Improve GWAS Power.	Hair color	approximately 452,000 European ancestry individuals	NA	9p13.1	9	38055131		SHB			ENSG00000107338			rs3849927-?	rs3849927	0	3849927	intron_variant	0	NR	6E-11	10.221848749616356				NR [~ 8900000] (imputed)	N	strand of hair color	http://purl.obolibrary.org/obo/OBA_0002313	GCST007082	Genome-wide genotyping array
2019-02-08	30595370	Kichaev G	2018-12-27	Am J Hum Genet	www.ncbi.nlm.nih.gov/pubmed/30595370	Leveraging Polygenic Functional Enrichment to Improve GWAS Power.	Hair color	approximately 452,000 European ancestry individuals	NA	9q21.31	9	79710760		TLE4			ENSG00000106829			rs6559493-?	rs6559493	0	6559493	intron_variant	0	NR	1E-8	8.0				NR [~ 8900000] (imputed)	N	strand of hair color	http://purl.obolibrary.org/obo/OBA_0002313	GCST007082	Genome-wide genotyping array
2019-02-08	30595370	Kichaev G	2018-12-27	Am J Hum Genet	www.ncbi.nlm.nih.gov/pubmed/30595370	Leveraging Polygenic Functional Enrichment to Improve GWAS Power.	Hair color	approximately 452,000 European ancestry individuals	NA	9q22.2	9	89804270		LINC03062			ENSG00000237372			rs9696028-?	rs9696028	0	9696028	intron_variant	0	NR	4E-8	7.3979400086720375				NR [~ 8900000] (imputed)	N	strand of hair color	http://purl.obolibrary.org/obo/OBA_0002313	GCST007082	Genome-wide genotyping array
2019-02-08	30595370	Kichaev G	2018-12-27	Am J Hum Genet	www.ncbi.nlm.nih.gov/pubmed/30595370	Leveraging Polygenic Functional Enrichment to Improve GWAS Power.	Hair color	approximately 452,000 European ancestry individuals	NA	9q22.33	9	97857437		FOXE1 - TRMO	ENSG00000178919	ENSG00000136932		720	37075	rs12347191-?	rs12347191	0	12347191	intergenic_variant	1	NR	2E-29	28.69897000433602				NR [~ 8900000] (imputed)	N	strand of hair color	http://purl.obolibrary.org/obo/OBA_0002313	GCST007082	Genome-wide genotyping array
2019-02-08	30595370	Kichaev G	2018-12-27	Am J Hum Genet	www.ncbi.nlm.nih.gov/pubmed/30595370	Leveraging Polygenic Functional Enrichment to Improve GWAS Power.	Hair color	approximately 452,000 European ancestry individuals	NA	9q31.1	9	99969955		STX17			ENSG00000136874			rs9556-?	rs9556	0	9556	3_prime_UTR_variant	0	NR	7E-9	8.154901959985743				NR [~ 8900000] (imputed)	N	strand of hair color	http://purl.obolibrary.org/obo/OBA_0002313	GCST007082	Genome-wide genotyping array
2019-02-08	30595370	Kichaev G	2018-12-27	Am J Hum Genet	www.ncbi.nlm.nih.gov/pubmed/30595370	Leveraging Polygenic Functional Enrichment to Improve GWAS Power.	Hair color	approximately 452,000 European ancestry individuals	NA	9q31.2	9	106292136		LINC01505			ENSG00000234323			rs10739220-?	rs10739220	0	10739220	intron_variant	0	NR	1E-18	18.0				NR [~ 8900000] (imputed)	N	strand of hair color	http://purl.obolibrary.org/obo/OBA_0002313	GCST007082	Genome-wide genotyping array
2019-02-08	30595370	Kichaev G	2018-12-27	Am J Hum Genet	www.ncbi.nlm.nih.gov/pubmed/30595370	Leveraging Polygenic Functional Enrichment to Improve GWAS Power.	Hair color	approximately 452,000 European ancestry individuals	NA	9q32	9	113624974		RGS3 - C14orf119P1	ENSG00000138835	ENSG00000214669		27231	134020	rs540599-?	rs540599	0	540599	regulatory_region_variant	1	NR	7E-16	15.154901959985743				NR [~ 8900000] (imputed)	N	strand of hair color	http://purl.obolibrary.org/obo/OBA_0002313	GCST007082	Genome-wide genotyping array
2019-02-08	30595370	Kichaev G	2018-12-27	Am J Hum Genet	www.ncbi.nlm.nih.gov/pubmed/30595370	Leveraging Polygenic Functional Enrichment to Improve GWAS Power.	Hair color	approximately 452,000 European ancestry individuals	NA	9q33.2	9	120917790		TRAF1			ENSG00000056558			rs10118357-?	rs10118357	0	10118357	intron_variant	0	NR	1E-7	7.0				NR [~ 8900000] (imputed)	N	strand of hair color	http://purl.obolibrary.org/obo/OBA_0002313	GCST007082	Genome-wide genotyping array
2019-02-08	30595370	Kichaev G	2018-12-27	Am J Hum Genet	www.ncbi.nlm.nih.gov/pubmed/30595370	Leveraging Polygenic Functional Enrichment to Improve GWAS Power.	Hair color	approximately 452,000 European ancestry individuals	NA	9q33.3	9	123862102		DENND1A			ENSG00000119522			rs600704-?	rs600704	0	600704	intron_variant	0	NR	3E-16	15.522878745280337				NR [~ 8900000] (imputed)	N	strand of hair color	http://purl.obolibrary.org/obo/OBA_0002313	GCST007082	Genome-wide genotyping array
2019-02-08	30595370	Kichaev G	2018-12-27	Am J Hum Genet	www.ncbi.nlm.nih.gov/pubmed/30595370	Leveraging Polygenic Functional Enrichment to Improve GWAS Power.	Hair color	approximately 452,000 European ancestry individuals	NA	9q33.3	9	124052300		LHX2 - NEK6	ENSG00000106689	ENSG00000119408		18999	205306	rs4838097-?	rs4838097	0	4838097	intron_variant	1	NR	3E-134	133.52287874528034				NR [~ 8900000] (imputed)	N	strand of hair color	http://purl.obolibrary.org/obo/OBA_0002313	GCST007082	Genome-wide genotyping array
2019-02-08	30595370	Kichaev G	2018-12-27	Am J Hum Genet	www.ncbi.nlm.nih.gov/pubmed/30595370	Leveraging Polygenic Functional Enrichment to Improve GWAS Power.	Hair color	approximately 452,000 European ancestry individuals	NA	9q33.3	9	124228906		LHX2 - NEK6	ENSG00000106689	ENSG00000119408		195605	28700	rs10818930-?	rs10818930	0	10818930	intergenic_variant	1	NR	4E-49	48.39794000867204				NR [~ 8900000] (imputed)	N	strand of hair color	http://purl.obolibrary.org/obo/OBA_0002313	GCST007082	Genome-wide genotyping array
2019-02-08	30595370	Kichaev G	2018-12-27	Am J Hum Genet	www.ncbi.nlm.nih.gov/pubmed/30595370	Leveraging Polygenic Functional Enrichment to Improve GWAS Power.	Hair color	approximately 452,000 European ancestry individuals	NA	9q33.3	9	124361501		PSMB7			ENSG00000136930			rs79967707-?	rs79967707	0	79967707	intron_variant	0	NR	4E-10	9.397940008672037				NR [~ 8900000] (imputed)	N	strand of hair color	http://purl.obolibrary.org/obo/OBA_0002313	GCST007082	Genome-wide genotyping array
2019-02-08	30595370	Kichaev G	2018-12-27	Am J Hum Genet	www.ncbi.nlm.nih.gov/pubmed/30595370	Leveraging Polygenic Functional Enrichment to Improve GWAS Power.	Hair color	approximately 452,000 European ancestry individuals	NA	9q33.3	9	124733694		NR6A1			ENSG00000148200			rs151265161-?	rs151265161	0	151265161	intron_variant	0	NR	5E-8	7.301029995663981				NR [~ 8900000] (imputed)	N	strand of hair color	http://purl.obolibrary.org/obo/OBA_0002313	GCST007082	Genome-wide genotyping array
2019-02-08	30595370	Kichaev G	2018-12-27	Am J Hum Genet	www.ncbi.nlm.nih.gov/pubmed/30595370	Leveraging Polygenic Functional Enrichment to Improve GWAS Power.	Hair color	approximately 452,000 European ancestry individuals	NA	9q33.3	9	127101266		ANGPTL2, RALGPS1			ENSG00000136859, ENSG00000136828			rs2787594-?	rs2787594	0	2787594	intron_variant	0	NR	6E-9	8.221848749616356				NR [~ 8900000] (imputed)	N	strand of hair color	http://purl.obolibrary.org/obo/OBA_0002313	GCST007082	Genome-wide genotyping array
2019-02-08	30595370	Kichaev G	2018-12-27	Am J Hum Genet	www.ncbi.nlm.nih.gov/pubmed/30595370	Leveraging Polygenic Functional Enrichment to Improve GWAS Power.	Hair color	approximately 452,000 European ancestry individuals	NA	10p12.1	10	28947466		LINC01517 - LYZL1	ENSG00000232624	ENSG00000120563		5556	341595	rs10826545-?	rs10826545	0	10826545	regulatory_region_variant	1	NR	7E-11	10.154901959985743				NR [~ 8900000] (imputed)	N	strand of hair color	http://purl.obolibrary.org/obo/OBA_0002313	GCST007082	Genome-wide genotyping array
2019-02-08	30595370	Kichaev G	2018-12-27	Am J Hum Genet	www.ncbi.nlm.nih.gov/pubmed/30595370	Leveraging Polygenic Functional Enrichment to Improve GWAS Power.	Hair color	approximately 452,000 European ancestry individuals	NA	10p11.21	10	35240186		CCNY-AS1			ENSG00000271335			rs6481946-?	rs6481946	0	6481946	intron_variant	0	NR	3E-29	28.522878745280337				NR [~ 8900000] (imputed)	N	strand of hair color	http://purl.obolibrary.org/obo/OBA_0002313	GCST007082	Genome-wide genotyping array
2019-02-08	30595370	Kichaev G	2018-12-27	Am J Hum Genet	www.ncbi.nlm.nih.gov/pubmed/30595370	Leveraging Polygenic Functional Enrichment to Improve GWAS Power.	Hair color	approximately 452,000 European ancestry individuals	NA	10q21.3	10	63115551		RNU6-543P - NRBF2	ENSG00000199446	ENSG00000148572		5305	17696	rs7903602-?	rs7903602	0	7903602	intergenic_variant	1	NR	5E-8	7.301029995663981				NR [~ 8900000] (imputed)	N	strand of hair color	http://purl.obolibrary.org/obo/OBA_0002313	GCST007082	Genome-wide genotyping array
2019-02-08	30595370	Kichaev G	2018-12-27	Am J Hum Genet	www.ncbi.nlm.nih.gov/pubmed/30595370	Leveraging Polygenic Functional Enrichment to Improve GWAS Power.	Hair color	approximately 452,000 European ancestry individuals	NA	10q22.1	10	72308938		DDIT4-AS1 - DNAJB12	ENSG00000289506	ENSG00000148719		10792	23892	rs4300326-?	rs4300326	0	4300326	intergenic_variant	1	NR	3E-11	10.522878745280337				NR [~ 8900000] (imputed)	N	strand of hair color	http://purl.obolibrary.org/obo/OBA_0002313	GCST007082	Genome-wide genotyping array
2019-02-08	30595370	Kichaev G	2018-12-27	Am J Hum Genet	www.ncbi.nlm.nih.gov/pubmed/30595370	Leveraging Polygenic Functional Enrichment to Improve GWAS Power.	Hair color	approximately 452,000 European ancestry individuals	NA	10q22.3	10	79184390		ZMIZ1			ENSG00000108175			rs703978-?	rs703978	0	703978	intron_variant	0	NR	1E-62	62.0				NR [~ 8900000] (imputed)	N	strand of hair color	http://purl.obolibrary.org/obo/OBA_0002313	GCST007082	Genome-wide genotyping array
2019-02-08	30595370	Kichaev G	2018-12-27	Am J Hum Genet	www.ncbi.nlm.nih.gov/pubmed/30595370	Leveraging Polygenic Functional Enrichment to Improve GWAS Power.	Hair color	approximately 452,000 European ancestry individuals	NA	10q25.2	10	110112417		ADD3			ENSG00000148700			rs12261598-?	rs12261598	0	12261598	intron_variant	0	NR	3E-8	7.522878745280337				NR [~ 8900000] (imputed)	N	strand of hair color	http://purl.obolibrary.org/obo/OBA_0002313	GCST007082	Genome-wide genotyping array
2019-02-08	30595370	Kichaev G	2018-12-27	Am J Hum Genet	www.ncbi.nlm.nih.gov/pubmed/30595370	Leveraging Polygenic Functional Enrichment to Improve GWAS Power.	Hair color	approximately 452,000 European ancestry individuals	NA	10q25.2	10	110944622		SHOC2			ENSG00000108061			rs1359849-?	rs1359849	0	1359849	intron_variant	0	NR	5E-12	11.301029995663981				NR [~ 8900000] (imputed)	N	strand of hair color	http://purl.obolibrary.org/obo/OBA_0002313	GCST007082	Genome-wide genotyping array
2019-02-08	30595370	Kichaev G	2018-12-27	Am J Hum Genet	www.ncbi.nlm.nih.gov/pubmed/30595370	Leveraging Polygenic Functional Enrichment to Improve GWAS Power.	Hair color	approximately 452,000 European ancestry individuals	NA	11p15.4	11	7522288		PPFIBP2			ENSG00000166387			rs11041426-?	rs11041426	0	11041426	intron_variant	0	NR	7E-54	53.15490195998574				NR [~ 8900000] (imputed)	N	strand of hair color	http://purl.obolibrary.org/obo/OBA_0002313	GCST007082	Genome-wide genotyping array
2019-02-08	30595370	Kichaev G	2018-12-27	Am J Hum Genet	www.ncbi.nlm.nih.gov/pubmed/30595370	Leveraging Polygenic Functional Enrichment to Improve GWAS Power.	Hair color	approximately 452,000 European ancestry individuals	NA	11p15.4	11	10239722		SBF2			ENSG00000133812			rs7124401-?	rs7124401	0	7124401	intron_variant	0	NR	3E-11	10.522878745280337				NR [~ 8900000] (imputed)	N	strand of hair color	http://purl.obolibrary.org/obo/OBA_0002313	GCST007082	Genome-wide genotyping array
2019-02-08	30595370	Kichaev G	2018-12-27	Am J Hum Genet	www.ncbi.nlm.nih.gov/pubmed/30595370	Leveraging Polygenic Functional Enrichment to Improve GWAS Power.	Hair color	approximately 452,000 European ancestry individuals	NA	11p15.2	11	15688538		LINC02751			ENSG00000254946			rs7108738-?	rs7108738	0	7108738	intron_variant	0	NR	2E-28	27.69897000433602				NR [~ 8900000] (imputed)	N	strand of hair color	http://purl.obolibrary.org/obo/OBA_0002313	GCST007082	Genome-wide genotyping array
2019-02-08	30595370	Kichaev G	2018-12-27	Am J Hum Genet	www.ncbi.nlm.nih.gov/pubmed/30595370	Leveraging Polygenic Functional Enrichment to Improve GWAS Power.	Hair color	approximately 452,000 European ancestry individuals	NA	11p15.2	11	15849055		LINC02751 - LINC02682	ENSG00000254946	ENSG00000254661		143679	61473	rs727324-?	rs727324	0	727324	intron_variant	1	NR	2E-12	11.698970004336019				NR [~ 8900000] (imputed)	N	strand of hair color	http://purl.obolibrary.org/obo/OBA_0002313	GCST007082	Genome-wide genotyping array
2019-02-08	30595370	Kichaev G	2018-12-27	Am J Hum Genet	www.ncbi.nlm.nih.gov/pubmed/30595370	Leveraging Polygenic Functional Enrichment to Improve GWAS Power.	Hair color	approximately 452,000 European ancestry individuals	NA	11p15.2	11	16081892		SOX6			ENSG00000110693			rs117188914-?	rs117188914	0	117188914	intron_variant	0	NR	4E-14	13.397940008672037				NR [~ 8900000] (imputed)	N	strand of hair color	http://purl.obolibrary.org/obo/OBA_0002313	GCST007082	Genome-wide genotyping array
2019-02-08	30595370	Kichaev G	2018-12-27	Am J Hum Genet	www.ncbi.nlm.nih.gov/pubmed/30595370	Leveraging Polygenic Functional Enrichment to Improve GWAS Power.	Hair color	approximately 452,000 European ancestry individuals	NA	11p15.2	11	16261458		SOX6			ENSG00000110693			rs61881743-?	rs61881743	0	61881743	intron_variant	0	NR	3E-25	24.522878745280337				NR [~ 8900000] (imputed)	N	strand of hair color	http://purl.obolibrary.org/obo/OBA_0002313	GCST007082	Genome-wide genotyping array
2019-02-08	30595370	Kichaev G	2018-12-27	Am J Hum Genet	www.ncbi.nlm.nih.gov/pubmed/30595370	Leveraging Polygenic Functional Enrichment to Improve GWAS Power.	Hair color	approximately 452,000 European ancestry individuals	NA	11p15.2	11	16340475		SOX6			ENSG00000110693			rs117573112-?	rs117573112	0	117573112	intron_variant	0	NR	5E-35	34.30102999566398				NR [~ 8900000] (imputed)	N	strand of hair color	http://purl.obolibrary.org/obo/OBA_0002313	GCST007082	Genome-wide genotyping array
2019-02-08	30595370	Kichaev G	2018-12-27	Am J Hum Genet	www.ncbi.nlm.nih.gov/pubmed/30595370	Leveraging Polygenic Functional Enrichment to Improve GWAS Power.	Hair color	approximately 452,000 European ancestry individuals	NA	11p15.2	11	16593733		SOX6			ENSG00000110693			rs4757417-?	rs4757417	0	4757417	intron_variant	0	NR	7E-20	19.154901959985743				NR [~ 8900000] (imputed)	N	strand of hair color	http://purl.obolibrary.org/obo/OBA_0002313	GCST007082	Genome-wide genotyping array
2019-02-08	30595370	Kichaev G	2018-12-27	Am J Hum Genet	www.ncbi.nlm.nih.gov/pubmed/30595370	Leveraging Polygenic Functional Enrichment to Improve GWAS Power.	Hair color	approximately 452,000 European ancestry individuals	NA	11p15.1	11	18279582		HPS5			ENSG00000110756			rs12416821-?	rs12416821	0	12416821	3_prime_UTR_variant	0	NR	4E-11	10.397940008672037				NR [~ 8900000] (imputed)	N	strand of hair color	http://purl.obolibrary.org/obo/OBA_0002313	GCST007082	Genome-wide genotyping array
2019-02-08	30595370	Kichaev G	2018-12-27	Am J Hum Genet	www.ncbi.nlm.nih.gov/pubmed/30595370	Leveraging Polygenic Functional Enrichment to Improve GWAS Power.	Hair color	approximately 452,000 European ancestry individuals	NA	11p14.1	11	27391761		LGR4			ENSG00000205213			rs1382470-?	rs1382470	0	1382470	intron_variant	0	NR	1E-8	8.0				NR [~ 8900000] (imputed)	N	strand of hair color	http://purl.obolibrary.org/obo/OBA_0002313	GCST007082	Genome-wide genotyping array
2019-02-08	30595370	Kichaev G	2018-12-27	Am J Hum Genet	www.ncbi.nlm.nih.gov/pubmed/30595370	Leveraging Polygenic Functional Enrichment to Improve GWAS Power.	Hair color	approximately 452,000 European ancestry individuals	NA	11p13	11	32906232		QSER1			ENSG00000060749			rs145678014-?	rs145678014	0	145678014	intron_variant	0	NR	3E-12	11.522878745280337				NR [~ 8900000] (imputed)	N	strand of hair color	http://purl.obolibrary.org/obo/OBA_0002313	GCST007082	Genome-wide genotyping array
2019-02-08	30595370	Kichaev G	2018-12-27	Am J Hum Genet	www.ncbi.nlm.nih.gov/pubmed/30595370	Leveraging Polygenic Functional Enrichment to Improve GWAS Power.	Hair color	approximately 452,000 European ancestry individuals	NA	11p13	11	35163509		CD44			ENSG00000026508			rs353634-?	rs353634	0	353634	intron_variant	0	NR	7E-11	10.154901959985743				NR [~ 8900000] (imputed)	N	strand of hair color	http://purl.obolibrary.org/obo/OBA_0002313	GCST007082	Genome-wide genotyping array
2019-02-08	30595370	Kichaev G	2018-12-27	Am J Hum Genet	www.ncbi.nlm.nih.gov/pubmed/30595370	Leveraging Polygenic Functional Enrichment to Improve GWAS Power.	Hair color	approximately 452,000 European ancestry individuals	NA	11p11.2	11	43904800		ALKBH3			ENSG00000166199			rs11037728-?	rs11037728	0	11037728	intron_variant	0	NR	3E-15	14.522878745280337				NR [~ 8900000] (imputed)	N	strand of hair color	http://purl.obolibrary.org/obo/OBA_0002313	GCST007082	Genome-wide genotyping array
2019-02-08	30595370	Kichaev G	2018-12-27	Am J Hum Genet	www.ncbi.nlm.nih.gov/pubmed/30595370	Leveraging Polygenic Functional Enrichment to Improve GWAS Power.	Hair color	approximately 452,000 European ancestry individuals	NA	11p11.2	11	44309759		ALX4			ENSG00000052850			rs12421995-?	rs12421995	0	12421995	missense_variant	0	NR	2E-18	17.69897000433602				NR [~ 8900000] (imputed)	N	strand of hair color	http://purl.obolibrary.org/obo/OBA_0002313	GCST007082	Genome-wide genotyping array
2019-02-08	30595370	Kichaev G	2018-12-27	Am J Hum Genet	www.ncbi.nlm.nih.gov/pubmed/30595370	Leveraging Polygenic Functional Enrichment to Improve GWAS Power.	Hair color	approximately 452,000 European ancestry individuals	NA	11p11.2	11	44454971		ALX4 - RPL7AP79	ENSG00000052850	ENSG00000255106		144832	84807	rs724411-?	rs724411	0	724411	intergenic_variant	1	NR	3E-15	14.522878745280337				NR [~ 8900000] (imputed)	N	strand of hair color	http://purl.obolibrary.org/obo/OBA_0002313	GCST007082	Genome-wide genotyping array
2019-02-08	30595370	Kichaev G	2018-12-27	Am J Hum Genet	www.ncbi.nlm.nih.gov/pubmed/30595370	Leveraging Polygenic Functional Enrichment to Improve GWAS Power.	Hair color	approximately 452,000 European ancestry individuals	NA	1p36.33	1	1243102		C1QTNF12			ENSG00000184163			rs78555129-?	rs78555129	0	78555129	missense_variant	0	NR	6E-11	10.221848749616356				NR [~ 8900000] (imputed)	N	strand of hair color	http://purl.obolibrary.org/obo/OBA_0002313	GCST007082	Genome-wide genotyping array
2019-02-08	30595370	Kichaev G	2018-12-27	Am J Hum Genet	www.ncbi.nlm.nih.gov/pubmed/30595370	Leveraging Polygenic Functional Enrichment to Improve GWAS Power.	Hair color	approximately 452,000 European ancestry individuals	NA	1p36.23	1	8147519		ERRFI1-DT			ENSG00000238290			rs80293268-?	rs80293268	0	80293268	intron_variant	0	NR	7E-253	252.15490195998575				NR [~ 8900000] (imputed)	N	strand of hair color	http://purl.obolibrary.org/obo/OBA_0002313	GCST007082	Genome-wide genotyping array
2019-02-08	30595370	Kichaev G	2018-12-27	Am J Hum Genet	www.ncbi.nlm.nih.gov/pubmed/30595370	Leveraging Polygenic Functional Enrichment to Improve GWAS Power.	Hair color	approximately 452,000 European ancestry individuals	NA	1p36.23	1	8314193		RNU6-991P - SLC45A1	ENSG00000251977	ENSG00000162426		21930	3911	rs72635790-?	rs72635790	0	72635790	regulatory_region_variant	1	NR	1E-9	9.0				NR [~ 8900000] (imputed)	N	strand of hair color	http://purl.obolibrary.org/obo/OBA_0002313	GCST007082	Genome-wide genotyping array
2019-02-08	30595370	Kichaev G	2018-12-27	Am J Hum Genet	www.ncbi.nlm.nih.gov/pubmed/30595370	Leveraging Polygenic Functional Enrichment to Improve GWAS Power.	Hair color	approximately 452,000 European ancestry individuals	NA	1p36.22	1	10589166		PEX14			ENSG00000142655			rs12090714-?	rs12090714	0	12090714	intron_variant	0	NR	8E-12	11.096910013008056				NR [~ 8900000] (imputed)	N	strand of hair color	http://purl.obolibrary.org/obo/OBA_0002313	GCST007082	Genome-wide genotyping array
2019-02-08	30595370	Kichaev G	2018-12-27	Am J Hum Genet	www.ncbi.nlm.nih.gov/pubmed/30595370	Leveraging Polygenic Functional Enrichment to Improve GWAS Power.	Hair color	approximately 452,000 European ancestry individuals	NA	1p36.22	1	10976994		CIROZ			ENSG00000175262			rs6685766-?	rs6685766	0	6685766	intron_variant	0	NR	4E-43	42.39794000867204				NR [~ 8900000] (imputed)	N	strand of hair color	http://purl.obolibrary.org/obo/OBA_0002313	GCST007082	Genome-wide genotyping array
2019-02-08	30595370	Kichaev G	2018-12-27	Am J Hum Genet	www.ncbi.nlm.nih.gov/pubmed/30595370	Leveraging Polygenic Functional Enrichment to Improve GWAS Power.	Hair color	approximately 452,000 European ancestry individuals	NA	1p36.13	1	15950587		ZBTB17			ENSG00000116809			rs848188-?	rs848188	0	848188	intron_variant	0	NR	2E-20	19.69897000433602				NR [~ 8900000] (imputed)	N	strand of hair color	http://purl.obolibrary.org/obo/OBA_0002313	GCST007082	Genome-wide genotyping array
2019-02-08	30595370	Kichaev G	2018-12-27	Am J Hum Genet	www.ncbi.nlm.nih.gov/pubmed/30595370	Leveraging Polygenic Functional Enrichment to Improve GWAS Power.	Hair color	approximately 452,000 European ancestry individuals	NA	1p36.13	1	17285053		PADI3 - PADI4	ENSG00000142619	ENSG00000159339		820	23142	rs2977303-?	rs2977303	0	2977303	intergenic_variant	1	NR	2E-25	24.69897000433602				NR [~ 8900000] (imputed)	N	strand of hair color	http://purl.obolibrary.org/obo/OBA_0002313	GCST007082	Genome-wide genotyping array
2019-02-08	30595370	Kichaev G	2018-12-27	Am J Hum Genet	www.ncbi.nlm.nih.gov/pubmed/30595370	Leveraging Polygenic Functional Enrichment to Improve GWAS Power.	Hair color	approximately 452,000 European ancestry individuals	NA	1p36.11	1	24461457		NIPAL3			ENSG00000001461			rs195720-?	rs195720	0	195720	intron_variant	0	NR	9E-12	11.045757490560675				NR [~ 8900000] (imputed)	N	strand of hair color	http://purl.obolibrary.org/obo/OBA_0002313	GCST007082	Genome-wide genotyping array
2019-02-08	30595370	Kichaev G	2018-12-27	Am J Hum Genet	www.ncbi.nlm.nih.gov/pubmed/30595370	Leveraging Polygenic Functional Enrichment to Improve GWAS Power.	Hair color	approximately 452,000 European ancestry individuals	NA	1p36.11	1	26693642		ARID1A			ENSG00000117713			rs35738294-?	rs35738294	0	35738294	non_coding_transcript_exon_variant	0	NR	2E-8	7.698970004336019				NR [~ 8900000] (imputed)	N	strand of hair color	http://purl.obolibrary.org/obo/OBA_0002313	GCST007082	Genome-wide genotyping array
2019-02-08	30595370	Kichaev G	2018-12-27	Am J Hum Genet	www.ncbi.nlm.nih.gov/pubmed/30595370	Leveraging Polygenic Functional Enrichment to Improve GWAS Power.	Hair color	approximately 452,000 European ancestry individuals	NA	1p34.2	1	41432910		FOXO6 - RNA5SP45	ENSG00000204060	ENSG00000252563		49320	34027	rs1937999-?	rs1937999	0	1937999	TF_binding_site_variant	1	NR	3E-9	8.522878745280337				NR [~ 8900000] (imputed)	N	strand of hair color	http://purl.obolibrary.org/obo/OBA_0002313	GCST007082	Genome-wide genotyping array
2019-02-08	30595370	Kichaev G	2018-12-27	Am J Hum Genet	www.ncbi.nlm.nih.gov/pubmed/30595370	Leveraging Polygenic Functional Enrichment to Improve GWAS Power.	Hair color	approximately 452,000 European ancestry individuals	NA	1p31.3	1	61224489		NFIA			ENSG00000162599			rs76732304-?	rs76732304	0	76732304	intron_variant	0	NR	1E-15	15.0				NR [~ 8900000] (imputed)	N	strand of hair color	http://purl.obolibrary.org/obo/OBA_0002313	GCST007082	Genome-wide genotyping array
2019-02-08	30595370	Kichaev G	2018-12-27	Am J Hum Genet	www.ncbi.nlm.nih.gov/pubmed/30595370	Leveraging Polygenic Functional Enrichment to Improve GWAS Power.	Hair color	approximately 452,000 European ancestry individuals	NA	1p31.1	1	77984833		GIPC2, DNAJB4			ENSG00000137960, ENSG00000162616			rs34517439-?	rs34517439	0	34517439	intron_variant	0	NR	2E-8	7.698970004336019				NR [~ 8900000] (imputed)	N	strand of hair color	http://purl.obolibrary.org/obo/OBA_0002313	GCST007082	Genome-wide genotyping array
2019-02-08	30595370	Kichaev G	2018-12-27	Am J Hum Genet	www.ncbi.nlm.nih.gov/pubmed/30595370	Leveraging Polygenic Functional Enrichment to Improve GWAS Power.	Hair color	approximately 452,000 European ancestry individuals	NA	1p22.3	1	85062323		DNAI3			ENSG00000162643			rs12034421-?	rs12034421	0	12034421	5_prime_UTR_variant	0	NR	7E-9	8.154901959985743				NR [~ 8900000] (imputed)	N	strand of hair color	http://purl.obolibrary.org/obo/OBA_0002313	GCST007082	Genome-wide genotyping array
2019-02-08	30595370	Kichaev G	2018-12-27	Am J Hum Genet	www.ncbi.nlm.nih.gov/pubmed/30595370	Leveraging Polygenic Functional Enrichment to Improve GWAS Power.	Hair color	approximately 452,000 European ancestry individuals	NA	1p22.1	1	93678163		BCAR3			ENSG00000137936			rs1011903-?	rs1011903	0	1011903	intron_variant	0	NR	6E-10	9.221848749616356				NR [~ 8900000] (imputed)	N	strand of hair color	http://purl.obolibrary.org/obo/OBA_0002313	GCST007082	Genome-wide genotyping array
2019-02-08	30595370	Kichaev G	2018-12-27	Am J Hum Genet	www.ncbi.nlm.nih.gov/pubmed/30595370	Leveraging Polygenic Functional Enrichment to Improve GWAS Power.	Hair color	approximately 452,000 European ancestry individuals	NA	1q21.3	1	153240383		RPLP0P4 - LORICRIN	ENSG00000230779	ENSG00000203782		14377	19304	rs1329101-?	rs1329101	0	1329101	intergenic_variant	1	NR	3E-11	10.522878745280337				NR [~ 8900000] (imputed)	N	strand of hair color	http://purl.obolibrary.org/obo/OBA_0002313	GCST007082	Genome-wide genotyping array
2019-02-08	30595370	Kichaev G	2018-12-27	Am J Hum Genet	www.ncbi.nlm.nih.gov/pubmed/30595370	Leveraging Polygenic Functional Enrichment to Improve GWAS Power.	Hair color	approximately 452,000 European ancestry individuals	NA	1q22	1	155133578		EFNA1			ENSG00000169242			rs4390169-?	rs4390169	0	4390169	intron_variant	0	NR	4E-15	14.397940008672037				NR [~ 8900000] (imputed)	N	strand of hair color	http://purl.obolibrary.org/obo/OBA_0002313	GCST007082	Genome-wide genotyping array
2019-02-08	30595370	Kichaev G	2018-12-27	Am J Hum Genet	www.ncbi.nlm.nih.gov/pubmed/30595370	Leveraging Polygenic Functional Enrichment to Improve GWAS Power.	Hair color	approximately 452,000 European ancestry individuals	NA	1q24.2	1	168135323		GPR161			ENSG00000143147			rs34914771-?	rs34914771	0	34914771	5_prime_UTR_variant	0	NR	5E-11	10.301029995663981				NR [~ 8900000] (imputed)	N	strand of hair color	http://purl.obolibrary.org/obo/OBA_0002313	GCST007082	Genome-wide genotyping array
2019-02-08	30595370	Kichaev G	2018-12-27	Am J Hum Genet	www.ncbi.nlm.nih.gov/pubmed/30595370	Leveraging Polygenic Functional Enrichment to Improve GWAS Power.	Hair color	approximately 452,000 European ancestry individuals	NA	1q31.2	1	192555863		RGS2-AS1			ENSG00000285280			rs3011685-?	rs3011685	0	3011685	intron_variant	0	NR	3E-21	20.522878745280337				NR [~ 8900000] (imputed)	N	strand of hair color	http://purl.obolibrary.org/obo/OBA_0002313	GCST007082	Genome-wide genotyping array
2019-02-08	30595370	Kichaev G	2018-12-27	Am J Hum Genet	www.ncbi.nlm.nih.gov/pubmed/30595370	Leveraging Polygenic Functional Enrichment to Improve GWAS Power.	Hair color	approximately 452,000 European ancestry individuals	NA	1q32.1	1	205161285		DSTYK			ENSG00000133059			rs3851294-?	rs3851294	0	3851294	missense_variant	0	NR	9E-111	110.04575749056067				NR [~ 8900000] (imputed)	N	strand of hair color	http://purl.obolibrary.org/obo/OBA_0002313	GCST007082	Genome-wide genotyping array
2019-02-08	30595370	Kichaev G	2018-12-27	Am J Hum Genet	www.ncbi.nlm.nih.gov/pubmed/30595370	Leveraging Polygenic Functional Enrichment to Improve GWAS Power.	Hair color	approximately 452,000 European ancestry individuals	NA	1q32.1	1	205686250		Metazoa_SRP - NUCKS1	ENSG00000275978	ENSG00000069275		1943	26572	rs1094647-?	rs1094647	0	1094647	intron_variant	1	NR	6E-8	7.221848749616356				NR [~ 8900000] (imputed)	N	strand of hair color	http://purl.obolibrary.org/obo/OBA_0002313	GCST007082	Genome-wide genotyping array
2019-02-08	30595370	Kichaev G	2018-12-27	Am J Hum Genet	www.ncbi.nlm.nih.gov/pubmed/30595370	Leveraging Polygenic Functional Enrichment to Improve GWAS Power.	Hair color	approximately 452,000 European ancestry individuals	NA	1q32.2	1	211180608		KCNH1 - PRELID1P5	ENSG00000143473	ENSG00000226986		46425	26631	rs3125847-?	rs3125847	0	3125847	intron_variant	1	NR	5E-10	9.301029995663981				NR [~ 8900000] (imputed)	N	strand of hair color	http://purl.obolibrary.org/obo/OBA_0002313	GCST007082	Genome-wide genotyping array
2019-02-08	30595370	Kichaev G	2018-12-27	Am J Hum Genet	www.ncbi.nlm.nih.gov/pubmed/30595370	Leveraging Polygenic Functional Enrichment to Improve GWAS Power.	Hair color	approximately 452,000 European ancestry individuals	NA	1q32.3	1	212252830		LINC02608			ENSG00000226251			rs351376-?	rs351376	0	351376	intron_variant	0	NR	2E-8	7.698970004336019				NR [~ 8900000] (imputed)	N	strand of hair color	http://purl.obolibrary.org/obo/OBA_0002313	GCST007082	Genome-wide genotyping array
2019-02-08	30595370	Kichaev G	2018-12-27	Am J Hum Genet	www.ncbi.nlm.nih.gov/pubmed/30595370	Leveraging Polygenic Functional Enrichment to Improve GWAS Power.	Hair color	approximately 452,000 European ancestry individuals	NA	1q41	1	214424243		PTPN14			ENSG00000152104			rs113614987-?	rs113614987	0	113614987	intron_variant	0	NR	2E-8	7.698970004336019				NR [~ 8900000] (imputed)	N	strand of hair color	http://purl.obolibrary.org/obo/OBA_0002313	GCST007082	Genome-wide genotyping array
2019-02-08	30595370	Kichaev G	2018-12-27	Am J Hum Genet	www.ncbi.nlm.nih.gov/pubmed/30595370	Leveraging Polygenic Functional Enrichment to Improve GWAS Power.	Hair color	approximately 452,000 European ancestry individuals	NA	1q42.13	1	227193355		CDC42BPA			ENSG00000143776			rs112779011-?	rs112779011	0	112779011	intron_variant	0	NR	7E-11	10.154901959985743				NR [~ 8900000] (imputed)	N	strand of hair color	http://purl.obolibrary.org/obo/OBA_0002313	GCST007082	Genome-wide genotyping array
2019-02-08	30595370	Kichaev G	2018-12-27	Am J Hum Genet	www.ncbi.nlm.nih.gov/pubmed/30595370	Leveraging Polygenic Functional Enrichment to Improve GWAS Power.	Hair color	approximately 452,000 European ancestry individuals	NA	1q42.2	1	232479041		SIPA1L2			ENSG00000116991			rs4649269-?	rs4649269	0	4649269	intron_variant	0	NR	2E-8	7.698970004336019				NR [~ 8900000] (imputed)	N	strand of hair color	http://purl.obolibrary.org/obo/OBA_0002313	GCST007082	Genome-wide genotyping array
2019-02-08	30595370	Kichaev G	2018-12-27	Am J Hum Genet	www.ncbi.nlm.nih.gov/pubmed/30595370	Leveraging Polygenic Functional Enrichment to Improve GWAS Power.	Hair color	approximately 452,000 European ancestry individuals	NA	1q42.3	1	235883078		LYST			ENSG00000143669			rs10803124-?	rs10803124	0	10803124	intron_variant	0	NR	5E-15	14.301029995663981				NR [~ 8900000] (imputed)	N	strand of hair color	http://purl.obolibrary.org/obo/OBA_0002313	GCST007082	Genome-wide genotyping array
2019-02-08	30595370	Kichaev G	2018-12-27	Am J Hum Genet	www.ncbi.nlm.nih.gov/pubmed/30595370	Leveraging Polygenic Functional Enrichment to Improve GWAS Power.	Hair color	approximately 452,000 European ancestry individuals	NA	1q43	1	240221023		FMN2			ENSG00000155816			rs9661140-?	rs9661140	0	9661140	intron_variant	0	NR	5E-10	9.301029995663981				NR [~ 8900000] (imputed)	N	strand of hair color	http://purl.obolibrary.org/obo/OBA_0002313	GCST007082	Genome-wide genotyping array
2019-02-08	30595370	Kichaev G	2018-12-27	Am J Hum Genet	www.ncbi.nlm.nih.gov/pubmed/30595370	Leveraging Polygenic Functional Enrichment to Improve GWAS Power.	Hair color	approximately 452,000 European ancestry individuals	NA	2p25.3	2	1638298		PXDN			ENSG00000130508			rs12714332-?	rs12714332	0	12714332	intron_variant	0	NR	4E-10	9.397940008672037				NR [~ 8900000] (imputed)	N	strand of hair color	http://purl.obolibrary.org/obo/OBA_0002313	GCST007082	Genome-wide genotyping array
2019-02-08	30595370	Kichaev G	2018-12-27	Am J Hum Genet	www.ncbi.nlm.nih.gov/pubmed/30595370	Leveraging Polygenic Functional Enrichment to Improve GWAS Power.	Hair color	approximately 452,000 European ancestry individuals	NA	2p24.1	2	20371870		PUM2 - SLC7A15P	ENSG00000055917	ENSG00000232800		19636	14516	rs11096659-?	rs11096659	0	11096659	intergenic_variant	1	NR	1E-12	12.0				NR [~ 8900000] (imputed)	N	strand of hair color	http://purl.obolibrary.org/obo/OBA_0002313	GCST007082	Genome-wide genotyping array
2019-02-08	30595370	Kichaev G	2018-12-27	Am J Hum Genet	www.ncbi.nlm.nih.gov/pubmed/30595370	Leveraging Polygenic Functional Enrichment to Improve GWAS Power.	Hair color	approximately 452,000 European ancestry individuals	NA	2p23.3	2	25182106		POMC - LINC01381	ENSG00000115138	ENSG00000230452		13203	22207	rs4665773-?	rs4665773	0	4665773	intergenic_variant	1	NR	3E-21	20.522878745280337				NR [~ 8900000] (imputed)	N	strand of hair color	http://purl.obolibrary.org/obo/OBA_0002313	GCST007082	Genome-wide genotyping array
2019-02-08	30595370	Kichaev G	2018-12-27	Am J Hum Genet	www.ncbi.nlm.nih.gov/pubmed/30595370	Leveraging Polygenic Functional Enrichment to Improve GWAS Power.	Hair color	approximately 452,000 European ancestry individuals	NA	2p23.3	2	25776342		ASXL2			ENSG00000143970			rs28562485-?	rs28562485	0	28562485	intron_variant	0	NR	6E-10	9.221848749616356				NR [~ 8900000] (imputed)	N	strand of hair color	http://purl.obolibrary.org/obo/OBA_0002313	GCST007082	Genome-wide genotyping array
2019-02-08	30595370	Kichaev G	2018-12-27	Am J Hum Genet	www.ncbi.nlm.nih.gov/pubmed/30595370	Leveraging Polygenic Functional Enrichment to Improve GWAS Power.	Hair color	approximately 452,000 European ancestry individuals	NA	2p23.3	2	27425859		PPM1G - NRBP1	ENSG00000115241	ENSG00000115216		16185	1931	rs4665978-?	rs4665978	0	4665978	intergenic_variant	1	NR	1E-15	15.0				NR [~ 8900000] (imputed)	N	strand of hair color	http://purl.obolibrary.org/obo/OBA_0002313	GCST007082	Genome-wide genotyping array
2019-02-08	30595370	Kichaev G	2018-12-27	Am J Hum Genet	www.ncbi.nlm.nih.gov/pubmed/30595370	Leveraging Polygenic Functional Enrichment to Improve GWAS Power.	Hair color	approximately 452,000 European ancestry individuals	NA	2p23.2	2	28390435		FOSL2-AS1			ENSG00000229951			rs71443018-?	rs71443018	0	71443018	intron_variant	0	NR	1E-212	212.0				NR [~ 8900000] (imputed)	N	strand of hair color	http://purl.obolibrary.org/obo/OBA_0002313	GCST007082	Genome-wide genotyping array
2019-02-08	30595370	Kichaev G	2018-12-27	Am J Hum Genet	www.ncbi.nlm.nih.gov/pubmed/30595370	Leveraging Polygenic Functional Enrichment to Improve GWAS Power.	Hair color	approximately 452,000 European ancestry individuals	NA	2p22.2	2	37640468		CDC42EP3-AS1			ENSG00000236213			rs1468663-?	rs1468663	0	1468663	intron_variant	0	NR	7E-9	8.154901959985743				NR [~ 8900000] (imputed)	N	strand of hair color	http://purl.obolibrary.org/obo/OBA_0002313	GCST007082	Genome-wide genotyping array
2019-02-08	30595370	Kichaev G	2018-12-27	Am J Hum Genet	www.ncbi.nlm.nih.gov/pubmed/30595370	Leveraging Polygenic Functional Enrichment to Improve GWAS Power.	Hair color	approximately 452,000 European ancestry individuals	NA	2p21	2	41918077		LINC01913 - LINC01914	ENSG00000214691	ENSG00000234362		24027	13522	rs2888814-?	rs2888814	0	2888814	intergenic_variant	1	NR	2E-60	59.69897000433602				NR [~ 8900000] (imputed)	N	strand of hair color	http://purl.obolibrary.org/obo/OBA_0002313	GCST007082	Genome-wide genotyping array
2019-02-08	30595370	Kichaev G	2018-12-27	Am J Hum Genet	www.ncbi.nlm.nih.gov/pubmed/30595370	Leveraging Polygenic Functional Enrichment to Improve GWAS Power.	Hair color	approximately 452,000 European ancestry individuals	NA	2p21	2	43389673		THADA			ENSG00000115970			rs6544650-?	rs6544650	0	6544650	intron_variant	0	NR	2E-14	13.698970004336019				NR [~ 8900000] (imputed)	N	strand of hair color	http://purl.obolibrary.org/obo/OBA_0002313	GCST007082	Genome-wide genotyping array
2019-02-08	30595370	Kichaev G	2018-12-27	Am J Hum Genet	www.ncbi.nlm.nih.gov/pubmed/30595370	Leveraging Polygenic Functional Enrichment to Improve GWAS Power.	Hair color	approximately 452,000 European ancestry individuals	NA	2p15	2	63400782		WDPCP			ENSG00000143951			rs2138793-?	rs2138793	0	2138793	intron_variant	0	NR	2E-9	8.698970004336019				NR [~ 8900000] (imputed)	N	strand of hair color	http://purl.obolibrary.org/obo/OBA_0002313	GCST007082	Genome-wide genotyping array
2019-02-08	30595370	Kichaev G	2018-12-27	Am J Hum Genet	www.ncbi.nlm.nih.gov/pubmed/30595370	Leveraging Polygenic Functional Enrichment to Improve GWAS Power.	Hair color	approximately 452,000 European ancestry individuals	NA	2p13.3	2	70324784		FAM136A - BRD7P6	ENSG00000035141	ENSG00000235289		22717	28226	rs2169838-?	rs2169838	0	2169838	intergenic_variant	1	NR	7E-11	10.154901959985743				NR [~ 8900000] (imputed)	N	strand of hair color	http://purl.obolibrary.org/obo/OBA_0002313	GCST007082	Genome-wide genotyping array
2019-02-08	30595370	Kichaev G	2018-12-27	Am J Hum Genet	www.ncbi.nlm.nih.gov/pubmed/30595370	Leveraging Polygenic Functional Enrichment to Improve GWAS Power.	Hair color	approximately 452,000 European ancestry individuals	NA	2p11.2	2	88279085		THNSL2 - MRPL45P1	ENSG00000144115	ENSG00000232508		92449	85610	rs56165474-?	rs56165474	0	56165474	intergenic_variant	1	NR	3E-23	22.522878745280337				NR [~ 8900000] (imputed)	N	strand of hair color	http://purl.obolibrary.org/obo/OBA_0002313	GCST007082	Genome-wide genotyping array
2019-02-08	30595370	Kichaev G	2018-12-27	Am J Hum Genet	www.ncbi.nlm.nih.gov/pubmed/30595370	Leveraging Polygenic Functional Enrichment to Improve GWAS Power.	Hair color	approximately 452,000 European ancestry individuals	NA	2q13	2	108989311		EDAR			ENSG00000135960			rs3749110-?	rs3749110	0	3749110	regulatory_region_variant	0	NR	5E-9	8.301029995663981				NR [~ 8900000] (imputed)	N	strand of hair color	http://purl.obolibrary.org/obo/OBA_0002313	GCST007082	Genome-wide genotyping array
2019-02-08	30595370	Kichaev G	2018-12-27	Am J Hum Genet	www.ncbi.nlm.nih.gov/pubmed/30595370	Leveraging Polygenic Functional Enrichment to Improve GWAS Power.	Hair color	approximately 452,000 European ancestry individuals	NA	2q14.2	2	118781406		LINC01956			ENSG00000258910			rs6716872-?	rs6716872	0	6716872	intron_variant	0	NR	1E-12	12.0				NR [~ 8900000] (imputed)	N	strand of hair color	http://purl.obolibrary.org/obo/OBA_0002313	GCST007082	Genome-wide genotyping array
2019-02-08	30595370	Kichaev G	2018-12-27	Am J Hum Genet	www.ncbi.nlm.nih.gov/pubmed/30595370	Leveraging Polygenic Functional Enrichment to Improve GWAS Power.	Hair color	approximately 452,000 European ancestry individuals	NA	2q14.2	2	120324027		RALB - INHBB	ENSG00000144118	ENSG00000163083		18727	22109	rs114153232-?	rs114153232	0	114153232	intron_variant	1	NR	2E-11	10.698970004336019				NR [~ 8900000] (imputed)	N	strand of hair color	http://purl.obolibrary.org/obo/OBA_0002313	GCST007082	Genome-wide genotyping array
2019-02-08	30595370	Kichaev G	2018-12-27	Am J Hum Genet	www.ncbi.nlm.nih.gov/pubmed/30595370	Leveraging Polygenic Functional Enrichment to Improve GWAS Power.	Hair color	approximately 452,000 European ancestry individuals	NA	2q21.3	2	134649839		TMEM163			ENSG00000152128			rs6739706-?	rs6739706	0	6739706	intron_variant	0	NR	1E-35	35.0				NR [~ 8900000] (imputed)	N	strand of hair color	http://purl.obolibrary.org/obo/OBA_0002313	GCST007082	Genome-wide genotyping array
2019-02-08	30595370	Kichaev G	2018-12-27	Am J Hum Genet	www.ncbi.nlm.nih.gov/pubmed/30595370	Leveraging Polygenic Functional Enrichment to Improve GWAS Power.	Hair color	approximately 452,000 European ancestry individuals	NA	2q31.1	2	176127129		HOXD-AS2			ENSG00000237380			rs71421546-?	rs71421546	0	71421546	intron_variant	0	NR	8E-17	16.096910013008056				NR [~ 8900000] (imputed)	N	strand of hair color	http://purl.obolibrary.org/obo/OBA_0002313	GCST007082	Genome-wide genotyping array
2019-02-08	30595370	Kichaev G	2018-12-27	Am J Hum Genet	www.ncbi.nlm.nih.gov/pubmed/30595370	Leveraging Polygenic Functional Enrichment to Improve GWAS Power.	Hair color	approximately 452,000 European ancestry individuals	NA	2q31.1	2	176738991		LINC01117			ENSG00000224577			rs12693099-?	rs12693099	0	12693099	intron_variant	0	NR	2E-10	9.698970004336019				NR [~ 8900000] (imputed)	N	strand of hair color	http://purl.obolibrary.org/obo/OBA_0002313	GCST007082	Genome-wide genotyping array
2019-02-08	30595370	Kichaev G	2018-12-27	Am J Hum Genet	www.ncbi.nlm.nih.gov/pubmed/30595370	Leveraging Polygenic Functional Enrichment to Improve GWAS Power.	Hair color	approximately 452,000 European ancestry individuals	NA	2q32.3	2	191231993		MYO1B-AS1			ENSG00000227542			rs12614848-?	rs12614848	0	12614848	intron_variant	0	NR	2E-15	14.698970004336019				NR [~ 8900000] (imputed)	N	strand of hair color	http://purl.obolibrary.org/obo/OBA_0002313	GCST007082	Genome-wide genotyping array
2019-02-08	30595370	Kichaev G	2018-12-27	Am J Hum Genet	www.ncbi.nlm.nih.gov/pubmed/30595370	Leveraging Polygenic Functional Enrichment to Improve GWAS Power.	Hair color	approximately 452,000 European ancestry individuals	NA	2q33.1	2	201975248		RNU6-440P - FZD7	ENSG00000212184	ENSG00000155760		47705	58607	rs12693954-?	rs12693954	0	12693954	intron_variant	1	NR	3E-19	18.522878745280337				NR [~ 8900000] (imputed)	N	strand of hair color	http://purl.obolibrary.org/obo/OBA_0002313	GCST007082	Genome-wide genotyping array
2019-02-08	30595370	Kichaev G	2018-12-27	Am J Hum Genet	www.ncbi.nlm.nih.gov/pubmed/30595370	Leveraging Polygenic Functional Enrichment to Improve GWAS Power.	Hair color	approximately 452,000 European ancestry individuals	NA	2q34	2	213218068		LINC01953 - SPAG16-DT	ENSG00000236193	ENSG00000196096		50344	48765	rs79651842-?	rs79651842	0	79651842	intron_variant	1	NR	9E-18	17.045757490560675				NR [~ 8900000] (imputed)	N	strand of hair color	http://purl.obolibrary.org/obo/OBA_0002313	GCST007082	Genome-wide genotyping array
2019-02-08	30595370	Kichaev G	2018-12-27	Am J Hum Genet	www.ncbi.nlm.nih.gov/pubmed/30595370	Leveraging Polygenic Functional Enrichment to Improve GWAS Power.	Hair color	approximately 452,000 European ancestry individuals	NA	2q35	2	217281357		TESHL			ENSG00000223874			rs17181956-?	rs17181956	0	17181956	intron_variant	0	NR	1E-8	8.0				NR [~ 8900000] (imputed)	N	strand of hair color	http://purl.obolibrary.org/obo/OBA_0002313	GCST007082	Genome-wide genotyping array
2019-02-08	30595370	Kichaev G	2018-12-27	Am J Hum Genet	www.ncbi.nlm.nih.gov/pubmed/30595370	Leveraging Polygenic Functional Enrichment to Improve GWAS Power.	Hair color	approximately 452,000 European ancestry individuals	NA	2q36.1	2	220848592		MIR4268 - EPHA4	ENSG00000266518	ENSG00000116106		942027	569435	rs728637-?	rs728637	0	728637	intergenic_variant	1	NR	3E-9	8.522878745280337				NR [~ 8900000] (imputed)	N	strand of hair color	http://purl.obolibrary.org/obo/OBA_0002313	GCST007082	Genome-wide genotyping array
2019-02-08	30595370	Kichaev G	2018-12-27	Am J Hum Genet	www.ncbi.nlm.nih.gov/pubmed/30595370	Leveraging Polygenic Functional Enrichment to Improve GWAS Power.	Hair color	approximately 452,000 European ancestry individuals	NA	2q36.1	2	221186699		MIR4268 - EPHA4	ENSG00000266518	ENSG00000116106		1280134	231328	rs10169459-?	rs10169459	0	10169459	intergenic_variant	1	NR	1E-186	186.0				NR [~ 8900000] (imputed)	N	strand of hair color	http://purl.obolibrary.org/obo/OBA_0002313	GCST007082	Genome-wide genotyping array
2019-02-08	30595370	Kichaev G	2018-12-27	Am J Hum Genet	www.ncbi.nlm.nih.gov/pubmed/30595370	Leveraging Polygenic Functional Enrichment to Improve GWAS Power.	Hair color	approximately 452,000 European ancestry individuals	NA	2q36.1	2	221272595		MIR4268 - EPHA4	ENSG00000266518	ENSG00000116106		1366030	145432	rs145106904-?	rs145106904	0	145106904	intergenic_variant	1	NR	6E-11	10.221848749616356				NR [~ 8900000] (imputed)	N	strand of hair color	http://purl.obolibrary.org/obo/OBA_0002313	GCST007082	Genome-wide genotyping array
2019-02-08	30595370	Kichaev G	2018-12-27	Am J Hum Genet	www.ncbi.nlm.nih.gov/pubmed/30595370	Leveraging Polygenic Functional Enrichment to Improve GWAS Power.	Hair color	approximately 452,000 European ancestry individuals	NA	2q36.1	2	221412266		MIR4268 - EPHA4	ENSG00000266518	ENSG00000116106		1505701	5761	rs148015825-?	rs148015825	0	148015825	intergenic_variant	1	NR	2E-14	13.698970004336019				NR [~ 8900000] (imputed)	N	strand of hair color	http://purl.obolibrary.org/obo/OBA_0002313	GCST007082	Genome-wide genotyping array
2019-02-08	30595370	Kichaev G	2018-12-27	Am J Hum Genet	www.ncbi.nlm.nih.gov/pubmed/30595370	Leveraging Polygenic Functional Enrichment to Improve GWAS Power.	Hair color	approximately 452,000 European ancestry individuals	NA	2q36.1	2	221523894		EPHA4			ENSG00000116106			rs11900971-?	rs11900971	0	11900971	intron_variant	0	NR	1E-27	27.0				NR [~ 8900000] (imputed)	N	strand of hair color	http://purl.obolibrary.org/obo/OBA_0002313	GCST007082	Genome-wide genotyping array
2019-02-08	30595370	Kichaev G	2018-12-27	Am J Hum Genet	www.ncbi.nlm.nih.gov/pubmed/30595370	Leveraging Polygenic Functional Enrichment to Improve GWAS Power.	Hair color	approximately 452,000 European ancestry individuals	NA	2q36.1	2	222160336		RPL23AP28 - PAX3	ENSG00000226331	ENSG00000135903		115342	39551	rs116254882-?	rs116254882	0	116254882	intergenic_variant	1	NR	1E-34	34.0				NR [~ 8900000] (imputed)	N	strand of hair color	http://purl.obolibrary.org/obo/OBA_0002313	GCST007082	Genome-wide genotyping array
2019-02-08	30595370	Kichaev G	2018-12-27	Am J Hum Genet	www.ncbi.nlm.nih.gov/pubmed/30595370	Leveraging Polygenic Functional Enrichment to Improve GWAS Power.	Hair color	approximately 452,000 European ancestry individuals	NA	2q36.1	2	222294400		PAX3			ENSG00000135903			rs2303948-?	rs2303948	0	2303948	intron_variant	0	NR	2E-14	13.698970004336019				NR [~ 8900000] (imputed)	N	strand of hair color	http://purl.obolibrary.org/obo/OBA_0002313	GCST007082	Genome-wide genotyping array
2019-02-08	30595370	Kichaev G	2018-12-27	Am J Hum Genet	www.ncbi.nlm.nih.gov/pubmed/30595370	Leveraging Polygenic Functional Enrichment to Improve GWAS Power.	Hair color	approximately 452,000 European ancestry individuals	NA	2q36.2	2	225070544		DOCK10 - NYAP2	ENSG00000135905	ENSG00000144460		28076	329166	rs6760820-?	rs6760820	0	6760820	intergenic_variant	1	NR	3E-8	7.522878745280337				NR [~ 8900000] (imputed)	N	strand of hair color	http://purl.obolibrary.org/obo/OBA_0002313	GCST007082	Genome-wide genotyping array
2019-02-08	30595370	Kichaev G	2018-12-27	Am J Hum Genet	www.ncbi.nlm.nih.gov/pubmed/30595370	Leveraging Polygenic Functional Enrichment to Improve GWAS Power.	Hair color	approximately 452,000 European ancestry individuals	NA	2q37.1	2	232887929		NGEF			ENSG00000066248			rs2250665-?	rs2250665	0	2250665	intron_variant	0	NR	1E-7	7.0				NR [~ 8900000] (imputed)	N	strand of hair color	http://purl.obolibrary.org/obo/OBA_0002313	GCST007082	Genome-wide genotyping array
2019-02-08	30595370	Kichaev G	2018-12-27	Am J Hum Genet	www.ncbi.nlm.nih.gov/pubmed/30595370	Leveraging Polygenic Functional Enrichment to Improve GWAS Power.	Hair color	approximately 452,000 European ancestry individuals	NA	2q37.3	2	238787252		LINC01937 - TWIST2	ENSG00000234279	ENSG00000233608		45490	60780	rs11684254-?	rs11684254	0	11684254	regulatory_region_variant	1	NR	9E-34	33.045757490560675				NR [~ 8900000] (imputed)	N	strand of hair color	http://purl.obolibrary.org/obo/OBA_0002313	GCST007082	Genome-wide genotyping array
2019-02-08	30595370	Kichaev G	2018-12-27	Am J Hum Genet	www.ncbi.nlm.nih.gov/pubmed/30595370	Leveraging Polygenic Functional Enrichment to Improve GWAS Power.	Hair color	approximately 452,000 European ancestry individuals	NA	2q37.3	2	239028127		LINC01940 - HDAC4	ENSG00000227744	ENSG00000068024		101858	20041	rs12185725-?	rs12185725	0	12185725	intergenic_variant	1	NR	1E-10	10.0				NR [~ 8900000] (imputed)	N	strand of hair color	http://purl.obolibrary.org/obo/OBA_0002313	GCST007082	Genome-wide genotyping array
2019-02-08	30595370	Kichaev G	2018-12-27	Am J Hum Genet	www.ncbi.nlm.nih.gov/pubmed/30595370	Leveraging Polygenic Functional Enrichment to Improve GWAS Power.	Hair color	approximately 452,000 European ancestry individuals	NA	3p26.3	3	210661		CHL1			ENSG00000134121			rs4685448-?	rs4685448	0	4685448	intron_variant	0	NR	8E-14	13.096910013008056				NR [~ 8900000] (imputed)	N	strand of hair color	http://purl.obolibrary.org/obo/OBA_0002313	GCST007082	Genome-wide genotyping array
2019-02-08	30595370	Kichaev G	2018-12-27	Am J Hum Genet	www.ncbi.nlm.nih.gov/pubmed/30595370	Leveraging Polygenic Functional Enrichment to Improve GWAS Power.	Hair color	approximately 452,000 European ancestry individuals	NA	3p25.2	3	11619292		VGLL4			ENSG00000144560			rs2437689-?	rs2437689	0	2437689	intron_variant	0	NR	8E-16	15.096910013008056				NR [~ 8900000] (imputed)	N	strand of hair color	http://purl.obolibrary.org/obo/OBA_0002313	GCST007082	Genome-wide genotyping array
2019-02-08	30595370	Kichaev G	2018-12-27	Am J Hum Genet	www.ncbi.nlm.nih.gov/pubmed/30595370	Leveraging Polygenic Functional Enrichment to Improve GWAS Power.	Hair color	approximately 452,000 European ancestry individuals	NA	3p25.2	3	12648844		RAF1			ENSG00000132155			rs1874942-?	rs1874942	0	1874942	intron_variant	0	NR	7E-10	9.154901959985743				NR [~ 8900000] (imputed)	N	strand of hair color	http://purl.obolibrary.org/obo/OBA_0002313	GCST007082	Genome-wide genotyping array
2019-02-08	30595370	Kichaev G	2018-12-27	Am J Hum Genet	www.ncbi.nlm.nih.gov/pubmed/30595370	Leveraging Polygenic Functional Enrichment to Improve GWAS Power.	Hair color	approximately 452,000 European ancestry individuals	NA	3p24.2	3	24363468		THRB			ENSG00000151090			rs62255389-?	rs62255389	0	62255389	intron_variant	0	NR	6E-9	8.221848749616356				NR [~ 8900000] (imputed)	N	strand of hair color	http://purl.obolibrary.org/obo/OBA_0002313	GCST007082	Genome-wide genotyping array
2019-02-08	30595370	Kichaev G	2018-12-27	Am J Hum Genet	www.ncbi.nlm.nih.gov/pubmed/30595370	Leveraging Polygenic Functional Enrichment to Improve GWAS Power.	Hair color	approximately 452,000 European ancestry individuals	NA	3p21.31	3	48694528		IP6K2			ENSG00000068745			rs72929172-?	rs72929172	0	72929172	3_prime_UTR_variant	0	NR	9E-10	9.045757490560675				NR [~ 8900000] (imputed)	N	strand of hair color	http://purl.obolibrary.org/obo/OBA_0002313	GCST007082	Genome-wide genotyping array
2019-02-08	30595370	Kichaev G	2018-12-27	Am J Hum Genet	www.ncbi.nlm.nih.gov/pubmed/30595370	Leveraging Polygenic Functional Enrichment to Improve GWAS Power.	Hair color	approximately 452,000 European ancestry individuals	NA	3p14.1	3	66738577		RPL21P41 - KBTBD8	ENSG00000214560	ENSG00000163376		101165	259730	rs754821-?	rs754821	0	754821	intergenic_variant	1	NR	4E-8	7.3979400086720375				NR [~ 8900000] (imputed)	N	strand of hair color	http://purl.obolibrary.org/obo/OBA_0002313	GCST007082	Genome-wide genotyping array
2019-02-08	30595370	Kichaev G	2018-12-27	Am J Hum Genet	www.ncbi.nlm.nih.gov/pubmed/30595370	Leveraging Polygenic Functional Enrichment to Improve GWAS Power.	Hair color	approximately 452,000 European ancestry individuals	NA	3p13	3	69783083		MITF			ENSG00000187098			rs11716109-?	rs11716109	0	11716109	intron_variant	0	NR	3E-16	15.522878745280337				NR [~ 8900000] (imputed)	N	strand of hair color	http://purl.obolibrary.org/obo/OBA_0002313	GCST007082	Genome-wide genotyping array
2019-02-08	30595370	Kichaev G	2018-12-27	Am J Hum Genet	www.ncbi.nlm.nih.gov/pubmed/30595370	Leveraging Polygenic Functional Enrichment to Improve GWAS Power.	Hair color	approximately 452,000 European ancestry individuals	NA	3p13	3	71661118		FOXP1-DT - EIF4E3	ENSG00000270562	ENSG00000163412		73709	14296	rs704278-?	rs704278	0	704278	intron_variant	1	NR	2E-10	9.698970004336019				NR [~ 8900000] (imputed)	N	strand of hair color	http://purl.obolibrary.org/obo/OBA_0002313	GCST007082	Genome-wide genotyping array
2019-02-08	30595370	Kichaev G	2018-12-27	Am J Hum Genet	www.ncbi.nlm.nih.gov/pubmed/30595370	Leveraging Polygenic Functional Enrichment to Improve GWAS Power.	Hair color	approximately 452,000 European ancestry individuals	NA	3p13	3	72348128		LINC00877 - RYBP	ENSG00000241163	ENSG00000163602		68182	23697	rs9809116-?	rs9809116	0	9809116	regulatory_region_variant	1	NR	4E-11	10.397940008672037				NR [~ 8900000] (imputed)	N	strand of hair color	http://purl.obolibrary.org/obo/OBA_0002313	GCST007082	Genome-wide genotyping array
2019-02-08	30595370	Kichaev G	2018-12-27	Am J Hum Genet	www.ncbi.nlm.nih.gov/pubmed/30595370	Leveraging Polygenic Functional Enrichment to Improve GWAS Power.	Hair color	approximately 452,000 European ancestry individuals	NA	3p13	3	73813465		LINC02005			ENSG00000242741			rs586936-?	rs586936	0	586936	intron_variant	0	NR	3E-12	11.522878745280337				NR [~ 8900000] (imputed)	N	strand of hair color	http://purl.obolibrary.org/obo/OBA_0002313	GCST007082	Genome-wide genotyping array
2019-02-08	30595370	Kichaev G	2018-12-27	Am J Hum Genet	www.ncbi.nlm.nih.gov/pubmed/30595370	Leveraging Polygenic Functional Enrichment to Improve GWAS Power.	Hair color	approximately 452,000 European ancestry individuals	NA	3q21.1	3	122807969		SLC49A4			ENSG00000138463			rs9847240-?	rs9847240	0	9847240	intron_variant	0	NR	3E-62	61.52287874528034				NR [~ 8900000] (imputed)	N	strand of hair color	http://purl.obolibrary.org/obo/OBA_0002313	GCST007082	Genome-wide genotyping array
2019-02-08	30595370	Kichaev G	2018-12-27	Am J Hum Genet	www.ncbi.nlm.nih.gov/pubmed/30595370	Leveraging Polygenic Functional Enrichment to Improve GWAS Power.	Hair color	approximately 452,000 European ancestry individuals	NA	3q21.3	3	126274431		ALDH1L1-AS2 - KLF15	ENSG00000246022	ENSG00000163884		64262	68204	rs115182912-?	rs115182912	0	115182912	intron_variant	1	NR	8E-11	10.096910013008056				NR [~ 8900000] (imputed)	N	strand of hair color	http://purl.obolibrary.org/obo/OBA_0002313	GCST007082	Genome-wide genotyping array
2019-02-08	30595370	Kichaev G	2018-12-27	Am J Hum Genet	www.ncbi.nlm.nih.gov/pubmed/30595370	Leveraging Polygenic Functional Enrichment to Improve GWAS Power.	Hair color	approximately 452,000 European ancestry individuals	NA	3q21.3	3	126972261		CHCHD6 - PLXNA1	ENSG00000159685	ENSG00000114554		11841	10432	rs61263161-?	rs61263161	0	61263161	intron_variant	1	NR	1E-10	10.0				NR [~ 8900000] (imputed)	N	strand of hair color	http://purl.obolibrary.org/obo/OBA_0002313	GCST007082	Genome-wide genotyping array
2019-02-08	30595370	Kichaev G	2018-12-27	Am J Hum Genet	www.ncbi.nlm.nih.gov/pubmed/30595370	Leveraging Polygenic Functional Enrichment to Improve GWAS Power.	Hair color	approximately 452,000 European ancestry individuals	NA	3q22.3	3	138339061		NME9 - MRAS	ENSG00000181322	ENSG00000158186		7707	8587	rs2054468-?	rs2054468	0	2054468	regulatory_region_variant	1	NR	2E-12	11.698970004336019				NR [~ 8900000] (imputed)	N	strand of hair color	http://purl.obolibrary.org/obo/OBA_0002313	GCST007082	Genome-wide genotyping array
2019-02-08	30595370	Kichaev G	2018-12-27	Am J Hum Genet	www.ncbi.nlm.nih.gov/pubmed/30595370	Leveraging Polygenic Functional Enrichment to Improve GWAS Power.	Hair color	approximately 452,000 European ancestry individuals	NA	3q23	3	141406863		ZBTB38			ENSG00000177311			rs1344672-?	rs1344672	0	1344672	intron_variant	0	NR	7E-92	91.15490195998575				NR [~ 8900000] (imputed)	N	strand of hair color	http://purl.obolibrary.org/obo/OBA_0002313	GCST007082	Genome-wide genotyping array
2019-02-08	30595370	Kichaev G	2018-12-27	Am J Hum Genet	www.ncbi.nlm.nih.gov/pubmed/30595370	Leveraging Polygenic Functional Enrichment to Improve GWAS Power.	Hair color	approximately 452,000 European ancestry individuals	NA	3q23	3	141616263		RASA2 - LRRC78P	ENSG00000155903	ENSG00000242104		918	46829	rs79228062-?	rs79228062	0	79228062	intergenic_variant	1	NR	1E-11	11.0				NR [~ 8900000] (imputed)	N	strand of hair color	http://purl.obolibrary.org/obo/OBA_0002313	GCST007082	Genome-wide genotyping array
2019-02-08	30595370	Kichaev G	2018-12-27	Am J Hum Genet	www.ncbi.nlm.nih.gov/pubmed/30595370	Leveraging Polygenic Functional Enrichment to Improve GWAS Power.	Hair color	approximately 452,000 European ancestry individuals	NA	3q23	3	141913980		ATP1B3			ENSG00000069849			rs2288634-?	rs2288634	0	2288634	intron_variant	0	NR	9E-22	21.045757490560675				NR [~ 8900000] (imputed)	N	strand of hair color	http://purl.obolibrary.org/obo/OBA_0002313	GCST007082	Genome-wide genotyping array
2019-02-08	30595370	Kichaev G	2018-12-27	Am J Hum Genet	www.ncbi.nlm.nih.gov/pubmed/30595370	Leveraging Polygenic Functional Enrichment to Improve GWAS Power.	Hair color	approximately 452,000 European ancestry individuals	NA	3q25.1	3	151396809		MED12L			ENSG00000144893			rs76553065-?	rs76553065	0	76553065	intron_variant	0	NR	4E-8	7.3979400086720375				NR [~ 8900000] (imputed)	N	strand of hair color	http://purl.obolibrary.org/obo/OBA_0002313	GCST007082	Genome-wide genotyping array
2019-02-08	30595370	Kichaev G	2018-12-27	Am J Hum Genet	www.ncbi.nlm.nih.gov/pubmed/30595370	Leveraging Polygenic Functional Enrichment to Improve GWAS Power.	Hair color	approximately 452,000 European ancestry individuals	NA	3q25.1	3	152186401		LINC02917			ENSG00000239941			rs323610-?	rs323610	0	323610	intron_variant	0	NR	4E-14	13.397940008672037				NR [~ 8900000] (imputed)	N	strand of hair color	http://purl.obolibrary.org/obo/OBA_0002313	GCST007082	Genome-wide genotyping array
2019-02-08	30595370	Kichaev G	2018-12-27	Am J Hum Genet	www.ncbi.nlm.nih.gov/pubmed/30595370	Leveraging Polygenic Functional Enrichment to Improve GWAS Power.	Hair color	approximately 452,000 European ancestry individuals	NA	3q25.2	3	154206995		ARHGEF26			ENSG00000114790			rs453699-?	rs453699	0	453699	intron_variant	0	NR	2E-8	7.698970004336019				NR [~ 8900000] (imputed)	N	strand of hair color	http://purl.obolibrary.org/obo/OBA_0002313	GCST007082	Genome-wide genotyping array
2019-02-08	30595370	Kichaev G	2018-12-27	Am J Hum Genet	www.ncbi.nlm.nih.gov/pubmed/30595370	Leveraging Polygenic Functional Enrichment to Improve GWAS Power.	Hair color	approximately 452,000 European ancestry individuals	NA	3q26.31	3	171320648		TNIK			ENSG00000154310			rs9829436-?	rs9829436	0	9829436	intron_variant	0	NR	2E-13	12.698970004336019				NR [~ 8900000] (imputed)	N	strand of hair color	http://purl.obolibrary.org/obo/OBA_0002313	GCST007082	Genome-wide genotyping array
2019-02-08	30595370	Kichaev G	2018-12-27	Am J Hum Genet	www.ncbi.nlm.nih.gov/pubmed/30595370	Leveraging Polygenic Functional Enrichment to Improve GWAS Power.	Hair color	approximately 452,000 European ancestry individuals	NA	3q26.33	3	181803709		SOX2-OT			ENSG00000242808			rs60733335-?	rs60733335	0	60733335	intergenic_variant	0	NR	5E-11	10.301029995663981				NR [~ 8900000] (imputed)	N	strand of hair color	http://purl.obolibrary.org/obo/OBA_0002313	GCST007082	Genome-wide genotyping array
2019-02-08	30595370	Kichaev G	2018-12-27	Am J Hum Genet	www.ncbi.nlm.nih.gov/pubmed/30595370	Leveraging Polygenic Functional Enrichment to Improve GWAS Power.	Hair color	approximately 452,000 European ancestry individuals	NA	3q28	3	189816832		TP63			ENSG00000073282			rs11720810-?	rs11720810	0	11720810	intron_variant	0	NR	5E-9	8.301029995663981				NR [~ 8900000] (imputed)	N	strand of hair color	http://purl.obolibrary.org/obo/OBA_0002313	GCST007082	Genome-wide genotyping array
2019-02-08	30595370	Kichaev G	2018-12-27	Am J Hum Genet	www.ncbi.nlm.nih.gov/pubmed/30595370	Leveraging Polygenic Functional Enrichment to Improve GWAS Power.	Hair color	approximately 452,000 European ancestry individuals	NA	4p16.3	4	4387147		NSG1			ENSG00000168824			rs10015223-?	rs10015223	0	10015223	5_prime_UTR_variant	0	NR	3E-15	14.522878745280337				NR [~ 8900000] (imputed)	N	strand of hair color	http://purl.obolibrary.org/obo/OBA_0002313	GCST007082	Genome-wide genotyping array
2019-02-08	30595370	Kichaev G	2018-12-27	Am J Hum Genet	www.ncbi.nlm.nih.gov/pubmed/30595370	Leveraging Polygenic Functional Enrichment to Improve GWAS Power.	Hair color	approximately 452,000 European ancestry individuals	NA	4q12	4	53660945		LNX1			ENSG00000072201			rs2054407-?	rs2054407	0	2054407	intron_variant	0	NR	8E-8	7.096910013008056				NR [~ 8900000] (imputed)	N	strand of hair color	http://purl.obolibrary.org/obo/OBA_0002313	GCST007082	Genome-wide genotyping array
2019-02-08	30595370	Kichaev G	2018-12-27	Am J Hum Genet	www.ncbi.nlm.nih.gov/pubmed/30595370	Leveraging Polygenic Functional Enrichment to Improve GWAS Power.	Hair color	approximately 452,000 European ancestry individuals	NA	4q13.3	4	73576632		RASSF6			ENSG00000169435			rs17804499-?	rs17804499	0	17804499	missense_variant	0	NR	8E-11	10.096910013008056				NR [~ 8900000] (imputed)	N	strand of hair color	http://purl.obolibrary.org/obo/OBA_0002313	GCST007082	Genome-wide genotyping array
2019-02-08	30595370	Kichaev G	2018-12-27	Am J Hum Genet	www.ncbi.nlm.nih.gov/pubmed/30595370	Leveraging Polygenic Functional Enrichment to Improve GWAS Power.	Hair color	approximately 452,000 European ancestry individuals	NA	4q13.3	4	74462762		AREG - BTC	ENSG00000109321	ENSG00000174808		7757	281997	rs1874202-?	rs1874202	0	1874202	intergenic_variant	1	NR	4E-35	34.39794000867204				NR [~ 8900000] (imputed)	N	strand of hair color	http://purl.obolibrary.org/obo/OBA_0002313	GCST007082	Genome-wide genotyping array
2019-02-08	30595370	Kichaev G	2018-12-27	Am J Hum Genet	www.ncbi.nlm.nih.gov/pubmed/30595370	Leveraging Polygenic Functional Enrichment to Improve GWAS Power.	Hair color	approximately 452,000 European ancestry individuals	NA	4q21.1	4	76587987		SHROOM3			ENSG00000138771			rs4413433-?	rs4413433	0	4413433	intron_variant	0	NR	1E-12	12.0				NR [~ 8900000] (imputed)	N	strand of hair color	http://purl.obolibrary.org/obo/OBA_0002313	GCST007082	Genome-wide genotyping array
2019-02-08	30595370	Kichaev G	2018-12-27	Am J Hum Genet	www.ncbi.nlm.nih.gov/pubmed/30595370	Leveraging Polygenic Functional Enrichment to Improve GWAS Power.	Hair color	approximately 452,000 European ancestry individuals	NA	4q21.21	4	78358647		FRAS1			ENSG00000138759			rs440095-?	rs440095	0	440095	intron_variant	0	NR	2E-57	56.69897000433602				NR [~ 8900000] (imputed)	N	strand of hair color	http://purl.obolibrary.org/obo/OBA_0002313	GCST007082	Genome-wide genotyping array
2019-02-08	30595370	Kichaev G	2018-12-27	Am J Hum Genet	www.ncbi.nlm.nih.gov/pubmed/30595370	Leveraging Polygenic Functional Enrichment to Improve GWAS Power.	Hair color	approximately 452,000 European ancestry individuals	NA	4q21.21	4	80278812		FGF5			ENSG00000138675			rs1458046-?	rs1458046	0	1458046	intron_variant	0	NR	8E-30	29.096910013008056				NR [~ 8900000] (imputed)	N	strand of hair color	http://purl.obolibrary.org/obo/OBA_0002313	GCST007082	Genome-wide genotyping array
2019-02-08	30595370	Kichaev G	2018-12-27	Am J Hum Genet	www.ncbi.nlm.nih.gov/pubmed/30595370	Leveraging Polygenic Functional Enrichment to Improve GWAS Power.	Hair color	approximately 452,000 European ancestry individuals	NA	4q21.21	4	80740272		CFAP299			ENSG00000197826			rs72661730-?	rs72661730	0	72661730	intron_variant	0	NR	3E-72	71.52287874528034				NR [~ 8900000] (imputed)	N	strand of hair color	http://purl.obolibrary.org/obo/OBA_0002313	GCST007082	Genome-wide genotyping array
2019-02-08	30595370	Kichaev G	2018-12-27	Am J Hum Genet	www.ncbi.nlm.nih.gov/pubmed/30595370	Leveraging Polygenic Functional Enrichment to Improve GWAS Power.	Hair color	approximately 452,000 European ancestry individuals	NA	4q21.23	4	85679939		ARHGAP24			ENSG00000138639			rs1482099-?	rs1482099	0	1482099	intron_variant	0	NR	6E-30	29.221848749616356				NR [~ 8900000] (imputed)	N	strand of hair color	http://purl.obolibrary.org/obo/OBA_0002313	GCST007082	Genome-wide genotyping array
2019-02-08	30595370	Kichaev G	2018-12-27	Am J Hum Genet	www.ncbi.nlm.nih.gov/pubmed/30595370	Leveraging Polygenic Functional Enrichment to Improve GWAS Power.	Hair color	approximately 452,000 European ancestry individuals	NA	4q21.23	4	85831651		ARHGAP24			ENSG00000138639			rs4693741-?	rs4693741	0	4693741	intron_variant	0	NR	6E-9	8.221848749616356				NR [~ 8900000] (imputed)	N	strand of hair color	http://purl.obolibrary.org/obo/OBA_0002313	GCST007082	Genome-wide genotyping array
2019-02-08	30595370	Kichaev G	2018-12-27	Am J Hum Genet	www.ncbi.nlm.nih.gov/pubmed/30595370	Leveraging Polygenic Functional Enrichment to Improve GWAS Power.	Hair color	approximately 452,000 European ancestry individuals	NA	4q24	4	104895741		RPL6P14 - RNU6-351P	ENSG00000244470	ENSG00000251906		8786	78931	rs9998015-?	rs9998015	0	9998015	intron_variant	1	NR	6E-23	22.221848749616356				NR [~ 8900000] (imputed)	N	strand of hair color	http://purl.obolibrary.org/obo/OBA_0002313	GCST007082	Genome-wide genotyping array
2019-02-08	30595370	Kichaev G	2018-12-27	Am J Hum Genet	www.ncbi.nlm.nih.gov/pubmed/30595370	Leveraging Polygenic Functional Enrichment to Improve GWAS Power.	Hair color	approximately 452,000 European ancestry individuals	NA	4q25	4	108003401		HADH			ENSG00000138796			rs170240-?	rs170240	0	170240	intron_variant	0	NR	5E-12	11.301029995663981				NR [~ 8900000] (imputed)	N	strand of hair color	http://purl.obolibrary.org/obo/OBA_0002313	GCST007082	Genome-wide genotyping array
2019-02-08	30595370	Kichaev G	2018-12-27	Am J Hum Genet	www.ncbi.nlm.nih.gov/pubmed/30595370	Leveraging Polygenic Functional Enrichment to Improve GWAS Power.	Hair color	approximately 452,000 European ancestry individuals	NA	4q25	4	108163945		LEF1			ENSG00000138795			rs72660443-?	rs72660443	0	72660443	intron_variant	0	NR	1E-17	17.0				NR [~ 8900000] (imputed)	N	strand of hair color	http://purl.obolibrary.org/obo/OBA_0002313	GCST007082	Genome-wide genotyping array
2019-02-08	30595370	Kichaev G	2018-12-27	Am J Hum Genet	www.ncbi.nlm.nih.gov/pubmed/30595370	Leveraging Polygenic Functional Enrichment to Improve GWAS Power.	Hair color	approximately 452,000 European ancestry individuals	NA	4q25	4	108327206		LEF1-AS1 - RPSAP34	ENSG00000232021	ENSG00000239939		21549	80637	rs11097978-?	rs11097978	0	11097978	intron_variant	1	NR	1E-15	15.0				NR [~ 8900000] (imputed)	N	strand of hair color	http://purl.obolibrary.org/obo/OBA_0002313	GCST007082	Genome-wide genotyping array
2019-02-08	30595370	Kichaev G	2018-12-27	Am J Hum Genet	www.ncbi.nlm.nih.gov/pubmed/30595370	Leveraging Polygenic Functional Enrichment to Improve GWAS Power.	Hair color	approximately 452,000 European ancestry individuals	NA	4q25	4	108429724		EXOC7P1 - RPL34-DT	ENSG00000250485	ENSG00000234492		9961	108466	rs219493-?	rs219493	0	219493	intergenic_variant	1	NR	9E-38	37.045757490560675				NR [~ 8900000] (imputed)	N	strand of hair color	http://purl.obolibrary.org/obo/OBA_0002313	GCST007082	Genome-wide genotyping array
2019-02-08	30595370	Kichaev G	2018-12-27	Am J Hum Genet	www.ncbi.nlm.nih.gov/pubmed/30595370	Leveraging Polygenic Functional Enrichment to Improve GWAS Power.	Hair color	approximately 452,000 European ancestry individuals	NA	4q25	4	108561329		RPL34-DT			ENSG00000234492			rs1436501-?	rs1436501	0	1436501	intron_variant	0	NR	5E-23	22.30102999566398				NR [~ 8900000] (imputed)	N	strand of hair color	http://purl.obolibrary.org/obo/OBA_0002313	GCST007082	Genome-wide genotyping array
2019-02-08	30595370	Kichaev G	2018-12-27	Am J Hum Genet	www.ncbi.nlm.nih.gov/pubmed/30595370	Leveraging Polygenic Functional Enrichment to Improve GWAS Power.	Hair color	approximately 452,000 European ancestry individuals	NA	4q31.1	4	138512313		LINC00499			ENSG00000251372			rs299118-?	rs299118	0	299118	intron_variant	0	NR	3E-13	12.522878745280337				NR [~ 8900000] (imputed)	N	strand of hair color	http://purl.obolibrary.org/obo/OBA_0002313	GCST007082	Genome-wide genotyping array
2019-02-08	30595370	Kichaev G	2018-12-27	Am J Hum Genet	www.ncbi.nlm.nih.gov/pubmed/30595370	Leveraging Polygenic Functional Enrichment to Improve GWAS Power.	Hair color	approximately 452,000 European ancestry individuals	NA	4q31.21	4	144584486		KRT18P51 - HHIP-AS1	ENSG00000250504	ENSG00000248890		11503	58430	rs10013495-?	rs10013495	0	10013495	intron_variant	1	NR	4E-11	10.397940008672037				NR [~ 8900000] (imputed)	N	strand of hair color	http://purl.obolibrary.org/obo/OBA_0002313	GCST007082	Genome-wide genotyping array
2019-02-08	30595370	Kichaev G	2018-12-27	Am J Hum Genet	www.ncbi.nlm.nih.gov/pubmed/30595370	Leveraging Polygenic Functional Enrichment to Improve GWAS Power.	Hair color	approximately 452,000 European ancestry individuals	NA	4q31.23	4	148884525		ATP5MGP4 - RNU7-197P	ENSG00000225176	ENSG00000239168		180693	107047	rs72719803-?	rs72719803	0	72719803	intron_variant	1	NR	5E-14	13.301029995663981				NR [~ 8900000] (imputed)	N	strand of hair color	http://purl.obolibrary.org/obo/OBA_0002313	GCST007082	Genome-wide genotyping array
2019-02-08	30595370	Kichaev G	2018-12-27	Am J Hum Genet	www.ncbi.nlm.nih.gov/pubmed/30595370	Leveraging Polygenic Functional Enrichment to Improve GWAS Power.	Hair color	approximately 452,000 European ancestry individuals	NA	4q35.1	4	185243214		SNX25			ENSG00000109762			rs35745736-?	rs35745736	0	35745736	intron_variant	0	NR	8E-8	7.096910013008056				NR [~ 8900000] (imputed)	N	strand of hair color	http://purl.obolibrary.org/obo/OBA_0002313	GCST007082	Genome-wide genotyping array
2019-02-08	30595370	Kichaev G	2018-12-27	Am J Hum Genet	www.ncbi.nlm.nih.gov/pubmed/30595370	Leveraging Polygenic Functional Enrichment to Improve GWAS Power.	Hair color	approximately 452,000 European ancestry individuals	NA	5p13.2	5	33849568		ADAMTS12			ENSG00000151388			rs111217601-?	rs111217601	0	111217601	intron_variant	0	NR	3E-40	39.52287874528034				NR [~ 8900000] (imputed)	N	strand of hair color	http://purl.obolibrary.org/obo/OBA_0002313	GCST007082	Genome-wide genotyping array
2019-02-08	30595370	Kichaev G	2018-12-27	Am J Hum Genet	www.ncbi.nlm.nih.gov/pubmed/30595370	Leveraging Polygenic Functional Enrichment to Improve GWAS Power.	Hair color	approximately 452,000 European ancestry individuals	NA	5p13.2	5	33945697		SLC45A2			ENSG00000164175			rs993459-?	rs993459	0	993459	intron_variant	0	NR	1E-300	300.0				NR [~ 8900000] (imputed)	N	strand of hair color	http://purl.obolibrary.org/obo/OBA_0002313	GCST007082	Genome-wide genotyping array
2019-02-08	30595370	Kichaev G	2018-12-27	Am J Hum Genet	www.ncbi.nlm.nih.gov/pubmed/30595370	Leveraging Polygenic Functional Enrichment to Improve GWAS Power.	Hair color	approximately 452,000 European ancestry individuals	NA	5p13.2	5	34753017		RAI14			ENSG00000039560			rs6893700-?	rs6893700	0	6893700	intron_variant	0	NR	8E-10	9.096910013008056				NR [~ 8900000] (imputed)	N	strand of hair color	http://purl.obolibrary.org/obo/OBA_0002313	GCST007082	Genome-wide genotyping array
2019-02-08	30595370	Kichaev G	2018-12-27	Am J Hum Genet	www.ncbi.nlm.nih.gov/pubmed/30595370	Leveraging Polygenic Functional Enrichment to Improve GWAS Power.	Hair color	approximately 452,000 European ancestry individuals	NA	5p13.2	5	36646092		SLC1A3			ENSG00000079215			rs3776573-?	rs3776573	0	3776573	intron_variant	0	NR	3E-10	9.522878745280337				NR [~ 8900000] (imputed)	N	strand of hair color	http://purl.obolibrary.org/obo/OBA_0002313	GCST007082	Genome-wide genotyping array
2019-02-08	30595370	Kichaev G	2018-12-27	Am J Hum Genet	www.ncbi.nlm.nih.gov/pubmed/30595370	Leveraging Polygenic Functional Enrichment to Improve GWAS Power.	Hair color	approximately 452,000 European ancestry individuals	NA	5q11.1	5	50540370		EMB - PARP8	ENSG00000170571	ENSG00000151883		97122	125529	rs7728093-?	rs7728093	0	7728093	intergenic_variant	1	NR	2E-8	7.698970004336019				NR [~ 8900000] (imputed)	N	strand of hair color	http://purl.obolibrary.org/obo/OBA_0002313	GCST007082	Genome-wide genotyping array
2019-02-08	30595370	Kichaev G	2018-12-27	Am J Hum Genet	www.ncbi.nlm.nih.gov/pubmed/30595370	Leveraging Polygenic Functional Enrichment to Improve GWAS Power.	Hair color	approximately 452,000 European ancestry individuals	NA	5q11.2	5	53607234		NDUFS4			ENSG00000164258			rs73754267-?	rs73754267	0	73754267	intron_variant	0	NR	8E-10	9.096910013008056				NR [~ 8900000] (imputed)	N	strand of hair color	http://purl.obolibrary.org/obo/OBA_0002313	GCST007082	Genome-wide genotyping array
2019-02-08	30595370	Kichaev G	2018-12-27	Am J Hum Genet	www.ncbi.nlm.nih.gov/pubmed/30595370	Leveraging Polygenic Functional Enrichment to Improve GWAS Power.	Hair color	approximately 452,000 European ancestry individuals	NA	5q11.2	5	53816794		LINC02105			ENSG00000250447			rs6875907-?	rs6875907	0	6875907	intron_variant	0	NR	2E-92	91.69897000433602				NR [~ 8900000] (imputed)	N	strand of hair color	http://purl.obolibrary.org/obo/OBA_0002313	GCST007082	Genome-wide genotyping array
2019-02-08	30595370	Kichaev G	2018-12-27	Am J Hum Genet	www.ncbi.nlm.nih.gov/pubmed/30595370	Leveraging Polygenic Functional Enrichment to Improve GWAS Power.	Hair color	approximately 452,000 European ancestry individuals	NA	5q11.2	5	53887339		ARL15			ENSG00000185305			rs138015091-?	rs138015091	0	138015091	intron_variant	0	NR	9E-9	8.045757490560675				NR [~ 8900000] (imputed)	N	strand of hair color	http://purl.obolibrary.org/obo/OBA_0002313	GCST007082	Genome-wide genotyping array
2019-02-08	30595370	Kichaev G	2018-12-27	Am J Hum Genet	www.ncbi.nlm.nih.gov/pubmed/30595370	Leveraging Polygenic Functional Enrichment to Improve GWAS Power.	Hair color	approximately 452,000 European ancestry individuals	NA	5q11.2	5	54191463		ARL15			ENSG00000185305			rs66704626-?	rs66704626	0	66704626	intron_variant	0	NR	8E-16	15.096910013008056				NR [~ 8900000] (imputed)	N	strand of hair color	http://purl.obolibrary.org/obo/OBA_0002313	GCST007082	Genome-wide genotyping array
2019-02-08	30595370	Kichaev G	2018-12-27	Am J Hum Genet	www.ncbi.nlm.nih.gov/pubmed/30595370	Leveraging Polygenic Functional Enrichment to Improve GWAS Power.	Hair color	approximately 452,000 European ancestry individuals	NA	5q11.2	5	56670137		C5orf67			ENSG00000225940			rs34196215-?	rs34196215	0	34196215	non_coding_transcript_exon_variant	0	NR	3E-9	8.522878745280337				NR [~ 8900000] (imputed)	N	strand of hair color	http://purl.obolibrary.org/obo/OBA_0002313	GCST007082	Genome-wide genotyping array
2019-02-08	30595370	Kichaev G	2018-12-27	Am J Hum Genet	www.ncbi.nlm.nih.gov/pubmed/30595370	Leveraging Polygenic Functional Enrichment to Improve GWAS Power.	Hair color	approximately 452,000 European ancestry individuals	NA	17q21.31	17	46494702		NSFP1 - ARL17A	ENSG00000260075	ENSG00000185829		7561	5078	rs3874943-?	rs3874943	0	3874943	intergenic_variant	1	NR	1E-12	12.0				NR [~ 8900000] (imputed)	N	strand of hair color	http://purl.obolibrary.org/obo/OBA_0002313	GCST007082	Genome-wide genotyping array
2019-02-08	30595370	Kichaev G	2018-12-27	Am J Hum Genet	www.ncbi.nlm.nih.gov/pubmed/30595370	Leveraging Polygenic Functional Enrichment to Improve GWAS Power.	Hair color	approximately 452,000 European ancestry individuals	NA	17q21.32	17	47224518		MYL4			ENSG00000198336			rs150104728-?	rs150104728	0	150104728	non_coding_transcript_exon_variant	0	NR	3E-9	8.522878745280337				NR [~ 8900000] (imputed)	N	strand of hair color	http://purl.obolibrary.org/obo/OBA_0002313	GCST007082	Genome-wide genotyping array
2019-02-08	30595370	Kichaev G	2018-12-27	Am J Hum Genet	www.ncbi.nlm.nih.gov/pubmed/30595370	Leveraging Polygenic Functional Enrichment to Improve GWAS Power.	Hair color	approximately 452,000 European ancestry individuals	NA	17q21.32	17	47873355		SP6 - SP2-AS1	ENSG00000189120	ENSG00000234494		17481	572	rs72833470-?	rs72833470	0	72833470	intergenic_variant	1	NR	2E-177	176.69897000433602				NR [~ 8900000] (imputed)	N	strand of hair color	http://purl.obolibrary.org/obo/OBA_0002313	GCST007082	Genome-wide genotyping array
2019-02-08	30595370	Kichaev G	2018-12-27	Am J Hum Genet	www.ncbi.nlm.nih.gov/pubmed/30595370	Leveraging Polygenic Functional Enrichment to Improve GWAS Power.	Hair color	approximately 452,000 European ancestry individuals	NA	17q21.32	17	47936020		SP2-AS1			ENSG00000234494			rs192123848-?	rs192123848	0	192123848	intron_variant	0	NR	3E-15	14.522878745280337				NR [~ 8900000] (imputed)	N	strand of hair color	http://purl.obolibrary.org/obo/OBA_0002313	GCST007082	Genome-wide genotyping array
2019-02-08	30595370	Kichaev G	2018-12-27	Am J Hum Genet	www.ncbi.nlm.nih.gov/pubmed/30595370	Leveraging Polygenic Functional Enrichment to Improve GWAS Power.	Hair color	approximately 452,000 European ancestry individuals	NA	17q21.32	17	48258217		SKAP1			ENSG00000141293			rs2957933-?	rs2957933	0	2957933	intron_variant	0	NR	2E-17	16.69897000433602				NR [~ 8900000] (imputed)	N	strand of hair color	http://purl.obolibrary.org/obo/OBA_0002313	GCST007082	Genome-wide genotyping array
2019-02-08	30595370	Kichaev G	2018-12-27	Am J Hum Genet	www.ncbi.nlm.nih.gov/pubmed/30595370	Leveraging Polygenic Functional Enrichment to Improve GWAS Power.	Hair color	approximately 452,000 European ancestry individuals	NA	17q21.32	17	48414898		SKAP1			ENSG00000141293			rs140756892-?	rs140756892	0	140756892	intron_variant	0	NR	4E-11	10.397940008672037				NR [~ 8900000] (imputed)	N	strand of hair color	http://purl.obolibrary.org/obo/OBA_0002313	GCST007082	Genome-wide genotyping array
2019-02-08	30595370	Kichaev G	2018-12-27	Am J Hum Genet	www.ncbi.nlm.nih.gov/pubmed/30595370	Leveraging Polygenic Functional Enrichment to Improve GWAS Power.	Hair color	approximately 452,000 European ancestry individuals	NA	17q21.33	17	49944654		TAC4-AS1 - RNU6-1313P	ENSG00000204584	ENSG00000199492		95817	21421	rs55788912-?	rs55788912	0	55788912	intergenic_variant	1	NR	4E-27	26.397940008672037				NR [~ 8900000] (imputed)	N	strand of hair color	http://purl.obolibrary.org/obo/OBA_0002313	GCST007082	Genome-wide genotyping array
2019-02-08	30595370	Kichaev G	2018-12-27	Am J Hum Genet	www.ncbi.nlm.nih.gov/pubmed/30595370	Leveraging Polygenic Functional Enrichment to Improve GWAS Power.	Hair color	approximately 452,000 European ancestry individuals	NA	17q22	17	57153267		AKAP1 - MSI2	ENSG00000121057	ENSG00000153944		31918	102584	rs17833789-?	rs17833789	0	17833789	intron_variant	1	NR	4E-36	35.39794000867204				NR [~ 8900000] (imputed)	N	strand of hair color	http://purl.obolibrary.org/obo/OBA_0002313	GCST007082	Genome-wide genotyping array
2019-02-08	30595370	Kichaev G	2018-12-27	Am J Hum Genet	www.ncbi.nlm.nih.gov/pubmed/30595370	Leveraging Polygenic Functional Enrichment to Improve GWAS Power.	Hair color	approximately 452,000 European ancestry individuals	NA	17q24.1	17	65530976		AXIN2			ENSG00000168646			rs4076118-?	rs4076118	0	4076118	intron_variant	0	NR	9E-11	10.045757490560675				NR [~ 8900000] (imputed)	N	strand of hair color	http://purl.obolibrary.org/obo/OBA_0002313	GCST007082	Genome-wide genotyping array
2019-02-08	30595370	Kichaev G	2018-12-27	Am J Hum Genet	www.ncbi.nlm.nih.gov/pubmed/30595370	Leveraging Polygenic Functional Enrichment to Improve GWAS Power.	Hair color	approximately 452,000 European ancestry individuals	NA	17q25.1	17	75412738		RNU6-938P - Y_RNA	ENSG00000223217	ENSG00000200544		3550	19252	rs9908820-?	rs9908820	0	9908820	regulatory_region_variant	1	NR	1E-7	7.0				NR [~ 8900000] (imputed)	N	strand of hair color	http://purl.obolibrary.org/obo/OBA_0002313	GCST007082	Genome-wide genotyping array
2019-02-08	30595370	Kichaev G	2018-12-27	Am J Hum Genet	www.ncbi.nlm.nih.gov/pubmed/30595370	Leveraging Polygenic Functional Enrichment to Improve GWAS Power.	Hair color	approximately 452,000 European ancestry individuals	NA	17q25.1	17	75829382		UNC13D			ENSG00000092929			rs111365807-?	rs111365807	0	111365807	intron_variant	0	NR	2E-7	6.698970004336019				NR [~ 8900000] (imputed)	N	strand of hair color	http://purl.obolibrary.org/obo/OBA_0002313	GCST007082	Genome-wide genotyping array
2019-02-08	30595370	Kichaev G	2018-12-27	Am J Hum Genet	www.ncbi.nlm.nih.gov/pubmed/30595370	Leveraging Polygenic Functional Enrichment to Improve GWAS Power.	Hair color	approximately 452,000 European ancestry individuals	NA	17q25.3	17	81366525		RENO1 - LINC03048	ENSG00000287431	ENSG00000262223		20530	142	rs117272076-?	rs117272076	0	117272076	intron_variant	1	NR	4E-8	7.3979400086720375				NR [~ 8900000] (imputed)	N	strand of hair color	http://purl.obolibrary.org/obo/OBA_0002313	GCST007082	Genome-wide genotyping array
2019-02-08	30595370	Kichaev G	2018-12-27	Am J Hum Genet	www.ncbi.nlm.nih.gov/pubmed/30595370	Leveraging Polygenic Functional Enrichment to Improve GWAS Power.	Hair color	approximately 452,000 European ancestry individuals	NA	17q25.3	17	81511780		ACTG1			ENSG00000184009			rs117809695-?	rs117809695	0	117809695	intron_variant	0	NR	1E-14	14.0				NR [~ 8900000] (imputed)	N	strand of hair color	http://purl.obolibrary.org/obo/OBA_0002313	GCST007082	Genome-wide genotyping array
2019-02-08	30595370	Kichaev G	2018-12-27	Am J Hum Genet	www.ncbi.nlm.nih.gov/pubmed/30595370	Leveraging Polygenic Functional Enrichment to Improve GWAS Power.	Hair color	approximately 452,000 European ancestry individuals	NA	17q25.3	17	81639794		NPLOC4, TSPAN10			ENSG00000182446, ENSG00000182612			rs9747347-?	rs9747347	0	9747347	intron_variant	0	NR	6E-279	278.22184874961636				NR [~ 8900000] (imputed)	N	strand of hair color	http://purl.obolibrary.org/obo/OBA_0002313	GCST007082	Genome-wide genotyping array
2019-02-08	30595370	Kichaev G	2018-12-27	Am J Hum Genet	www.ncbi.nlm.nih.gov/pubmed/30595370	Leveraging Polygenic Functional Enrichment to Improve GWAS Power.	Hair color	approximately 452,000 European ancestry individuals	NA	17q25.3	17	81946370		MYADML2			ENSG00000185105			rs35952400-?	rs35952400	0	35952400	intron_variant	0	NR	3E-30	29.522878745280337				NR [~ 8900000] (imputed)	N	strand of hair color	http://purl.obolibrary.org/obo/OBA_0002313	GCST007082	Genome-wide genotyping array
2019-02-08	30595370	Kichaev G	2018-12-27	Am J Hum Genet	www.ncbi.nlm.nih.gov/pubmed/30595370	Leveraging Polygenic Functional Enrichment to Improve GWAS Power.	Hair color	approximately 452,000 European ancestry individuals	NA	17q25.3	17	82831592		TBCD, ZNF750			ENSG00000141556, ENSG00000141579			rs35653278-?	rs35653278	0	35653278	missense_variant	0	NR	1E-26	26.0				NR [~ 8900000] (imputed)	N	strand of hair color	http://purl.obolibrary.org/obo/OBA_0002313	GCST007082	Genome-wide genotyping array
2019-02-08	30595370	Kichaev G	2018-12-27	Am J Hum Genet	www.ncbi.nlm.nih.gov/pubmed/30595370	Leveraging Polygenic Functional Enrichment to Improve GWAS Power.	Hair color	approximately 452,000 European ancestry individuals	NA	18q21.1	18	45956294		EPG5			ENSG00000152223			rs9964220-?	rs9964220	0	9964220	intron_variant	0	NR	2E-20	19.69897000433602				NR [~ 8900000] (imputed)	N	strand of hair color	http://purl.obolibrary.org/obo/OBA_0002313	GCST007082	Genome-wide genotyping array
2019-02-08	30595370	Kichaev G	2018-12-27	Am J Hum Genet	www.ncbi.nlm.nih.gov/pubmed/30595370	Leveraging Polygenic Functional Enrichment to Improve GWAS Power.	Hair color	approximately 452,000 European ancestry individuals	NA	18q23	18	79541142		LINC03101 - CTDP1-DT	ENSG00000286296	ENSG00000178412		302	97786	rs838046-?	rs838046	0	838046	intergenic_variant	1	NR	3E-9	8.522878745280337				NR [~ 8900000] (imputed)	N	strand of hair color	http://purl.obolibrary.org/obo/OBA_0002313	GCST007082	Genome-wide genotyping array
2019-02-08	30595370	Kichaev G	2018-12-27	Am J Hum Genet	www.ncbi.nlm.nih.gov/pubmed/30595370	Leveraging Polygenic Functional Enrichment to Improve GWAS Power.	Hair color	approximately 452,000 European ancestry individuals	NA	19p13.3	19	4132103		Metazoa_SRP - CREB3L3	ENSG00000275978	ENSG00000060566		4371	21518	rs28827913-?	rs28827913	0	28827913	intergenic_variant	1	NR	4E-8	7.3979400086720375				NR [~ 8900000] (imputed)	N	strand of hair color	http://purl.obolibrary.org/obo/OBA_0002313	GCST007082	Genome-wide genotyping array
2019-02-08	30595370	Kichaev G	2018-12-27	Am J Hum Genet	www.ncbi.nlm.nih.gov/pubmed/30595370	Leveraging Polygenic Functional Enrichment to Improve GWAS Power.	Hair color	approximately 452,000 European ancestry individuals	NA	19p13.2	19	7516739		ZNF358			ENSG00000198816			rs73488486-?	rs73488486	0	73488486	intron_variant	0	NR	4E-8	7.3979400086720375				NR [~ 8900000] (imputed)	N	strand of hair color	http://purl.obolibrary.org/obo/OBA_0002313	GCST007082	Genome-wide genotyping array
2019-02-08	30595370	Kichaev G	2018-12-27	Am J Hum Genet	www.ncbi.nlm.nih.gov/pubmed/30595370	Leveraging Polygenic Functional Enrichment to Improve GWAS Power.	Hair color	approximately 452,000 European ancestry individuals	NA	19p13.2	19	10690509		ILF3			ENSG00000129351			rs8102380-?	rs8102380	0	8102380	3_prime_UTR_variant	0	NR	3E-8	7.522878745280337				NR [~ 8900000] (imputed)	N	strand of hair color	http://purl.obolibrary.org/obo/OBA_0002313	GCST007082	Genome-wide genotyping array
2019-02-08	30595370	Kichaev G	2018-12-27	Am J Hum Genet	www.ncbi.nlm.nih.gov/pubmed/30595370	Leveraging Polygenic Functional Enrichment to Improve GWAS Power.	Hair color	approximately 452,000 European ancestry individuals	NA	19p13.11	19	18504125		ELL			ENSG00000105656			rs7251640-?	rs7251640	0	7251640	intron_variant	0	NR	1E-7	7.0				NR [~ 8900000] (imputed)	N	strand of hair color	http://purl.obolibrary.org/obo/OBA_0002313	GCST007082	Genome-wide genotyping array
2019-02-08	30595370	Kichaev G	2018-12-27	Am J Hum Genet	www.ncbi.nlm.nih.gov/pubmed/30595370	Leveraging Polygenic Functional Enrichment to Improve GWAS Power.	Hair color	approximately 452,000 European ancestry individuals	NA	19q13.11	19	32658955		ANKRD27			ENSG00000105186			rs147502994-?	rs147502994	0	147502994	missense_variant	0	NR	2E-8	7.698970004336019				NR [~ 8900000] (imputed)	N	strand of hair color	http://purl.obolibrary.org/obo/OBA_0002313	GCST007082	Genome-wide genotyping array
2019-02-08	30595370	Kichaev G	2018-12-27	Am J Hum Genet	www.ncbi.nlm.nih.gov/pubmed/30595370	Leveraging Polygenic Functional Enrichment to Improve GWAS Power.	Hair color	approximately 452,000 European ancestry individuals	NA	19q13.2	19	41256620		AXL			ENSG00000167601			rs2304232-?	rs2304232	0	2304232	intron_variant	0	NR	1E-7	7.0				NR [~ 8900000] (imputed)	N	strand of hair color	http://purl.obolibrary.org/obo/OBA_0002313	GCST007082	Genome-wide genotyping array
2019-02-08	30595370	Kichaev G	2018-12-27	Am J Hum Genet	www.ncbi.nlm.nih.gov/pubmed/30595370	Leveraging Polygenic Functional Enrichment to Improve GWAS Power.	Hair color	approximately 452,000 European ancestry individuals	NA	19q13.41	19	52656372		ZNF83 - ZNF611	ENSG00000167766	ENSG00000213020		17984	46441	rs35424224-?	rs35424224	0	35424224	intron_variant	1	NR	2E-8	7.698970004336019				NR [~ 8900000] (imputed)	N	strand of hair color	http://purl.obolibrary.org/obo/OBA_0002313	GCST007082	Genome-wide genotyping array
2019-02-08	30595370	Kichaev G	2018-12-27	Am J Hum Genet	www.ncbi.nlm.nih.gov/pubmed/30595370	Leveraging Polygenic Functional Enrichment to Improve GWAS Power.	Hair color	approximately 452,000 European ancestry individuals	NA	16q12.2	16	54080912		FTO			ENSG00000140718			rs16953002-?	rs16953002	0	16953002	intron_variant	0	NR	5E-11	10.301029995663981				NR [~ 8900000] (imputed)	N	strand of hair color	http://purl.obolibrary.org/obo/OBA_0002313	GCST007082	Genome-wide genotyping array
2019-02-08	30595370	Kichaev G	2018-12-27	Am J Hum Genet	www.ncbi.nlm.nih.gov/pubmed/30595370	Leveraging Polygenic Functional Enrichment to Improve GWAS Power.	Hair color	approximately 452,000 European ancestry individuals	NA	16q22.2	16	71962081		PKD1L3			ENSG00000277481			rs2008675-?	rs2008675	0	2008675	intron_variant	0	NR	2E-9	8.698970004336019				NR [~ 8900000] (imputed)	N	strand of hair color	http://purl.obolibrary.org/obo/OBA_0002313	GCST007082	Genome-wide genotyping array
2019-02-08	30595370	Kichaev G	2018-12-27	Am J Hum Genet	www.ncbi.nlm.nih.gov/pubmed/30595370	Leveraging Polygenic Functional Enrichment to Improve GWAS Power.	Hair color	approximately 452,000 European ancestry individuals	NA	16q23.2	16	79772184		LINC01229			ENSG00000260876			rs66616635-?	rs66616635	0	66616635	intron_variant	0	NR	9E-9	8.045757490560675				NR [~ 8900000] (imputed)	N	strand of hair color	http://purl.obolibrary.org/obo/OBA_0002313	GCST007082	Genome-wide genotyping array
2019-02-08	30595370	Kichaev G	2018-12-27	Am J Hum Genet	www.ncbi.nlm.nih.gov/pubmed/30595370	Leveraging Polygenic Functional Enrichment to Improve GWAS Power.	Hair color	approximately 452,000 European ancestry individuals	NA	16q24.2	16	87691035		JPH3			ENSG00000154118			rs117037877-?	rs117037877	0	117037877	intron_variant	0	NR	4E-8	7.3979400086720375				NR [~ 8900000] (imputed)	N	strand of hair color	http://purl.obolibrary.org/obo/OBA_0002313	GCST007082	Genome-wide genotyping array
2019-02-08	30595370	Kichaev G	2018-12-27	Am J Hum Genet	www.ncbi.nlm.nih.gov/pubmed/30595370	Leveraging Polygenic Functional Enrichment to Improve GWAS Power.	Hair color	approximately 452,000 European ancestry individuals	NA	16q24.2	16	87922489		CA5A			ENSG00000174990			rs567092099-?	rs567092099	0	567092099	intron_variant	0	NR	1E-11	11.0				NR [~ 8900000] (imputed)	N	strand of hair color	http://purl.obolibrary.org/obo/OBA_0002313	GCST007082	Genome-wide genotyping array
2019-02-08	30595370	Kichaev G	2018-12-27	Am J Hum Genet	www.ncbi.nlm.nih.gov/pubmed/30595370	Leveraging Polygenic Functional Enrichment to Improve GWAS Power.	Hair color	approximately 452,000 European ancestry individuals	NA	16q24.2	16	88196516		LINC02182			ENSG00000260420			rs62047010-?	rs62047010	0	62047010	intron_variant	0	NR	2E-15	14.698970004336019				NR [~ 8900000] (imputed)	N	strand of hair color	http://purl.obolibrary.org/obo/OBA_0002313	GCST007082	Genome-wide genotyping array
2019-02-08	30595370	Kichaev G	2018-12-27	Am J Hum Genet	www.ncbi.nlm.nih.gov/pubmed/30595370	Leveraging Polygenic Functional Enrichment to Improve GWAS Power.	Hair color	approximately 452,000 European ancestry individuals	NA	16q24.2	16	88250461		LINC02182			ENSG00000260420			rs142702217-?	rs142702217	0	142702217	intron_variant	0	NR	7E-17	16.154901959985743				NR [~ 8900000] (imputed)	N	strand of hair color	http://purl.obolibrary.org/obo/OBA_0002313	GCST007082	Genome-wide genotyping array
2019-02-08	30595370	Kichaev G	2018-12-27	Am J Hum Genet	www.ncbi.nlm.nih.gov/pubmed/30595370	Leveraging Polygenic Functional Enrichment to Improve GWAS Power.	Hair color	approximately 452,000 European ancestry individuals	NA	16q24.2	16	88478085		ZFPM1			ENSG00000179588			rs188255148-?	rs188255148	0	188255148	intron_variant	0	NR	2E-18	17.69897000433602				NR [~ 8900000] (imputed)	N	strand of hair color	http://purl.obolibrary.org/obo/OBA_0002313	GCST007082	Genome-wide genotyping array
2019-02-08	30595370	Kichaev G	2018-12-27	Am J Hum Genet	www.ncbi.nlm.nih.gov/pubmed/30595370	Leveraging Polygenic Functional Enrichment to Improve GWAS Power.	Hair color	approximately 452,000 European ancestry individuals	NA	16q24.2	16	88502831		ZFPM1			ENSG00000179588			rs883284-?	rs883284	0	883284	intron_variant	0	NR	8E-54	53.096910013008056				NR [~ 8900000] (imputed)	N	strand of hair color	http://purl.obolibrary.org/obo/OBA_0002313	GCST007082	Genome-wide genotyping array
2019-02-08	30595370	Kichaev G	2018-12-27	Am J Hum Genet	www.ncbi.nlm.nih.gov/pubmed/30595370	Leveraging Polygenic Functional Enrichment to Improve GWAS Power.	Hair color	approximately 452,000 European ancestry individuals	NA	16q24.2	16	88604051		ZC3H18			ENSG00000158545			rs117463496-?	rs117463496	0	117463496	intron_variant	0	NR	1E-300	300.0				NR [~ 8900000] (imputed)	N	strand of hair color	http://purl.obolibrary.org/obo/OBA_0002313	GCST007082	Genome-wide genotyping array
2019-02-08	30595370	Kichaev G	2018-12-27	Am J Hum Genet	www.ncbi.nlm.nih.gov/pubmed/30595370	Leveraging Polygenic Functional Enrichment to Improve GWAS Power.	Hair color	approximately 452,000 European ancestry individuals	NA	16q24.3	16	88731518		PIEZO1, HSALR1			ENSG00000103335, ENSG00000224888			rs55924855-?	rs55924855	0	55924855	intron_variant	0	NR	4E-63	62.39794000867204				NR [~ 8900000] (imputed)	N	strand of hair color	http://purl.obolibrary.org/obo/OBA_0002313	GCST007082	Genome-wide genotyping array
2019-02-08	30595370	Kichaev G	2018-12-27	Am J Hum Genet	www.ncbi.nlm.nih.gov/pubmed/30595370	Leveraging Polygenic Functional Enrichment to Improve GWAS Power.	Hair color	approximately 452,000 European ancestry individuals	NA	16q24.3	16	88830941		GALNS			ENSG00000141012			rs73252814-?	rs73252814	0	73252814	intron_variant	0	NR	4E-89	88.39794000867204				NR [~ 8900000] (imputed)	N	strand of hair color	http://purl.obolibrary.org/obo/OBA_0002313	GCST007082	Genome-wide genotyping array
2019-02-08	30595370	Kichaev G	2018-12-27	Am J Hum Genet	www.ncbi.nlm.nih.gov/pubmed/30595370	Leveraging Polygenic Functional Enrichment to Improve GWAS Power.	Hair color	approximately 452,000 European ancestry individuals	NA	16q24.3	16	89019335		CBFA2T3 - ACSF3	ENSG00000129993	ENSG00000176715		42128	69040	rs112584165-?	rs112584165	0	112584165	intergenic_variant	1	NR	1E-300	300.0				NR [~ 8900000] (imputed)	N	strand of hair color	http://purl.obolibrary.org/obo/OBA_0002313	GCST007082	Genome-wide genotyping array
2019-02-08	30595370	Kichaev G	2018-12-27	Am J Hum Genet	www.ncbi.nlm.nih.gov/pubmed/30595370	Leveraging Polygenic Functional Enrichment to Improve GWAS Power.	Hair color	approximately 452,000 European ancestry individuals	NA	16q24.3	16	89088091		CBFA2T3 - ACSF3	ENSG00000129993	ENSG00000176715		110884	284	rs11862309-?	rs11862309	0	11862309	intergenic_variant	1	NR	1E-300	300.0				NR [~ 8900000] (imputed)	N	strand of hair color	http://purl.obolibrary.org/obo/OBA_0002313	GCST007082	Genome-wide genotyping array
2019-02-08	30595370	Kichaev G	2018-12-27	Am J Hum Genet	www.ncbi.nlm.nih.gov/pubmed/30595370	Leveraging Polygenic Functional Enrichment to Improve GWAS Power.	Hair color	approximately 452,000 European ancestry individuals	NA	16q24.3	16	89257517		ZNF778 - ANKRD11	ENSG00000170100	ENSG00000167522		20376	10102	rs4785645-?	rs4785645	0	4785645	regulatory_region_variant	1	NR	1E-300	300.0				NR [~ 8900000] (imputed)	N	strand of hair color	http://purl.obolibrary.org/obo/OBA_0002313	GCST007082	Genome-wide genotyping array
2019-02-08	30595370	Kichaev G	2018-12-27	Am J Hum Genet	www.ncbi.nlm.nih.gov/pubmed/30595370	Leveraging Polygenic Functional Enrichment to Improve GWAS Power.	Hair color	approximately 452,000 European ancestry individuals	NA	16q24.3	16	89384566		ANKRD11			ENSG00000167522			rs117646290-?	rs117646290	0	117646290	intron_variant	0	NR	3E-88	87.52287874528034				NR [~ 8900000] (imputed)	N	strand of hair color	http://purl.obolibrary.org/obo/OBA_0002313	GCST007082	Genome-wide genotyping array
2019-02-08	30595370	Kichaev G	2018-12-27	Am J Hum Genet	www.ncbi.nlm.nih.gov/pubmed/30595370	Leveraging Polygenic Functional Enrichment to Improve GWAS Power.	Hair color	approximately 452,000 European ancestry individuals	NA	16q24.3	16	89456339		ANKRD11			ENSG00000167522			rs2965812-?	rs2965812	0	2965812	intron_variant	0	NR	1E-300	300.0				NR [~ 8900000] (imputed)	N	strand of hair color	http://purl.obolibrary.org/obo/OBA_0002313	GCST007082	Genome-wide genotyping array
2019-02-08	30595370	Kichaev G	2018-12-27	Am J Hum Genet	www.ncbi.nlm.nih.gov/pubmed/30595370	Leveraging Polygenic Functional Enrichment to Improve GWAS Power.	Hair color	approximately 452,000 European ancestry individuals	NA	16q24.3	16	89625361		DPEP1			ENSG00000015413			rs12930346-?	rs12930346	0	12930346	intron_variant	0	NR	1E-300	300.0				NR [~ 8900000] (imputed)	N	strand of hair color	http://purl.obolibrary.org/obo/OBA_0002313	GCST007082	Genome-wide genotyping array
2019-02-08	30595370	Kichaev G	2018-12-27	Am J Hum Genet	www.ncbi.nlm.nih.gov/pubmed/30595370	Leveraging Polygenic Functional Enrichment to Improve GWAS Power.	Hair color	approximately 452,000 European ancestry individuals	NA	16q24.3	16	89754747		FANCA			ENSG00000187741			rs139414522-?	rs139414522	0	139414522	intron_variant	0	NR	2E-86	85.69897000433602				NR [~ 8900000] (imputed)	N	strand of hair color	http://purl.obolibrary.org/obo/OBA_0002313	GCST007082	Genome-wide genotyping array
2019-02-08	30595370	Kichaev G	2018-12-27	Am J Hum Genet	www.ncbi.nlm.nih.gov/pubmed/30595370	Leveraging Polygenic Functional Enrichment to Improve GWAS Power.	Hair color	approximately 452,000 European ancestry individuals	NA	16q24.3	16	89824471		SPIRE2			ENSG00000204991			rs113271242-?	rs113271242	0	113271242	intergenic_variant	0	NR	1E-300	300.0				NR [~ 8900000] (imputed)	N	strand of hair color	http://purl.obolibrary.org/obo/OBA_0002313	GCST007082	Genome-wide genotyping array
2019-02-08	30595370	Kichaev G	2018-12-27	Am J Hum Genet	www.ncbi.nlm.nih.gov/pubmed/30595370	Leveraging Polygenic Functional Enrichment to Improve GWAS Power.	Hair color	approximately 452,000 European ancestry individuals	NA	16q24.3	16	89946770		TUBB3 - DEF8	ENSG00000258947	ENSG00000140995		8009	1357	rs28479182-?	rs28479182	0	28479182	intergenic_variant	1	NR	1E-300	300.0				NR [~ 8900000] (imputed)	N	strand of hair color	http://purl.obolibrary.org/obo/OBA_0002313	GCST007082	Genome-wide genotyping array
2019-02-08	30595370	Kichaev G	2018-12-27	Am J Hum Genet	www.ncbi.nlm.nih.gov/pubmed/30595370	Leveraging Polygenic Functional Enrichment to Improve GWAS Power.	Hair color	approximately 452,000 European ancestry individuals	NA	16q24.3	16	90068629		PRDM7			ENSG00000126856			rs4386139-?	rs4386139	0	4386139	intron_variant	0	NR	2E-293	292.69897000433605				NR [~ 8900000] (imputed)	N	strand of hair color	http://purl.obolibrary.org/obo/OBA_0002313	GCST007082	Genome-wide genotyping array
2019-02-08	30595370	Kichaev G	2018-12-27	Am J Hum Genet	www.ncbi.nlm.nih.gov/pubmed/30595370	Leveraging Polygenic Functional Enrichment to Improve GWAS Power.	Hair color	approximately 452,000 European ancestry individuals	NA	17p11.2	17	18253846		FLII			ENSG00000177731			rs68165736-?	rs68165736	0	68165736	intron_variant	0	NR	4E-11	10.397940008672037				NR [~ 8900000] (imputed)	N	strand of hair color	http://purl.obolibrary.org/obo/OBA_0002313	GCST007082	Genome-wide genotyping array
2019-02-08	30595370	Kichaev G	2018-12-27	Am J Hum Genet	www.ncbi.nlm.nih.gov/pubmed/30595370	Leveraging Polygenic Functional Enrichment to Improve GWAS Power.	Hair color	approximately 452,000 European ancestry individuals	NA	17q21.1	17	40122783		MSL1			ENSG00000188895			rs117827273-?	rs117827273	0	117827273	synonymous_variant	0	NR	4E-9	8.397940008672037				NR [~ 8900000] (imputed)	N	strand of hair color	http://purl.obolibrary.org/obo/OBA_0002313	GCST007082	Genome-wide genotyping array
2019-02-08	30595370	Kichaev G	2018-12-27	Am J Hum Genet	www.ncbi.nlm.nih.gov/pubmed/30595370	Leveraging Polygenic Functional Enrichment to Improve GWAS Power.	Hair color	approximately 452,000 European ancestry individuals	NA	17q21.2	17	41394847		KRT31			ENSG00000094796			rs117612447-?	rs117612447	0	117612447	splice_donor_variant	0	NR	1E-32	32.0				NR [~ 8900000] (imputed)	N	strand of hair color	http://purl.obolibrary.org/obo/OBA_0002313	GCST007082	Genome-wide genotyping array
2016-06-16	26184321	Lin BD	2015-07-13	Genes (Basel)	www.ncbi.nlm.nih.gov/pubmed/26184321	Heritability and Genome-Wide Association Studies for Hair Color in a Dutch Twin Family Based Sample.	Blond vs non-blond hair color	2,888 European ancestry blond hair individuals, 4,203 European ancestry non-blond hair individuals	NA	6p25.3	6	422631	IRF4	IRF4 - EXOC2	ENSG00000137265	ENSG00000112685		11188	62502	rs62389424-?	rs62389424	0	62389424	regulatory_region_variant	1	0.087	1E-13	13.0		2.4846	[2.25-2.72]	Affymetrix, Illumina, Perlegen [6473680] (imputed)	N	hair color	http://www.ebi.ac.uk/efo/EFO_0003924	GCST003023	Genome-wide genotyping array
2016-06-16	26184321	Lin BD	2015-07-13	Genes (Basel)	www.ncbi.nlm.nih.gov/pubmed/26184321	Heritability and Genome-Wide Association Studies for Hair Color in a Dutch Twin Family Based Sample.	Blond vs non-blond hair color	2,888 European ancestry blond hair individuals, 4,203 European ancestry non-blond hair individuals	NA	11q13.3	11	69105375	TPCN2	TPCN2			ENSG00000162341			rs72930659-?	rs72930659	0	72930659	intron_variant	0	0.891	3E-14	13.522878745280337		1.65	[1.52-1.78]	Affymetrix, Illumina, Perlegen [6473680] (imputed)	N	hair color	http://www.ebi.ac.uk/efo/EFO_0003924	GCST003023	Genome-wide genotyping array
2016-06-16	26184321	Lin BD	2015-07-13	Genes (Basel)	www.ncbi.nlm.nih.gov/pubmed/26184321	Heritability and Genome-Wide Association Studies for Hair Color in a Dutch Twin Family Based Sample.	Blond vs non-blond hair color	2,888 European ancestry blond hair individuals, 4,203 European ancestry non-blond hair individuals	NA	12q21.33	12	88934558	KITLG	RNU1-117P - LINC02458	ENSG00000252850	ENSG00000246363		352762	76123	rs12821256-?	rs12821256	0	12821256	regulatory_region_variant	1	0.872	1E-10	10.0		1.4892032	[1.37-1.61]	Affymetrix, Illumina, Perlegen [6473680] (imputed)	N	hair color	http://www.ebi.ac.uk/efo/EFO_0003924	GCST003023	Genome-wide genotyping array
2016-06-16	26184321	Lin BD	2015-07-13	Genes (Basel)	www.ncbi.nlm.nih.gov/pubmed/26184321	Heritability and Genome-Wide Association Studies for Hair Color in a Dutch Twin Family Based Sample.	Blond vs non-blond hair color	2,888 European ancestry blond hair individuals, 4,203 European ancestry non-blond hair individuals	NA	14q32.12	14	92333660	SLC24A4	SLC24A4			ENSG00000140090			rs8014907-?	rs8014907	0	8014907	intron_variant	0	0.178	3E-10	9.522878745280337		1.4317	[1.32-1.54]	Affymetrix, Illumina, Perlegen [6473680] (imputed)	N	hair color	http://www.ebi.ac.uk/efo/EFO_0003924	GCST003023	Genome-wide genotyping array
2016-06-16	26184321	Lin BD	2015-07-13	Genes (Basel)	www.ncbi.nlm.nih.gov/pubmed/26184321	Heritability and Genome-Wide Association Studies for Hair Color in a Dutch Twin Family Based Sample.	Blond vs non-blond hair color	2,888 European ancestry blond hair individuals, 4,203 European ancestry non-blond hair individuals	NA	15q13.1	15	28266851	HERC2	HERC2			ENSG00000128731			rs79097182-?	rs79097182	0	79097182	intron_variant	0	0.038	2E-14	13.698970004336019		2.9822	[2.70-3.26]	Affymetrix, Illumina, Perlegen [6473680] (imputed)	N	hair color	http://www.ebi.ac.uk/efo/EFO_0003924	GCST003023	Genome-wide genotyping array
2016-06-16	26184321	Lin BD	2015-07-13	Genes (Basel)	www.ncbi.nlm.nih.gov/pubmed/26184321	Heritability and Genome-Wide Association Studies for Hair Color in a Dutch Twin Family Based Sample.	Blond vs non-blond hair color	2,888 European ancestry blond hair individuals, 4,203 European ancestry non-blond hair individuals	NA	15q13.1	15	28099092	OCA2	OCA2			ENSG00000104044			rs7495174-?	rs7495174	0	7495174	intron_variant	0	0.014	9E-7	6.045757490560675		3.5485	[3.04-4.05]	Affymetrix, Illumina, Perlegen [6473680] (imputed)	N	hair color	http://www.ebi.ac.uk/efo/EFO_0003924	GCST003023	Genome-wide genotyping array
2016-06-16	26184321	Lin BD	2015-07-13	Genes (Basel)	www.ncbi.nlm.nih.gov/pubmed/26184321	Heritability and Genome-Wide Association Studies for Hair Color in a Dutch Twin Family Based Sample.	Brown vs. non-brown hair color	3,826 European ancestry brown hair individuals, 3,265 European ancestry non-brown hair individuals	NA	16q24.3	16	89956285	MC1R	DEF8			ENSG00000140995			rs146972365-?	rs146972365	0	146972365	intron_variant	0	0.053	5E-10	9.301029995663981		1.7771	[1.60-1.96]	Affymetrix, Illumina, Perlegen [6473680] (imputed)	N	hair color	http://www.ebi.ac.uk/efo/EFO_0003924	GCST003021	Genome-wide genotyping array
2016-06-16	26184321	Lin BD	2015-07-13	Genes (Basel)	www.ncbi.nlm.nih.gov/pubmed/26184321	Heritability and Genome-Wide Association Studies for Hair Color in a Dutch Twin Family Based Sample.	Brown vs. non-brown hair color	3,826 European ancestry brown hair individuals, 3,265 European ancestry non-brown hair individuals	NA	6p25.3	6	422631	IRF4	IRF4 - EXOC2	ENSG00000137265	ENSG00000112685		11188	62502	rs62389424-?	rs62389424	0	62389424	regulatory_region_variant	1	0.913	5E-8	7.301029995663981		1.8014772	[1.59-2.01]	Affymetrix, Illumina, Perlegen [6473680] (imputed)	N	hair color	http://www.ebi.ac.uk/efo/EFO_0003924	GCST003021	Genome-wide genotyping array
2016-06-16	26184321	Lin BD	2015-07-13	Genes (Basel)	www.ncbi.nlm.nih.gov/pubmed/26184321	Heritability and Genome-Wide Association Studies for Hair Color in a Dutch Twin Family Based Sample.	Brown vs. non-brown hair color	3,826 European ancestry brown hair individuals, 3,265 European ancestry non-brown hair individuals	NA	11q13.3	11	69105375	TPCN2	TPCN2			ENSG00000162341			rs72930659-?	rs72930659	0	72930659	intron_variant	0	0.109	1E-11	11.0		1.5544	[1.43-1.68]	Affymetrix, Illumina, Perlegen [6473680] (imputed)	N	hair color	http://www.ebi.ac.uk/efo/EFO_0003924	GCST003021	Genome-wide genotyping array
2016-06-16	26184321	Lin BD	2015-07-13	Genes (Basel)	www.ncbi.nlm.nih.gov/pubmed/26184321	Heritability and Genome-Wide Association Studies for Hair Color in a Dutch Twin Family Based Sample.	Brown vs. non-brown hair color	3,826 European ancestry brown hair individuals, 3,265 European ancestry non-brown hair individuals	NA	12q21.33	12	88934558	KITLG	RNU1-117P - LINC02458	ENSG00000252850	ENSG00000246363		352762	76123	rs12821256-?	rs12821256	0	12821256	regulatory_region_variant	1	0.128	1E-9	9.0		1.4366	[1.32-1.55]	Affymetrix, Illumina, Perlegen [6473680] (imputed)	N	hair color	http://www.ebi.ac.uk/efo/EFO_0003924	GCST003021	Genome-wide genotyping array
2016-06-16	26184321	Lin BD	2015-07-13	Genes (Basel)	www.ncbi.nlm.nih.gov/pubmed/26184321	Heritability and Genome-Wide Association Studies for Hair Color in a Dutch Twin Family Based Sample.	Brown vs. non-brown hair color	3,826 European ancestry brown hair individuals, 3,265 European ancestry non-brown hair individuals	NA	14q32.12	14	92333660	SLC24A4	SLC24A4			ENSG00000140090			rs8014907-?	rs8014907	0	8014907	intron_variant	0	0.822	3E-9	8.522878745280337		1.3770311	[1.27-1.48]	Affymetrix, Illumina, Perlegen [6473680] (imputed)	N	hair color	http://www.ebi.ac.uk/efo/EFO_0003924	GCST003021	Genome-wide genotyping array
2016-06-16	26184321	Lin BD	2015-07-13	Genes (Basel)	www.ncbi.nlm.nih.gov/pubmed/26184321	Heritability and Genome-Wide Association Studies for Hair Color in a Dutch Twin Family Based Sample.	Brown vs. non-brown hair color	3,826 European ancestry brown hair individuals, 3,265 European ancestry non-brown hair individuals	NA	15q13.1	15	28266851	HERC2	HERC2			ENSG00000128731			rs79097182-?	rs79097182	0	79097182	intron_variant	0	0.962	4E-9	8.397940008672037		2.07168	[1.83-2.31]	Affymetrix, Illumina, Perlegen [6473680] (imputed)	N	hair color	http://www.ebi.ac.uk/efo/EFO_0003924	GCST003021	Genome-wide genotyping array
2016-06-16	26184321	Lin BD	2015-07-13	Genes (Basel)	www.ncbi.nlm.nih.gov/pubmed/26184321	Heritability and Genome-Wide Association Studies for Hair Color in a Dutch Twin Family Based Sample.	Brown vs. non-brown hair color	3,826 European ancestry brown hair individuals, 3,265 European ancestry non-brown hair individuals	NA	15q13.1	15	28099092	OCA2	OCA2			ENSG00000104044			rs7495174-?	rs7495174	0	7495174	intron_variant	0	0.986	2E-6	5.698970004336019		2.8216703	[2.40-3.25]	Affymetrix, Illumina, Perlegen [6473680] (imputed)	N	hair color	http://www.ebi.ac.uk/efo/EFO_0003924	GCST003021	Genome-wide genotyping array
2016-06-16	26184321	Lin BD	2015-07-13	Genes (Basel)	www.ncbi.nlm.nih.gov/pubmed/26184321	Heritability and Genome-Wide Association Studies for Hair Color in a Dutch Twin Family Based Sample.	Brown vs. non-brown hair color	3,826 European ancestry brown hair individuals, 3,265 European ancestry non-brown hair individuals	NA	16q24.3	16	89988301	MC1R	AFG3L1P, AFG3L1P			ENSG00000293510, ENSG00000223959			rs8063160-?	rs8063160	0	8063160	intron_variant	0	0.065	9E-12	11.045757490560675		1.7837	[1.62-1.95]	Affymetrix, Illumina, Perlegen [6473680] (imputed)	N	hair color	http://www.ebi.ac.uk/efo/EFO_0003924	GCST003021	Genome-wide genotyping array
2016-06-16	26184321	Lin BD	2015-07-13	Genes (Basel)	www.ncbi.nlm.nih.gov/pubmed/26184321	Heritability and Genome-Wide Association Studies for Hair Color in a Dutch Twin Family Based Sample.	Light vs. dark hair color	3,069 European ancestry light hair individuals, 4,022 European ancestry dark hair individuals	NA	16q24.3	16	89956285	MC1R	DEF8			ENSG00000140995			rs146972365-?	rs146972365	0	146972365	intron_variant	0	0.053	1E-11	11.0		1.8751	[1.69-2.06]	Affymetrix, Illumina, Perlegen [6473680] (imputed)	N	hair color	http://www.ebi.ac.uk/efo/EFO_0003924	GCST003022	Genome-wide genotyping array
2016-06-16	26184321	Lin BD	2015-07-13	Genes (Basel)	www.ncbi.nlm.nih.gov/pubmed/26184321	Heritability and Genome-Wide Association Studies for Hair Color in a Dutch Twin Family Based Sample.	Light vs. dark hair color	3,069 European ancestry light hair individuals, 4,022 European ancestry dark hair individuals	NA	6p25.3	6	422631	IRF4	IRF4 - EXOC2	ENSG00000137265	ENSG00000112685		11188	62502	rs62389424-?	rs62389424	0	62389424	regulatory_region_variant	1	0.913	3E-12	11.522878745280337		2.260398	[2.03-2.49]	Affymetrix, Illumina, Perlegen [6473680] (imputed)	N	hair color	http://www.ebi.ac.uk/efo/EFO_0003924	GCST003022	Genome-wide genotyping array
2016-06-16	26184321	Lin BD	2015-07-13	Genes (Basel)	www.ncbi.nlm.nih.gov/pubmed/26184321	Heritability and Genome-Wide Association Studies for Hair Color in a Dutch Twin Family Based Sample.	Light vs. dark hair color	3,069 European ancestry light hair individuals, 4,022 European ancestry dark hair individuals	NA	11q13.3	11	69105375	TPCN2	TPCN2			ENSG00000162341			rs72930659-?	rs72930659	0	72930659	intron_variant	0	0.109	3E-13	12.522878745280337		1.6087	[1.48-1.74]	Affymetrix, Illumina, Perlegen [6473680] (imputed)	N	hair color	http://www.ebi.ac.uk/efo/EFO_0003924	GCST003022	Genome-wide genotyping array
2016-06-16	26184321	Lin BD	2015-07-13	Genes (Basel)	www.ncbi.nlm.nih.gov/pubmed/26184321	Heritability and Genome-Wide Association Studies for Hair Color in a Dutch Twin Family Based Sample.	Light vs. dark hair color	3,069 European ancestry light hair individuals, 4,022 European ancestry dark hair individuals	NA	12q21.33	12	88934558	KITLG	RNU1-117P - LINC02458	ENSG00000252850	ENSG00000246363		352762	76123	rs12821256-?	rs12821256	0	12821256	regulatory_region_variant	1	0.128	1E-10	10.0		1.4829	[1.36-1.60]	Affymetrix, Illumina, Perlegen [6473680] (imputed)	N	hair color	http://www.ebi.ac.uk/efo/EFO_0003924	GCST003022	Genome-wide genotyping array
2016-06-16	26184321	Lin BD	2015-07-13	Genes (Basel)	www.ncbi.nlm.nih.gov/pubmed/26184321	Heritability and Genome-Wide Association Studies for Hair Color in a Dutch Twin Family Based Sample.	Light vs. dark hair color	3,069 European ancestry light hair individuals, 4,022 European ancestry dark hair individuals	NA	14q32.12	14	92333660	SLC24A4	SLC24A4			ENSG00000140090			rs8014907-?	rs8014907	0	8014907	intron_variant	0	0.822	3E-10	9.522878745280337		1.4228799	[1.32-1.53]	Affymetrix, Illumina, Perlegen [6473680] (imputed)	N	hair color	http://www.ebi.ac.uk/efo/EFO_0003924	GCST003022	Genome-wide genotyping array
2016-06-16	26184321	Lin BD	2015-07-13	Genes (Basel)	www.ncbi.nlm.nih.gov/pubmed/26184321	Heritability and Genome-Wide Association Studies for Hair Color in a Dutch Twin Family Based Sample.	Light vs. dark hair color	3,069 European ancestry light hair individuals, 4,022 European ancestry dark hair individuals	NA	15q13.1	15	28266851	HERC2	HERC2			ENSG00000128731			rs79097182-?	rs79097182	0	79097182	intron_variant	0	0.962	5E-14	13.301029995663981		2.564103	[2.29-2.84]	Affymetrix, Illumina, Perlegen [6473680] (imputed)	N	hair color	http://www.ebi.ac.uk/efo/EFO_0003924	GCST003022	Genome-wide genotyping array
2016-06-16	26184321	Lin BD	2015-07-13	Genes (Basel)	www.ncbi.nlm.nih.gov/pubmed/26184321	Heritability and Genome-Wide Association Studies for Hair Color in a Dutch Twin Family Based Sample.	Light vs. dark hair color	3,069 European ancestry light hair individuals, 4,022 European ancestry dark hair individuals	NA	15q13.1	15	28099092	OCA2	OCA2			ENSG00000104044			rs7495174-?	rs7495174	0	7495174	intron_variant	0	0.986	3E-6	5.522878745280337		3.1094527	[2.63-3.59]	Affymetrix, Illumina, Perlegen [6473680] (imputed)	N	hair color	http://www.ebi.ac.uk/efo/EFO_0003924	GCST003022	Genome-wide genotyping array
2016-06-16	26184321	Lin BD	2015-07-13	Genes (Basel)	www.ncbi.nlm.nih.gov/pubmed/26184321	Heritability and Genome-Wide Association Studies for Hair Color in a Dutch Twin Family Based Sample.	Light vs. dark hair color	3,069 European ancestry light hair individuals, 4,022 European ancestry dark hair individuals	NA	16q24.3	16	89988301	MC1R	AFG3L1P, AFG3L1P			ENSG00000293510, ENSG00000223959			rs8063160-?	rs8063160	0	8063160	intron_variant	0	0.065	5E-14	13.301029995663981		1.8891	[1.72-2.05]	Affymetrix, Illumina, Perlegen [6473680] (imputed)	N	hair color	http://www.ebi.ac.uk/efo/EFO_0003924	GCST003022	Genome-wide genotyping array
2016-06-16	26184321	Lin BD	2015-07-13	Genes (Basel)	www.ncbi.nlm.nih.gov/pubmed/26184321	Heritability and Genome-Wide Association Studies for Hair Color in a Dutch Twin Family Based Sample.	Red vs non-red hair color	181 European ancestry red hair individuals, 6,910 European ancestry non-red hair individuals	NA	16q24.3	16	89988301	MC1R	AFG3L1P, AFG3L1P			ENSG00000293510, ENSG00000223959			rs8063160-?	rs8063160	0	8063160	intron_variant	0	0.935	8E-50	49.096910013008056		12.99	[12.65-13.33]	Affymetrix, Illumina, Perlegen [6473680] (imputed)	N	hair color	http://www.ebi.ac.uk/efo/EFO_0003924	GCST003020	Genome-wide genotyping array
2016-06-16	26184321	Lin BD	2015-07-13	Genes (Basel)	www.ncbi.nlm.nih.gov/pubmed/26184321	Heritability and Genome-Wide Association Studies for Hair Color in a Dutch Twin Family Based Sample.	Red vs non-red hair color	181 European ancestry red hair individuals, 6,910 European ancestry non-red hair individuals	NA	15q13.1	15	28099092	OCA2	OCA2			ENSG00000104044			rs7495174-?	rs7495174	0	7495174	intron_variant	0	0.986	2E-6	5.698970004336019		1.4411299	[0.27-2.61]	Affymetrix, Illumina, Perlegen [6473680] (imputed)	N	hair color	http://www.ebi.ac.uk/efo/EFO_0003924	GCST003020	Genome-wide genotyping array
2016-06-16	26184321	Lin BD	2015-07-13	Genes (Basel)	www.ncbi.nlm.nih.gov/pubmed/26184321	Heritability and Genome-Wide Association Studies for Hair Color in a Dutch Twin Family Based Sample.	Red vs non-red hair color	181 European ancestry red hair individuals, 6,910 European ancestry non-red hair individuals	NA	16q24.3	16	89956285	MC1R	DEF8			ENSG00000140995			rs146972365-?	rs146972365	0	146972365	intron_variant	0	0.947	1E-55	55.0		13.888889	[13.56-14.22]	Affymetrix, Illumina, Perlegen [6473680] (imputed)	N	hair color	http://www.ebi.ac.uk/efo/EFO_0003924	GCST003020	Genome-wide genotyping array
2016-06-16	26184321	Lin BD	2015-07-13	Genes (Basel)	www.ncbi.nlm.nih.gov/pubmed/26184321	Heritability and Genome-Wide Association Studies for Hair Color in a Dutch Twin Family Based Sample.	Black vs. non-black hair color	196 European ancestry black hair individuals, 6,895 European ancestry non-black hair individuals	NA	5p13.2	5	33951588	SLC45A2	SLC45A2			ENSG00000164175			rs16891982-?	rs16891982	0	16891982	missense_variant	0	0.05	1E-6	6.0		4.9177	[4.28-5.56]	Affymetrix, Illumina, Perlegen [6473680] (imputed)	N	hair color	http://www.ebi.ac.uk/efo/EFO_0003924	GCST003019	Genome-wide genotyping array
2016-06-16	26184321	Lin BD	2015-07-13	Genes (Basel)	www.ncbi.nlm.nih.gov/pubmed/26184321	Heritability and Genome-Wide Association Studies for Hair Color in a Dutch Twin Family Based Sample.	Black vs. non-black hair color	196 European ancestry black hair individuals, 6,895 European ancestry non-black hair individuals	NA	16q12.2	16	52850617	MC1R	CASC16 - PHB1P21	ENSG00000249231	ENSG00000260326		198485	84196	rs117322171-?	rs117322171	0	117322171	intergenic_variant	1	0.014	4E-9	8.397940008672037		452.3873	[450.35-454.43]	Affymetrix, Illumina, Perlegen [6473680] (imputed)	N	hair color	http://www.ebi.ac.uk/efo/EFO_0003924	GCST003019	Genome-wide genotyping array
2016-12-16	26926045	Adhikari K	2016-03-01	Nat Commun	www.ncbi.nlm.nih.gov/pubmed/26926045	A genome-wide association scan in admixed Latin Americans identifies loci influencing facial and scalp hair features.	Hair greying	6,357 Latin American individuals	NA	2q37.1	2	233831224	DNAJB3, HJURP, LOC100286922, MROH2A, MSL3P1, SPP2, TRPM8, UGT1A1, UGT1A3, UGT1A4, UGT1A5, UGT1A6, UGT1A7, UGT1A8, UGT1A9, UGT1A10, USP40	MROH2A			ENSG00000185038			rs213546-?	rs213546	0	213546	intron_variant	0	NR	7E-6	5.154901959985743				Illumina [9143600] (imputed)	N	strand of hair color	http://purl.obolibrary.org/obo/OBA_0002313	GCST003478	Genome-wide genotyping array
2016-12-16	26926045	Adhikari K	2016-03-01	Nat Commun	www.ncbi.nlm.nih.gov/pubmed/26926045	A genome-wide association scan in admixed Latin Americans identifies loci influencing facial and scalp hair features.	Hair greying	6,357 Latin American individuals	NA	4q22.1	4	88974793	FAM13A, FAM13A-AS1, GPRIN3, HERC3, NAP1L5, TIGD2	FAM13A			ENSG00000138640			rs2085601-?	rs2085601	0	2085601	intron_variant	0	NR	9E-6	5.045757490560675				Illumina [9143600] (imputed)	N	strand of hair color	http://purl.obolibrary.org/obo/OBA_0002313	GCST003478	Genome-wide genotyping array
2016-12-16	26926045	Adhikari K	2016-03-01	Nat Commun	www.ncbi.nlm.nih.gov/pubmed/26926045	A genome-wide association scan in admixed Latin Americans identifies loci influencing facial and scalp hair features.	Hair greying	6,357 Latin American individuals	NA	6p25.3	6	396321	IRF4	IRF4			ENSG00000137265			rs12203592-?	rs12203592	0	12203592	intron_variant	0	NR	3E-13	12.522878745280337				Illumina [9143600] (imputed)	N	strand of hair color	http://purl.obolibrary.org/obo/OBA_0002313	GCST003478	Genome-wide genotyping array
2016-12-16	26926045	Adhikari K	2016-03-01	Nat Commun	www.ncbi.nlm.nih.gov/pubmed/26926045	A genome-wide association scan in admixed Latin Americans identifies loci influencing facial and scalp hair features.	Hair color	6,357 Latin American individuals	NA	6p25.3	6	396321	IRF4	IRF4			ENSG00000137265			rs12203592-?	rs12203592	0	12203592	intron_variant	0	NR	1E-13	13.0				Illumina [9143600] (imputed)	N	strand of hair color	http://purl.obolibrary.org/obo/OBA_0002313	GCST003479	Genome-wide genotyping array
2016-12-16	26926045	Adhikari K	2016-03-01	Nat Commun	www.ncbi.nlm.nih.gov/pubmed/26926045	A genome-wide association scan in admixed Latin Americans identifies loci influencing facial and scalp hair features.	Hair color	6,357 Latin American individuals	NA	15q13.1	15	28120472	HERC2, OCA2	HERC2			ENSG00000128731			rs12913832-?	rs12913832	0	12913832	intron_variant	0	NR	5E-104	103.30102999566398				Illumina [9143600] (imputed)	N	strand of hair color	http://purl.obolibrary.org/obo/OBA_0002313	GCST003479	Genome-wide genotyping array
2016-12-16	26926045	Adhikari K	2016-03-01	Nat Commun	www.ncbi.nlm.nih.gov/pubmed/26926045	A genome-wide association scan in admixed Latin Americans identifies loci influencing facial and scalp hair features.	Hair greying	6,357 Latin American individuals	NA	8p21.2	8	24351334	ADAM7, ADAM28, ADAMDEC1	ADAM7-AS1, ADAM28			ENSG00000253535, ENSG00000042980			rs7009516-?	rs7009516	0	7009516	intron_variant	0	NR	4E-6	5.3979400086720375				Illumina [9143600] (imputed)	N	strand of hair color	http://purl.obolibrary.org/obo/OBA_0002313	GCST003478	Genome-wide genotyping array
2016-12-16	26926045	Adhikari K	2016-03-01	Nat Commun	www.ncbi.nlm.nih.gov/pubmed/26926045	A genome-wide association scan in admixed Latin Americans identifies loci influencing facial and scalp hair features.	Hair greying	6,357 Latin American individuals	NA	11q14.1	11	79462038	MIR708, MIR5579, TENM4	TENM4 - RNU6-544P	ENSG00000149256	ENSG00000200146		21008	1065922	rs1912702-?	rs1912702	0	1912702	intergenic_variant	1	NR	2E-6	5.698970004336019				Illumina [9143600] (imputed)	N	strand of hair color	http://purl.obolibrary.org/obo/OBA_0002313	GCST003478	Genome-wide genotyping array
2016-12-16	26926045	Adhikari K	2016-03-01	Nat Commun	www.ncbi.nlm.nih.gov/pubmed/26926045	A genome-wide association scan in admixed Latin Americans identifies loci influencing facial and scalp hair features.	Hair greying	6,357 Latin American individuals	NA	14q24.2	14	71192892	LOC145474, PCNX, SNORD56B	PCNX1 - SIPA1L1-AS1	ENSG00000100731	ENSG00000259146		77510	99827	rs11621135-?	rs11621135	0	11621135	intron_variant	1	NR	6E-6	5.221848749616356				Illumina [9143600] (imputed)	N	strand of hair color	http://purl.obolibrary.org/obo/OBA_0002313	GCST003478	Genome-wide genotyping array
2016-12-16	26926045	Adhikari K	2016-03-01	Nat Commun	www.ncbi.nlm.nih.gov/pubmed/26926045	A genome-wide association scan in admixed Latin Americans identifies loci influencing facial and scalp hair features.	Hair greying	6,357 Latin American individuals	NA	15q21.1	15	47426258	SEMA6D	SEMA6D			ENSG00000137872			rs281229-?	rs281229	0	281229	intron_variant	0	NR	3E-7	6.522878745280337				Illumina [9143600] (imputed)	N	strand of hair color	http://purl.obolibrary.org/obo/OBA_0002313	GCST003478	Genome-wide genotyping array
2016-12-16	26926045	Adhikari K	2016-03-01	Nat Commun	www.ncbi.nlm.nih.gov/pubmed/26926045	A genome-wide association scan in admixed Latin Americans identifies loci influencing facial and scalp hair features.	Hair greying	6,357 Latin American individuals	NA	22q13.31	22	47290353	LOC101927722, TBC1D22A	TBC1D22A - LINC01644	ENSG00000054611	ENSG00000218357		114654	111944	rs9626711-?	rs9626711	0	9626711	intergenic_variant	1	NR	5E-6	5.301029995663981				Illumina [9143600] (imputed)	N	strand of hair color	http://purl.obolibrary.org/obo/OBA_0002313	GCST003478	Genome-wide genotyping array
2016-12-16	26926045	Adhikari K	2016-03-01	Nat Commun	www.ncbi.nlm.nih.gov/pubmed/26926045	A genome-wide association scan in admixed Latin Americans identifies loci influencing facial and scalp hair features.	Hair color	6,357 Latin American individuals	NA	5p13.2	5	33964105	SLC45A2	SLC45A2			ENSG00000164175			rs183671-?	rs183671	0	183671	intron_variant	0	NR	2E-59	58.69897000433602				Illumina [9143600] (imputed)	N	strand of hair color	http://purl.obolibrary.org/obo/OBA_0002313	GCST003479	Genome-wide genotyping array
2016-12-16	26926045	Adhikari K	2016-03-01	Nat Commun	www.ncbi.nlm.nih.gov/pubmed/26926045	A genome-wide association scan in admixed Latin Americans identifies loci influencing facial and scalp hair features.	Hair color	6,357 Latin American individuals	NA	11q14.3	11	88854788	TYR	GRM5			ENSG00000168959			rs598952-?	rs598952	0	598952	intron_variant	0	NR	2E-8	7.698970004336019				Illumina [9143600] (imputed)	N	strand of hair color	http://purl.obolibrary.org/obo/OBA_0002313	GCST003479	Genome-wide genotyping array
2016-12-16	26926045	Adhikari K	2016-03-01	Nat Commun	www.ncbi.nlm.nih.gov/pubmed/26926045	A genome-wide association scan in admixed Latin Americans identifies loci influencing facial and scalp hair features.	Hair color	6,357 Latin American individuals	NA	15q21.1	15	48134287	SLC24A5	SLC24A5			ENSG00000188467			rs1426654-?	rs1426654	0	1426654	missense_variant	0	NR	1E-18	18.0				Illumina [9143600] (imputed)	N	strand of hair color	http://purl.obolibrary.org/obo/OBA_0002313	GCST003479	Genome-wide genotyping array
2016-12-16	26926045	Adhikari K	2016-03-01	Nat Commun	www.ncbi.nlm.nih.gov/pubmed/26926045	A genome-wide association scan in admixed Latin Americans identifies loci influencing facial and scalp hair features.	Hair color	6,357 Latin American individuals	NA	3q28	3	189231497	TPRG1, TPRG1-AS2	TPRG1			ENSG00000188001			rs9820421-?	rs9820421	0	9820421	intron_variant	0	NR	3E-6	5.522878745280337				Illumina [9143600] (imputed)	N	strand of hair color	http://purl.obolibrary.org/obo/OBA_0002313	GCST003479	Genome-wide genotyping array
2016-12-16	26926045	Adhikari K	2016-03-01	Nat Commun	www.ncbi.nlm.nih.gov/pubmed/26926045	A genome-wide association scan in admixed Latin Americans identifies loci influencing facial and scalp hair features.	Hair color	6,357 Latin American individuals	NA	9p24.1	9	7604965	TMEM261	PPIAP33 - DMAC1	ENSG00000178654	ENSG00000137038		6588	191535	rs58680346-?	rs58680346	0	58680346	intergenic_variant	1	NR	2E-6	5.698970004336019				Illumina [9143600] (imputed)	N	strand of hair color	http://purl.obolibrary.org/obo/OBA_0002313	GCST003479	Genome-wide genotyping array
2016-12-16	26926045	Adhikari K	2016-03-01	Nat Commun	www.ncbi.nlm.nih.gov/pubmed/26926045	A genome-wide association scan in admixed Latin Americans identifies loci influencing facial and scalp hair features.	Hair color	6,357 Latin American individuals	NA	10p12.31	10	20276836	MIR4675, PLXDC2	PLXDC2			ENSG00000120594			rs12355139-?	rs12355139	0	12355139	intron_variant	0	NR	5E-6	5.301029995663981				Illumina [9143600] (imputed)	N	strand of hair color	http://purl.obolibrary.org/obo/OBA_0002313	GCST003479	Genome-wide genotyping array
2016-12-16	26926045	Adhikari K	2016-03-01	Nat Commun	www.ncbi.nlm.nih.gov/pubmed/26926045	A genome-wide association scan in admixed Latin Americans identifies loci influencing facial and scalp hair features.	Hair color	6,357 Latin American individuals	NA	16q24.2	16	88655130	APRT, CBFA2T3, CDT1, CTU2, CYBA, GALNS, IL17C, LOC339059, LOC100129697, LOC100289580, MIR4722, MIR5189, MVD, PABPN1L, PIEZO1, RNF166, SNAI3, SNAI3-AS1, TRAPPC2L, ZC3H18, ZFPM1, ZNF469	MVD			ENSG00000167508			rs4782309-?	rs4782309	0	4782309	intron_variant	0	NR	1E-7	7.0				Illumina [9143600] (imputed)	N	strand of hair color	http://purl.obolibrary.org/obo/OBA_0002313	GCST003479	Genome-wide genotyping array
2016-12-16	26926045	Adhikari K	2016-03-01	Nat Commun	www.ncbi.nlm.nih.gov/pubmed/26926045	A genome-wide association scan in admixed Latin Americans identifies loci influencing facial and scalp hair features.	Hair color	6,357 Latin American individuals	NA	18q12.3	18	44726919	LOC101927921, MIR4319, SETBP1	SETBP1			ENSG00000152217			rs9949121-?	rs9949121	0	9949121	intron_variant	0	NR	6E-6	5.221848749616356				Illumina [9143600] (imputed)	N	strand of hair color	http://purl.obolibrary.org/obo/OBA_0002313	GCST003479	Genome-wide genotyping array
2016-12-16	26926045	Adhikari K	2016-03-01	Nat Commun	www.ncbi.nlm.nih.gov/pubmed/26926045	A genome-wide association scan in admixed Latin Americans identifies loci influencing facial and scalp hair features.	Hair color	6,357 Latin American individuals	NA	Xp22.11	X	23267783	DDX53, PTCHD1, PTCHD1-AS	PTCHD1-AS			ENSG00000233067			rs5971087-?	rs5971087	0	5971087	intron_variant	0	NR	5E-7	6.301029995663981				Illumina [9143600] (imputed)	N	strand of hair color	http://purl.obolibrary.org/obo/OBA_0002313	GCST003479	Genome-wide genotyping array
2012-06-20	22556244	Kenny EE	2012-05-04	Science	www.ncbi.nlm.nih.gov/pubmed/22556244	Melanesian blond hair is caused by an amino acid change in TYRP1.	Hair color	43 Solomon Islander ancestry blond haired individuals, 42 Solomon Islander ancestry dark haired individuals	NA	9p23	9	12396731	TYRP1	RNU2-47P - LURAP1L-AS1	ENSG00000222581	ENSG00000235448		96280	234703	rs13289810-?	rs13289810	0	13289810	intergenic_variant	1	0.31	1E-19	19.0				Illumina [589241]	N	hair color	http://www.ebi.ac.uk/efo/EFO_0003924	GCST001507	Genome-wide genotyping array
2009-02-16	17952075	Sulem P	2007-10-21	Nat Genet	www.ncbi.nlm.nih.gov/pubmed/17952075	Genetic determinants of hair, eye and skin pigmentation in Europeans.	Red vs non-red hair color	2,986 Icelandic ancestry individuals	3,932 European ancestry individuals	16q24.3	16	89919709	MC1R	MC1R			ENSG00000258839			rs1805007-T	rs1805007	0	1805007	missense_variant	0	NR	2E-142	141.69897000433602		12.47	[9.37-16.60]	Illumina [317511]	N	hair color	http://www.ebi.ac.uk/efo/EFO_0003924	GCST000115	Genome-wide genotyping array
2008-06-16	17952075	Sulem P	2007-10-21	Nat Genet	www.ncbi.nlm.nih.gov/pubmed/17952075	Genetic determinants of hair, eye and skin pigmentation in Europeans.	Blond vs. brown hair color	2,986 Icelandic ancestry individuals	3,932 European ancestry individuals	14q32.12	14	92307319	SLC24A4	RNU6-366P - SLC24A4	ENSG00000201097	ENSG00000140090		41512	15262	rs12896399-T	rs12896399	0	12896399	intron_variant	1	0.44	1E-48	48.0		2.56	[2.12-3.09]	Illumina [317511]	N	hair color	http://www.ebi.ac.uk/efo/EFO_0003924	GCST000118	Genome-wide genotyping array
2008-06-16	17952075	Sulem P	2007-10-21	Nat Genet	www.ncbi.nlm.nih.gov/pubmed/17952075	Genetic determinants of hair, eye and skin pigmentation in Europeans.	Blond vs. brown hair color	2,986 Icelandic ancestry individuals	3,932 European ancestry individuals	16q24.3	16	89919709	MC1R	MC1R			ENSG00000258839			rs1805007-T	rs1805007	0	1805007	missense_variant	0	0.08	2E-13	12.698970004336019		2.34	[1.69-3.24]	Illumina [317511]	N	hair color	http://www.ebi.ac.uk/efo/EFO_0003924	GCST000118	Genome-wide genotyping array
2008-06-16	17952075	Sulem P	2007-10-21	Nat Genet	www.ncbi.nlm.nih.gov/pubmed/17952075	Genetic determinants of hair, eye and skin pigmentation in Europeans.	Blond vs. brown hair color	2,986 Icelandic ancestry individuals	3,932 European ancestry individuals	15q13.1	15	28285036	OCA2	HERC2			ENSG00000128731			rs1667394-A	rs1667394	0	1667394	intron_variant	0	0.88	6E-35	34.221848749616356		4.94	[3.16-7.71]	Illumina [317511]	N	hair color	http://www.ebi.ac.uk/efo/EFO_0003924	GCST000118	Genome-wide genotyping array
2008-06-16	17952075	Sulem P	2007-10-21	Nat Genet	www.ncbi.nlm.nih.gov/pubmed/17952075	Genetic determinants of hair, eye and skin pigmentation in Europeans.	Blond vs. brown hair color	2,986 Icelandic ancestry individuals	3,932 European ancestry individuals	12q21.33	12	88934558	KITLG	RNU1-117P - LINC02458	ENSG00000252850	ENSG00000246363		352762	76123	rs12821256-C	rs12821256	0	12821256	regulatory_region_variant	1	0.14	4E-30	29.397940008672037		2.32	[1.86-2.92]	Illumina [317511]	N	hair color	http://www.ebi.ac.uk/efo/EFO_0003924	GCST000118	Genome-wide genotyping array
2008-06-20	18483556	Han J	2008-05-16	PLoS Genet	www.ncbi.nlm.nih.gov/pubmed/18483556	A genome-wide association study identifies novel alleles associated with hair color and skin pigmentation.	Black vs. blond hair color	2,287 European ancestry female individuals	8,465 European ancestry individuals	14q32.12	14	92307319	SLC24A4	RNU6-366P - SLC24A4	ENSG00000201097	ENSG00000140090		41512	15262	rs12896399-G	rs12896399	0	12896399	intron_variant	1	NR	8E-21	20.096910013008056		0.18	[0.14-0.22] hair color score increase	Illumina [528173]	N	hair color	http://www.ebi.ac.uk/efo/EFO_0003924	GCST000190	Genome-wide genotyping array
2008-06-20	18483556	Han J	2008-05-16	PLoS Genet	www.ncbi.nlm.nih.gov/pubmed/18483556	A genome-wide association study identifies novel alleles associated with hair color and skin pigmentation.	Black vs. blond hair color	2,287 European ancestry female individuals	8,465 European ancestry individuals	15q13.1	15	28090674	OCA2	OCA2			ENSG00000104044			rs11855019-G	rs11855019	1	4778138	intron_variant	0	NR	2E-24	23.69897000433602		0.28	[0.22-0.34] hair color score decrease	Illumina [528173]	N	hair color	http://www.ebi.ac.uk/efo/EFO_0003924	GCST000190	Genome-wide genotyping array
2008-06-20	18483556	Han J	2008-05-16	PLoS Genet	www.ncbi.nlm.nih.gov/pubmed/18483556	A genome-wide association study identifies novel alleles associated with hair color and skin pigmentation.	Black vs. blond hair color	2,287 European ancestry female individuals	8,465 European ancestry individuals	15q13.1	15	28760947	intergenic	WHAMMP2 - PDCD6IPP2	ENSG00000248334	ENSG00000261377		6078	40419	rs8033165-T	rs8033165	0	8033165	intergenic_variant	1	NR	5E-11	10.301029995663981		0.12	[0.08-0.16] hair color score increase	Illumina [528173]	N	hair color	http://www.ebi.ac.uk/efo/EFO_0003924	GCST000190	Genome-wide genotyping array
2008-06-20	18483556	Han J	2008-05-16	PLoS Genet	www.ncbi.nlm.nih.gov/pubmed/18483556	A genome-wide association study identifies novel alleles associated with hair color and skin pigmentation.	Black vs. blond hair color	2,287 European ancestry female individuals	8,465 European ancestry individuals	15q13.1	15	28120472	HERC2	HERC2			ENSG00000128731			rs12913832-A	rs12913832	0	12913832	intron_variant	0	NR	4E-103	102.39794000867204		0.44	[0.40-0.48] hair color score decrease	Illumina [528173]	N	hair color	http://www.ebi.ac.uk/efo/EFO_0003924	GCST000190	Genome-wide genotyping array
2008-06-20	18483556	Han J	2008-05-16	PLoS Genet	www.ncbi.nlm.nih.gov/pubmed/18483556	A genome-wide association study identifies novel alleles associated with hair color and skin pigmentation.	Black vs. blond hair color	2,287 European ancestry female individuals	8,465 European ancestry individuals	6p25.3	6	396321	IRF4	IRF4			ENSG00000137265			rs12203592-T	rs12203592	0	12203592	intron_variant	0	NR	7E-127	126.15490195998575		0.35	[0.33-0.37] hair color score decrease	Illumina [528173]	N	hair color	http://www.ebi.ac.uk/efo/EFO_0003924	GCST000190	Genome-wide genotyping array
2008-06-20	18483556	Han J	2008-05-16	PLoS Genet	www.ncbi.nlm.nih.gov/pubmed/18483556	A genome-wide association study identifies novel alleles associated with hair color and skin pigmentation.	Black vs. blond hair color	2,287 European ancestry female individuals	8,465 European ancestry individuals	5p13.2	5	33958854	MATP	SLC45A2			ENSG00000164175			rs28777-C	rs28777	0	28777	intron_variant	0	NR	1E-17	17.0		0.46	[0.36-0.56] hair color score decrease	Illumina [528173]	N	hair color	http://www.ebi.ac.uk/efo/EFO_0003924	GCST000190	Genome-wide genotyping array
2008-06-20	18483556	Han J	2008-05-16	PLoS Genet	www.ncbi.nlm.nih.gov/pubmed/18483556	A genome-wide association study identifies novel alleles associated with hair color and skin pigmentation.	Black vs. blond hair color	2,287 European ancestry female individuals	8,465 European ancestry individuals	6p25.3	6	542159	EXOC2	EXOC2			ENSG00000112685			rs6918152-A	rs6918152	0	6918152	intron_variant	0	NR	6E-8	7.221848749616356		0.11	[0.07-0.15] hair color score increase	Illumina [528173]	N	hair color	http://www.ebi.ac.uk/efo/EFO_0003924	GCST000190	Genome-wide genotyping array
2008-07-01	18483556	Han J	2008-05-16	PLoS Genet	www.ncbi.nlm.nih.gov/pubmed/18483556	A genome-wide association study identifies novel alleles associated with hair color and skin pigmentation.	Black vs. red hair color	2,287 European ancestry female individuals	8,465 European ancestry individuals	15q13.1	15	28120472	HERC2	HERC2			ENSG00000128731			rs12913832-A	rs12913832	0	12913832	intron_variant	0	NR	1E-77	77.0		0.44	[0.40-0.48] hair color score decrease	Illumina [528173]	N	hair color	http://www.ebi.ac.uk/efo/EFO_0003924	GCST000191	Genome-wide genotyping array
2008-07-01	18483556	Han J	2008-05-16	PLoS Genet	www.ncbi.nlm.nih.gov/pubmed/18483556	A genome-wide association study identifies novel alleles associated with hair color and skin pigmentation.	Black vs. red hair color	2,287 European ancestry female individuals	8,465 European ancestry individuals	15q13.1	15	28760947	intergenic	WHAMMP2 - PDCD6IPP2	ENSG00000248334	ENSG00000261377		6078	40419	rs8033165-T	rs8033165	0	8033165	intergenic_variant	1	NR	2E-12	11.698970004336019		0.15	[0.11-0.19] hair color score increase	Illumina [528173]	N	hair color	http://www.ebi.ac.uk/efo/EFO_0003924	GCST000191	Genome-wide genotyping array
2008-07-01	18483556	Han J	2008-05-16	PLoS Genet	www.ncbi.nlm.nih.gov/pubmed/18483556	A genome-wide association study identifies novel alleles associated with hair color and skin pigmentation.	Black vs. red hair color	2,287 European ancestry female individuals	8,465 European ancestry individuals	6p25.3	6	542159	EXOC2	EXOC2			ENSG00000112685			rs6918152-A	rs6918152	0	6918152	intron_variant	0	NR	5E-7	6.301029995663981		0.11	[0.07-0.15] hair color score increase	Illumina [528173]	N	hair color	http://www.ebi.ac.uk/efo/EFO_0003924	GCST000191	Genome-wide genotyping array
2008-07-01	18483556	Han J	2008-05-16	PLoS Genet	www.ncbi.nlm.nih.gov/pubmed/18483556	A genome-wide association study identifies novel alleles associated with hair color and skin pigmentation.	Black vs. red hair color	2,287 European ancestry female individuals	8,465 European ancestry individuals	16q24.3	16	89689495	MC1R	CDK10			ENSG00000185324			rs258322-T	rs258322	0	258322	intron_variant	0	NR	2E-23	22.69897000433602		0.36	[0.28-0.44] hair color score increase	Illumina [528173]	N	hair color	http://www.ebi.ac.uk/efo/EFO_0003924	GCST000191	Genome-wide genotyping array
2008-07-01	18483556	Han J	2008-05-16	PLoS Genet	www.ncbi.nlm.nih.gov/pubmed/18483556	A genome-wide association study identifies novel alleles associated with hair color and skin pigmentation.	Black vs. red hair color	2,287 European ancestry female individuals	8,465 European ancestry individuals	5p13.2	5	33958854	MATP	SLC45A2			ENSG00000164175			rs28777-C	rs28777	0	28777	intron_variant	0	NR	9E-14	13.045757490560675		0.46	[0.34-0.58] hair color score decrease	Illumina [528173]	N	hair color	http://www.ebi.ac.uk/efo/EFO_0003924	GCST000191	Genome-wide genotyping array
2008-07-01	18483556	Han J	2008-05-16	PLoS Genet	www.ncbi.nlm.nih.gov/pubmed/18483556	A genome-wide association study identifies novel alleles associated with hair color and skin pigmentation.	Black vs. red hair color	2,287 European ancestry female individuals	8,465 European ancestry individuals	6p25.3	6	396321	IRF4	IRF4			ENSG00000137265			rs12203592-T	rs12203592	0	12203592	intron_variant	0	NR	9E-28	27.045757490560675		0.31	[0.25-0.36] hair color score decrease	Illumina [528173]	N	hair color	http://www.ebi.ac.uk/efo/EFO_0003924	GCST000191	Genome-wide genotyping array
2008-07-01	18483556	Han J	2008-05-16	PLoS Genet	www.ncbi.nlm.nih.gov/pubmed/18483556	A genome-wide association study identifies novel alleles associated with hair color and skin pigmentation.	Black vs. red hair color	2,287 European ancestry female individuals	8,465 European ancestry individuals	15q13.1	15	28090674	OCA2	OCA2			ENSG00000104044			rs11855019-G	rs11855019	1	4778138	intron_variant	0	NR	6E-20	19.221848749616356		0.29	[0.23-0.35] hair color score decrease	Illumina [528173]	N	hair color	http://www.ebi.ac.uk/efo/EFO_0003924	GCST000191	Genome-wide genotyping array
2008-06-27	18488028	Sulem P	2008-05-18	Nat Genet	www.ncbi.nlm.nih.gov/pubmed/18488028	Two newly identified genetic determinants of pigmentation in Europeans.	Blond vs. brown hair color	5,130 European ancestry individuals	3,330 European ancestry individuals	11q13.3	11	69078931	TPCN2	TPCN2			ENSG00000162341			rs35264875-T	rs35264875	0	35264875	missense_variant	0	0.22	4E-30	29.397940008672037		2.49	[1.96-3.15]	Illumina [316515]	N	hair color	http://www.ebi.ac.uk/efo/EFO_0003924	GCST000194	Genome-wide genotyping array
2008-06-27	18488028	Sulem P	2008-05-18	Nat Genet	www.ncbi.nlm.nih.gov/pubmed/18488028	Two newly identified genetic determinants of pigmentation in Europeans.	Red vs. non-red hair color	5,130 European ancestry individuals	3,330 European ancestry individuals	20q11.22	20;20	34150806;34141638	ASIP	RPS2P1 - ASIP; RPS2P1 - ASIP						rs1015362-G; rs4911414-T	rs1015362; rs4911414	0		intergenic_variant; intergenic_variant		0.08	3E-9	8.522878745280337		1.76	[1.34-2.31]	Illumina [316515]	N	hair color	http://www.ebi.ac.uk/efo/EFO_0003924	GCST000193	Genome-wide genotyping array
2010-07-16	20585627	Eriksson N	2010-06-24	PLoS Genet	www.ncbi.nlm.nih.gov/pubmed/20585627	Web-based, participant-driven studies yield novel genetic associations for common traits.	Hair color	9,126 European ancestry individuals	NA	16q24.3	16	89752324	MC1R	FANCA			ENSG00000187741			rs12931267-G	rs12931267	0	12931267	intron_variant	0	0.08	3E-10	9.522878745280337	(hair color)	0.56	[NR] unit decrease	Illumina [535076]	N	hair color	http://www.ebi.ac.uk/efo/EFO_0003924	GCST000707	Genome-wide genotyping array
2010-07-16	20585627	Eriksson N	2010-06-24	PLoS Genet	www.ncbi.nlm.nih.gov/pubmed/20585627	Web-based, participant-driven studies yield novel genetic associations for common traits.	Hair color	9,126 European ancestry individuals	NA	14q32.12	14	92307319	SLC24A4	RNU6-366P - SLC24A4	ENSG00000201097	ENSG00000140090		41512	15262	rs12896399-T	rs12896399	0	12896399	intron_variant	1	0.44	5E-13	12.301029995663981	(hair color)	0.31	[NR] unit decrease	Illumina [535076]	N	hair color	http://www.ebi.ac.uk/efo/EFO_0003924	GCST000707	Genome-wide genotyping array
2010-07-16	20585627	Eriksson N	2010-06-24	PLoS Genet	www.ncbi.nlm.nih.gov/pubmed/20585627	Web-based, participant-driven studies yield novel genetic associations for common traits.	Hair color	9,126 European ancestry individuals	NA	6p25.3	6	396321	NR	IRF4			ENSG00000137265			rs12203592-?	rs12203592	0	12203592	intron_variant	0	NR	4E-7	6.3979400086720375	(red hair)			Illumina [535076]	N	hair color	http://www.ebi.ac.uk/efo/EFO_0003924	GCST000707	Genome-wide genotyping array
2010-07-16	20585627	Eriksson N	2010-06-24	PLoS Genet	www.ncbi.nlm.nih.gov/pubmed/20585627	Web-based, participant-driven studies yield novel genetic associations for common traits.	Hair color	9,126 European ancestry individuals	NA	16q24.3	16	89752324	MC1R	FANCA			ENSG00000187741			rs12931267-G	rs12931267	0	12931267	intron_variant	0	0.08	5E-87	86.30102999566398	(red hair)	0.56	[NR] unit increase	Illumina [535076]	N	hair color	http://www.ebi.ac.uk/efo/EFO_0003924	GCST000707	Genome-wide genotyping array
2010-07-16	20585627	Eriksson N	2010-06-24	PLoS Genet	www.ncbi.nlm.nih.gov/pubmed/20585627	Web-based, participant-driven studies yield novel genetic associations for common traits.	Hair color	9,126 European ancestry individuals	NA	15q13.1	15	28120472	OCA2	HERC2			ENSG00000128731			rs12913832-A	rs12913832	0	12913832	intron_variant	0	0.23	9E-88	87.04575749056067	(hair color)	0.97	[NR] unit increase	Illumina [535076]	N	hair color	http://www.ebi.ac.uk/efo/EFO_0003924	GCST000707	Genome-wide genotyping array
2010-07-16	20585627	Eriksson N	2010-06-24	PLoS Genet	www.ncbi.nlm.nih.gov/pubmed/20585627	Web-based, participant-driven studies yield novel genetic associations for common traits.	Hair color	9,126 European ancestry individuals	NA	6p25.3	6	396321	IRF4	IRF4			ENSG00000137265			rs12203592-T	rs12203592	0	12203592	intron_variant	0	0.18	2E-28	27.69897000433602	(hair color)	0.59	[NR] unit increase	Illumina [535076]	N	hair color	http://www.ebi.ac.uk/efo/EFO_0003924	GCST000707	Genome-wide genotyping array
2010-07-16	20585627	Eriksson N	2010-06-24	PLoS Genet	www.ncbi.nlm.nih.gov/pubmed/20585627	Web-based, participant-driven studies yield novel genetic associations for common traits.	Hair color	9,126 European ancestry individuals	NA	5p13.2	5	33951588	SLC45A2	SLC45A2			ENSG00000164175			rs16891982-C	rs16891982	0	16891982	missense_variant	0	0.03	4E-20	19.397940008672037	(hair color)	1.1	[NR] unit increase	Illumina [535076]	N	hair color	http://www.ebi.ac.uk/efo/EFO_0003924	GCST000707	Genome-wide genotyping array
2010-07-16	20585627	Eriksson N	2010-06-24	PLoS Genet	www.ncbi.nlm.nih.gov/pubmed/20585627	Web-based, participant-driven studies yield novel genetic associations for common traits.	Hair color	9,126 European ancestry individuals	NA	20q11.21	20	33363039	ASIP	CDK5RAP1			ENSG00000101391			rs291671-G	rs291671	0	291671	intron_variant	0	0.10	2E-15	14.698970004336019	(red hair)	0.22	[NR] unit increase	Illumina [535076]	N	hair color	http://www.ebi.ac.uk/efo/EFO_0003924	GCST000707	Genome-wide genotyping array
2010-07-16	20585627	Eriksson N	2010-06-24	PLoS Genet	www.ncbi.nlm.nih.gov/pubmed/20585627	Web-based, participant-driven studies yield novel genetic associations for common traits.	Hair color	9,126 European ancestry individuals	NA	8q24.3	8	141622215	NR	C8orf90 - MIR1302-7	ENSG00000226490	ENSG00000221768		103478	164027	rs13263959-?	rs13263959	0	13263959	intron_variant	1	NR	8E-7	6.096910013008056	(hair color)			Illumina [535076]	N	hair color	http://www.ebi.ac.uk/efo/EFO_0003924	GCST000707	Genome-wide genotyping array
2010-07-16	20585627	Eriksson N	2010-06-24	PLoS Genet	www.ncbi.nlm.nih.gov/pubmed/20585627	Web-based, participant-driven studies yield novel genetic associations for common traits.	Hair color	9,126 European ancestry individuals	NA	5p13.2	5	33951588	NR	SLC45A2			ENSG00000164175			rs16891982-?	rs16891982	0	16891982	missense_variant	0	NR	4E-20	19.397940008672037	(hair color)			Illumina [535076]	N	hair color	http://www.ebi.ac.uk/efo/EFO_0003924	GCST000707	Genome-wide genotyping array
2010-07-16	20585627	Eriksson N	2010-06-24	PLoS Genet	www.ncbi.nlm.nih.gov/pubmed/20585627	Web-based, participant-driven studies yield novel genetic associations for common traits.	Hair color	9,126 European ancestry individuals	NA	11q13.3	11	69072692	NR	TPCN2			ENSG00000162341			rs3750965-?	rs3750965	0	3750965	missense_variant	0	NR	3E-7	6.522878745280337	(hair color)			Illumina [535076]	N	hair color	http://www.ebi.ac.uk/efo/EFO_0003924	GCST000707	Genome-wide genotyping array
2010-07-16	20585627	Eriksson N	2010-06-24	PLoS Genet	www.ncbi.nlm.nih.gov/pubmed/20585627	Web-based, participant-driven studies yield novel genetic associations for common traits.	Hair color	9,126 European ancestry individuals	NA	11q24.2	11	126426694	NR	KIRREL3, ST3GAL4			ENSG00000149571, ENSG00000110080			rs4935969-?	rs4935969	0	4935969	intron_variant	0	NR	4E-7	6.3979400086720375	(hair color)			Illumina [535076]	N	hair color	http://www.ebi.ac.uk/efo/EFO_0003924	GCST000707	Genome-wide genotyping array
2013-08-10	23548203	Zhang M	2013-04-01	Hum Mol Genet	www.ncbi.nlm.nih.gov/pubmed/23548203	Genome-wide association studies identify several new loci associated with pigmentation traits and skin cancer risk in European Americans.	Hair color	7,070 European ancestry individuals	4,155 European ancestry individuals	13q22.3	13	77807011	EDNRB	EDNRB-AS1			ENSG00000225579			rs975739-G	rs975739	0	975739	intron_variant	0	NR	2E-14	13.698970004336019		0.08	[0.060-0.100] unit increase	Affymetrix, Illumina [7588169] (imputed)	N	hair color	http://www.ebi.ac.uk/efo/EFO_0003924	GCST001932	Genome-wide genotyping array
2013-08-10	23548203	Zhang M	2013-04-01	Hum Mol Genet	www.ncbi.nlm.nih.gov/pubmed/23548203	Genome-wide association studies identify several new loci associated with pigmentation traits and skin cancer risk in European Americans.	Hair color	7,070 European ancestry individuals	4,155 European ancestry individuals	6p25.3	6	396321	IRF4	IRF4			ENSG00000137265			rs12203592-C	rs12203592	0	12203592	intron_variant	0	NR	1E-28	28.0		0.35	[0.29-0.41] unit increase	Affymetrix, Illumina [7588169] (imputed)	N	hair color	http://www.ebi.ac.uk/efo/EFO_0003924	GCST001932	Genome-wide genotyping array
2013-08-10	23548203	Zhang M	2013-04-01	Hum Mol Genet	www.ncbi.nlm.nih.gov/pubmed/23548203	Genome-wide association studies identify several new loci associated with pigmentation traits and skin cancer risk in European Americans.	Hair color	7,070 European ancestry individuals	4,155 European ancestry individuals	12q21.33	12	88934558	KITLG	RNU1-117P - LINC02458	ENSG00000252850	ENSG00000246363		352762	76123	rs12821256-C	rs12821256	0	12821256	regulatory_region_variant	1	NR	7E-19	18.154901959985743		0.18	[0.14-0.22] unit increase	Affymetrix, Illumina [7588169] (imputed)	N	hair color	http://www.ebi.ac.uk/efo/EFO_0003924	GCST001932	Genome-wide genotyping array
2013-08-10	23548203	Zhang M	2013-04-01	Hum Mol Genet	www.ncbi.nlm.nih.gov/pubmed/23548203	Genome-wide association studies identify several new loci associated with pigmentation traits and skin cancer risk in European Americans.	Hair color	7,070 European ancestry individuals	4,155 European ancestry individuals	14q32.12	14	92307319	SLC24A4	RNU6-366P - SLC24A4	ENSG00000201097	ENSG00000140090		41512	15262	rs12896399-G	rs12896399	0	12896399	intron_variant	1	NR	2E-36	35.69897000433602		0.16	[0.14-0.18] unit decrease	Affymetrix, Illumina [7588169] (imputed)	N	hair color	http://www.ebi.ac.uk/efo/EFO_0003924	GCST001932	Genome-wide genotyping array
2013-08-10	23548203	Zhang M	2013-04-01	Hum Mol Genet	www.ncbi.nlm.nih.gov/pubmed/23548203	Genome-wide association studies identify several new loci associated with pigmentation traits and skin cancer risk in European Americans.	Hair color	7,070 European ancestry individuals	4,155 European ancestry individuals	15q13.1	15	28120472	HERC2	HERC2			ENSG00000128731			rs12913832-G	rs12913832	0	12913832	intron_variant	0	NR	1E-167	167.0		0.39	[0.37-0.41] unit increase	Affymetrix, Illumina [7588169] (imputed)	N	hair color	http://www.ebi.ac.uk/efo/EFO_0003924	GCST001932	Genome-wide genotyping array
2013-08-10	23548203	Zhang M	2013-04-01	Hum Mol Genet	www.ncbi.nlm.nih.gov/pubmed/23548203	Genome-wide association studies identify several new loci associated with pigmentation traits and skin cancer risk in European Americans.	Hair color	7,070 European ancestry individuals	4,155 European ancestry individuals	16q24.3	16	89919709	MC1R	MC1R			ENSG00000258839			rs1805007-C	rs1805007	0	1805007	missense_variant	0	NR	3E-9	8.522878745280337		0.16	[0.10-0.22] unit decrease	Affymetrix, Illumina [7588169] (imputed)	N	hair color	http://www.ebi.ac.uk/efo/EFO_0003924	GCST001932	Genome-wide genotyping array
2023-03-10	36672889	Farre X	2023-01-05	Genes (Basel)	www.ncbi.nlm.nih.gov/pubmed/36672889	Skin Phototype and Disease: A Comprehensive Genetic Approach to Pigmentary Traits Pleiotropy Using PRS in the GCAT Cohort.	Brown vs. black hair color	3,750 Iberian ancestry cases, 952 Iberian ancestry controls	NA	5p13.2	5	33962665		SLC45A2			ENSG00000164175			rs28117-G	rs28117	0	28117	intron_variant	0	0.112612	1E-26	26.0		0.818148	[0.67-0.97] unit decrease	Illumina [10216971] (imputed)	N	hair color	http://www.ebi.ac.uk/efo/EFO_0003924	GCST90255683	Genome-wide genotyping array
2023-03-10	36672889	Farre X	2023-01-05	Genes (Basel)	www.ncbi.nlm.nih.gov/pubmed/36672889	Skin Phototype and Disease: A Comprehensive Genetic Approach to Pigmentary Traits Pleiotropy Using PRS in the GCAT Cohort.	Brown vs. black hair color	3,750 Iberian ancestry cases, 952 Iberian ancestry controls	NA	6p25.3	6	471136		IRF4 - EXOC2	ENSG00000137265	ENSG00000112685		59693	13997	rs12202284-A	rs12202284	0	12202284	intron_variant	1	0.223813	1E-8	8.0		0.380839	[0.25-0.51] unit decrease	Illumina [10216971] (imputed)	N	hair color	http://www.ebi.ac.uk/efo/EFO_0003924	GCST90255683	Genome-wide genotyping array
2023-03-10	36672889	Farre X	2023-01-05	Genes (Basel)	www.ncbi.nlm.nih.gov/pubmed/36672889	Skin Phototype and Disease: A Comprehensive Genetic Approach to Pigmentary Traits Pleiotropy Using PRS in the GCAT Cohort.	Brown vs. black hair color	3,750 Iberian ancestry cases, 952 Iberian ancestry controls	NA	5p13.2	5	33960279		SLC45A2			ENSG00000164175			rs10565330-CAT	rs10565330	0	10565330	intron_variant	0	0.0230524	5E-9	8.301029995663981		1.03142	[0.69-1.38] unit decrease	Illumina [10216971] (imputed)	N	hair color	http://www.ebi.ac.uk/efo/EFO_0003924	GCST90255683	Genome-wide genotyping array
2023-03-10	36672889	Farre X	2023-01-05	Genes (Basel)	www.ncbi.nlm.nih.gov/pubmed/36672889	Skin Phototype and Disease: A Comprehensive Genetic Approach to Pigmentary Traits Pleiotropy Using PRS in the GCAT Cohort.	Brown vs. black hair color	3,750 Iberian ancestry cases, 952 Iberian ancestry controls	NA	5p13.2	5	33844457		ADAMTS12			ENSG00000151388			rs116074720-A	rs116074720	0	116074720	intron_variant	0	0.443057	5E-9	8.301029995663981		0.321762	[0.21-0.43] unit increase	Illumina [10216971] (imputed)	N	hair color	http://www.ebi.ac.uk/efo/EFO_0003924	GCST90255683	Genome-wide genotyping array
2023-03-10	36672889	Farre X	2023-01-05	Genes (Basel)	www.ncbi.nlm.nih.gov/pubmed/36672889	Skin Phototype and Disease: A Comprehensive Genetic Approach to Pigmentary Traits Pleiotropy Using PRS in the GCAT Cohort.	Brown vs. black hair color	3,750 Iberian ancestry cases, 952 Iberian ancestry controls	NA	5p13.2	5	33966428		SLC45A2			ENSG00000164175			rs1184030188-C	rs1184030188	1	367752652	intron_variant	0	0.0407337	6E-9	8.221848749616356		0.770117	[0.51-1.03] unit decrease	Illumina [10216971] (imputed)	N	hair color	http://www.ebi.ac.uk/efo/EFO_0003924	GCST90255683	Genome-wide genotyping array
2023-03-10	36672889	Farre X	2023-01-05	Genes (Basel)	www.ncbi.nlm.nih.gov/pubmed/36672889	Skin Phototype and Disease: A Comprehensive Genetic Approach to Pigmentary Traits Pleiotropy Using PRS in the GCAT Cohort.	Brown vs. black hair color	3,750 Iberian ancestry cases, 952 Iberian ancestry controls	NA	5p13.2	5	33915708		ADAMTS12 - RXFP3	ENSG00000151388	ENSG00000182631		23689	20678	rs11955798-A	rs11955798	0	11955798	intergenic_variant	1	0.19945	8E-14	13.096910013008056		0.468904	[0.35-0.59] unit decrease	Illumina [10216971] (imputed)	N	hair color	http://www.ebi.ac.uk/efo/EFO_0003924	GCST90255683	Genome-wide genotyping array
2023-03-10	36672889	Farre X	2023-01-05	Genes (Basel)	www.ncbi.nlm.nih.gov/pubmed/36672889	Skin Phototype and Disease: A Comprehensive Genetic Approach to Pigmentary Traits Pleiotropy Using PRS in the GCAT Cohort.	Brown vs. black hair color	3,750 Iberian ancestry cases, 952 Iberian ancestry controls	NA	6p25.3	6	396321		IRF4			ENSG00000137265			rs12203592-T	rs12203592	0	12203592	intron_variant	0	0.1443	3E-46	45.52287874528034		1.03405	[0.89-1.18] unit decrease	Illumina [10216971] (imputed)	N	hair color	http://www.ebi.ac.uk/efo/EFO_0003924	GCST90255683	Genome-wide genotyping array
2023-03-10	36672889	Farre X	2023-01-05	Genes (Basel)	www.ncbi.nlm.nih.gov/pubmed/36672889	Skin Phototype and Disease: A Comprehensive Genetic Approach to Pigmentary Traits Pleiotropy Using PRS in the GCAT Cohort.	Brown vs. black hair color	3,750 Iberian ancestry cases, 952 Iberian ancestry controls	NA	6p25.3	6	475489		IRF4 - EXOC2	ENSG00000137265	ENSG00000112685		64046	9644	rs12210050-T	rs12210050	0	12210050	non_coding_transcript_exon_variant	1	0.133879	6E-14	13.221848749616356		0.557927	[0.41-0.7] unit decrease	Illumina [10216971] (imputed)	N	hair color	http://www.ebi.ac.uk/efo/EFO_0003924	GCST90255683	Genome-wide genotyping array
2023-03-10	36672889	Farre X	2023-01-05	Genes (Basel)	www.ncbi.nlm.nih.gov/pubmed/36672889	Skin Phototype and Disease: A Comprehensive Genetic Approach to Pigmentary Traits Pleiotropy Using PRS in the GCAT Cohort.	Brown vs. black hair color	3,750 Iberian ancestry cases, 952 Iberian ancestry controls	NA	15q13.1	15	28120472		HERC2			ENSG00000128731			rs12913832-G	rs12913832	0	12913832	intron_variant	0	0.33943	8E-23	22.096910013008056		0.605471	[0.48-0.73] unit increase	Illumina [10216971] (imputed)	N	hair color	http://www.ebi.ac.uk/efo/EFO_0003924	GCST90255683	Genome-wide genotyping array
2023-03-10	36672889	Farre X	2023-01-05	Genes (Basel)	www.ncbi.nlm.nih.gov/pubmed/36672889	Skin Phototype and Disease: A Comprehensive Genetic Approach to Pigmentary Traits Pleiotropy Using PRS in the GCAT Cohort.	Brown vs. black hair color	3,750 Iberian ancestry cases, 952 Iberian ancestry controls	NA	5p13.2	5	33944490		RXFP3 - SLC45A2	ENSG00000182631	ENSG00000164175		5572	133	rs1491276502-A	rs1491276502	1	869097159	intergenic_variant	1	0.0646878	7E-12	11.154901959985743		0.790624	[0.56-1.02] unit decrease	Illumina [10216971] (imputed)	N	hair color	http://www.ebi.ac.uk/efo/EFO_0003924	GCST90255683	Genome-wide genotyping array
2023-03-10	36672889	Farre X	2023-01-05	Genes (Basel)	www.ncbi.nlm.nih.gov/pubmed/36672889	Skin Phototype and Disease: A Comprehensive Genetic Approach to Pigmentary Traits Pleiotropy Using PRS in the GCAT Cohort.	Brown vs. black hair color	3,750 Iberian ancestry cases, 952 Iberian ancestry controls	NA	5p13.2	5	33909738		ADAMTS12 - RXFP3	ENSG00000151388	ENSG00000182631		17719	26648	rs1549283-C	rs1549283	0	1549283	intergenic_variant	1	0.0719906	2E-13	12.698970004336019		0.691845	[0.51-0.88] unit decrease	Illumina [10216971] (imputed)	N	hair color	http://www.ebi.ac.uk/efo/EFO_0003924	GCST90255683	Genome-wide genotyping array
2023-03-10	36672889	Farre X	2023-01-05	Genes (Basel)	www.ncbi.nlm.nih.gov/pubmed/36672889	Skin Phototype and Disease: A Comprehensive Genetic Approach to Pigmentary Traits Pleiotropy Using PRS in the GCAT Cohort.	Brown vs. black hair color	3,750 Iberian ancestry cases, 952 Iberian ancestry controls	NA	5p13.2	5	33951588		SLC45A2			ENSG00000164175			rs16891982-C	rs16891982	0	16891982	missense_variant	0	0.155717	2E-44	43.69897000433602		0.969685	[0.83-1.11] unit decrease	Illumina [10216971] (imputed)	N	hair color	http://www.ebi.ac.uk/efo/EFO_0003924	GCST90255683	Genome-wide genotyping array
2023-03-10	36672889	Farre X	2023-01-05	Genes (Basel)	www.ncbi.nlm.nih.gov/pubmed/36672889	Skin Phototype and Disease: A Comprehensive Genetic Approach to Pigmentary Traits Pleiotropy Using PRS in the GCAT Cohort.	Brown vs. black hair color	3,750 Iberian ancestry cases, 952 Iberian ancestry controls	NA											rs34872037-TTAAC	rs34872037	0	34872037		1	0.374529	8E-9	8.096910013008056		0.330498	[0.22-0.44] unit increase	Illumina [10216971] (imputed)	N	hair color	http://www.ebi.ac.uk/efo/EFO_0003924	GCST90255683	Genome-wide genotyping array
2023-03-10	36672889	Farre X	2023-01-05	Genes (Basel)	www.ncbi.nlm.nih.gov/pubmed/36672889	Skin Phototype and Disease: A Comprehensive Genetic Approach to Pigmentary Traits Pleiotropy Using PRS in the GCAT Cohort.	Brown vs. black hair color	3,750 Iberian ancestry cases, 952 Iberian ancestry controls	NA	5p13.2	5	33946038		SLC45A2			ENSG00000164175			rs35406-G	rs35406	0	35406	3_prime_UTR_variant	0	0.0707564	2E-17	16.69897000433602		0.800613	[0.62-0.99] unit decrease	Illumina [10216971] (imputed)	N	hair color	http://www.ebi.ac.uk/efo/EFO_0003924	GCST90255683	Genome-wide genotyping array
2023-03-10	36672889	Farre X	2023-01-05	Genes (Basel)	www.ncbi.nlm.nih.gov/pubmed/36672889	Skin Phototype and Disease: A Comprehensive Genetic Approach to Pigmentary Traits Pleiotropy Using PRS in the GCAT Cohort.	Brown vs. black hair color	3,750 Iberian ancestry cases, 952 Iberian ancestry controls	NA	15q13.1	15	28334401		HERC2P1			ENSG00000261401			rs62009212-G	rs62009212	0	62009212	intron_variant	0	0.383315	5E-12	11.301029995663981		0.433897	[0.31-0.56] unit decrease	Illumina [10216971] (imputed)	N	hair color	http://www.ebi.ac.uk/efo/EFO_0003924	GCST90255683	Genome-wide genotyping array
2023-03-10	36672889	Farre X	2023-01-05	Genes (Basel)	www.ncbi.nlm.nih.gov/pubmed/36672889	Skin Phototype and Disease: A Comprehensive Genetic Approach to Pigmentary Traits Pleiotropy Using PRS in the GCAT Cohort.	Brown vs. black hair color	3,750 Iberian ancestry cases, 952 Iberian ancestry controls	NA	6p25.3	6	615736		EXOC2			ENSG00000112685			rs74445037-G	rs74445037	0	74445037	intron_variant	0	0.0862399	3E-12	11.522878745280337		0.604639	[0.44-0.77] unit decrease	Illumina [10216971] (imputed)	N	hair color	http://www.ebi.ac.uk/efo/EFO_0003924	GCST90255683	Genome-wide genotyping array
2023-03-10	36672889	Farre X	2023-01-05	Genes (Basel)	www.ncbi.nlm.nih.gov/pubmed/36672889	Skin Phototype and Disease: A Comprehensive Genetic Approach to Pigmentary Traits Pleiotropy Using PRS in the GCAT Cohort.	Brown vs. black hair color	3,750 Iberian ancestry cases, 952 Iberian ancestry controls	NA	6p25.3	6	617474		EXOC2			ENSG00000112685			rs76632889-C	rs76632889	0	76632889	intron_variant	0	0.0383551	5E-9	8.301029995663981		0.79125	[0.53-1.06] unit decrease	Illumina [10216971] (imputed)	N	hair color	http://www.ebi.ac.uk/efo/EFO_0003924	GCST90255683	Genome-wide genotyping array
2023-03-10	36672889	Farre X	2023-01-05	Genes (Basel)	www.ncbi.nlm.nih.gov/pubmed/36672889	Skin Phototype and Disease: A Comprehensive Genetic Approach to Pigmentary Traits Pleiotropy Using PRS in the GCAT Cohort.	Brown vs. black hair color	3,750 Iberian ancestry cases, 952 Iberian ancestry controls	NA	15q13.1	15	28268218		HERC2			ENSG00000128731			rs916977-T	rs916977	0	916977	intron_variant	0	0.386431	9E-9	8.045757490560675		0.313027	[0.21-0.42] unit decrease	Illumina [10216971] (imputed)	N	hair color	http://www.ebi.ac.uk/efo/EFO_0003924	GCST90255683	Genome-wide genotyping array
2023-03-10	36672889	Farre X	2023-01-05	Genes (Basel)	www.ncbi.nlm.nih.gov/pubmed/36672889	Skin Phototype and Disease: A Comprehensive Genetic Approach to Pigmentary Traits Pleiotropy Using PRS in the GCAT Cohort.	Red vs non-red hair color	34 Iberian ancestry cases, 4,945 Iberian ancestry controls	NA	16q24.3	16	89689495		CDK10			ENSG00000185324			rs258322-A	rs258322	0	258322	intron_variant	0	0.0445873	6E-19	18.221848749616356		2.42492	[1.89-2.96] unit increase	Illumina [10216971] (imputed)	N	hair color	http://www.ebi.ac.uk/efo/EFO_0003924	GCST90255681	Genome-wide genotyping array
2023-03-10	36672889	Farre X	2023-01-05	Genes (Basel)	www.ncbi.nlm.nih.gov/pubmed/36672889	Skin Phototype and Disease: A Comprehensive Genetic Approach to Pigmentary Traits Pleiotropy Using PRS in the GCAT Cohort.	Red vs non-red hair color	34 Iberian ancestry cases, 4,945 Iberian ancestry controls	NA	16q24.3	16	89400032		ANKRD11			ENSG00000167522			rs28431356-C	rs28431356	0	28431356	intron_variant	0	0.111996	3E-14	13.522878745280337		2.04642	[1.52-2.57] unit increase	Illumina [10216971] (imputed)	N	hair color	http://www.ebi.ac.uk/efo/EFO_0003924	GCST90255681	Genome-wide genotyping array
2023-03-10	36672889	Farre X	2023-01-05	Genes (Basel)	www.ncbi.nlm.nih.gov/pubmed/36672889	Skin Phototype and Disease: A Comprehensive Genetic Approach to Pigmentary Traits Pleiotropy Using PRS in the GCAT Cohort.	Red vs non-red hair color	34 Iberian ancestry cases, 4,945 Iberian ancestry controls	NA	16q24.3	16	89714264		VPS9D1-AS1, VPS9D1			ENSG00000261373, ENSG00000075399			rs34133162-A	rs34133162	0	34133162	intron_variant	0	0.165777	4E-9	8.397940008672037		1.36718	[0.91-1.82] unit increase	Illumina [10216971] (imputed)	N	hair color	http://www.ebi.ac.uk/efo/EFO_0003924	GCST90255681	Genome-wide genotyping array
2023-03-10	36672889	Farre X	2023-01-05	Genes (Basel)	www.ncbi.nlm.nih.gov/pubmed/36672889	Skin Phototype and Disease: A Comprehensive Genetic Approach to Pigmentary Traits Pleiotropy Using PRS in the GCAT Cohort.	Red vs non-red hair color	34 Iberian ancestry cases, 4,945 Iberian ancestry controls	NA	16q24.3	16	89820841		SPIRE2			ENSG00000204991			rs35096708-A	rs35096708	0	35096708	intergenic_variant	0	0.190145	9E-10	9.045757490560675		1.41016	[0.96-1.86] unit increase	Illumina [10216971] (imputed)	N	hair color	http://www.ebi.ac.uk/efo/EFO_0003924	GCST90255681	Genome-wide genotyping array
2023-03-10	36672889	Farre X	2023-01-05	Genes (Basel)	www.ncbi.nlm.nih.gov/pubmed/36672889	Skin Phototype and Disease: A Comprehensive Genetic Approach to Pigmentary Traits Pleiotropy Using PRS in the GCAT Cohort.	Red vs non-red hair color	34 Iberian ancestry cases, 4,945 Iberian ancestry controls	NA	16q24.3	16	89867443		SPIRE2			ENSG00000204991			rs35360258-A	rs35360258	0	35360258	intron_variant	0	0.152459	1E-10	10.0		1.53023	[1.07-1.99] unit increase	Illumina [10216971] (imputed)	N	hair color	http://www.ebi.ac.uk/efo/EFO_0003924	GCST90255681	Genome-wide genotyping array
2023-03-10	36672889	Farre X	2023-01-05	Genes (Basel)	www.ncbi.nlm.nih.gov/pubmed/36672889	Skin Phototype and Disease: A Comprehensive Genetic Approach to Pigmentary Traits Pleiotropy Using PRS in the GCAT Cohort.	Red vs non-red hair color	34 Iberian ancestry cases, 4,945 Iberian ancestry controls	NA	16q24.3	16	89579029		CPNE7			ENSG00000178773			rs369230-G	rs369230	0	369230	intron_variant	0	0.193934	9E-13	12.045757490560675		1.68459	[1.22-2.15] unit increase	Illumina [10216971] (imputed)	N	hair color	http://www.ebi.ac.uk/efo/EFO_0003924	GCST90255681	Genome-wide genotyping array
2023-03-10	36672889	Farre X	2023-01-05	Genes (Basel)	www.ncbi.nlm.nih.gov/pubmed/36672889	Skin Phototype and Disease: A Comprehensive Genetic Approach to Pigmentary Traits Pleiotropy Using PRS in the GCAT Cohort.	Red vs non-red hair color	34 Iberian ancestry cases, 4,945 Iberian ancestry controls	NA	16q24.3	16	89626691		DPEP1			ENSG00000015413			rs4248913-A	rs4248913	0	4248913	intron_variant	0	0.034039	5E-18	17.30102999566398		2.49625	[1.93-3.06] unit increase	Illumina [10216971] (imputed)	N	hair color	http://www.ebi.ac.uk/efo/EFO_0003924	GCST90255681	Genome-wide genotyping array
2023-03-10	36672889	Farre X	2023-01-05	Genes (Basel)	www.ncbi.nlm.nih.gov/pubmed/36672889	Skin Phototype and Disease: A Comprehensive Genetic Approach to Pigmentary Traits Pleiotropy Using PRS in the GCAT Cohort.	Red vs non-red hair color	34 Iberian ancestry cases, 4,945 Iberian ancestry controls	NA	16q24.3	16	89963009		DEF8			ENSG00000140995			rs4785751-G	rs4785751	0	4785751	intron_variant	0	0.410424	3E-9	8.522878745280337		1.56858	[1.05-2.09] unit increase	Illumina [10216971] (imputed)	N	hair color	http://www.ebi.ac.uk/efo/EFO_0003924	GCST90255681	Genome-wide genotyping array
2023-03-10	36672889	Farre X	2023-01-05	Genes (Basel)	www.ncbi.nlm.nih.gov/pubmed/36672889	Skin Phototype and Disease: A Comprehensive Genetic Approach to Pigmentary Traits Pleiotropy Using PRS in the GCAT Cohort.	Red vs non-red hair color	34 Iberian ancestry cases, 4,945 Iberian ancestry controls	NA	16q24.3	16	89618253		DPEP1			ENSG00000015413			rs4968049-A	rs4968049	0	4968049	intron_variant	0	0.0488084	5E-18	17.30102999566398		2.37468	[1.84-2.91] unit increase	Illumina [10216971] (imputed)	N	hair color	http://www.ebi.ac.uk/efo/EFO_0003924	GCST90255681	Genome-wide genotyping array
2023-03-10	36672889	Farre X	2023-01-05	Genes (Basel)	www.ncbi.nlm.nih.gov/pubmed/36672889	Skin Phototype and Disease: A Comprehensive Genetic Approach to Pigmentary Traits Pleiotropy Using PRS in the GCAT Cohort.	Red vs non-red hair color	34 Iberian ancestry cases, 4,945 Iberian ancestry controls	NA	3p26.3	3	2328412		CNTN4			ENSG00000144619			rs528519891-A	rs528519891	0	528519891	intron_variant	0	0.0138136	3E-8	7.522878745280337		2.32247	[1.5-3.15] unit increase	Illumina [10216971] (imputed)	N	hair color	http://www.ebi.ac.uk/efo/EFO_0003924	GCST90255681	Genome-wide genotyping array
2023-03-10	36672889	Farre X	2023-01-05	Genes (Basel)	www.ncbi.nlm.nih.gov/pubmed/36672889	Skin Phototype and Disease: A Comprehensive Genetic Approach to Pigmentary Traits Pleiotropy Using PRS in the GCAT Cohort.	Red vs non-red hair color	34 Iberian ancestry cases, 4,945 Iberian ancestry controls	NA	6q27	6	167659946		TCP10L3 - LINC02538	ENSG00000290751	ENSG00000272549		275436	6894	rs532745854-C	rs532745854	0	532745854	intergenic_variant	1	0.0218365	1E-8	8.0		2.29135	[1.51-3.08] unit increase	Illumina [10216971] (imputed)	N	hair color	http://www.ebi.ac.uk/efo/EFO_0003924	GCST90255681	Genome-wide genotyping array
2023-03-10	36672889	Farre X	2023-01-05	Genes (Basel)	www.ncbi.nlm.nih.gov/pubmed/36672889	Skin Phototype and Disease: A Comprehensive Genetic Approach to Pigmentary Traits Pleiotropy Using PRS in the GCAT Cohort.	Red vs non-red hair color	34 Iberian ancestry cases, 4,945 Iberian ancestry controls	NA	16q24.3	16	89702397		SPATA2L - VPS9D1	ENSG00000158792	ENSG00000075399		692	4731	rs545600541-A	rs545600541	0	545600541	intergenic_variant	1	0.0109714	4E-8	7.3979400086720375		2.52677	[1.62-3.43] unit increase	Illumina [10216971] (imputed)	N	hair color	http://www.ebi.ac.uk/efo/EFO_0003924	GCST90255681	Genome-wide genotyping array
2023-03-10	36672889	Farre X	2023-01-05	Genes (Basel)	www.ncbi.nlm.nih.gov/pubmed/36672889	Skin Phototype and Disease: A Comprehensive Genetic Approach to Pigmentary Traits Pleiotropy Using PRS in the GCAT Cohort.	Red vs non-red hair color	34 Iberian ancestry cases, 4,945 Iberian ancestry controls	NA	16q24.3	16	89469480		ANKRD11			ENSG00000167522			rs55637757-T	rs55637757	0	55637757	intron_variant	0	0.0404859	5E-15	14.301029995663981		2.19916	[1.65-2.75] unit increase	Illumina [10216971] (imputed)	N	hair color	http://www.ebi.ac.uk/efo/EFO_0003924	GCST90255681	Genome-wide genotyping array
2023-03-10	36672889	Farre X	2023-01-05	Genes (Basel)	www.ncbi.nlm.nih.gov/pubmed/36672889	Skin Phototype and Disease: A Comprehensive Genetic Approach to Pigmentary Traits Pleiotropy Using PRS in the GCAT Cohort.	Red vs non-red hair color	34 Iberian ancestry cases, 4,945 Iberian ancestry controls	NA	14q31.3	14	88749001		EML5			ENSG00000165521			rs57461245-GA	rs57461245	0	57461245	intron_variant	0	0.0112958	3E-8	7.522878745280337		2.57058	[1.67-3.48] unit increase	Illumina [10216971] (imputed)	N	hair color	http://www.ebi.ac.uk/efo/EFO_0003924	GCST90255681	Genome-wide genotyping array
2023-03-10	36672889	Farre X	2023-01-05	Genes (Basel)	www.ncbi.nlm.nih.gov/pubmed/36672889	Skin Phototype and Disease: A Comprehensive Genetic Approach to Pigmentary Traits Pleiotropy Using PRS in the GCAT Cohort.	Red vs non-red hair color	34 Iberian ancestry cases, 4,945 Iberian ancestry controls	NA	16q24.3	16	89615782		DPEP1			ENSG00000015413			rs57856222-T	rs57856222	0	57856222	intron_variant	0	0.0281462	7E-22	21.154901959985743		2.88863	[2.3-3.48] unit increase	Illumina [10216971] (imputed)	N	hair color	http://www.ebi.ac.uk/efo/EFO_0003924	GCST90255681	Genome-wide genotyping array
2023-03-10	36672889	Farre X	2023-01-05	Genes (Basel)	www.ncbi.nlm.nih.gov/pubmed/36672889	Skin Phototype and Disease: A Comprehensive Genetic Approach to Pigmentary Traits Pleiotropy Using PRS in the GCAT Cohort.	Red vs non-red hair color	34 Iberian ancestry cases, 4,945 Iberian ancestry controls	NA	18q21.32	18	60451610		MC4R - MRPS5P4	ENSG00000166603	ENSG00000266915		78835	68231	rs62095805-A	rs62095805	0	62095805	intron_variant	1	0.0196827	9E-10	9.045757490560675		2.15898	[1.47-2.85] unit increase	Illumina [10216971] (imputed)	N	hair color	http://www.ebi.ac.uk/efo/EFO_0003924	GCST90255681	Genome-wide genotyping array
2023-03-10	36672889	Farre X	2023-01-05	Genes (Basel)	www.ncbi.nlm.nih.gov/pubmed/36672889	Skin Phototype and Disease: A Comprehensive Genetic Approach to Pigmentary Traits Pleiotropy Using PRS in the GCAT Cohort.	Red vs non-red hair color	34 Iberian ancestry cases, 4,945 Iberian ancestry controls	NA	16q24.3	16	89567131		RPL13			ENSG00000167526			rs71134240-CA	rs71134240	0	71134240	intron_variant	0	0.171388	2E-9	8.698970004336019		1.51387	[1.02-2.01] unit increase	Illumina [10216971] (imputed)	N	hair color	http://www.ebi.ac.uk/efo/EFO_0003924	GCST90255681	Genome-wide genotyping array
2023-03-10	36672889	Farre X	2023-01-05	Genes (Basel)	www.ncbi.nlm.nih.gov/pubmed/36672889	Skin Phototype and Disease: A Comprehensive Genetic Approach to Pigmentary Traits Pleiotropy Using PRS in the GCAT Cohort.	Red vs non-red hair color	34 Iberian ancestry cases, 4,945 Iberian ancestry controls	NA	10q26.11	10	119520671		RGS10			ENSG00000148908			rs72840707-C	rs72840707	0	72840707	intron_variant	0	0.017493	1E-9	9.0		2.4405	[1.66-3.23] unit increase	Illumina [10216971] (imputed)	N	hair color	http://www.ebi.ac.uk/efo/EFO_0003924	GCST90255681	Genome-wide genotyping array
2023-03-10	36672889	Farre X	2023-01-05	Genes (Basel)	www.ncbi.nlm.nih.gov/pubmed/36672889	Skin Phototype and Disease: A Comprehensive Genetic Approach to Pigmentary Traits Pleiotropy Using PRS in the GCAT Cohort.	Red vs non-red hair color	34 Iberian ancestry cases, 4,945 Iberian ancestry controls	NA	16q24.3	16	89728897		FANCA, ZNF276			ENSG00000187741, ENSG00000158805			rs74606487-G	rs74606487	0	74606487	intron_variant	0	0.0626632	6E-15	14.221848749616356		2.05387	[1.54-2.57] unit increase	Illumina [10216971] (imputed)	N	hair color	http://www.ebi.ac.uk/efo/EFO_0003924	GCST90255681	Genome-wide genotyping array
2023-03-10	36672889	Farre X	2023-01-05	Genes (Basel)	www.ncbi.nlm.nih.gov/pubmed/36672889	Skin Phototype and Disease: A Comprehensive Genetic Approach to Pigmentary Traits Pleiotropy Using PRS in the GCAT Cohort.	Red vs non-red hair color	34 Iberian ancestry cases, 4,945 Iberian ancestry controls	NA	22q11.21	22	21696072		PPIL2			ENSG00000100023			rs74836292-A	rs74836292	0	74836292	missense_variant	0	0.0429024	1E-8	8.0		1.86553	[1.22-2.51] unit increase	Illumina [10216971] (imputed)	N	hair color	http://www.ebi.ac.uk/efo/EFO_0003924	GCST90255681	Genome-wide genotyping array
2023-03-10	36672889	Farre X	2023-01-05	Genes (Basel)	www.ncbi.nlm.nih.gov/pubmed/36672889	Skin Phototype and Disease: A Comprehensive Genetic Approach to Pigmentary Traits Pleiotropy Using PRS in the GCAT Cohort.	Red vs non-red hair color	34 Iberian ancestry cases, 4,945 Iberian ancestry controls	NA	1q32.3	1	211782255		LPGAT1			ENSG00000123684			rs74944665-A	rs74944665	0	74944665	intron_variant	0	0.0164173	1E-9	9.0		2.32532	[1.58-3.07] unit increase	Illumina [10216971] (imputed)	N	hair color	http://www.ebi.ac.uk/efo/EFO_0003924	GCST90255681	Genome-wide genotyping array
2023-03-10	36672889	Farre X	2023-01-05	Genes (Basel)	www.ncbi.nlm.nih.gov/pubmed/36672889	Skin Phototype and Disease: A Comprehensive Genetic Approach to Pigmentary Traits Pleiotropy Using PRS in the GCAT Cohort.	Red vs non-red hair color	34 Iberian ancestry cases, 4,945 Iberian ancestry controls	NA	16q24.3	16	89761421		FANCA			ENSG00000187741			rs751751320-GAA	rs751751320	1	56659330	intron_variant	0	0.136789	3E-10	9.522878745280337		1.58379	[1.09-2.08] unit increase	Illumina [10216971] (imputed)	N	hair color	http://www.ebi.ac.uk/efo/EFO_0003924	GCST90255681	Genome-wide genotyping array
2023-03-10	36672889	Farre X	2023-01-05	Genes (Basel)	www.ncbi.nlm.nih.gov/pubmed/36672889	Skin Phototype and Disease: A Comprehensive Genetic Approach to Pigmentary Traits Pleiotropy Using PRS in the GCAT Cohort.	Red vs non-red hair color	34 Iberian ancestry cases, 4,945 Iberian ancestry controls	NA											rs752469800-C	rs752469800	0	35496646		1	0.021951	4E-18	17.397940008672037		2.97402	[2.3-3.64] unit increase	Illumina [10216971] (imputed)	N	hair color	http://www.ebi.ac.uk/efo/EFO_0003924	GCST90255681	Genome-wide genotyping array
2023-03-10	36672889	Farre X	2023-01-05	Genes (Basel)	www.ncbi.nlm.nih.gov/pubmed/36672889	Skin Phototype and Disease: A Comprehensive Genetic Approach to Pigmentary Traits Pleiotropy Using PRS in the GCAT Cohort.	Red vs non-red hair color	34 Iberian ancestry cases, 4,945 Iberian ancestry controls	NA	5q33.2	5	155970436		SGCD			ENSG00000170624			rs75588262-C	rs75588262	0	75588262	intron_variant	0	0.0400427	3E-8	7.522878745280337		1.9616	[1.27-2.65] unit increase	Illumina [10216971] (imputed)	N	hair color	http://www.ebi.ac.uk/efo/EFO_0003924	GCST90255681	Genome-wide genotyping array
2023-03-10	36672889	Farre X	2023-01-05	Genes (Basel)	www.ncbi.nlm.nih.gov/pubmed/36672889	Skin Phototype and Disease: A Comprehensive Genetic Approach to Pigmentary Traits Pleiotropy Using PRS in the GCAT Cohort.	Red vs non-red hair color	34 Iberian ancestry cases, 4,945 Iberian ancestry controls	NA	16q24.3	16	89506324		SPG7			ENSG00000197912			rs75746799-A	rs75746799	0	75746799	intron_variant	0	0.0110464	5E-14	13.301029995663981		2.90381	[2.15-3.66] unit increase	Illumina [10216971] (imputed)	N	hair color	http://www.ebi.ac.uk/efo/EFO_0003924	GCST90255681	Genome-wide genotyping array
2023-03-10	36672889	Farre X	2023-01-05	Genes (Basel)	www.ncbi.nlm.nih.gov/pubmed/36672889	Skin Phototype and Disease: A Comprehensive Genetic Approach to Pigmentary Traits Pleiotropy Using PRS in the GCAT Cohort.	Red vs non-red hair color	34 Iberian ancestry cases, 4,945 Iberian ancestry controls	NA	16q24.3	16	89649814		CHMP1A			ENSG00000131165			rs4785699-T	rs4785699	0	4785699	intron_variant	0	0.136774	3E-8	7.522878745280337		1.29874	[0.84-1.76] unit increase	Illumina [10216971] (imputed)	N	hair color	http://www.ebi.ac.uk/efo/EFO_0003924	GCST90255681	Genome-wide genotyping array
2023-03-10	36672889	Farre X	2023-01-05	Genes (Basel)	www.ncbi.nlm.nih.gov/pubmed/36672889	Skin Phototype and Disease: A Comprehensive Genetic Approach to Pigmentary Traits Pleiotropy Using PRS in the GCAT Cohort.	Red vs non-red hair color	34 Iberian ancestry cases, 4,945 Iberian ancestry controls	NA	13q21.1	13	54971314		RPL13AP25 - LINC02335	ENSG00000136149	ENSG00000278630		529999	68346	rs76137547-T	rs76137547	0	76137547	intergenic_variant	1	0.0174203	1E-8	8.0		2.38882	[1.57-3.21] unit increase	Illumina [10216971] (imputed)	N	hair color	http://www.ebi.ac.uk/efo/EFO_0003924	GCST90255681	Genome-wide genotyping array
2023-03-10	36672889	Farre X	2023-01-05	Genes (Basel)	www.ncbi.nlm.nih.gov/pubmed/36672889	Skin Phototype and Disease: A Comprehensive Genetic Approach to Pigmentary Traits Pleiotropy Using PRS in the GCAT Cohort.	Red vs non-red hair color	34 Iberian ancestry cases, 4,945 Iberian ancestry controls	NA											chr15:47940676-AGAAT	chr15:47940676	0			1	0.0103053	5E-9	8.301029995663981		2.59116	[1.72-3.46] unit increase	Illumina [10216971] (imputed)	N	hair color	http://www.ebi.ac.uk/efo/EFO_0003924	GCST90255681	Genome-wide genotyping array
2023-03-10	36672889	Farre X	2023-01-05	Genes (Basel)	www.ncbi.nlm.nih.gov/pubmed/36672889	Skin Phototype and Disease: A Comprehensive Genetic Approach to Pigmentary Traits Pleiotropy Using PRS in the GCAT Cohort.	Red vs non-red hair color	34 Iberian ancestry cases, 4,945 Iberian ancestry controls	NA											chr16:89657158-?	chr16:89657158	0			1	0.101213	4E-11	10.397940008672037		1.77305	[1.25-2.3] unit increase	Illumina [10216971] (imputed)	N	hair color	http://www.ebi.ac.uk/efo/EFO_0003924	GCST90255681	Genome-wide genotyping array
2023-03-10	36672889	Farre X	2023-01-05	Genes (Basel)	www.ncbi.nlm.nih.gov/pubmed/36672889	Skin Phototype and Disease: A Comprehensive Genetic Approach to Pigmentary Traits Pleiotropy Using PRS in the GCAT Cohort.	Red vs non-red hair color	34 Iberian ancestry cases, 4,945 Iberian ancestry controls	NA											chr16:89744014-GA	chr16:89744014	0			1	0.021636	3E-19	18.522878745280337		3.09986	[2.42-3.78] unit increase	Illumina [10216971] (imputed)	N	hair color	http://www.ebi.ac.uk/efo/EFO_0003924	GCST90255681	Genome-wide genotyping array
2023-03-10	36672889	Farre X	2023-01-05	Genes (Basel)	www.ncbi.nlm.nih.gov/pubmed/36672889	Skin Phototype and Disease: A Comprehensive Genetic Approach to Pigmentary Traits Pleiotropy Using PRS in the GCAT Cohort.	Red vs non-red hair color	34 Iberian ancestry cases, 4,945 Iberian ancestry controls	NA											chr16:90024206-G	chr16:90024206	0			1	0.235188	3E-8	7.522878745280337		1.27351	[0.82-1.72] unit increase	Illumina [10216971] (imputed)	N	hair color	http://www.ebi.ac.uk/efo/EFO_0003924	GCST90255681	Genome-wide genotyping array
2023-03-10	36672889	Farre X	2023-01-05	Genes (Basel)	www.ncbi.nlm.nih.gov/pubmed/36672889	Skin Phototype and Disease: A Comprehensive Genetic Approach to Pigmentary Traits Pleiotropy Using PRS in the GCAT Cohort.	Red vs non-red hair color	34 Iberian ancestry cases, 4,945 Iberian ancestry controls	NA											chr16:90059336-G	chr16:90059336	0			1	0.0769231	4E-13	12.397940008672037		1.82239	[1.33-2.31] unit increase	Illumina [10216971] (imputed)	N	hair color	http://www.ebi.ac.uk/efo/EFO_0003924	GCST90255681	Genome-wide genotyping array
2023-03-10	36672889	Farre X	2023-01-05	Genes (Basel)	www.ncbi.nlm.nih.gov/pubmed/36672889	Skin Phototype and Disease: A Comprehensive Genetic Approach to Pigmentary Traits Pleiotropy Using PRS in the GCAT Cohort.	Red vs non-red hair color	34 Iberian ancestry cases, 4,945 Iberian ancestry controls	NA											chr7:86264754-A	chr7:86264754	0			1	0.0159506	2E-9	8.698970004336019		2.43253	[1.64-3.23] unit increase	Illumina [10216971] (imputed)	N	hair color	http://www.ebi.ac.uk/efo/EFO_0003924	GCST90255681	Genome-wide genotyping array
2023-03-10	36672889	Farre X	2023-01-05	Genes (Basel)	www.ncbi.nlm.nih.gov/pubmed/36672889	Skin Phototype and Disease: A Comprehensive Genetic Approach to Pigmentary Traits Pleiotropy Using PRS in the GCAT Cohort.	Red vs non-red hair color	34 Iberian ancestry cases, 4,945 Iberian ancestry controls	NA	3q29	3	194594844		TMEM44			ENSG00000145014			rs112142489-T	rs112142489	0	112142489	intron_variant	0	0.0438843	9E-9	8.045757490560675		1.74032	[1.15-2.33] unit increase	Illumina [10216971] (imputed)	N	hair color	http://www.ebi.ac.uk/efo/EFO_0003924	GCST90255681	Genome-wide genotyping array
2023-03-10	36672889	Farre X	2023-01-05	Genes (Basel)	www.ncbi.nlm.nih.gov/pubmed/36672889	Skin Phototype and Disease: A Comprehensive Genetic Approach to Pigmentary Traits Pleiotropy Using PRS in the GCAT Cohort.	Red vs non-red hair color	34 Iberian ancestry cases, 4,945 Iberian ancestry controls	NA	4q34.1	4	173896364		LINC02269			ENSG00000250708			rs113086426-C	rs113086426	1	58102863	intron_variant	0	0.122063	2E-8	7.698970004336019		1.37441	[0.89-1.86] unit increase	Illumina [10216971] (imputed)	N	hair color	http://www.ebi.ac.uk/efo/EFO_0003924	GCST90255681	Genome-wide genotyping array
2023-03-10	36672889	Farre X	2023-01-05	Genes (Basel)	www.ncbi.nlm.nih.gov/pubmed/36672889	Skin Phototype and Disease: A Comprehensive Genetic Approach to Pigmentary Traits Pleiotropy Using PRS in the GCAT Cohort.	Red vs non-red hair color	34 Iberian ancestry cases, 4,945 Iberian ancestry controls	NA	16q24.3	16	89504511		SPG7			ENSG00000197912			rs113849132-A	rs113849132	0	113849132	intron_variant	0	0.0224532	2E-9	8.698970004336019		2.17508	[1.47-2.88] unit increase	Illumina [10216971] (imputed)	N	hair color	http://www.ebi.ac.uk/efo/EFO_0003924	GCST90255681	Genome-wide genotyping array
2023-03-10	36672889	Farre X	2023-01-05	Genes (Basel)	www.ncbi.nlm.nih.gov/pubmed/36672889	Skin Phototype and Disease: A Comprehensive Genetic Approach to Pigmentary Traits Pleiotropy Using PRS in the GCAT Cohort.	Red vs non-red hair color	34 Iberian ancestry cases, 4,945 Iberian ancestry controls	NA	2q35	2	217244450		TESHL			ENSG00000223874			rs115726381-A	rs115726381	0	115726381	intron_variant	0	0.047019	3E-9	8.522878745280337		2.00568	[1.34-2.67] unit increase	Illumina [10216971] (imputed)	N	hair color	http://www.ebi.ac.uk/efo/EFO_0003924	GCST90255681	Genome-wide genotyping array
2023-03-10	36672889	Farre X	2023-01-05	Genes (Basel)	www.ncbi.nlm.nih.gov/pubmed/36672889	Skin Phototype and Disease: A Comprehensive Genetic Approach to Pigmentary Traits Pleiotropy Using PRS in the GCAT Cohort.	Red vs non-red hair color	34 Iberian ancestry cases, 4,945 Iberian ancestry controls	NA	12q14.1	12	61386757		Y_RNA - DUX4L52	ENSG00000200544	ENSG00000258336		1044816	213310	rs115981455-T	rs115981455	0	115981455	intergenic_variant	1	0.0462119	2E-9	8.698970004336019		1.84114	[1.24-2.44] unit increase	Illumina [10216971] (imputed)	N	hair color	http://www.ebi.ac.uk/efo/EFO_0003924	GCST90255681	Genome-wide genotyping array
2023-03-10	36672889	Farre X	2023-01-05	Genes (Basel)	www.ncbi.nlm.nih.gov/pubmed/36672889	Skin Phototype and Disease: A Comprehensive Genetic Approach to Pigmentary Traits Pleiotropy Using PRS in the GCAT Cohort.	Red vs non-red hair color	34 Iberian ancestry cases, 4,945 Iberian ancestry controls	NA	4q24	4	105192854		TET2-AS1, TET2			ENSG00000251586, ENSG00000168769			rs116061711-C	rs116061711	0	116061711	intron_variant	0	0.0126539	2E-8	7.698970004336019		2.37976	[1.55-3.21] unit increase	Illumina [10216971] (imputed)	N	hair color	http://www.ebi.ac.uk/efo/EFO_0003924	GCST90255681	Genome-wide genotyping array
2023-03-10	36672889	Farre X	2023-01-05	Genes (Basel)	www.ncbi.nlm.nih.gov/pubmed/36672889	Skin Phototype and Disease: A Comprehensive Genetic Approach to Pigmentary Traits Pleiotropy Using PRS in the GCAT Cohort.	Red vs non-red hair color	34 Iberian ancestry cases, 4,945 Iberian ancestry controls	NA	1q42.13	1	229781444		HMGB1P26 - LINC01682	ENSG00000225984	ENSG00000227043		75583	31473	rs116192418-A	rs116192418	0	116192418	intergenic_variant	1	0.0144981	8E-10	9.096910013008056		2.53378	[1.73-3.34] unit increase	Illumina [10216971] (imputed)	N	hair color	http://www.ebi.ac.uk/efo/EFO_0003924	GCST90255681	Genome-wide genotyping array
2023-03-10	36672889	Farre X	2023-01-05	Genes (Basel)	www.ncbi.nlm.nih.gov/pubmed/36672889	Skin Phototype and Disease: A Comprehensive Genetic Approach to Pigmentary Traits Pleiotropy Using PRS in the GCAT Cohort.	Red vs non-red hair color	34 Iberian ancestry cases, 4,945 Iberian ancestry controls	NA	7q21.11	7	86453572		SOCS5P1 - GRM3	ENSG00000236610	ENSG00000198822		235839	190337	rs117254231-G	rs117254231	0	117254231	intergenic_variant	1	0.0101997	5E-8	7.301029995663981		2.80722	[1.8-3.81] unit increase	Illumina [10216971] (imputed)	N	hair color	http://www.ebi.ac.uk/efo/EFO_0003924	GCST90255681	Genome-wide genotyping array
2023-03-10	36672889	Farre X	2023-01-05	Genes (Basel)	www.ncbi.nlm.nih.gov/pubmed/36672889	Skin Phototype and Disease: A Comprehensive Genetic Approach to Pigmentary Traits Pleiotropy Using PRS in the GCAT Cohort.	Red vs non-red hair color	34 Iberian ancestry cases, 4,945 Iberian ancestry controls	NA	15q21.1	15	47577519		SEMA6D			ENSG00000137872			rs117480223-G	rs117480223	0	117480223	intron_variant	0	0.0101444	2E-8	7.698970004336019		2.51608	[1.64-3.4] unit increase	Illumina [10216971] (imputed)	N	hair color	http://www.ebi.ac.uk/efo/EFO_0003924	GCST90255681	Genome-wide genotyping array
2023-03-10	36672889	Farre X	2023-01-05	Genes (Basel)	www.ncbi.nlm.nih.gov/pubmed/36672889	Skin Phototype and Disease: A Comprehensive Genetic Approach to Pigmentary Traits Pleiotropy Using PRS in the GCAT Cohort.	Red vs non-red hair color	34 Iberian ancestry cases, 4,945 Iberian ancestry controls	NA	16q24.3	16	89349862		ANKRD11			ENSG00000167522			rs1216246770-A	rs1216246770	1	34592614	intron_variant	0	0.0336338	5E-15	14.301029995663981		2.42876	[1.82-3.04] unit increase	Illumina [10216971] (imputed)	N	hair color	http://www.ebi.ac.uk/efo/EFO_0003924	GCST90255681	Genome-wide genotyping array
2023-03-10	36672889	Farre X	2023-01-05	Genes (Basel)	www.ncbi.nlm.nih.gov/pubmed/36672889	Skin Phototype and Disease: A Comprehensive Genetic Approach to Pigmentary Traits Pleiotropy Using PRS in the GCAT Cohort.	Red vs non-red hair color	34 Iberian ancestry cases, 4,945 Iberian ancestry controls	NA	16q24.3	16	89601887		CPNE7 - DPEP1	ENSG00000178773	ENSG00000015413		4640	11421	rs12933774-A	rs12933774	0	12933774	non_coding_transcript_exon_variant	1	0.0685668	3E-14	13.522878745280337		1.95544	[1.45-2.46] unit increase	Illumina [10216971] (imputed)	N	hair color	http://www.ebi.ac.uk/efo/EFO_0003924	GCST90255681	Genome-wide genotyping array
2023-03-10	36672889	Farre X	2023-01-05	Genes (Basel)	www.ncbi.nlm.nih.gov/pubmed/36672889	Skin Phototype and Disease: A Comprehensive Genetic Approach to Pigmentary Traits Pleiotropy Using PRS in the GCAT Cohort.	Red vs non-red hair color	34 Iberian ancestry cases, 4,945 Iberian ancestry controls	NA	16q24.2	16	87949505		BANP			ENSG00000172530			rs141103485-A	rs141103485	0	141103485	intergenic_variant	0	0.0109309	2E-8	7.698970004336019		2.45203	[1.59-3.31] unit increase	Illumina [10216971] (imputed)	N	hair color	http://www.ebi.ac.uk/efo/EFO_0003924	GCST90255681	Genome-wide genotyping array
2023-03-10	36672889	Farre X	2023-01-05	Genes (Basel)	www.ncbi.nlm.nih.gov/pubmed/36672889	Skin Phototype and Disease: A Comprehensive Genetic Approach to Pigmentary Traits Pleiotropy Using PRS in the GCAT Cohort.	Red vs non-red hair color	34 Iberian ancestry cases, 4,945 Iberian ancestry controls	NA	22q13.2	22	42293783		TCF20			ENSG00000100207			rs143065297-T	rs143065297	0	143065297	intergenic_variant	0	0.0318394	2E-9	8.698970004336019		2.34221	[1.58-3.1] unit increase	Illumina [10216971] (imputed)	N	hair color	http://www.ebi.ac.uk/efo/EFO_0003924	GCST90255681	Genome-wide genotyping array
2023-03-10	36672889	Farre X	2023-01-05	Genes (Basel)	www.ncbi.nlm.nih.gov/pubmed/36672889	Skin Phototype and Disease: A Comprehensive Genetic Approach to Pigmentary Traits Pleiotropy Using PRS in the GCAT Cohort.	Red vs non-red hair color	34 Iberian ancestry cases, 4,945 Iberian ancestry controls	NA	16q24.3	16	89915672		MC1R			ENSG00000258839			rs143512305-TC	rs143512305	0	143512305	intron_variant	0	0.0621445	4E-8	7.3979400086720375		1.56477	[1.01-2.12] unit increase	Illumina [10216971] (imputed)	N	hair color	http://www.ebi.ac.uk/efo/EFO_0003924	GCST90255681	Genome-wide genotyping array
2023-03-10	36672889	Farre X	2023-01-05	Genes (Basel)	www.ncbi.nlm.nih.gov/pubmed/36672889	Skin Phototype and Disease: A Comprehensive Genetic Approach to Pigmentary Traits Pleiotropy Using PRS in the GCAT Cohort.	Red vs non-red hair color	34 Iberian ancestry cases, 4,945 Iberian ancestry controls	NA	16q24.3	16	89776728		FANCA			ENSG00000187741			rs17232812-A	rs17232812	0	17232812	intron_variant	0	0.105656	3E-15	14.522878745280337		1.90023	[1.43-2.37] unit increase	Illumina [10216971] (imputed)	N	hair color	http://www.ebi.ac.uk/efo/EFO_0003924	GCST90255681	Genome-wide genotyping array
2023-03-10	36672889	Farre X	2023-01-05	Genes (Basel)	www.ncbi.nlm.nih.gov/pubmed/36672889	Skin Phototype and Disease: A Comprehensive Genetic Approach to Pigmentary Traits Pleiotropy Using PRS in the GCAT Cohort.	Red vs non-red hair color	34 Iberian ancestry cases, 4,945 Iberian ancestry controls	NA	16q24.3	16	89919709		MC1R			ENSG00000258839			rs1805007-T	rs1805007	0	1805007	missense_variant	0	0.0238	4E-27	26.397940008672037		3.59088	[2.94-4.24] unit increase	Illumina [10216971] (imputed)	N	hair color	http://www.ebi.ac.uk/efo/EFO_0003924	GCST90255681	Genome-wide genotyping array
2023-03-10	36672889	Farre X	2023-01-05	Genes (Basel)	www.ncbi.nlm.nih.gov/pubmed/36672889	Skin Phototype and Disease: A Comprehensive Genetic Approach to Pigmentary Traits Pleiotropy Using PRS in the GCAT Cohort.	Red vs non-red hair color	34 Iberian ancestry cases, 4,945 Iberian ancestry controls	NA	16q24.3	16	89920138		MC1R			ENSG00000258839			rs1805009-C	rs1805009	0	1805009	missense_variant	0	0.0198835	8E-16	15.096910013008056		2.67676	[2.03-3.33] unit increase	Illumina [10216971] (imputed)	N	hair color	http://www.ebi.ac.uk/efo/EFO_0003924	GCST90255681	Genome-wide genotyping array
2026-04-22	34662886	Backman JD	2021-10-18	Nature	www.ncbi.nlm.nih.gov/pubmed/34662886	Exome sequencing and analysis of 454,787 UK Biobank participants.	Hair colour natural before greying - Blonde (UKB data field 1747)	48,595 European ancestry cases, 381,384 European ancestry controls	NA											chr12:52428266-T	chr12:52428266	0			1	0.0028	3E-18	17.522878745280337		1.686	[1.499-1.897]	Affymetrix, Illumina [547490]	N	hair color	http://www.ebi.ac.uk/efo/EFO_0003924	GCST90077606	Genome-wide genotyping array, Exome-wide sequencing [UK Biobank/UK BiLEVE Axiom Array]
2026-04-22	34662886	Backman JD	2021-10-18	Nature	www.ncbi.nlm.nih.gov/pubmed/34662886	Exome sequencing and analysis of 454,787 UK Biobank participants.	Hair colour natural before greying - Blonde (UKB data field 1747)	48,595 European ancestry cases, 381,384 European ancestry controls	NA											chr5:33963986-T	chr5:33963986	0			1	2.6E-4	3E-24	23.522878745280337		5.68	[4.062-7.943]	Affymetrix, Illumina [547490]	N	hair color	http://www.ebi.ac.uk/efo/EFO_0003924	GCST90077606	Genome-wide genotyping array, Exome-wide sequencing [UK Biobank/UK BiLEVE Axiom Array]
2026-04-22	34662886	Backman JD	2021-10-18	Nature	www.ncbi.nlm.nih.gov/pubmed/34662886	Exome sequencing and analysis of 454,787 UK Biobank participants.	Hair colour natural before greying - Blonde (UKB data field 1747)	48,595 European ancestry cases, 381,384 European ancestry controls	NA											chr11:69084002-A	chr11:69084002	0			1	4.5E-4	5E-24	23.30102999566398		3.74	[2.897-4.83]	Affymetrix, Illumina [547490]	N	hair color	http://www.ebi.ac.uk/efo/EFO_0003924	GCST90077606	Genome-wide genotyping array, Exome-wide sequencing [UK Biobank/UK BiLEVE Axiom Array]
2026-04-22	34662886	Backman JD	2021-10-18	Nature	www.ncbi.nlm.nih.gov/pubmed/34662886	Exome sequencing and analysis of 454,787 UK Biobank participants.	Hair colour natural before greying - Blonde (UKB data field 1747)	48,595 European ancestry cases, 381,384 European ancestry controls	NA											chr9:12709019-G	chr9:12709019	0			1	1.0E-4	1E-17	17.0		8.249	[5.092-13.366]	Affymetrix, Illumina [547490]	N	hair color	http://www.ebi.ac.uk/efo/EFO_0003924	GCST90077606	Genome-wide genotyping array, Exome-wide sequencing [UK Biobank/UK BiLEVE Axiom Array]
2026-04-22	34662886	Backman JD	2021-10-18	Nature	www.ncbi.nlm.nih.gov/pubmed/34662886	Exome sequencing and analysis of 454,787 UK Biobank participants.	Hair colour natural before greying - Blonde (UKB data field 1747)	48,595 European ancestry cases, 381,384 European ancestry controls	NA											chr15:27871170-A	chr15:27871170	0			1	2.1E-4	1E-43	43.0		10.88	[7.761-15.253]	Affymetrix, Illumina [547490]	N	hair color	http://www.ebi.ac.uk/efo/EFO_0003924	GCST90077606	Genome-wide genotyping array, Exome-wide sequencing [UK Biobank/UK BiLEVE Axiom Array]
2026-04-22	34662886	Backman JD	2021-10-18	Nature	www.ncbi.nlm.nih.gov/pubmed/34662886	Exome sequencing and analysis of 454,787 UK Biobank participants.	Hair colour natural before greying - Blonde (UKB data field 1747)	48,595 European ancestry cases, 381,384 European ancestry controls	NA											chr15:27985101-T	chr15:27985101	0			1	0.0087	4E-302	301.39794000867204		3.077	[2.9-3.265]	Affymetrix, Illumina [547490]	N	hair color	http://www.ebi.ac.uk/efo/EFO_0003924	GCST90077606	Genome-wide genotyping array, Exome-wide sequencing [UK Biobank/UK BiLEVE Axiom Array]
2026-04-22	34662886	Backman JD	2021-10-18	Nature	www.ncbi.nlm.nih.gov/pubmed/34662886	Exome sequencing and analysis of 454,787 UK Biobank participants.	Hair colour natural before greying - Dark brown (UKB data field 1747)	164,398 European ancestry cases, 265,581 European ancestry controls	NA											chr11:69084002-A	chr11:69084002	0			1	4.5E-4	7E-18	17.154901959985743		0.332	[0.258-0.427]	Affymetrix, Illumina [547490]	N	hair color	http://www.ebi.ac.uk/efo/EFO_0003924	GCST90077609	Genome-wide genotyping array, Exome-wide sequencing [UK Biobank/UK BiLEVE Axiom Array]
2026-04-22	34662886	Backman JD	2021-10-18	Nature	www.ncbi.nlm.nih.gov/pubmed/34662886	Exome sequencing and analysis of 454,787 UK Biobank participants.	Hair colour natural before greying - Dark brown (UKB data field 1747)	164,398 European ancestry cases, 265,581 European ancestry controls	NA											chr15:27871170-A	chr15:27871170	0			1	2.1E-4	4E-20	19.397940008672037		0.15	[0.1-0.225]	Affymetrix, Illumina [547490]	N	hair color	http://www.ebi.ac.uk/efo/EFO_0003924	GCST90077609	Genome-wide genotyping array, Exome-wide sequencing [UK Biobank/UK BiLEVE Axiom Array]
2026-04-22	34662886	Backman JD	2021-10-18	Nature	www.ncbi.nlm.nih.gov/pubmed/34662886	Exome sequencing and analysis of 454,787 UK Biobank participants.	Hair colour natural before greying - Dark brown (UKB data field 1747)	164,398 European ancestry cases, 265,581 European ancestry controls	NA											chr15:27985101-T	chr15:27985101	0			1	0.0087	2E-187	186.69897000433602		0.449	[0.425-0.474]	Affymetrix, Illumina [547490]	N	hair color	http://www.ebi.ac.uk/efo/EFO_0003924	GCST90077609	Genome-wide genotyping array, Exome-wide sequencing [UK Biobank/UK BiLEVE Axiom Array]
2026-04-22	34662886	Backman JD	2021-10-18	Nature	www.ncbi.nlm.nih.gov/pubmed/34662886	Exome sequencing and analysis of 454,787 UK Biobank participants.	Hair colour natural before greying - Dark brown (UKB data field 1747)	164,398 European ancestry cases, 265,581 European ancestry controls	NA											chr12:52428266-T	chr12:52428266	0			1	0.0028	2E-12	11.698970004336019		0.718	[0.655-0.787]	Affymetrix, Illumina [547490]	N	hair color	http://www.ebi.ac.uk/efo/EFO_0003924	GCST90077609	Genome-wide genotyping array, Exome-wide sequencing [UK Biobank/UK BiLEVE Axiom Array]
2026-04-22	34662886	Backman JD	2021-10-18	Nature	www.ncbi.nlm.nih.gov/pubmed/34662886	Exome sequencing and analysis of 454,787 UK Biobank participants.	Hair colour natural before greying - Dark brown (UKB data field 1747)	164,398 European ancestry cases, 265,581 European ancestry controls	NA											chr16:89669483-CTG	chr16:89669483	0			1	0.0052	7E-12	11.154901959985743		1.253	[1.175-1.336]	Affymetrix, Illumina [547490]	N	hair color	http://www.ebi.ac.uk/efo/EFO_0003924	GCST90077609	Genome-wide genotyping array, Exome-wide sequencing [UK Biobank/UK BiLEVE Axiom Array]
2026-04-22	34662886	Backman JD	2021-10-18	Nature	www.ncbi.nlm.nih.gov/pubmed/34662886	Exome sequencing and analysis of 454,787 UK Biobank participants.	Hair colour natural before greying - Dark brown (UKB data field 1747)	164,398 European ancestry cases, 265,581 European ancestry controls	NA											chr5:33963986-T	chr5:33963986	0			1	2.6E-4	2E-15	14.698970004336019		0.258	[0.184-0.36]	Affymetrix, Illumina [547490]	N	hair color	http://www.ebi.ac.uk/efo/EFO_0003924	GCST90077609	Genome-wide genotyping array, Exome-wide sequencing [UK Biobank/UK BiLEVE Axiom Array]
2026-04-22	34662886	Backman JD	2021-10-18	Nature	www.ncbi.nlm.nih.gov/pubmed/34662886	Exome sequencing and analysis of 454,787 UK Biobank participants.	Hair colour natural before greying - Dark brown (UKB data field 1747)	164,398 European ancestry cases, 265,581 European ancestry controls	NA											chr16:89546737-T	chr16:89546737	0			1	0.0082	3E-13	12.522878745280337		0.822	[0.78-0.867]	Affymetrix, Illumina [547490]	N	hair color	http://www.ebi.ac.uk/efo/EFO_0003924	GCST90077609	Genome-wide genotyping array, Exome-wide sequencing [UK Biobank/UK BiLEVE Axiom Array]
2026-04-22	34662886	Backman JD	2021-10-18	Nature	www.ncbi.nlm.nih.gov/pubmed/34662886	Exome sequencing and analysis of 454,787 UK Biobank participants.	Hair colour natural before greying - Dark brown (UKB data field 1747)	164,398 European ancestry cases, 265,581 European ancestry controls	NA											chr16:89919342-CA	chr16:89919342	0			1	0.0046	2E-117	116.69897000433602		0.412	[0.382-0.444]	Affymetrix, Illumina [547490]	N	hair color	http://www.ebi.ac.uk/efo/EFO_0003924	GCST90077609	Genome-wide genotyping array, Exome-wide sequencing [UK Biobank/UK BiLEVE Axiom Array]
2026-04-22	34662886	Backman JD	2021-10-18	Nature	www.ncbi.nlm.nih.gov/pubmed/34662886	Exome sequencing and analysis of 454,787 UK Biobank participants.	Hair colour natural before greying - Dark brown (UKB data field 1747)	164,398 European ancestry cases, 265,581 European ancestry controls	NA											chr16:89154148-T	chr16:89154148	0			1	0.0062	3E-25	24.522878745280337		0.724	[0.681-0.769]	Affymetrix, Illumina [547490]	N	hair color	http://www.ebi.ac.uk/efo/EFO_0003924	GCST90077609	Genome-wide genotyping array, Exome-wide sequencing [UK Biobank/UK BiLEVE Axiom Array]
2026-04-22	34662886	Backman JD	2021-10-18	Nature	www.ncbi.nlm.nih.gov/pubmed/34662886	Exome sequencing and analysis of 454,787 UK Biobank participants.	Hair colour natural before greying - Dark brown (UKB data field 1747)	164,398 European ancestry cases, 265,581 European ancestry controls	NA											chr16:90040361-G	chr16:90040361	0			1	0.003	4E-51	50.39794000867204		0.498	[0.454-0.545]	Affymetrix, Illumina [547490]	N	hair color	http://www.ebi.ac.uk/efo/EFO_0003924	GCST90077609	Genome-wide genotyping array, Exome-wide sequencing [UK Biobank/UK BiLEVE Axiom Array]
2026-04-22	34662886	Backman JD	2021-10-18	Nature	www.ncbi.nlm.nih.gov/pubmed/34662886	Exome sequencing and analysis of 454,787 UK Biobank participants.	Hair colour natural before greying - Dark brown (UKB data field 1747)	164,398 European ancestry cases, 265,581 European ancestry controls	NA											chr3:69964940-A	chr3:69964940	0			1	0.0041	7E-17	16.154901959985743		0.723	[0.67-0.78]	Affymetrix, Illumina [547490]	N	hair color	http://www.ebi.ac.uk/efo/EFO_0003924	GCST90077609	Genome-wide genotyping array, Exome-wide sequencing [UK Biobank/UK BiLEVE Axiom Array]
2026-04-22	34662886	Backman JD	2021-10-18	Nature	www.ncbi.nlm.nih.gov/pubmed/34662886	Exome sequencing and analysis of 454,787 UK Biobank participants.	Hair colour natural before greying - Light brown (UKB data field 1747)	175,455 European ancestry cases, 254,524 European ancestry controls	NA											chr16:89919342-CA	chr16:89919342	0			1	0.0046	2E-20	19.69897000433602		0.73	[0.683-0.78]	Affymetrix, Illumina [547490]	N	hair color	http://www.ebi.ac.uk/efo/EFO_0003924	GCST90077608	Genome-wide genotyping array, Exome-wide sequencing [UK Biobank/UK BiLEVE Axiom Array]
2026-04-22	34662886	Backman JD	2021-10-18	Nature	www.ncbi.nlm.nih.gov/pubmed/34662886	Exome sequencing and analysis of 454,787 UK Biobank participants.	Hair colour natural before greying - Blonde (UKB data field 1747)	48,595 European ancestry cases, 381,384 European ancestry controls	NA											chr16:90040361-G	chr16:90040361	0			1	0.003	3E-13	12.522878745280337		1.539	[1.371-1.728]	Affymetrix, Illumina [547490]	N	hair color	http://www.ebi.ac.uk/efo/EFO_0003924	GCST90077606	Genome-wide genotyping array, Exome-wide sequencing [UK Biobank/UK BiLEVE Axiom Array]
2026-04-22	34662886	Backman JD	2021-10-18	Nature	www.ncbi.nlm.nih.gov/pubmed/34662886	Exome sequencing and analysis of 454,787 UK Biobank participants.	Hair colour natural before greying - Red (UKB data field 1747)	19,553 European ancestry cases, 410,426 European ancestry controls	NA											chr16:89154148-T	chr16:89154148	0			1	0.0062	4E-132	131.39794000867204		3.169	[2.889-3.476]	Affymetrix, Illumina [547490]	N	hair color	http://www.ebi.ac.uk/efo/EFO_0003924	GCST90077607	Genome-wide genotyping array, Exome-wide sequencing [UK Biobank/UK BiLEVE Axiom Array]
2026-04-22	34662886	Backman JD	2021-10-18	Nature	www.ncbi.nlm.nih.gov/pubmed/34662886	Exome sequencing and analysis of 454,787 UK Biobank participants.	Hair colour natural before greying - Red (UKB data field 1747)	19,553 European ancestry cases, 410,426 European ancestry controls	NA											chr16:88735213-A	chr16:88735213	0			1	0.0011	1E-35	35.0		3.805	[3.083-4.695]	Affymetrix, Illumina [547490]	N	hair color	http://www.ebi.ac.uk/efo/EFO_0003924	GCST90077607	Genome-wide genotyping array, Exome-wide sequencing [UK Biobank/UK BiLEVE Axiom Array]
2026-04-22	34662886	Backman JD	2021-10-18	Nature	www.ncbi.nlm.nih.gov/pubmed/34662886	Exome sequencing and analysis of 454,787 UK Biobank participants.	Hair colour natural before greying - Red (UKB data field 1747)	19,553 European ancestry cases, 410,426 European ancestry controls	NA											chr16:89775768-G	chr16:89775768	0			1	0.0025	3E-35	34.52287874528034		0.063	[0.04-0.097]	Affymetrix, Illumina [547490]	N	hair color	http://www.ebi.ac.uk/efo/EFO_0003924	GCST90077607	Genome-wide genotyping array, Exome-wide sequencing [UK Biobank/UK BiLEVE Axiom Array]
2026-04-22	34662886	Backman JD	2021-10-18	Nature	www.ncbi.nlm.nih.gov/pubmed/34662886	Exome sequencing and analysis of 454,787 UK Biobank participants.	Hair colour natural before greying - Red (UKB data field 1747)	19,553 European ancestry cases, 410,426 European ancestry controls	NA											chr16:89669483-CTG	chr16:89669483	0			1	0.0052	2E-46	45.69897000433602		0.174	[0.137-0.221]	Affymetrix, Illumina [547490]	N	hair color	http://www.ebi.ac.uk/efo/EFO_0003924	GCST90077607	Genome-wide genotyping array, Exome-wide sequencing [UK Biobank/UK BiLEVE Axiom Array]
2026-04-22	34662886	Backman JD	2021-10-18	Nature	www.ncbi.nlm.nih.gov/pubmed/34662886	Exome sequencing and analysis of 454,787 UK Biobank participants.	Hair colour natural before greying - Red (UKB data field 1747)	19,553 European ancestry cases, 410,426 European ancestry controls	NA											chr16:90040361-G	chr16:90040361	0			1	0.003	1E-133	133.0		4.571	[4.05-5.159]	Affymetrix, Illumina [547490]	N	hair color	http://www.ebi.ac.uk/efo/EFO_0003924	GCST90077607	Genome-wide genotyping array, Exome-wide sequencing [UK Biobank/UK BiLEVE Axiom Array]
2026-04-22	34662886	Backman JD	2021-10-18	Nature	www.ncbi.nlm.nih.gov/pubmed/34662886	Exome sequencing and analysis of 454,787 UK Biobank participants.	Hair colour natural before greying - Red (UKB data field 1747)	19,553 European ancestry cases, 410,426 European ancestry controls	NA											chr16:89919342-CA	chr16:89919342	0			1	0.0046	2E-307	306.69897000433605		8.216	[7.359-9.172]	Affymetrix, Illumina [547490]	N	hair color	http://www.ebi.ac.uk/efo/EFO_0003924	GCST90077607	Genome-wide genotyping array, Exome-wide sequencing [UK Biobank/UK BiLEVE Axiom Array]
2026-04-22	34662886	Backman JD	2021-10-18	Nature	www.ncbi.nlm.nih.gov/pubmed/34662886	Exome sequencing and analysis of 454,787 UK Biobank participants.	Hair colour natural before greying - Red (UKB data field 1747)	19,553 European ancestry cases, 410,426 European ancestry controls	NA											chr16:89531961-A	chr16:89531961	0			1	0.0022	6E-17	16.221848749616356		0.24	[0.172-0.335]	Affymetrix, Illumina [547490]	N	hair color	http://www.ebi.ac.uk/efo/EFO_0003924	GCST90077607	Genome-wide genotyping array, Exome-wide sequencing [UK Biobank/UK BiLEVE Axiom Array]
2026-04-22	34662886	Backman JD	2021-10-18	Nature	www.ncbi.nlm.nih.gov/pubmed/34662886	Exome sequencing and analysis of 454,787 UK Biobank participants.	Hair colour natural before greying - Black (UKB data field 1747)	20,623 European ancestry cases, 409,356 European ancestry controls	NA											chr15:27985101-T	chr15:27985101	0			1	0.0087	8E-34	33.096910013008056		0.401	[0.346-0.465]	Affymetrix, Illumina [547480]	N	hair color	http://www.ebi.ac.uk/efo/EFO_0003924	GCST90077610	Genome-wide genotyping array, Exome-wide sequencing [UK Biobank/UK BiLEVE Axiom Array]
2026-04-22	34662886	Backman JD	2021-10-18	Nature	www.ncbi.nlm.nih.gov/pubmed/34662886	Exome sequencing and analysis of 454,787 UK Biobank participants.	Hair colour natural before greying - Black (UKB data field 1747)	20,623 European ancestry cases, 409,356 European ancestry controls	NA											chr16:89919342-CA	chr16:89919342	0			1	0.0046	8E-23	22.096910013008056		0.353	[0.287-0.435]	Affymetrix, Illumina [547480]	N	hair color	http://www.ebi.ac.uk/efo/EFO_0003924	GCST90077610	Genome-wide genotyping array, Exome-wide sequencing [UK Biobank/UK BiLEVE Axiom Array]
2026-04-22	34662886	Backman JD	2021-10-18	Nature	www.ncbi.nlm.nih.gov/pubmed/34662886	Exome sequencing and analysis of 454,787 UK Biobank participants.	Hair colour natural before greying - Black (UKB data field 1747)	20,623 European ancestry cases, 409,356 European ancestry controls	NA											chr16:90040361-G	chr16:90040361	0			1	0.003	2E-11	10.698970004336019		0.433	[0.339-0.553]	Affymetrix, Illumina [547480]	N	hair color	http://www.ebi.ac.uk/efo/EFO_0003924	GCST90077610	Genome-wide genotyping array, Exome-wide sequencing [UK Biobank/UK BiLEVE Axiom Array]
2021-12-01	34737426	Jiang L	2021-11-04	Nat Genet	www.ncbi.nlm.nih.gov/pubmed/34737426	A generalized linear mixed model association tool for biobank-scale data.	Hair colour (natural, before greying): Blonde (UKB data field 1747_1)	51,424 European ancestry cases, 403,740 European ancestry controls	NA	15q13.1	15	28889349		APBA2			ENSG00000034053			rs149859475-C	rs149859475	0	149859475	intron_variant	0	0.006287	3E-10	9.522878745280337		0.26	[0.18-0.34] unit increase	NR [11842647] (imputed)	N	strand of hair color	http://purl.obolibrary.org/obo/OBA_0002313	GCST90041836	Genome-wide genotyping array
2021-12-01	34737426	Jiang L	2021-11-04	Nat Genet	www.ncbi.nlm.nih.gov/pubmed/34737426	A generalized linear mixed model association tool for biobank-scale data.	Hair colour (natural, before greying): Blonde (UKB data field 1747_1)	51,424 European ancestry cases, 403,740 European ancestry controls	NA	15q21.1	15	48134287		SLC24A5			ENSG00000188467			rs1426654-G	rs1426654	0	1426654	missense_variant	0	0.001373	3E-9	8.522878745280337		0.58	[0.39-0.77] unit decrease	NR [11842647] (imputed)	N	strand of hair color	http://purl.obolibrary.org/obo/OBA_0002313	GCST90041836	Genome-wide genotyping array
2021-12-01	34737426	Jiang L	2021-11-04	Nat Genet	www.ncbi.nlm.nih.gov/pubmed/34737426	A generalized linear mixed model association tool for biobank-scale data.	Hair colour (natural, before greying): Blonde (UKB data field 1747_1)	51,424 European ancestry cases, 403,740 European ancestry controls	NA	16q24.3	16	88988609		CBFA2T3 - ACSF3	ENSG00000129993	ENSG00000176715		11402	99766	rs530238572-C	rs530238572	0	530238572	intron_variant	1	0.002141	3E-10	9.522878745280337		0.46	[0.32-0.6] unit increase	NR [11842647] (imputed)	N	strand of hair color	http://purl.obolibrary.org/obo/OBA_0002313	GCST90041836	Genome-wide genotyping array
2021-12-01	34737426	Jiang L	2021-11-04	Nat Genet	www.ncbi.nlm.nih.gov/pubmed/34737426	A generalized linear mixed model association tool for biobank-scale data.	Hair colour (natural, before greying): Blonde (UKB data field 1747_1)	51,424 European ancestry cases, 403,740 European ancestry controls	NA	16q24.3	16	89873978		TCF25			ENSG00000141002			rs13332673-T	rs13332673	0	13332673	intron_variant	0	0.01014	2E-9	8.698970004336019		0.21	[0.14-0.28] unit decrease	NR [11842647] (imputed)	N	strand of hair color	http://purl.obolibrary.org/obo/OBA_0002313	GCST90041836	Genome-wide genotyping array
2021-12-01	34737426	Jiang L	2021-11-04	Nat Genet	www.ncbi.nlm.nih.gov/pubmed/34737426	A generalized linear mixed model association tool for biobank-scale data.	Hair colour (natural, before greying): Blonde (UKB data field 1747_1)	51,424 European ancestry cases, 403,740 European ancestry controls	NA	16q24.3	16	90040361		GAS8, URAHP, URAHP			ENSG00000141013, ENSG00000290738, ENSG00000222019			rs145962792-G	rs145962792	0	145962792	missense_variant	0	0.002869	1E-13	13.0		0.46	[0.34-0.58] unit increase	NR [11842647] (imputed)	N	strand of hair color	http://purl.obolibrary.org/obo/OBA_0002313	GCST90041836	Genome-wide genotyping array
2021-12-01	34737426	Jiang L	2021-11-04	Nat Genet	www.ncbi.nlm.nih.gov/pubmed/34737426	A generalized linear mixed model association tool for biobank-scale data.	Hair colour (natural, before greying): Red (UKB data field 1747_2)	20,692 European ancestry cases, 434,472 European ancestry controls	NA	16q24.2	16	87791682		KLHDC4 - SLC7A5-AS1	ENSG00000104731	ENSG00000260466		25684	30731	rs565250829-A	rs565250829	0	565250829	intron_variant	1	0.002033	4E-10	9.397940008672037		0.76	[0.52-1] unit increase	NR [11842647] (imputed)	N	strand of hair color	http://purl.obolibrary.org/obo/OBA_0002313	GCST90041837	Genome-wide genotyping array
2021-12-01	34737426	Jiang L	2021-11-04	Nat Genet	www.ncbi.nlm.nih.gov/pubmed/34737426	A generalized linear mixed model association tool for biobank-scale data.	Hair colour (natural, before greying): Red (UKB data field 1747_2)	20,692 European ancestry cases, 434,472 European ancestry controls	NA	16q24.2	16	87891245		CA5A			ENSG00000174990			rs182303497-T	rs182303497	0	182303497	intron_variant	0	0.00388	3E-12	11.522878745280337		0.59	[0.42-0.76] unit increase	NR [11842647] (imputed)	N	strand of hair color	http://purl.obolibrary.org/obo/OBA_0002313	GCST90041837	Genome-wide genotyping array
2021-12-01	34737426	Jiang L	2021-11-04	Nat Genet	www.ncbi.nlm.nih.gov/pubmed/34737426	A generalized linear mixed model association tool for biobank-scale data.	Hair colour (natural, before greying): Red (UKB data field 1747_2)	20,692 European ancestry cases, 434,472 European ancestry controls	NA	16q24.2	16	88066310		BANP			ENSG00000172530			rs144169197-T	rs144169197	0	144169197	intron_variant	0	0.00964	3E-11	10.522878745280337		0.35	[0.25-0.45] unit increase	NR [11842647] (imputed)	N	strand of hair color	http://purl.obolibrary.org/obo/OBA_0002313	GCST90041837	Genome-wide genotyping array
2021-12-01	34737426	Jiang L	2021-11-04	Nat Genet	www.ncbi.nlm.nih.gov/pubmed/34737426	A generalized linear mixed model association tool for biobank-scale data.	Hair colour (natural, before greying): Red (UKB data field 1747_2)	20,692 European ancestry cases, 434,472 European ancestry controls	NA	16q24.2	16	88068093		BANP			ENSG00000172530			rs185736886-C	rs185736886	0	185736886	intron_variant	0	0.003259	9E-18	17.045757490560675		0.81	[0.63-0.99] unit increase	NR [11842647] (imputed)	N	strand of hair color	http://purl.obolibrary.org/obo/OBA_0002313	GCST90041837	Genome-wide genotyping array
2021-12-01	34737426	Jiang L	2021-11-04	Nat Genet	www.ncbi.nlm.nih.gov/pubmed/34737426	A generalized linear mixed model association tool for biobank-scale data.	Hair colour (natural, before greying): Red (UKB data field 1747_2)	20,692 European ancestry cases, 434,472 European ancestry controls	NA	16q24.2	16	88286493		LINC02182			ENSG00000260420			rs193241090-T	rs193241090	0	193241090	intron_variant	0	8.305E-4	7E-15	14.154901959985743		1.44	[1.08-1.8] unit increase	NR [11842647] (imputed)	N	strand of hair color	http://purl.obolibrary.org/obo/OBA_0002313	GCST90041837	Genome-wide genotyping array
2021-12-01	34737426	Jiang L	2021-11-04	Nat Genet	www.ncbi.nlm.nih.gov/pubmed/34737426	A generalized linear mixed model association tool for biobank-scale data.	Hair colour (natural, before greying): Red (UKB data field 1747_2)	20,692 European ancestry cases, 434,472 European ancestry controls	NA	16q24.2	16	88418973		ZNF469			ENSG00000225614			rs140798303-T	rs140798303	0	140798303	intron_variant	0	0.006633	2E-14	13.698970004336019		0.5	[0.37-0.63] unit increase	NR [11842647] (imputed)	N	strand of hair color	http://purl.obolibrary.org/obo/OBA_0002313	GCST90041837	Genome-wide genotyping array
2021-12-01	34737426	Jiang L	2021-11-04	Nat Genet	www.ncbi.nlm.nih.gov/pubmed/34737426	A generalized linear mixed model association tool for biobank-scale data.	Hair colour (natural, before greying): Red (UKB data field 1747_2)	20,692 European ancestry cases, 434,472 European ancestry controls	NA											16:88520144_C_A-A	16:88520144_C_A	0			1	0.001291	6E-10	9.221848749616356		0.93	[0.64-1.22] unit increase	NR [11842647] (imputed)	N	strand of hair color	http://purl.obolibrary.org/obo/OBA_0002313	GCST90041837	Genome-wide genotyping array
2021-12-01	34737426	Jiang L	2021-11-04	Nat Genet	www.ncbi.nlm.nih.gov/pubmed/34737426	A generalized linear mixed model association tool for biobank-scale data.	Hair colour (natural, before greying): Red (UKB data field 1747_2)	20,692 European ancestry cases, 434,472 European ancestry controls	NA	16q24.2	16	88473675		ZFPM1			ENSG00000179588			rs553759219-G	rs553759219	0	553759219	intron_variant	0	7.812E-4	1E-14	14.0		1.49	[1.11-1.87] unit increase	NR [11842647] (imputed)	N	strand of hair color	http://purl.obolibrary.org/obo/OBA_0002313	GCST90041837	Genome-wide genotyping array
2021-12-01	34737426	Jiang L	2021-11-04	Nat Genet	www.ncbi.nlm.nih.gov/pubmed/34737426	A generalized linear mixed model association tool for biobank-scale data.	Hair colour (natural, before greying): Red (UKB data field 1747_2)	20,692 European ancestry cases, 434,472 European ancestry controls	NA	16q24.2	16	88526067		ZFPM1-AS1, ZFPM1			ENSG00000261744, ENSG00000179588			rs561981265-A	rs561981265	0	561981265	intron_variant	0	0.00228	4E-19	18.397940008672037		1.03	[0.8-1.26] unit increase	NR [11842647] (imputed)	N	strand of hair color	http://purl.obolibrary.org/obo/OBA_0002313	GCST90041837	Genome-wide genotyping array
2021-12-01	34737426	Jiang L	2021-11-04	Nat Genet	www.ncbi.nlm.nih.gov/pubmed/34737426	A generalized linear mixed model association tool for biobank-scale data.	Hair colour (natural, before greying): Red (UKB data field 1747_2)	20,692 European ancestry cases, 434,472 European ancestry controls	NA	16q24.2	16	88541003		ZFPM1 - ZC3H18	ENSG00000179588	ENSG00000158545		3972	29400	rs187169832-A	rs187169832	0	187169832	intron_variant	1	0.001117	1E-19	19.0		1.5	[1.18-1.82] unit increase	NR [11842647] (imputed)	N	strand of hair color	http://purl.obolibrary.org/obo/OBA_0002313	GCST90041837	Genome-wide genotyping array
2021-12-01	34737426	Jiang L	2021-11-04	Nat Genet	www.ncbi.nlm.nih.gov/pubmed/34737426	A generalized linear mixed model association tool for biobank-scale data.	Hair colour (natural, before greying): Red (UKB data field 1747_2)	20,692 European ancestry cases, 434,472 European ancestry controls	NA	16q24.2	16	88572464		ZC3H18			ENSG00000158545			rs530518382-C	rs530518382	0	530518382	intron_variant	0	0.001617	7E-10	9.154901959985743		0.86	[0.59-1.13] unit increase	NR [11842647] (imputed)	N	strand of hair color	http://purl.obolibrary.org/obo/OBA_0002313	GCST90041837	Genome-wide genotyping array
2021-12-01	34737426	Jiang L	2021-11-04	Nat Genet	www.ncbi.nlm.nih.gov/pubmed/34737426	A generalized linear mixed model association tool for biobank-scale data.	Hair colour (natural, before greying): Red (UKB data field 1747_2)	20,692 European ancestry cases, 434,472 European ancestry controls	NA	16q24.2	16	88684535		SNAI3, SNAI3-AS1			ENSG00000185669, ENSG00000260630			rs189094974-A	rs189094974	0	189094974	intron_variant	0	0.002351	9E-30	29.045757490560675		1.35	[1.12-1.58] unit increase	NR [11842647] (imputed)	N	strand of hair color	http://purl.obolibrary.org/obo/OBA_0002313	GCST90041837	Genome-wide genotyping array
2021-12-01	34737426	Jiang L	2021-11-04	Nat Genet	www.ncbi.nlm.nih.gov/pubmed/34737426	A generalized linear mixed model association tool for biobank-scale data.	Hair colour (natural, before greying): Red (UKB data field 1747_2)	20,692 European ancestry cases, 434,472 European ancestry controls	NA	16q24.3	16	88761793		PIEZO1			ENSG00000103335			rs187348148-A	rs187348148	0	187348148	intron_variant	0	0.002011	8E-11	10.096910013008056		0.83	[0.58-1.08] unit decrease	NR [11842647] (imputed)	N	strand of hair color	http://purl.obolibrary.org/obo/OBA_0002313	GCST90041837	Genome-wide genotyping array
2021-12-01	34737426	Jiang L	2021-11-04	Nat Genet	www.ncbi.nlm.nih.gov/pubmed/34737426	A generalized linear mixed model association tool for biobank-scale data.	Hair colour (natural, before greying): Red (UKB data field 1747_2)	20,692 European ancestry cases, 434,472 European ancestry controls	NA	16q24.3	16	88789693		PIEZO1 - CDT1	ENSG00000103335	ENSG00000167513		4442	14096	rs142326556-T	rs142326556	0	142326556	intergenic_variant	1	0.002829	3E-69	68.52287874528034		1.86	[1.65-2.07] unit increase	NR [11842647] (imputed)	N	strand of hair color	http://purl.obolibrary.org/obo/OBA_0002313	GCST90041837	Genome-wide genotyping array
2021-12-01	34737426	Jiang L	2021-11-04	Nat Genet	www.ncbi.nlm.nih.gov/pubmed/34737426	A generalized linear mixed model association tool for biobank-scale data.	Hair colour (natural, before greying): Red (UKB data field 1747_2)	20,692 European ancestry cases, 434,472 European ancestry controls	NA	16q24.3	16	88790541		PIEZO1 - CDT1	ENSG00000103335	ENSG00000167513		5290	13248	rs538565870-T	rs538565870	0	538565870	regulatory_region_variant	1	0.001021	3E-13	12.522878745280337		1.25	[0.92-1.58] unit increase	NR [11842647] (imputed)	N	strand of hair color	http://purl.obolibrary.org/obo/OBA_0002313	GCST90041837	Genome-wide genotyping array
2021-12-01	34737426	Jiang L	2021-11-04	Nat Genet	www.ncbi.nlm.nih.gov/pubmed/34737426	A generalized linear mixed model association tool for biobank-scale data.	Hair colour (natural, before greying): Red (UKB data field 1747_2)	20,692 European ancestry cases, 434,472 European ancestry controls	NA	16q24.3	16	88801232		PIEZO1 - CDT1	ENSG00000103335	ENSG00000167513		15981	2557	rs143290413-G	rs143290413	0	143290413	intergenic_variant	1	0.003093	4E-10	9.397940008672037		0.64	[0.44-0.84] unit decrease	NR [11842647] (imputed)	N	strand of hair color	http://purl.obolibrary.org/obo/OBA_0002313	GCST90041837	Genome-wide genotyping array
2021-12-01	34737426	Jiang L	2021-11-04	Nat Genet	www.ncbi.nlm.nih.gov/pubmed/34737426	A generalized linear mixed model association tool for biobank-scale data.	Hair colour (natural, before greying): Red (UKB data field 1747_2)	20,692 European ancestry cases, 434,472 European ancestry controls	NA	16q24.3	16	88824332		GALNS			ENSG00000141012			rs117776466-T	rs117776466	0	117776466	intron_variant	0	0.004735	5E-13	12.301029995663981		0.59	[0.43-0.75] unit decrease	NR [11842647] (imputed)	N	strand of hair color	http://purl.obolibrary.org/obo/OBA_0002313	GCST90041837	Genome-wide genotyping array
2021-12-01	34737426	Jiang L	2021-11-04	Nat Genet	www.ncbi.nlm.nih.gov/pubmed/34737426	A generalized linear mixed model association tool for biobank-scale data.	Hair colour (natural, before greying): Red (UKB data field 1747_2)	20,692 European ancestry cases, 434,472 European ancestry controls	NA	16q24.3	16	88847825		GALNS			ENSG00000141012			rs186727146-T	rs186727146	0	186727146	intron_variant	0	0.004057	4E-9	8.397940008672037		0.5	[0.33-0.67] unit decrease	NR [11842647] (imputed)	N	strand of hair color	http://purl.obolibrary.org/obo/OBA_0002313	GCST90041837	Genome-wide genotyping array
2021-12-01	34737426	Jiang L	2021-11-04	Nat Genet	www.ncbi.nlm.nih.gov/pubmed/34737426	A generalized linear mixed model association tool for biobank-scale data.	Hair colour (natural, before greying): Red (UKB data field 1747_2)	20,692 European ancestry cases, 434,472 European ancestry controls	NA	16q24.3	16	88856931		TRAPPC2L, GALNS			ENSG00000167515, ENSG00000141012			rs369448232-T	rs369448232	0	369448232	5_prime_UTR_variant	0	0.003811	5E-11	10.301029995663981		0.59	[0.42-0.76] unit decrease	NR [11842647] (imputed)	N	strand of hair color	http://purl.obolibrary.org/obo/OBA_0002313	GCST90041837	Genome-wide genotyping array
2021-12-01	34737426	Jiang L	2021-11-04	Nat Genet	www.ncbi.nlm.nih.gov/pubmed/34737426	A generalized linear mixed model association tool for biobank-scale data.	Hair colour (natural, before greying): Red (UKB data field 1747_2)	20,692 European ancestry cases, 434,472 European ancestry controls	NA	16q24.3	16	88860468		TRAPPC2L			ENSG00000167515			rs191651625-A	rs191651625	0	191651625	3_prime_UTR_variant	0	0.003962	2E-73	72.69897000433602		1.61	[1.44-1.78] unit increase	NR [11842647] (imputed)	N	strand of hair color	http://purl.obolibrary.org/obo/OBA_0002313	GCST90041837	Genome-wide genotyping array
2022-03-23	34737440	Lona-Durazo F	2021-11-04	Commun Biol	www.ncbi.nlm.nih.gov/pubmed/34737440	A large Canadian cohort provides insights into the genetic architecture of human hair colour.	Red vs. brown/black hair color	10,450 European ancestry individuals	NA	16q24.3	16	88702805		RNF166			ENSG00000158717			rs80030016-A	rs80030016	0	80030016	intron_variant	0	NR	2E-8	7.698970004336019		1.76633	[1.15-2.38] decrease	Affymetrix, Illumina [32876187] (imputed)	N	hair color	http://www.ebi.ac.uk/efo/EFO_0003924	GCST90095478	Genome-wide genotyping array
2022-03-23	34737440	Lona-Durazo F	2021-11-04	Commun Biol	www.ncbi.nlm.nih.gov/pubmed/34737440	A large Canadian cohort provides insights into the genetic architecture of human hair colour.	Red vs. brown/black hair color	10,450 European ancestry individuals	NA	16q24.3	16	88865967		PABPN1L			ENSG00000205022			rs79912986-G	rs79912986	0	79912986	intron_variant	0	NR	2E-18	17.69897000433602		2.85844	[2.22-3.5] decrease	Affymetrix, Illumina [32876187] (imputed)	N	hair color	http://www.ebi.ac.uk/efo/EFO_0003924	GCST90095478	Genome-wide genotyping array
2022-03-23	34737440	Lona-Durazo F	2021-11-04	Commun Biol	www.ncbi.nlm.nih.gov/pubmed/34737440	A large Canadian cohort provides insights into the genetic architecture of human hair colour.	Red vs. brown/black hair color	10,450 European ancestry individuals	NA	16q24.3	16	88909490		CBFA2T3			ENSG00000129993			rs116895175-G	rs116895175	0	116895175	intron_variant	0	NR	2E-20	19.69897000433602		2.97502	[2.35-3.6] decrease	Affymetrix, Illumina [32876187] (imputed)	N	hair color	http://www.ebi.ac.uk/efo/EFO_0003924	GCST90095478	Genome-wide genotyping array
2022-03-23	34737440	Lona-Durazo F	2021-11-04	Commun Biol	www.ncbi.nlm.nih.gov/pubmed/34737440	A large Canadian cohort provides insights into the genetic architecture of human hair colour.	Red vs. brown/black hair color	10,450 European ancestry individuals	NA	16q24.3	16	88998978		CBFA2T3 - ACSF3	ENSG00000129993	ENSG00000176715		21771	89397	rs118010021-C	rs118010021	0	118010021	intergenic_variant	1	NR	5E-24	23.30102999566398		3.40184	[2.74-4.06] decrease	Affymetrix, Illumina [32876187] (imputed)	N	hair color	http://www.ebi.ac.uk/efo/EFO_0003924	GCST90095478	Genome-wide genotyping array
2022-03-23	34737440	Lona-Durazo F	2021-11-04	Commun Biol	www.ncbi.nlm.nih.gov/pubmed/34737440	A large Canadian cohort provides insights into the genetic architecture of human hair colour.	Red vs. brown/black hair color	10,450 European ancestry individuals	NA	16q24.3	16	89168993		LINC02138			ENSG00000205015			rs117156175-C	rs117156175	0	117156175	non_coding_transcript_exon_variant	0	NR	1E-26	26.0		3.60952	[2.95-4.27] decrease	Affymetrix, Illumina [32876187] (imputed)	N	hair color	http://www.ebi.ac.uk/efo/EFO_0003924	GCST90095478	Genome-wide genotyping array
2022-03-23	34737440	Lona-Durazo F	2021-11-04	Commun Biol	www.ncbi.nlm.nih.gov/pubmed/34737440	A large Canadian cohort provides insights into the genetic architecture of human hair colour.	Red vs. brown/black hair color	10,450 European ancestry individuals	NA	16q24.3	16	89278719		ANKRD11			ENSG00000167522			rs144104266-G	rs144104266	0	144104266	intron_variant	0	NR	5E-31	30.30102999566398		3.49332	[2.9-4.08] decrease	Affymetrix, Illumina [32876187] (imputed)	N	hair color	http://www.ebi.ac.uk/efo/EFO_0003924	GCST90095478	Genome-wide genotyping array
2022-03-23	34737440	Lona-Durazo F	2021-11-04	Commun Biol	www.ncbi.nlm.nih.gov/pubmed/34737440	A large Canadian cohort provides insights into the genetic architecture of human hair colour.	Red vs. brown/black hair color	10,450 European ancestry individuals	NA	16q24.3	16	89440922		ANKRD11			ENSG00000167522			rs74836424-C	rs74836424	0	74836424	intron_variant	0	NR	1E-63	63.0		4.07171	[3.6-4.55] decrease	Affymetrix, Illumina [32876187] (imputed)	N	hair color	http://www.ebi.ac.uk/efo/EFO_0003924	GCST90095478	Genome-wide genotyping array
2022-03-23	34737440	Lona-Durazo F	2021-11-04	Commun Biol	www.ncbi.nlm.nih.gov/pubmed/34737440	A large Canadian cohort provides insights into the genetic architecture of human hair colour.	Red vs. brown/black hair color	10,450 European ancestry individuals	NA	16q24.3	16	89558819		SPG7 - RPL13	ENSG00000197912	ENSG00000167526		1053	1818	rs67689854-C	rs67689854	0	67689854	intergenic_variant	1	NR	1E-37	37.0		2.22658	[1.89-2.57] decrease	Affymetrix, Illumina [32876187] (imputed)	N	hair color	http://www.ebi.ac.uk/efo/EFO_0003924	GCST90095478	Genome-wide genotyping array
2022-03-23	34737440	Lona-Durazo F	2021-11-04	Commun Biol	www.ncbi.nlm.nih.gov/pubmed/34737440	A large Canadian cohort provides insights into the genetic architecture of human hair colour.	Red vs. brown/black hair color	10,450 European ancestry individuals	NA	16q24.3	16	89650085		CHMP1A			ENSG00000131165			rs35749174-G	rs35749174	0	35749174	intron_variant	0	NR	2E-75	74.69897000433602		4.10374	[3.67-4.54] decrease	Affymetrix, Illumina [32876187] (imputed)	N	hair color	http://www.ebi.ac.uk/efo/EFO_0003924	GCST90095478	Genome-wide genotyping array
2022-03-23	34737440	Lona-Durazo F	2021-11-04	Commun Biol	www.ncbi.nlm.nih.gov/pubmed/34737440	A large Canadian cohort provides insights into the genetic architecture of human hair colour.	Red vs. brown/black hair color	10,450 European ancestry individuals	NA	16q24.3	16	89752324		FANCA			ENSG00000187741			rs12931267-C	rs12931267	0	12931267	intron_variant	0	NR	2E-82	81.69897000433602		4.2454	[3.81-4.68] decrease	Affymetrix, Illumina [32876187] (imputed)	N	hair color	http://www.ebi.ac.uk/efo/EFO_0003924	GCST90095478	Genome-wide genotyping array
2022-03-23	34737440	Lona-Durazo F	2021-11-04	Commun Biol	www.ncbi.nlm.nih.gov/pubmed/34737440	A large Canadian cohort provides insights into the genetic architecture of human hair colour.	Red vs. brown/black hair color	10,450 European ancestry individuals	NA	16q24.3	16	89780269		FANCA			ENSG00000187741			rs75570604-G	rs75570604	0	75570604	intron_variant	0	NR	7E-80	79.15490195998575		4.18798	[3.75-4.62] decrease	Affymetrix, Illumina [32876187] (imputed)	N	hair color	http://www.ebi.ac.uk/efo/EFO_0003924	GCST90095478	Genome-wide genotyping array
2022-03-23	34737440	Lona-Durazo F	2021-11-04	Commun Biol	www.ncbi.nlm.nih.gov/pubmed/34737440	A large Canadian cohort provides insights into the genetic architecture of human hair colour.	Red vs. brown/black hair color	10,450 European ancestry individuals	NA	16q24.3	16	89919709		MC1R			ENSG00000258839			rs1805007-C	rs1805007	0	1805007	missense_variant	0	NR	8E-78	77.09691001300806		4.05294	[3.63-4.48] decrease	Affymetrix, Illumina [32876187] (imputed)	N	hair color	http://www.ebi.ac.uk/efo/EFO_0003924	GCST90095478	Genome-wide genotyping array
2022-03-23	34737440	Lona-Durazo F	2021-11-04	Commun Biol	www.ncbi.nlm.nih.gov/pubmed/34737440	A large Canadian cohort provides insights into the genetic architecture of human hair colour.	Red vs. brown/black hair color	10,450 European ancestry individuals	NA	16q24.3	16	90011614		DBNDD1			ENSG00000003249			rs77381714-T	rs77381714	0	77381714	intron_variant	0	NR	5E-77	76.30102999566398		4.09877	[3.67-4.53] decrease	Affymetrix, Illumina [32876187] (imputed)	N	hair color	http://www.ebi.ac.uk/efo/EFO_0003924	GCST90095478	Genome-wide genotyping array
2022-03-23	34737440	Lona-Durazo F	2021-11-04	Commun Biol	www.ncbi.nlm.nih.gov/pubmed/34737440	A large Canadian cohort provides insights into the genetic architecture of human hair colour.	Red vs. brown/black hair color	10,450 European ancestry individuals	NA	16q24.3	16	90077159		PRDM7			ENSG00000126856			rs118174802-C	rs118174802	0	118174802	intron_variant	0	NR	5E-16	15.301029995663981		1.86465	[1.41-2.31] decrease	Affymetrix, Illumina [32876187] (imputed)	N	hair color	http://www.ebi.ac.uk/efo/EFO_0003924	GCST90095478	Genome-wide genotyping array
2021-12-01	34737426	Jiang L	2021-11-04	Nat Genet	www.ncbi.nlm.nih.gov/pubmed/34737426	A generalized linear mixed model association tool for biobank-scale data.	Hair colour (natural, before greying): Red (UKB data field 1747_2)	20,692 European ancestry cases, 434,472 European ancestry controls	NA	16q24.3	16	89808348		FANCA			ENSG00000187741			rs17232246-A	rs17232246	0	17232246	missense_variant	0	2.279E-4	8E-10	9.096910013008056		2.35	[1.6-3.1] unit increase	NR [11842647] (imputed)	N	strand of hair color	http://purl.obolibrary.org/obo/OBA_0002313	GCST90041837	Genome-wide genotyping array
2021-12-01	34737426	Jiang L	2021-11-04	Nat Genet	www.ncbi.nlm.nih.gov/pubmed/34737426	A generalized linear mixed model association tool for biobank-scale data.	Hair colour (natural, before greying): Red (UKB data field 1747_2)	20,692 European ancestry cases, 434,472 European ancestry controls	NA	16q24.3	16	89818733		SPIRE2			ENSG00000204991			rs780822849-G	rs780822849	0	780822849	intergenic_variant	0	0.001475	2E-109	108.69897000433602		3.34	[3.05-3.63] unit increase	NR [11842647] (imputed)	N	strand of hair color	http://purl.obolibrary.org/obo/OBA_0002313	GCST90041837	Genome-wide genotyping array
2021-12-01	34737426	Jiang L	2021-11-04	Nat Genet	www.ncbi.nlm.nih.gov/pubmed/34737426	A generalized linear mixed model association tool for biobank-scale data.	Hair colour (natural, before greying): Red (UKB data field 1747_2)	20,692 European ancestry cases, 434,472 European ancestry controls	NA	16q24.3	16	89856097		SPIRE2			ENSG00000204991			rs185450073-T	rs185450073	0	185450073	splice_polypyrimidine_tract_variant	0	0.001141	3E-9	8.522878745280337		1.04	[0.7-1.38] unit decrease	NR [11842647] (imputed)	N	strand of hair color	http://purl.obolibrary.org/obo/OBA_0002313	GCST90041837	Genome-wide genotyping array
2021-12-01	34737426	Jiang L	2021-11-04	Nat Genet	www.ncbi.nlm.nih.gov/pubmed/34737426	A generalized linear mixed model association tool for biobank-scale data.	Hair colour (natural, before greying): Red (UKB data field 1747_2)	20,692 European ancestry cases, 434,472 European ancestry controls	NA	16q24.3	16	89871941		SPIRE2 - TCF25	ENSG00000204991	ENSG00000141002		622	1625	rs538371013-A	rs538371013	0	538371013	regulatory_region_variant	1	0.001228	3E-9	8.522878745280337		0.98	[0.65-1.31] unit decrease	NR [11842647] (imputed)	N	strand of hair color	http://purl.obolibrary.org/obo/OBA_0002313	GCST90041837	Genome-wide genotyping array
2021-12-01	34737426	Jiang L	2021-11-04	Nat Genet	www.ncbi.nlm.nih.gov/pubmed/34737426	A generalized linear mixed model association tool for biobank-scale data.	Hair colour (natural, before greying): Red (UKB data field 1747_2)	20,692 European ancestry cases, 434,472 European ancestry controls	NA	16q24.3	16	89916741		MC1R			ENSG00000258839			rs144459979-A	rs144459979	0	144459979	intron_variant	0	0.001756	2E-12	11.698970004336019		1.02	[0.74-1.3] unit decrease	NR [11842647] (imputed)	N	strand of hair color	http://purl.obolibrary.org/obo/OBA_0002313	GCST90041837	Genome-wide genotyping array
2021-12-01	34737426	Jiang L	2021-11-04	Nat Genet	www.ncbi.nlm.nih.gov/pubmed/34737426	A generalized linear mixed model association tool for biobank-scale data.	Hair colour (natural, before greying): Red (UKB data field 1747_2)	20,692 European ancestry cases, 434,472 European ancestry controls	NA	16q24.3	16	89919505		MC1R			ENSG00000258839			rs34474212-C	rs34474212	0	34474212	missense_variant	0	1.139E-4	9E-14	13.045757490560675		4.88	[3.6-6.16] unit increase	NR [11842647] (imputed)	N	strand of hair color	http://purl.obolibrary.org/obo/OBA_0002313	GCST90041837	Genome-wide genotyping array
2021-12-01	34737426	Jiang L	2021-11-04	Nat Genet	www.ncbi.nlm.nih.gov/pubmed/34737426	A generalized linear mixed model association tool for biobank-scale data.	Hair colour (natural, before greying): Red (UKB data field 1747_2)	20,692 European ancestry cases, 434,472 European ancestry controls	NA	16q24.3	16	89919683		MC1R			ENSG00000258839			rs11547464-A	rs11547464	0	11547464	missense_variant	0	0.006441	7E-228	227.15490195998575		2.39	[2.24-2.54] unit increase	NR [11842647] (imputed)	N	strand of hair color	http://purl.obolibrary.org/obo/OBA_0002313	GCST90041837	Genome-wide genotyping array
2021-12-01	34737426	Jiang L	2021-11-04	Nat Genet	www.ncbi.nlm.nih.gov/pubmed/34737426	A generalized linear mixed model association tool for biobank-scale data.	Hair colour (natural, before greying): Red (UKB data field 1747_2)	20,692 European ancestry cases, 434,472 European ancestry controls	NA	16q24.3	16	89919714		MC1R			ENSG00000258839			rs201326893-A	rs201326893	0	201326893	stop_gained	0	2.532E-4	4E-36	35.39794000867204		4.96	[4.18-5.74] unit increase	NR [11842647] (imputed)	N	strand of hair color	http://purl.obolibrary.org/obo/OBA_0002313	GCST90041837	Genome-wide genotyping array
2021-12-01	34737426	Jiang L	2021-11-04	Nat Genet	www.ncbi.nlm.nih.gov/pubmed/34737426	A generalized linear mixed model association tool for biobank-scale data.	Hair colour (natural, before greying): Red (UKB data field 1747_2)	20,692 European ancestry cases, 434,472 European ancestry controls	NA	16q24.3	16	89920175		MC1R			ENSG00000258839			rs368507952-A	rs368507952	0	368507952	missense_variant	0	3.475E-4	6E-39	38.221848749616356		4.0	[3.4-4.6] unit increase	NR [11842647] (imputed)	N	strand of hair color	http://purl.obolibrary.org/obo/OBA_0002313	GCST90041837	Genome-wide genotyping array
2021-12-01	34737426	Jiang L	2021-11-04	Nat Genet	www.ncbi.nlm.nih.gov/pubmed/34737426	A generalized linear mixed model association tool for biobank-scale data.	Hair colour (natural, before greying): Red (UKB data field 1747_2)	20,692 European ancestry cases, 434,472 European ancestry controls	NA	16q24.3	16	89928611		TUBB3			ENSG00000258947			rs568771275-A	rs568771275	0	568771275	intron_variant	0	0.002795	6E-20	19.221848749616356		1.04	[0.82-1.26] unit decrease	NR [11842647] (imputed)	N	strand of hair color	http://purl.obolibrary.org/obo/OBA_0002313	GCST90041837	Genome-wide genotyping array
2021-12-01	34737426	Jiang L	2021-11-04	Nat Genet	www.ncbi.nlm.nih.gov/pubmed/34737426	A generalized linear mixed model association tool for biobank-scale data.	Hair colour (natural, before greying): Red (UKB data field 1747_2)	20,692 European ancestry cases, 434,472 European ancestry controls	NA	16q24.3	16	89938758		TUBB3			ENSG00000258947			rs139107291-T	rs139107291	0	139107291	intergenic_variant	0	0.002442	4E-17	16.397940008672037		1.04	[0.8-1.28] unit decrease	NR [11842647] (imputed)	N	strand of hair color	http://purl.obolibrary.org/obo/OBA_0002313	GCST90041837	Genome-wide genotyping array
2021-12-01	34737426	Jiang L	2021-11-04	Nat Genet	www.ncbi.nlm.nih.gov/pubmed/34737426	A generalized linear mixed model association tool for biobank-scale data.	Hair colour (natural, before greying): Red (UKB data field 1747_2)	20,692 European ancestry cases, 434,472 European ancestry controls	NA	16q24.3	16	89959494		DEF8			ENSG00000140995			rs187891579-C	rs187891579	0	187891579	intron_variant	0	0.002724	3E-13	12.522878745280337		0.81	[0.59-1.03] unit decrease	NR [11842647] (imputed)	N	strand of hair color	http://purl.obolibrary.org/obo/OBA_0002313	GCST90041837	Genome-wide genotyping array
2021-12-01	34737426	Jiang L	2021-11-04	Nat Genet	www.ncbi.nlm.nih.gov/pubmed/34737426	A generalized linear mixed model association tool for biobank-scale data.	Hair colour (natural, before greying): Red (UKB data field 1747_2)	20,692 European ancestry cases, 434,472 European ancestry controls	NA	16q24.3	16	89973016		AFG3L1P, AFG3L1P			ENSG00000293510, ENSG00000223959			rs147440955-T	rs147440955	0	147440955	intron_variant	0	0.00115	6E-68	67.22184874961636		3.25	[2.88-3.62] unit increase	NR [11842647] (imputed)	N	strand of hair color	http://purl.obolibrary.org/obo/OBA_0002313	GCST90041837	Genome-wide genotyping array
2021-12-01	34737426	Jiang L	2021-11-04	Nat Genet	www.ncbi.nlm.nih.gov/pubmed/34737426	A generalized linear mixed model association tool for biobank-scale data.	Hair colour (natural, before greying): Red (UKB data field 1747_2)	20,692 European ancestry cases, 434,472 European ancestry controls	NA	16q24.3	16	89977935		AFG3L1P, AFG3L1P			ENSG00000293510, ENSG00000223959			rs181039899-T	rs181039899	0	181039899	intron_variant	0	0.003739	4E-24	23.397940008672037		0.95	[0.77-1.13] unit decrease	NR [11842647] (imputed)	N	strand of hair color	http://purl.obolibrary.org/obo/OBA_0002313	GCST90041837	Genome-wide genotyping array
2021-12-01	34737426	Jiang L	2021-11-04	Nat Genet	www.ncbi.nlm.nih.gov/pubmed/34737426	A generalized linear mixed model association tool for biobank-scale data.	Hair colour (natural, before greying): Red (UKB data field 1747_2)	20,692 European ancestry cases, 434,472 European ancestry controls	NA	16q24.3	16	90000070		AFG3L1P, AFG3L1P			ENSG00000293510, ENSG00000223959			rs35314430-A	rs35314430	0	35314430	intron_variant	0	0.003744	3E-12	11.522878745280337		0.6	[0.43-0.77] unit increase	NR [11842647] (imputed)	N	strand of hair color	http://purl.obolibrary.org/obo/OBA_0002313	GCST90041837	Genome-wide genotyping array
2021-12-01	34737426	Jiang L	2021-11-04	Nat Genet	www.ncbi.nlm.nih.gov/pubmed/34737426	A generalized linear mixed model association tool for biobank-scale data.	Hair colour (natural, before greying): Red (UKB data field 1747_2)	20,692 European ancestry cases, 434,472 European ancestry controls	NA	16q24.3	16	90015683		DBNDD1			ENSG00000003249			rs545531252-T	rs545531252	0	545531252	intron_variant	0	0.001075	4E-9	8.397940008672037		1.07	[0.72-1.42] unit decrease	NR [11842647] (imputed)	N	strand of hair color	http://purl.obolibrary.org/obo/OBA_0002313	GCST90041837	Genome-wide genotyping array
2021-12-01	34737426	Jiang L	2021-11-04	Nat Genet	www.ncbi.nlm.nih.gov/pubmed/34737426	A generalized linear mixed model association tool for biobank-scale data.	Hair colour (natural, before greying): Red (UKB data field 1747_2)	20,692 European ancestry cases, 434,472 European ancestry controls	NA	16q24.3	16	90040361		GAS8, URAHP, URAHP			ENSG00000141013, ENSG00000290738, ENSG00000222019			rs145962792-G	rs145962792	0	145962792	missense_variant	0	0.002627	5E-138	137.30102999566398		2.93	[2.7-3.16] unit increase	NR [11842647] (imputed)	N	strand of hair color	http://purl.obolibrary.org/obo/OBA_0002313	GCST90041837	Genome-wide genotyping array
2021-12-01	34737426	Jiang L	2021-11-04	Nat Genet	www.ncbi.nlm.nih.gov/pubmed/34737426	A generalized linear mixed model association tool for biobank-scale data.	Hair colour (natural, before greying): Red (UKB data field 1747_2)	20,692 European ancestry cases, 434,472 European ancestry controls	NA	16q24.3	16	90067374		PRDM7			ENSG00000126856			rs550845267-G	rs550845267	0	550845267	intron_variant	0	0.004132	1E-17	17.0		0.76	[0.59-0.93] unit decrease	NR [11842647] (imputed)	N	strand of hair color	http://purl.obolibrary.org/obo/OBA_0002313	GCST90041837	Genome-wide genotyping array
2021-12-01	34737426	Jiang L	2021-11-04	Nat Genet	www.ncbi.nlm.nih.gov/pubmed/34737426	A generalized linear mixed model association tool for biobank-scale data.	Hair colour (natural, before greying): Red (UKB data field 1747_2)	20,692 European ancestry cases, 434,472 European ancestry controls	NA	16q24.3	16	90067676		PRDM7			ENSG00000126856			rs534223674-A	rs534223674	0	534223674	intron_variant	0	0.001244	7E-11	10.154901959985743		1.07	[0.75-1.39] unit decrease	NR [11842647] (imputed)	N	strand of hair color	http://purl.obolibrary.org/obo/OBA_0002313	GCST90041837	Genome-wide genotyping array
2021-12-01	34737426	Jiang L	2021-11-04	Nat Genet	www.ncbi.nlm.nih.gov/pubmed/34737426	A generalized linear mixed model association tool for biobank-scale data.	Hair colour (natural, before greying): Red (UKB data field 1747_2)	20,692 European ancestry cases, 434,472 European ancestry controls	NA	16q24.3	16	90101734		FAM157C			ENSG00000260528			rs542835323-C	rs542835323	0	542835323	intron_variant	0	0.001702	1E-12	12.0		1.03	[0.75-1.31] unit decrease	NR [11842647] (imputed)	N	strand of hair color	http://purl.obolibrary.org/obo/OBA_0002313	GCST90041837	Genome-wide genotyping array
2021-12-01	34737426	Jiang L	2021-11-04	Nat Genet	www.ncbi.nlm.nih.gov/pubmed/34737426	A generalized linear mixed model association tool for biobank-scale data.	Hair colour (natural, before greying): Light brown (UKB data field 1747_3)	185,000 European ancestry cases, 270,164 European ancestry controls	NA	5p13.2	5	33880779		ADAMTS12			ENSG00000151388			rs187798257-T	rs187798257	0	187798257	intron_variant	0	0.001248	3E-15	14.522878745280337		0.53	[0.4-0.66] unit decrease	NR [11842647] (imputed)	N	strand of hair color	http://purl.obolibrary.org/obo/OBA_0002313	GCST90041838	Genome-wide genotyping array
2021-12-01	34737426	Jiang L	2021-11-04	Nat Genet	www.ncbi.nlm.nih.gov/pubmed/34737426	A generalized linear mixed model association tool for biobank-scale data.	Hair colour (natural, before greying): Light brown (UKB data field 1747_3)	185,000 European ancestry cases, 270,164 European ancestry controls	NA	6p25.3	6	451284		IRF4 - EXOC2	ENSG00000137265	ENSG00000112685		39841	33849	rs142816268-A	rs142816268	0	142816268	intergenic_variant	1	0.005962	2E-19	18.69897000433602		0.27	[0.21-0.33] unit decrease	NR [11842647] (imputed)	N	strand of hair color	http://purl.obolibrary.org/obo/OBA_0002313	GCST90041838	Genome-wide genotyping array
2021-12-01	34737426	Jiang L	2021-11-04	Nat Genet	www.ncbi.nlm.nih.gov/pubmed/34737426	A generalized linear mixed model association tool for biobank-scale data.	Hair colour (natural, before greying): Light brown (UKB data field 1747_3)	185,000 European ancestry cases, 270,164 European ancestry controls	NA	6p25.3	6	479633		IRF4 - EXOC2	ENSG00000137265	ENSG00000112685		68190	5500	rs767506179-A	rs767506179	0	767506179	intergenic_variant	1	0.006509	7E-17	16.154901959985743		0.24	[0.18-0.3] unit decrease	NR [11842647] (imputed)	N	strand of hair color	http://purl.obolibrary.org/obo/OBA_0002313	GCST90041838	Genome-wide genotyping array
2021-12-01	34737426	Jiang L	2021-11-04	Nat Genet	www.ncbi.nlm.nih.gov/pubmed/34737426	A generalized linear mixed model association tool for biobank-scale data.	Hair colour (natural, before greying): Light brown (UKB data field 1747_3)	185,000 European ancestry cases, 270,164 European ancestry controls	NA	6p25.3	6	596079		EXOC2			ENSG00000112685			rs551965546-A	rs551965546	0	551965546	intron_variant	0	0.002063	1E-12	12.0		0.36	[0.26-0.46] unit decrease	NR [11842647] (imputed)	N	strand of hair color	http://purl.obolibrary.org/obo/OBA_0002313	GCST90041838	Genome-wide genotyping array
2021-12-01	34737426	Jiang L	2021-11-04	Nat Genet	www.ncbi.nlm.nih.gov/pubmed/34737426	A generalized linear mixed model association tool for biobank-scale data.	Hair colour (natural, before greying): Light brown (UKB data field 1747_3)	185,000 European ancestry cases, 270,164 European ancestry controls	NA	15q12	15	27703131		GABRG3 - OCA2	ENSG00000182256	ENSG00000104044		161147	51743	rs7182551-A	rs7182551	0	7182551	intergenic_variant	1	0.007349	3E-11	10.522878745280337		0.18	[0.13-0.23] unit decrease	NR [11842647] (imputed)	N	strand of hair color	http://purl.obolibrary.org/obo/OBA_0002313	GCST90041838	Genome-wide genotyping array
2021-12-01	34737426	Jiang L	2021-11-04	Nat Genet	www.ncbi.nlm.nih.gov/pubmed/34737426	A generalized linear mixed model association tool for biobank-scale data.	Hair colour (natural, before greying): Red (UKB data field 1747_2)	20,692 European ancestry cases, 434,472 European ancestry controls	NA	16q24.3	16	89369647		ANKRD11			ENSG00000167522			rs11865298-A	rs11865298	0	11865298	intron_variant	0	0.007719	1E-24	24.0		0.66	[0.53-0.79] unit decrease	NR [11842647] (imputed)	N	strand of hair color	http://purl.obolibrary.org/obo/OBA_0002313	GCST90041837	Genome-wide genotyping array
2021-12-01	34737426	Jiang L	2021-11-04	Nat Genet	www.ncbi.nlm.nih.gov/pubmed/34737426	A generalized linear mixed model association tool for biobank-scale data.	Hair colour (natural, before greying): Red (UKB data field 1747_2)	20,692 European ancestry cases, 434,472 European ancestry controls	NA	16q24.3	16	89380566		ANKRD11			ENSG00000167522			rs558890489-T	rs558890489	0	558890489	intron_variant	0	0.008366	7E-14	13.154901959985743		0.46	[0.34-0.58] unit decrease	NR [11842647] (imputed)	N	strand of hair color	http://purl.obolibrary.org/obo/OBA_0002313	GCST90041837	Genome-wide genotyping array
2021-12-01	34737426	Jiang L	2021-11-04	Nat Genet	www.ncbi.nlm.nih.gov/pubmed/34737426	A generalized linear mixed model association tool for biobank-scale data.	Hair colour (natural, before greying): Red (UKB data field 1747_2)	20,692 European ancestry cases, 434,472 European ancestry controls	NA	16q24.3	16	89393320		ANKRD11			ENSG00000167522			rs112107386-A	rs112107386	0	112107386	intron_variant	0	0.005424	7E-12	11.154901959985743		0.53	[0.38-0.68] unit decrease	NR [11842647] (imputed)	N	strand of hair color	http://purl.obolibrary.org/obo/OBA_0002313	GCST90041837	Genome-wide genotyping array
2021-12-01	34737426	Jiang L	2021-11-04	Nat Genet	www.ncbi.nlm.nih.gov/pubmed/34737426	A generalized linear mixed model association tool for biobank-scale data.	Hair colour (natural, before greying): Red (UKB data field 1747_2)	20,692 European ancestry cases, 434,472 European ancestry controls	NA	16q24.3	16	89414114		ANKRD11			ENSG00000167522			rs115459407-A	rs115459407	0	115459407	intron_variant	0	0.003443	5E-33	32.30102999566398		1.12	[0.94-1.3] unit increase	NR [11842647] (imputed)	N	strand of hair color	http://purl.obolibrary.org/obo/OBA_0002313	GCST90041837	Genome-wide genotyping array
2021-12-01	34737426	Jiang L	2021-11-04	Nat Genet	www.ncbi.nlm.nih.gov/pubmed/34737426	A generalized linear mixed model association tool for biobank-scale data.	Hair colour (natural, before greying): Red (UKB data field 1747_2)	20,692 European ancestry cases, 434,472 European ancestry controls	NA	16q24.3	16	89437559		ANKRD11			ENSG00000167522			rs531960161-G	rs531960161	0	531960161	intron_variant	0	0.002022	1E-9	9.0		0.77	[0.53-1.02] unit decrease	NR [11842647] (imputed)	N	strand of hair color	http://purl.obolibrary.org/obo/OBA_0002313	GCST90041837	Genome-wide genotyping array
2021-12-01	34737426	Jiang L	2021-11-04	Nat Genet	www.ncbi.nlm.nih.gov/pubmed/34737426	A generalized linear mixed model association tool for biobank-scale data.	Hair colour (natural, before greying): Red (UKB data field 1747_2)	20,692 European ancestry cases, 434,472 European ancestry controls	NA	16q24.3	16	89442135		ANKRD11			ENSG00000167522			rs183335528-T	rs183335528	0	183335528	intron_variant	0	0.001524	1E-10	10.0		0.99	[0.69-1.29] unit decrease	NR [11842647] (imputed)	N	strand of hair color	http://purl.obolibrary.org/obo/OBA_0002313	GCST90041837	Genome-wide genotyping array
2021-12-01	34737426	Jiang L	2021-11-04	Nat Genet	www.ncbi.nlm.nih.gov/pubmed/34737426	A generalized linear mixed model association tool for biobank-scale data.	Hair colour (natural, before greying): Red (UKB data field 1747_2)	20,692 European ancestry cases, 434,472 European ancestry controls	NA	16q24.3	16	89457725		ANKRD11			ENSG00000167522			rs192694822-C	rs192694822	0	192694822	intron_variant	0	0.003399	5E-15	14.301029995663981		0.76	[0.57-0.95] unit decrease	NR [11842647] (imputed)	N	strand of hair color	http://purl.obolibrary.org/obo/OBA_0002313	GCST90041837	Genome-wide genotyping array
2021-12-01	34737426	Jiang L	2021-11-04	Nat Genet	www.ncbi.nlm.nih.gov/pubmed/34737426	A generalized linear mixed model association tool for biobank-scale data.	Hair colour (natural, before greying): Red (UKB data field 1747_2)	20,692 European ancestry cases, 434,472 European ancestry controls	NA	16q24.3	16	89466709		ANKRD11			ENSG00000167522			rs188110739-C	rs188110739	0	188110739	intron_variant	0	0.002629	6E-16	15.221848749616356		0.92	[0.7-1.14] unit decrease	NR [11842647] (imputed)	N	strand of hair color	http://purl.obolibrary.org/obo/OBA_0002313	GCST90041837	Genome-wide genotyping array
2021-12-01	34737426	Jiang L	2021-11-04	Nat Genet	www.ncbi.nlm.nih.gov/pubmed/34737426	A generalized linear mixed model association tool for biobank-scale data.	Hair colour (natural, before greying): Red (UKB data field 1747_2)	20,692 European ancestry cases, 434,472 European ancestry controls	NA	16q24.3	16	89488903		ANKRD11			ENSG00000167522			rs74037211-C	rs74037211	0	74037211	intron_variant	0	0.007237	1E-34	34.0		0.83	[0.7-0.96] unit decrease	NR [11842647] (imputed)	N	strand of hair color	http://purl.obolibrary.org/obo/OBA_0002313	GCST90041837	Genome-wide genotyping array
2021-12-01	34737426	Jiang L	2021-11-04	Nat Genet	www.ncbi.nlm.nih.gov/pubmed/34737426	A generalized linear mixed model association tool for biobank-scale data.	Hair colour (natural, before greying): Red (UKB data field 1747_2)	20,692 European ancestry cases, 434,472 European ancestry controls	NA	16q24.3	16	89511400		SPG7			ENSG00000197912			rs541748904-A	rs541748904	0	541748904	intron_variant	0	0.00181	3E-9	8.522878745280337		0.78	[0.52-1.04] unit decrease	NR [11842647] (imputed)	N	strand of hair color	http://purl.obolibrary.org/obo/OBA_0002313	GCST90041837	Genome-wide genotyping array
2021-12-01	34737426	Jiang L	2021-11-04	Nat Genet	www.ncbi.nlm.nih.gov/pubmed/34737426	A generalized linear mixed model association tool for biobank-scale data.	Hair colour (natural, before greying): Red (UKB data field 1747_2)	20,692 European ancestry cases, 434,472 European ancestry controls	NA	16q24.3	16	89512597		SPG7			ENSG00000197912			rs147842723-T	rs147842723	0	147842723	intron_variant	0	0.002234	1E-12	12.0		0.88	[0.64-1.12] unit decrease	NR [11842647] (imputed)	N	strand of hair color	http://purl.obolibrary.org/obo/OBA_0002313	GCST90041837	Genome-wide genotyping array
2021-12-01	34737426	Jiang L	2021-11-04	Nat Genet	www.ncbi.nlm.nih.gov/pubmed/34737426	A generalized linear mixed model association tool for biobank-scale data.	Hair colour (natural, before greying): Red (UKB data field 1747_2)	20,692 European ancestry cases, 434,472 European ancestry controls	NA	16q24.3	16	89518178		SPG7			ENSG00000197912			rs559382968-G	rs559382968	0	559382968	intron_variant	0	0.002116	6E-23	22.221848749616356		1.2	[0.96-1.44] unit increase	NR [11842647] (imputed)	N	strand of hair color	http://purl.obolibrary.org/obo/OBA_0002313	GCST90041837	Genome-wide genotyping array
2021-12-01	34737426	Jiang L	2021-11-04	Nat Genet	www.ncbi.nlm.nih.gov/pubmed/34737426	A generalized linear mixed model association tool for biobank-scale data.	Hair colour (natural, before greying): Red (UKB data field 1747_2)	20,692 European ancestry cases, 434,472 European ancestry controls	NA	16q24.3	16	89543938		SPG7			ENSG00000197912			rs28592777-T	rs28592777	0	28592777	intron_variant	0	0.007095	2E-14	13.698970004336019		0.51	[0.38-0.64] unit decrease	NR [11842647] (imputed)	N	strand of hair color	http://purl.obolibrary.org/obo/OBA_0002313	GCST90041837	Genome-wide genotyping array
2021-12-01	34737426	Jiang L	2021-11-04	Nat Genet	www.ncbi.nlm.nih.gov/pubmed/34737426	A generalized linear mixed model association tool for biobank-scale data.	Hair colour (natural, before greying): Red (UKB data field 1747_2)	20,692 European ancestry cases, 434,472 European ancestry controls	NA	16q24.3	16	89556843		SPG7			ENSG00000197912			rs138806649-A	rs138806649	0	138806649	intron_variant	0	0.002748	7E-18	17.154901959985743		0.94	[0.72-1.16] unit decrease	NR [11842647] (imputed)	N	strand of hair color	http://purl.obolibrary.org/obo/OBA_0002313	GCST90041837	Genome-wide genotyping array
2021-12-01	34737426	Jiang L	2021-11-04	Nat Genet	www.ncbi.nlm.nih.gov/pubmed/34737426	A generalized linear mixed model association tool for biobank-scale data.	Hair colour (natural, before greying): Red (UKB data field 1747_2)	20,692 European ancestry cases, 434,472 European ancestry controls	NA	16q24.3	16	89586557		CPNE7			ENSG00000178773			rs558363243-A	rs558363243	0	558363243	intron_variant	0	0.003855	7E-22	21.154901959985743		0.91	[0.72-1.1] unit decrease	NR [11842647] (imputed)	N	strand of hair color	http://purl.obolibrary.org/obo/OBA_0002313	GCST90041837	Genome-wide genotyping array
2021-12-01	34737426	Jiang L	2021-11-04	Nat Genet	www.ncbi.nlm.nih.gov/pubmed/34737426	A generalized linear mixed model association tool for biobank-scale data.	Hair colour (natural, before greying): Red (UKB data field 1747_2)	20,692 European ancestry cases, 434,472 European ancestry controls	NA	16q24.3	16	89621295		DPEP1			ENSG00000015413			rs2280371-A	rs2280371	0	2280371	intron_variant	0	0.00217	3E-10	9.522878745280337		0.8	[0.55-1.05] unit decrease	NR [11842647] (imputed)	N	strand of hair color	http://purl.obolibrary.org/obo/OBA_0002313	GCST90041837	Genome-wide genotyping array
2021-12-01	34737426	Jiang L	2021-11-04	Nat Genet	www.ncbi.nlm.nih.gov/pubmed/34737426	A generalized linear mixed model association tool for biobank-scale data.	Hair colour (natural, before greying): Red (UKB data field 1747_2)	20,692 European ancestry cases, 434,472 European ancestry controls	NA	16q24.3	16	89639835		DPEP1 - CHMP1A	ENSG00000015413	ENSG00000131165		1379	981	rs150576976-A	rs150576976	0	150576976	intergenic_variant	1	0.002141	8E-12	11.096910013008056		0.87	[0.62-1.12] unit decrease	NR [11842647] (imputed)	N	strand of hair color	http://purl.obolibrary.org/obo/OBA_0002313	GCST90041837	Genome-wide genotyping array
2021-12-01	34737426	Jiang L	2021-11-04	Nat Genet	www.ncbi.nlm.nih.gov/pubmed/34737426	A generalized linear mixed model association tool for biobank-scale data.	Hair colour (natural, before greying): Red (UKB data field 1747_2)	20,692 European ancestry cases, 434,472 European ancestry controls	NA	16q24.3	16	89642575		CHMP1A			ENSG00000131165			rs148271621-T	rs148271621	0	148271621	intergenic_variant	0	0.001711	3E-9	8.522878745280337		0.8	[0.53-1.07] unit decrease	NR [11842647] (imputed)	N	strand of hair color	http://purl.obolibrary.org/obo/OBA_0002313	GCST90041837	Genome-wide genotyping array
2021-12-01	34737426	Jiang L	2021-11-04	Nat Genet	www.ncbi.nlm.nih.gov/pubmed/34737426	A generalized linear mixed model association tool for biobank-scale data.	Hair colour (natural, before greying): Red (UKB data field 1747_2)	20,692 European ancestry cases, 434,472 European ancestry controls	NA	16q24.3	16	89683416		LINC02166, CDK10			ENSG00000260259, ENSG00000185324			rs542514563-G	rs542514563	0	542514563	intron_variant	0	0.003055	5E-18	17.30102999566398		0.9	[0.7-1.1] unit decrease	NR [11842647] (imputed)	N	strand of hair color	http://purl.obolibrary.org/obo/OBA_0002313	GCST90041837	Genome-wide genotyping array
2021-12-01	34737426	Jiang L	2021-11-04	Nat Genet	www.ncbi.nlm.nih.gov/pubmed/34737426	A generalized linear mixed model association tool for biobank-scale data.	Hair colour (natural, before greying): Red (UKB data field 1747_2)	20,692 European ancestry cases, 434,472 European ancestry controls	NA	16q24.3	16	89696513		SPATA2L			ENSG00000158792			rs465552-T	rs465552	0	465552	3_prime_UTR_variant	0	0.004224	4E-28	27.397940008672037		1.01	[0.83-1.19] unit decrease	NR [11842647] (imputed)	N	strand of hair color	http://purl.obolibrary.org/obo/OBA_0002313	GCST90041837	Genome-wide genotyping array
2021-12-01	34737426	Jiang L	2021-11-04	Nat Genet	www.ncbi.nlm.nih.gov/pubmed/34737426	A generalized linear mixed model association tool for biobank-scale data.	Hair colour (natural, before greying): Red (UKB data field 1747_2)	20,692 European ancestry cases, 434,472 European ancestry controls	NA	16q24.3	16	89730173		FANCA, ZNF276			ENSG00000187741, ENSG00000158805			rs190391690-T	rs190391690	0	190391690	intron_variant	0	0.00171	6E-11	10.221848749616356		0.93	[0.65-1.21] unit decrease	NR [11842647] (imputed)	N	strand of hair color	http://purl.obolibrary.org/obo/OBA_0002313	GCST90041837	Genome-wide genotyping array
2021-12-01	34737426	Jiang L	2021-11-04	Nat Genet	www.ncbi.nlm.nih.gov/pubmed/34737426	A generalized linear mixed model association tool for biobank-scale data.	Hair colour (natural, before greying): Red (UKB data field 1747_2)	20,692 European ancestry cases, 434,472 European ancestry controls	NA	16q24.3	16	89757101		FANCA			ENSG00000187741			rs185525869-A	rs185525869	0	185525869	intron_variant	0	0.0038	4E-20	19.397940008672037		0.87	[0.69-1.05] unit decrease	NR [11842647] (imputed)	N	strand of hair color	http://purl.obolibrary.org/obo/OBA_0002313	GCST90041837	Genome-wide genotyping array
2021-12-01	34737426	Jiang L	2021-11-04	Nat Genet	www.ncbi.nlm.nih.gov/pubmed/34737426	A generalized linear mixed model association tool for biobank-scale data.	Hair colour (natural, before greying): Red (UKB data field 1747_2)	20,692 European ancestry cases, 434,472 European ancestry controls	NA	16q24.3	16	89777990		FANCA			ENSG00000187741			rs17232777-T	rs17232777	0	17232777	intron_variant	0	0.001862	2E-14	13.698970004336019		1.05	[0.78-1.32] unit decrease	NR [11842647] (imputed)	N	strand of hair color	http://purl.obolibrary.org/obo/OBA_0002313	GCST90041837	Genome-wide genotyping array
2021-12-01	34737426	Jiang L	2021-11-04	Nat Genet	www.ncbi.nlm.nih.gov/pubmed/34737426	A generalized linear mixed model association tool for biobank-scale data.	Hair colour (natural, before greying): Red (UKB data field 1747_2)	20,692 European ancestry cases, 434,472 European ancestry controls	NA	16q24.3	16	89783333		FANCA			ENSG00000187741			rs544957009-A	rs544957009	0	544957009	intron_variant	0	0.001175	1E-9	9.0		1.03	[0.7-1.36] unit decrease	NR [11842647] (imputed)	N	strand of hair color	http://purl.obolibrary.org/obo/OBA_0002313	GCST90041837	Genome-wide genotyping array
2021-12-01	34737426	Jiang L	2021-11-04	Nat Genet	www.ncbi.nlm.nih.gov/pubmed/34737426	A generalized linear mixed model association tool for biobank-scale data.	Hair colour (natural, before greying): Red (UKB data field 1747_2)	20,692 European ancestry cases, 434,472 European ancestry controls	NA	16q24.3	16	89805762		FANCA			ENSG00000187741			rs140936156-A	rs140936156	0	140936156	intron_variant	0	0.001621	2E-11	10.698970004336019		0.98	[0.69-1.27] unit decrease	NR [11842647] (imputed)	N	strand of hair color	http://purl.obolibrary.org/obo/OBA_0002313	GCST90041837	Genome-wide genotyping array
2021-12-01	34737426	Jiang L	2021-11-04	Nat Genet	www.ncbi.nlm.nih.gov/pubmed/34737426	A generalized linear mixed model association tool for biobank-scale data.	Hair colour (natural, before greying): Dark brown (UKB data field 1747_4)	171,614 European ancestry cases, 283,550 European ancestry controls	NA	16q24.3	16	88908398		CBFA2T3			ENSG00000129993			rs138119553-T	rs138119553	0	138119553	intron_variant	0	0.005966	2E-9	8.698970004336019		0.18	[0.12-0.24] unit decrease	NR [11842647] (imputed)	N	strand of hair color	http://purl.obolibrary.org/obo/OBA_0002313	GCST90041839	Genome-wide genotyping array
2021-12-01	34737426	Jiang L	2021-11-04	Nat Genet	www.ncbi.nlm.nih.gov/pubmed/34737426	A generalized linear mixed model association tool for biobank-scale data.	Hair colour (natural, before greying): Dark brown (UKB data field 1747_4)	171,614 European ancestry cases, 283,550 European ancestry controls	NA	16q24.3	16	88916646		CBFA2T3			ENSG00000129993			rs190233891-A	rs190233891	0	190233891	intron_variant	0	0.008608	2E-11	10.698970004336019		0.16	[0.11-0.21] unit decrease	NR [11842647] (imputed)	N	strand of hair color	http://purl.obolibrary.org/obo/OBA_0002313	GCST90041839	Genome-wide genotyping array
2021-12-01	34737426	Jiang L	2021-11-04	Nat Genet	www.ncbi.nlm.nih.gov/pubmed/34737426	A generalized linear mixed model association tool for biobank-scale data.	Hair colour (natural, before greying): Dark brown (UKB data field 1747_4)	171,614 European ancestry cases, 283,550 European ancestry controls	NA	16q24.3	16	88990444		CBFA2T3 - ACSF3	ENSG00000129993	ENSG00000176715		13237	97931	rs577484898-T	rs577484898	0	577484898	intron_variant	1	0.001189	9E-14	13.045757490560675		0.52	[0.38-0.66] unit decrease	NR [11842647] (imputed)	N	strand of hair color	http://purl.obolibrary.org/obo/OBA_0002313	GCST90041839	Genome-wide genotyping array
2021-12-01	34737426	Jiang L	2021-11-04	Nat Genet	www.ncbi.nlm.nih.gov/pubmed/34737426	A generalized linear mixed model association tool for biobank-scale data.	Hair colour (natural, before greying): Dark brown (UKB data field 1747_4)	171,614 European ancestry cases, 283,550 European ancestry controls	NA	16q24.3	16	89190127		CDH15			ENSG00000129910			rs544502037-T	rs544502037	0	544502037	intron_variant	0	0.005535	4E-12	11.397940008672037		0.2	[0.15-0.25] unit increase	NR [11842647] (imputed)	N	strand of hair color	http://purl.obolibrary.org/obo/OBA_0002313	GCST90041839	Genome-wide genotyping array
2021-12-01	34737426	Jiang L	2021-11-04	Nat Genet	www.ncbi.nlm.nih.gov/pubmed/34737426	A generalized linear mixed model association tool for biobank-scale data.	Hair colour (natural, before greying): Dark brown (UKB data field 1747_4)	171,614 European ancestry cases, 283,550 European ancestry controls	NA	16q24.3	16	89206716		SLC22A31 - ZNF778-DT	ENSG00000259803	ENSG00000259877		5065	8444	rs774088759-G	rs774088759	0	774088759	intergenic_variant	1	0.001129	5E-15	14.301029995663981		0.57	[0.43-0.71] unit decrease	NR [11842647] (imputed)	N	strand of hair color	http://purl.obolibrary.org/obo/OBA_0002313	GCST90041839	Genome-wide genotyping array
2021-12-01	34737426	Jiang L	2021-11-04	Nat Genet	www.ncbi.nlm.nih.gov/pubmed/34737426	A generalized linear mixed model association tool for biobank-scale data.	Hair colour (natural, before greying): Dark brown (UKB data field 1747_4)	171,614 European ancestry cases, 283,550 European ancestry controls	NA	16q24.3	16	89227015		ZNF778			ENSG00000170100			rs149080634-T	rs149080634	0	149080634	missense_variant	0	0.003856	2E-9	8.698970004336019		0.2	[0.13-0.27] unit increase	NR [11842647] (imputed)	N	strand of hair color	http://purl.obolibrary.org/obo/OBA_0002313	GCST90041839	Genome-wide genotyping array
2021-12-01	34737426	Jiang L	2021-11-04	Nat Genet	www.ncbi.nlm.nih.gov/pubmed/34737426	A generalized linear mixed model association tool for biobank-scale data.	Hair colour (natural, before greying): Dark brown (UKB data field 1747_4)	171,614 European ancestry cases, 283,550 European ancestry controls	NA	16q24.3	16	89556843		SPG7			ENSG00000197912			rs138806649-A	rs138806649	0	138806649	intron_variant	0	0.00238	1E-9	9.0		0.26	[0.18-0.34] unit increase	NR [11842647] (imputed)	N	strand of hair color	http://purl.obolibrary.org/obo/OBA_0002313	GCST90041839	Genome-wide genotyping array
2021-12-01	34737426	Jiang L	2021-11-04	Nat Genet	www.ncbi.nlm.nih.gov/pubmed/34737426	A generalized linear mixed model association tool for biobank-scale data.	Hair colour (natural, before greying): Dark brown (UKB data field 1747_4)	171,614 European ancestry cases, 283,550 European ancestry controls	NA	16q24.3	16	89644249		CHMP1A			ENSG00000131165			rs57641885-C	rs57641885	0	57641885	3_prime_UTR_variant	0	0.004574	1E-9	9.0		0.19	[0.13-0.25] unit increase	NR [11842647] (imputed)	N	strand of hair color	http://purl.obolibrary.org/obo/OBA_0002313	GCST90041839	Genome-wide genotyping array
2021-12-01	34737426	Jiang L	2021-11-04	Nat Genet	www.ncbi.nlm.nih.gov/pubmed/34737426	A generalized linear mixed model association tool for biobank-scale data.	Hair colour (natural, before greying): Dark brown (UKB data field 1747_4)	171,614 European ancestry cases, 283,550 European ancestry controls	NA	16q24.3	16	89671428		SPATA33 - CDK10	ENSG00000167523	ENSG00000185324		156	9309	rs560081714-C	rs560081714	0	560081714	intergenic_variant	1	0.003164	1E-11	11.0		0.25	[0.18-0.32] unit increase	NR [11842647] (imputed)	N	strand of hair color	http://purl.obolibrary.org/obo/OBA_0002313	GCST90041839	Genome-wide genotyping array
2021-12-01	34737426	Jiang L	2021-11-04	Nat Genet	www.ncbi.nlm.nih.gov/pubmed/34737426	A generalized linear mixed model association tool for biobank-scale data.	Hair colour (natural, before greying): Dark brown (UKB data field 1747_4)	171,614 European ancestry cases, 283,550 European ancestry controls	NA	16q24.3	16	89677219		SPATA33 - CDK10	ENSG00000167523	ENSG00000185324		5947	3518	rs116927526-T	rs116927526	0	116927526	intron_variant	1	0.005141	2E-71	70.69897000433602		0.62	[0.55-0.69] unit decrease	NR [11842647] (imputed)	N	strand of hair color	http://purl.obolibrary.org/obo/OBA_0002313	GCST90041839	Genome-wide genotyping array
2021-12-01	34737426	Jiang L	2021-11-04	Nat Genet	www.ncbi.nlm.nih.gov/pubmed/34737426	A generalized linear mixed model association tool for biobank-scale data.	Hair colour (natural, before greying): Dark brown (UKB data field 1747_4)	171,614 European ancestry cases, 283,550 European ancestry controls	NA	16q24.3	16	89693310		CDK10			ENSG00000185324			rs775505410-C	rs775505410	0	775505410	missense_variant	0	0.001585	2E-22	21.69897000433602		0.6	[0.48-0.72] unit decrease	NR [11842647] (imputed)	N	strand of hair color	http://purl.obolibrary.org/obo/OBA_0002313	GCST90041839	Genome-wide genotyping array
2021-12-01	34737426	Jiang L	2021-11-04	Nat Genet	www.ncbi.nlm.nih.gov/pubmed/34737426	A generalized linear mixed model association tool for biobank-scale data.	Hair colour (natural, before greying): Dark brown (UKB data field 1747_4)	171,614 European ancestry cases, 283,550 European ancestry controls	NA	16q24.3	16	89695682		CDK10			ENSG00000185324			rs56242003-A	rs56242003	0	56242003	missense_variant	0	0.005512	1E-11	11.0		0.19	[0.13-0.25] unit increase	NR [11842647] (imputed)	N	strand of hair color	http://purl.obolibrary.org/obo/OBA_0002313	GCST90041839	Genome-wide genotyping array
2021-12-01	34737426	Jiang L	2021-11-04	Nat Genet	www.ncbi.nlm.nih.gov/pubmed/34737426	A generalized linear mixed model association tool for biobank-scale data.	Hair colour (natural, before greying): Dark brown (UKB data field 1747_4)	171,614 European ancestry cases, 283,550 European ancestry controls	NA	16q24.3	16	89714759		VPS9D1, VPS9D1-AS1			ENSG00000075399, ENSG00000261373			rs139714289-A	rs139714289	0	139714289	intron_variant	0	0.004241	3E-19	18.522878745280337		0.29	[0.23-0.35] unit increase	NR [11842647] (imputed)	N	strand of hair color	http://purl.obolibrary.org/obo/OBA_0002313	GCST90041839	Genome-wide genotyping array
2021-12-01	34737426	Jiang L	2021-11-04	Nat Genet	www.ncbi.nlm.nih.gov/pubmed/34737426	A generalized linear mixed model association tool for biobank-scale data.	Hair colour (natural, before greying): Dark brown (UKB data field 1747_4)	171,614 European ancestry cases, 283,550 European ancestry controls	NA	16q24.3	16	89778789		FANCA			ENSG00000187741			rs183513839-A	rs183513839	0	183513839	intron_variant	0	0.004899	6E-12	11.221848749616356		0.21	[0.15-0.27] unit increase	NR [11842647] (imputed)	N	strand of hair color	http://purl.obolibrary.org/obo/OBA_0002313	GCST90041839	Genome-wide genotyping array
2021-12-01	34737426	Jiang L	2021-11-04	Nat Genet	www.ncbi.nlm.nih.gov/pubmed/34737426	A generalized linear mixed model association tool for biobank-scale data.	Hair colour (natural, before greying): Dark brown (UKB data field 1747_4)	171,614 European ancestry cases, 283,550 European ancestry controls	NA	16q24.3	16	89793312		FANCA			ENSG00000187741			rs144352354-A	rs144352354	0	144352354	intron_variant	0	0.008627	2E-33	32.69897000433602		0.27	[0.22-0.32] unit increase	NR [11842647] (imputed)	N	strand of hair color	http://purl.obolibrary.org/obo/OBA_0002313	GCST90041839	Genome-wide genotyping array
2021-12-01	34737426	Jiang L	2021-11-04	Nat Genet	www.ncbi.nlm.nih.gov/pubmed/34737426	A generalized linear mixed model association tool for biobank-scale data.	Hair colour (natural, before greying): Dark brown (UKB data field 1747_4)	171,614 European ancestry cases, 283,550 European ancestry controls	NA	16q24.3	16	89873978		TCF25			ENSG00000141002			rs13332673-T	rs13332673	0	13332673	intron_variant	0	0.008967	7E-30	29.154901959985743		0.25	[0.21-0.29] unit increase	NR [11842647] (imputed)	N	strand of hair color	http://purl.obolibrary.org/obo/OBA_0002313	GCST90041839	Genome-wide genotyping array
2021-12-01	34737426	Jiang L	2021-11-04	Nat Genet	www.ncbi.nlm.nih.gov/pubmed/34737426	A generalized linear mixed model association tool for biobank-scale data.	Hair colour (natural, before greying): Dark brown (UKB data field 1747_4)	171,614 European ancestry cases, 283,550 European ancestry controls	NA	16q24.3	16	89909489		TCF25			ENSG00000141002			rs546481867-A	rs546481867	0	546481867	intron_variant	0	0.003661	5E-19	18.30102999566398		0.31	[0.24-0.38] unit increase	NR [11842647] (imputed)	N	strand of hair color	http://purl.obolibrary.org/obo/OBA_0002313	GCST90041839	Genome-wide genotyping array
2021-12-01	34737426	Jiang L	2021-11-04	Nat Genet	www.ncbi.nlm.nih.gov/pubmed/34737426	A generalized linear mixed model association tool for biobank-scale data.	Hair colour (natural, before greying): Dark brown (UKB data field 1747_4)	171,614 European ancestry cases, 283,550 European ancestry controls	NA	16q24.3	16	89919683		MC1R			ENSG00000258839			rs11547464-A	rs11547464	0	11547464	missense_variant	0	0.008256	3E-50	49.52287874528034		0.39	[0.34-0.44] unit decrease	NR [11842647] (imputed)	N	strand of hair color	http://purl.obolibrary.org/obo/OBA_0002313	GCST90041839	Genome-wide genotyping array
2021-12-01	34737426	Jiang L	2021-11-04	Nat Genet	www.ncbi.nlm.nih.gov/pubmed/34737426	A generalized linear mixed model association tool for biobank-scale data.	Hair colour (natural, before greying): Dark brown (UKB data field 1747_4)	171,614 European ancestry cases, 283,550 European ancestry controls	NA	16q24.3	16	89921841		TUBB3			ENSG00000258947			rs144623416-A	rs144623416	0	144623416	intron_variant	0	0.005084	3E-25	24.522878745280337		0.3	[0.24-0.36] unit increase	NR [11842647] (imputed)	N	strand of hair color	http://purl.obolibrary.org/obo/OBA_0002313	GCST90041839	Genome-wide genotyping array
2021-12-01	34737426	Jiang L	2021-11-04	Nat Genet	www.ncbi.nlm.nih.gov/pubmed/34737426	A generalized linear mixed model association tool for biobank-scale data.	Hair colour (natural, before greying): Dark brown (UKB data field 1747_4)	171,614 European ancestry cases, 283,550 European ancestry controls	NA	16q24.3	16	89928611		TUBB3			ENSG00000258947			rs568771275-A	rs568771275	0	568771275	intron_variant	0	0.00234	5E-15	14.301029995663981		0.33	[0.25-0.41] unit increase	NR [11842647] (imputed)	N	strand of hair color	http://purl.obolibrary.org/obo/OBA_0002313	GCST90041839	Genome-wide genotyping array
2021-12-01	34737426	Jiang L	2021-11-04	Nat Genet	www.ncbi.nlm.nih.gov/pubmed/34737426	A generalized linear mixed model association tool for biobank-scale data.	Hair colour (natural, before greying): Dark brown (UKB data field 1747_4)	171,614 European ancestry cases, 283,550 European ancestry controls	NA	16q24.3	16	89973016		AFG3L1P, AFG3L1P			ENSG00000293510, ENSG00000223959			rs147440955-T	rs147440955	0	147440955	intron_variant	0	0.001578	8E-20	19.096910013008056		0.55	[0.43-0.67] unit decrease	NR [11842647] (imputed)	N	strand of hair color	http://purl.obolibrary.org/obo/OBA_0002313	GCST90041839	Genome-wide genotyping array
2021-12-01	34737426	Jiang L	2021-11-04	Nat Genet	www.ncbi.nlm.nih.gov/pubmed/34737426	A generalized linear mixed model association tool for biobank-scale data.	Hair colour (natural, before greying): Dark brown (UKB data field 1747_4)	171,614 European ancestry cases, 283,550 European ancestry controls	NA	16q24.3	16	90088305		PRDM7			ENSG00000126856			rs184498624-A	rs184498624	0	184498624	intergenic_variant	0	0.009159	2E-19	18.69897000433602		0.2	[0.16-0.24] unit increase	NR [11842647] (imputed)	N	strand of hair color	http://purl.obolibrary.org/obo/OBA_0002313	GCST90041839	Genome-wide genotyping array
2021-12-01	34737426	Jiang L	2021-11-04	Nat Genet	www.ncbi.nlm.nih.gov/pubmed/34737426	A generalized linear mixed model association tool for biobank-scale data.	Hair colour (natural, before greying): Black (UKB data field 1747_5)	20,700 European ancestry cases, 434,464 European ancestry controls	NA	5p13.2	5	33849385		ADAMTS12			ENSG00000151388			rs141759051-T	rs141759051	0	141759051	intron_variant	0	0.008064	6E-19	18.221848749616356		0.53	[0.41-0.65] unit increase	NR [11842647] (imputed)	N	strand of hair color	http://purl.obolibrary.org/obo/OBA_0002313	GCST90041840	Genome-wide genotyping array
2021-12-01	34737426	Jiang L	2021-11-04	Nat Genet	www.ncbi.nlm.nih.gov/pubmed/34737426	A generalized linear mixed model association tool for biobank-scale data.	Hair colour (natural, before greying): Black (UKB data field 1747_5)	20,700 European ancestry cases, 434,464 European ancestry controls	NA	5p13.2	5	33960343		SLC45A2			ENSG00000164175			rs73077127-C	rs73077127	0	73077127	intron_variant	0	0.001661	2E-25	24.69897000433602		1.4	[1.14-1.66] unit increase	NR [11842647] (imputed)	N	strand of hair color	http://purl.obolibrary.org/obo/OBA_0002313	GCST90041840	Genome-wide genotyping array
2021-12-01	34737426	Jiang L	2021-11-04	Nat Genet	www.ncbi.nlm.nih.gov/pubmed/34737426	A generalized linear mixed model association tool for biobank-scale data.	Hair colour (natural, before greying): Black (UKB data field 1747_5)	20,700 European ancestry cases, 434,464 European ancestry controls	NA	6p25.3	6	451284		IRF4 - EXOC2	ENSG00000137265	ENSG00000112685		39841	33849	rs142816268-A	rs142816268	0	142816268	intergenic_variant	1	0.005078	9E-35	34.045757490560675		0.91	[0.76-1.06] unit increase	NR [11842647] (imputed)	N	strand of hair color	http://purl.obolibrary.org/obo/OBA_0002313	GCST90041840	Genome-wide genotyping array
2021-12-01	34737426	Jiang L	2021-11-04	Nat Genet	www.ncbi.nlm.nih.gov/pubmed/34737426	A generalized linear mixed model association tool for biobank-scale data.	Hair colour (natural, before greying): Blonde (UKB data field 1747_1)	51,424 European ancestry cases, 403,740 European ancestry controls	NA	1p36.13	1	17270928		PADI3			ENSG00000142619			rs144080386-T	rs144080386	0	144080386	missense_variant	0	0.008094	1E-10	10.0		0.24	[0.17-0.31] unit increase	NR [11842647] (imputed)	N	strand of hair color	http://purl.obolibrary.org/obo/OBA_0002313	GCST90041836	Genome-wide genotyping array
2021-12-01	34737426	Jiang L	2021-11-04	Nat Genet	www.ncbi.nlm.nih.gov/pubmed/34737426	A generalized linear mixed model association tool for biobank-scale data.	Hair colour (natural, before greying): Blonde (UKB data field 1747_1)	51,424 European ancestry cases, 403,740 European ancestry controls	NA	4q25	4	108107769		LEF1			ENSG00000138795			rs114748567-T	rs114748567	0	114748567	intron_variant	0	0.008496	6E-11	10.221848749616356		0.25	[0.18-0.32] unit decrease	NR [11842647] (imputed)	N	strand of hair color	http://purl.obolibrary.org/obo/OBA_0002313	GCST90041836	Genome-wide genotyping array
2021-12-01	34737426	Jiang L	2021-11-04	Nat Genet	www.ncbi.nlm.nih.gov/pubmed/34737426	A generalized linear mixed model association tool for biobank-scale data.	Hair colour (natural, before greying): Blonde (UKB data field 1747_1)	51,424 European ancestry cases, 403,740 European ancestry controls	NA	5p13.2	5	33963986		SLC45A2			ENSG00000164175			rs201259497-T	rs201259497	0	201259497	missense_variant	0	1.932E-4	5E-22	21.30102999566398		2.37	[1.89-2.85] unit increase	NR [11842647] (imputed)	N	strand of hair color	http://purl.obolibrary.org/obo/OBA_0002313	GCST90041836	Genome-wide genotyping array
2021-12-01	34737426	Jiang L	2021-11-04	Nat Genet	www.ncbi.nlm.nih.gov/pubmed/34737426	A generalized linear mixed model association tool for biobank-scale data.	Hair colour (natural, before greying): Blonde (UKB data field 1747_1)	51,424 European ancestry cases, 403,740 European ancestry controls	NA	6p25.3	6	402905		IRF4			ENSG00000137265			rs142388808-A	rs142388808	0	142388808	intron_variant	0	0.009851	1E-56	56.0		0.61	[0.54-0.68] unit decrease	NR [11842647] (imputed)	N	strand of hair color	http://purl.obolibrary.org/obo/OBA_0002313	GCST90041836	Genome-wide genotyping array
2021-12-01	34737426	Jiang L	2021-11-04	Nat Genet	www.ncbi.nlm.nih.gov/pubmed/34737426	A generalized linear mixed model association tool for biobank-scale data.	Hair colour (natural, before greying): Blonde (UKB data field 1747_1)	51,424 European ancestry cases, 403,740 European ancestry controls	NA	6p25.3	6	459936		IRF4 - EXOC2	ENSG00000137265	ENSG00000112685		48493	25197	rs187858794-G	rs187858794	0	187858794	intron_variant	1	0.006074	3E-26	25.522878745280337		0.5	[0.41-0.59] unit decrease	NR [11842647] (imputed)	N	strand of hair color	http://purl.obolibrary.org/obo/OBA_0002313	GCST90041836	Genome-wide genotyping array
2021-12-01	34737426	Jiang L	2021-11-04	Nat Genet	www.ncbi.nlm.nih.gov/pubmed/34737426	A generalized linear mixed model association tool for biobank-scale data.	Hair colour (natural, before greying): Blonde (UKB data field 1747_1)	51,424 European ancestry cases, 403,740 European ancestry controls	NA	6p25.3	6	472011		IRF4 - EXOC2	ENSG00000137265	ENSG00000112685		60568	13122	rs548867474-A	rs548867474	0	548867474	intron_variant	1	0.002968	2E-16	15.698970004336019		0.56	[0.43-0.69] unit decrease	NR [11842647] (imputed)	N	strand of hair color	http://purl.obolibrary.org/obo/OBA_0002313	GCST90041836	Genome-wide genotyping array
2021-12-01	34737426	Jiang L	2021-11-04	Nat Genet	www.ncbi.nlm.nih.gov/pubmed/34737426	A generalized linear mixed model association tool for biobank-scale data.	Hair colour (natural, before greying): Blonde (UKB data field 1747_1)	51,424 European ancestry cases, 403,740 European ancestry controls	NA	6p25.3	6	479680		IRF4 - EXOC2	ENSG00000137265	ENSG00000112685		68237	5453	rs568757492-G	rs568757492	0	568757492	intergenic_variant	1	0.002162	1E-14	14.0		0.63	[0.47-0.79] unit decrease	NR [11842647] (imputed)	N	strand of hair color	http://purl.obolibrary.org/obo/OBA_0002313	GCST90041836	Genome-wide genotyping array
2021-12-01	34737426	Jiang L	2021-11-04	Nat Genet	www.ncbi.nlm.nih.gov/pubmed/34737426	A generalized linear mixed model association tool for biobank-scale data.	Hair colour (natural, before greying): Blonde (UKB data field 1747_1)	51,424 European ancestry cases, 403,740 European ancestry controls	NA	6p25.3	6	488128		EXOC2			ENSG00000112685			rs553400120-A	rs553400120	0	553400120	intron_variant	0	0.003915	2E-9	8.698970004336019		0.34	[0.23-0.45] unit decrease	NR [11842647] (imputed)	N	strand of hair color	http://purl.obolibrary.org/obo/OBA_0002313	GCST90041836	Genome-wide genotyping array
2021-12-01	34737426	Jiang L	2021-11-04	Nat Genet	www.ncbi.nlm.nih.gov/pubmed/34737426	A generalized linear mixed model association tool for biobank-scale data.	Hair colour (natural, before greying): Blonde (UKB data field 1747_1)	51,424 European ancestry cases, 403,740 European ancestry controls	NA	6p25.3	6	596079		EXOC2			ENSG00000112685			rs551965546-A	rs551965546	0	551965546	intron_variant	0	0.001926	2E-13	12.698970004336019		0.62	[0.45-0.79] unit decrease	NR [11842647] (imputed)	N	strand of hair color	http://purl.obolibrary.org/obo/OBA_0002313	GCST90041836	Genome-wide genotyping array
2021-12-01	34737426	Jiang L	2021-11-04	Nat Genet	www.ncbi.nlm.nih.gov/pubmed/34737426	A generalized linear mixed model association tool for biobank-scale data.	Hair colour (natural, before greying): Blonde (UKB data field 1747_1)	51,424 European ancestry cases, 403,740 European ancestry controls	NA	6p25.3	6	713762		EXOC2 - LINC01622	ENSG00000112685	ENSG00000286785		20593	222420	rs532026461-A	rs532026461	0	532026461	intron_variant	1	0.007431	2E-33	32.69897000433602		0.55	[0.46-0.64] unit decrease	NR [11842647] (imputed)	N	strand of hair color	http://purl.obolibrary.org/obo/OBA_0002313	GCST90041836	Genome-wide genotyping array
2021-12-01	34737426	Jiang L	2021-11-04	Nat Genet	www.ncbi.nlm.nih.gov/pubmed/34737426	A generalized linear mixed model association tool for biobank-scale data.	Hair colour (natural, before greying): Blonde (UKB data field 1747_1)	51,424 European ancestry cases, 403,740 European ancestry controls	NA	6p25.3	6	785246		EXOC2 - LINC01622	ENSG00000112685	ENSG00000286785		92077	150936	rs188024201-A	rs188024201	0	188024201	intron_variant	1	0.009011	2E-11	10.698970004336019		0.25	[0.18-0.32] unit decrease	NR [11842647] (imputed)	N	strand of hair color	http://purl.obolibrary.org/obo/OBA_0002313	GCST90041836	Genome-wide genotyping array
2021-12-01	34737426	Jiang L	2021-11-04	Nat Genet	www.ncbi.nlm.nih.gov/pubmed/34737426	A generalized linear mixed model association tool for biobank-scale data.	Hair colour (natural, before greying): Blonde (UKB data field 1747_1)	51,424 European ancestry cases, 403,740 European ancestry controls	NA	7q22.1	7	100859956		SLC12A9			ENSG00000146828			rs80308281-C	rs80308281	0	80308281	missense_variant	0	0.004853	4E-36	35.39794000867204		0.61	[0.51-0.71] unit increase	NR [11842647] (imputed)	N	strand of hair color	http://purl.obolibrary.org/obo/OBA_0002313	GCST90041836	Genome-wide genotyping array
2021-12-01	34737426	Jiang L	2021-11-04	Nat Genet	www.ncbi.nlm.nih.gov/pubmed/34737426	A generalized linear mixed model association tool for biobank-scale data.	Hair colour (natural, before greying): Blonde (UKB data field 1747_1)	51,424 European ancestry cases, 403,740 European ancestry controls	NA	9p24.1	9	5893907		BRD10, MLANA			ENSG00000183354, ENSG00000120215			rs143391176-T	rs143391176	0	143391176	intron_variant	0	0.007564	1E-13	13.0		0.3	[0.22-0.38] unit decrease	NR [11842647] (imputed)	N	strand of hair color	http://purl.obolibrary.org/obo/OBA_0002313	GCST90041836	Genome-wide genotyping array
2021-12-01	34737426	Jiang L	2021-11-04	Nat Genet	www.ncbi.nlm.nih.gov/pubmed/34737426	A generalized linear mixed model association tool for biobank-scale data.	Hair colour (natural, before greying): Blonde (UKB data field 1747_1)	51,424 European ancestry cases, 403,740 European ancestry controls	NA	11p15.2	11	16340475		SOX6			ENSG00000110693			rs117573112-C	rs117573112	0	117573112	intron_variant	0	0.006954	6E-19	18.221848749616356		0.36	[0.28-0.44] unit increase	NR [11842647] (imputed)	N	strand of hair color	http://purl.obolibrary.org/obo/OBA_0002313	GCST90041836	Genome-wide genotyping array
2021-12-01	34737426	Jiang L	2021-11-04	Nat Genet	www.ncbi.nlm.nih.gov/pubmed/34737426	A generalized linear mixed model association tool for biobank-scale data.	Hair colour (natural, before greying): Blonde (UKB data field 1747_1)	51,424 European ancestry cases, 403,740 European ancestry controls	NA	11q13.3	11	69036869		MRGPRF-AS1 - TPCN2	ENSG00000256508	ENSG00000162341		18422	11981	rs181421375-G	rs181421375	0	181421375	intergenic_variant	1	0.003326	2E-10	9.698970004336019		0.36	[0.25-0.47] unit increase	NR [11842647] (imputed)	N	strand of hair color	http://purl.obolibrary.org/obo/OBA_0002313	GCST90041836	Genome-wide genotyping array
2021-12-01	34737426	Jiang L	2021-11-04	Nat Genet	www.ncbi.nlm.nih.gov/pubmed/34737426	A generalized linear mixed model association tool for biobank-scale data.	Hair colour (natural, before greying): Blonde (UKB data field 1747_1)	51,424 European ancestry cases, 403,740 European ancestry controls	NA	11q13.3	11	69052538		TPCN2			ENSG00000162341			rs117197680-A	rs117197680	0	117197680	intron_variant	0	0.008551	2E-10	9.698970004336019		0.23	[0.16-0.3] unit increase	NR [11842647] (imputed)	N	strand of hair color	http://purl.obolibrary.org/obo/OBA_0002313	GCST90041836	Genome-wide genotyping array
2021-12-01	34737426	Jiang L	2021-11-04	Nat Genet	www.ncbi.nlm.nih.gov/pubmed/34737426	A generalized linear mixed model association tool for biobank-scale data.	Hair colour (natural, before greying): Blonde (UKB data field 1747_1)	51,424 European ancestry cases, 403,740 European ancestry controls	NA	11q13.3	11	69081448		TPCN2			ENSG00000162341			rs34510004-A	rs34510004	0	34510004	missense_variant	0	0.0011	2E-51	50.69897000433602		1.59	[1.38-1.8] unit increase	NR [11842647] (imputed)	N	strand of hair color	http://purl.obolibrary.org/obo/OBA_0002313	GCST90041836	Genome-wide genotyping array
2021-12-01	34737426	Jiang L	2021-11-04	Nat Genet	www.ncbi.nlm.nih.gov/pubmed/34737426	A generalized linear mixed model association tool for biobank-scale data.	Hair colour (natural, before greying): Blonde (UKB data field 1747_1)	51,424 European ancestry cases, 403,740 European ancestry controls	NA	12p12.1	12	25291512		KRAS - RNU4-67P	ENSG00000133703	ENSG00000201439		40576	112776	rs566738724-C	rs566738724	0	566738724	intergenic_variant	1	9.114E-4	8E-11	10.096910013008056		0.7	[0.49-0.91] unit increase	NR [11842647] (imputed)	N	strand of hair color	http://purl.obolibrary.org/obo/OBA_0002313	GCST90041836	Genome-wide genotyping array
2021-12-01	34737426	Jiang L	2021-11-04	Nat Genet	www.ncbi.nlm.nih.gov/pubmed/34737426	A generalized linear mixed model association tool for biobank-scale data.	Hair colour (natural, before greying): Blonde (UKB data field 1747_1)	51,424 European ancestry cases, 403,740 European ancestry controls	NA	12q13.13	12	52254374		KRT87P, KRT87P, KRT86			ENSG00000290966, ENSG00000135477, ENSG00000170442			rs139727704-G	rs139727704	0	139727704	splice_polypyrimidine_tract_variant	0	0.004434	3E-14	13.522878745280337		0.38	[0.28-0.48] unit increase	NR [11842647] (imputed)	N	strand of hair color	http://purl.obolibrary.org/obo/OBA_0002313	GCST90041836	Genome-wide genotyping array
2021-12-01	34737426	Jiang L	2021-11-04	Nat Genet	www.ncbi.nlm.nih.gov/pubmed/34737426	A generalized linear mixed model association tool for biobank-scale data.	Hair colour (natural, before greying): Blonde (UKB data field 1747_1)	51,424 European ancestry cases, 403,740 European ancestry controls	NA	12q21.33	12	89882413		ATP2B1-AS1			ENSG00000271614			rs117963861-G	rs117963861	0	117963861	intron_variant	0	0.005323	2E-9	8.698970004336019		0.28	[0.19-0.37] unit increase	NR [11842647] (imputed)	N	strand of hair color	http://purl.obolibrary.org/obo/OBA_0002313	GCST90041836	Genome-wide genotyping array
2021-12-01	34737426	Jiang L	2021-11-04	Nat Genet	www.ncbi.nlm.nih.gov/pubmed/34737426	A generalized linear mixed model association tool for biobank-scale data.	Hair colour (natural, before greying): Blonde (UKB data field 1747_1)	51,424 European ancestry cases, 403,740 European ancestry controls	NA	14q32.12	14	92277239		RNU6-366P - SLC24A4	ENSG00000201097	ENSG00000140090		11432	45342	rs146132542-A	rs146132542	0	146132542	intergenic_variant	1	0.006268	8E-29	28.096910013008056		0.48	[0.4-0.56] unit increase	NR [11842647] (imputed)	N	strand of hair color	http://purl.obolibrary.org/obo/OBA_0002313	GCST90041836	Genome-wide genotyping array
2021-12-01	34737426	Jiang L	2021-11-04	Nat Genet	www.ncbi.nlm.nih.gov/pubmed/34737426	A generalized linear mixed model association tool for biobank-scale data.	Hair colour (natural, before greying): Blonde (UKB data field 1747_1)	51,424 European ancestry cases, 403,740 European ancestry controls	NA	14q32.12	14	92288010		RNU6-366P - SLC24A4	ENSG00000201097	ENSG00000140090		22203	34571	rs139844049-C	rs139844049	0	139844049	intron_variant	1	0.00608	2E-15	14.698970004336019		0.35	[0.26-0.44] unit increase	NR [11842647] (imputed)	N	strand of hair color	http://purl.obolibrary.org/obo/OBA_0002313	GCST90041836	Genome-wide genotyping array
2021-12-01	34737426	Jiang L	2021-11-04	Nat Genet	www.ncbi.nlm.nih.gov/pubmed/34737426	A generalized linear mixed model association tool for biobank-scale data.	Hair colour (natural, before greying): Blonde (UKB data field 1747_1)	51,424 European ancestry cases, 403,740 European ancestry controls	NA	14q32.12	14	92317665		RNU6-366P - SLC24A4	ENSG00000201097	ENSG00000140090		51858	4916	rs113945026-C	rs113945026	0	113945026	regulatory_region_variant	1	0.003651	2E-19	18.69897000433602		0.5	[0.39-0.61] unit increase	NR [11842647] (imputed)	N	strand of hair color	http://purl.obolibrary.org/obo/OBA_0002313	GCST90041836	Genome-wide genotyping array
2021-12-01	34737426	Jiang L	2021-11-04	Nat Genet	www.ncbi.nlm.nih.gov/pubmed/34737426	A generalized linear mixed model association tool for biobank-scale data.	Hair colour (natural, before greying): Blonde (UKB data field 1747_1)	51,424 European ancestry cases, 403,740 European ancestry controls	NA	14q32.12	14	92418992		SLC24A4			ENSG00000140090			rs146453956-A	rs146453956	0	146453956	intron_variant	0	0.005656	3E-10	9.522878745280337		0.29	[0.2-0.38] unit decrease	NR [11842647] (imputed)	N	strand of hair color	http://purl.obolibrary.org/obo/OBA_0002313	GCST90041836	Genome-wide genotyping array
2021-12-01	34737426	Jiang L	2021-11-04	Nat Genet	www.ncbi.nlm.nih.gov/pubmed/34737426	A generalized linear mixed model association tool for biobank-scale data.	Hair colour (natural, before greying): Blonde (UKB data field 1747_1)	51,424 European ancestry cases, 403,740 European ancestry controls	NA	15q12	15	27669705		GABRG3 - OCA2	ENSG00000182256	ENSG00000104044		127721	85169	rs144382691-C	rs144382691	0	144382691	intergenic_variant	1	0.002505	3E-13	12.522878745280337		0.51	[0.37-0.65] unit increase	NR [11842647] (imputed)	N	strand of hair color	http://purl.obolibrary.org/obo/OBA_0002313	GCST90041836	Genome-wide genotyping array
2021-12-01	34737426	Jiang L	2021-11-04	Nat Genet	www.ncbi.nlm.nih.gov/pubmed/34737426	A generalized linear mixed model association tool for biobank-scale data.	Hair colour (natural, before greying): Blonde (UKB data field 1747_1)	51,424 European ancestry cases, 403,740 European ancestry controls	NA	15q12	15	27704477		GABRG3 - OCA2	ENSG00000182256	ENSG00000104044		162493	50397	rs56302314-A	rs56302314	0	56302314	intergenic_variant	1	0.004991	3E-10	9.522878745280337		0.32	[0.22-0.42] unit decrease	NR [11842647] (imputed)	N	strand of hair color	http://purl.obolibrary.org/obo/OBA_0002313	GCST90041836	Genome-wide genotyping array
2021-12-01	34737426	Jiang L	2021-11-04	Nat Genet	www.ncbi.nlm.nih.gov/pubmed/34737426	A generalized linear mixed model association tool for biobank-scale data.	Hair colour (natural, before greying): Blonde (UKB data field 1747_1)	51,424 European ancestry cases, 403,740 European ancestry controls	NA	15q12	15	27730763		GABRG3 - OCA2	ENSG00000182256	ENSG00000104044		188779	24111	rs534607605-T	rs534607605	0	534607605	intergenic_variant	1	0.001941	4E-11	10.397940008672037		0.5	[0.35-0.65] unit increase	NR [11842647] (imputed)	N	strand of hair color	http://purl.obolibrary.org/obo/OBA_0002313	GCST90041836	Genome-wide genotyping array
2021-12-01	34737426	Jiang L	2021-11-04	Nat Genet	www.ncbi.nlm.nih.gov/pubmed/34737426	A generalized linear mixed model association tool for biobank-scale data.	Hair colour (natural, before greying): Blonde (UKB data field 1747_1)	51,424 European ancestry cases, 403,740 European ancestry controls	NA	15q13.1	15	27918717		OCA2			ENSG00000104044			rs116963539-G	rs116963539	0	116963539	intron_variant	0	0.001116	1E-36	36.0		1.31	[1.11-1.51] unit increase	NR [11842647] (imputed)	N	strand of hair color	http://purl.obolibrary.org/obo/OBA_0002313	GCST90041836	Genome-wide genotyping array
2021-12-01	34737426	Jiang L	2021-11-04	Nat Genet	www.ncbi.nlm.nih.gov/pubmed/34737426	A generalized linear mixed model association tool for biobank-scale data.	Hair colour (natural, before greying): Blonde (UKB data field 1747_1)	51,424 European ancestry cases, 403,740 European ancestry controls	NA	15q13.1	15	27962809		OCA2			ENSG00000104044			rs111972832-A	rs111972832	0	111972832	intron_variant	0	0.002619	1E-12	12.0		0.5	[0.36-0.64] unit decrease	NR [11842647] (imputed)	N	strand of hair color	http://purl.obolibrary.org/obo/OBA_0002313	GCST90041836	Genome-wide genotyping array
2021-12-01	34737426	Jiang L	2021-11-04	Nat Genet	www.ncbi.nlm.nih.gov/pubmed/34737426	A generalized linear mixed model association tool for biobank-scale data.	Hair colour (natural, before greying): Blonde (UKB data field 1747_1)	51,424 European ancestry cases, 403,740 European ancestry controls	NA	15q13.1	15	27983407		OCA2			ENSG00000104044			rs74653330-T	rs74653330	0	74653330	missense_variant	0	6.18E-4	8E-36	35.096910013008056		1.69	[1.43-1.95] unit increase	NR [11842647] (imputed)	N	strand of hair color	http://purl.obolibrary.org/obo/OBA_0002313	GCST90041836	Genome-wide genotyping array
2021-12-01	34737426	Jiang L	2021-11-04	Nat Genet	www.ncbi.nlm.nih.gov/pubmed/34737426	A generalized linear mixed model association tool for biobank-scale data.	Hair colour (natural, before greying): Blonde (UKB data field 1747_1)	51,424 European ancestry cases, 403,740 European ancestry controls	NA	15q13.1	15	27985101		OCA2			ENSG00000104044			rs121918166-T	rs121918166	0	121918166	missense_variant	0	0.007266	5E-296	295.30102999566395		1.48	[1.4-1.56] unit increase	NR [11842647] (imputed)	N	strand of hair color	http://purl.obolibrary.org/obo/OBA_0002313	GCST90041836	Genome-wide genotyping array
2021-12-01	34737426	Jiang L	2021-11-04	Nat Genet	www.ncbi.nlm.nih.gov/pubmed/34737426	A generalized linear mixed model association tool for biobank-scale data.	Hair colour (natural, before greying): Blonde (UKB data field 1747_1)	51,424 European ancestry cases, 403,740 European ancestry controls	NA	15q13.1	15	28046761		OCA2			ENSG00000104044			rs147065959-C	rs147065959	0	147065959	intron_variant	0	0.00805	1E-12	12.0		0.29	[0.21-0.37] unit decrease	NR [11842647] (imputed)	N	strand of hair color	http://purl.obolibrary.org/obo/OBA_0002313	GCST90041836	Genome-wide genotyping array
2021-12-01	34737426	Jiang L	2021-11-04	Nat Genet	www.ncbi.nlm.nih.gov/pubmed/34737426	A generalized linear mixed model association tool for biobank-scale data.	Hair colour (natural, before greying): Blonde (UKB data field 1747_1)	51,424 European ancestry cases, 403,740 European ancestry controls	NA	15q13.1	15	28048717		OCA2			ENSG00000104044			rs554128876-G	rs554128876	0	554128876	intron_variant	0	0.001345	5E-11	10.301029995663981		0.67	[0.47-0.87] unit decrease	NR [11842647] (imputed)	N	strand of hair color	http://purl.obolibrary.org/obo/OBA_0002313	GCST90041836	Genome-wide genotyping array
2021-12-01	34737426	Jiang L	2021-11-04	Nat Genet	www.ncbi.nlm.nih.gov/pubmed/34737426	A generalized linear mixed model association tool for biobank-scale data.	Hair colour (natural, before greying): Blonde (UKB data field 1747_1)	51,424 European ancestry cases, 403,740 European ancestry controls	NA	15q13.1	15	28073706		OCA2			ENSG00000104044			rs6497261-C	rs6497261	0	6497261	intron_variant	0	0.002196	8E-11	10.096910013008056		0.51	[0.36-0.66] unit decrease	NR [11842647] (imputed)	N	strand of hair color	http://purl.obolibrary.org/obo/OBA_0002313	GCST90041836	Genome-wide genotyping array
2021-12-01	34737426	Jiang L	2021-11-04	Nat Genet	www.ncbi.nlm.nih.gov/pubmed/34737426	A generalized linear mixed model association tool for biobank-scale data.	Hair colour (natural, before greying): Blonde (UKB data field 1747_1)	51,424 European ancestry cases, 403,740 European ancestry controls	NA	15q13.1	15	28118342		HERC2			ENSG00000128731			rs116879078-T	rs116879078	0	116879078	intron_variant	0	0.009314	1E-123	123.0		0.97	[0.89-1.05] unit decrease	NR [11842647] (imputed)	N	strand of hair color	http://purl.obolibrary.org/obo/OBA_0002313	GCST90041836	Genome-wide genotyping array
2021-12-01	34737426	Jiang L	2021-11-04	Nat Genet	www.ncbi.nlm.nih.gov/pubmed/34737426	A generalized linear mixed model association tool for biobank-scale data.	Hair colour (natural, before greying): Blonde (UKB data field 1747_1)	51,424 European ancestry cases, 403,740 European ancestry controls	NA	15q13.1	15	28139387		HERC2			ENSG00000128731			rs551217952-C	rs551217952	0	551217952	intron_variant	0	0.002861	1E-21	21.0		0.68	[0.54-0.82] unit decrease	NR [11842647] (imputed)	N	strand of hair color	http://purl.obolibrary.org/obo/OBA_0002313	GCST90041836	Genome-wide genotyping array
2021-12-01	34737426	Jiang L	2021-11-04	Nat Genet	www.ncbi.nlm.nih.gov/pubmed/34737426	A generalized linear mixed model association tool for biobank-scale data.	Hair colour (natural, before greying): Blonde (UKB data field 1747_1)	51,424 European ancestry cases, 403,740 European ancestry controls	NA	15q13.1	15	28224015		HERC2			ENSG00000128731			rs71397290-A	rs71397290	0	71397290	intron_variant	0	0.008162	4E-11	10.397940008672037		0.25	[0.18-0.32] unit increase	NR [11842647] (imputed)	N	strand of hair color	http://purl.obolibrary.org/obo/OBA_0002313	GCST90041836	Genome-wide genotyping array
2021-12-01	34737426	Jiang L	2021-11-04	Nat Genet	www.ncbi.nlm.nih.gov/pubmed/34737426	A generalized linear mixed model association tool for biobank-scale data.	Hair colour (natural, before greying): Blonde (UKB data field 1747_1)	51,424 European ancestry cases, 403,740 European ancestry controls	NA	15q13.1	15	28269617		HERC2			ENSG00000128731			rs143077671-G	rs143077671	0	143077671	intron_variant	0	0.00875	2E-106	105.69897000433602		0.92	[0.84-1] unit decrease	NR [11842647] (imputed)	N	strand of hair color	http://purl.obolibrary.org/obo/OBA_0002313	GCST90041836	Genome-wide genotyping array
2021-12-01	34737426	Jiang L	2021-11-04	Nat Genet	www.ncbi.nlm.nih.gov/pubmed/34737426	A generalized linear mixed model association tool for biobank-scale data.	Hair colour (natural, before greying): Blonde (UKB data field 1747_1)	51,424 European ancestry cases, 403,740 European ancestry controls	NA	15q13.1	15	28271083		HERC2			ENSG00000128731			rs150809483-C	rs150809483	0	150809483	intron_variant	0	0.002649	1E-33	33.0		0.92	[0.77-1.07] unit decrease	NR [11842647] (imputed)	N	strand of hair color	http://purl.obolibrary.org/obo/OBA_0002313	GCST90041836	Genome-wide genotyping array
2021-12-01	34737426	Jiang L	2021-11-04	Nat Genet	www.ncbi.nlm.nih.gov/pubmed/34737426	A generalized linear mixed model association tool for biobank-scale data.	Hair colour (natural, before greying): Black (UKB data field 1747_5)	20,700 European ancestry cases, 434,464 European ancestry controls	NA	6p25.3	6	459936		IRF4 - EXOC2	ENSG00000137265	ENSG00000112685		48493	25197	rs187858794-G	rs187858794	0	187858794	intron_variant	1	0.005594	1E-12	12.0		0.5	[0.36-0.64] unit increase	NR [11842647] (imputed)	N	strand of hair color	http://purl.obolibrary.org/obo/OBA_0002313	GCST90041840	Genome-wide genotyping array
2021-12-01	34737426	Jiang L	2021-11-04	Nat Genet	www.ncbi.nlm.nih.gov/pubmed/34737426	A generalized linear mixed model association tool for biobank-scale data.	Hair colour (natural, before greying): Black (UKB data field 1747_5)	20,700 European ancestry cases, 434,464 European ancestry controls	NA	6p25.3	6	472011		IRF4 - EXOC2	ENSG00000137265	ENSG00000112685		60568	13122	rs548867474-A	rs548867474	0	548867474	intron_variant	1	0.002695	1E-14	14.0		0.82	[0.61-1.03] unit increase	NR [11842647] (imputed)	N	strand of hair color	http://purl.obolibrary.org/obo/OBA_0002313	GCST90041840	Genome-wide genotyping array
2021-12-01	34737426	Jiang L	2021-11-04	Nat Genet	www.ncbi.nlm.nih.gov/pubmed/34737426	A generalized linear mixed model association tool for biobank-scale data.	Hair colour (natural, before greying): Black (UKB data field 1747_5)	20,700 European ancestry cases, 434,464 European ancestry controls	NA	6p25.3	6	479633		IRF4 - EXOC2	ENSG00000137265	ENSG00000112685		68190	5500	rs767506179-A	rs767506179	0	767506179	intergenic_variant	1	0.005497	7E-24	23.154901959985743		0.65	[0.52-0.78] unit increase	NR [11842647] (imputed)	N	strand of hair color	http://purl.obolibrary.org/obo/OBA_0002313	GCST90041840	Genome-wide genotyping array
2021-12-01	34737426	Jiang L	2021-11-04	Nat Genet	www.ncbi.nlm.nih.gov/pubmed/34737426	A generalized linear mixed model association tool for biobank-scale data.	Hair colour (natural, before greying): Black (UKB data field 1747_5)	20,700 European ancestry cases, 434,464 European ancestry controls	NA	6p25.3	6	488128		EXOC2			ENSG00000112685			rs553400120-A	rs553400120	0	553400120	intron_variant	0	0.003663	5E-10	9.301029995663981		0.54	[0.37-0.71] unit increase	NR [11842647] (imputed)	N	strand of hair color	http://purl.obolibrary.org/obo/OBA_0002313	GCST90041840	Genome-wide genotyping array
2021-12-01	34737426	Jiang L	2021-11-04	Nat Genet	www.ncbi.nlm.nih.gov/pubmed/34737426	A generalized linear mixed model association tool for biobank-scale data.	Hair colour (natural, before greying): Black (UKB data field 1747_5)	20,700 European ancestry cases, 434,464 European ancestry controls	NA	6p25.3	6	532682		EXOC2			ENSG00000112685			rs755723699-G	rs755723699	0	755723699	intron_variant	0	0.001297	2E-13	12.698970004336019		1.16	[0.85-1.47] unit increase	NR [11842647] (imputed)	N	strand of hair color	http://purl.obolibrary.org/obo/OBA_0002313	GCST90041840	Genome-wide genotyping array
2021-12-01	34737426	Jiang L	2021-11-04	Nat Genet	www.ncbi.nlm.nih.gov/pubmed/34737426	A generalized linear mixed model association tool for biobank-scale data.	Hair colour (natural, before greying): Black (UKB data field 1747_5)	20,700 European ancestry cases, 434,464 European ancestry controls	NA	6p25.3	6	765682		EXOC2 - LINC01622	ENSG00000112685	ENSG00000286785		72513	170500	rs116164087-T	rs116164087	0	116164087	intron_variant	1	0.008418	9E-20	19.045757490560675		0.5	[0.39-0.61] unit increase	NR [11842647] (imputed)	N	strand of hair color	http://purl.obolibrary.org/obo/OBA_0002313	GCST90041840	Genome-wide genotyping array
2021-12-01	34737426	Jiang L	2021-11-04	Nat Genet	www.ncbi.nlm.nih.gov/pubmed/34737426	A generalized linear mixed model association tool for biobank-scale data.	Hair colour (natural, before greying): Black (UKB data field 1747_5)	20,700 European ancestry cases, 434,464 European ancestry controls	NA	6p25.3	6	813137		EXOC2 - LINC01622	ENSG00000112685	ENSG00000286785		119968	123045	rs151221672-G	rs151221672	0	151221672	intron_variant	1	8.74E-4	3E-11	10.522878745280337		1.19	[0.84-1.54] unit increase	NR [11842647] (imputed)	N	strand of hair color	http://purl.obolibrary.org/obo/OBA_0002313	GCST90041840	Genome-wide genotyping array
2021-12-01	34737426	Jiang L	2021-11-04	Nat Genet	www.ncbi.nlm.nih.gov/pubmed/34737426	A generalized linear mixed model association tool for biobank-scale data.	Hair colour (natural, before greying): Black (UKB data field 1747_5)	20,700 European ancestry cases, 434,464 European ancestry controls	NA	15q13.1	15	28118342		HERC2			ENSG00000128731			rs116879078-T	rs116879078	0	116879078	intron_variant	0	0.008044	7E-58	57.15490195998574		1.01	[0.89-1.13] unit increase	NR [11842647] (imputed)	N	strand of hair color	http://purl.obolibrary.org/obo/OBA_0002313	GCST90041840	Genome-wide genotyping array
2021-12-01	34737426	Jiang L	2021-11-04	Nat Genet	www.ncbi.nlm.nih.gov/pubmed/34737426	A generalized linear mixed model association tool for biobank-scale data.	Hair colour (natural, before greying): Black (UKB data field 1747_5)	20,700 European ancestry cases, 434,464 European ancestry controls	NA	15q13.1	15	28160698		HERC2			ENSG00000128731			rs192615001-T	rs192615001	0	192615001	intron_variant	0	0.002261	4E-9	8.397940008672037		0.64	[0.43-0.85] unit increase	NR [11842647] (imputed)	N	strand of hair color	http://purl.obolibrary.org/obo/OBA_0002313	GCST90041840	Genome-wide genotyping array
2021-12-01	34737426	Jiang L	2021-11-04	Nat Genet	www.ncbi.nlm.nih.gov/pubmed/34737426	A generalized linear mixed model association tool for biobank-scale data.	Hair colour (natural, before greying): Black (UKB data field 1747_5)	20,700 European ancestry cases, 434,464 European ancestry controls	NA	15q13.1	15	28241923		HERC2			ENSG00000128731			rs4932618-A	rs4932618	0	4932618	intron_variant	0	0.003238	7E-33	32.15490195998574		1.11	[0.93-1.29] unit increase	NR [11842647] (imputed)	N	strand of hair color	http://purl.obolibrary.org/obo/OBA_0002313	GCST90041840	Genome-wide genotyping array
2021-12-01	34737426	Jiang L	2021-11-04	Nat Genet	www.ncbi.nlm.nih.gov/pubmed/34737426	A generalized linear mixed model association tool for biobank-scale data.	Hair colour (natural, before greying): Black (UKB data field 1747_5)	20,700 European ancestry cases, 434,464 European ancestry controls	NA	15q13.1	15	28279153		HERC2			ENSG00000128731			rs374209324-T	rs374209324	0	374209324	intron_variant	0	6.465E-4	3E-10	9.522878745280337		1.38	[0.95-1.81] unit increase	NR [11842647] (imputed)	N	strand of hair color	http://purl.obolibrary.org/obo/OBA_0002313	GCST90041840	Genome-wide genotyping array
2021-12-01	34737426	Jiang L	2021-11-04	Nat Genet	www.ncbi.nlm.nih.gov/pubmed/34737426	A generalized linear mixed model association tool for biobank-scale data.	Hair colour (natural, before greying): Black (UKB data field 1747_5)	20,700 European ancestry cases, 434,464 European ancestry controls	NA	15q21.1	15	48134287		SLC24A5			ENSG00000188467			rs1426654-G	rs1426654	0	1426654	missense_variant	0	0.001229	2E-10	9.698970004336019		0.98	[0.68-1.28] unit increase	NR [11842647] (imputed)	N	strand of hair color	http://purl.obolibrary.org/obo/OBA_0002313	GCST90041840	Genome-wide genotyping array
2021-12-01	34737426	Jiang L	2021-11-04	Nat Genet	www.ncbi.nlm.nih.gov/pubmed/34737426	A generalized linear mixed model association tool for biobank-scale data.	Hair colour (natural, before greying): Black (UKB data field 1747_5)	20,700 European ancestry cases, 434,464 European ancestry controls	NA	16q24.3	16	89677219		SPATA33 - CDK10	ENSG00000167523	ENSG00000185324		5947	3518	rs116927526-T	rs116927526	0	116927526	intron_variant	1	0.004277	7E-14	13.154901959985743		0.65	[0.48-0.82] unit decrease	NR [11842647] (imputed)	N	strand of hair color	http://purl.obolibrary.org/obo/OBA_0002313	GCST90041840	Genome-wide genotyping array
2021-12-01	34737426	Jiang L	2021-11-04	Nat Genet	www.ncbi.nlm.nih.gov/pubmed/34737426	A generalized linear mixed model association tool for biobank-scale data.	Hair colour (natural, before greying): Red (UKB data field 1747_2)	20,692 European ancestry cases, 434,472 European ancestry controls	NA	16q24.3	16	88866820		PABPN1L - CBFA2T3	ENSG00000205022	ENSG00000129993		160	8038	rs181483773-A	rs181483773	0	181483773	intergenic_variant	1	0.002393	9E-22	21.045757490560675		1.05	[0.83-1.27] unit increase	NR [11842647] (imputed)	N	strand of hair color	http://purl.obolibrary.org/obo/OBA_0002313	GCST90041837	Genome-wide genotyping array
2021-12-01	34737426	Jiang L	2021-11-04	Nat Genet	www.ncbi.nlm.nih.gov/pubmed/34737426	A generalized linear mixed model association tool for biobank-scale data.	Hair colour (natural, before greying): Red (UKB data field 1747_2)	20,692 European ancestry cases, 434,472 European ancestry controls	NA	16q24.3	16	88878992		CBFA2T3			ENSG00000129993			rs117072674-T	rs117072674	0	117072674	intron_variant	0	0.00319	2E-9	8.698970004336019		0.6	[0.41-0.79] unit decrease	NR [11842647] (imputed)	N	strand of hair color	http://purl.obolibrary.org/obo/OBA_0002313	GCST90041837	Genome-wide genotyping array
2021-12-01	34737426	Jiang L	2021-11-04	Nat Genet	www.ncbi.nlm.nih.gov/pubmed/34737426	A generalized linear mixed model association tool for biobank-scale data.	Hair colour (natural, before greying): Red (UKB data field 1747_2)	20,692 European ancestry cases, 434,472 European ancestry controls	NA	16q24.3	16	88889765		CBFA2T3			ENSG00000129993			rs188869248-G	rs188869248	0	188869248	intron_variant	0	0.002922	8E-10	9.096910013008056		0.63	[0.43-0.83] unit decrease	NR [11842647] (imputed)	N	strand of hair color	http://purl.obolibrary.org/obo/OBA_0002313	GCST90041837	Genome-wide genotyping array
2021-12-01	34737426	Jiang L	2021-11-04	Nat Genet	www.ncbi.nlm.nih.gov/pubmed/34737426	A generalized linear mixed model association tool for biobank-scale data.	Hair colour (natural, before greying): Red (UKB data field 1747_2)	20,692 European ancestry cases, 434,472 European ancestry controls	NA	16q24.3	16	88929187		CBFA2T3			ENSG00000129993			rs147376209-G	rs147376209	0	147376209	intron_variant	0	0.00172	9E-51	50.045757490560675		2.13	[1.85-2.41] unit increase	NR [11842647] (imputed)	N	strand of hair color	http://purl.obolibrary.org/obo/OBA_0002313	GCST90041837	Genome-wide genotyping array
2021-12-01	34737426	Jiang L	2021-11-04	Nat Genet	www.ncbi.nlm.nih.gov/pubmed/34737426	A generalized linear mixed model association tool for biobank-scale data.	Hair colour (natural, before greying): Red (UKB data field 1747_2)	20,692 European ancestry cases, 434,472 European ancestry controls	NA	16q24.3	16	88943086		CBFA2T3			ENSG00000129993			rs146447637-T	rs146447637	0	146447637	intron_variant	0	0.007097	7E-23	22.154901959985743		0.67	[0.54-0.8] unit decrease	NR [11842647] (imputed)	N	strand of hair color	http://purl.obolibrary.org/obo/OBA_0002313	GCST90041837	Genome-wide genotyping array
2021-12-01	34737426	Jiang L	2021-11-04	Nat Genet	www.ncbi.nlm.nih.gov/pubmed/34737426	A generalized linear mixed model association tool for biobank-scale data.	Hair colour (natural, before greying): Red (UKB data field 1747_2)	20,692 European ancestry cases, 434,472 European ancestry controls	NA	16q24.3	16	88955349		CBFA2T3			ENSG00000129993			rs554870649-G	rs554870649	0	554870649	intron_variant	0	0.007459	4E-19	18.397940008672037		0.59	[0.46-0.72] unit decrease	NR [11842647] (imputed)	N	strand of hair color	http://purl.obolibrary.org/obo/OBA_0002313	GCST90041837	Genome-wide genotyping array
2021-12-01	34737426	Jiang L	2021-11-04	Nat Genet	www.ncbi.nlm.nih.gov/pubmed/34737426	A generalized linear mixed model association tool for biobank-scale data.	Hair colour (natural, before greying): Red (UKB data field 1747_2)	20,692 European ancestry cases, 434,472 European ancestry controls	NA	16q24.3	16	88958341		CBFA2T3			ENSG00000129993			rs549903041-C	rs549903041	0	549903041	intron_variant	0	0.003239	7E-14	13.154901959985743		0.75	[0.55-0.95] unit decrease	NR [11842647] (imputed)	N	strand of hair color	http://purl.obolibrary.org/obo/OBA_0002313	GCST90041837	Genome-wide genotyping array
2021-12-01	34737426	Jiang L	2021-11-04	Nat Genet	www.ncbi.nlm.nih.gov/pubmed/34737426	A generalized linear mixed model association tool for biobank-scale data.	Hair colour (natural, before greying): Red (UKB data field 1747_2)	20,692 European ancestry cases, 434,472 European ancestry controls	NA	16q24.3	16	88961601		CBFA2T3			ENSG00000129993			rs553467516-G	rs553467516	0	553467516	intron_variant	0	0.008645	2E-14	13.698970004336019		0.46	[0.34-0.58] unit decrease	NR [11842647] (imputed)	N	strand of hair color	http://purl.obolibrary.org/obo/OBA_0002313	GCST90041837	Genome-wide genotyping array
2021-12-01	34737426	Jiang L	2021-11-04	Nat Genet	www.ncbi.nlm.nih.gov/pubmed/34737426	A generalized linear mixed model association tool for biobank-scale data.	Hair colour (natural, before greying): Red (UKB data field 1747_2)	20,692 European ancestry cases, 434,472 European ancestry controls	NA	16q24.3	16	88988609		CBFA2T3 - ACSF3	ENSG00000129993	ENSG00000176715		11402	99766	rs530238572-C	rs530238572	0	530238572	intron_variant	1	0.001971	4E-95	94.39794000867204		2.83	[2.56-3.1] unit increase	NR [11842647] (imputed)	N	strand of hair color	http://purl.obolibrary.org/obo/OBA_0002313	GCST90041837	Genome-wide genotyping array
2021-12-01	34737426	Jiang L	2021-11-04	Nat Genet	www.ncbi.nlm.nih.gov/pubmed/34737426	A generalized linear mixed model association tool for biobank-scale data.	Hair colour (natural, before greying): Red (UKB data field 1747_2)	20,692 European ancestry cases, 434,472 European ancestry controls	NA	16q24.3	16	88990444		CBFA2T3 - ACSF3	ENSG00000129993	ENSG00000176715		13237	97931	rs577484898-T	rs577484898	0	577484898	intron_variant	1	8.522E-4	6E-46	45.221848749616356		2.68	[2.31-3.05] unit increase	NR [11842647] (imputed)	N	strand of hair color	http://purl.obolibrary.org/obo/OBA_0002313	GCST90041837	Genome-wide genotyping array
2021-12-01	34737426	Jiang L	2021-11-04	Nat Genet	www.ncbi.nlm.nih.gov/pubmed/34737426	A generalized linear mixed model association tool for biobank-scale data.	Hair colour (natural, before greying): Red (UKB data field 1747_2)	20,692 European ancestry cases, 434,472 European ancestry controls	NA	16q24.3	16	89039279		CBFA2T3 - ACSF3	ENSG00000129993	ENSG00000176715		62072	49096	rs78987829-G	rs78987829	0	78987829	intergenic_variant	1	0.005466	2E-18	17.69897000433602		0.68	[0.53-0.83] unit decrease	NR [11842647] (imputed)	N	strand of hair color	http://purl.obolibrary.org/obo/OBA_0002313	GCST90041837	Genome-wide genotyping array
2021-12-01	34737426	Jiang L	2021-11-04	Nat Genet	www.ncbi.nlm.nih.gov/pubmed/34737426	A generalized linear mixed model association tool for biobank-scale data.	Hair colour (natural, before greying): Red (UKB data field 1747_2)	20,692 European ancestry cases, 434,472 European ancestry controls	NA	16q24.3	16	89091579		ACSF3			ENSG00000176715			rs187175268-T	rs187175268	0	187175268	intergenic_variant	0	0.003909	2E-10	9.698970004336019		0.58	[0.4-0.76] unit decrease	NR [11842647] (imputed)	N	strand of hair color	http://purl.obolibrary.org/obo/OBA_0002313	GCST90041837	Genome-wide genotyping array
2021-12-01	34737426	Jiang L	2021-11-04	Nat Genet	www.ncbi.nlm.nih.gov/pubmed/34737426	A generalized linear mixed model association tool for biobank-scale data.	Hair colour (natural, before greying): Red (UKB data field 1747_2)	20,692 European ancestry cases, 434,472 European ancestry controls	NA	16q24.3	16	89103267		ACSF3			ENSG00000176715			rs535452231-A	rs535452231	0	535452231	intron_variant	0	0.002259	3E-12	11.522878745280337		0.81	[0.58-1.04] unit decrease	NR [11842647] (imputed)	N	strand of hair color	http://purl.obolibrary.org/obo/OBA_0002313	GCST90041837	Genome-wide genotyping array
2021-12-01	34737426	Jiang L	2021-11-04	Nat Genet	www.ncbi.nlm.nih.gov/pubmed/34737426	A generalized linear mixed model association tool for biobank-scale data.	Hair colour (natural, before greying): Red (UKB data field 1747_2)	20,692 European ancestry cases, 434,472 European ancestry controls	NA	16q24.3	16	89131114		ACSF3			ENSG00000176715			rs149432430-C	rs149432430	0	149432430	intron_variant	0	0.009576	1E-21	21.0		0.56	[0.45-0.67] unit decrease	NR [11842647] (imputed)	N	strand of hair color	http://purl.obolibrary.org/obo/OBA_0002313	GCST90041837	Genome-wide genotyping array
2021-12-01	34737426	Jiang L	2021-11-04	Nat Genet	www.ncbi.nlm.nih.gov/pubmed/34737426	A generalized linear mixed model association tool for biobank-scale data.	Hair colour (natural, before greying): Red (UKB data field 1747_2)	20,692 European ancestry cases, 434,472 European ancestry controls	NA	16q24.3	16	89137185		ACSF3			ENSG00000176715			rs138593842-A	rs138593842	0	138593842	intron_variant	0	0.00207	1E-9	9.0		0.76	[0.52-1] unit decrease	NR [11842647] (imputed)	N	strand of hair color	http://purl.obolibrary.org/obo/OBA_0002313	GCST90041837	Genome-wide genotyping array
2021-12-01	34737426	Jiang L	2021-11-04	Nat Genet	www.ncbi.nlm.nih.gov/pubmed/34737426	A generalized linear mixed model association tool for biobank-scale data.	Hair colour (natural, before greying): Red (UKB data field 1747_2)	20,692 European ancestry cases, 434,472 European ancestry controls	NA	16q24.3	16	89147822		ACSF3			ENSG00000176715			rs189801982-T	rs189801982	0	189801982	intron_variant	0	0.001366	9E-19	18.045757490560675		1.21	[0.94-1.48] unit increase	NR [11842647] (imputed)	N	strand of hair color	http://purl.obolibrary.org/obo/OBA_0002313	GCST90041837	Genome-wide genotyping array
2021-12-01	34737426	Jiang L	2021-11-04	Nat Genet	www.ncbi.nlm.nih.gov/pubmed/34737426	A generalized linear mixed model association tool for biobank-scale data.	Hair colour (natural, before greying): Red (UKB data field 1747_2)	20,692 European ancestry cases, 434,472 European ancestry controls	NA	16q24.3	16	89206716		SLC22A31 - ZNF778-DT	ENSG00000259803	ENSG00000259877		5065	8444	rs774088759-G	rs774088759	0	774088759	intergenic_variant	1	7.977E-4	2E-44	43.69897000433602		2.85	[2.45-3.25] unit increase	NR [11842647] (imputed)	N	strand of hair color	http://purl.obolibrary.org/obo/OBA_0002313	GCST90041837	Genome-wide genotyping array
2021-12-01	34737426	Jiang L	2021-11-04	Nat Genet	www.ncbi.nlm.nih.gov/pubmed/34737426	A generalized linear mixed model association tool for biobank-scale data.	Hair colour (natural, before greying): Red (UKB data field 1747_2)	20,692 European ancestry cases, 434,472 European ancestry controls	NA	16q24.3	16	89230239		ZNF778			ENSG00000170100			rs191394600-A	rs191394600	0	191394600	3_prime_UTR_variant	0	0.001604	2E-35	34.69897000433602		1.76	[1.48-2.04] unit increase	NR [11842647] (imputed)	N	strand of hair color	http://purl.obolibrary.org/obo/OBA_0002313	GCST90041837	Genome-wide genotyping array
2021-12-01	34737426	Jiang L	2021-11-04	Nat Genet	www.ncbi.nlm.nih.gov/pubmed/34737426	A generalized linear mixed model association tool for biobank-scale data.	Hair colour (natural, before greying): Red (UKB data field 1747_2)	20,692 European ancestry cases, 434,472 European ancestry controls	NA	16q24.3	16	89261486		ZNF778 - ANKRD11	ENSG00000170100	ENSG00000167522		24345	6133	rs547040838-C	rs547040838	0	547040838	intergenic_variant	1	0.001761	2E-9	8.698970004336019		0.82	[0.55-1.09] unit decrease	NR [11842647] (imputed)	N	strand of hair color	http://purl.obolibrary.org/obo/OBA_0002313	GCST90041837	Genome-wide genotyping array
2021-12-01	34737426	Jiang L	2021-11-04	Nat Genet	www.ncbi.nlm.nih.gov/pubmed/34737426	A generalized linear mixed model association tool for biobank-scale data.	Hair colour (natural, before greying): Red (UKB data field 1747_2)	20,692 European ancestry cases, 434,472 European ancestry controls	NA	16q24.3	16	89287116		ANKRD11			ENSG00000167522			rs571250448-A	rs571250448	0	571250448	3_prime_UTR_variant	0	5.537E-4	8E-11	10.096910013008056		1.59	[1.11-2.07] unit increase	NR [11842647] (imputed)	N	strand of hair color	http://purl.obolibrary.org/obo/OBA_0002313	GCST90041837	Genome-wide genotyping array
2021-12-01	34737426	Jiang L	2021-11-04	Nat Genet	www.ncbi.nlm.nih.gov/pubmed/34737426	A generalized linear mixed model association tool for biobank-scale data.	Hair colour (natural, before greying): Red (UKB data field 1747_2)	20,692 European ancestry cases, 434,472 European ancestry controls	NA	16q24.3	16	89296062		ANKRD11			ENSG00000167522			rs567082717-T	rs567082717	0	567082717	intron_variant	0	0.001277	3E-78	77.52287874528034		3.15	[2.82-3.48] unit increase	NR [11842647] (imputed)	N	strand of hair color	http://purl.obolibrary.org/obo/OBA_0002313	GCST90041837	Genome-wide genotyping array
2021-12-01	34737426	Jiang L	2021-11-04	Nat Genet	www.ncbi.nlm.nih.gov/pubmed/34737426	A generalized linear mixed model association tool for biobank-scale data.	Hair colour (natural, before greying): Red (UKB data field 1747_2)	20,692 European ancestry cases, 434,472 European ancestry controls	NA	16q24.3	16	89312223		ANKRD11			ENSG00000167522			rs77151370-C	rs77151370	0	77151370	intron_variant	0	0.002843	1E-13	13.0		0.82	[0.6-1.04] unit decrease	NR [11842647] (imputed)	N	strand of hair color	http://purl.obolibrary.org/obo/OBA_0002313	GCST90041837	Genome-wide genotyping array
2021-12-01	34737426	Jiang L	2021-11-04	Nat Genet	www.ncbi.nlm.nih.gov/pubmed/34737426	A generalized linear mixed model association tool for biobank-scale data.	Hair colour (natural, before greying): Red (UKB data field 1747_2)	20,692 European ancestry cases, 434,472 European ancestry controls	NA	16q24.3	16	89314717		ANKRD11			ENSG00000167522			rs138146013-G	rs138146013	0	138146013	intron_variant	0	0.001585	8E-10	9.096910013008056		0.91	[0.62-1.2] unit decrease	NR [11842647] (imputed)	N	strand of hair color	http://purl.obolibrary.org/obo/OBA_0002313	GCST90041837	Genome-wide genotyping array
2022-03-23	34737440	Lona-Durazo F	2021-11-04	Commun Biol	www.ncbi.nlm.nih.gov/pubmed/34737440	A large Canadian cohort provides insights into the genetic architecture of human hair colour.	Blond vs. brown/black hair color	12,398 European ancestry individuals	NA	5p13.2	5	33955568		SLC45A2			ENSG00000164175			rs35391-T	rs35391	0	35391	intron_variant	0	NR	9E-10	9.045757490560675		0.716239	[0.49-0.95] decrease	Affymetrix, Illumina [32876187] (imputed)	N	hair color	http://www.ebi.ac.uk/efo/EFO_0003924	GCST90095476	Genome-wide genotyping array
2022-03-23	34737440	Lona-Durazo F	2021-11-04	Commun Biol	www.ncbi.nlm.nih.gov/pubmed/34737440	A large Canadian cohort provides insights into the genetic architecture of human hair colour.	Blond vs. brown/black hair color	12,398 European ancestry individuals	NA	6p25.3	6	396321		IRF4			ENSG00000137265			rs12203592-C	rs12203592	0	12203592	intron_variant	0	NR	2E-52	51.69897000433602		0.896658	[0.78-1.01] increase	Affymetrix, Illumina [32876187] (imputed)	N	hair color	http://www.ebi.ac.uk/efo/EFO_0003924	GCST90095476	Genome-wide genotyping array
2022-03-23	34737440	Lona-Durazo F	2021-11-04	Commun Biol	www.ncbi.nlm.nih.gov/pubmed/34737440	A large Canadian cohort provides insights into the genetic architecture of human hair colour.	Blond vs. brown/black hair color	12,398 European ancestry individuals	NA	6p25.3	6	530476		EXOC2			ENSG00000112685			rs6938671-G	rs6938671	0	6938671	intron_variant	0	NR	2E-8	7.698970004336019		0.262299	[0.17-0.35] increase	Affymetrix, Illumina [32876187] (imputed)	N	hair color	http://www.ebi.ac.uk/efo/EFO_0003924	GCST90095476	Genome-wide genotyping array
2022-03-23	34737440	Lona-Durazo F	2021-11-04	Commun Biol	www.ncbi.nlm.nih.gov/pubmed/34737440	A large Canadian cohort provides insights into the genetic architecture of human hair colour.	Blond vs. brown/black hair color	12,398 European ancestry individuals	NA	11q13.3	11	69138652		TPCN2 - SMIM38	ENSG00000162341	ENSG00000284713		2336	16826	rs72932523-G	rs72932523	0	72932523	intron_variant	1	NR	2E-10	9.698970004336019		0.446379	[0.31-0.58] decrease	Affymetrix, Illumina [32876187] (imputed)	N	hair color	http://www.ebi.ac.uk/efo/EFO_0003924	GCST90095476	Genome-wide genotyping array
2022-03-23	34737440	Lona-Durazo F	2021-11-04	Commun Biol	www.ncbi.nlm.nih.gov/pubmed/34737440	A large Canadian cohort provides insights into the genetic architecture of human hair colour.	Blond vs. brown/black hair color	12,398 European ancestry individuals	NA	12q21.33	12	88934558		RNU1-117P - LINC02458	ENSG00000252850	ENSG00000246363		352762	76123	rs12821256-T	rs12821256	0	12821256	regulatory_region_variant	1	NR	9E-11	10.045757490560675		0.4662	[0.33-0.61] decrease	Affymetrix, Illumina [32876187] (imputed)	N	hair color	http://www.ebi.ac.uk/efo/EFO_0003924	GCST90095476	Genome-wide genotyping array
2022-03-23	34737440	Lona-Durazo F	2021-11-04	Commun Biol	www.ncbi.nlm.nih.gov/pubmed/34737440	A large Canadian cohort provides insights into the genetic architecture of human hair colour.	Blond vs. brown/black hair color	12,398 European ancestry individuals	NA	13q22.3	13	77933016		EDNRB, OBI1-AS1			ENSG00000136160, ENSG00000234377			rs9318502-C	rs9318502	0	9318502	intron_variant	0	NR	5E-8	7.301029995663981		0.228403	[0.15-0.31] decrease	Affymetrix, Illumina [32876187] (imputed)	N	hair color	http://www.ebi.ac.uk/efo/EFO_0003924	GCST90095476	Genome-wide genotyping array
2022-03-23	34737440	Lona-Durazo F	2021-11-04	Commun Biol	www.ncbi.nlm.nih.gov/pubmed/34737440	A large Canadian cohort provides insights into the genetic architecture of human hair colour.	Blond vs. brown/black hair color	12,398 European ancestry individuals	NA	14q32.12	14	92307559		RNU6-366P - SLC24A4	ENSG00000201097	ENSG00000140090		41752	15022	rs12896471-C	rs12896471	0	12896471	intron_variant	1	NR	1E-30	30.0		0.476792	[0.4-0.56] decrease	Affymetrix, Illumina [32876187] (imputed)	N	hair color	http://www.ebi.ac.uk/efo/EFO_0003924	GCST90095476	Genome-wide genotyping array
2022-03-23	34737440	Lona-Durazo F	2021-11-04	Commun Biol	www.ncbi.nlm.nih.gov/pubmed/34737440	A large Canadian cohort provides insights into the genetic architecture of human hair colour.	Blond vs. brown/black hair color	12,398 European ancestry individuals	NA	15q12	15	27796758		OCA2			ENSG00000104044			rs4238492-A	rs4238492	0	4238492	intron_variant	0	NR	1E-8	8.0		0.239853	[0.16-0.32] decrease	Affymetrix, Illumina [32876187] (imputed)	N	hair color	http://www.ebi.ac.uk/efo/EFO_0003924	GCST90095476	Genome-wide genotyping array
2022-03-23	34737440	Lona-Durazo F	2021-11-04	Commun Biol	www.ncbi.nlm.nih.gov/pubmed/34737440	A large Canadian cohort provides insights into the genetic architecture of human hair colour.	Blond vs. brown/black hair color	12,398 European ancestry individuals	NA	15q13.1	15	27955262		OCA2			ENSG00000104044			rs7170989-T	rs7170989	0	7170989	intron_variant	0	NR	7E-10	9.154901959985743		0.29718	[0.2-0.39] decrease	Affymetrix, Illumina [32876187] (imputed)	N	hair color	http://www.ebi.ac.uk/efo/EFO_0003924	GCST90095476	Genome-wide genotyping array
2022-03-23	34737440	Lona-Durazo F	2021-11-04	Commun Biol	www.ncbi.nlm.nih.gov/pubmed/34737440	A large Canadian cohort provides insights into the genetic architecture of human hair colour.	Blond vs. brown/black hair color	12,398 European ancestry individuals	NA	15q13.1	15	28065416		OCA2			ENSG00000104044			rs6497257-T	rs6497257	0	6497257	intron_variant	0	NR	3E-17	16.522878745280337		0.417711	[0.32-0.51] increase	Affymetrix, Illumina [32876187] (imputed)	N	hair color	http://www.ebi.ac.uk/efo/EFO_0003924	GCST90095476	Genome-wide genotyping array
2022-03-23	34737440	Lona-Durazo F	2021-11-04	Commun Biol	www.ncbi.nlm.nih.gov/pubmed/34737440	A large Canadian cohort provides insights into the genetic architecture of human hair colour.	Blond vs. brown/black hair color	12,398 European ancestry individuals	NA	15q13.1	15	28120472		HERC2			ENSG00000128731			rs12913832-A	rs12913832	0	12913832	intron_variant	0	NR	5E-141	140.30102999566398		1.19021	[1.1-1.28] decrease	Affymetrix, Illumina [32876187] (imputed)	N	hair color	http://www.ebi.ac.uk/efo/EFO_0003924	GCST90095476	Genome-wide genotyping array
2022-03-23	34737440	Lona-Durazo F	2021-11-04	Commun Biol	www.ncbi.nlm.nih.gov/pubmed/34737440	A large Canadian cohort provides insights into the genetic architecture of human hair colour.	Blond vs. brown/black hair color	12,398 European ancestry individuals	NA	15q13.1	15	28268218		HERC2			ENSG00000128731			rs916977-T	rs916977	0	916977	intron_variant	0	NR	1E-72	72.0		0.997855	[0.89-1.11] decrease	Affymetrix, Illumina [32876187] (imputed)	N	hair color	http://www.ebi.ac.uk/efo/EFO_0003924	GCST90095476	Genome-wide genotyping array
2022-03-23	34737440	Lona-Durazo F	2021-11-04	Commun Biol	www.ncbi.nlm.nih.gov/pubmed/34737440	A large Canadian cohort provides insights into the genetic architecture of human hair colour.	Blond vs. brown/black hair color	12,398 European ancestry individuals	NA	15q13.1	15	28285036		HERC2			ENSG00000128731			rs1667394-C	rs1667394	0	1667394	intron_variant	0	NR	3E-77	76.52287874528034		1.01451	[0.91-1.12] decrease	Affymetrix, Illumina [32876187] (imputed)	N	hair color	http://www.ebi.ac.uk/efo/EFO_0003924	GCST90095476	Genome-wide genotyping array
2022-03-23	34737440	Lona-Durazo F	2021-11-04	Commun Biol	www.ncbi.nlm.nih.gov/pubmed/34737440	A large Canadian cohort provides insights into the genetic architecture of human hair colour.	Blond vs. brown/black hair color	12,398 European ancestry individuals	NA	16q24.3	16	89440922		ANKRD11			ENSG00000167522			rs74836424-C	rs74836424	0	74836424	intron_variant	0	NR	1E-7	7.0		0.537739	[0.34-0.74] decrease	Affymetrix, Illumina [32876187] (imputed)	N	hair color	http://www.ebi.ac.uk/efo/EFO_0003924	GCST90095476	Genome-wide genotyping array
2022-03-23	34737440	Lona-Durazo F	2021-11-04	Commun Biol	www.ncbi.nlm.nih.gov/pubmed/34737440	A large Canadian cohort provides insights into the genetic architecture of human hair colour.	Blond vs. brown/black hair color	12,398 European ancestry individuals	NA	16q24.3	16	89669749		SPATA33			ENSG00000167523			rs35063026-C	rs35063026	0	35063026	3_prime_UTR_variant	0	NR	2E-14	13.698970004336019		0.741063	[0.55-0.93] decrease	Affymetrix, Illumina [32876187] (imputed)	N	hair color	http://www.ebi.ac.uk/efo/EFO_0003924	GCST90095476	Genome-wide genotyping array
2022-03-23	34737440	Lona-Durazo F	2021-11-04	Commun Biol	www.ncbi.nlm.nih.gov/pubmed/34737440	A large Canadian cohort provides insights into the genetic architecture of human hair colour.	Blond vs. brown/black hair color	12,398 European ancestry individuals	NA	16q24.3	16	89780269		FANCA			ENSG00000187741			rs75570604-G	rs75570604	0	75570604	intron_variant	0	NR	7E-14	13.154901959985743		0.713294	[0.53-0.9] decrease	Affymetrix, Illumina [32876187] (imputed)	N	hair color	http://www.ebi.ac.uk/efo/EFO_0003924	GCST90095476	Genome-wide genotyping array
2022-03-23	34737440	Lona-Durazo F	2021-11-04	Commun Biol	www.ncbi.nlm.nih.gov/pubmed/34737440	A large Canadian cohort provides insights into the genetic architecture of human hair colour.	Blond vs. brown/black hair color	12,398 European ancestry individuals	NA	16q24.3	16	89919709		MC1R			ENSG00000258839			rs1805007-C	rs1805007	0	1805007	missense_variant	0	NR	4E-14	13.397940008672037		0.722549	[0.54-0.91] decrease	Affymetrix, Illumina [32876187] (imputed)	N	hair color	http://www.ebi.ac.uk/efo/EFO_0003924	GCST90095476	Genome-wide genotyping array
2022-03-23	34737440	Lona-Durazo F	2021-11-04	Commun Biol	www.ncbi.nlm.nih.gov/pubmed/34737440	A large Canadian cohort provides insights into the genetic architecture of human hair colour.	Blond vs. brown/black hair color	12,398 European ancestry individuals	NA	16q24.3	16	89958562		DEF8			ENSG00000140995			rs74800773-C	rs74800773	0	74800773	intron_variant	0	NR	4E-14	13.397940008672037		0.671198	[0.5-0.85] decrease	Affymetrix, Illumina [32876187] (imputed)	N	hair color	http://www.ebi.ac.uk/efo/EFO_0003924	GCST90095476	Genome-wide genotyping array
2022-03-23	34737440	Lona-Durazo F	2021-11-04	Commun Biol	www.ncbi.nlm.nih.gov/pubmed/34737440	A large Canadian cohort provides insights into the genetic architecture of human hair colour.	Brown vs. black hair color	10,990 European ancestry individuals	NA	3q29	3	195849462		LINC01983			ENSG00000223783			rs7611259-G	rs7611259	0	7611259	intron_variant	0	NR	2E-6	5.698970004336019		0.26961	[0.16-0.38] decrease	Affymetrix, Illumina [32876187] (imputed)	N	hair color	http://www.ebi.ac.uk/efo/EFO_0003924	GCST90095477	Genome-wide genotyping array
2022-03-23	34737440	Lona-Durazo F	2021-11-04	Commun Biol	www.ncbi.nlm.nih.gov/pubmed/34737440	A large Canadian cohort provides insights into the genetic architecture of human hair colour.	Brown vs. black hair color	10,990 European ancestry individuals	NA	5p13.2	5	33951588		SLC45A2			ENSG00000164175			rs16891982-C	rs16891982	0	16891982	missense_variant	0	NR	1E-14	14.0		1.35852	[1.01-1.7] decrease	Affymetrix, Illumina [32876187] (imputed)	N	hair color	http://www.ebi.ac.uk/efo/EFO_0003924	GCST90095477	Genome-wide genotyping array
2022-03-23	34737440	Lona-Durazo F	2021-11-04	Commun Biol	www.ncbi.nlm.nih.gov/pubmed/34737440	A large Canadian cohort provides insights into the genetic architecture of human hair colour.	Brown vs. black hair color	10,990 European ancestry individuals	NA	6p25.3	6	396321		IRF4			ENSG00000137265			rs12203592-C	rs12203592	0	12203592	intron_variant	0	NR	2E-50	49.69897000433602		1.13807	[0.99-1.29] increase	Affymetrix, Illumina [32876187] (imputed)	N	hair color	http://www.ebi.ac.uk/efo/EFO_0003924	GCST90095477	Genome-wide genotyping array
2022-03-23	34737440	Lona-Durazo F	2021-11-04	Commun Biol	www.ncbi.nlm.nih.gov/pubmed/34737440	A large Canadian cohort provides insights into the genetic architecture of human hair colour.	Brown vs. black hair color	10,990 European ancestry individuals	NA	8q21.13	8	75016712		CRISPLD1			ENSG00000121005			rs117978872-C	rs117978872	0	117978872	splice_region_variant	0	NR	6E-7	6.221848749616356		1.1813	[0.72-1.64] increase	Affymetrix, Illumina [32876187] (imputed)	N	hair color	http://www.ebi.ac.uk/efo/EFO_0003924	GCST90095477	Genome-wide genotyping array
2022-03-23	34737440	Lona-Durazo F	2021-11-04	Commun Biol	www.ncbi.nlm.nih.gov/pubmed/34737440	A large Canadian cohort provides insights into the genetic architecture of human hair colour.	Brown vs. black hair color	10,990 European ancestry individuals	NA	15q13.1	15	28111713		HERC2			ENSG00000128731			rs1129038-C	rs1129038	0	1129038	3_prime_UTR_variant	0	NR	3E-52	51.52287874528034		0.889691	[0.77-1] decrease	Affymetrix, Illumina [32876187] (imputed)	N	hair color	http://www.ebi.ac.uk/efo/EFO_0003924	GCST90095477	Genome-wide genotyping array
2022-03-23	34737440	Lona-Durazo F	2021-11-04	Commun Biol	www.ncbi.nlm.nih.gov/pubmed/34737440	A large Canadian cohort provides insights into the genetic architecture of human hair colour.	Brown vs. black hair color	10,990 European ancestry individuals	NA	15q13.1	15	28223577		HERC2			ENSG00000128731			rs3940272-T	rs3940272	0	3940272	intron_variant	0	NR	4E-20	19.397940008672037		0.638294	[0.5-0.77] decrease	Affymetrix, Illumina [32876187] (imputed)	N	hair color	http://www.ebi.ac.uk/efo/EFO_0003924	GCST90095477	Genome-wide genotyping array
2022-03-23	34737440	Lona-Durazo F	2021-11-04	Commun Biol	www.ncbi.nlm.nih.gov/pubmed/34737440	A large Canadian cohort provides insights into the genetic architecture of human hair colour.	Brown vs. black hair color	10,990 European ancestry individuals	NA	15q13.1	15	28285036		HERC2			ENSG00000128731			rs1667394-C	rs1667394	0	1667394	intron_variant	0	NR	4E-22	21.397940008672037		0.634748	[0.51-0.76] decrease	Affymetrix, Illumina [32876187] (imputed)	N	hair color	http://www.ebi.ac.uk/efo/EFO_0003924	GCST90095477	Genome-wide genotyping array
2021-12-01	34737426	Jiang L	2021-11-04	Nat Genet	www.ncbi.nlm.nih.gov/pubmed/34737426	A generalized linear mixed model association tool for biobank-scale data.	Hair colour (natural, before greying): Red (UKB data field 1747_2)	20,692 European ancestry cases, 434,472 European ancestry controls	NA	16q24.3	16	89297516		ANKRD11			ENSG00000167522			rs117334149-G	rs117334149	0	117334149	non_coding_transcript_exon_variant	0	0.002346	6E-11	10.221848749616356		0.78	[0.55-1.01] unit decrease	NR [11842647] (imputed)	N	strand of hair color	http://purl.obolibrary.org/obo/OBA_0002313	GCST90041837	Genome-wide genotyping array
2021-12-01	34737426	Jiang L	2021-11-04	Nat Genet	www.ncbi.nlm.nih.gov/pubmed/34737426	A generalized linear mixed model association tool for biobank-scale data.	Hair colour (natural, before greying): Red (UKB data field 1747_2)	20,692 European ancestry cases, 434,472 European ancestry controls	NA	16q24.3	16	89351227		ANKRD11			ENSG00000167522			rs563983686-A	rs563983686	0	563983686	intron_variant	0	0.001225	5E-9	8.301029995663981		0.98	[0.65-1.31] unit decrease	NR [11842647] (imputed)	N	strand of hair color	http://purl.obolibrary.org/obo/OBA_0002313	GCST90041837	Genome-wide genotyping array
2021-12-01	34737426	Jiang L	2021-11-04	Nat Genet	www.ncbi.nlm.nih.gov/pubmed/34737426	A generalized linear mixed model association tool for biobank-scale data.	Hair colour (natural, before greying): Light brown (UKB data field 1747_3)	185,000 European ancestry cases, 270,164 European ancestry controls	NA	15q13.1	15	27950782		OCA2			ENSG00000104044			rs147750878-A	rs147750878	0	147750878	intron_variant	0	0.009653	3E-9	8.522878745280337		0.14	[0.095-0.185] unit decrease	NR [11842647] (imputed)	N	strand of hair color	http://purl.obolibrary.org/obo/OBA_0002313	GCST90041838	Genome-wide genotyping array
2021-12-01	34737426	Jiang L	2021-11-04	Nat Genet	www.ncbi.nlm.nih.gov/pubmed/34737426	A generalized linear mixed model association tool for biobank-scale data.	Hair colour (natural, before greying): Light brown (UKB data field 1747_3)	185,000 European ancestry cases, 270,164 European ancestry controls	NA	15q13.1	15	28072294		OCA2			ENSG00000104044			rs181507749-G	rs181507749	0	181507749	intron_variant	0	0.001661	5E-16	15.301029995663981		0.47	[0.36-0.58] unit decrease	NR [11842647] (imputed)	N	strand of hair color	http://purl.obolibrary.org/obo/OBA_0002313	GCST90041838	Genome-wide genotyping array
2021-12-01	34737426	Jiang L	2021-11-04	Nat Genet	www.ncbi.nlm.nih.gov/pubmed/34737426	A generalized linear mixed model association tool for biobank-scale data.	Hair colour (natural, before greying): Light brown (UKB data field 1747_3)	185,000 European ancestry cases, 270,164 European ancestry controls	NA	15q13.1	15	28073706		OCA2			ENSG00000104044			rs6497261-C	rs6497261	0	6497261	intron_variant	0	0.002325	2E-9	8.698970004336019		0.29	[0.2-0.38] unit decrease	NR [11842647] (imputed)	N	strand of hair color	http://purl.obolibrary.org/obo/OBA_0002313	GCST90041838	Genome-wide genotyping array
2021-12-01	34737426	Jiang L	2021-11-04	Nat Genet	www.ncbi.nlm.nih.gov/pubmed/34737426	A generalized linear mixed model association tool for biobank-scale data.	Hair colour (natural, before greying): Light brown (UKB data field 1747_3)	185,000 European ancestry cases, 270,164 European ancestry controls	NA	15q13.1	15	28118342		HERC2			ENSG00000128731			rs116879078-T	rs116879078	0	116879078	intron_variant	0	0.01027	1E-115	115.0		0.55	[0.5-0.6] unit decrease	NR [11842647] (imputed)	N	strand of hair color	http://purl.obolibrary.org/obo/OBA_0002313	GCST90041838	Genome-wide genotyping array
2021-12-01	34737426	Jiang L	2021-11-04	Nat Genet	www.ncbi.nlm.nih.gov/pubmed/34737426	A generalized linear mixed model association tool for biobank-scale data.	Hair colour (natural, before greying): Light brown (UKB data field 1747_3)	185,000 European ancestry cases, 270,164 European ancestry controls	NA	15q13.1	15	28160698		HERC2			ENSG00000128731			rs192615001-T	rs192615001	0	192615001	intron_variant	0	0.002683	2E-14	13.698970004336019		0.34	[0.25-0.43] unit decrease	NR [11842647] (imputed)	N	strand of hair color	http://purl.obolibrary.org/obo/OBA_0002313	GCST90041838	Genome-wide genotyping array
2021-12-01	34737426	Jiang L	2021-11-04	Nat Genet	www.ncbi.nlm.nih.gov/pubmed/34737426	A generalized linear mixed model association tool for biobank-scale data.	Hair colour (natural, before greying): Light brown (UKB data field 1747_3)	185,000 European ancestry cases, 270,164 European ancestry controls	NA	15q13.1	15	28224015		HERC2			ENSG00000128731			rs71397290-A	rs71397290	0	71397290	intron_variant	0	0.007945	3E-9	8.522878745280337		0.14	[0.093-0.187] unit increase	NR [11842647] (imputed)	N	strand of hair color	http://purl.obolibrary.org/obo/OBA_0002313	GCST90041838	Genome-wide genotyping array
2021-12-01	34737426	Jiang L	2021-11-04	Nat Genet	www.ncbi.nlm.nih.gov/pubmed/34737426	A generalized linear mixed model association tool for biobank-scale data.	Hair colour (natural, before greying): Light brown (UKB data field 1747_3)	185,000 European ancestry cases, 270,164 European ancestry controls	NA	15q13.1	15	28279153		HERC2			ENSG00000128731			rs374209324-T	rs374209324	0	374209324	intron_variant	0	8.9E-4	1E-17	17.0		0.7	[0.54-0.86] unit decrease	NR [11842647] (imputed)	N	strand of hair color	http://purl.obolibrary.org/obo/OBA_0002313	GCST90041838	Genome-wide genotyping array
2021-12-01	34737426	Jiang L	2021-11-04	Nat Genet	www.ncbi.nlm.nih.gov/pubmed/34737426	A generalized linear mixed model association tool for biobank-scale data.	Hair colour (natural, before greying): Light brown (UKB data field 1747_3)	185,000 European ancestry cases, 270,164 European ancestry controls	NA	16q24.3	16	89677219		SPATA33 - CDK10	ENSG00000167523	ENSG00000185324		5947	3518	rs116927526-T	rs116927526	0	116927526	intron_variant	1	0.00457	2E-15	14.698970004336019		0.27	[0.21-0.33] unit decrease	NR [11842647] (imputed)	N	strand of hair color	http://purl.obolibrary.org/obo/OBA_0002313	GCST90041838	Genome-wide genotyping array
2021-12-01	34737426	Jiang L	2021-11-04	Nat Genet	www.ncbi.nlm.nih.gov/pubmed/34737426	A generalized linear mixed model association tool for biobank-scale data.	Hair colour (natural, before greying): Dark brown (UKB data field 1747_4)	171,614 European ancestry cases, 283,550 European ancestry controls	NA	3p13	3	70012226		SAMMSON			ENSG00000240405			rs190948281-C	rs190948281	0	190948281	intron_variant	0	0.003533	2E-10	9.698970004336019		0.25	[0.17-0.33] unit decrease	NR [11842647] (imputed)	N	strand of hair color	http://purl.obolibrary.org/obo/OBA_0002313	GCST90041839	Genome-wide genotyping array
2021-12-01	34737426	Jiang L	2021-11-04	Nat Genet	www.ncbi.nlm.nih.gov/pubmed/34737426	A generalized linear mixed model association tool for biobank-scale data.	Hair colour (natural, before greying): Dark brown (UKB data field 1747_4)	171,614 European ancestry cases, 283,550 European ancestry controls	NA	5p13.2	5	33880779		ADAMTS12			ENSG00000151388			rs187798257-T	rs187798257	0	187798257	intron_variant	0	8.326E-4	5E-13	12.301029995663981		0.49	[0.35-0.63] unit increase	NR [11842647] (imputed)	N	strand of hair color	http://purl.obolibrary.org/obo/OBA_0002313	GCST90041839	Genome-wide genotyping array
2021-12-01	34737426	Jiang L	2021-11-04	Nat Genet	www.ncbi.nlm.nih.gov/pubmed/34737426	A generalized linear mixed model association tool for biobank-scale data.	Hair colour (natural, before greying): Dark brown (UKB data field 1747_4)	171,614 European ancestry cases, 283,550 European ancestry controls	NA	5p13.2	5	33963986		SLC45A2			ENSG00000164175			rs201259497-T	rs201259497	0	201259497	missense_variant	0	3.544E-4	3E-12	11.522878745280337		0.95	[0.68-1.22] unit decrease	NR [11842647] (imputed)	N	strand of hair color	http://purl.obolibrary.org/obo/OBA_0002313	GCST90041839	Genome-wide genotyping array
2021-12-01	34737426	Jiang L	2021-11-04	Nat Genet	www.ncbi.nlm.nih.gov/pubmed/34737426	A generalized linear mixed model association tool for biobank-scale data.	Hair colour (natural, before greying): Dark brown (UKB data field 1747_4)	171,614 European ancestry cases, 283,550 European ancestry controls	NA	6p25.3	6	402905		IRF4			ENSG00000137265			rs142388808-A	rs142388808	0	142388808	intron_variant	0	0.008053	7E-48	47.15490195998574		0.34	[0.29-0.39] unit increase	NR [11842647] (imputed)	N	strand of hair color	http://purl.obolibrary.org/obo/OBA_0002313	GCST90041839	Genome-wide genotyping array
2021-12-01	34737426	Jiang L	2021-11-04	Nat Genet	www.ncbi.nlm.nih.gov/pubmed/34737426	A generalized linear mixed model association tool for biobank-scale data.	Hair colour (natural, before greying): Dark brown (UKB data field 1747_4)	171,614 European ancestry cases, 283,550 European ancestry controls	NA	6p25.3	6	425886		IRF4 - EXOC2	ENSG00000137265	ENSG00000112685		14443	59247	rs148158308-A	rs148158308	0	148158308	intergenic_variant	1	0.008107	5E-12	11.301029995663981		0.18	[0.13-0.23] unit decrease	NR [11842647] (imputed)	N	strand of hair color	http://purl.obolibrary.org/obo/OBA_0002313	GCST90041839	Genome-wide genotyping array
2021-12-01	34737426	Jiang L	2021-11-04	Nat Genet	www.ncbi.nlm.nih.gov/pubmed/34737426	A generalized linear mixed model association tool for biobank-scale data.	Hair colour (natural, before greying): Dark brown (UKB data field 1747_4)	171,614 European ancestry cases, 283,550 European ancestry controls	NA	6p25.3	6	459936		IRF4 - EXOC2	ENSG00000137265	ENSG00000112685		48493	25197	rs187858794-G	rs187858794	0	187858794	intron_variant	1	0.005228	3E-15	14.522878745280337		0.23	[0.17-0.29] unit increase	NR [11842647] (imputed)	N	strand of hair color	http://purl.obolibrary.org/obo/OBA_0002313	GCST90041839	Genome-wide genotyping array
2021-12-01	34737426	Jiang L	2021-11-04	Nat Genet	www.ncbi.nlm.nih.gov/pubmed/34737426	A generalized linear mixed model association tool for biobank-scale data.	Hair colour (natural, before greying): Dark brown (UKB data field 1747_4)	171,614 European ancestry cases, 283,550 European ancestry controls	NA	6p25.3	6	482332		IRF4 - EXOC2	ENSG00000137265	ENSG00000112685		70889	2801	rs187208209-C	rs187208209	0	187208209	intergenic_variant	1	0.00545	1E-23	23.0		0.28	[0.23-0.33] unit increase	NR [11842647] (imputed)	N	strand of hair color	http://purl.obolibrary.org/obo/OBA_0002313	GCST90041839	Genome-wide genotyping array
2021-12-01	34737426	Jiang L	2021-11-04	Nat Genet	www.ncbi.nlm.nih.gov/pubmed/34737426	A generalized linear mixed model association tool for biobank-scale data.	Hair colour (natural, before greying): Dark brown (UKB data field 1747_4)	171,614 European ancestry cases, 283,550 European ancestry controls	NA	6p25.3	6	596079		EXOC2			ENSG00000112685			rs551965546-A	rs551965546	0	551965546	intron_variant	0	0.001483	3E-20	19.522878745280337		0.48	[0.38-0.58] unit increase	NR [11842647] (imputed)	N	strand of hair color	http://purl.obolibrary.org/obo/OBA_0002313	GCST90041839	Genome-wide genotyping array
2021-12-01	34737426	Jiang L	2021-11-04	Nat Genet	www.ncbi.nlm.nih.gov/pubmed/34737426	A generalized linear mixed model association tool for biobank-scale data.	Hair colour (natural, before greying): Dark brown (UKB data field 1747_4)	171,614 European ancestry cases, 283,550 European ancestry controls	NA	6p25.3	6	610781		EXOC2			ENSG00000112685			rs193270713-G	rs193270713	0	193270713	intron_variant	0	0.00291	6E-10	9.221848749616356		0.24	[0.16-0.32] unit increase	NR [11842647] (imputed)	N	strand of hair color	http://purl.obolibrary.org/obo/OBA_0002313	GCST90041839	Genome-wide genotyping array
2021-12-01	34737426	Jiang L	2021-11-04	Nat Genet	www.ncbi.nlm.nih.gov/pubmed/34737426	A generalized linear mixed model association tool for biobank-scale data.	Hair colour (natural, before greying): Dark brown (UKB data field 1747_4)	171,614 European ancestry cases, 283,550 European ancestry controls	NA	6p25.3	6	646068		EXOC2			ENSG00000112685			rs550922891-G	rs550922891	0	550922891	intron_variant	0	0.00371	2E-10	9.698970004336019		0.22	[0.15-0.29] unit increase	NR [11842647] (imputed)	N	strand of hair color	http://purl.obolibrary.org/obo/OBA_0002313	GCST90041839	Genome-wide genotyping array
2021-12-01	34737426	Jiang L	2021-11-04	Nat Genet	www.ncbi.nlm.nih.gov/pubmed/34737426	A generalized linear mixed model association tool for biobank-scale data.	Hair colour (natural, before greying): Dark brown (UKB data field 1747_4)	171,614 European ancestry cases, 283,550 European ancestry controls	NA	7q22.1	7	100859956		SLC12A9			ENSG00000146828			rs80308281-C	rs80308281	0	80308281	missense_variant	0	0.00593	7E-28	27.154901959985743		0.34	[0.28-0.4] unit decrease	NR [11842647] (imputed)	N	strand of hair color	http://purl.obolibrary.org/obo/OBA_0002313	GCST90041839	Genome-wide genotyping array
2021-12-01	34737426	Jiang L	2021-11-04	Nat Genet	www.ncbi.nlm.nih.gov/pubmed/34737426	A generalized linear mixed model association tool for biobank-scale data.	Hair colour (natural, before greying): Dark brown (UKB data field 1747_4)	171,614 European ancestry cases, 283,550 European ancestry controls	NA	11p15.2	11	16340475		SOX6			ENSG00000110693			rs117573112-C	rs117573112	0	117573112	intron_variant	0	0.007797	9E-13	12.045757490560675		0.19	[0.14-0.24] unit decrease	NR [11842647] (imputed)	N	strand of hair color	http://purl.obolibrary.org/obo/OBA_0002313	GCST90041839	Genome-wide genotyping array
2021-12-01	34737426	Jiang L	2021-11-04	Nat Genet	www.ncbi.nlm.nih.gov/pubmed/34737426	A generalized linear mixed model association tool for biobank-scale data.	Hair colour (natural, before greying): Dark brown (UKB data field 1747_4)	171,614 European ancestry cases, 283,550 European ancestry controls	NA	11q13.3	11	69054479		TPCN2			ENSG00000162341			rs6591367-T	rs6591367	0	6591367	intron_variant	0	0.001515	3E-9	8.522878745280337		0.31	[0.21-0.41] unit increase	NR [11842647] (imputed)	N	strand of hair color	http://purl.obolibrary.org/obo/OBA_0002313	GCST90041839	Genome-wide genotyping array
2021-12-01	34737426	Jiang L	2021-11-04	Nat Genet	www.ncbi.nlm.nih.gov/pubmed/34737426	A generalized linear mixed model association tool for biobank-scale data.	Hair colour (natural, before greying): Dark brown (UKB data field 1747_4)	171,614 European ancestry cases, 283,550 European ancestry controls	NA	11q13.3	11	69081448		TPCN2			ENSG00000162341			rs34510004-A	rs34510004	0	34510004	missense_variant	0	0.00167	2E-28	27.69897000433602		0.67	[0.55-0.79] unit decrease	NR [11842647] (imputed)	N	strand of hair color	http://purl.obolibrary.org/obo/OBA_0002313	GCST90041839	Genome-wide genotyping array
2021-12-01	34737426	Jiang L	2021-11-04	Nat Genet	www.ncbi.nlm.nih.gov/pubmed/34737426	A generalized linear mixed model association tool for biobank-scale data.	Hair colour (natural, before greying): Dark brown (UKB data field 1747_4)	171,614 European ancestry cases, 283,550 European ancestry controls	NA	14q32.12	14	92221282		CPSF2 - RNU6-366P	ENSG00000165934	ENSG00000201097		49137	44420	rs139859695-A	rs139859695	0	139859695	intergenic_variant	1	0.005376	4E-9	8.397940008672037		0.17	[0.11-0.23] unit increase	NR [11842647] (imputed)	N	strand of hair color	http://purl.obolibrary.org/obo/OBA_0002313	GCST90041839	Genome-wide genotyping array
2021-12-01	34737426	Jiang L	2021-11-04	Nat Genet	www.ncbi.nlm.nih.gov/pubmed/34737426	A generalized linear mixed model association tool for biobank-scale data.	Hair colour (natural, before greying): Dark brown (UKB data field 1747_4)	171,614 European ancestry cases, 283,550 European ancestry controls	NA	14q32.12	14	92277239		RNU6-366P - SLC24A4	ENSG00000201097	ENSG00000140090		11432	45342	rs146132542-A	rs146132542	0	146132542	intergenic_variant	1	0.007414	1E-24	24.0		0.28	[0.23-0.33] unit decrease	NR [11842647] (imputed)	N	strand of hair color	http://purl.obolibrary.org/obo/OBA_0002313	GCST90041839	Genome-wide genotyping array
2021-12-01	34737426	Jiang L	2021-11-04	Nat Genet	www.ncbi.nlm.nih.gov/pubmed/34737426	A generalized linear mixed model association tool for biobank-scale data.	Hair colour (natural, before greying): Dark brown (UKB data field 1747_4)	171,614 European ancestry cases, 283,550 European ancestry controls	NA	14q32.12	14	92317665		RNU6-366P - SLC24A4	ENSG00000201097	ENSG00000140090		51858	4916	rs113945026-C	rs113945026	0	113945026	regulatory_region_variant	1	0.004295	4E-12	11.397940008672037		0.25	[0.18-0.32] unit decrease	NR [11842647] (imputed)	N	strand of hair color	http://purl.obolibrary.org/obo/OBA_0002313	GCST90041839	Genome-wide genotyping array
2021-12-01	34737426	Jiang L	2021-11-04	Nat Genet	www.ncbi.nlm.nih.gov/pubmed/34737426	A generalized linear mixed model association tool for biobank-scale data.	Hair colour (natural, before greying): Dark brown (UKB data field 1747_4)	171,614 European ancestry cases, 283,550 European ancestry controls	NA	14q32.12	14	92318062		RNU6-366P - SLC24A4	ENSG00000201097	ENSG00000140090		52255	4519	rs75030936-T	rs75030936	0	75030936	intergenic_variant	1	0.002564	4E-13	12.397940008672037		0.34	[0.25-0.43] unit decrease	NR [11842647] (imputed)	N	strand of hair color	http://purl.obolibrary.org/obo/OBA_0002313	GCST90041839	Genome-wide genotyping array
2021-12-01	34737426	Jiang L	2021-11-04	Nat Genet	www.ncbi.nlm.nih.gov/pubmed/34737426	A generalized linear mixed model association tool for biobank-scale data.	Hair colour (natural, before greying): Dark brown (UKB data field 1747_4)	171,614 European ancestry cases, 283,550 European ancestry controls	NA	15q12	15	27643888		GABRG3 - OCA2	ENSG00000182256	ENSG00000104044		101904	110986	rs186861309-G	rs186861309	0	186861309	intergenic_variant	1	0.001429	2E-12	11.698970004336019		0.44	[0.32-0.56] unit decrease	NR [11842647] (imputed)	N	strand of hair color	http://purl.obolibrary.org/obo/OBA_0002313	GCST90041839	Genome-wide genotyping array
2021-12-01	34737426	Jiang L	2021-11-04	Nat Genet	www.ncbi.nlm.nih.gov/pubmed/34737426	A generalized linear mixed model association tool for biobank-scale data.	Hair colour (natural, before greying): Dark brown (UKB data field 1747_4)	171,614 European ancestry cases, 283,550 European ancestry controls	NA	15q12	15	27677805		GABRG3 - OCA2	ENSG00000182256	ENSG00000104044		135821	77069	rs184469430-T	rs184469430	0	184469430	intergenic_variant	1	0.003937	8E-10	9.096910013008056		0.23	[0.16-0.3] unit decrease	NR [11842647] (imputed)	N	strand of hair color	http://purl.obolibrary.org/obo/OBA_0002313	GCST90041839	Genome-wide genotyping array
2021-12-01	34737426	Jiang L	2021-11-04	Nat Genet	www.ncbi.nlm.nih.gov/pubmed/34737426	A generalized linear mixed model association tool for biobank-scale data.	Hair colour (natural, before greying): Dark brown (UKB data field 1747_4)	171,614 European ancestry cases, 283,550 European ancestry controls	NA	15q12	15	27686878		GABRG3 - OCA2	ENSG00000182256	ENSG00000104044		144894	67996	rs138766348-G	rs138766348	0	138766348	intergenic_variant	1	0.005238	5E-11	10.301029995663981		0.19	[0.13-0.25] unit increase	NR [11842647] (imputed)	N	strand of hair color	http://purl.obolibrary.org/obo/OBA_0002313	GCST90041839	Genome-wide genotyping array
2021-12-01	34737426	Jiang L	2021-11-04	Nat Genet	www.ncbi.nlm.nih.gov/pubmed/34737426	A generalized linear mixed model association tool for biobank-scale data.	Hair colour (natural, before greying): Dark brown (UKB data field 1747_4)	171,614 European ancestry cases, 283,550 European ancestry controls	NA	15q12	15	27703131		GABRG3 - OCA2	ENSG00000182256	ENSG00000104044		161147	51743	rs7182551-A	rs7182551	0	7182551	intergenic_variant	1	0.005891	3E-20	19.522878745280337		0.25	[0.2-0.3] unit increase	NR [11842647] (imputed)	N	strand of hair color	http://purl.obolibrary.org/obo/OBA_0002313	GCST90041839	Genome-wide genotyping array
2021-12-01	34737426	Jiang L	2021-11-04	Nat Genet	www.ncbi.nlm.nih.gov/pubmed/34737426	A generalized linear mixed model association tool for biobank-scale data.	Hair colour (natural, before greying): Dark brown (UKB data field 1747_4)	171,614 European ancestry cases, 283,550 European ancestry controls	NA	15q12	15	27730763		GABRG3 - OCA2	ENSG00000182256	ENSG00000104044		188779	24111	rs534607605-T	rs534607605	0	534607605	intergenic_variant	1	0.002363	7E-13	12.154901959985743		0.35	[0.25-0.45] unit decrease	NR [11842647] (imputed)	N	strand of hair color	http://purl.obolibrary.org/obo/OBA_0002313	GCST90041839	Genome-wide genotyping array
2021-12-01	34737426	Jiang L	2021-11-04	Nat Genet	www.ncbi.nlm.nih.gov/pubmed/34737426	A generalized linear mixed model association tool for biobank-scale data.	Hair colour (natural, before greying): Dark brown (UKB data field 1747_4)	171,614 European ancestry cases, 283,550 European ancestry controls	NA	15q12	15	27740062		GABRG3 - OCA2	ENSG00000182256	ENSG00000104044		198078	14812	rs537407718-C	rs537407718	0	537407718	intergenic_variant	1	0.001779	5E-14	13.301029995663981		0.36	[0.27-0.45] unit increase	NR [11842647] (imputed)	N	strand of hair color	http://purl.obolibrary.org/obo/OBA_0002313	GCST90041839	Genome-wide genotyping array
2021-12-01	34737426	Jiang L	2021-11-04	Nat Genet	www.ncbi.nlm.nih.gov/pubmed/34737426	A generalized linear mixed model association tool for biobank-scale data.	Hair colour (natural, before greying): Dark brown (UKB data field 1747_4)	171,614 European ancestry cases, 283,550 European ancestry controls	NA	15q13.1	15	27802347		OCA2			ENSG00000104044			rs78050080-G	rs78050080	0	78050080	intron_variant	0	0.001893	4E-10	9.397940008672037		0.3	[0.21-0.39] unit increase	NR [11842647] (imputed)	N	strand of hair color	http://purl.obolibrary.org/obo/OBA_0002313	GCST90041839	Genome-wide genotyping array
2021-12-01	34737426	Jiang L	2021-11-04	Nat Genet	www.ncbi.nlm.nih.gov/pubmed/34737426	A generalized linear mixed model association tool for biobank-scale data.	Hair colour (natural, before greying): Dark brown (UKB data field 1747_4)	171,614 European ancestry cases, 283,550 European ancestry controls	NA	15q13.1	15	27855990		OCA2			ENSG00000104044			rs191549258-T	rs191549258	0	191549258	intron_variant	0	0.005526	5E-18	17.30102999566398		0.24	[0.19-0.29] unit increase	NR [11842647] (imputed)	N	strand of hair color	http://purl.obolibrary.org/obo/OBA_0002313	GCST90041839	Genome-wide genotyping array
2021-12-01	34737426	Jiang L	2021-11-04	Nat Genet	www.ncbi.nlm.nih.gov/pubmed/34737426	A generalized linear mixed model association tool for biobank-scale data.	Hair colour (natural, before greying): Dark brown (UKB data field 1747_4)	171,614 European ancestry cases, 283,550 European ancestry controls	NA	15q13.1	15	28048717		OCA2			ENSG00000104044			rs554128876-G	rs554128876	0	554128876	intron_variant	0	9.669E-4	2E-21	20.69897000433602		0.6	[0.48-0.72] unit increase	NR [11842647] (imputed)	N	strand of hair color	http://purl.obolibrary.org/obo/OBA_0002313	GCST90041839	Genome-wide genotyping array
2021-12-01	34737426	Jiang L	2021-11-04	Nat Genet	www.ncbi.nlm.nih.gov/pubmed/34737426	A generalized linear mixed model association tool for biobank-scale data.	Hair colour (natural, before greying): Dark brown (UKB data field 1747_4)	171,614 European ancestry cases, 283,550 European ancestry controls	NA	15q13.1	15	28060910		OCA2			ENSG00000104044			rs534277384-C	rs534277384	0	534277384	intron_variant	0	5.633E-4	4E-12	11.397940008672037		0.57	[0.41-0.73] unit increase	NR [11842647] (imputed)	N	strand of hair color	http://purl.obolibrary.org/obo/OBA_0002313	GCST90041839	Genome-wide genotyping array
2021-12-01	34737426	Jiang L	2021-11-04	Nat Genet	www.ncbi.nlm.nih.gov/pubmed/34737426	A generalized linear mixed model association tool for biobank-scale data.	Hair colour (natural, before greying): Dark brown (UKB data field 1747_4)	171,614 European ancestry cases, 283,550 European ancestry controls	NA	15q13.1	15	28073706		OCA2			ENSG00000104044			rs6497261-C	rs6497261	0	6497261	intron_variant	0	0.001705	1E-20	20.0		0.45	[0.35-0.55] unit increase	NR [11842647] (imputed)	N	strand of hair color	http://purl.obolibrary.org/obo/OBA_0002313	GCST90041839	Genome-wide genotyping array
2021-12-01	34737426	Jiang L	2021-11-04	Nat Genet	www.ncbi.nlm.nih.gov/pubmed/34737426	A generalized linear mixed model association tool for biobank-scale data.	Hair colour (natural, before greying): Dark brown (UKB data field 1747_4)	171,614 European ancestry cases, 283,550 European ancestry controls	NA	15q13.1	15	28089502		OCA2			ENSG00000104044			rs140500404-T	rs140500404	0	140500404	intron_variant	0	0.003982	7E-104	103.15490195998575		0.66	[0.6-0.72] unit increase	NR [11842647] (imputed)	N	strand of hair color	http://purl.obolibrary.org/obo/OBA_0002313	GCST90041839	Genome-wide genotyping array
2021-12-01	34737426	Jiang L	2021-11-04	Nat Genet	www.ncbi.nlm.nih.gov/pubmed/34737426	A generalized linear mixed model association tool for biobank-scale data.	Hair colour (natural, before greying): Dark brown (UKB data field 1747_4)	171,614 European ancestry cases, 283,550 European ancestry controls	NA	15q13.1	15	28101365		OCA2 - HERC2	ENSG00000104044	ENSG00000128731		1701	9675	rs4778139-C	rs4778139	0	4778139	intergenic_variant	1	0.005513	6E-201	200.22184874961636		0.76	[0.71-0.81] unit increase	NR [11842647] (imputed)	N	strand of hair color	http://purl.obolibrary.org/obo/OBA_0002313	GCST90041839	Genome-wide genotyping array
2021-12-01	34737426	Jiang L	2021-11-04	Nat Genet	www.ncbi.nlm.nih.gov/pubmed/34737426	A generalized linear mixed model association tool for biobank-scale data.	Hair colour (natural, before greying): Dark brown (UKB data field 1747_4)	171,614 European ancestry cases, 283,550 European ancestry controls	NA	15q13.1	15	28118342		HERC2			ENSG00000128731			rs116879078-T	rs116879078	0	116879078	intron_variant	0	0.005774	5E-251	250.30102999566398		0.83	[0.78-0.88] unit increase	NR [11842647] (imputed)	N	strand of hair color	http://purl.obolibrary.org/obo/OBA_0002313	GCST90041839	Genome-wide genotyping array
2021-12-01	34737426	Jiang L	2021-11-04	Nat Genet	www.ncbi.nlm.nih.gov/pubmed/34737426	A generalized linear mixed model association tool for biobank-scale data.	Hair colour (natural, before greying): Dark brown (UKB data field 1747_4)	171,614 European ancestry cases, 283,550 European ancestry controls	NA	15q13.1	15	28146276		HERC2			ENSG00000128731			rs139953376-T	rs139953376	0	139953376	missense_variant	0	0.004401	1E-24	24.0		0.37	[0.3-0.44] unit decrease	NR [11842647] (imputed)	N	strand of hair color	http://purl.obolibrary.org/obo/OBA_0002313	GCST90041839	Genome-wide genotyping array
2021-12-01	34737426	Jiang L	2021-11-04	Nat Genet	www.ncbi.nlm.nih.gov/pubmed/34737426	A generalized linear mixed model association tool for biobank-scale data.	Hair colour (natural, before greying): Dark brown (UKB data field 1747_4)	171,614 European ancestry cases, 283,550 European ancestry controls	NA	15q13.1	15	28160698		HERC2			ENSG00000128731			rs192615001-T	rs192615001	0	192615001	intron_variant	0	0.001839	1E-33	33.0		0.56	[0.47-0.65] unit increase	NR [11842647] (imputed)	N	strand of hair color	http://purl.obolibrary.org/obo/OBA_0002313	GCST90041839	Genome-wide genotyping array
2021-12-01	34737426	Jiang L	2021-11-04	Nat Genet	www.ncbi.nlm.nih.gov/pubmed/34737426	A generalized linear mixed model association tool for biobank-scale data.	Hair colour (natural, before greying): Dark brown (UKB data field 1747_4)	171,614 European ancestry cases, 283,550 European ancestry controls	NA	15q13.1	15	28224015		HERC2			ENSG00000128731			rs71397290-A	rs71397290	0	71397290	intron_variant	0	0.008978	2E-19	18.69897000433602		0.22	[0.17-0.27] unit decrease	NR [11842647] (imputed)	N	strand of hair color	http://purl.obolibrary.org/obo/OBA_0002313	GCST90041839	Genome-wide genotyping array
2021-12-01	34737426	Jiang L	2021-11-04	Nat Genet	www.ncbi.nlm.nih.gov/pubmed/34737426	A generalized linear mixed model association tool for biobank-scale data.	Hair colour (natural, before greying): Dark brown (UKB data field 1747_4)	171,614 European ancestry cases, 283,550 European ancestry controls	NA	15q13.1	15	28238040		HERC2			ENSG00000128731			rs529312329-T	rs529312329	0	529312329	intron_variant	0	0.004958	1E-190	190.0		0.78	[0.73-0.83] unit increase	NR [11842647] (imputed)	N	strand of hair color	http://purl.obolibrary.org/obo/OBA_0002313	GCST90041839	Genome-wide genotyping array
2021-12-01	34737426	Jiang L	2021-11-04	Nat Genet	www.ncbi.nlm.nih.gov/pubmed/34737426	A generalized linear mixed model association tool for biobank-scale data.	Hair colour (natural, before greying): Dark brown (UKB data field 1747_4)	171,614 European ancestry cases, 283,550 European ancestry controls	NA	15q13.1	15	28284571		HERC2			ENSG00000128731			rs147859430-T	rs147859430	0	147859430	intron_variant	0	0.001363	2E-84	83.69897000433602		0.93	[0.84-1.02] unit increase	NR [11842647] (imputed)	N	strand of hair color	http://purl.obolibrary.org/obo/OBA_0002313	GCST90041839	Genome-wide genotyping array
2021-12-01	34737426	Jiang L	2021-11-04	Nat Genet	www.ncbi.nlm.nih.gov/pubmed/34737426	A generalized linear mixed model association tool for biobank-scale data.	Hair colour (natural, before greying): Dark brown (UKB data field 1747_4)	171,614 European ancestry cases, 283,550 European ancestry controls	NA	15q13.1	15	28957402		APBA2			ENSG00000034053			rs28398028-T	rs28398028	0	28398028	intron_variant	0	6.088E-4	1E-12	12.0		0.55	[0.4-0.7] unit increase	NR [11842647] (imputed)	N	strand of hair color	http://purl.obolibrary.org/obo/OBA_0002313	GCST90041839	Genome-wide genotyping array
2021-12-01	34737426	Jiang L	2021-11-04	Nat Genet	www.ncbi.nlm.nih.gov/pubmed/34737426	A generalized linear mixed model association tool for biobank-scale data.	Hair colour (natural, before greying): Dark brown (UKB data field 1747_4)	171,614 European ancestry cases, 283,550 European ancestry controls	NA	15q21.1	15	48134287		SLC24A5			ENSG00000188467			rs1426654-G	rs1426654	0	1426654	missense_variant	0	0.001086	3E-9	8.522878745280337		0.36	[0.24-0.48] unit increase	NR [11842647] (imputed)	N	strand of hair color	http://purl.obolibrary.org/obo/OBA_0002313	GCST90041839	Genome-wide genotyping array
2021-12-01	34737426	Jiang L	2021-11-04	Nat Genet	www.ncbi.nlm.nih.gov/pubmed/34737426	A generalized linear mixed model association tool for biobank-scale data.	Hair colour (natural, before greying): Dark brown (UKB data field 1747_4)	171,614 European ancestry cases, 283,550 European ancestry controls	NA	16q24.2	16	88161621		LINC02182			ENSG00000260420			rs184750324-G	rs184750324	0	184750324	intron_variant	0	0.002009	3E-9	8.522878745280337		0.31	[0.21-0.41] unit decrease	NR [11842647] (imputed)	N	strand of hair color	http://purl.obolibrary.org/obo/OBA_0002313	GCST90041839	Genome-wide genotyping array
2021-12-01	34737426	Jiang L	2021-11-04	Nat Genet	www.ncbi.nlm.nih.gov/pubmed/34737426	A generalized linear mixed model association tool for biobank-scale data.	Hair colour (natural, before greying): Dark brown (UKB data field 1747_4)	171,614 European ancestry cases, 283,550 European ancestry controls	NA	16q24.2	16	88681790		SNAI3, SNAI3-AS1			ENSG00000185669, ENSG00000260630			rs181794846-A	rs181794846	0	181794846	intron_variant	0	0.003749	8E-10	9.096910013008056		0.23	[0.16-0.3] unit decrease	NR [11842647] (imputed)	N	strand of hair color	http://purl.obolibrary.org/obo/OBA_0002313	GCST90041839	Genome-wide genotyping array
2021-12-01	34737426	Jiang L	2021-11-04	Nat Genet	www.ncbi.nlm.nih.gov/pubmed/34737426	A generalized linear mixed model association tool for biobank-scale data.	Hair colour (natural, before greying): Dark brown (UKB data field 1747_4)	171,614 European ancestry cases, 283,550 European ancestry controls	NA	16q24.3	16	88892887		CBFA2T3			ENSG00000129993			rs546848555-G	rs546848555	0	546848555	intron_variant	0	0.001093	4E-10	9.397940008672037		0.45	[0.31-0.59] unit decrease	NR [11842647] (imputed)	N	strand of hair color	http://purl.obolibrary.org/obo/OBA_0002313	GCST90041839	Genome-wide genotyping array
2023-03-10	36672889	Farre X	2023-01-05	Genes (Basel)	www.ncbi.nlm.nih.gov/pubmed/36672889	Skin Phototype and Disease: A Comprehensive Genetic Approach to Pigmentary Traits Pleiotropy Using PRS in the GCAT Cohort.	Red vs non-red hair color	34 Iberian ancestry cases, 4,945 Iberian ancestry controls	NA	1p31.1	1	78100942		GIPC2			ENSG00000137960			rs757505521-TAC	rs757505521	1	71590709	intron_variant	0	0.0682271	2E-8	7.698970004336019		1.66756	[1.08-2.25] unit increase	Illumina [10216971] (imputed)	N	hair color	http://www.ebi.ac.uk/efo/EFO_0003924	GCST90255681	Genome-wide genotyping array
2023-03-10	36672889	Farre X	2023-01-05	Genes (Basel)	www.ncbi.nlm.nih.gov/pubmed/36672889	Skin Phototype and Disease: A Comprehensive Genetic Approach to Pigmentary Traits Pleiotropy Using PRS in the GCAT Cohort.	Red vs non-red hair color	34 Iberian ancestry cases, 4,945 Iberian ancestry controls	NA	16q24.3	16	89628253		DPEP1			ENSG00000015413			rs776390794-CTT	rs776390794	1	60909664	intron_variant	0	0.0674949	4E-17	16.397940008672037		2.29156	[1.76-2.83] unit increase	Illumina [10216971] (imputed)	N	hair color	http://www.ebi.ac.uk/efo/EFO_0003924	GCST90255681	Genome-wide genotyping array
2023-03-10	36672889	Farre X	2023-01-05	Genes (Basel)	www.ncbi.nlm.nih.gov/pubmed/36672889	Skin Phototype and Disease: A Comprehensive Genetic Approach to Pigmentary Traits Pleiotropy Using PRS in the GCAT Cohort.	Red vs non-red hair color	34 Iberian ancestry cases, 4,945 Iberian ancestry controls	NA	17q22	17	52969120		LINC02089			ENSG00000226364			rs78115302-C	rs78115302	0	78115302	intron_variant	0	0.0117288	4E-9	8.397940008672037		2.26779	[1.52-3.02] unit increase	Illumina [10216971] (imputed)	N	hair color	http://www.ebi.ac.uk/efo/EFO_0003924	GCST90255681	Genome-wide genotyping array
2023-03-10	36672889	Farre X	2023-01-05	Genes (Basel)	www.ncbi.nlm.nih.gov/pubmed/36672889	Skin Phototype and Disease: A Comprehensive Genetic Approach to Pigmentary Traits Pleiotropy Using PRS in the GCAT Cohort.	Red vs non-red hair color	34 Iberian ancestry cases, 4,945 Iberian ancestry controls	NA	5p13.3	5	33099206		LINC02120 - LINC02160	ENSG00000248279	ENSG00000251443		136739	129769	rs78773669-A	rs78773669	0	78773669	intron_variant	1	0.0106644	2E-9	8.698970004336019		2.85004	[1.92-3.78] unit increase	Illumina [10216971] (imputed)	N	hair color	http://www.ebi.ac.uk/efo/EFO_0003924	GCST90255681	Genome-wide genotyping array
2023-03-10	36672889	Farre X	2023-01-05	Genes (Basel)	www.ncbi.nlm.nih.gov/pubmed/36672889	Skin Phototype and Disease: A Comprehensive Genetic Approach to Pigmentary Traits Pleiotropy Using PRS in the GCAT Cohort.	Blond vs. brown/black hair color	243 Iberian ancestry cases, 4,702 Iberian ancestry controls	NA	15q13.1	15	28174015		HERC2			ENSG00000128731			rs111433258-G	rs111433258	0	111433258	intron_variant	0	0.272324	1E-10	10.0		0.963262	[0.67-1.26] unit decrease	Illumina [10216971] (imputed)	N	hair color	http://www.ebi.ac.uk/efo/EFO_0003924	GCST90255682	Genome-wide genotyping array
2023-03-10	36672889	Farre X	2023-01-05	Genes (Basel)	www.ncbi.nlm.nih.gov/pubmed/36672889	Skin Phototype and Disease: A Comprehensive Genetic Approach to Pigmentary Traits Pleiotropy Using PRS in the GCAT Cohort.	Blond vs. brown/black hair color	243 Iberian ancestry cases, 4,702 Iberian ancestry controls	NA	5p13.2	5	33951588		SLC45A2			ENSG00000164175			rs16891982-C	rs16891982	0	16891982	missense_variant	0	0.150089	2E-10	9.698970004336019		1.52622	[1.06-1.99] unit decrease	Illumina [10216971] (imputed)	N	hair color	http://www.ebi.ac.uk/efo/EFO_0003924	GCST90255682	Genome-wide genotyping array
2023-03-10	36672889	Farre X	2023-01-05	Genes (Basel)	www.ncbi.nlm.nih.gov/pubmed/36672889	Skin Phototype and Disease: A Comprehensive Genetic Approach to Pigmentary Traits Pleiotropy Using PRS in the GCAT Cohort.	Blond vs. brown/black hair color	243 Iberian ancestry cases, 4,702 Iberian ancestry controls	NA	15q13.1	15	28090674		OCA2			ENSG00000104044			rs4778138-G	rs4778138	0	4778138	intron_variant	0	0.292417	1E-15	15.0		1.12776	[0.85-1.4] unit decrease	Illumina [10216971] (imputed)	N	hair color	http://www.ebi.ac.uk/efo/EFO_0003924	GCST90255682	Genome-wide genotyping array
2023-03-10	36672889	Farre X	2023-01-05	Genes (Basel)	www.ncbi.nlm.nih.gov/pubmed/36672889	Skin Phototype and Disease: A Comprehensive Genetic Approach to Pigmentary Traits Pleiotropy Using PRS in the GCAT Cohort.	Blond vs. brown/black hair color	243 Iberian ancestry cases, 4,702 Iberian ancestry controls	NA	15q13.1	15	28083619		OCA2			ENSG00000104044			rs7174027-A	rs7174027	0	7174027	intron_variant	0	0.212942	3E-11	10.522878745280337		1.10488	[0.78-1.43] unit decrease	Illumina [10216971] (imputed)	N	hair color	http://www.ebi.ac.uk/efo/EFO_0003924	GCST90255682	Genome-wide genotyping array
2023-03-10	36672889	Farre X	2023-01-05	Genes (Basel)	www.ncbi.nlm.nih.gov/pubmed/36672889	Skin Phototype and Disease: A Comprehensive Genetic Approach to Pigmentary Traits Pleiotropy Using PRS in the GCAT Cohort.	Blond vs. brown/black hair color	243 Iberian ancestry cases, 4,702 Iberian ancestry controls	NA	15q13.1	15	28071189		OCA2			ENSG00000104044			rs138862869-AAATG	rs138862869	1	35813688	intron_variant	0	0.347497	4E-11	10.397940008672037		0.766308	[0.54-0.99] unit decrease	Illumina [10216971] (imputed)	N	hair color	http://www.ebi.ac.uk/efo/EFO_0003924	GCST90255682	Genome-wide genotyping array
2023-03-10	36672889	Farre X	2023-01-05	Genes (Basel)	www.ncbi.nlm.nih.gov/pubmed/36672889	Skin Phototype and Disease: A Comprehensive Genetic Approach to Pigmentary Traits Pleiotropy Using PRS in the GCAT Cohort.	Blond vs. brown/black hair color	243 Iberian ancestry cases, 4,702 Iberian ancestry controls	NA	15q13.1	15	28289408		HERC2			ENSG00000128731			rs111458470-A	rs111458470	0	111458470	intron_variant	0	0.419144	4E-16	15.397940008672037		0.959474	[0.73-1.19] unit decrease	Illumina [10216971] (imputed)	N	hair color	http://www.ebi.ac.uk/efo/EFO_0003924	GCST90255682	Genome-wide genotyping array
2023-03-10	36672889	Farre X	2023-01-05	Genes (Basel)	www.ncbi.nlm.nih.gov/pubmed/36672889	Skin Phototype and Disease: A Comprehensive Genetic Approach to Pigmentary Traits Pleiotropy Using PRS in the GCAT Cohort.	Blond vs. brown/black hair color	243 Iberian ancestry cases, 4,702 Iberian ancestry controls	NA	15q13.1	15	28141480		HERC2			ENSG00000128731			rs11636232-T	rs11636232	0	11636232	synonymous_variant	0	0.168963	4E-21	20.397940008672037		0.990663	[0.78-1.2] unit increase	Illumina [10216971] (imputed)	N	hair color	http://www.ebi.ac.uk/efo/EFO_0003924	GCST90255682	Genome-wide genotyping array
2023-03-10	36672889	Farre X	2023-01-05	Genes (Basel)	www.ncbi.nlm.nih.gov/pubmed/36672889	Skin Phototype and Disease: A Comprehensive Genetic Approach to Pigmentary Traits Pleiotropy Using PRS in the GCAT Cohort.	Blond vs. brown/black hair color	243 Iberian ancestry cases, 4,702 Iberian ancestry controls	NA	15q13.1	15	28120472		HERC2			ENSG00000128731			rs12913832-G	rs12913832	0	12913832	intron_variant	0	0.357937	3E-51	50.52287874528034		1.61172	[1.4-1.82] unit increase	Illumina [10216971] (imputed)	N	hair color	http://www.ebi.ac.uk/efo/EFO_0003924	GCST90255682	Genome-wide genotyping array
2023-03-10	36672889	Farre X	2023-01-05	Genes (Basel)	www.ncbi.nlm.nih.gov/pubmed/36672889	Skin Phototype and Disease: A Comprehensive Genetic Approach to Pigmentary Traits Pleiotropy Using PRS in the GCAT Cohort.	Blond vs. brown/black hair color	243 Iberian ancestry cases, 4,702 Iberian ancestry controls	NA	15q13.1	15	28039162		OCA2			ENSG00000104044			rs139814685-GCAAACA	rs139814685	1	10526381	intron_variant	0	0.224608	3E-8	7.522878745280337		0.792322	[0.51-1.07] unit decrease	Illumina [10216971] (imputed)	N	hair color	http://www.ebi.ac.uk/efo/EFO_0003924	GCST90255682	Genome-wide genotyping array
2023-03-10	36672889	Farre X	2023-01-05	Genes (Basel)	www.ncbi.nlm.nih.gov/pubmed/36672889	Skin Phototype and Disease: A Comprehensive Genetic Approach to Pigmentary Traits Pleiotropy Using PRS in the GCAT Cohort.	Blond vs. brown/black hair color	243 Iberian ancestry cases, 4,702 Iberian ancestry controls	NA	20p11.23	20	20853569		RN7SL607P - MRPS11P1	ENSG00000278525	ENSG00000225803		114838	552	rs140340602-T	rs140340602	0	140340602	intergenic_variant	1	0.0106715	4E-8	7.3979400086720375		1.66616	[1.07-2.26] unit increase	Illumina [10216971] (imputed)	N	hair color	http://www.ebi.ac.uk/efo/EFO_0003924	GCST90255682	Genome-wide genotyping array
2023-03-10	36672889	Farre X	2023-01-05	Genes (Basel)	www.ncbi.nlm.nih.gov/pubmed/36672889	Skin Phototype and Disease: A Comprehensive Genetic Approach to Pigmentary Traits Pleiotropy Using PRS in the GCAT Cohort.	Blond vs. brown/black hair color	243 Iberian ancestry cases, 4,702 Iberian ancestry controls	NA	15q13.1	15	28156194		HERC2			ENSG00000128731			rs28784029-T	rs28784029	0	28784029	intron_variant	0	0.152593	6E-20	19.221848749616356		1.06068	[0.83-1.29] unit increase	Illumina [10216971] (imputed)	N	hair color	http://www.ebi.ac.uk/efo/EFO_0003924	GCST90255682	Genome-wide genotyping array
2023-03-10	36672889	Farre X	2023-01-05	Genes (Basel)	www.ncbi.nlm.nih.gov/pubmed/36672889	Skin Phototype and Disease: A Comprehensive Genetic Approach to Pigmentary Traits Pleiotropy Using PRS in the GCAT Cohort.	Blond vs. brown/black hair color	243 Iberian ancestry cases, 4,702 Iberian ancestry controls	NA	15q13.1	15	28210653		HERC2			ENSG00000128731			rs373561014-A	rs373561014	0	373561014	intron_variant	0	0.226235	3E-14	13.522878745280337		1.44935	[1.08-1.82] unit decrease	Illumina [10216971] (imputed)	N	hair color	http://www.ebi.ac.uk/efo/EFO_0003924	GCST90255682	Genome-wide genotyping array
2023-03-10	36672889	Farre X	2023-01-05	Genes (Basel)	www.ncbi.nlm.nih.gov/pubmed/36672889	Skin Phototype and Disease: A Comprehensive Genetic Approach to Pigmentary Traits Pleiotropy Using PRS in the GCAT Cohort.	Blond vs. brown/black hair color	243 Iberian ancestry cases, 4,702 Iberian ancestry controls	NA	15q13.1	15	28082689		OCA2			ENSG00000104044			rs4778137-G	rs4778137	0	4778137	intron_variant	0	0.411223	1E-10	10.0		0.68088	[0.47-0.89] unit decrease	Illumina [10216971] (imputed)	N	hair color	http://www.ebi.ac.uk/efo/EFO_0003924	GCST90255682	Genome-wide genotyping array
2023-03-10	36672889	Farre X	2023-01-05	Genes (Basel)	www.ncbi.nlm.nih.gov/pubmed/36672889	Skin Phototype and Disease: A Comprehensive Genetic Approach to Pigmentary Traits Pleiotropy Using PRS in the GCAT Cohort.	Blond vs. brown/black hair color	243 Iberian ancestry cases, 4,702 Iberian ancestry controls	NA	15q13.1	15	28093567		OCA2			ENSG00000104044			rs4778241-A	rs4778241	0	4778241	intron_variant	0	0.353318	3E-13	12.522878745280337		0.881468	[0.64-1.12] unit decrease	Illumina [10216971] (imputed)	N	hair color	http://www.ebi.ac.uk/efo/EFO_0003924	GCST90255682	Genome-wide genotyping array
2023-03-10	36672889	Farre X	2023-01-05	Genes (Basel)	www.ncbi.nlm.nih.gov/pubmed/36672889	Skin Phototype and Disease: A Comprehensive Genetic Approach to Pigmentary Traits Pleiotropy Using PRS in the GCAT Cohort.	Blond vs. brown/black hair color	243 Iberian ancestry cases, 4,702 Iberian ancestry controls	NA	15q13.1	15	28075818		OCA2			ENSG00000104044			rs62007489-T	rs62007489	0	62007489	intron_variant	0	0.154803	5E-10	9.301029995663981		0.679388	[0.47-0.89] unit increase	Illumina [10216971] (imputed)	N	hair color	http://www.ebi.ac.uk/efo/EFO_0003924	GCST90255682	Genome-wide genotyping array
2023-03-10	36672889	Farre X	2023-01-05	Genes (Basel)	www.ncbi.nlm.nih.gov/pubmed/36672889	Skin Phototype and Disease: A Comprehensive Genetic Approach to Pigmentary Traits Pleiotropy Using PRS in the GCAT Cohort.	Blond vs. brown/black hair color	243 Iberian ancestry cases, 4,702 Iberian ancestry controls	NA	15q13.1	15	28106271		OCA2 - HERC2	ENSG00000104044	ENSG00000128731		6607	4769	rs62007494-T	rs62007494	0	62007494	intergenic_variant	1	0.156859	3E-9	8.522878745280337		1.23093	[0.82-1.64] unit decrease	Illumina [10216971] (imputed)	N	hair color	http://www.ebi.ac.uk/efo/EFO_0003924	GCST90255682	Genome-wide genotyping array
2023-03-10	36672889	Farre X	2023-01-05	Genes (Basel)	www.ncbi.nlm.nih.gov/pubmed/36672889	Skin Phototype and Disease: A Comprehensive Genetic Approach to Pigmentary Traits Pleiotropy Using PRS in the GCAT Cohort.	Blond vs. brown/black hair color	243 Iberian ancestry cases, 4,702 Iberian ancestry controls	NA	15q13.1	15	28118913		HERC2			ENSG00000128731			rs7494942-A	rs7494942	0	7494942	intron_variant	0	0.40105	2E-20	19.69897000433602		1.10526	[0.87-1.34] unit decrease	Illumina [10216971] (imputed)	N	hair color	http://www.ebi.ac.uk/efo/EFO_0003924	GCST90255682	Genome-wide genotyping array
2023-03-10	36672889	Farre X	2023-01-05	Genes (Basel)	www.ncbi.nlm.nih.gov/pubmed/36672889	Skin Phototype and Disease: A Comprehensive Genetic Approach to Pigmentary Traits Pleiotropy Using PRS in the GCAT Cohort.	Brown vs. black hair color	3,750 Iberian ancestry cases, 952 Iberian ancestry controls	NA	15q13.1	15	28141480		HERC2			ENSG00000128731			rs11636232-T	rs11636232	0	11636232	synonymous_variant	0	0.160618	2E-12	11.698970004336019		0.595169	[0.43-0.76] unit increase	Illumina [10216971] (imputed)	N	hair color	http://www.ebi.ac.uk/efo/EFO_0003924	GCST90255683	Genome-wide genotyping array
2023-03-10	36672889	Farre X	2023-01-05	Genes (Basel)	www.ncbi.nlm.nih.gov/pubmed/36672889	Skin Phototype and Disease: A Comprehensive Genetic Approach to Pigmentary Traits Pleiotropy Using PRS in the GCAT Cohort.	Brown vs. black hair color	3,750 Iberian ancestry cases, 952 Iberian ancestry controls	NA	5p13.2	5	33926949		ADAMTS12 - RXFP3	ENSG00000151388	ENSG00000182631		34930	9437	rs13177787-T	rs13177787	0	13177787	intergenic_variant	1	0.130422	5E-17	16.30102999566398		0.612775	[0.47-0.76] unit decrease	Illumina [10216971] (imputed)	N	hair color	http://www.ebi.ac.uk/efo/EFO_0003924	GCST90255683	Genome-wide genotyping array
2023-03-10	36672889	Farre X	2023-01-05	Genes (Basel)	www.ncbi.nlm.nih.gov/pubmed/36672889	Skin Phototype and Disease: A Comprehensive Genetic Approach to Pigmentary Traits Pleiotropy Using PRS in the GCAT Cohort.	Brown vs. black hair color	3,750 Iberian ancestry cases, 952 Iberian ancestry controls	NA	5p13.2	5	33960110		SLC45A2			ENSG00000164175			rs6414861-A	rs6414861	0	6414861	intron_variant	0	0.0352405	2E-13	12.698970004336019		0.909171	[0.67-1.15] unit decrease	Illumina [10216971] (imputed)	N	hair color	http://www.ebi.ac.uk/efo/EFO_0003924	GCST90255683	Genome-wide genotyping array
2023-03-10	36672889	Farre X	2023-01-05	Genes (Basel)	www.ncbi.nlm.nih.gov/pubmed/36672889	Skin Phototype and Disease: A Comprehensive Genetic Approach to Pigmentary Traits Pleiotropy Using PRS in the GCAT Cohort.	Brown vs. black hair color	3,750 Iberian ancestry cases, 952 Iberian ancestry controls	NA	15q13.1	15	28052911		OCA2			ENSG00000104044			rs895829-C	rs895829	0	895829	intron_variant	0	0.354287	3E-8	7.522878745280337		0.303052	[0.2-0.41] unit decrease	Illumina [10216971] (imputed)	N	hair color	http://www.ebi.ac.uk/efo/EFO_0003924	GCST90255683	Genome-wide genotyping array
