DATE ADDED TO CATALOG	PUBMEDID	FIRST AUTHOR	DATE	JOURNAL	LINK	STUDY	DISEASE/TRAIT	INITIAL SAMPLE SIZE	REPLICATION SAMPLE SIZE	REGION	CHR_ID	CHR_POS	REPORTED GENE(S)	MAPPED_GENE	UPSTREAM_GENE_ID	DOWNSTREAM_GENE_ID	SNP_GENE_IDS	UPSTREAM_GENE_DISTANCE	DOWNSTREAM_GENE_DISTANCE	STRONGEST SNP-RISK ALLELE	SNPS	MERGED	SNP_ID_CURRENT	CONTEXT	INTERGENIC	RISK ALLELE FREQUENCY	P-VALUE	PVALUE_MLOG	P-VALUE (TEXT)	OR or BETA	95% CI (TEXT)	PLATFORM [SNPS PASSING QC]	CNV	MAPPED_TRAIT	MAPPED_TRAIT_URI	STUDY ACCESSION	GENOTYPING TECHNOLOGY
2016-06-02	26237428	Law MH	2015-08-03	Nat Genet	www.ncbi.nlm.nih.gov/pubmed/26237428	Genome-wide meta-analysis identifies five new susceptibility loci for cutaneous malignant melanoma.	Cutaneous malignant melanoma	12,874 European ancestry cases, 23,203 European ancestry controls	785 European ancestry cases, 791 European ancestry controls, 2,331 cases, 2,415 controls	2p22.2	2	38049406	CYP1B1, RMDN2	RMDN2, RMDN2-AS1			ENSG00000115841, ENSG00000235848			rs6750047-A	rs6750047	0	6750047	intron_variant	0	0.43	7E-9	8.154901959985743		0.092	[NR] unit increase	Affymetrix, Illumina [at least 1569314] (imputed)	N	cutaneous melanoma	http://purl.obolibrary.org/obo/MONDO_0005012	GCST003061	Genome-wide genotyping array
2016-06-02	26237428	Law MH	2015-08-03	Nat Genet	www.ncbi.nlm.nih.gov/pubmed/26237428	Genome-wide meta-analysis identifies five new susceptibility loci for cutaneous malignant melanoma.	Cutaneous malignant melanoma	12,874 European ancestry cases, 23,203 European ancestry controls	785 European ancestry cases, 791 European ancestry controls, 2,331 cases, 2,415 controls	6p22.3	6	21163688	CDKAL1	CDKAL1			ENSG00000145996			rs6914598-C	rs6914598	0	6914598	intron_variant	0	0.32	4E-8	7.3979400086720375		0.1	[NR] unit increase	Affymetrix, Illumina [at least 1569314] (imputed)	N	cutaneous melanoma	http://purl.obolibrary.org/obo/MONDO_0005012	GCST003061	Genome-wide genotyping array
2016-06-02	26237428	Law MH	2015-08-03	Nat Genet	www.ncbi.nlm.nih.gov/pubmed/26237428	Genome-wide meta-analysis identifies five new susceptibility loci for cutaneous malignant melanoma.	Cutaneous malignant melanoma	12,874 European ancestry cases, 23,203 European ancestry controls	785 European ancestry cases, 791 European ancestry controls, 2,331 cases, 2,415 controls	7p21.1	7	16944656	AGR3	AHR			ENSG00000106546			rs1636744-T	rs1636744	0	1636744	intron_variant	0	0.40	7E-9	8.154901959985743		0.091	[NR] unit increase	Affymetrix, Illumina [at least 1569314] (imputed)	N	cutaneous melanoma	http://purl.obolibrary.org/obo/MONDO_0005012	GCST003061	Genome-wide genotyping array
2016-06-02	26237428	Law MH	2015-08-03	Nat Genet	www.ncbi.nlm.nih.gov/pubmed/26237428	Genome-wide meta-analysis identifies five new susceptibility loci for cutaneous malignant melanoma.	Cutaneous malignant melanoma	12,874 European ancestry cases, 23,203 European ancestry controls	785 European ancestry cases, 791 European ancestry controls, 2,331 cases, 2,415 controls	9q31.2	9	106298549	TMEM38B, RAD23B, TAL2, ZNF462, KLF4	LINC01505			ENSG00000234323			rs10739221-T	rs10739221	0	10739221	intron_variant	0	0.24	7E-11	10.154901959985743		0.12	[NR] unit increase	Affymetrix, Illumina [at least 1569314] (imputed)	N	cutaneous melanoma	http://purl.obolibrary.org/obo/MONDO_0005012	GCST003061	Genome-wide genotyping array
2016-06-02	26237428	Law MH	2015-08-03	Nat Genet	www.ncbi.nlm.nih.gov/pubmed/26237428	Genome-wide meta-analysis identifies five new susceptibility loci for cutaneous malignant melanoma.	Cutaneous malignant melanoma	12,874 European ancestry cases, 23,203 European ancestry controls	785 European ancestry cases, 791 European ancestry controls, 2,331 cases, 2,415 controls	10q24.33	10	103909085	OBFC1, SH3PXD2A	STN1			ENSG00000107960			rs2995264-G	rs2995264	0	2995264	intron_variant	0	0.088	2E-9	8.698970004336019		0.16	[NR] unit increase	Affymetrix, Illumina [at least 1569314] (imputed)	N	cutaneous melanoma	http://purl.obolibrary.org/obo/MONDO_0005012	GCST003061	Genome-wide genotyping array
2016-06-02	26237428	Law MH	2015-08-03	Nat Genet	www.ncbi.nlm.nih.gov/pubmed/26237428	Genome-wide meta-analysis identifies five new susceptibility loci for cutaneous malignant melanoma.	Cutaneous malignant melanoma	12,874 European ancestry cases, 23,203 European ancestry controls	785 European ancestry cases, 791 European ancestry controls, 2,331 cases, 2,415 controls	11q13.3	11	69552350	CCND1	LINC01488 - PNCRNA-D	ENSG00000285094	ENSG00000298300		57398	86784	rs498136-A	rs498136	0	498136	intergenic_variant	1	0.32	2E-12	11.698970004336019		0.12	[NR] unit increase	Affymetrix, Illumina [at least 1569314] (imputed)	N	cutaneous melanoma	http://purl.obolibrary.org/obo/MONDO_0005012	GCST003061	Genome-wide genotyping array
2016-06-02	26237428	Law MH	2015-08-03	Nat Genet	www.ncbi.nlm.nih.gov/pubmed/26237428	Genome-wide meta-analysis identifies five new susceptibility loci for cutaneous malignant melanoma.	Cutaneous malignant melanoma	12,874 European ancestry cases, 23,203 European ancestry controls	785 European ancestry cases, 791 European ancestry controls, 2,331 cases, 2,415 controls	15q13.1	15	28090674	OCA2	OCA2			ENSG00000104044			rs4778138-G	rs4778138	0	4778138	intron_variant	0	0.16	2E-11	10.698970004336019		0.17	[NR] unit decrease	Affymetrix, Illumina [at least 1569314] (imputed)	N	cutaneous melanoma	http://purl.obolibrary.org/obo/MONDO_0005012	GCST003061	Genome-wide genotyping array
2016-06-02	26237428	Law MH	2015-08-03	Nat Genet	www.ncbi.nlm.nih.gov/pubmed/26237428	Genome-wide meta-analysis identifies five new susceptibility loci for cutaneous malignant melanoma.	Cutaneous malignant melanoma	12,874 European ancestry cases, 23,203 European ancestry controls	785 European ancestry cases, 791 European ancestry controls, 2,331 cases, 2,415 controls	2p15	2	63550724	WDPCP	WDPCP			ENSG00000143951			rs186133190-C	rs186133190	0	186133190	intron_variant	0	0.015	1E-6	6.0		0.44	[NR] unit increase	Affymetrix, Illumina [at least 1569314] (imputed)	N	cutaneous melanoma	http://purl.obolibrary.org/obo/MONDO_0005012	GCST003061	Genome-wide genotyping array
2016-06-02	26237428	Law MH	2015-08-03	Nat Genet	www.ncbi.nlm.nih.gov/pubmed/26237428	Genome-wide meta-analysis identifies five new susceptibility loci for cutaneous malignant melanoma.	Cutaneous malignant melanoma	12,874 European ancestry cases, 23,203 European ancestry controls	785 European ancestry cases, 791 European ancestry controls, 2,331 cases, 2,415 controls	3q26.2	3	169763483	TERC	RNU6-637P - TERC	ENSG00000206777	ENSG00000270141		43190	1127	rs12696304-G	rs12696304	0	12696304	regulatory_region_variant	1	0.27	3E-7	6.522878745280337		0.092	[NR] unit decrease	Affymetrix, Illumina [at least 1569314] (imputed)	N	cutaneous melanoma	http://purl.obolibrary.org/obo/MONDO_0005012	GCST003061	Genome-wide genotyping array
2016-06-02	26237428	Law MH	2015-08-03	Nat Genet	www.ncbi.nlm.nih.gov/pubmed/26237428	Genome-wide meta-analysis identifies five new susceptibility loci for cutaneous malignant melanoma.	Cutaneous malignant melanoma	12,874 European ancestry cases, 23,203 European ancestry controls	785 European ancestry cases, 791 European ancestry controls, 2,331 cases, 2,415 controls	7q31.33	7	124756591	GPR37, POT1	GPR37			ENSG00000170775			rs4731207-A	rs4731207	0	4731207	intron_variant	0	0.5	5E-7	6.301029995663981		0.079	[NR] unit increase	Affymetrix, Illumina [at least 1569314] (imputed)	N	cutaneous melanoma	http://purl.obolibrary.org/obo/MONDO_0005012	GCST003061	Genome-wide genotyping array
2016-06-02	26237428	Law MH	2015-08-03	Nat Genet	www.ncbi.nlm.nih.gov/pubmed/26237428	Genome-wide meta-analysis identifies five new susceptibility loci for cutaneous malignant melanoma.	Cutaneous malignant melanoma	12,874 European ancestry cases, 23,203 European ancestry controls	785 European ancestry cases, 791 European ancestry controls, 2,331 cases, 2,415 controls	7q32.3	7	131070053	LINC-PINT	LINC-PINT			ENSG00000231721			rs4731742-G	rs4731742	0	4731742	intron_variant	0	0.3	4E-7	6.3979400086720375		0.12	[NR] unit decrease	Affymetrix, Illumina [at least 1569314] (imputed)	N	cutaneous melanoma	http://purl.obolibrary.org/obo/MONDO_0005012	GCST003061	Genome-wide genotyping array
2016-06-02	26237428	Law MH	2015-08-03	Nat Genet	www.ncbi.nlm.nih.gov/pubmed/26237428	Genome-wide meta-analysis identifies five new susceptibility loci for cutaneous malignant melanoma.	Cutaneous malignant melanoma	12,874 European ancestry cases, 23,203 European ancestry controls	785 European ancestry cases, 791 European ancestry controls, 2,331 cases, 2,415 controls	9q31.2	9	107936435	KLF4	RNA5SP293 - RPS15AP27	ENSG00000222459	ENSG00000236783		17457	27268	rs7041168-G	rs7041168	0	7041168	intergenic_variant	1	0.47	6E-7	6.221848749616356		0.081	[NR] unit increase	Affymetrix, Illumina [at least 1569314] (imputed)	N	cutaneous melanoma	http://purl.obolibrary.org/obo/MONDO_0005012	GCST003061	Genome-wide genotyping array
2016-06-02	26237428	Law MH	2015-08-03	Nat Genet	www.ncbi.nlm.nih.gov/pubmed/26237428	Genome-wide meta-analysis identifies five new susceptibility loci for cutaneous malignant melanoma.	Cutaneous malignant melanoma	12,874 European ancestry cases, 23,203 European ancestry controls	785 European ancestry cases, 791 European ancestry controls, 2,331 cases, 2,415 controls	11q13.3	11	69152181	TPCN2, CCND1	TPCN2 - SMIM38	ENSG00000162341	ENSG00000284713		15865	3297	rs2290419-G	rs2290419	0	2290419	intron_variant	1	0.044	3E-7	6.522878745280337		0.18	[NR] unit decrease	Affymetrix, Illumina [at least 1569314] (imputed)	N	cutaneous melanoma	http://purl.obolibrary.org/obo/MONDO_0005012	GCST003061	Genome-wide genotyping array
2016-06-02	26237428	Law MH	2015-08-03	Nat Genet	www.ncbi.nlm.nih.gov/pubmed/26237428	Genome-wide meta-analysis identifies five new susceptibility loci for cutaneous malignant melanoma.	Cutaneous malignant melanoma	12,874 European ancestry cases, 23,203 European ancestry controls	785 European ancestry cases, 791 European ancestry controls, 2,331 cases, 2,415 controls	12p13.1	12	12922268	GPRC5A	GPRC5A - GPRC5D-AS1	ENSG00000013588	ENSG00000247498		4331	5414	rs2111398-G	rs2111398	0	2111398	regulatory_region_variant	1	0.43	3E-7	6.522878745280337		0.087	[NR] unit increase	Affymetrix, Illumina [at least 1569314] (imputed)	N	cutaneous melanoma	http://purl.obolibrary.org/obo/MONDO_0005012	GCST003061	Genome-wide genotyping array
2016-06-02	26237428	Law MH	2015-08-03	Nat Genet	www.ncbi.nlm.nih.gov/pubmed/26237428	Genome-wide meta-analysis identifies five new susceptibility loci for cutaneous malignant melanoma.	Cutaneous malignant melanoma	12,874 European ancestry cases, 23,203 European ancestry controls	785 European ancestry cases, 791 European ancestry controls, 2,331 cases, 2,415 controls	16q22.1	16	68762843	CDH1	CDH1			ENSG00000039068			rs35158985-G	rs35158985	0	35158985	intron_variant	0	0.3	3E-7	6.522878745280337		0.095	[NR] unit increase	Affymetrix, Illumina [at least 1569314] (imputed)	N	cutaneous melanoma	http://purl.obolibrary.org/obo/MONDO_0005012	GCST003061	Genome-wide genotyping array
2016-06-02	26237428	Law MH	2015-08-03	Nat Genet	www.ncbi.nlm.nih.gov/pubmed/26237428	Genome-wide meta-analysis identifies five new susceptibility loci for cutaneous malignant melanoma.	Cutaneous malignant melanoma	12,874 European ancestry cases, 23,203 European ancestry controls	785 European ancestry cases, 791 European ancestry controls, 2,331 cases, 2,415 controls	20q13.33	20	63638397	RTEL1	MHENCR - STMN3	ENSG00000232442	ENSG00000197457		9572	1308	rs75691080-T	rs75691080	0	75691080	intergenic_variant	1	0.095	1E-6	6.0		0.16	[NR] unit decrease	Affymetrix, Illumina [at least 1569314] (imputed)	N	cutaneous melanoma	http://purl.obolibrary.org/obo/MONDO_0005012	GCST003061	Genome-wide genotyping array
2017-06-06	28212542	Ransohoff KJ	2017-02-09	Oncotarget	www.ncbi.nlm.nih.gov/pubmed/28212542	Two-stage genome-wide association study identifies a novel susceptibility locus associated with melanoma.	Melanoma	4,842 European ancestry cases, 286,565 European ancestry controls	1,804 European ancestry cases, 1,026 European ancestry controls	9q31.2	9	106298549	TMEM38B, RAD23B, TAL2	LINC01505			ENSG00000234323			rs10739221-T	rs10739221	0	10739221	intron_variant	0	0.24	7E-11	10.154901959985743		1.13	[NR]	Illumina [at least 560000] (imputed)	N	melanoma	http://purl.obolibrary.org/obo/MONDO_0005105	GCST004142	Genome-wide genotyping array
2017-06-06	28212542	Ransohoff KJ	2017-02-09	Oncotarget	www.ncbi.nlm.nih.gov/pubmed/28212542	Two-stage genome-wide association study identifies a novel susceptibility locus associated with melanoma.	Melanoma	4,842 European ancestry cases, 286,565 European ancestry controls	1,804 European ancestry cases, 1,026 European ancestry controls	2q33.1	2	201298088	CASP8	CASP8, FLACC1			ENSG00000064012, ENSG00000155749			rs13016963-A	rs13016963	0	13016963	intron_variant	0	0.38	9E-10	9.045757490560675		1.14	[NR]	Illumina [at least 560000] (imputed)	N	melanoma	http://purl.obolibrary.org/obo/MONDO_0005105	GCST004142	Genome-wide genotyping array
2017-06-06	28212542	Ransohoff KJ	2017-02-09	Oncotarget	www.ncbi.nlm.nih.gov/pubmed/28212542	Two-stage genome-wide association study identifies a novel susceptibility locus associated with melanoma.	Melanoma	4,842 European ancestry cases, 286,565 European ancestry controls	1,804 European ancestry cases, 1,026 European ancestry controls	11q14.3	11	89277878	TYR	TYR			ENSG00000077498			rs1393350-A	rs1393350	0	1393350	intron_variant	0	0.27	4E-13	12.397940008672037		1.17	[1.12-1.22]	Illumina [at least 560000] (imputed)	N	melanoma	http://purl.obolibrary.org/obo/MONDO_0005105	GCST004142	Genome-wide genotyping array
2017-06-06	28212542	Ransohoff KJ	2017-02-09	Oncotarget	www.ncbi.nlm.nih.gov/pubmed/28212542	Two-stage genome-wide association study identifies a novel susceptibility locus associated with melanoma.	Melanoma	4,842 European ancestry cases, 286,565 European ancestry controls	1,804 European ancestry cases, 1,026 European ancestry controls	5p15.33	5	1284538	TERT	TERT			ENSG00000164362			rs139996880-A	rs139996880	0	139996880	intron_variant	0	0.16	7E-12	11.154901959985743		1.26	[1.18-1.34]	Illumina [at least 560000] (imputed)	N	melanoma	http://purl.obolibrary.org/obo/MONDO_0005105	GCST004142	Genome-wide genotyping array
2017-06-06	28212542	Ransohoff KJ	2017-02-09	Oncotarget	www.ncbi.nlm.nih.gov/pubmed/28212542	Two-stage genome-wide association study identifies a novel susceptibility locus associated with melanoma.	Melanoma	4,842 European ancestry cases, 286,565 European ancestry controls	1,804 European ancestry cases, 1,026 European ancestry controls	7p21.1	7	16944656	AGR3	AHR			ENSG00000106546			rs1636744-T	rs1636744	0	1636744	intron_variant	0	0.41	7E-9	8.154901959985743		1.1	[NR]	Illumina [at least 560000] (imputed)	N	melanoma	http://purl.obolibrary.org/obo/MONDO_0005105	GCST004142	Genome-wide genotyping array
2017-06-06	28212542	Ransohoff KJ	2017-02-09	Oncotarget	www.ncbi.nlm.nih.gov/pubmed/28212542	Two-stage genome-wide association study identifies a novel susceptibility locus associated with melanoma.	Melanoma	4,842 European ancestry cases, 286,565 European ancestry controls	1,804 European ancestry cases, 1,026 European ancestry controls	5p13.2	5	33951588	SLC45A2	SLC45A2			ENSG00000164175			rs16891982-?	rs16891982	0	16891982	missense_variant	0	0.96	1E-23	23.0		2.3809524	[NR]	Illumina [at least 560000] (imputed)	N	melanoma	http://purl.obolibrary.org/obo/MONDO_0005105	GCST004142	Genome-wide genotyping array
2017-06-06	28212542	Ransohoff KJ	2017-02-09	Oncotarget	www.ncbi.nlm.nih.gov/pubmed/28212542	Two-stage genome-wide association study identifies a novel susceptibility locus associated with melanoma.	Melanoma	4,842 European ancestry cases, 286,565 European ancestry controls	1,804 European ancestry cases, 1,026 European ancestry controls	16q12.2	16	54080912	FTO	FTO			ENSG00000140718			rs16953002-A	rs16953002	0	16953002	intron_variant	0	0.17	4E-12	11.397940008672037		1.16	[NR]	Illumina [at least 560000] (imputed)	N	melanoma	http://purl.obolibrary.org/obo/MONDO_0005105	GCST004142	Genome-wide genotyping array
2017-06-06	28212542	Ransohoff KJ	2017-02-09	Oncotarget	www.ncbi.nlm.nih.gov/pubmed/28212542	Two-stage genome-wide association study identifies a novel susceptibility locus associated with melanoma.	Melanoma	4,842 European ancestry cases, 286,565 European ancestry controls	1,804 European ancestry cases, 1,026 European ancestry controls	11q22.3	11	108304735	ATM	ATM			ENSG00000149311			rs1801516-?	rs1801516	0	1801516	missense_variant	0	0.86	3E-9	8.522878745280337		1.1363636	[NR]	Illumina [at least 560000] (imputed)	N	melanoma	http://purl.obolibrary.org/obo/MONDO_0005105	GCST004142	Genome-wide genotyping array
2017-06-06	28212542	Ransohoff KJ	2017-02-09	Oncotarget	www.ncbi.nlm.nih.gov/pubmed/28212542	Two-stage genome-wide association study identifies a novel susceptibility locus associated with melanoma.	Melanoma	4,842 European ancestry cases, 286,565 European ancestry controls	1,804 European ancestry cases, 1,026 European ancestry controls	16q24.3	16	89919709	MC1R	MC1R			ENSG00000258839			rs1805007-T	rs1805007	0	1805007	missense_variant	0	0.07	4E-37	36.39794000867204		1.5	[1.41-1.59]	Illumina [at least 560000] (imputed)	N	melanoma	http://purl.obolibrary.org/obo/MONDO_0005105	GCST004142	Genome-wide genotyping array
2017-06-06	28212542	Ransohoff KJ	2017-02-09	Oncotarget	www.ncbi.nlm.nih.gov/pubmed/28212542	Two-stage genome-wide association study identifies a novel susceptibility locus associated with melanoma.	Melanoma	4,842 European ancestry cases, 286,565 European ancestry controls	1,804 European ancestry cases, 1,026 European ancestry controls	5p15.1	5	17453974	BASP1	LINC02218			ENSG00000249662			rs187843643-T	rs187843643	0	187843643	intron_variant	0	0.01	4E-8	7.3979400086720375		1.96	[1.54-2.48]	Illumina [at least 560000] (imputed)	N	melanoma	http://purl.obolibrary.org/obo/MONDO_0005105	GCST004142	Genome-wide genotyping array
2017-06-06	28212542	Ransohoff KJ	2017-02-09	Oncotarget	www.ncbi.nlm.nih.gov/pubmed/28212542	Two-stage genome-wide association study identifies a novel susceptibility locus associated with melanoma.	Melanoma	4,842 European ancestry cases, 286,565 European ancestry controls	1,804 European ancestry cases, 1,026 European ancestry controls	20q11.22	20	34989186	MYH7B	MYH7B			ENSG00000078814			rs1885120-C	rs1885120	0	1885120	intron_variant	0	0.07	2E-18	17.69897000433602		1.55	[NR]	Illumina [at least 560000] (imputed)	N	melanoma	http://purl.obolibrary.org/obo/MONDO_0005105	GCST004142	Genome-wide genotyping array
2017-06-06	28212542	Ransohoff KJ	2017-02-09	Oncotarget	www.ncbi.nlm.nih.gov/pubmed/28212542	Two-stage genome-wide association study identifies a novel susceptibility locus associated with melanoma.	Melanoma	4,842 European ancestry cases, 286,565 European ancestry controls	1,804 European ancestry cases, 1,026 European ancestry controls	9p21.3	9	21805208	MTAP	MTAP			ENSG00000099810			rs201131773-?	rs201131773	0	201131773	intron_variant	0	0.48	3E-17	16.522878745280337		1.19	[1.15-1.24]	Illumina [at least 560000] (imputed)	N	melanoma	http://purl.obolibrary.org/obo/MONDO_0005105	GCST004142	Genome-wide genotyping array
2017-06-06	28212542	Ransohoff KJ	2017-02-09	Oncotarget	www.ncbi.nlm.nih.gov/pubmed/28212542	Two-stage genome-wide association study identifies a novel susceptibility locus associated with melanoma.	Melanoma	4,842 European ancestry cases, 286,565 European ancestry controls	1,804 European ancestry cases, 1,026 European ancestry controls	22q13.1	22	38148291	PLA2G6	PLA2G6			ENSG00000184381			rs2284063-?	rs2284063	0	2284063	non_coding_transcript_exon_variant	0	0.64	2E-9	8.698970004336019		1.2048193	[NR]	Illumina [at least 560000] (imputed)	N	melanoma	http://purl.obolibrary.org/obo/MONDO_0005105	GCST004142	Genome-wide genotyping array
2017-06-06	28212542	Ransohoff KJ	2017-02-09	Oncotarget	www.ncbi.nlm.nih.gov/pubmed/28212542	Two-stage genome-wide association study identifies a novel susceptibility locus associated with melanoma.	Melanoma	4,842 European ancestry cases, 286,565 European ancestry controls	1,804 European ancestry cases, 1,026 European ancestry controls	16q24.3	16	89689495	MC1R	CDK10			ENSG00000185324			rs258322-A	rs258322	0	258322	intron_variant	0	0.09	3E-27	26.522878745280337		1.67	[NR]	Illumina [at least 560000] (imputed)	N	melanoma	http://purl.obolibrary.org/obo/MONDO_0005105	GCST004142	Genome-wide genotyping array
2017-06-06	28212542	Ransohoff KJ	2017-02-09	Oncotarget	www.ncbi.nlm.nih.gov/pubmed/28212542	Two-stage genome-wide association study identifies a novel susceptibility locus associated with melanoma.	Melanoma	4,842 European ancestry cases, 286,565 European ancestry controls	1,804 European ancestry cases, 1,026 European ancestry controls	16q24.3	16	89689495	CDK10	CDK10			ENSG00000185324			rs258322-A	rs258322	0	258322	intron_variant	0	0.09	2E-9	8.698970004336019		1.67	[NR]	Illumina [at least 560000] (imputed)	N	melanoma	http://purl.obolibrary.org/obo/MONDO_0005105	GCST004142	Genome-wide genotyping array
2017-06-06	28212542	Ransohoff KJ	2017-02-09	Oncotarget	www.ncbi.nlm.nih.gov/pubmed/28212542	Two-stage genome-wide association study identifies a novel susceptibility locus associated with melanoma.	Melanoma	4,842 European ancestry cases, 286,565 European ancestry controls	1,804 European ancestry cases, 1,026 European ancestry controls	10q24.33	10	103909085	OBFC1	STN1			ENSG00000107960			rs2995264-G	rs2995264	0	2995264	intron_variant	0	0.1	2E-9	8.698970004336019		1.17	[NR]	Illumina [at least 560000] (imputed)	N	melanoma	http://purl.obolibrary.org/obo/MONDO_0005105	GCST004142	Genome-wide genotyping array
2017-06-06	28212542	Ransohoff KJ	2017-02-09	Oncotarget	www.ncbi.nlm.nih.gov/pubmed/28212542	Two-stage genome-wide association study identifies a novel susceptibility locus associated with melanoma.	Melanoma	4,842 European ancestry cases, 286,565 European ancestry controls	1,804 European ancestry cases, 1,026 European ancestry controls	5p13.2	5	33946466	SLC45A2	SLC45A2			ENSG00000164175			rs35407-G	rs35407	0	35407	3_prime_UTR_variant	0	0.97	3E-19	18.522878745280337		2.0833335	[1.79-2.44]	Illumina [at least 560000] (imputed)	N	melanoma	http://purl.obolibrary.org/obo/MONDO_0005105	GCST004142	Genome-wide genotyping array
2017-06-06	28212542	Ransohoff KJ	2017-02-09	Oncotarget	www.ncbi.nlm.nih.gov/pubmed/28212542	Two-stage genome-wide association study identifies a novel susceptibility locus associated with melanoma.	Melanoma	4,842 European ancestry cases, 286,565 European ancestry controls	1,804 European ancestry cases, 1,026 European ancestry controls	21q22.3	21	41374154	MX2	MX2			ENSG00000183486			rs45430-T	rs45430	0	45430	intron_variant	0	0.66	3E-8	7.522878745280337		1.1235955	[1.08-1.16]	Illumina [at least 560000] (imputed)	N	melanoma	http://purl.obolibrary.org/obo/MONDO_0005105	GCST004142	Genome-wide genotyping array
2017-06-06	28212542	Ransohoff KJ	2017-02-09	Oncotarget	www.ncbi.nlm.nih.gov/pubmed/28212542	Two-stage genome-wide association study identifies a novel susceptibility locus associated with melanoma.	Melanoma	4,842 European ancestry cases, 286,565 European ancestry controls	1,804 European ancestry cases, 1,026 European ancestry controls	15q13.1	15	28090674	OCA2	OCA2			ENSG00000104044			rs4778138-?	rs4778138	0	4778138	intron_variant	0	0.85	2E-11	10.698970004336019		1.1904762	[NR]	Illumina [at least 560000] (imputed)	N	melanoma	http://purl.obolibrary.org/obo/MONDO_0005105	GCST004142	Genome-wide genotyping array
2017-06-06	28212542	Ransohoff KJ	2017-02-09	Oncotarget	www.ncbi.nlm.nih.gov/pubmed/28212542	Two-stage genome-wide association study identifies a novel susceptibility locus associated with melanoma.	Melanoma	4,842 European ancestry cases, 286,565 European ancestry controls	1,804 European ancestry cases, 1,026 European ancestry controls	16q24.3	16	90000528	AFG3L1P	AFG3L1P, AFG3L1P			ENSG00000293510, ENSG00000223959			rs4785763-A	rs4785763	0	4785763	non_coding_transcript_exon_variant	0	0.33	6E-22	21.221848749616356		1.32	[NR]	Illumina [at least 560000] (imputed)	N	melanoma	http://purl.obolibrary.org/obo/MONDO_0005105	GCST004142	Genome-wide genotyping array
2017-06-06	28212542	Ransohoff KJ	2017-02-09	Oncotarget	www.ncbi.nlm.nih.gov/pubmed/28212542	Two-stage genome-wide association study identifies a novel susceptibility locus associated with melanoma.	Melanoma	4,842 European ancestry cases, 286,565 European ancestry controls	1,804 European ancestry cases, 1,026 European ancestry controls	11q13.3	11	69552350	CCND1	LINC01488 - PNCRNA-D	ENSG00000285094	ENSG00000298300		57398	86784	rs498136-A	rs498136	0	498136	intergenic_variant	1	0.36	2E-12	11.698970004336019		1.12	[NR]	Illumina [at least 560000] (imputed)	N	melanoma	http://purl.obolibrary.org/obo/MONDO_0005105	GCST004142	Genome-wide genotyping array
2017-06-06	28212542	Ransohoff KJ	2017-02-09	Oncotarget	www.ncbi.nlm.nih.gov/pubmed/28212542	Two-stage genome-wide association study identifies a novel susceptibility locus associated with melanoma.	Melanoma	4,842 European ancestry cases, 286,565 European ancestry controls	1,804 European ancestry cases, 1,026 European ancestry controls	20q11.22	20	34077942	RALY, ASIP	RALY			ENSG00000125970			rs6059655-A	rs6059655	0	6059655	intron_variant	0	0.07	5E-23	22.30102999566398		1.38	[1.29-1.47]	Illumina [at least 560000] (imputed)	N	melanoma	http://purl.obolibrary.org/obo/MONDO_0005105	GCST004142	Genome-wide genotyping array
2017-06-06	28212542	Ransohoff KJ	2017-02-09	Oncotarget	www.ncbi.nlm.nih.gov/pubmed/28212542	Two-stage genome-wide association study identifies a novel susceptibility locus associated with melanoma.	Melanoma	4,842 European ancestry cases, 286,565 European ancestry controls	1,804 European ancestry cases, 1,026 European ancestry controls	6p25.3	6	421281	IRF4, EXOC2	IRF4 - EXOC2	ENSG00000137265	ENSG00000112685		9838	63852	rs62389423-A	rs62389423	0	62389423	intergenic_variant	1	0.14	9E-14	13.045757490560675		1.24	[1.17-1.31]	Illumina [at least 560000] (imputed)	N	melanoma	http://purl.obolibrary.org/obo/MONDO_0005105	GCST004142	Genome-wide genotyping array
2017-06-06	28212542	Ransohoff KJ	2017-02-09	Oncotarget	www.ncbi.nlm.nih.gov/pubmed/28212542	Two-stage genome-wide association study identifies a novel susceptibility locus associated with melanoma.	Melanoma	4,842 European ancestry cases, 286,565 European ancestry controls	1,804 European ancestry cases, 1,026 European ancestry controls	2p22.2	2	38049406	RMDN2, CYP1B1	RMDN2, RMDN2-AS1			ENSG00000115841, ENSG00000235848			rs6750047-A	rs6750047	0	6750047	intron_variant	0	0.28	7E-9	8.154901959985743		1.1	[NR]	Illumina [at least 560000] (imputed)	N	melanoma	http://purl.obolibrary.org/obo/MONDO_0005105	GCST004142	Genome-wide genotyping array
2017-06-06	28212542	Ransohoff KJ	2017-02-09	Oncotarget	www.ncbi.nlm.nih.gov/pubmed/28212542	Two-stage genome-wide association study identifies a novel susceptibility locus associated with melanoma.	Melanoma	4,842 European ancestry cases, 286,565 European ancestry controls	1,804 European ancestry cases, 1,026 European ancestry controls	6p22.3	6	21163688	CDKAL1	CDKAL1			ENSG00000145996			rs6914598-C	rs6914598	0	6914598	intron_variant	0	0.31	4E-8	7.3979400086720375		1.1	[NR]	Illumina [at least 560000] (imputed)	N	melanoma	http://purl.obolibrary.org/obo/MONDO_0005105	GCST004142	Genome-wide genotyping array
2017-06-06	28212542	Ransohoff KJ	2017-02-09	Oncotarget	www.ncbi.nlm.nih.gov/pubmed/28212542	Two-stage genome-wide association study identifies a novel susceptibility locus associated with melanoma.	Melanoma	4,842 European ancestry cases, 286,565 European ancestry controls	1,804 European ancestry cases, 1,026 European ancestry controls	9p21.3	9	21816529	MTAP, CDKN2A	MTAP			ENSG00000099810			rs7023329-?	rs7023329	0	7023329	intron_variant	0	0.5	7E-9	8.154901959985743		1.1627907	[NR]	Illumina [at least 560000] (imputed)	N	melanoma	http://purl.obolibrary.org/obo/MONDO_0005105	GCST004142	Genome-wide genotyping array
2017-06-06	28212542	Ransohoff KJ	2017-02-09	Oncotarget	www.ncbi.nlm.nih.gov/pubmed/28212542	Two-stage genome-wide association study identifies a novel susceptibility locus associated with melanoma.	Melanoma	4,842 European ancestry cases, 286,565 European ancestry controls	1,804 European ancestry cases, 1,026 European ancestry controls	1q21.3	1	150887995	ARNT	CTXND2			ENSG00000283324			rs7412746-T	rs7412746	0	7412746	intron_variant	0	0.47	9E-11	10.045757490560675		1.15	[NR]	Illumina [at least 560000] (imputed)	N	melanoma	http://purl.obolibrary.org/obo/MONDO_0005105	GCST004142	Genome-wide genotyping array
2017-06-06	28212542	Ransohoff KJ	2017-02-09	Oncotarget	www.ncbi.nlm.nih.gov/pubmed/28212542	Two-stage genome-wide association study identifies a novel susceptibility locus associated with melanoma.	Melanoma	4,842 European ancestry cases, 286,565 European ancestry controls	1,804 European ancestry cases, 1,026 European ancestry controls	20q11.22	20	34583968	PIGU	PIGU			ENSG00000101464			rs910873-A	rs910873	0	910873	intron_variant	0	0.08	1E-15	15.0		1.75	[NR]	Illumina [at least 560000] (imputed)	N	melanoma	http://purl.obolibrary.org/obo/MONDO_0005105	GCST004142	Genome-wide genotyping array
2022-04-11	28240269	Suhre K	2017-02-27	Nat Commun	www.ncbi.nlm.nih.gov/pubmed/28240269	Connecting genetic risk to disease end points through the human blood plasma proteome.	melanoma-derived growth regulatory protein levels	997 European ancestry individuals	338 Greater Middle Eastern (Middle Eastern, North African or Persian), South Asian ancestry, Asian ancestry individuals	19q13.2	19	40827536		CYP2F2P - CYP2A6	ENSG00000237118	ENSG00000255974		764	15997	rs4803378-A	rs4803378	0	4803378	intron_variant	1	NR	3E-18	17.522878745280337	(EA)	1.304	[1.02-1.59] unit increase	Affymetrix [509946]	N	melanoma-derived growth regulatory protein  level	http://purl.obolibrary.org/obo/OBA_2050157	GCST90101306	Genome-wide genotyping array
2022-04-11	28240269	Suhre K	2017-02-27	Nat Commun	www.ncbi.nlm.nih.gov/pubmed/28240269	Connecting genetic risk to disease end points through the human blood plasma proteome.	melanoma-derived growth regulatory protein levels	997 European ancestry individuals	338 Greater Middle Eastern (Middle Eastern, North African or Persian), South Asian ancestry, Asian ancestry individuals	19q13.2	19	40757498		SNRPA			ENSG00000077312			rs2230694-?	rs2230694	0	2230694	missense_variant	0	NR	1E-68	68.0	(EA)			Affymetrix [509946]	N	melanoma-derived growth regulatory protein  level	http://purl.obolibrary.org/obo/OBA_2050157	GCST90101306	Genome-wide genotyping array
2022-04-11	28240269	Suhre K	2017-02-27	Nat Commun	www.ncbi.nlm.nih.gov/pubmed/28240269	Connecting genetic risk to disease end points through the human blood plasma proteome.	melanoma-derived growth regulatory protein levels	997 European ancestry individuals	338 Greater Middle Eastern (Middle Eastern, North African or Persian), South Asian ancestry, Asian ancestry individuals	19q13.2	19	40777460		MIA-RAB4B, MIA			ENSG00000268975, ENSG00000261857			rs2233159-?	rs2233159	0	2233159	3_prime_UTR_variant	0	NR	1E-69	69.0	(EA)			Affymetrix [509946]	N	melanoma-derived growth regulatory protein  level	http://purl.obolibrary.org/obo/OBA_2050157	GCST90101306	Genome-wide genotyping array
2022-04-11	28240269	Suhre K	2017-02-27	Nat Commun	www.ncbi.nlm.nih.gov/pubmed/28240269	Connecting genetic risk to disease end points through the human blood plasma proteome.	melanoma-derived growth regulatory protein levels	997 European ancestry individuals	338 Greater Middle Eastern (Middle Eastern, North African or Persian), South Asian ancestry, Asian ancestry individuals	19q13.2	19	40768808		SNRPA - MIA	ENSG00000077312	ENSG00000261857		3415	189	rs2607426-?	rs2607426	0	2607426	intergenic_variant	1	NR	1E-69	69.0	(EA)			Affymetrix [509946]	N	melanoma-derived growth regulatory protein  level	http://purl.obolibrary.org/obo/OBA_2050157	GCST90101306	Genome-wide genotyping array
2022-04-11	28240269	Suhre K	2017-02-27	Nat Commun	www.ncbi.nlm.nih.gov/pubmed/28240269	Connecting genetic risk to disease end points through the human blood plasma proteome.	melanoma-derived growth regulatory protein levels	997 European ancestry individuals	338 Greater Middle Eastern (Middle Eastern, North African or Persian), South Asian ancestry, Asian ancestry individuals	19q13.2	19	40775441		MIA-RAB4B, MIA			ENSG00000268975, ENSG00000261857			rs2233154-?	rs2233154	0	2233154	intron_variant	0	NR	2E-69	68.69897000433602	(EA)			Affymetrix [509946]	N	melanoma-derived growth regulatory protein  level	http://purl.obolibrary.org/obo/OBA_2050157	GCST90101306	Genome-wide genotyping array
2022-04-11	28240269	Suhre K	2017-02-27	Nat Commun	www.ncbi.nlm.nih.gov/pubmed/28240269	Connecting genetic risk to disease end points through the human blood plasma proteome.	melanoma-derived growth regulatory protein levels	997 European ancestry individuals	338 Greater Middle Eastern (Middle Eastern, North African or Persian), South Asian ancestry, Asian ancestry individuals	19q13.2	19	40751141		SNRPA, ACTMAP			ENSG00000077312, ENSG00000188493			rs1455434-T	rs1455434	0	1455434	5_prime_UTR_variant	0	NR	2E-28	27.69897000433602		1.111	[0.92-1.3] unit increase	Affymetrix [509946]	N	melanoma-derived growth regulatory protein  level	http://purl.obolibrary.org/obo/OBA_2050157	GCST90101306	Genome-wide genotyping array
2023-07-28	28915241	Ahsan M	2017-09-15	PLoS Genet	www.ncbi.nlm.nih.gov/pubmed/28915241	The relative contribution of DNA methylation and genetic variants on protein biomarkers for human diseases.	MIA levels	949 individuals	NA	19q13.2	19	40778493		RAB4B-EGLN2, RAB4B, MIA-RAB4B			ENSG00000171570, ENSG00000167578, ENSG00000268975			rs2279699-?	rs2279699	0	2279699	intron_variant	0	NR	2E-26	25.69897000433602		0.909872	[0.65-1.17] unit increase	Illumina [11901634] (imputed)	N	melanoma-derived growth regulatory protein  level	http://purl.obolibrary.org/obo/OBA_2050157	GCST90274901	Genome-wide genotyping array
2017-09-05	28781888	Mobuchon L	2017-03-10	NPJ Genom Med	www.ncbi.nlm.nih.gov/pubmed/28781888	A GWAS in uveal melanoma identifies risk polymorphisms in the CLPTM1L locus.	Uveal melanoma	259 European ancestry cases, 401 European ancestry controls	276 French cases, 184 European ancestry controls	5p15.33	5	1330138	TERT, CLPTM1L	CLPTM1L			ENSG00000049656			rs452932-C	rs452932	0	452932	intron_variant	0	0.4	2E-9	8.698970004336019		1.72	[1.44-2.06]	Illumina [866782]	N	uveal melanoma	http://purl.obolibrary.org/obo/MONDO_0006486	GCST004661	Genome-wide genotyping array
2017-09-05	28781888	Mobuchon L	2017-03-10	NPJ Genom Med	www.ncbi.nlm.nih.gov/pubmed/28781888	A GWAS in uveal melanoma identifies risk polymorphisms in the CLPTM1L locus.	Uveal melanoma	259 European ancestry cases, 401 European ancestry controls	276 French cases, 184 European ancestry controls	15q12	15	27799396	HERC2, OCA2	OCA2			ENSG00000104044			rs11074306-A	rs11074306	0	11074306	intron_variant	0	0.51	5E-7	6.301029995663981		1.85	[1.09-3.23]	Illumina [866782]	N	uveal melanoma	http://purl.obolibrary.org/obo/MONDO_0006486	GCST004661	Genome-wide genotyping array
2023-01-10	29875488	Sun BB	2018-06-06	Nature	www.ncbi.nlm.nih.gov/pubmed/29875488	Genomic atlas of the human plasma proteome.	B melanoma antigen 2 levels (BAGE2.6294.11.3)	3,301 European ancestry individuals	NA	19q13.42	19	53818679		NLRP12			ENSG00000142405			rs10424405-G	rs10424405	0	10424405	intron_variant	0	0.22	1E-78	78.0		0.54	[0.48-0.6] unit increase	Affymetrix [10572788] (imputed)	N	B melanoma antigen 2 measurement	http://www.ebi.ac.uk/efo/EFO_0801401	GCST90240365	Genome-wide genotyping array
2023-01-10	29875488	Sun BB	2018-06-06	Nature	www.ncbi.nlm.nih.gov/pubmed/29875488	Genomic atlas of the human plasma proteome.	Melanoma-associated antigen 3 levels (MAGEA3.12576.21.3)	3,301 European ancestry individuals	NA	19q13.32	19	44945208		APOC4-APOC2, APOC4			ENSG00000224916, ENSG00000267467			rs5167-G	rs5167	0	5167	missense_variant	0	0.347	2E-27	26.69897000433602		0.28	[0.22-0.34] unit increase	Affymetrix [10572788] (imputed)	N	melanoma-associated antigen 3 measurement	http://www.ebi.ac.uk/efo/EFO_0801794	GCST90241908	Genome-wide genotyping array
2023-01-10	29875488	Sun BB	2018-06-06	Nature	www.ncbi.nlm.nih.gov/pubmed/29875488	Genomic atlas of the human plasma proteome.	Melanoma-associated antigen 10 levels (MAGEA10.13610.9.3)	3,301 European ancestry individuals	NA	17q11.2	17	28367840		VTN, SARM1			ENSG00000109072, ENSG00000004139			rs704-A	rs704	0	704	missense_variant	0	0.467	1E-26	26.0		0.26	[0.22-0.3] unit increase	Affymetrix [10572788] (imputed)	N	melanoma-associated antigen 10 measurement	http://www.ebi.ac.uk/efo/EFO_0801793	GCST90241907	Genome-wide genotyping array
2023-01-10	29875488	Sun BB	2018-06-06	Nature	www.ncbi.nlm.nih.gov/pubmed/29875488	Genomic atlas of the human plasma proteome.	Melanoma-derived growth regulatory protein levels (MIA.2687.2.1)	3,301 European ancestry individuals	NA	19q13.2	19	40769143		MIA			ENSG00000261857			rs2604877-C	rs2604877	0	2604877	intergenic_variant	0	0.068	3E-253	252.52287874528034		1.44	[1.36-1.52] unit increase	Affymetrix [10572788] (imputed)	N	melanoma-derived growth regulatory protein  level	http://purl.obolibrary.org/obo/OBA_2050157	GCST90241910	Genome-wide genotyping array
2023-01-10	29875488	Sun BB	2018-06-06	Nature	www.ncbi.nlm.nih.gov/pubmed/29875488	Genomic atlas of the human plasma proteome.	Melanoma-associated antigen 3 levels (MAGEA3.12576.21.3)	3,301 European ancestry individuals	NA	2p25.3	2	3592319		RPS7 - COLEC11	ENSG00000171863	ENSG00000118004		11367	472	rs13402475-G	rs13402475	0	13402475	intergenic_variant	1	0.808	1E-17	17.0		0.27	[-0.21--0.33] unit decrease	Affymetrix [10572788] (imputed)	N	melanoma-associated antigen 3 measurement	http://www.ebi.ac.uk/efo/EFO_0801794	GCST90241908	Genome-wide genotyping array
2023-01-10	29875488	Sun BB	2018-06-06	Nature	www.ncbi.nlm.nih.gov/pubmed/29875488	Genomic atlas of the human plasma proteome.	Melanoma-derived growth regulatory protein levels (MIA.2687.2.1)	3,301 European ancestry individuals	NA	19q13.2	19	40785214		MIA-RAB4B, RAB4B, RAB4B-EGLN2			ENSG00000268975, ENSG00000167578, ENSG00000171570			rs17726276-A	rs17726276	0	17726276	intron_variant	0	0.495	1E-52	52.0		0.36	[-0.32--0.4] unit decrease	Affymetrix [10572788] (imputed)	N	melanoma-derived growth regulatory protein  level	http://purl.obolibrary.org/obo/OBA_2050157	GCST90241910	Genome-wide genotyping array
2023-01-10	29875488	Sun BB	2018-06-06	Nature	www.ncbi.nlm.nih.gov/pubmed/29875488	Genomic atlas of the human plasma proteome.	Melanoma-derived growth regulatory protein levels (MIA.2687.2.1)	3,301 European ancestry individuals	NA	19q13.2	19	40821392		CYP2F2P			ENSG00000237118			rs577997457-A	rs577997457	0	577997457	intron_variant	0	0.013	5E-43	42.30102999566398		1.64	[1.4-1.88] unit increase	Affymetrix [10572788] (imputed)	N	melanoma-derived growth regulatory protein  level	http://purl.obolibrary.org/obo/OBA_2050157	GCST90241910	Genome-wide genotyping array
2018-07-16	29739929	Visconti A	2018-05-08	Nat Commun	www.ncbi.nlm.nih.gov/pubmed/29739929	Genome-wide association study in 176,678 Europeans reveals genetic loci for tanning response to sun exposure.	Non-melanoma skin cancer	5,912 European ancestry cases, 181,740 European ancestry controls		20q11.22	20	35681469	NR	NFS1			ENSG00000244005			rs2425070-G	rs2425070	0	2425070	intron_variant	0	NR	3E-9	8.522878745280337		1.22053	[1.14265-1.30372]	Affymetrix [5734850] (imputed)	N	non-melanoma skin carcinoma	http://www.ebi.ac.uk/efo/EFO_0009260	GCST005896	Genome-wide genotyping array
2018-07-16	29739929	Visconti A	2018-05-08	Nat Commun	www.ncbi.nlm.nih.gov/pubmed/29739929	Genome-wide association study in 176,678 Europeans reveals genetic loci for tanning response to sun exposure.	Non-melanoma skin cancer	5,912 European ancestry cases, 181,740 European ancestry controls		20q11.23	20	36390009	NR	DLGAP4			ENSG00000080845			rs2425241-C	rs2425241	0	2425241	intron_variant	0	NR	2E-6	5.698970004336019		1.17268	[1.09894-1.25137]	Affymetrix [5734850] (imputed)	N	non-melanoma skin carcinoma	http://www.ebi.ac.uk/efo/EFO_0009260	GCST005896	Genome-wide genotyping array
2018-07-16	29739929	Visconti A	2018-05-08	Nat Commun	www.ncbi.nlm.nih.gov/pubmed/29739929	Genome-wide association study in 176,678 Europeans reveals genetic loci for tanning response to sun exposure.	Non-melanoma skin cancer	5,912 European ancestry cases, 181,740 European ancestry controls		21q22.3	21	41668857	NR	PCSEAT - LINC00111	ENSG00000286027	ENSG00000227702		85970	10324	rs2776353-T	rs2776353	0	2776353	intergenic_variant	1	NR	2E-6	5.698970004336019		1.1039	[1.06017-1.14944]	Affymetrix [5734850] (imputed)	N	non-melanoma skin carcinoma	http://www.ebi.ac.uk/efo/EFO_0009260	GCST005896	Genome-wide genotyping array
2018-07-16	29739929	Visconti A	2018-05-08	Nat Commun	www.ncbi.nlm.nih.gov/pubmed/29739929	Genome-wide association study in 176,678 Europeans reveals genetic loci for tanning response to sun exposure.	Non-melanoma skin cancer	5,912 European ancestry cases, 181,740 European ancestry controls		4p15.1	4	34529002	NR	LINC02484 - SEC63P2	ENSG00000248685	ENSG00000250416		193651	958810	rs28649461-C	rs28649461	0	28649461	intergenic_variant	1	NR	4E-6	5.3979400086720375		1.15744	[1.08748-1.23189]	Affymetrix [5734850] (imputed)	N	non-melanoma skin carcinoma	http://www.ebi.ac.uk/efo/EFO_0009260	GCST005896	Genome-wide genotyping array
2018-07-16	29739929	Visconti A	2018-05-08	Nat Commun	www.ncbi.nlm.nih.gov/pubmed/29739929	Genome-wide association study in 176,678 Europeans reveals genetic loci for tanning response to sun exposure.	Non-melanoma skin cancer	5,912 European ancestry cases, 181,740 European ancestry controls		8p23.1	8	8446992	NR	LINC02949 - LINC02950	ENSG00000253505	ENSG00000254153		22344	2672	rs2921077-G	rs2921077	0	2921077	intergenic_variant	1	NR	7E-6	5.154901959985743		1.0887696	[1.05-1.13]	Affymetrix [5734850] (imputed)	N	non-melanoma skin carcinoma	http://www.ebi.ac.uk/efo/EFO_0009260	GCST005896	Genome-wide genotyping array
2018-07-16	29739929	Visconti A	2018-05-08	Nat Commun	www.ncbi.nlm.nih.gov/pubmed/29739929	Genome-wide association study in 176,678 Europeans reveals genetic loci for tanning response to sun exposure.	Non-melanoma skin cancer	5,912 European ancestry cases, 181,740 European ancestry controls		5p15.33	5	1340986	CLPTM1L	CLPTM1L			ENSG00000049656			rs31487-C	rs31487	0	31487	intron_variant	0	NR	2E-18	17.69897000433602		1.18	[1.14-1.23]	Affymetrix [5734850] (imputed)	N	non-melanoma skin carcinoma	http://www.ebi.ac.uk/efo/EFO_0009260	GCST005896	Genome-wide genotyping array
2018-07-16	29739929	Visconti A	2018-05-08	Nat Commun	www.ncbi.nlm.nih.gov/pubmed/29739929	Genome-wide association study in 176,678 Europeans reveals genetic loci for tanning response to sun exposure.	Non-melanoma skin cancer	5,912 European ancestry cases, 181,740 European ancestry controls		2p25.1	2	7296186	NR	LINC02973 - RNU6ATAC37P	ENSG00000272002	ENSG00000221255		34682	280655	rs35202394-G	rs35202394	0	35202394	intron_variant	1	NR	2E-6	5.698970004336019		1.2016	[1.1136-1.29656]	Affymetrix [5734850] (imputed)	N	non-melanoma skin carcinoma	http://www.ebi.ac.uk/efo/EFO_0009260	GCST005896	Genome-wide genotyping array
2018-07-16	29739929	Visconti A	2018-05-08	Nat Commun	www.ncbi.nlm.nih.gov/pubmed/29739929	Genome-wide association study in 176,678 Europeans reveals genetic loci for tanning response to sun exposure.	Non-melanoma skin cancer	5,912 European ancestry cases, 181,740 European ancestry controls		16q23.1	16	76091412	NR	RNA5SP430 - RPL18P13	ENSG00000199299	ENSG00000244485		230255	143643	rs364635-G	rs364635	0	364635	intron_variant	1	NR	1E-6	6.0		1.18057	[1.10359-1.26292]	Affymetrix [5734850] (imputed)	N	non-melanoma skin carcinoma	http://www.ebi.ac.uk/efo/EFO_0009260	GCST005896	Genome-wide genotyping array
2018-07-16	29739929	Visconti A	2018-05-08	Nat Commun	www.ncbi.nlm.nih.gov/pubmed/29739929	Genome-wide association study in 176,678 Europeans reveals genetic loci for tanning response to sun exposure.	Non-melanoma skin cancer	5,912 European ancestry cases, 181,740 European ancestry controls		16q24.3	16	89016728	NR	CBFA2T3 - ACSF3	ENSG00000129993	ENSG00000176715		39521	71647	rs369805468-C	rs369805468	0	369805468	intergenic_variant	1	NR	3E-8	7.522878745280337		1.3100048	[1.19-1.44]	Affymetrix [5734850] (imputed)	N	non-melanoma skin carcinoma	http://www.ebi.ac.uk/efo/EFO_0009260	GCST005896	Genome-wide genotyping array
2018-07-16	29739929	Visconti A	2018-05-08	Nat Commun	www.ncbi.nlm.nih.gov/pubmed/29739929	Genome-wide association study in 176,678 Europeans reveals genetic loci for tanning response to sun exposure.	Non-melanoma skin cancer	5,912 European ancestry cases, 181,740 European ancestry controls		2q33.1	2	201258272	ALS2CR12	CASP8			ENSG00000064012			rs3769823-G	rs3769823	0	3769823	missense_variant	0	NR	2E-13	12.698970004336019		1.16	[1.12-1.21]	Affymetrix [5734850] (imputed)	N	non-melanoma skin carcinoma	http://www.ebi.ac.uk/efo/EFO_0009260	GCST005896	Genome-wide genotyping array
2018-07-16	29739929	Visconti A	2018-05-08	Nat Commun	www.ncbi.nlm.nih.gov/pubmed/29739929	Genome-wide association study in 176,678 Europeans reveals genetic loci for tanning response to sun exposure.	Non-melanoma skin cancer	5,912 European ancestry cases, 181,740 European ancestry controls		11q14.3	11	89287897	TYR	TYR			ENSG00000077498			rs3900053-T	rs3900053	0	3900053	intron_variant	0	NR	3E-10	9.522878745280337		1.1363636	[1.09-1.18]	Affymetrix [5734850] (imputed)	N	non-melanoma skin carcinoma	http://www.ebi.ac.uk/efo/EFO_0009260	GCST005896	Genome-wide genotyping array
2018-07-16	29739929	Visconti A	2018-05-08	Nat Commun	www.ncbi.nlm.nih.gov/pubmed/29739929	Genome-wide association study in 176,678 Europeans reveals genetic loci for tanning response to sun exposure.	Non-melanoma skin cancer	5,912 European ancestry cases, 181,740 European ancestry controls		8p23.1	8	8913002	NR	RNU6-682P - SNORA70	ENSG00000200713	ENSG00000206958		17084	48573	rs427370-C	rs427370	0	427370	intron_variant	1	NR	7E-6	5.154901959985743		1.0892879	[1.05-1.13]	Affymetrix [5734850] (imputed)	N	non-melanoma skin carcinoma	http://www.ebi.ac.uk/efo/EFO_0009260	GCST005896	Genome-wide genotyping array
2018-07-16	29739929	Visconti A	2018-05-08	Nat Commun	www.ncbi.nlm.nih.gov/pubmed/29739929	Genome-wide association study in 176,678 Europeans reveals genetic loci for tanning response to sun exposure.	Non-melanoma skin cancer	5,912 European ancestry cases, 181,740 European ancestry controls		11q13.1	11	64340005	NR	PRDX5 - CCDC88B	ENSG00000126432	ENSG00000168071		18183	199	rs479777-T	rs479777	0	479777	non_coding_transcript_exon_variant	1	NR	4E-6	5.3979400086720375		1.0945338	[1.05-1.14]	Affymetrix [5734850] (imputed)	N	non-melanoma skin carcinoma	http://www.ebi.ac.uk/efo/EFO_0009260	GCST005896	Genome-wide genotyping array
2018-07-16	29739929	Visconti A	2018-05-08	Nat Commun	www.ncbi.nlm.nih.gov/pubmed/29739929	Genome-wide association study in 176,678 Europeans reveals genetic loci for tanning response to sun exposure.	Non-melanoma skin cancer	5,912 European ancestry cases, 181,740 European ancestry controls		20q11.22	20	35102207	NR	TRPC4AP - EDEM2	ENSG00000100991	ENSG00000088298		9339	13153	rs4911466-T	rs4911466	0	4911466	intergenic_variant	1	NR	4E-13	12.397940008672037		1.2406	[1.17032-1.3151]	Affymetrix [5734850] (imputed)	N	non-melanoma skin carcinoma	http://www.ebi.ac.uk/efo/EFO_0009260	GCST005896	Genome-wide genotyping array
2018-07-16	29739929	Visconti A	2018-05-08	Nat Commun	www.ncbi.nlm.nih.gov/pubmed/29739929	Genome-wide association study in 176,678 Europeans reveals genetic loci for tanning response to sun exposure.	Non-melanoma skin cancer	5,912 European ancestry cases, 181,740 European ancestry controls		20q11.23	20	35957573	NR	CNBD2, SCAND1			ENSG00000149646, ENSG00000171222			rs4911523-G	rs4911523	0	4911523	intergenic_variant	0	NR	1E-7	7.0		1.18768	[1.11454-1.26563]	Affymetrix [5734850] (imputed)	N	non-melanoma skin carcinoma	http://www.ebi.ac.uk/efo/EFO_0009260	GCST005896	Genome-wide genotyping array
2018-07-16	29739929	Visconti A	2018-05-08	Nat Commun	www.ncbi.nlm.nih.gov/pubmed/29739929	Genome-wide association study in 176,678 Europeans reveals genetic loci for tanning response to sun exposure.	Non-melanoma skin cancer	5,912 European ancestry cases, 181,740 European ancestry controls		20q11.21	20	32775561	NR	DNMT3B			ENSG00000088305			rs55768819-C	rs55768819	0	55768819	intron_variant	0	NR	4E-6	5.3979400086720375		1.1967835	[1.11-1.29]	Affymetrix [5734850] (imputed)	N	non-melanoma skin carcinoma	http://www.ebi.ac.uk/efo/EFO_0009260	GCST005896	Genome-wide genotyping array
2018-07-16	29739929	Visconti A	2018-05-08	Nat Commun	www.ncbi.nlm.nih.gov/pubmed/29739929	Genome-wide association study in 176,678 Europeans reveals genetic loci for tanning response to sun exposure.	Non-melanoma skin cancer	5,912 European ancestry cases, 181,740 European ancestry controls		20q11.22	20	34648892	NR	PIGU			ENSG00000101464			rs56238684-G	rs56238684	0	56238684	intron_variant	0	NR	8E-16	15.096910013008056		1.2723489	[1.2-1.35]	Affymetrix [5734850] (imputed)	N	non-melanoma skin carcinoma	http://www.ebi.ac.uk/efo/EFO_0009260	GCST005896	Genome-wide genotyping array
2018-07-16	29739929	Visconti A	2018-05-08	Nat Commun	www.ncbi.nlm.nih.gov/pubmed/29739929	Genome-wide association study in 176,678 Europeans reveals genetic loci for tanning response to sun exposure.	Non-melanoma skin cancer	5,912 European ancestry cases, 181,740 European ancestry controls		14q21.3	14	48718707	NR	RPL18P1 - ATP5MC2P2	ENSG00000242417	ENSG00000258401		228273	655259	rs60061574-C	rs60061574	0	60061574	intron_variant	1	NR	5E-6	5.301029995663981		1.22731	[1.12407-1.34002]	Affymetrix [5734850] (imputed)	N	non-melanoma skin carcinoma	http://www.ebi.ac.uk/efo/EFO_0009260	GCST005896	Genome-wide genotyping array
2018-07-16	29739929	Visconti A	2018-05-08	Nat Commun	www.ncbi.nlm.nih.gov/pubmed/29739929	Genome-wide association study in 176,678 Europeans reveals genetic loci for tanning response to sun exposure.	Non-melanoma skin cancer	5,912 European ancestry cases, 181,740 European ancestry controls		20q13.13	20	50775369	NR	PARD6B - BCAS4	ENSG00000124171	ENSG00000124243		18574	19525	rs6013012-T	rs6013012	0	6013012	intergenic_variant	1	NR	1E-7	7.0		1.12342	[1.07596-1.17298]	Affymetrix [5734850] (imputed)	N	non-melanoma skin carcinoma	http://www.ebi.ac.uk/efo/EFO_0009260	GCST005896	Genome-wide genotyping array
2018-07-16	29739929	Visconti A	2018-05-08	Nat Commun	www.ncbi.nlm.nih.gov/pubmed/29739929	Genome-wide association study in 176,678 Europeans reveals genetic loci for tanning response to sun exposure.	Non-melanoma skin cancer	5,912 European ancestry cases, 181,740 European ancestry controls		20q11.22	20	34077942	RALY, ASIP	RALY			ENSG00000125970			rs6059655-G	rs6059655	0	6059655	intron_variant	0	NR	8E-17	16.096910013008056		1.27	[1.20-1.35]	Affymetrix [5734850] (imputed)	N	non-melanoma skin carcinoma	http://www.ebi.ac.uk/efo/EFO_0009260	GCST005896	Genome-wide genotyping array
2018-07-16	29739929	Visconti A	2018-05-08	Nat Commun	www.ncbi.nlm.nih.gov/pubmed/29739929	Genome-wide association study in 176,678 Europeans reveals genetic loci for tanning response to sun exposure.	Non-melanoma skin cancer	5,912 European ancestry cases, 181,740 European ancestry controls		20q11.23	20	35802605	NR	PHF20			ENSG00000025293			rs6060612-G	rs6060612	0	6060612	intron_variant	0	NR	2E-6	5.698970004336019		1.15144	[1.08712-1.21956]	Affymetrix [5734850] (imputed)	N	non-melanoma skin carcinoma	http://www.ebi.ac.uk/efo/EFO_0009260	GCST005896	Genome-wide genotyping array
2018-07-16	29739929	Visconti A	2018-05-08	Nat Commun	www.ncbi.nlm.nih.gov/pubmed/29739929	Genome-wide association study in 176,678 Europeans reveals genetic loci for tanning response to sun exposure.	Non-melanoma skin cancer	5,912 European ancestry cases, 181,740 European ancestry controls		20p13	20	2281891	TGM3	LINC03086 - TGM3	ENSG00000226644	ENSG00000125780		68740	14110	rs6082600-T	rs6082600	0	6082600	intron_variant	1	NR	1E-18	18.0		1.25	[1.19-1.32]	Affymetrix [5734850] (imputed)	N	non-melanoma skin carcinoma	http://www.ebi.ac.uk/efo/EFO_0009260	GCST005896	Genome-wide genotyping array
2018-07-16	29739929	Visconti A	2018-05-08	Nat Commun	www.ncbi.nlm.nih.gov/pubmed/29739929	Genome-wide association study in 176,678 Europeans reveals genetic loci for tanning response to sun exposure.	Non-melanoma skin cancer	5,912 European ancestry cases, 181,740 European ancestry controls		15q12	15	27170066	NR	GABRG3			ENSG00000182256			rs61435271-A	rs61435271	0	61435271	intron_variant	0	NR	9E-6	5.045757490560675		1.2291112	[1.12-1.35]	Affymetrix [5734850] (imputed)	N	non-melanoma skin carcinoma	http://www.ebi.ac.uk/efo/EFO_0009260	GCST005896	Genome-wide genotyping array
2018-07-16	29739929	Visconti A	2018-05-08	Nat Commun	www.ncbi.nlm.nih.gov/pubmed/29739929	Genome-wide association study in 176,678 Europeans reveals genetic loci for tanning response to sun exposure.	Non-melanoma skin cancer	5,912 European ancestry cases, 181,740 European ancestry controls		20q11.22	20	33917852	NR	TPM3P2 - PIGPP3	ENSG00000214200	ENSG00000228958		4516	47310	rs62209647-G	rs62209647	0	62209647	intron_variant	1	NR	1E-15	15.0		1.2676954	[1.2-1.34]	Affymetrix [5734850] (imputed)	N	non-melanoma skin carcinoma	http://www.ebi.ac.uk/efo/EFO_0009260	GCST005896	Genome-wide genotyping array
2018-07-16	29739929	Visconti A	2018-05-08	Nat Commun	www.ncbi.nlm.nih.gov/pubmed/29739929	Genome-wide association study in 176,678 Europeans reveals genetic loci for tanning response to sun exposure.	Non-melanoma skin cancer	5,912 European ancestry cases, 181,740 European ancestry controls		20q11.22	20	35400311	NR	UQCC1			ENSG00000101019			rs62210588-A	rs62210588	0	62210588	intron_variant	0	NR	7E-10	9.154901959985743		1.2082738	[1.14-1.28]	Affymetrix [5734850] (imputed)	N	non-melanoma skin carcinoma	http://www.ebi.ac.uk/efo/EFO_0009260	GCST005896	Genome-wide genotyping array
2018-07-16	29739929	Visconti A	2018-05-08	Nat Commun	www.ncbi.nlm.nih.gov/pubmed/29739929	Genome-wide association study in 176,678 Europeans reveals genetic loci for tanning response to sun exposure.	Non-melanoma skin cancer	5,912 European ancestry cases, 181,740 European ancestry controls		20q11.22	20	34823858	NR	NCOA6			ENSG00000198646			rs62211621-T	rs62211621	0	62211621	intron_variant	0	NR	1E-13	13.0		1.2415065	[1.17-1.31]	Affymetrix [5734850] (imputed)	N	non-melanoma skin carcinoma	http://www.ebi.ac.uk/efo/EFO_0009260	GCST005896	Genome-wide genotyping array
2018-07-16	29739929	Visconti A	2018-05-08	Nat Commun	www.ncbi.nlm.nih.gov/pubmed/29739929	Genome-wide association study in 176,678 Europeans reveals genetic loci for tanning response to sun exposure.	Non-melanoma skin cancer	5,912 European ancestry cases, 181,740 European ancestry controls		5q33.3	5	158281830	NR	MARK2P11 - LINC02227	ENSG00000253743	ENSG00000276778		291840	38853	rs62385132-A	rs62385132	0	62385132	intron_variant	1	NR	5E-6	5.301029995663981		1.1438	[1.07957-1.21185]	Affymetrix [5734850] (imputed)	N	non-melanoma skin carcinoma	http://www.ebi.ac.uk/efo/EFO_0009260	GCST005896	Genome-wide genotyping array
2018-07-16	29739929	Visconti A	2018-05-08	Nat Commun	www.ncbi.nlm.nih.gov/pubmed/29739929	Genome-wide association study in 176,678 Europeans reveals genetic loci for tanning response to sun exposure.	Non-melanoma skin cancer	5,912 European ancestry cases, 181,740 European ancestry controls		3q12.3	3	101630800	NR	Y_RNA - Y_RNA	ENSG00000200544	ENSG00000200544		2394	16621	rs6441620-A	rs6441620	0	6441620	intergenic_variant	1	NR	5E-6	5.301029995663981		1.09089	[1.05094-1.13236]	Affymetrix [5734850] (imputed)	N	non-melanoma skin carcinoma	http://www.ebi.ac.uk/efo/EFO_0009260	GCST005896	Genome-wide genotyping array
2018-07-16	29739929	Visconti A	2018-05-08	Nat Commun	www.ncbi.nlm.nih.gov/pubmed/29739929	Genome-wide association study in 176,678 Europeans reveals genetic loci for tanning response to sun exposure.	Non-melanoma skin cancer	5,912 European ancestry cases, 181,740 European ancestry controls		2p11.2	2	88295054	THNSL2	THNSL2 - MRPL45P1	ENSG00000144115	ENSG00000232508		108418	69641	rs6709352-C	rs6709352	0	6709352	intron_variant	1	NR	8E-10	9.096910013008056		1.23	[1.15-1.31]	Affymetrix [5734850] (imputed)	N	non-melanoma skin carcinoma	http://www.ebi.ac.uk/efo/EFO_0009260	GCST005896	Genome-wide genotyping array
2018-07-16	29739929	Visconti A	2018-05-08	Nat Commun	www.ncbi.nlm.nih.gov/pubmed/29739929	Genome-wide association study in 176,678 Europeans reveals genetic loci for tanning response to sun exposure.	Non-melanoma skin cancer	5,912 European ancestry cases, 181,740 European ancestry controls		6q15	6	90267049	NR	BACH2			ENSG00000112182			rs72928038-A	rs72928038	0	72928038	intron_variant	0	NR	1E-6	6.0		1.13286	[1.07758-1.19096]	Affymetrix [5734850] (imputed)	N	non-melanoma skin carcinoma	http://www.ebi.ac.uk/efo/EFO_0009260	GCST005896	Genome-wide genotyping array
2018-07-16	29739929	Visconti A	2018-05-08	Nat Commun	www.ncbi.nlm.nih.gov/pubmed/29739929	Genome-wide association study in 176,678 Europeans reveals genetic loci for tanning response to sun exposure.	Non-melanoma skin cancer	5,912 European ancestry cases, 181,740 European ancestry controls		16q24.3	16	90000776	NR	AFG3L1P, AFG3L1P			ENSG00000293510, ENSG00000223959			rs73283869-G	rs73283869	0	73283869	non_coding_transcript_exon_variant	0	NR	2E-20	19.69897000433602		1.3117747	[1.24-1.39]	Affymetrix [5734850] (imputed)	N	non-melanoma skin carcinoma	http://www.ebi.ac.uk/efo/EFO_0009260	GCST005896	Genome-wide genotyping array
2018-07-16	29739929	Visconti A	2018-05-08	Nat Commun	www.ncbi.nlm.nih.gov/pubmed/29739929	Genome-wide association study in 176,678 Europeans reveals genetic loci for tanning response to sun exposure.	Non-melanoma skin cancer	5,912 European ancestry cases, 181,740 European ancestry controls		6p25.3	6	615736	NR	EXOC2			ENSG00000112685			rs74445037-A	rs74445037	0	74445037	intron_variant	0	NR	6E-6	5.221848749616356		1.1484511	[1.08-1.22]	Affymetrix [5734850] (imputed)	N	non-melanoma skin carcinoma	http://www.ebi.ac.uk/efo/EFO_0009260	GCST005896	Genome-wide genotyping array
2018-07-16	29739929	Visconti A	2018-05-08	Nat Commun	www.ncbi.nlm.nih.gov/pubmed/29739929	Genome-wide association study in 176,678 Europeans reveals genetic loci for tanning response to sun exposure.	Non-melanoma skin cancer	5,912 European ancestry cases, 181,740 European ancestry controls		5q12.1	5	61565295	NR	ZSWIM6 - LINC03122	ENSG00000130449	ENSG00000178722		19123	30418	rs10042706-A	rs10042706	0	10042706	intergenic_variant	1	NR	2E-6	5.698970004336019		1.1519185	[1.09-1.22]	Affymetrix [5734850] (imputed)	N	non-melanoma skin carcinoma	http://www.ebi.ac.uk/efo/EFO_0009260	GCST005896	Genome-wide genotyping array
2018-07-16	29739929	Visconti A	2018-05-08	Nat Commun	www.ncbi.nlm.nih.gov/pubmed/29739929	Genome-wide association study in 176,678 Europeans reveals genetic loci for tanning response to sun exposure.	Non-melanoma skin cancer	5,912 European ancestry cases, 181,740 European ancestry controls		8q22.2	8	100049910	RGS22	RGS22			ENSG00000132554			rs10099237-C	rs10099237	0	10099237	intron_variant	0	NR	5E-13	12.301029995663981		1.22	[1.16-1.29]	Affymetrix [5734850] (imputed)	N	non-melanoma skin carcinoma	http://www.ebi.ac.uk/efo/EFO_0009260	GCST005896	Genome-wide genotyping array
2018-07-16	29739929	Visconti A	2018-05-08	Nat Commun	www.ncbi.nlm.nih.gov/pubmed/29739929	Genome-wide association study in 176,678 Europeans reveals genetic loci for tanning response to sun exposure.	Non-melanoma skin cancer	5,912 European ancestry cases, 181,740 European ancestry controls		2q33.1	2	201377184	NR	CASP8 - TRAK2	ENSG00000064012	ENSG00000115993		15348	23	rs10202963-G	rs10202963	0	10202963	intergenic_variant	1	NR	9E-9	8.045757490560675		1.11491	[1.07426-1.15709]	Affymetrix [5734850] (imputed)	N	non-melanoma skin carcinoma	http://www.ebi.ac.uk/efo/EFO_0009260	GCST005896	Genome-wide genotyping array
2018-07-16	29739929	Visconti A	2018-05-08	Nat Commun	www.ncbi.nlm.nih.gov/pubmed/29739929	Genome-wide association study in 176,678 Europeans reveals genetic loci for tanning response to sun exposure.	Non-melanoma skin cancer	5,912 European ancestry cases, 181,740 European ancestry controls		8q21.13	8	76694374	NR	ZFHX4, ZFHX4-AS1			ENSG00000091656, ENSG00000253661			rs1034484-A	rs1034484	0	1034484	intron_variant	0	NR	8E-7	6.096910013008056		1.28163	[1.16156-1.41412]	Affymetrix [5734850] (imputed)	N	non-melanoma skin carcinoma	http://www.ebi.ac.uk/efo/EFO_0009260	GCST005896	Genome-wide genotyping array
2018-07-16	29739929	Visconti A	2018-05-08	Nat Commun	www.ncbi.nlm.nih.gov/pubmed/29739929	Genome-wide association study in 176,678 Europeans reveals genetic loci for tanning response to sun exposure.	Non-melanoma skin cancer	5,912 European ancestry cases, 181,740 European ancestry controls		9p21.3	9	22049131	CDKN2B	CDKN2B-AS1			ENSG00000240498			rs10738605-G	rs10738605	0	10738605	non_coding_transcript_exon_variant	0	NR	6E-10	9.221848749616356		1.13	[1.08-1.17]	Affymetrix [5734850] (imputed)	N	non-melanoma skin carcinoma	http://www.ebi.ac.uk/efo/EFO_0009260	GCST005896	Genome-wide genotyping array
2018-07-16	29739929	Visconti A	2018-05-08	Nat Commun	www.ncbi.nlm.nih.gov/pubmed/29739929	Genome-wide association study in 176,678 Europeans reveals genetic loci for tanning response to sun exposure.	Non-melanoma skin cancer	5,912 European ancestry cases, 181,740 European ancestry controls		10q21.3	10	65864212	NR	LINC01515			ENSG00000228065			rs10996738-G	rs10996738	0	10996738	intergenic_variant	0	NR	1E-6	6.0		1.1212798	[1.07-1.17]	Affymetrix [5734850] (imputed)	N	non-melanoma skin carcinoma	http://www.ebi.ac.uk/efo/EFO_0009260	GCST005896	Genome-wide genotyping array
2018-07-16	29739929	Visconti A	2018-05-08	Nat Commun	www.ncbi.nlm.nih.gov/pubmed/29739929	Genome-wide association study in 176,678 Europeans reveals genetic loci for tanning response to sun exposure.	Non-melanoma skin cancer	5,912 European ancestry cases, 181,740 European ancestry controls		5p15.33	5	3288331	NR	LINC01377 - LINC01019	ENSG00000249808	ENSG00000248118		106842	68933	rs11133982-T	rs11133982	0	11133982	intergenic_variant	1	NR	4E-6	5.3979400086720375		1.1404785	[1.08-1.21]	Affymetrix [5734850] (imputed)	N	non-melanoma skin carcinoma	http://www.ebi.ac.uk/efo/EFO_0009260	GCST005896	Genome-wide genotyping array
2018-07-16	29739929	Visconti A	2018-05-08	Nat Commun	www.ncbi.nlm.nih.gov/pubmed/29739929	Genome-wide association study in 176,678 Europeans reveals genetic loci for tanning response to sun exposure.	Non-melanoma skin cancer	5,912 European ancestry cases, 181,740 European ancestry controls		12q13.13	12	52519884	KRT5	KRT5			ENSG00000186081			rs11170164-C	rs11170164	0	11170164	missense_variant	0	NR	2E-12	11.698970004336019		1.25	[1.18-1.33]	Affymetrix [5734850] (imputed)	N	non-melanoma skin carcinoma	http://www.ebi.ac.uk/efo/EFO_0009260	GCST005896	Genome-wide genotyping array
2018-07-16	29739929	Visconti A	2018-05-08	Nat Commun	www.ncbi.nlm.nih.gov/pubmed/29739929	Genome-wide association study in 176,678 Europeans reveals genetic loci for tanning response to sun exposure.	Non-melanoma skin cancer	5,912 European ancestry cases, 181,740 European ancestry controls		20q11.22	20	33770937	NR	ZNF341			ENSG00000131061			rs111930714-G	rs111930714	0	111930714	intron_variant	0	NR	4E-15	14.397940008672037		1.2705625	[1.2-1.35]	Affymetrix [5734850] (imputed)	N	non-melanoma skin carcinoma	http://www.ebi.ac.uk/efo/EFO_0009260	GCST005896	Genome-wide genotyping array
2018-07-16	29739929	Visconti A	2018-05-08	Nat Commun	www.ncbi.nlm.nih.gov/pubmed/29739929	Genome-wide association study in 176,678 Europeans reveals genetic loci for tanning response to sun exposure.	Non-melanoma skin cancer	5,912 European ancestry cases, 181,740 European ancestry controls		2q33.1	2	200819130	NR	BZW1			ENSG00000082153			rs115798498-G	rs115798498	0	115798498	intron_variant	0	NR	6E-6	5.221848749616356		1.1780269	[1.1-1.26]	Affymetrix [5734850] (imputed)	N	non-melanoma skin carcinoma	http://www.ebi.ac.uk/efo/EFO_0009260	GCST005896	Genome-wide genotyping array
2018-07-16	29739929	Visconti A	2018-05-08	Nat Commun	www.ncbi.nlm.nih.gov/pubmed/29739929	Genome-wide association study in 176,678 Europeans reveals genetic loci for tanning response to sun exposure.	Non-melanoma skin cancer	5,912 European ancestry cases, 181,740 European ancestry controls		3p13	3	71454328	FOXP1	FOXP1			ENSG00000114861			rs11707890-T	rs11707890	0	11707890	intron_variant	0	NR	1E-10	10.0		1.1235955	[1.09-1.18]	Affymetrix [5734850] (imputed)	N	non-melanoma skin carcinoma	http://www.ebi.ac.uk/efo/EFO_0009260	GCST005896	Genome-wide genotyping array
2018-07-16	29739929	Visconti A	2018-05-08	Nat Commun	www.ncbi.nlm.nih.gov/pubmed/29739929	Genome-wide association study in 176,678 Europeans reveals genetic loci for tanning response to sun exposure.	Non-melanoma skin cancer	5,912 European ancestry cases, 181,740 European ancestry controls		16q24.3	16	89195754	NR	CDH15 - SLC22A31	ENSG00000129910	ENSG00000259803		262	7	rs117382825-C	rs117382825	0	117382825	intergenic_variant	1	NR	2E-8	7.698970004336019		1.3015071	[1.19-1.43]	Affymetrix [5734850] (imputed)	N	non-melanoma skin carcinoma	http://www.ebi.ac.uk/efo/EFO_0009260	GCST005896	Genome-wide genotyping array
2018-07-16	29739929	Visconti A	2018-05-08	Nat Commun	www.ncbi.nlm.nih.gov/pubmed/29739929	Genome-wide association study in 176,678 Europeans reveals genetic loci for tanning response to sun exposure.	Non-melanoma skin cancer	5,912 European ancestry cases, 181,740 European ancestry controls		7p14.3	7	29092663	CPVL	CPVL			ENSG00000106066			rs117744081-G	rs117744081	0	117744081	missense_variant	0	NR	3E-9	8.522878745280337		1.45	[1.28-1.64	Affymetrix [5734850] (imputed)	N	non-melanoma skin carcinoma	http://www.ebi.ac.uk/efo/EFO_0009260	GCST005896	Genome-wide genotyping array
2018-07-16	29739929	Visconti A	2018-05-08	Nat Commun	www.ncbi.nlm.nih.gov/pubmed/29739929	Genome-wide association study in 176,678 Europeans reveals genetic loci for tanning response to sun exposure.	Non-melanoma skin cancer	5,912 European ancestry cases, 181,740 European ancestry controls		8p23.1	8	11978809	DEFB135	DEFB136 - DEFB135	ENSG00000205884	ENSG00000205883		4210	3447	rs11774568-C	rs11774568	0	11774568	intron_variant	1	NR	4E-8	7.3979400086720375		1.1235955	[1.08-1.16]	Affymetrix [5734850] (imputed)	N	non-melanoma skin carcinoma	http://www.ebi.ac.uk/efo/EFO_0009260	GCST005896	Genome-wide genotyping array
2018-07-16	29739929	Visconti A	2018-05-08	Nat Commun	www.ncbi.nlm.nih.gov/pubmed/29739929	Genome-wide association study in 176,678 Europeans reveals genetic loci for tanning response to sun exposure.	Non-melanoma skin cancer	5,912 European ancestry cases, 181,740 European ancestry controls		8p23.1	8	11802194	NR	FDFT1			ENSG00000079459			rs12056541-T	rs12056541	0	12056541	non_coding_transcript_exon_variant	0	NR	3E-6	5.522878745280337		1.1185808	[1.07-1.17]	Affymetrix [5734850] (imputed)	N	non-melanoma skin carcinoma	http://www.ebi.ac.uk/efo/EFO_0009260	GCST005896	Genome-wide genotyping array
2018-07-16	29739929	Visconti A	2018-05-08	Nat Commun	www.ncbi.nlm.nih.gov/pubmed/29739929	Genome-wide association study in 176,678 Europeans reveals genetic loci for tanning response to sun exposure.	Non-melanoma skin cancer	5,912 European ancestry cases, 181,740 European ancestry controls		1q42.13	1	228858641	RHOU	RHOU - LINC02814	ENSG00000116574	ENSG00000236975		111977	164132	rs12070203-C	rs12070203	0	12070203	non_coding_transcript_exon_variant	1	NR	8E-22	21.096910013008056		1.2195122	[1.18-1.28]	Affymetrix [5734850] (imputed)	N	non-melanoma skin carcinoma	http://www.ebi.ac.uk/efo/EFO_0009260	GCST005896	Genome-wide genotyping array
2018-07-16	29739929	Visconti A	2018-05-08	Nat Commun	www.ncbi.nlm.nih.gov/pubmed/29739929	Genome-wide association study in 176,678 Europeans reveals genetic loci for tanning response to sun exposure.	Non-melanoma skin cancer	5,912 European ancestry cases, 181,740 European ancestry controls		1p35.3	1	29118715	NR	EPB41			ENSG00000159023			rs12120422-C	rs12120422	0	12120422	3_prime_UTR_variant	0	NR	2E-6	5.698970004336019		1.12867	[1.07358-1.18658]	Affymetrix [5734850] (imputed)	N	non-melanoma skin carcinoma	http://www.ebi.ac.uk/efo/EFO_0009260	GCST005896	Genome-wide genotyping array
2018-07-16	29739929	Visconti A	2018-05-08	Nat Commun	www.ncbi.nlm.nih.gov/pubmed/29739929	Genome-wide association study in 176,678 Europeans reveals genetic loci for tanning response to sun exposure.	Non-melanoma skin cancer	5,912 European ancestry cases, 181,740 European ancestry controls		16q24.3	16	89726448	MC1R	ZNF276			ENSG00000158805			rs12925026-C	rs12925026	0	12925026	intron_variant	0	NR	5E-24	23.30102999566398		1.3333333	[1.27-1.41]	Affymetrix [5734850] (imputed)	N	non-melanoma skin carcinoma	http://www.ebi.ac.uk/efo/EFO_0009260	GCST005896	Genome-wide genotyping array
2018-07-16	29739929	Visconti A	2018-05-08	Nat Commun	www.ncbi.nlm.nih.gov/pubmed/29739929	Genome-wide association study in 176,678 Europeans reveals genetic loci for tanning response to sun exposure.	Non-melanoma skin cancer	5,912 European ancestry cases, 181,740 European ancestry controls		19q13.41	19	52316562	NR	ZNF480			ENSG00000198464			rs12978395-A	rs12978395	0	12978395	intron_variant	0	NR	2E-6	5.698970004336019		1.2327157	[1.13-1.34]	Affymetrix [5734850] (imputed)	N	non-melanoma skin carcinoma	http://www.ebi.ac.uk/efo/EFO_0009260	GCST005896	Genome-wide genotyping array
2018-07-16	29739929	Visconti A	2018-05-08	Nat Commun	www.ncbi.nlm.nih.gov/pubmed/29739929	Genome-wide association study in 176,678 Europeans reveals genetic loci for tanning response to sun exposure.	Non-melanoma skin cancer	5,912 European ancestry cases, 181,740 European ancestry controls		6p21.32	6	32703326	NR	HLA-DQB1 - MTCO3P1	ENSG00000179344	ENSG00000235040		34943	2798	rs13192471-T	rs13192471	0	13192471	intergenic_variant	1	NR	7E-8	7.154901959985743		1.1493434	[1.09-1.21]	Affymetrix [5734850] (imputed)	N	non-melanoma skin carcinoma	http://www.ebi.ac.uk/efo/EFO_0009260	GCST005896	Genome-wide genotyping array
2018-07-16	29739929	Visconti A	2018-05-08	Nat Commun	www.ncbi.nlm.nih.gov/pubmed/29739929	Genome-wide association study in 176,678 Europeans reveals genetic loci for tanning response to sun exposure.	Non-melanoma skin cancer	5,912 European ancestry cases, 181,740 European ancestry controls		9p22.2	9	16886540	NR	BNC2 - RN7SL720P	ENSG00000173068	ENSG00000241152		15638	167361	rs13296795-A	rs13296795	0	13296795	intergenic_variant	1	NR	7E-6	5.154901959985743		1.28221	[1.1509-1.4285]	Affymetrix [5734850] (imputed)	N	non-melanoma skin carcinoma	http://www.ebi.ac.uk/efo/EFO_0009260	GCST005896	Genome-wide genotyping array
2018-07-16	29739929	Visconti A	2018-05-08	Nat Commun	www.ncbi.nlm.nih.gov/pubmed/29739929	Genome-wide association study in 176,678 Europeans reveals genetic loci for tanning response to sun exposure.	Non-melanoma skin cancer	5,912 European ancestry cases, 181,740 European ancestry controls		17p13.1	17	7796745	NR	DNAH2			ENSG00000183914			rs138420351-C	rs138420351	0	138420351	intron_variant	0	NR	5E-8	7.301029995663981		1.5596974	[1.33-1.83]	Affymetrix [5734850] (imputed)	N	non-melanoma skin carcinoma	http://www.ebi.ac.uk/efo/EFO_0009260	GCST005896	Genome-wide genotyping array
2018-07-16	29739929	Visconti A	2018-05-08	Nat Commun	www.ncbi.nlm.nih.gov/pubmed/29739929	Genome-wide association study in 176,678 Europeans reveals genetic loci for tanning response to sun exposure.	Non-melanoma skin cancer	5,912 European ancestry cases, 181,740 European ancestry controls		9p22.3	9	16489762	NR	BNC2			ENSG00000173068			rs141457510-C	rs141457510	0	141457510	intron_variant	0	NR	2E-6	5.698970004336019		1.3428588	[1.19-1.51]	Affymetrix [5734850] (imputed)	N	non-melanoma skin carcinoma	http://www.ebi.ac.uk/efo/EFO_0009260	GCST005896	Genome-wide genotyping array
2018-07-16	29739929	Visconti A	2018-05-08	Nat Commun	www.ncbi.nlm.nih.gov/pubmed/29739929	Genome-wide association study in 176,678 Europeans reveals genetic loci for tanning response to sun exposure.	Non-melanoma skin cancer	5,912 European ancestry cases, 181,740 European ancestry controls		1p35.1	1	33588629	NR	CSMD2			ENSG00000121904			rs1417965-G	rs1417965	0	1417965	intron_variant	0	NR	3E-6	5.522878745280337		1.12516	[1.07124-1.18179]	Affymetrix [5734850] (imputed)	N	non-melanoma skin carcinoma	http://www.ebi.ac.uk/efo/EFO_0009260	GCST005896	Genome-wide genotyping array
2018-07-16	29739929	Visconti A	2018-05-08	Nat Commun	www.ncbi.nlm.nih.gov/pubmed/29739929	Genome-wide association study in 176,678 Europeans reveals genetic loci for tanning response to sun exposure.	Non-melanoma skin cancer	5,912 European ancestry cases, 181,740 European ancestry controls		6p25.3	6	392364	IRF4	IRF4			ENSG00000137265			rs147430042-A	rs147430042	0	147430042	non_coding_transcript_exon_variant	0	NR	8E-13	12.096910013008056		1.724138	[1.47-2]	Affymetrix [5734850] (imputed)	N	non-melanoma skin carcinoma	http://www.ebi.ac.uk/efo/EFO_0009260	GCST005896	Genome-wide genotyping array
2018-07-16	29739929	Visconti A	2018-05-08	Nat Commun	www.ncbi.nlm.nih.gov/pubmed/29739929	Genome-wide association study in 176,678 Europeans reveals genetic loci for tanning response to sun exposure.	Non-melanoma skin cancer	5,912 European ancestry cases, 181,740 European ancestry controls		11q14.3	11	88723659	NR	GRM5			ENSG00000168959			rs1532548-T	rs1532548	0	1532548	intron_variant	0	NR	9E-6	5.045757490560675		1.1181755	[1.06-1.17]	Affymetrix [5734850] (imputed)	N	non-melanoma skin carcinoma	http://www.ebi.ac.uk/efo/EFO_0009260	GCST005896	Genome-wide genotyping array
2018-07-16	29739929	Visconti A	2018-05-08	Nat Commun	www.ncbi.nlm.nih.gov/pubmed/29739929	Genome-wide association study in 176,678 Europeans reveals genetic loci for tanning response to sun exposure.	Non-melanoma skin cancer	5,912 European ancestry cases, 181,740 European ancestry controls		7q32.3	7	130900794	LINC-PINT	LINC-PINT, LINC00513			ENSG00000231721, ENSG00000233559			rs157935-G	rs157935	0	157935	intron_variant	0	NR	9E-10	9.045757490560675		1.14	[1.09-1.19]	Affymetrix [5734850] (imputed)	N	non-melanoma skin carcinoma	http://www.ebi.ac.uk/efo/EFO_0009260	GCST005896	Genome-wide genotyping array
2018-07-16	29739929	Visconti A	2018-05-08	Nat Commun	www.ncbi.nlm.nih.gov/pubmed/29739929	Genome-wide association study in 176,678 Europeans reveals genetic loci for tanning response to sun exposure.	Non-melanoma skin cancer	5,912 European ancestry cases, 181,740 European ancestry controls		2p24.3	2	16318366	FAM49A	GACAT3 - CYRIA	ENSG00000236289	ENSG00000197872		231165	231093	rs16982256-T	rs16982256	0	16982256	intron_variant	1	NR	5E-8	7.301029995663981		1.49	[1.29-1.73]	Affymetrix [5734850] (imputed)	N	non-melanoma skin carcinoma	http://www.ebi.ac.uk/efo/EFO_0009260	GCST005896	Genome-wide genotyping array
2018-07-16	29739929	Visconti A	2018-05-08	Nat Commun	www.ncbi.nlm.nih.gov/pubmed/29739929	Genome-wide association study in 176,678 Europeans reveals genetic loci for tanning response to sun exposure.	Non-melanoma skin cancer	5,912 European ancestry cases, 181,740 European ancestry controls		20q11.21	20	33480139	NR	SNTA1 - CBFA2T2	ENSG00000101400	ENSG00000078699		36254	9936	rs17401449-A	rs17401449	0	17401449	intergenic_variant	1	NR	1E-14	14.0		1.2658292	[1.19-1.34]	Affymetrix [5734850] (imputed)	N	non-melanoma skin carcinoma	http://www.ebi.ac.uk/efo/EFO_0009260	GCST005896	Genome-wide genotyping array
2018-07-16	29739929	Visconti A	2018-05-08	Nat Commun	www.ncbi.nlm.nih.gov/pubmed/29739929	Genome-wide association study in 176,678 Europeans reveals genetic loci for tanning response to sun exposure.	Non-melanoma skin cancer	5,912 European ancestry cases, 181,740 European ancestry controls		8q21.13	8	76556443	ZFHX4	ZFHX4-AS1			ENSG00000253661			rs17431641-T	rs17431641	0	17431641	intron_variant	0	NR	2E-16	15.698970004336019		1.45	[1.32-1.58]	Affymetrix [5734850] (imputed)	N	non-melanoma skin carcinoma	http://www.ebi.ac.uk/efo/EFO_0009260	GCST005896	Genome-wide genotyping array
2018-07-16	29739929	Visconti A	2018-05-08	Nat Commun	www.ncbi.nlm.nih.gov/pubmed/29739929	Genome-wide association study in 176,678 Europeans reveals genetic loci for tanning response to sun exposure.	Non-melanoma skin cancer	5,912 European ancestry cases, 181,740 European ancestry controls		8q21.13	8	76814751	NR	ZFHX4			ENSG00000091656			rs17437952-A	rs17437952	0	17437952	intron_variant	0	NR	4E-6	5.3979400086720375		1.26813	[1.14595-1.40333]	Affymetrix [5734850] (imputed)	N	non-melanoma skin carcinoma	http://www.ebi.ac.uk/efo/EFO_0009260	GCST005896	Genome-wide genotyping array
2018-07-16	29739929	Visconti A	2018-05-08	Nat Commun	www.ncbi.nlm.nih.gov/pubmed/29739929	Genome-wide association study in 176,678 Europeans reveals genetic loci for tanning response to sun exposure.	Non-melanoma skin cancer	5,912 European ancestry cases, 181,740 European ancestry controls		20q11.22	20	34989186	NR	MYH7B			ENSG00000078814			rs1885120-G	rs1885120	0	1885120	intron_variant	0	NR	2E-13	12.698970004336019		1.24275	[1.17278-1.31689]	Affymetrix [5734850] (imputed)	N	non-melanoma skin carcinoma	http://www.ebi.ac.uk/efo/EFO_0009260	GCST005896	Genome-wide genotyping array
2018-07-16	29739929	Visconti A	2018-05-08	Nat Commun	www.ncbi.nlm.nih.gov/pubmed/29739929	Genome-wide association study in 176,678 Europeans reveals genetic loci for tanning response to sun exposure.	Non-melanoma skin cancer	5,912 European ancestry cases, 181,740 European ancestry controls		6p22.3	6	22056694	NR	CASC15			ENSG00000272168			rs2294214-A	rs2294214	0	2294214	splice_donor_region_variant	0	NR	2E-6	5.698970004336019		1.0989193	[1.06-1.14]	Affymetrix [5734850] (imputed)	N	non-melanoma skin carcinoma	http://www.ebi.ac.uk/efo/EFO_0009260	GCST005896	Genome-wide genotyping array
2018-07-16	29739929	Visconti A	2018-05-08	Nat Commun	www.ncbi.nlm.nih.gov/pubmed/29739929	Genome-wide association study in 176,678 Europeans reveals genetic loci for tanning response to sun exposure.	Non-melanoma skin cancer	5,912 European ancestry cases, 181,740 European ancestry controls		3p13	3	71578531	NR	FOXP1			ENSG00000114861			rs2322031-T	rs2322031	0	2322031	intron_variant	0	NR	4E-6	5.3979400086720375		1.0954486	[1.05-1.14]	Affymetrix [5734850] (imputed)	N	non-melanoma skin carcinoma	http://www.ebi.ac.uk/efo/EFO_0009260	GCST005896	Genome-wide genotyping array
2018-07-16	29739929	Visconti A	2018-05-08	Nat Commun	www.ncbi.nlm.nih.gov/pubmed/29739929	Genome-wide association study in 176,678 Europeans reveals genetic loci for tanning response to sun exposure.	Non-melanoma skin cancer	5,912 European ancestry cases, 181,740 European ancestry controls		20q11.21	20	33098067	NR	BPIFB4			ENSG00000186191			rs2424952-T	rs2424952	0	2424952	intron_variant	0	NR	8E-13	12.096910013008056		1.2837547	[1.2-1.37]	Affymetrix [5734850] (imputed)	N	non-melanoma skin carcinoma	http://www.ebi.ac.uk/efo/EFO_0009260	GCST005896	Genome-wide genotyping array
2018-07-16	29739929	Visconti A	2018-05-08	Nat Commun	www.ncbi.nlm.nih.gov/pubmed/29739929	Genome-wide association study in 176,678 Europeans reveals genetic loci for tanning response to sun exposure.	Non-melanoma skin cancer	5,912 European ancestry cases, 181,740 European ancestry controls		20q11.22	20	35259351	NR	MMP24OS, MMP24			ENSG00000126005, ENSG00000125966			rs2425025-A	rs2425025	0	2425025	intron_variant	0	NR	7E-13	12.154901959985743		1.24745	[1.17437-1.32508]	Affymetrix [5734850] (imputed)	N	non-melanoma skin carcinoma	http://www.ebi.ac.uk/efo/EFO_0009260	GCST005896	Genome-wide genotyping array
2018-07-16	29739929	Visconti A	2018-05-08	Nat Commun	www.ncbi.nlm.nih.gov/pubmed/29739929	Genome-wide association study in 176,678 Europeans reveals genetic loci for tanning response to sun exposure.	Non-melanoma skin cancer	5,912 European ancestry cases, 181,740 European ancestry controls		16q24.3	16	89440922	NR	ANKRD11			ENSG00000167522			rs74836424-C	rs74836424	0	74836424	intron_variant	0	NR	5E-18	17.30102999566398		1.3097955	[1.23-1.39]	Affymetrix [5734850] (imputed)	N	non-melanoma skin carcinoma	http://www.ebi.ac.uk/efo/EFO_0009260	GCST005896	Genome-wide genotyping array
2018-07-16	29739929	Visconti A	2018-05-08	Nat Commun	www.ncbi.nlm.nih.gov/pubmed/29739929	Genome-wide association study in 176,678 Europeans reveals genetic loci for tanning response to sun exposure.	Non-melanoma skin cancer	5,912 European ancestry cases, 181,740 European ancestry controls		1p36.13	1	17419777	RCC2	RCC2			ENSG00000179051			rs7528427-C	rs7528427	0	7528427	intron_variant	0	NR	1E-24	24.0		1.2195122	[1.18-1.27]	Affymetrix [5734850] (imputed)	N	non-melanoma skin carcinoma	http://www.ebi.ac.uk/efo/EFO_0009260	GCST005896	Genome-wide genotyping array
2018-07-16	29739929	Visconti A	2018-05-08	Nat Commun	www.ncbi.nlm.nih.gov/pubmed/29739929	Genome-wide association study in 176,678 Europeans reveals genetic loci for tanning response to sun exposure.	Non-melanoma skin cancer	5,912 European ancestry cases, 181,740 European ancestry controls		20q11.23	20	36139051	NR	EPB41L1			ENSG00000088367			rs75653149-C	rs75653149	0	75653149	intron_variant	0	NR	2E-6	5.698970004336019		1.162292	[1.09-1.24]	Affymetrix [5734850] (imputed)	N	non-melanoma skin carcinoma	http://www.ebi.ac.uk/efo/EFO_0009260	GCST005896	Genome-wide genotyping array
2018-07-16	29739929	Visconti A	2018-05-08	Nat Commun	www.ncbi.nlm.nih.gov/pubmed/29739929	Genome-wide association study in 176,678 Europeans reveals genetic loci for tanning response to sun exposure.	Non-melanoma skin cancer	5,912 European ancestry cases, 181,740 European ancestry controls		10p14	10	8898991	LOC105755953	LINC02676			ENSG00000234752			rs76141549-A	rs76141549	0	76141549	intron_variant	0	NR	2E-13	12.698970004336019		1.26	[1.19-1.34]	Affymetrix [5734850] (imputed)	N	non-melanoma skin carcinoma	http://www.ebi.ac.uk/efo/EFO_0009260	GCST005896	Genome-wide genotyping array
2018-07-16	29739929	Visconti A	2018-05-08	Nat Commun	www.ncbi.nlm.nih.gov/pubmed/29739929	Genome-wide association study in 176,678 Europeans reveals genetic loci for tanning response to sun exposure.	Non-melanoma skin cancer	5,912 European ancestry cases, 181,740 European ancestry controls		3p25.3	3	11336595	NR	ATG7			ENSG00000197548			rs7625680-G	rs7625680	0	7625680	intron_variant	0	NR	7E-6	5.154901959985743		1.0934352	[1.05-1.14]	Affymetrix [5734850] (imputed)	N	non-melanoma skin carcinoma	http://www.ebi.ac.uk/efo/EFO_0009260	GCST005896	Genome-wide genotyping array
2018-07-16	29739929	Visconti A	2018-05-08	Nat Commun	www.ncbi.nlm.nih.gov/pubmed/29739929	Genome-wide association study in 176,678 Europeans reveals genetic loci for tanning response to sun exposure.	Non-melanoma skin cancer	5,912 European ancestry cases, 181,740 European ancestry controls		2q33.1	2	201502866	NR	C2CD6			ENSG00000155754			rs77688320-T	rs77688320	0	77688320	intron_variant	0	NR	2E-6	5.698970004336019		1.1271746	[1.07-1.18]	Affymetrix [5734850] (imputed)	N	non-melanoma skin carcinoma	http://www.ebi.ac.uk/efo/EFO_0009260	GCST005896	Genome-wide genotyping array
2018-07-16	29739929	Visconti A	2018-05-08	Nat Commun	www.ncbi.nlm.nih.gov/pubmed/29739929	Genome-wide association study in 176,678 Europeans reveals genetic loci for tanning response to sun exposure.	Non-melanoma skin cancer	5,912 European ancestry cases, 181,740 European ancestry controls		4q22.2	4	93667951	NR	GRID2			ENSG00000152208			rs78160260-T	rs78160260	0	78160260	intron_variant	0	NR	5E-6	5.301029995663981		1.389493	[1.21-1.6]	Affymetrix [5734850] (imputed)	N	non-melanoma skin carcinoma	http://www.ebi.ac.uk/efo/EFO_0009260	GCST005896	Genome-wide genotyping array
2018-07-16	29739929	Visconti A	2018-05-08	Nat Commun	www.ncbi.nlm.nih.gov/pubmed/29739929	Genome-wide association study in 176,678 Europeans reveals genetic loci for tanning response to sun exposure.	Non-melanoma skin cancer	5,912 European ancestry cases, 181,740 European ancestry controls		17p13.1	17	7668434	NR	TP53			ENSG00000141510			rs78378222-T	rs78378222	0	78378222	3_prime_UTR_variant	0	NR	7E-7	6.154901959985743		1.4456319	[1.25-1.67]	Affymetrix [5734850] (imputed)	N	non-melanoma skin carcinoma	http://www.ebi.ac.uk/efo/EFO_0009260	GCST005896	Genome-wide genotyping array
2018-07-16	29739929	Visconti A	2018-05-08	Nat Commun	www.ncbi.nlm.nih.gov/pubmed/29739929	Genome-wide association study in 176,678 Europeans reveals genetic loci for tanning response to sun exposure.	Non-melanoma skin cancer	5,912 European ancestry cases, 181,740 European ancestry controls		9q31.1	9	104154635	NR	SMC2 - TOPORSLP	ENSG00000136824	ENSG00000242111		10149	120663	rs7852515-G	rs7852515	0	7852515	intron_variant	1	NR	2E-6	5.698970004336019		1.0947338	[1.05-1.14]	Affymetrix [5734850] (imputed)	N	non-melanoma skin carcinoma	http://www.ebi.ac.uk/efo/EFO_0009260	GCST005896	Genome-wide genotyping array
2018-07-16	29739929	Visconti A	2018-05-08	Nat Commun	www.ncbi.nlm.nih.gov/pubmed/29739929	Genome-wide association study in 176,678 Europeans reveals genetic loci for tanning response to sun exposure.	Non-melanoma skin cancer	5,912 European ancestry cases, 181,740 European ancestry controls		10q22.3	10	77443940	NR	KCNMA1			ENSG00000156113			rs7923095-A	rs7923095	0	7923095	intron_variant	0	NR	9E-6	5.045757490560675		1.1317531	[1.07-1.2]	Affymetrix [5734850] (imputed)	N	non-melanoma skin carcinoma	http://www.ebi.ac.uk/efo/EFO_0009260	GCST005896	Genome-wide genotyping array
2018-07-16	29739929	Visconti A	2018-05-08	Nat Commun	www.ncbi.nlm.nih.gov/pubmed/29739929	Genome-wide association study in 176,678 Europeans reveals genetic loci for tanning response to sun exposure.	Non-melanoma skin cancer	5,912 European ancestry cases, 181,740 European ancestry controls		2p25.1	2	7564729	Intergenic	LINC02973 - RNU6ATAC37P	ENSG00000272002	ENSG00000221255		303225	12112	rs79522206-G	rs79522206	0	79522206	intron_variant	1	NR	3E-8	7.522878745280337		1.3333333	[1.2-1.47]	Affymetrix [5734850] (imputed)	N	non-melanoma skin carcinoma	http://www.ebi.ac.uk/efo/EFO_0009260	GCST005896	Genome-wide genotyping array
2018-07-16	29739929	Visconti A	2018-05-08	Nat Commun	www.ncbi.nlm.nih.gov/pubmed/29739929	Genome-wide association study in 176,678 Europeans reveals genetic loci for tanning response to sun exposure.	Non-melanoma skin cancer	5,912 European ancestry cases, 181,740 European ancestry controls		16q24.3	16	88702805	NR	RNF166			ENSG00000158717			rs80030016-A	rs80030016	0	80030016	intron_variant	0	NR	2E-6	5.698970004336019		1.2951053	[1.17-1.44]	Affymetrix [5734850] (imputed)	N	non-melanoma skin carcinoma	http://www.ebi.ac.uk/efo/EFO_0009260	GCST005896	Genome-wide genotyping array
2018-07-16	29739929	Visconti A	2018-05-08	Nat Commun	www.ncbi.nlm.nih.gov/pubmed/29739929	Genome-wide association study in 176,678 Europeans reveals genetic loci for tanning response to sun exposure.	Non-melanoma skin cancer	5,912 European ancestry cases, 181,740 European ancestry controls		2q33.1	2	201058759	NR	HYCC2			ENSG00000155744			rs80252786-C	rs80252786	0	80252786	intron_variant	0	NR	1E-6	6.0		1.1304622	[1.08-1.19]	Affymetrix [5734850] (imputed)	N	non-melanoma skin carcinoma	http://www.ebi.ac.uk/efo/EFO_0009260	GCST005896	Genome-wide genotyping array
2018-07-16	29739929	Visconti A	2018-05-08	Nat Commun	www.ncbi.nlm.nih.gov/pubmed/29739929	Genome-wide association study in 176,678 Europeans reveals genetic loci for tanning response to sun exposure.	Non-melanoma skin cancer	5,912 European ancestry cases, 181,740 European ancestry controls		19p13.3	19	1106478	NR	GPX4			ENSG00000167468			rs8178977-G	rs8178977	0	8178977	intron_variant	0	NR	2E-6	5.698970004336019		1.1092918	[1.06-1.16]	Affymetrix [5734850] (imputed)	N	non-melanoma skin carcinoma	http://www.ebi.ac.uk/efo/EFO_0009260	GCST005896	Genome-wide genotyping array
2019-04-03	30429480	Duffy DL	2018-11-14	Nat Commun	www.ncbi.nlm.nih.gov/pubmed/30429480	Novel pleiotropic risk loci for melanoma and nevus density implicate multiple biological pathways.	Nevus count or cutaneous melanoma	52,506 European ancestry individuals, 12,874 European ancestry cases, 23,203 European ancestry controls	NA	9q31.2	9	107947454	intergenic	RNA5SP293 - RPS15AP27	ENSG00000222459	ENSG00000236783		28476	16249	rs10816595-?	rs10816595	0	10816595	intron_variant	1	NR	2E-14	13.698970004336019				Affymetrix, Illumina [7850345] (imputed)	N	cutaneous melanoma, nevus count	http://purl.obolibrary.org/obo/MONDO_0005012, http://www.ebi.ac.uk/efo/EFO_0004632	GCST007505	Genome-wide genotyping array
2019-04-03	30429480	Duffy DL	2018-11-14	Nat Commun	www.ncbi.nlm.nih.gov/pubmed/30429480	Novel pleiotropic risk loci for melanoma and nevus density implicate multiple biological pathways.	Nevus count or cutaneous melanoma	52,506 European ancestry individuals, 12,874 European ancestry cases, 23,203 European ancestry controls	NA	11q14.3	11	89294875	TYR	TYR			ENSG00000077498			rs10830253-?	rs10830253	0	10830253	intron_variant	0	NR	2E-11	10.698970004336019				Affymetrix, Illumina [7850345] (imputed)	N	cutaneous melanoma, nevus count	http://purl.obolibrary.org/obo/MONDO_0005012, http://www.ebi.ac.uk/efo/EFO_0004632	GCST007505	Genome-wide genotyping array
2019-04-03	30429480	Duffy DL	2018-11-14	Nat Commun	www.ncbi.nlm.nih.gov/pubmed/30429480	Novel pleiotropic risk loci for melanoma and nevus density implicate multiple biological pathways.	Nevus count or cutaneous melanoma	52,506 European ancestry individuals, 12,874 European ancestry cases, 23,203 European ancestry controls	NA	12p13.1	12	12915357	GPRC5A	GPRC5A			ENSG00000013588			rs1148732-?	rs1148732	0	1148732	3_prime_UTR_variant	0	NR	1E-9	9.0				Affymetrix, Illumina [7850345] (imputed)	N	cutaneous melanoma, nevus count	http://purl.obolibrary.org/obo/MONDO_0005012, http://www.ebi.ac.uk/efo/EFO_0004632	GCST007505	Genome-wide genotyping array
2019-04-03	30429480	Duffy DL	2018-11-14	Nat Commun	www.ncbi.nlm.nih.gov/pubmed/30429480	Novel pleiotropic risk loci for melanoma and nevus density implicate multiple biological pathways.	Nevus count or cutaneous melanoma	52,506 European ancestry individuals, 12,874 European ancestry cases, 23,203 European ancestry controls	NA	9p21.3	9	21844773	MTAP	MTAP			ENSG00000099810			rs11532907-?	rs11532907	0	11532907	intron_variant	0	NR	2E-34	33.69897000433602				Affymetrix, Illumina [7850345] (imputed)	N	cutaneous melanoma, nevus count	http://purl.obolibrary.org/obo/MONDO_0005012, http://www.ebi.ac.uk/efo/EFO_0004632	GCST007505	Genome-wide genotyping array
2019-04-03	30429480	Duffy DL	2018-11-14	Nat Commun	www.ncbi.nlm.nih.gov/pubmed/30429480	Novel pleiotropic risk loci for melanoma and nevus density implicate multiple biological pathways.	Nevus count or cutaneous melanoma	52,506 European ancestry individuals, 12,874 European ancestry cases, 23,203 European ancestry controls	NA	15q13.3	15	32985509	FMN1	FMN1			ENSG00000248905			rs117648907-?	rs117648907	0	117648907	intron_variant	0	NR	1E-10	10.0				Affymetrix, Illumina [7850345] (imputed)	N	cutaneous melanoma, nevus count	http://purl.obolibrary.org/obo/MONDO_0005012, http://www.ebi.ac.uk/efo/EFO_0004632	GCST007505	Genome-wide genotyping array
2019-04-03	30429480	Duffy DL	2018-11-14	Nat Commun	www.ncbi.nlm.nih.gov/pubmed/30429480	Novel pleiotropic risk loci for melanoma and nevus density implicate multiple biological pathways.	Nevus count or cutaneous melanoma	52,506 European ancestry individuals, 12,874 European ancestry cases, 23,203 European ancestry controls	NA	16q12.2	16	54081917	FTO	FTO			ENSG00000140718			rs12596638-?	rs12596638	0	12596638	intron_variant	0	NR	2E-8	7.698970004336019				Affymetrix, Illumina [7850345] (imputed)	N	cutaneous melanoma, nevus count	http://purl.obolibrary.org/obo/MONDO_0005012, http://www.ebi.ac.uk/efo/EFO_0004632	GCST007505	Genome-wide genotyping array
2019-04-03	30429480	Duffy DL	2018-11-14	Nat Commun	www.ncbi.nlm.nih.gov/pubmed/30429480	Novel pleiotropic risk loci for melanoma and nevus density implicate multiple biological pathways.	Nevus count or cutaneous melanoma	52,506 European ancestry individuals, 12,874 European ancestry cases, 23,203 European ancestry controls	NA	3q26.2	3	169763483	TERC	RNU6-637P - TERC	ENSG00000206777	ENSG00000270141		43190	1127	rs12696304-?	rs12696304	0	12696304	regulatory_region_variant	1	NR	8E-10	9.096910013008056				Affymetrix, Illumina [7850345] (imputed)	N	cutaneous melanoma, nevus count	http://purl.obolibrary.org/obo/MONDO_0005012, http://www.ebi.ac.uk/efo/EFO_0004632	GCST007505	Genome-wide genotyping array
2019-04-03	30429480	Duffy DL	2018-11-14	Nat Commun	www.ncbi.nlm.nih.gov/pubmed/30429480	Novel pleiotropic risk loci for melanoma and nevus density implicate multiple biological pathways.	Nevus count or cutaneous melanoma	52,506 European ancestry individuals, 12,874 European ancestry cases, 23,203 European ancestry controls	NA	22q13.1	22	38167464	PLA2G6	PLA2G6			ENSG00000184381			rs132985-?	rs132985	0	132985	intron_variant	0	NR	2E-28	27.69897000433602				Affymetrix, Illumina [7850345] (imputed)	N	cutaneous melanoma, nevus count	http://purl.obolibrary.org/obo/MONDO_0005012, http://www.ebi.ac.uk/efo/EFO_0004632	GCST007505	Genome-wide genotyping array
2019-04-03	30429480	Duffy DL	2018-11-14	Nat Commun	www.ncbi.nlm.nih.gov/pubmed/30429480	Novel pleiotropic risk loci for melanoma and nevus density implicate multiple biological pathways.	Nevus count or cutaneous melanoma	52,506 European ancestry individuals, 12,874 European ancestry cases, 23,203 European ancestry controls	NA	9q31.2	9	106305280	intergenic	LINC01505			ENSG00000234323			rs1484375-?	rs1484375	0	1484375	intron_variant	0	NR	2E-10	9.698970004336019				Affymetrix, Illumina [7850345] (imputed)	N	cutaneous melanoma, nevus count	http://purl.obolibrary.org/obo/MONDO_0005012, http://www.ebi.ac.uk/efo/EFO_0004632	GCST007505	Genome-wide genotyping array
2019-04-03	30429480	Duffy DL	2018-11-14	Nat Commun	www.ncbi.nlm.nih.gov/pubmed/30429480	Novel pleiotropic risk loci for melanoma and nevus density implicate multiple biological pathways.	Nevus count or cutaneous melanoma	52,506 European ancestry individuals, 12,874 European ancestry cases, 23,203 European ancestry controls	NA	7p21.1	7	16944656	TCONS_l2_00025686	AHR			ENSG00000106546			rs1636744-?	rs1636744	0	1636744	intron_variant	0	NR	1E-9	9.0				Affymetrix, Illumina [7850345] (imputed)	N	cutaneous melanoma, nevus count	http://purl.obolibrary.org/obo/MONDO_0005012, http://www.ebi.ac.uk/efo/EFO_0004632	GCST007505	Genome-wide genotyping array
2019-04-03	30429480	Duffy DL	2018-11-14	Nat Commun	www.ncbi.nlm.nih.gov/pubmed/30429480	Novel pleiotropic risk loci for melanoma and nevus density implicate multiple biological pathways.	Nevus count or cutaneous melanoma	52,506 European ancestry individuals, 12,874 European ancestry cases, 23,203 European ancestry controls	NA	12p13.1	12	12916590	GPRC5A	GPRC5A			ENSG00000013588			rs1640875-?	rs1640875	0	1640875	3_prime_UTR_variant	0	NR	3E-11	10.522878745280337				Affymetrix, Illumina [7850345] (imputed)	N	cutaneous melanoma, nevus count	http://purl.obolibrary.org/obo/MONDO_0005012, http://www.ebi.ac.uk/efo/EFO_0004632	GCST007505	Genome-wide genotyping array
2019-04-03	30429480	Duffy DL	2018-11-14	Nat Commun	www.ncbi.nlm.nih.gov/pubmed/30429480	Novel pleiotropic risk loci for melanoma and nevus density implicate multiple biological pathways.	Nevus count or cutaneous melanoma	52,506 European ancestry individuals, 12,874 European ancestry cases, 23,203 European ancestry controls	NA	14q32.11	14	90719521	TTC7B	TTC7B			ENSG00000165914			rs184628474-?	rs184628474	0	184628474	intron_variant	0	NR	4E-7	6.3979400086720375				Affymetrix, Illumina [7850345] (imputed)	N	cutaneous melanoma, nevus count	http://purl.obolibrary.org/obo/MONDO_0005012, http://www.ebi.ac.uk/efo/EFO_0004632	GCST007505	Genome-wide genotyping array
2019-04-03	30429480	Duffy DL	2018-11-14	Nat Commun	www.ncbi.nlm.nih.gov/pubmed/30429480	Novel pleiotropic risk loci for melanoma and nevus density implicate multiple biological pathways.	Nevus count or cutaneous melanoma	52,506 European ancestry individuals, 12,874 European ancestry cases, 23,203 European ancestry controls	NA	22q13.1	22	38141105	NR	PLA2G6			ENSG00000184381			rs2005974-?	rs2005974	0	2005974	non_coding_transcript_exon_variant	0	NR	3E-23	22.522878745280337				Affymetrix, Illumina [7850345] (imputed)	N	cutaneous melanoma, nevus count	http://purl.obolibrary.org/obo/MONDO_0005012, http://www.ebi.ac.uk/efo/EFO_0004632	GCST007505	Genome-wide genotyping array
2019-04-03	30429480	Duffy DL	2018-11-14	Nat Commun	www.ncbi.nlm.nih.gov/pubmed/30429480	Novel pleiotropic risk loci for melanoma and nevus density implicate multiple biological pathways.	Nevus count or cutaneous melanoma	52,506 European ancestry individuals, 12,874 European ancestry cases, 23,203 European ancestry controls	NA	14q23.2	14	63942595	SYNE2	SYNE2			ENSG00000054654			rs2357176-?	rs2357176	0	2357176	intron_variant	0	NR	4E-8	7.3979400086720375				Affymetrix, Illumina [7850345] (imputed)	N	cutaneous melanoma, nevus count	http://purl.obolibrary.org/obo/MONDO_0005012, http://www.ebi.ac.uk/efo/EFO_0004632	GCST007505	Genome-wide genotyping array
2019-04-03	30429480	Duffy DL	2018-11-14	Nat Commun	www.ncbi.nlm.nih.gov/pubmed/30429480	Novel pleiotropic risk loci for melanoma and nevus density implicate multiple biological pathways.	Nevus count or cutaneous melanoma	52,506 European ancestry individuals, 12,874 European ancestry cases, 23,203 European ancestry controls	NA	5q32	5	149816671	PPARGC1B	PPARGC1B			ENSG00000155846			rs251464-?	rs251464	0	251464	intron_variant	0	NR	2E-9	8.698970004336019				Affymetrix, Illumina [7850345] (imputed)	N	cutaneous melanoma, nevus count	http://purl.obolibrary.org/obo/MONDO_0005012, http://www.ebi.ac.uk/efo/EFO_0004632	GCST007505	Genome-wide genotyping array
2019-04-03	30429480	Duffy DL	2018-11-14	Nat Commun	www.ncbi.nlm.nih.gov/pubmed/30429480	Novel pleiotropic risk loci for melanoma and nevus density implicate multiple biological pathways.	Nevus count or cutaneous melanoma	52,506 European ancestry individuals, 12,874 European ancestry cases, 23,203 European ancestry controls	NA	1q42.12	1	226415934	PARP1	PARP1 - RPS3AP7	ENSG00000143799	ENSG00000229965		7780	22630	rs2695237-?	rs2695237	0	2695237	intergenic_variant	1	NR	1E-11	11.0				Affymetrix, Illumina [7850345] (imputed)	N	cutaneous melanoma, nevus count	http://purl.obolibrary.org/obo/MONDO_0005012, http://www.ebi.ac.uk/efo/EFO_0004632	GCST007505	Genome-wide genotyping array
2019-04-03	30429480	Duffy DL	2018-11-14	Nat Commun	www.ncbi.nlm.nih.gov/pubmed/30429480	Novel pleiotropic risk loci for melanoma and nevus density implicate multiple biological pathways.	Nevus count or cutaneous melanoma	52,506 European ancestry individuals, 12,874 European ancestry cases, 23,203 European ancestry controls	NA	19p13.3	19	3353624	NFIC	NFIC			ENSG00000141905			rs34466956-?	rs34466956	0	34466956	intron_variant	0	NR	3E-8	7.522878745280337				Affymetrix, Illumina [7850345] (imputed)	N	cutaneous melanoma, nevus count	http://purl.obolibrary.org/obo/MONDO_0005012, http://www.ebi.ac.uk/efo/EFO_0004632	GCST007505	Genome-wide genotyping array
2019-04-03	30429480	Duffy DL	2018-11-14	Nat Commun	www.ncbi.nlm.nih.gov/pubmed/30429480	Novel pleiotropic risk loci for melanoma and nevus density implicate multiple biological pathways.	Nevus count or cutaneous melanoma	52,506 European ancestry individuals, 12,874 European ancestry cases, 23,203 European ancestry controls	NA	5p15.33	5	1320132	TERT	CLPTM1L			ENSG00000049656			rs380286-?	rs380286	0	380286	intron_variant	0	NR	3E-14	13.522878745280337				Affymetrix, Illumina [7850345] (imputed)	N	cutaneous melanoma, nevus count	http://purl.obolibrary.org/obo/MONDO_0005012, http://www.ebi.ac.uk/efo/EFO_0004632	GCST007505	Genome-wide genotyping array
2019-04-03	30429480	Duffy DL	2018-11-14	Nat Commun	www.ncbi.nlm.nih.gov/pubmed/30429480	Novel pleiotropic risk loci for melanoma and nevus density implicate multiple biological pathways.	Nevus count or cutaneous melanoma	52,506 European ancestry individuals, 12,874 European ancestry cases, 23,203 European ancestry controls	NA	21q22.3	21	41373487	MX2	MX2			ENSG00000183486			rs416981-?	rs416981	0	416981	intron_variant	0	NR	4E-10	9.397940008672037				Affymetrix, Illumina [7850345] (imputed)	N	cutaneous melanoma, nevus count	http://purl.obolibrary.org/obo/MONDO_0005012, http://www.ebi.ac.uk/efo/EFO_0004632	GCST007505	Genome-wide genotyping array
2019-04-03	30429480	Duffy DL	2018-11-14	Nat Commun	www.ncbi.nlm.nih.gov/pubmed/30429480	Novel pleiotropic risk loci for melanoma and nevus density implicate multiple biological pathways.	Nevus count or cutaneous melanoma	52,506 European ancestry individuals, 12,874 European ancestry cases, 23,203 European ancestry controls	NA	10p15.1	10	5742188	FAM208B	TASOR2			ENSG00000108021			rs45575338-?	rs45575338	0	45575338	missense_variant	0	NR	2E-8	7.698970004336019				Affymetrix, Illumina [7850345] (imputed)	N	cutaneous melanoma, nevus count	http://purl.obolibrary.org/obo/MONDO_0005012, http://www.ebi.ac.uk/efo/EFO_0004632	GCST007505	Genome-wide genotyping array
2019-04-03	30429480	Duffy DL	2018-11-14	Nat Commun	www.ncbi.nlm.nih.gov/pubmed/30429480	Novel pleiotropic risk loci for melanoma and nevus density implicate multiple biological pathways.	Nevus count or cutaneous melanoma	52,506 European ancestry individuals, 12,874 European ancestry cases, 23,203 European ancestry controls	NA	2p22.2	2	38090568	CYP1B1	CYP1B1, CYP1B1-AS1			ENSG00000138061, ENSG00000232973			rs4670813-?	rs4670813	0	4670813	intron_variant	0	NR	1E-10	10.0				Affymetrix, Illumina [7850345] (imputed)	N	cutaneous melanoma, nevus count	http://purl.obolibrary.org/obo/MONDO_0005012, http://www.ebi.ac.uk/efo/EFO_0004632	GCST007505	Genome-wide genotyping array
2019-04-03	30429480	Duffy DL	2018-11-14	Nat Commun	www.ncbi.nlm.nih.gov/pubmed/30429480	Novel pleiotropic risk loci for melanoma and nevus density implicate multiple biological pathways.	Nevus count or cutaneous melanoma	52,506 European ancestry individuals, 12,874 European ancestry cases, 23,203 European ancestry controls	NA	11q13.3	11	69552350	TPCN2, CCND1	LINC01488 - PNCRNA-D	ENSG00000285094	ENSG00000298300		57398	86784	rs498136-?	rs498136	0	498136	intergenic_variant	1	NR	1E-6	6.0				Affymetrix, Illumina [7850345] (imputed)	N	cutaneous melanoma, nevus count	http://purl.obolibrary.org/obo/MONDO_0005012, http://www.ebi.ac.uk/efo/EFO_0004632	GCST007505	Genome-wide genotyping array
2019-04-03	30429480	Duffy DL	2018-11-14	Nat Commun	www.ncbi.nlm.nih.gov/pubmed/30429480	Novel pleiotropic risk loci for melanoma and nevus density implicate multiple biological pathways.	Nevus count or cutaneous melanoma	52,506 European ancestry individuals, 12,874 European ancestry cases, 23,203 European ancestry controls	NA	2q37.3	2	239154306	HDAC4	HDAC4			ENSG00000068024			rs55875066-?	rs55875066	0	55875066	intron_variant	0	NR	1E-9	9.0				Affymetrix, Illumina [7850345] (imputed)	N	cutaneous melanoma, nevus count	http://purl.obolibrary.org/obo/MONDO_0005012, http://www.ebi.ac.uk/efo/EFO_0004632	GCST007505	Genome-wide genotyping array
2019-04-03	30429480	Duffy DL	2018-11-14	Nat Commun	www.ncbi.nlm.nih.gov/pubmed/30429480	Novel pleiotropic risk loci for melanoma and nevus density implicate multiple biological pathways.	Nevus count or cutaneous melanoma	52,506 European ancestry individuals, 12,874 European ancestry cases, 23,203 European ancestry controls	NA	20q11.22	20	34648892	ASIP	PIGU			ENSG00000101464			rs56238684-?	rs56238684	0	56238684	intron_variant	0	NR	5E-13	12.301029995663981				Affymetrix, Illumina [7850345] (imputed)	N	cutaneous melanoma, nevus count	http://purl.obolibrary.org/obo/MONDO_0005012, http://www.ebi.ac.uk/efo/EFO_0004632	GCST007505	Genome-wide genotyping array
2019-04-03	30429480	Duffy DL	2018-11-14	Nat Commun	www.ncbi.nlm.nih.gov/pubmed/30429480	Novel pleiotropic risk loci for melanoma and nevus density implicate multiple biological pathways.	Nevus count or cutaneous melanoma	52,506 European ancestry individuals, 12,874 European ancestry cases, 23,203 European ancestry controls	NA	9p24.3	9	224742	DOCK8	DOCK8			ENSG00000107099			rs600951-?	rs600951	0	600951	intron_variant	0	NR	1E-12	12.0				Affymetrix, Illumina [7850345] (imputed)	N	cutaneous melanoma, nevus count	http://purl.obolibrary.org/obo/MONDO_0005012, http://www.ebi.ac.uk/efo/EFO_0004632	GCST007505	Genome-wide genotyping array
2019-04-03	30429480	Duffy DL	2018-11-14	Nat Commun	www.ncbi.nlm.nih.gov/pubmed/30429480	Novel pleiotropic risk loci for melanoma and nevus density implicate multiple biological pathways.	Nevus count or cutaneous melanoma	52,506 European ancestry individuals, 12,874 European ancestry cases, 23,203 European ancestry controls	NA	1q21.3	1	150860534	SETDB1	ARNT			ENSG00000143437			rs72704658-?	rs72704658	0	72704658	intron_variant	0	NR	2E-10	9.698970004336019				Affymetrix, Illumina [7850345] (imputed)	N	cutaneous melanoma, nevus count	http://purl.obolibrary.org/obo/MONDO_0005012, http://www.ebi.ac.uk/efo/EFO_0004632	GCST007505	Genome-wide genotyping array
2019-04-03	30429480	Duffy DL	2018-11-14	Nat Commun	www.ncbi.nlm.nih.gov/pubmed/30429480	Novel pleiotropic risk loci for melanoma and nevus density implicate multiple biological pathways.	Nevus count or cutaneous melanoma	52,506 European ancestry individuals, 12,874 European ancestry cases, 23,203 European ancestry controls	NA	11q22.3	11	108316962	ATM	C11orf65, ATM			ENSG00000166323, ENSG00000149311			rs73008229-?	rs73008229	0	73008229	intron_variant	0	NR	8E-11	10.096910013008056				Affymetrix, Illumina [7850345] (imputed)	N	cutaneous melanoma, nevus count	http://purl.obolibrary.org/obo/MONDO_0005012, http://www.ebi.ac.uk/efo/EFO_0004632	GCST007505	Genome-wide genotyping array
2019-04-03	30429480	Duffy DL	2018-11-14	Nat Commun	www.ncbi.nlm.nih.gov/pubmed/30429480	Novel pleiotropic risk loci for melanoma and nevus density implicate multiple biological pathways.	Nevus count or cutaneous melanoma	52,506 European ancestry individuals, 12,874 European ancestry cases, 23,203 European ancestry controls	NA	16q24.3	16	89780269	MC1R	FANCA			ENSG00000187741			rs75570604-?	rs75570604	0	75570604	intron_variant	0	NR	2E-45	44.69897000433602				Affymetrix, Illumina [7850345] (imputed)	N	cutaneous melanoma, nevus count	http://purl.obolibrary.org/obo/MONDO_0005012, http://www.ebi.ac.uk/efo/EFO_0004632	GCST007505	Genome-wide genotyping array
2019-04-03	30429480	Duffy DL	2018-11-14	Nat Commun	www.ncbi.nlm.nih.gov/pubmed/30429480	Novel pleiotropic risk loci for melanoma and nevus density implicate multiple biological pathways.	Nevus count or cutaneous melanoma	52,506 European ancestry individuals, 12,874 European ancestry cases, 23,203 European ancestry controls	NA	2q33.1	2	201311571	CASP8	CASP8, FLACC1			ENSG00000064012, ENSG00000155749			rs7582362-?	rs7582362	0	7582362	intron_variant	0	NR	4E-6	5.3979400086720375				Affymetrix, Illumina [7850345] (imputed)	N	cutaneous melanoma, nevus count	http://purl.obolibrary.org/obo/MONDO_0005012, http://www.ebi.ac.uk/efo/EFO_0004632	GCST007505	Genome-wide genotyping array
2019-04-03	30429480	Duffy DL	2018-11-14	Nat Commun	www.ncbi.nlm.nih.gov/pubmed/30429480	Novel pleiotropic risk loci for melanoma and nevus density implicate multiple biological pathways.	Nevus count or cutaneous melanoma	52,506 European ancestry individuals, 12,874 European ancestry cases, 23,203 European ancestry controls	NA	9p21.3	9	21804694	MTAP	MTAP			ENSG00000099810			rs869329-?	rs869329	0	869329	intron_variant	0	NR	7E-67	66.15490195998575				Affymetrix, Illumina [7850345] (imputed)	N	cutaneous melanoma, nevus count	http://purl.obolibrary.org/obo/MONDO_0005012, http://www.ebi.ac.uk/efo/EFO_0004632	GCST007505	Genome-wide genotyping array
2019-11-19	31626034	Thomsen H	2019-10-11	Melanoma Res	www.ncbi.nlm.nih.gov/pubmed/31626034	Genome-wide study on uveal melanoma patients finds association to DNA repair gene TDP1.	Uveal melanoma with epithelioid cells	285 European ancestry cases, 5,199 European ancestry controls	NA	4q28.3	4	130547531		GAPDHP56 - RNU6-224P	ENSG00000249018	ENSG00000206782		43187	725711	rs13105686-C	rs13105686	0	13105686	intergenic_variant	1	0.17	2E-6	5.698970004336019		1.63		Illumina [10258281] (imputed)	N	epithelioid cell uveal melanoma	http://purl.obolibrary.org/obo/MONDO_0006200	GCST009076	Genome-wide genotyping array
2019-11-19	31626034	Thomsen H	2019-10-11	Melanoma Res	www.ncbi.nlm.nih.gov/pubmed/31626034	Genome-wide study on uveal melanoma patients finds association to DNA repair gene TDP1.	Uveal melanoma with epithelioid cells	285 European ancestry cases, 5,199 European ancestry controls	NA	13q12.11	13	20822372		XPO4			ENSG00000132953			rs73167445-T	rs73167445	0	73167445	intron_variant	0	0.07	2E-6	5.698970004336019		1.86		Illumina [10258281] (imputed)	N	epithelioid cell uveal melanoma	http://purl.obolibrary.org/obo/MONDO_0006200	GCST009076	Genome-wide genotyping array
2019-11-19	31626034	Thomsen H	2019-10-11	Melanoma Res	www.ncbi.nlm.nih.gov/pubmed/31626034	Genome-wide study on uveal melanoma patients finds association to DNA repair gene TDP1.	Uveal melanoma with epithelioid cells	285 European ancestry cases, 5,199 European ancestry controls	NA	14q32.11	14	89955214		TDP1			ENSG00000042088			rs3759710-C	rs3759710	0	3759710	regulatory_region_variant	0	0.05	9E-10	9.045757490560675		2.32		Illumina [10258281] (imputed)	N	epithelioid cell uveal melanoma	http://purl.obolibrary.org/obo/MONDO_0006200	GCST009076	Genome-wide genotyping array
2019-11-19	31626034	Thomsen H	2019-10-11	Melanoma Res	www.ncbi.nlm.nih.gov/pubmed/31626034	Genome-wide study on uveal melanoma patients finds association to DNA repair gene TDP1.	Presence of epithelioid cells in uveal melanoma	285 European ancestry cases, 286 European ancestry controls	NA	5q22.1	5	111546481		STARD4-AS1			ENSG00000246859			rs402848-A	rs402848	0	402848	intron_variant	0	0.65	7E-6	5.154901959985743		1.8		Illumina [10258281] (imputed)	N	epithelioid cell uveal melanoma	http://purl.obolibrary.org/obo/MONDO_0006200	GCST009075	Genome-wide genotyping array
2019-11-19	31626034	Thomsen H	2019-10-11	Melanoma Res	www.ncbi.nlm.nih.gov/pubmed/31626034	Genome-wide study on uveal melanoma patients finds association to DNA repair gene TDP1.	Presence of epithelioid cells in uveal melanoma	285 European ancestry cases, 286 European ancestry controls	NA	7q33	7	137447703		DGKI			ENSG00000157680			rs28670044-T	rs28670044	0	28670044	intron_variant	0	0.53	8E-6	5.096910013008056		1.78		Illumina [10258281] (imputed)	N	epithelioid cell uveal melanoma	http://purl.obolibrary.org/obo/MONDO_0006200	GCST009075	Genome-wide genotyping array
2019-11-19	31626034	Thomsen H	2019-10-11	Melanoma Res	www.ncbi.nlm.nih.gov/pubmed/31626034	Genome-wide study on uveal melanoma patients finds association to DNA repair gene TDP1.	Presence of epithelioid cells in uveal melanoma	285 European ancestry cases, 286 European ancestry controls	NA	9p22.3	9	15077541		PSIP1P1 - RNU6-559P	ENSG00000234297	ENSG00000251960		21489	65748	rs59693671-G	rs59693671	0	59693671	intron_variant	1	0.04	4E-6	5.3979400086720375		3.15		Illumina [10258281] (imputed)	N	epithelioid cell uveal melanoma	http://purl.obolibrary.org/obo/MONDO_0006200	GCST009075	Genome-wide genotyping array
2019-11-19	31626034	Thomsen H	2019-10-11	Melanoma Res	www.ncbi.nlm.nih.gov/pubmed/31626034	Genome-wide study on uveal melanoma patients finds association to DNA repair gene TDP1.	Presence of epithelioid cells in uveal melanoma	285 European ancestry cases, 286 European ancestry controls	NA	9q33.2	9	122601929		OR1L8 - OR1H1P	ENSG00000171496	ENSG00000228914		18545	5935	rs10985729-G	rs10985729	0	10985729	intron_variant	1	0.19	3E-7	6.522878745280337		2.11		Illumina [10258281] (imputed)	N	epithelioid cell uveal melanoma	http://purl.obolibrary.org/obo/MONDO_0006200	GCST009075	Genome-wide genotyping array
2019-11-19	31626034	Thomsen H	2019-10-11	Melanoma Res	www.ncbi.nlm.nih.gov/pubmed/31626034	Genome-wide study on uveal melanoma patients finds association to DNA repair gene TDP1.	Uveal melanoma (TNM stage 1 or 2)	330 European ancestry cases, 5,199 European ancestry controls	NA	2p11.2	2	88137649		FABP1 - THNSL2	ENSG00000163586	ENSG00000144115		9534	32646	rs7420937-C	rs7420937	0	7420937	intron_variant	1	0.1	6E-6	5.221848749616356		1.68		Illumina [10258281] (imputed)	N	uveal melanoma	http://purl.obolibrary.org/obo/MONDO_0006486	GCST009074	Genome-wide genotyping array
2019-11-19	31626034	Thomsen H	2019-10-11	Melanoma Res	www.ncbi.nlm.nih.gov/pubmed/31626034	Genome-wide study on uveal melanoma patients finds association to DNA repair gene TDP1.	Uveal melanoma (TNM stage 1 or 2)	330 European ancestry cases, 5,199 European ancestry controls	NA	2q24.1	2	154710128		KCNJ3			ENSG00000162989			rs67490716-C	rs67490716	0	67490716	intron_variant	0	0.29	2E-6	5.698970004336019		1.49		Illumina [10258281] (imputed)	N	uveal melanoma	http://purl.obolibrary.org/obo/MONDO_0006486	GCST009074	Genome-wide genotyping array
2019-11-19	31626034	Thomsen H	2019-10-11	Melanoma Res	www.ncbi.nlm.nih.gov/pubmed/31626034	Genome-wide study on uveal melanoma patients finds association to DNA repair gene TDP1.	Uveal melanoma (TNM stage 1 or 2)	330 European ancestry cases, 5,199 European ancestry controls	NA	9q33.1	9	119517934		BRINP1 - LINC01613	ENSG00000078725	ENSG00000261432		148419	416829	rs10818329-G	rs10818329	0	10818329	intron_variant	1	0.29	2E-6	5.698970004336019		1.49		Illumina [10258281] (imputed)	N	uveal melanoma	http://purl.obolibrary.org/obo/MONDO_0006486	GCST009074	Genome-wide genotyping array
2019-11-19	31626034	Thomsen H	2019-10-11	Melanoma Res	www.ncbi.nlm.nih.gov/pubmed/31626034	Genome-wide study on uveal melanoma patients finds association to DNA repair gene TDP1.	Uveal melanoma (TNM stage 1 or 2)	330 European ancestry cases, 5,199 European ancestry controls	NA	18p11.21	18	12413986		PRELID3A			ENSG00000141391			rs546713-G	rs546713	0	546713	intron_variant	0	0.47	8E-6	5.096910013008056		1.43		Illumina [10258281] (imputed)	N	uveal melanoma	http://purl.obolibrary.org/obo/MONDO_0006486	GCST009074	Genome-wide genotyping array
2019-11-19	31626034	Thomsen H	2019-10-11	Melanoma Res	www.ncbi.nlm.nih.gov/pubmed/31626034	Genome-wide study on uveal melanoma patients finds association to DNA repair gene TDP1.	Uveal melanoma (TNM stage 3 or 4)	255 European ancestry cases, 5,199 European ancestry controls	NA	2q23.3	2	152792976		ARL6IP6 - UBQLN4P2	ENSG00000177917	ENSG00000226213		30580	83844	rs11692707-A	rs11692707	0	11692707	intergenic_variant	1	0.81	2E-6	5.698970004336019		2.05		Illumina [10258281] (imputed)	N	uveal melanoma	http://purl.obolibrary.org/obo/MONDO_0006486	GCST009073	Genome-wide genotyping array
2019-11-19	31626034	Thomsen H	2019-10-11	Melanoma Res	www.ncbi.nlm.nih.gov/pubmed/31626034	Genome-wide study on uveal melanoma patients finds association to DNA repair gene TDP1.	Uveal melanoma (TNM stage 3 or 4)	255 European ancestry cases, 5,199 European ancestry controls	NA	4q13.2	4	67581531		STAP1			ENSG00000035720			rs2242330-G	rs2242330	0	2242330	intron_variant	0	0.21	3E-7	6.522878745280337		1.67		Illumina [10258281] (imputed)	N	uveal melanoma	http://purl.obolibrary.org/obo/MONDO_0006486	GCST009073	Genome-wide genotyping array
2019-11-19	31626034	Thomsen H	2019-10-11	Melanoma Res	www.ncbi.nlm.nih.gov/pubmed/31626034	Genome-wide study on uveal melanoma patients finds association to DNA repair gene TDP1.	Uveal melanoma (TNM stage 3 or 4)	255 European ancestry cases, 5,199 European ancestry controls	NA	7q21.11	7	82276774		CACNA2D1			ENSG00000153956			rs138663667-T	rs138663667	0	138663667	intron_variant	0	0.07	4E-7	6.3979400086720375		2.04		Illumina [10258281] (imputed)	N	uveal melanoma	http://purl.obolibrary.org/obo/MONDO_0006486	GCST009073	Genome-wide genotyping array
2019-11-19	31626034	Thomsen H	2019-10-11	Melanoma Res	www.ncbi.nlm.nih.gov/pubmed/31626034	Genome-wide study on uveal melanoma patients finds association to DNA repair gene TDP1.	Disease severity in uveal melanoma (TNM stage 3 or 4 vs TNM stage 1 or 2)	330 European ancestry stage 3 or 4 cases, 255 European ancestry stage 1 or 2 cases	NA	1p22.3	1	85115364		DNAI3			ENSG00000162643			rs817464-G	rs817464	0	817464	intron_variant	0	0.05	1E-6	6.0		3.15		Illumina [10258281] (imputed)	N	uveal melanoma disease severity	http://www.ebi.ac.uk/efo/EFO_0010244	GCST009072	Genome-wide genotyping array
2019-11-19	31626034	Thomsen H	2019-10-11	Melanoma Res	www.ncbi.nlm.nih.gov/pubmed/31626034	Genome-wide study on uveal melanoma patients finds association to DNA repair gene TDP1.	Disease severity in uveal melanoma (TNM stage 3 or 4 vs TNM stage 1 or 2)	330 European ancestry stage 3 or 4 cases, 255 European ancestry stage 1 or 2 cases	NA	3p14.1	3	65775643		MAGI1			ENSG00000151276			rs264118-C	rs264118	0	264118	intron_variant	0	0.12	9E-6	5.045757490560675		2.23		Illumina [10258281] (imputed)	N	uveal melanoma disease severity	http://www.ebi.ac.uk/efo/EFO_0010244	GCST009072	Genome-wide genotyping array
2019-11-19	31626034	Thomsen H	2019-10-11	Melanoma Res	www.ncbi.nlm.nih.gov/pubmed/31626034	Genome-wide study on uveal melanoma patients finds association to DNA repair gene TDP1.	Disease severity in uveal melanoma (TNM stage 3 or 4 vs TNM stage 1 or 2)	330 European ancestry stage 3 or 4 cases, 255 European ancestry stage 1 or 2 cases	NA	3q29	3	197572341		BDH1			ENSG00000161267			rs111741661-G	rs111741661	0	111741661	intron_variant	0	0.84	3E-6	5.522878745280337		2.66		Illumina [10258281] (imputed)	N	uveal melanoma disease severity	http://www.ebi.ac.uk/efo/EFO_0010244	GCST009072	Genome-wide genotyping array
2019-11-19	31626034	Thomsen H	2019-10-11	Melanoma Res	www.ncbi.nlm.nih.gov/pubmed/31626034	Genome-wide study on uveal melanoma patients finds association to DNA repair gene TDP1.	Disease severity in uveal melanoma (TNM stage 3 or 4 vs TNM stage 1 or 2)	330 European ancestry stage 3 or 4 cases, 255 European ancestry stage 1 or 2 cases	NA	4q13.2	4	67589584		STAP1			ENSG00000035720			rs7692528-G	rs7692528	0	7692528	intron_variant	0	0.28	4E-6	5.3979400086720375		1.83		Illumina [10258281] (imputed)	N	uveal melanoma disease severity	http://www.ebi.ac.uk/efo/EFO_0010244	GCST009072	Genome-wide genotyping array
2019-11-19	31626034	Thomsen H	2019-10-11	Melanoma Res	www.ncbi.nlm.nih.gov/pubmed/31626034	Genome-wide study on uveal melanoma patients finds association to DNA repair gene TDP1.	Disease severity in uveal melanoma (TNM stage 3 or 4 vs TNM stage 1 or 2)	330 European ancestry stage 3 or 4 cases, 255 European ancestry stage 1 or 2 cases	NA	5p13.2	5	37704823		WDR70			ENSG00000082068			rs12513493-T	rs12513493	0	12513493	intron_variant	0	0.47	2E-6	5.698970004336019		1.76		Illumina [10258281] (imputed)	N	uveal melanoma disease severity	http://www.ebi.ac.uk/efo/EFO_0010244	GCST009072	Genome-wide genotyping array
2019-11-19	31626034	Thomsen H	2019-10-11	Melanoma Res	www.ncbi.nlm.nih.gov/pubmed/31626034	Genome-wide study on uveal melanoma patients finds association to DNA repair gene TDP1.	Uveal melanoma	590 European ancestry cases, 5,199 European ancestry controls	NA	14q32.11	14	89955214		TDP1			ENSG00000042088			rs3759710-C	rs3759710	0	3759710	regulatory_region_variant	0	0.06	1E-7	7.0		1.78	[1.44-2.2]	Illumina [10258281] (imputed)	N	uveal melanoma	http://purl.obolibrary.org/obo/MONDO_0006486	GCST009071	Genome-wide genotyping array
2019-11-19	31626034	Thomsen H	2019-10-11	Melanoma Res	www.ncbi.nlm.nih.gov/pubmed/31626034	Genome-wide study on uveal melanoma patients finds association to DNA repair gene TDP1.	Uveal melanoma	590 European ancestry cases, 5,199 European ancestry controls	NA	15q21.2	15	52175349		GNB5			ENSG00000069966			rs8038456-G	rs8038456	0	8038456	intron_variant	0	0.66	4E-6	5.3979400086720375		1.37	[1.19-1.56]	Illumina [10258281] (imputed)	N	uveal melanoma	http://purl.obolibrary.org/obo/MONDO_0006486	GCST009071	Genome-wide genotyping array
2019-11-19	31626034	Thomsen H	2019-10-11	Melanoma Res	www.ncbi.nlm.nih.gov/pubmed/31626034	Genome-wide study on uveal melanoma patients finds association to DNA repair gene TDP1.	Uveal melanoma	590 European ancestry cases, 5,199 European ancestry controls	NA	18q12.2	18	38468593		RPL12P40 - RN7SKP182	ENSG00000243516	ENSG00000222704		795417	547454	rs62080688-G	rs62080688	0	62080688	intron_variant	1	0.9	7E-6	5.154901959985743		1.77	[1.38-2.27]	Illumina [10258281] (imputed)	N	uveal melanoma	http://purl.obolibrary.org/obo/MONDO_0006486	GCST009071	Genome-wide genotyping array
2019-11-19	31626034	Thomsen H	2019-10-11	Melanoma Res	www.ncbi.nlm.nih.gov/pubmed/31626034	Genome-wide study on uveal melanoma patients finds association to DNA repair gene TDP1.	Uveal melanoma with any chromosomal aberration	417 European ancestry cases, 5,199 European ancestry controls	NA	3q27.3	3	188062069		LINC01991 - LPP-AS2	ENSG00000224187	ENSG00000270959		58079	89137	rs71308905-T	rs71308905	0	71308905	intron_variant	1	0.06	4E-6	5.3979400086720375		1.74		Illumina [10258281] (imputed)	N	uveal melanoma	http://purl.obolibrary.org/obo/MONDO_0006486	GCST009079	Genome-wide genotyping array
2019-11-19	31626034	Thomsen H	2019-10-11	Melanoma Res	www.ncbi.nlm.nih.gov/pubmed/31626034	Genome-wide study on uveal melanoma patients finds association to DNA repair gene TDP1.	Uveal melanoma with any chromosomal aberration	417 European ancestry cases, 5,199 European ancestry controls	NA	6p25.1	6	7080590		RN7SL554P - RREB1	ENSG00000240936	ENSG00000124782		141693	26828	rs35257692-G	rs35257692	0	35257692	intron_variant	1	0.66	3E-6	5.522878745280337		1.48		Illumina [10258281] (imputed)	N	uveal melanoma	http://purl.obolibrary.org/obo/MONDO_0006486	GCST009079	Genome-wide genotyping array
2019-11-19	31626034	Thomsen H	2019-10-11	Melanoma Res	www.ncbi.nlm.nih.gov/pubmed/31626034	Genome-wide study on uveal melanoma patients finds association to DNA repair gene TDP1.	Uveal melanoma with any chromosomal aberration	417 European ancestry cases, 5,199 European ancestry controls	NA	10q22.1	10	71094469		SGPL1 - UNC5B	ENSG00000166224	ENSG00000107731		135768	118054	rs950718-C	rs950718	0	950718	intergenic_variant	1	0.07	2E-6	5.698970004336019		1.74		Illumina [10258281] (imputed)	N	uveal melanoma	http://purl.obolibrary.org/obo/MONDO_0006486	GCST009079	Genome-wide genotyping array
2019-11-19	31626034	Thomsen H	2019-10-11	Melanoma Res	www.ncbi.nlm.nih.gov/pubmed/31626034	Genome-wide study on uveal melanoma patients finds association to DNA repair gene TDP1.	Uveal melanoma with any chromosomal aberration	417 European ancestry cases, 5,199 European ancestry controls	NA	14q32.11	14	89955214		TDP1			ENSG00000042088			rs3759710-C	rs3759710	0	3759710	regulatory_region_variant	0	0.05	7E-11	10.154901959985743		2.16		Illumina [10258281] (imputed)	N	uveal melanoma	http://purl.obolibrary.org/obo/MONDO_0006486	GCST009079	Genome-wide genotyping array
2019-11-19	31626034	Thomsen H	2019-10-11	Melanoma Res	www.ncbi.nlm.nih.gov/pubmed/31626034	Genome-wide study on uveal melanoma patients finds association to DNA repair gene TDP1.	Uveal melanoma with any chromosomal aberration	417 European ancestry cases, 5,199 European ancestry controls	NA	17q12	17	35594319		AP2B1			ENSG00000006125			rs117789363-C	rs117789363	0	117789363	intron_variant	0	0.05	4E-6	5.3979400086720375		1.83		Illumina [10258281] (imputed)	N	uveal melanoma	http://purl.obolibrary.org/obo/MONDO_0006486	GCST009079	Genome-wide genotyping array
2019-11-19	31626034	Thomsen H	2019-10-11	Melanoma Res	www.ncbi.nlm.nih.gov/pubmed/31626034	Genome-wide study on uveal melanoma patients finds association to DNA repair gene TDP1.	Choroidal melanoma	438 European ancestry cases, 5,199 European ancestry controls	NA	1q23.3	1	162639948		DDR2			ENSG00000162733			rs7512080-G	rs7512080	0	7512080	intron_variant	0	0.05	1E-6	6.0		1.84		Illumina [10258281] (imputed)	N	choroidal melanoma	http://www.ebi.ac.uk/efo/EFO_0009093	GCST009078	Genome-wide genotyping array
2019-11-19	31626034	Thomsen H	2019-10-11	Melanoma Res	www.ncbi.nlm.nih.gov/pubmed/31626034	Genome-wide study on uveal melanoma patients finds association to DNA repair gene TDP1.	Choroidal melanoma	438 European ancestry cases, 5,199 European ancestry controls	NA	3p25.1	3	14343616		LSM3 - LINC01267	ENSG00000170860	ENSG00000251576		142494	4444	rs12163644-A	rs12163644	0	12163644	intergenic_variant	1	0.13	1E-6	6.0		1.55		Illumina [10258281] (imputed)	N	choroidal melanoma	http://www.ebi.ac.uk/efo/EFO_0009093	GCST009078	Genome-wide genotyping array
2019-11-19	31626034	Thomsen H	2019-10-11	Melanoma Res	www.ncbi.nlm.nih.gov/pubmed/31626034	Genome-wide study on uveal melanoma patients finds association to DNA repair gene TDP1.	Choroidal melanoma	438 European ancestry cases, 5,199 European ancestry controls	NA	5q11.2	5	57083273		MIER3 - RLIG1P1	ENSG00000155545	ENSG00000250480		111598	37523	rs201942675-TA	rs201942675	0	201942675	intron_variant	1	0.07	5E-6	5.301029995663981		1.7		Illumina [10258281] (imputed)	N	choroidal melanoma	http://www.ebi.ac.uk/efo/EFO_0009093	GCST009078	Genome-wide genotyping array
2019-11-19	31626034	Thomsen H	2019-10-11	Melanoma Res	www.ncbi.nlm.nih.gov/pubmed/31626034	Genome-wide study on uveal melanoma patients finds association to DNA repair gene TDP1.	Choroidal melanoma	438 European ancestry cases, 5,199 European ancestry controls	NA	10q26.11	10	117971770		LINC02674 - RAB11FIP2	ENSG00000234952	ENSG00000107560		218441	33146	rs1419138-C	rs1419138	0	1419138	intergenic_variant	1	0.05	4E-6	5.3979400086720375		1.81		Illumina [10258281] (imputed)	N	choroidal melanoma	http://www.ebi.ac.uk/efo/EFO_0009093	GCST009078	Genome-wide genotyping array
2019-11-19	31626034	Thomsen H	2019-10-11	Melanoma Res	www.ncbi.nlm.nih.gov/pubmed/31626034	Genome-wide study on uveal melanoma patients finds association to DNA repair gene TDP1.	Choroidal melanoma	438 European ancestry cases, 5,199 European ancestry controls	NA	14q32.11	14	89955214		TDP1			ENSG00000042088			rs3759710-C	rs3759710	0	3759710	regulatory_region_variant	0	0.05	3E-6	5.522878745280337		1.79		Illumina [10258281] (imputed)	N	choroidal melanoma	http://www.ebi.ac.uk/efo/EFO_0009093	GCST009078	Genome-wide genotyping array
2019-11-19	31626034	Thomsen H	2019-10-11	Melanoma Res	www.ncbi.nlm.nih.gov/pubmed/31626034	Genome-wide study on uveal melanoma patients finds association to DNA repair gene TDP1.	Choroidal melanoma	438 European ancestry cases, 5,199 European ancestry controls	NA	18p11.21	18	13478722		LDLRAD4			ENSG00000168675			rs35648237-G	rs35648237	0	35648237	intron_variant	0	0.09	5E-7	6.301029995663981		1.67		Illumina [10258281] (imputed)	N	choroidal melanoma	http://www.ebi.ac.uk/efo/EFO_0009093	GCST009078	Genome-wide genotyping array
2019-11-19	31626034	Thomsen H	2019-10-11	Melanoma Res	www.ncbi.nlm.nih.gov/pubmed/31626034	Genome-wide study on uveal melanoma patients finds association to DNA repair gene TDP1.	Uveal melanoma with chromosome 3 loss	253 European ancestry cases, 5,199 European ancestry controls	NA	9p24.2	9	3526656		RFX3-DT			ENSG00000232104			rs10758299-C	rs10758299	0	10758299	intron_variant	0	0.05	5E-7	6.301029995663981		2.16		Illumina [10258281] (imputed)	N	uveal melanoma	http://purl.obolibrary.org/obo/MONDO_0006486	GCST009077	Genome-wide genotyping array
2019-11-19	31626034	Thomsen H	2019-10-11	Melanoma Res	www.ncbi.nlm.nih.gov/pubmed/31626034	Genome-wide study on uveal melanoma patients finds association to DNA repair gene TDP1.	Uveal melanoma with chromosome 3 loss	253 European ancestry cases, 5,199 European ancestry controls	NA	14q32.11	14	89955214		TDP1			ENSG00000042088			rs3759710-C	rs3759710	0	3759710	regulatory_region_variant	0	0.05	2E-7	6.698970004336019		2.14		Illumina [10258281] (imputed)	N	uveal melanoma	http://purl.obolibrary.org/obo/MONDO_0006486	GCST009077	Genome-wide genotyping array
2019-11-19	31626034	Thomsen H	2019-10-11	Melanoma Res	www.ncbi.nlm.nih.gov/pubmed/31626034	Genome-wide study on uveal melanoma patients finds association to DNA repair gene TDP1.	Uveal melanoma with chromosome 3 loss	253 European ancestry cases, 5,199 European ancestry controls	NA	18q21.2	18	54656387		DYNAP - RAB27B	ENSG00000178690	ENSG00000041353		56894	61470	rs8096801-C	rs8096801	0	8096801	intergenic_variant	1	0.6	8E-6	5.096910013008056		1.54		Illumina [10258281] (imputed)	N	uveal melanoma	http://purl.obolibrary.org/obo/MONDO_0006486	GCST009077	Genome-wide genotyping array
2019-11-19	31626034	Thomsen H	2019-10-11	Melanoma Res	www.ncbi.nlm.nih.gov/pubmed/31626034	Genome-wide study on uveal melanoma patients finds association to DNA repair gene TDP1.	Uveal melanoma with epithelioid cells	285 European ancestry cases, 5,199 European ancestry controls	NA	2p16.1	2	58008251		VRK2			ENSG00000028116			rs1518400-T	rs1518400	0	1518400	intron_variant	0	0.23	4E-6	5.3979400086720375		1.53		Illumina [10258281] (imputed)	N	epithelioid cell uveal melanoma	http://purl.obolibrary.org/obo/MONDO_0006200	GCST009076	Genome-wide genotyping array
2019-11-19	31626034	Thomsen H	2019-10-11	Melanoma Res	www.ncbi.nlm.nih.gov/pubmed/31626034	Genome-wide study on uveal melanoma patients finds association to DNA repair gene TDP1.	Uveal melanoma	590 European ancestry cases, 5,199 European ancestry controls	NA	2q22.1	2	140964558		LRP1B			ENSG00000168702			rs13013614-A	rs13013614	0	13013614	intron_variant	0	0.34	5E-7	6.301029995663981		1.36	[1.21-1.54]	Illumina [10258281] (imputed)	N	uveal melanoma	http://purl.obolibrary.org/obo/MONDO_0006486	GCST009071	Genome-wide genotyping array
2019-11-19	31626034	Thomsen H	2019-10-11	Melanoma Res	www.ncbi.nlm.nih.gov/pubmed/31626034	Genome-wide study on uveal melanoma patients finds association to DNA repair gene TDP1.	Uveal melanoma	590 European ancestry cases, 5,199 European ancestry controls	NA	2q36.1	2	222686266		MOGAT1			ENSG00000124003			rs6710583-T	rs6710583	0	6710583	intron_variant	0	0.19	8E-6	5.096910013008056		1.38	[1.2-1.59]	Illumina [10258281] (imputed)	N	uveal melanoma	http://purl.obolibrary.org/obo/MONDO_0006486	GCST009071	Genome-wide genotyping array
2019-11-19	31626034	Thomsen H	2019-10-11	Melanoma Res	www.ncbi.nlm.nih.gov/pubmed/31626034	Genome-wide study on uveal melanoma patients finds association to DNA repair gene TDP1.	Uveal melanoma	590 European ancestry cases, 5,199 European ancestry controls	NA	3p25.1	3	14343616		LSM3 - LINC01267	ENSG00000170860	ENSG00000251576		142494	4444	rs12163644-A	rs12163644	0	12163644	intergenic_variant	1	0.13	2E-6	5.698970004336019		1.45	[1.24-1.7]	Illumina [10258281] (imputed)	N	uveal melanoma	http://purl.obolibrary.org/obo/MONDO_0006486	GCST009071	Genome-wide genotyping array
2019-11-19	31626034	Thomsen H	2019-10-11	Melanoma Res	www.ncbi.nlm.nih.gov/pubmed/31626034	Genome-wide study on uveal melanoma patients finds association to DNA repair gene TDP1.	Uveal melanoma	590 European ancestry cases, 5,199 European ancestry controls	NA	4q32.1	4	156195774		FTH1P21 - LINC02272	ENSG00000249013	ENSG00000251283		188786	418351	rs9307941-T	rs9307941	0	9307941	intergenic_variant	1	0.8	1E-6	6.0		1.52	[1.29-1.81]	Illumina [10258281] (imputed)	N	uveal melanoma	http://purl.obolibrary.org/obo/MONDO_0006486	GCST009071	Genome-wide genotyping array
2019-11-19	31626034	Thomsen H	2019-10-11	Melanoma Res	www.ncbi.nlm.nih.gov/pubmed/31626034	Genome-wide study on uveal melanoma patients finds association to DNA repair gene TDP1.	Uveal melanoma	590 European ancestry cases, 5,199 European ancestry controls	NA	6p25.1	6	7080590		RN7SL554P - RREB1	ENSG00000240936	ENSG00000124782		141693	26828	rs35257692-G	rs35257692	0	35257692	intron_variant	1	0.66	2E-6	5.698970004336019		1.39	[1.21-1.59]	Illumina [10258281] (imputed)	N	uveal melanoma	http://purl.obolibrary.org/obo/MONDO_0006486	GCST009071	Genome-wide genotyping array
2019-11-19	31626034	Thomsen H	2019-10-11	Melanoma Res	www.ncbi.nlm.nih.gov/pubmed/31626034	Genome-wide study on uveal melanoma patients finds association to DNA repair gene TDP1.	Uveal melanoma	590 European ancestry cases, 5,199 European ancestry controls	NA	10q25.3	10	116187907		GFRA1			ENSG00000151892			rs11197576-T	rs11197576	0	11197576	intron_variant	0	0.77	8E-6	5.096910013008056		1.43	[1.22-1.67]	Illumina [10258281] (imputed)	N	uveal melanoma	http://purl.obolibrary.org/obo/MONDO_0006486	GCST009071	Genome-wide genotyping array
2019-11-19	31626034	Thomsen H	2019-10-11	Melanoma Res	www.ncbi.nlm.nih.gov/pubmed/31626034	Genome-wide study on uveal melanoma patients finds association to DNA repair gene TDP1.	Uveal melanoma	590 European ancestry cases, 5,199 European ancestry controls	NA	12q23.1	12	100234980		DEPDC4, ACTR6			ENSG00000166153, ENSG00000075089			rs71464210-A	rs71464210	0	71464210	regulatory_region_variant	0	0.78	7E-6	5.154901959985743		1.45	[1.23-1.7]	Illumina [10258281] (imputed)	N	uveal melanoma	http://purl.obolibrary.org/obo/MONDO_0006486	GCST009071	Genome-wide genotyping array
2020-07-09	31605138	Avitabile M	2019-09-07	Carcinogenesis	www.ncbi.nlm.nih.gov/pubmed/31605138	Neural crest-derived tumor neuroblastoma and melanoma share 1p13.2 as susceptibility locus that shows a long-range interaction with the SLC16A1 gene.	Neuroblastoma or malignant cutaneous melanoma	2,101 European ancestry neuroblastoma cases, 12,874 European ancestry malignant cutaneous melanoma cases, 27,405 European ancestry controls	2,039 European ancestry neuroblastoma cases, 508 European ancestry malignant cutaneous melanoma cases, 3,469 European ancestry controls	1p36.32	1	4079970	RP13-614K11.1, RP11-374C13.1	LINC02780			ENSG00000284668			rs4436359-A	rs4436359	0	4436359	intron_variant	0	0.77392	4E-8	7.3979400086720375		1.1004289	[1.06-1.15]	NR [NR] (imputed)	N	cutaneous melanoma, neuroblastoma	http://purl.obolibrary.org/obo/MONDO_0005012, http://purl.obolibrary.org/obo/MONDO_0005072	GCST010152	Genome-wide genotyping array
2020-07-09	31605138	Avitabile M	2019-09-07	Carcinogenesis	www.ncbi.nlm.nih.gov/pubmed/31605138	Neural crest-derived tumor neuroblastoma and melanoma share 1p13.2 as susceptibility locus that shows a long-range interaction with the SLC16A1 gene.	Neuroblastoma or malignant cutaneous melanoma	2,101 European ancestry neuroblastoma cases, 12,874 European ancestry malignant cutaneous melanoma cases, 27,405 European ancestry controls	2,039 European ancestry neuroblastoma cases, 508 European ancestry malignant cutaneous melanoma cases, 3,469 European ancestry controls	1p13.2	1	113537449	MAGI3	MAGI3			ENSG00000081026			rs2153977-C	rs2153977	0	2153977	intron_variant	0	0.68967	5E-8	7.301029995663981		1.0947216	[1.06-1.14]	NR [NR] (imputed)	N	cutaneous melanoma, neuroblastoma	http://purl.obolibrary.org/obo/MONDO_0005012, http://purl.obolibrary.org/obo/MONDO_0005072	GCST010152	Genome-wide genotyping array
2020-07-09	31605138	Avitabile M	2019-09-07	Carcinogenesis	www.ncbi.nlm.nih.gov/pubmed/31605138	Neural crest-derived tumor neuroblastoma and melanoma share 1p13.2 as susceptibility locus that shows a long-range interaction with the SLC16A1 gene.	Neuroblastoma or malignant cutaneous melanoma	2,101 European ancestry neuroblastoma cases, 12,874 European ancestry malignant cutaneous melanoma cases, 27,405 European ancestry controls	2,039 European ancestry neuroblastoma cases, 508 European ancestry malignant cutaneous melanoma cases, 3,469 European ancestry controls	13q12.11	13	20775528	N6AMT2, XPO4	EEF1AKMT1 - XPO4	ENSG00000150456	ENSG00000132953		1567	1801	rs12430409-A	rs12430409	0	12430409	intergenic_variant	1	0.81009	2E-6	5.698970004336019		1.0867591	[1.05-1.14]	NR [NR] (imputed)	N	cutaneous melanoma, neuroblastoma	http://purl.obolibrary.org/obo/MONDO_0005012, http://purl.obolibrary.org/obo/MONDO_0005072	GCST010152	Genome-wide genotyping array
2020-07-09	31605138	Avitabile M	2019-09-07	Carcinogenesis	www.ncbi.nlm.nih.gov/pubmed/31605138	Neural crest-derived tumor neuroblastoma and melanoma share 1p13.2 as susceptibility locus that shows a long-range interaction with the SLC16A1 gene.	Neuroblastoma or malignant cutaneous melanoma	2,101 European ancestry neuroblastoma cases, 12,874 European ancestry malignant cutaneous melanoma cases, 27,405 European ancestry controls	2,039 European ancestry neuroblastoma cases, 508 European ancestry malignant cutaneous melanoma cases, 3,469 European ancestry controls	4q35.1	4	184793802	ACSL1	ACSL1			ENSG00000151726			rs7660927-C	rs7660927	0	7660927	intron_variant	0	0.82449	5E-6	5.301029995663981		1.0833954	[1.05-1.12]	NR [NR] (imputed)	N	cutaneous melanoma, neuroblastoma	http://purl.obolibrary.org/obo/MONDO_0005012, http://purl.obolibrary.org/obo/MONDO_0005072	GCST010152	Genome-wide genotyping array
2020-07-09	31605138	Avitabile M	2019-09-07	Carcinogenesis	www.ncbi.nlm.nih.gov/pubmed/31605138	Neural crest-derived tumor neuroblastoma and melanoma share 1p13.2 as susceptibility locus that shows a long-range interaction with the SLC16A1 gene.	Neuroblastoma or malignant cutaneous melanoma	2,101 European ancestry neuroblastoma cases, 12,874 European ancestry malignant cutaneous melanoma cases, 27,405 European ancestry controls	2,039 European ancestry neuroblastoma cases, 508 European ancestry malignant cutaneous melanoma cases, 3,469 European ancestry controls	20q11.23	20	36377284	DLGAP4	DLGAP4			ENSG00000080845			rs2425226-C	rs2425226	0	2425226	intron_variant	0	0.64064	6E-6	5.221848749616356		1.0795022	[1.05-1.12]	NR [NR] (imputed)	N	cutaneous melanoma, neuroblastoma	http://purl.obolibrary.org/obo/MONDO_0005012, http://purl.obolibrary.org/obo/MONDO_0005072	GCST010152	Genome-wide genotyping array
2020-07-09	31605138	Avitabile M	2019-09-07	Carcinogenesis	www.ncbi.nlm.nih.gov/pubmed/31605138	Neural crest-derived tumor neuroblastoma and melanoma share 1p13.2 as susceptibility locus that shows a long-range interaction with the SLC16A1 gene.	Neuroblastoma or malignant cutaneous melanoma	2,101 European ancestry neuroblastoma cases, 12,874 European ancestry malignant cutaneous melanoma cases, 27,405 European ancestry controls	2,039 European ancestry neuroblastoma cases, 508 European ancestry malignant cutaneous melanoma cases, 3,469 European ancestry controls	6q23.1	6	130807230	RP11-102N11.1, SMLR1	Y_RNA - SMLR1	ENSG00000200544	ENSG00000256162		233118	20176	rs7761842-G	rs7761842	0	7761842	intergenic_variant	1	0.70906	9E-6	5.045757490560675		1.0772376	[1.05-1.12]	NR [NR] (imputed)	N	cutaneous melanoma, neuroblastoma	http://purl.obolibrary.org/obo/MONDO_0005012, http://purl.obolibrary.org/obo/MONDO_0005072	GCST010152	Genome-wide genotyping array
2020-07-09	31605138	Avitabile M	2019-09-07	Carcinogenesis	www.ncbi.nlm.nih.gov/pubmed/31605138	Neural crest-derived tumor neuroblastoma and melanoma share 1p13.2 as susceptibility locus that shows a long-range interaction with the SLC16A1 gene.	Neuroblastoma or malignant cutaneous melanoma	2,101 European ancestry neuroblastoma cases, 12,874 European ancestry malignant cutaneous melanoma cases, 27,405 European ancestry controls	2,039 European ancestry neuroblastoma cases, 508 European ancestry malignant cutaneous melanoma cases, 3,469 European ancestry controls	11p11.2	11	43773870	HSD17B12	HSD17B12			ENSG00000149084			rs11606658 -C	rs11606658	0	11606658	intron_variant	0	0.45535	4E-7	6.3979400086720375		1.0784233	[1.04-1.11]	NR [NR] (imputed)	N	cutaneous melanoma, neuroblastoma	http://purl.obolibrary.org/obo/MONDO_0005012, http://purl.obolibrary.org/obo/MONDO_0005072	GCST010152	Genome-wide genotyping array
2020-07-09	31605138	Avitabile M	2019-09-07	Carcinogenesis	www.ncbi.nlm.nih.gov/pubmed/31605138	Neural crest-derived tumor neuroblastoma and melanoma share 1p13.2 as susceptibility locus that shows a long-range interaction with the SLC16A1 gene.	Neuroblastoma or malignant cutaneous melanoma	2,101 European ancestry neuroblastoma cases, 12,874 European ancestry malignant cutaneous melanoma cases, 27,405 European ancestry controls	2,039 European ancestry neuroblastoma cases, 508 European ancestry malignant cutaneous melanoma cases, 3,469 European ancestry controls	16p13.12	16	12592279	CTD-3037G24.3	SNX29 - CPPED1	ENSG00000048471	ENSG00000103381		17992	67520	rs6498326-G	rs6498326	0	6498326	intron_variant	1	0.37335	9E-7	6.045757490560675		1.085673	[1.05-1.12]	NR [NR] (imputed)	N	cutaneous melanoma, neuroblastoma	http://purl.obolibrary.org/obo/MONDO_0005012, http://purl.obolibrary.org/obo/MONDO_0005072	GCST010152	Genome-wide genotyping array
2020-07-09	31605138	Avitabile M	2019-09-07	Carcinogenesis	www.ncbi.nlm.nih.gov/pubmed/31605138	Neural crest-derived tumor neuroblastoma and melanoma share 1p13.2 as susceptibility locus that shows a long-range interaction with the SLC16A1 gene.	Neuroblastoma or malignant cutaneous melanoma	2,101 European ancestry neuroblastoma cases, 12,874 European ancestry malignant cutaneous melanoma cases, 27,405 European ancestry controls	2,039 European ancestry neuroblastoma cases, 508 European ancestry malignant cutaneous melanoma cases, 3,469 European ancestry controls	21q21.1	21	17977456	CHODL	CHODL			ENSG00000154645			rs2591643 -C	rs2591643	0	2591643	intron_variant	0	0.39802	7E-7	6.154901959985743		1.0865418	[1.05-1.12]	NR [NR] (imputed)	N	cutaneous melanoma, neuroblastoma	http://purl.obolibrary.org/obo/MONDO_0005012, http://purl.obolibrary.org/obo/MONDO_0005072	GCST010152	Genome-wide genotyping array
2020-07-09	31605138	Avitabile M	2019-09-07	Carcinogenesis	www.ncbi.nlm.nih.gov/pubmed/31605138	Neural crest-derived tumor neuroblastoma and melanoma share 1p13.2 as susceptibility locus that shows a long-range interaction with the SLC16A1 gene.	Neuroblastoma or malignant cutaneous melanoma	2,101 European ancestry neuroblastoma cases, 12,874 European ancestry malignant cutaneous melanoma cases, 27,405 European ancestry controls	2,039 European ancestry neuroblastoma cases, 508 European ancestry malignant cutaneous melanoma cases, 3,469 European ancestry controls	2q37.1	2	233697189	UGT1A8, UGT1A10, UGT1A9, UGT1A7, UGT1A6, AC114812.8	UGT1A8, UGT1A6, UGT1A7, UGT1A9, UGT1A10			ENSG00000242366, ENSG00000167165, ENSG00000244122, ENSG00000241119, ENSG00000242515			rs1604144-T	rs1604144	0	1604144	intron_variant	0	0.27488	6E-8	7.221848749616356		1.0959264	[1.06-1.13]	NR [NR] (imputed)	N	cutaneous melanoma, neuroblastoma	http://purl.obolibrary.org/obo/MONDO_0005012, http://purl.obolibrary.org/obo/MONDO_0005072	GCST010152	Genome-wide genotyping array
2020-07-09	31605138	Avitabile M	2019-09-07	Carcinogenesis	www.ncbi.nlm.nih.gov/pubmed/31605138	Neural crest-derived tumor neuroblastoma and melanoma share 1p13.2 as susceptibility locus that shows a long-range interaction with the SLC16A1 gene.	Neuroblastoma or malignant cutaneous melanoma	2,101 European ancestry neuroblastoma cases, 12,874 European ancestry malignant cutaneous melanoma cases, 27,405 European ancestry controls	2,039 European ancestry neuroblastoma cases, 508 European ancestry malignant cutaneous melanoma cases, 3,469 European ancestry controls	4q21.23	4	85809561	ARHGAP24	ARHGAP24			ENSG00000138639			rs4693128-T	rs4693128	0	4693128	intron_variant	0	0.17587	1E-7	7.0		1.09834	[1.06-1.13]	NR [NR] (imputed)	N	cutaneous melanoma, neuroblastoma	http://purl.obolibrary.org/obo/MONDO_0005012, http://purl.obolibrary.org/obo/MONDO_0005072	GCST010152	Genome-wide genotyping array
2020-07-09	31605138	Avitabile M	2019-09-07	Carcinogenesis	www.ncbi.nlm.nih.gov/pubmed/31605138	Neural crest-derived tumor neuroblastoma and melanoma share 1p13.2 as susceptibility locus that shows a long-range interaction with the SLC16A1 gene.	Neuroblastoma or malignant cutaneous melanoma	2,101 European ancestry neuroblastoma cases, 12,874 European ancestry malignant cutaneous melanoma cases, 27,405 European ancestry controls	2,039 European ancestry neuroblastoma cases, 508 European ancestry malignant cutaneous melanoma cases, 3,469 European ancestry controls	1q21.3	1	150985657	ANXA9	ANXA9			ENSG00000143412			rs11204752-T	rs11204752	0	11204752	intron_variant	0	0.46009	2E-8	7.698970004336019		1.0986696	[1.06-1.13]	NR [NR] (imputed)	N	cutaneous melanoma, neuroblastoma	http://purl.obolibrary.org/obo/MONDO_0005012, http://purl.obolibrary.org/obo/MONDO_0005072	GCST010152	Genome-wide genotyping array
2020-07-09	31605138	Avitabile M	2019-09-07	Carcinogenesis	www.ncbi.nlm.nih.gov/pubmed/31605138	Neural crest-derived tumor neuroblastoma and melanoma share 1p13.2 as susceptibility locus that shows a long-range interaction with the SLC16A1 gene.	Neuroblastoma or malignant cutaneous melanoma	2,101 European ancestry neuroblastoma cases, 12,874 European ancestry malignant cutaneous melanoma cases, 27,405 European ancestry controls	2,039 European ancestry neuroblastoma cases, 508 European ancestry malignant cutaneous melanoma cases, 3,469 European ancestry controls	10q24.33	10	103927874	OBFC1, SLK	STN1 - SLK	ENSG00000107960	ENSG00000065613		9112	39042	rs11591710-C	rs11591710	0	11591710	intron_variant	1	0.13604	6E-10	9.221848749616356		1.117842	[1.07-1.15]	NR [NR] (imputed)	N	cutaneous melanoma, neuroblastoma	http://purl.obolibrary.org/obo/MONDO_0005012, http://purl.obolibrary.org/obo/MONDO_0005072	GCST010152	Genome-wide genotyping array
2020-07-09	31605138	Avitabile M	2019-09-07	Carcinogenesis	www.ncbi.nlm.nih.gov/pubmed/31605138	Neural crest-derived tumor neuroblastoma and melanoma share 1p13.2 as susceptibility locus that shows a long-range interaction with the SLC16A1 gene.	Neuroblastoma or malignant cutaneous melanoma	2,101 European ancestry neuroblastoma cases, 12,874 European ancestry malignant cutaneous melanoma cases, 27,405 European ancestry controls	2,039 European ancestry neuroblastoma cases, 508 European ancestry malignant cutaneous melanoma cases, 3,469 European ancestry controls	16q24.3	16	89846049	SPIRE2	SPIRE2			ENSG00000204991			rs9745545-C	rs9745545	0	9745545	intron_variant	0	0.32784	1E-12	12.0		1.1295282	[1.09-1.16]	NR [NR] (imputed)	N	cutaneous melanoma, neuroblastoma	http://purl.obolibrary.org/obo/MONDO_0005012, http://purl.obolibrary.org/obo/MONDO_0005072	GCST010152	Genome-wide genotyping array
2020-07-09	31605138	Avitabile M	2019-09-07	Carcinogenesis	www.ncbi.nlm.nih.gov/pubmed/31605138	Neural crest-derived tumor neuroblastoma and melanoma share 1p13.2 as susceptibility locus that shows a long-range interaction with the SLC16A1 gene.	Neuroblastoma or malignant cutaneous melanoma	2,101 European ancestry neuroblastoma cases, 12,874 European ancestry malignant cutaneous melanoma cases, 27,405 European ancestry controls	2,039 European ancestry neuroblastoma cases, 508 European ancestry malignant cutaneous melanoma cases, 3,469 European ancestry controls	6p21.32	6	32625367	HLA-DRB1, HLA-DQA1	HLA-DRB1 - HLA-DQA1	ENSG00000196126	ENSG00000196735		35519	2812	rs35508382-G	rs35508382	0	35508382	intergenic_variant	1	0.09124	2E-6	5.698970004336019		1.1408801	[1.08-1.20]	NR [NR] (imputed)	N	cutaneous melanoma, neuroblastoma	http://purl.obolibrary.org/obo/MONDO_0005012, http://purl.obolibrary.org/obo/MONDO_0005072	GCST010152	Genome-wide genotyping array
2020-07-09	31605138	Avitabile M	2019-09-07	Carcinogenesis	www.ncbi.nlm.nih.gov/pubmed/31605138	Neural crest-derived tumor neuroblastoma and melanoma share 1p13.2 as susceptibility locus that shows a long-range interaction with the SLC16A1 gene.	Neuroblastoma or malignant cutaneous melanoma	2,101 European ancestry neuroblastoma cases, 12,874 European ancestry malignant cutaneous melanoma cases, 27,405 European ancestry controls	2,039 European ancestry neuroblastoma cases, 508 European ancestry malignant cutaneous melanoma cases, 3,469 European ancestry controls	9p13.3	9	33453094	AQP3, NOL6	AQP3 - NOL6	ENSG00000165272	ENSG00000165271		5498	8259	rs151155266-C	rs151155266	0	151155266	regulatory_region_variant	1	0.014859	3E-7	6.522878745280337		1.5358746	[1.30-1.81]	NR [NR] (imputed)	N	cutaneous melanoma, neuroblastoma	http://purl.obolibrary.org/obo/MONDO_0005012, http://purl.obolibrary.org/obo/MONDO_0005072	GCST010152	Genome-wide genotyping array
2011-07-20	21706340	Teerlink C	2011-06-26	Hum Genet	www.ncbi.nlm.nih.gov/pubmed/21706340	A unique genome-wide association analysis in extended Utah high-risk pedigrees identifies a novel melanoma risk variant on chromosome arm 10q.	Melanoma	156 European ancestry cases from 34 high-risk families, 2,150 European ancestry controls	NA	10q25.1	10	105756594	NR	LINC02627			ENSG00000229466			rs17119461-?	rs17119461	0	17119461	intron_variant	0	0.04	7E-12	11.154901959985743		8.4	[4.20-17.0]	Illumina [491227]	N	melanoma	http://purl.obolibrary.org/obo/MONDO_0005105	GCST001129	Genome-wide genotyping array
2011-10-07	21926416	Amos CI	2011-09-22	Hum Mol Genet	www.ncbi.nlm.nih.gov/pubmed/21926416	Genome-wide association study identifies novel loci predisposing to cutaneous melanoma.	Melanoma	1,804 European ancestry cases, 1,026 European ancestry controls	6,483 European and Middle East/North African ancestry cases, 23,324 European and Middle East/North African ancestry controls	1q21.3	1	150989393	ANXA9	ANXA9			ENSG00000143412			rs1722784-?	rs1722784	0	1722784	intron_variant	0	NR	2E-6	5.698970004336019		1.12	[NR]	Illumina [818977]	N	melanoma	http://purl.obolibrary.org/obo/MONDO_0005105	GCST001245	Genome-wide genotyping array
2011-11-02	21983785	Macgregor S	2011-10-09	Nat Genet	www.ncbi.nlm.nih.gov/pubmed/21983785	Genome-wide association study identifies a new melanoma susceptibility locus at 1q21.3.	Melanoma	2,168 European ancestry cases, 4,387 European ancestry controls	5,193 European ancestry cases, 15,144 European ancestry controls	1q21.3	1	150887995	ARNT, SETDB1, LASS2, ANXA9, MCL1, CTSK	CTXND2			ENSG00000283324			rs7412746-T	rs7412746	0	7412746	intron_variant	0	0.55	9E-11	10.045757490560675		1.15	[NR]	Illumina [5480804] (imputed)	N	melanoma	http://purl.obolibrary.org/obo/MONDO_0005105	GCST001266	Genome-wide genotyping array
2011-11-02	21983785	Macgregor S	2011-10-09	Nat Genet	www.ncbi.nlm.nih.gov/pubmed/21983785	Genome-wide association study identifies a new melanoma susceptibility locus at 1q21.3.	Melanoma	2,168 European ancestry cases, 4,387 European ancestry controls	5,193 European ancestry cases, 15,144 European ancestry controls	1q42.12	1	226376990	PARP1	PARP1			ENSG00000143799			rs3219090-C	rs3219090	0	3219090	intron_variant	0	0.67	9E-8	7.045757490560675		1.15	[NR]	Illumina [5480804] (imputed)	N	melanoma	http://purl.obolibrary.org/obo/MONDO_0005105	GCST001266	Genome-wide genotyping array
2011-12-10	21983787	Barrett JH	2011-10-09	Nat Genet	www.ncbi.nlm.nih.gov/pubmed/21983787	Genome-wide association study identifies three new melanoma susceptibility loci.	Melanoma	2,804 European ancestry cases, 7,618 European ancestry controls	5,551 European ancestry cases, 7,449 European ancestry controls	21q22.3	21	41374154	MX2	MX2			ENSG00000183486			rs45430-?	rs45430	0	45430	intron_variant	0	0.61	3E-9	8.522878745280337		1.14	[1.09-1.18]	Illumina [594997]	N	melanoma	http://purl.obolibrary.org/obo/MONDO_0005105	GCST001267	Genome-wide genotyping array
2011-12-10	21983787	Barrett JH	2011-10-09	Nat Genet	www.ncbi.nlm.nih.gov/pubmed/21983787	Genome-wide association study identifies three new melanoma susceptibility loci.	Melanoma	2,804 European ancestry cases, 7,618 European ancestry controls	5,551 European ancestry cases, 7,449 European ancestry controls	16q24.3	16	89689495	MC1R	CDK10			ENSG00000185324			rs258322-A	rs258322	0	258322	intron_variant	0	0.11	3E-27	26.522878745280337		1.7	[1.54-1.87]	Illumina [594997]	N	melanoma	http://purl.obolibrary.org/obo/MONDO_0005105	GCST001267	Genome-wide genotyping array
2011-12-10	21983787	Barrett JH	2011-10-09	Nat Genet	www.ncbi.nlm.nih.gov/pubmed/21983787	Genome-wide association study identifies three new melanoma susceptibility loci.	Melanoma	2,804 European ancestry cases, 7,618 European ancestry controls	5,551 European ancestry cases, 7,449 European ancestry controls	2q33.1	2	201298088	CASP8	CASP8, FLACC1			ENSG00000064012, ENSG00000155749			rs13016963-A	rs13016963	0	13016963	intron_variant	0	0.37	9E-10	9.045757490560675		1.14	[1.09-1.19]	Illumina [594997]	N	melanoma	http://purl.obolibrary.org/obo/MONDO_0005105	GCST001267	Genome-wide genotyping array
2011-12-10	21983787	Barrett JH	2011-10-09	Nat Genet	www.ncbi.nlm.nih.gov/pubmed/21983787	Genome-wide association study identifies three new melanoma susceptibility loci.	Melanoma	2,804 European ancestry cases, 7,618 European ancestry controls	5,551 European ancestry cases, 7,449 European ancestry controls	11q22.3	11	108304735	ATM	ATM			ENSG00000149311			rs1801516-?	rs1801516	0	1801516	missense_variant	0	0.87	3E-9	8.522878745280337		1.19	[1.12-1.27]	Illumina [594997]	N	melanoma	http://purl.obolibrary.org/obo/MONDO_0005105	GCST001267	Genome-wide genotyping array
2011-12-10	21983787	Barrett JH	2011-10-09	Nat Genet	www.ncbi.nlm.nih.gov/pubmed/21983787	Genome-wide association study identifies three new melanoma susceptibility loci.	Melanoma	2,804 European ancestry cases, 7,618 European ancestry controls	5,551 European ancestry cases, 7,449 European ancestry controls	5p15.33	5	1321972	TERT, CLPTM1L	CLPTM1L			ENSG00000049656			rs401681-A	rs401681	0	401681	intron_variant	0	0.46	3E-8	7.522878745280337		1.2	[1.12-1.28]	Illumina [594997]	N	melanoma	http://purl.obolibrary.org/obo/MONDO_0005105	GCST001267	Genome-wide genotyping array
2011-12-10	21983787	Barrett JH	2011-10-09	Nat Genet	www.ncbi.nlm.nih.gov/pubmed/21983787	Genome-wide association study identifies three new melanoma susceptibility loci.	Melanoma	2,804 European ancestry cases, 7,618 European ancestry controls	5,551 European ancestry cases, 7,449 European ancestry controls	9p21.3	9	21816529	MTAP, CDKN2A	MTAP			ENSG00000099810			rs7023329-?	rs7023329	0	7023329	intron_variant	0	0.51	7E-9	8.154901959985743		1.2	[1.14-1.28]	Illumina [594997]	N	melanoma	http://purl.obolibrary.org/obo/MONDO_0005105	GCST001267	Genome-wide genotyping array
2011-12-10	21983787	Barrett JH	2011-10-09	Nat Genet	www.ncbi.nlm.nih.gov/pubmed/21983787	Genome-wide association study identifies three new melanoma susceptibility loci.	Melanoma	2,804 European ancestry cases, 7,618 European ancestry controls	5,551 European ancestry cases, 7,449 European ancestry controls	5p13.2	5	33955221	SLC45A2	SLC45A2			ENSG00000164175			rs35390-?	rs35390	0	35390	intron_variant	0	0.98	2E-7	6.698970004336019		2.78	[1.89-4.35]	Illumina [594997]	N	melanoma	http://purl.obolibrary.org/obo/MONDO_0005105	GCST001267	Genome-wide genotyping array
2011-12-10	21983787	Barrett JH	2011-10-09	Nat Genet	www.ncbi.nlm.nih.gov/pubmed/21983787	Genome-wide association study identifies three new melanoma susceptibility loci.	Melanoma	2,804 European ancestry cases, 7,618 European ancestry controls	5,551 European ancestry cases, 7,449 European ancestry controls	11q14.3	11	89277878	TYR	TYR			ENSG00000077498			rs1393350-A	rs1393350	0	1393350	intron_variant	0	0.28	2E-13	12.698970004336019		1.3	[1.21-1.39]	Illumina [594997]	N	melanoma	http://purl.obolibrary.org/obo/MONDO_0005105	GCST001267	Genome-wide genotyping array
2011-12-10	21983787	Barrett JH	2011-10-09	Nat Genet	www.ncbi.nlm.nih.gov/pubmed/21983787	Genome-wide association study identifies three new melanoma susceptibility loci.	Melanoma	2,804 European ancestry cases, 7,618 European ancestry controls	5,551 European ancestry cases, 7,449 European ancestry controls	6q23.2	6	134577318	ASIP	LINC03002			ENSG00000232310			rs2284378-G	rs228437	0	228437	intron_variant	0	0.33	1E-7	7.0		1.21	[1.13-1.29]	Illumina [594997]	N	melanoma	http://purl.obolibrary.org/obo/MONDO_0005105	GCST001267	Genome-wide genotyping array
2011-12-10	21983787	Barrett JH	2011-10-09	Nat Genet	www.ncbi.nlm.nih.gov/pubmed/21983787	Genome-wide association study identifies three new melanoma susceptibility loci.	Melanoma	2,804 European ancestry cases, 7,618 European ancestry controls	5,551 European ancestry cases, 7,449 European ancestry controls	22q13.1	22	38149612	PLA2G6	PLA2G6			ENSG00000184381			rs6001027-?	rs6001027	0	6001027	non_coding_transcript_exon_variant	0	0.65	2E-6	5.698970004336019		1.18	[1.09-1.27]	Illumina [594997]	N	melanoma	http://purl.obolibrary.org/obo/MONDO_0005105	GCST001267	Genome-wide genotyping array
2008-06-18	18488026	Brown KM	2008-05-18	Nat Genet	www.ncbi.nlm.nih.gov/pubmed/18488026	Common sequence variants on 20q11.22 confer melanoma susceptibility.	Melanoma	864 European ancestry cases, 864 European ancestry controls	1,230 European ancestry cases, 1,251 European ancestry controls	20q11.22	20	34583968	CDC91L1	PIGU			ENSG00000101464			rs910873-T	rs910873	0	910873	intron_variant	0	0.09	1E-15	15.0		1.75	[1.53-2.01]	Illumina [535150]	N	melanoma	http://purl.obolibrary.org/obo/MONDO_0005105	GCST000198	Genome-wide genotyping array
2009-07-16	19578364	Bishop DT	2009-07-05	Nat Genet	www.ncbi.nlm.nih.gov/pubmed/19578364	Genome-wide association study identifies three loci associated with melanoma risk.	Melanoma	1,539 European ancestry cases, 3,917 European ancestry controls	2,312 European ancestry cases, 1,867 European ancestry controls	16q24.3	16	90000528	MC1R	AFG3L1P, AFG3L1P			ENSG00000293510, ENSG00000223959			rs4785763-A	rs4785763	0	4785763	non_coding_transcript_exon_variant	0	0.32	6E-22	21.221848749616356		1.36	[1.28-1.45]	Illumina [~ 317000]	N	melanoma	http://purl.obolibrary.org/obo/MONDO_0005105	GCST000437	Genome-wide genotyping array
2009-07-16	19578364	Bishop DT	2009-07-05	Nat Genet	www.ncbi.nlm.nih.gov/pubmed/19578364	Genome-wide association study identifies three loci associated with melanoma risk.	Melanoma	1,539 European ancestry cases, 3,917 European ancestry controls	2,312 European ancestry cases, 1,867 European ancestry controls	9p21.3	9	21816529	CDKN2A	MTAP			ENSG00000099810			rs7023329-A	rs7023329	0	7023329	intron_variant	0	0.50	4E-7	6.3979400086720375		1.18	[1.10-1.25]	Illumina [~ 317000]	N	melanoma	http://purl.obolibrary.org/obo/MONDO_0005105	GCST000437	Genome-wide genotyping array
2009-07-16	19578364	Bishop DT	2009-07-05	Nat Genet	www.ncbi.nlm.nih.gov/pubmed/19578364	Genome-wide association study identifies three loci associated with melanoma risk.	Melanoma	1,539 European ancestry cases, 3,917 European ancestry controls	2,312 European ancestry cases, 1,867 European ancestry controls	22q13.1	22	38148291	intergenic	PLA2G6			ENSG00000184381			rs2284063-?	rs2284063	0	2284063	non_coding_transcript_exon_variant	0	0.37	2E-9	8.698970004336019		1.2	[1.14-1.28]	Illumina [~ 317000]	N	melanoma	http://purl.obolibrary.org/obo/MONDO_0005105	GCST000437	Genome-wide genotyping array
2009-07-16	19578364	Bishop DT	2009-07-05	Nat Genet	www.ncbi.nlm.nih.gov/pubmed/19578364	Genome-wide association study identifies three loci associated with melanoma risk.	Melanoma	1,539 European ancestry cases, 3,917 European ancestry controls	2,312 European ancestry cases, 1,867 European ancestry controls	16q24.3	16	89689495	MC1R	CDK10			ENSG00000185324			rs258322-A	rs258322	0	258322	intron_variant	0	0.09	3E-27	26.522878745280337		1.67	[1.52-1.83]	Illumina [~ 317000]	N	melanoma	http://purl.obolibrary.org/obo/MONDO_0005105	GCST000437	Genome-wide genotyping array
2009-07-16	19578364	Bishop DT	2009-07-05	Nat Genet	www.ncbi.nlm.nih.gov/pubmed/19578364	Genome-wide association study identifies three loci associated with melanoma risk.	Melanoma	1,539 European ancestry cases, 3,917 European ancestry controls	2,312 European ancestry cases, 1,867 European ancestry controls	11q14.3	11	89277878	TYR	TYR			ENSG00000077498			rs1393350-A	rs1393350	0	1393350	intron_variant	0	0.27	2E-14	13.698970004336019		1.29	[1.21-1.38]	Illumina [~ 317000]	N	melanoma	http://purl.obolibrary.org/obo/MONDO_0005105	GCST000437	Genome-wide genotyping array
2013-06-11	23455637	Iles MM	2013-03-03	Nat Genet	www.ncbi.nlm.nih.gov/pubmed/23455637	A variant in FTO shows association with melanoma risk not due to BMI.	Melanoma	1,353 European ancestry cases, 3,566 European ancestry controls	12,313 European ancestry cases, Up to 55,667 European ancestry controls	16q12.2	16	54080912	FTO	FTO			ENSG00000140718			rs16953002-A	rs16953002	0	16953002	intron_variant	0	0.17	4E-12	11.397940008672037		1.16	[1.11-1.20]	Illumina [2600000] (imputed)	N	melanoma	http://purl.obolibrary.org/obo/MONDO_0005105	GCST001886	Genome-wide genotyping array
2013-08-10	23548203	Zhang M	2013-04-01	Hum Mol Genet	www.ncbi.nlm.nih.gov/pubmed/23548203	Genome-wide association studies identify several new loci associated with pigmentation traits and skin cancer risk in European Americans.	Non-melanoma skin cancer	6,747 European ancestry individuals	2,078 European ancestry individuals	6p25.3	6	396321	IRF4	IRF4			ENSG00000137265			rs12203592-T	rs12203592	0	12203592	intron_variant	0	NR	7E-14	13.154901959985743		0.21	[0.15-0.27] unit increase	Affymetrix, Illumina [7588169] (imputed)	N	Abnormal skin pigmentation	http://purl.obolibrary.org/obo/HP_0001000	GCST001940	Genome-wide genotyping array
2013-08-10	23548203	Zhang M	2013-04-01	Hum Mol Genet	www.ncbi.nlm.nih.gov/pubmed/23548203	Genome-wide association studies identify several new loci associated with pigmentation traits and skin cancer risk in European Americans.	Non-melanoma skin cancer	6,747 European ancestry individuals	2,078 European ancestry individuals	6p25.3	6	471136	EXOC2, IRF4	IRF4 - EXOC2	ENSG00000137265	ENSG00000112685		59693	13997	rs12202284-A	rs12202284	0	12202284	intron_variant	1	NR	5E-8	7.301029995663981		0.15	[0.091-0.209] unit increase	Affymetrix, Illumina [7588169] (imputed)	N	Abnormal skin pigmentation	http://purl.obolibrary.org/obo/HP_0001000	GCST001940	Genome-wide genotyping array
2013-08-10	23548203	Zhang M	2013-04-01	Hum Mol Genet	www.ncbi.nlm.nih.gov/pubmed/23548203	Genome-wide association studies identify several new loci associated with pigmentation traits and skin cancer risk in European Americans.	Non-melanoma skin cancer	6,747 European ancestry individuals	2,078 European ancestry individuals	14q22.1	14	51843386	GNG2	GNG2			ENSG00000186469			rs8015138-C	rs8015138	0	8015138	intron_variant	0	NR	7E-8	7.154901959985743		0.11	[0.071-0.149] unit decrease	Affymetrix, Illumina [7588169] (imputed)	N	Abnormal skin pigmentation	http://purl.obolibrary.org/obo/HP_0001000	GCST001940	Genome-wide genotyping array
2013-08-10	23548203	Zhang M	2013-04-01	Hum Mol Genet	www.ncbi.nlm.nih.gov/pubmed/23548203	Genome-wide association studies identify several new loci associated with pigmentation traits and skin cancer risk in European Americans.	Non-melanoma skin cancer	6,747 European ancestry individuals	2,078 European ancestry individuals	16q24.3	16	89919709	MC1R	MC1R			ENSG00000258839			rs1805007-C	rs1805007	0	1805007	missense_variant	0	NR	3E-10	9.522878745280337		0.34	[0.24-0.44] unit increase	Affymetrix, Illumina [7588169] (imputed)	N	Abnormal skin pigmentation	http://purl.obolibrary.org/obo/HP_0001000	GCST001940	Genome-wide genotyping array
2015-01-21	24980573	Song F	2014-06-30	Carcinogenesis	www.ncbi.nlm.nih.gov/pubmed/24980573	Identification of a melanoma susceptibility locus and somatic mutation in TET2.	Melanoma	494 European ancestry cases, 5,628 European ancestry controls	5,383 European ancestry cases, 13,033 European ancestry controls	3p21.2	3	51341843	DOCK3	DOCK3			ENSG00000088538			rs1031925-?	rs1031925	0	1031925	intron_variant	0	NR	8E-6	5.096910013008056		1.15	[1.08-1.22]	Affymetrix, Illumina [1579307] (imputed)	N	melanoma	http://purl.obolibrary.org/obo/MONDO_0005105	GCST002514	Genome-wide genotyping array
2015-01-21	24980573	Song F	2014-06-30	Carcinogenesis	www.ncbi.nlm.nih.gov/pubmed/24980573	Identification of a melanoma susceptibility locus and somatic mutation in TET2.	Melanoma	494 European ancestry cases, 5,628 European ancestry controls	5,383 European ancestry cases, 13,033 European ancestry controls	3q26.2	3	169747154	ACTRT3	RNU6-637P - TERC	ENSG00000206777	ENSG00000270141		26861	17456	rs13097028-?	rs13097028	0	13097028	intergenic_variant	1	NR	7E-7	6.154901959985743		1.1236	[1.08-1.18]	Affymetrix, Illumina [1579307] (imputed)	N	melanoma	http://purl.obolibrary.org/obo/MONDO_0005105	GCST002514	Genome-wide genotyping array
2015-01-21	24980573	Song F	2014-06-30	Carcinogenesis	www.ncbi.nlm.nih.gov/pubmed/24980573	Identification of a melanoma susceptibility locus and somatic mutation in TET2.	Melanoma	494 European ancestry cases, 5,628 European ancestry controls	5,383 European ancestry cases, 13,033 European ancestry controls	4q24	4	105218230	TET2	TET2, TET2-AS1			ENSG00000168769, ENSG00000251586			rs4698934-?	rs4698934	0	4698934	intron_variant	0	NR	8E-7	6.096910013008056		1.18	[1.10-1.25]	Affymetrix, Illumina [1579307] (imputed)	N	melanoma	http://purl.obolibrary.org/obo/MONDO_0005105	GCST002514	Genome-wide genotyping array
2015-01-21	24980573	Song F	2014-06-30	Carcinogenesis	www.ncbi.nlm.nih.gov/pubmed/24980573	Identification of a melanoma susceptibility locus and somatic mutation in TET2.	Melanoma	494 European ancestry cases, 5,628 European ancestry controls	5,383 European ancestry cases, 13,033 European ancestry controls	6q12	6	64722390	EYS	EYS			ENSG00000188107			rs1889497-?	rs1889497	0	1889497	intron_variant	0	NR	2E-6	5.698970004336019		1.1494	[1.09-1.22]	Affymetrix, Illumina [1579307] (imputed)	N	melanoma	http://purl.obolibrary.org/obo/MONDO_0005105	GCST002514	Genome-wide genotyping array
2015-01-21	24980573	Song F	2014-06-30	Carcinogenesis	www.ncbi.nlm.nih.gov/pubmed/24980573	Identification of a melanoma susceptibility locus and somatic mutation in TET2.	Melanoma	494 European ancestry cases, 5,628 European ancestry controls	5,383 European ancestry cases, 13,033 European ancestry controls	11q14.3	11	89272085	TYR	TYR			ENSG00000077498			rs1847134-?	rs1847134	0	1847134	intron_variant	0	NR	6E-8	7.221848749616356		1.25	[1.15-1.35]	Affymetrix, Illumina [1579307] (imputed)	N	melanoma	http://purl.obolibrary.org/obo/MONDO_0005105	GCST002514	Genome-wide genotyping array
2015-01-21	24980573	Song F	2014-06-30	Carcinogenesis	www.ncbi.nlm.nih.gov/pubmed/24980573	Identification of a melanoma susceptibility locus and somatic mutation in TET2.	Melanoma	494 European ancestry cases, 5,628 European ancestry controls	5,383 European ancestry cases, 13,033 European ancestry controls	16q24.3	16	89689495	MC1R	CDK10			ENSG00000185324			rs258322-A	rs258322	0	258322	intron_variant	0	NR	2E-9	8.698970004336019		1.5	[1.31-1.71]	Affymetrix, Illumina [1579307] (imputed)	N	melanoma	http://purl.obolibrary.org/obo/MONDO_0005105	GCST002514	Genome-wide genotyping array
2020-02-07	25147954	Enroth S	2014-08-22	Nat Commun	www.ncbi.nlm.nih.gov/pubmed/25147954	Strong effects of genetic and lifestyle factors on biomarker variation and use of personalized cutoffs.	melanoma-derived growth regulatory protein levels	up to 970 individuals	NA	19q13.2	19	40777460	MIA	MIA-RAB4B, MIA			ENSG00000268975, ENSG00000261857			rs2233159-C	rs2233159	0	2233159	3_prime_UTR_variant	0	0.10902	1E-16	16.0		0.65	[0.5-0.8] unit decrease	Illumina [4840842] (imputed)	N	melanoma-derived growth regulatory protein  level	http://purl.obolibrary.org/obo/OBA_2050157	GCST009573	Exome genotyping array [Exome array]
2020-02-07	25147954	Enroth S	2014-08-22	Nat Commun	www.ncbi.nlm.nih.gov/pubmed/25147954	Strong effects of genetic and lifestyle factors on biomarker variation and use of personalized cutoffs.	melanoma-derived growth regulatory protein levels	up to 970 individuals	NA	19q13.2	19	40757498	SNRPA	SNRPA			ENSG00000077312			rs2230694-G	rs2230694	0	2230694	missense_variant	0	0.10927	7E-17	16.154901959985743		0.66	[0.51-0.81] unit increase	Illumina [4840842] (imputed)	N	melanoma-derived growth regulatory protein  level	http://purl.obolibrary.org/obo/OBA_2050157	GCST009573	Exome genotyping array [Exome array]
2020-07-23	32341527	Landi MT	2020-04-27	Nat Genet	www.ncbi.nlm.nih.gov/pubmed/32341527	Genome-wide association meta-analyses combining multiple risk phenotypes provide insights into the genetic architecture of cutaneous melanoma susceptibility.	Cutaneous melanoma or hair colour	36,760 European ancestry cutaneous melanoma cases, 375,188 European ancestry controls, 352,662 European ancestry individuals	NA	14q32.32	14	103457138	MARK3	MARK3			ENSG00000075413			rs2273699-A	rs2273699	0	2273699	splice_region_variant	0	0.645165	1E-16	16.0				Affymetrix, Illumina [NR] (imputed)	N	cutaneous melanoma, hair color	http://purl.obolibrary.org/obo/MONDO_0005012, http://www.ebi.ac.uk/efo/EFO_0003924	GCST010302	Genome-wide genotyping array
2020-07-23	32341527	Landi MT	2020-04-27	Nat Genet	www.ncbi.nlm.nih.gov/pubmed/32341527	Genome-wide association meta-analyses combining multiple risk phenotypes provide insights into the genetic architecture of cutaneous melanoma susceptibility.	Cutaneous melanoma or hair colour	36,760 European ancestry cutaneous melanoma cases, 375,188 European ancestry controls, 352,662 European ancestry individuals	NA	1q41	1	214499928	RP11-365D23.4	PTPN14			ENSG00000152104			rs7533482-T	rs7533482	0	7533482	intron_variant	0	0.788482	2E-13	12.698970004336019				Affymetrix, Illumina [NR] (imputed)	N	cutaneous melanoma, hair color	http://purl.obolibrary.org/obo/MONDO_0005012, http://www.ebi.ac.uk/efo/EFO_0003924	GCST010302	Genome-wide genotyping array
2020-07-23	32341527	Landi MT	2020-04-27	Nat Genet	www.ncbi.nlm.nih.gov/pubmed/32341527	Genome-wide association meta-analyses combining multiple risk phenotypes provide insights into the genetic architecture of cutaneous melanoma susceptibility.	Cutaneous melanoma or hair colour	36,760 European ancestry cutaneous melanoma cases, 375,188 European ancestry controls, 352,662 European ancestry individuals	NA	2q21.3	2	134673139	TMEM163	TMEM163			ENSG00000152128			rs6745983-G	rs6745983	0	6745983	intron_variant	0	0.490453	7E-13	12.154901959985743				Affymetrix, Illumina [NR] (imputed)	N	cutaneous melanoma, hair color	http://purl.obolibrary.org/obo/MONDO_0005012, http://www.ebi.ac.uk/efo/EFO_0003924	GCST010302	Genome-wide genotyping array
2020-07-23	32341527	Landi MT	2020-04-27	Nat Genet	www.ncbi.nlm.nih.gov/pubmed/32341527	Genome-wide association meta-analyses combining multiple risk phenotypes provide insights into the genetic architecture of cutaneous melanoma susceptibility.	Cutaneous melanoma or hair colour	36,760 European ancestry cutaneous melanoma cases, 375,188 European ancestry controls, 352,662 European ancestry individuals	NA	1p31.1	1	77984833	DNAJB4	GIPC2, DNAJB4			ENSG00000137960, ENSG00000162616			rs34517439-C	rs34517439	0	34517439	intron_variant	0	0.899692	2E-12	11.698970004336019				Affymetrix, Illumina [NR] (imputed)	N	cutaneous melanoma, hair color	http://purl.obolibrary.org/obo/MONDO_0005012, http://www.ebi.ac.uk/efo/EFO_0003924	GCST010302	Genome-wide genotyping array
2020-07-23	32341527	Landi MT	2020-04-27	Nat Genet	www.ncbi.nlm.nih.gov/pubmed/32341527	Genome-wide association meta-analyses combining multiple risk phenotypes provide insights into the genetic architecture of cutaneous melanoma susceptibility.	Cutaneous melanoma or hair colour	36,760 European ancestry cutaneous melanoma cases, 375,188 European ancestry controls, 352,662 European ancestry individuals	NA	1p36.11	1	24461457	NIPAL3	NIPAL3			ENSG00000001461			rs195720-A	rs195720	0	195720	intron_variant	0	0.38939	2E-12	11.698970004336019				Affymetrix, Illumina [NR] (imputed)	N	cutaneous melanoma, hair color	http://purl.obolibrary.org/obo/MONDO_0005012, http://www.ebi.ac.uk/efo/EFO_0003924	GCST010302	Genome-wide genotyping array
2020-07-23	32341527	Landi MT	2020-04-27	Nat Genet	www.ncbi.nlm.nih.gov/pubmed/32341527	Genome-wide association meta-analyses combining multiple risk phenotypes provide insights into the genetic architecture of cutaneous melanoma susceptibility.	Cutaneous melanoma or hair colour	36,760 European ancestry cutaneous melanoma cases, 375,188 European ancestry controls, 352,662 European ancestry individuals	NA	22q13.31	22	45242915	KIAA0930	KIAA0930 - UPK3A	ENSG00000100364	ENSG00000100373		1971	42009	rs5765229-C	rs5765229	0	5765229	regulatory_region_variant	1	0.515845	3E-12	11.522878745280337				Affymetrix, Illumina [NR] (imputed)	N	cutaneous melanoma, hair color	http://purl.obolibrary.org/obo/MONDO_0005012, http://www.ebi.ac.uk/efo/EFO_0003924	GCST010302	Genome-wide genotyping array
2020-07-23	32341527	Landi MT	2020-04-27	Nat Genet	www.ncbi.nlm.nih.gov/pubmed/32341527	Genome-wide association meta-analyses combining multiple risk phenotypes provide insights into the genetic architecture of cutaneous melanoma susceptibility.	Cutaneous melanoma or hair colour	36,760 European ancestry cutaneous melanoma cases, 375,188 European ancestry controls, 352,662 European ancestry individuals	NA	13q34	13	113975135	RASA3	C13orf46 - RASA3	ENSG00000283199	ENSG00000185989		1059	2648	rs75414584-C	rs75414584	0	75414584	non_coding_transcript_exon_variant	1	0.89963	5E-12	11.301029995663981				Affymetrix, Illumina [NR] (imputed)	N	cutaneous melanoma, hair color	http://purl.obolibrary.org/obo/MONDO_0005012, http://www.ebi.ac.uk/efo/EFO_0003924	GCST010302	Genome-wide genotyping array
2020-07-23	32341527	Landi MT	2020-04-27	Nat Genet	www.ncbi.nlm.nih.gov/pubmed/32341527	Genome-wide association meta-analyses combining multiple risk phenotypes provide insights into the genetic architecture of cutaneous melanoma susceptibility.	Cutaneous melanoma or hair colour	36,760 European ancestry cutaneous melanoma cases, 375,188 European ancestry controls, 352,662 European ancestry individuals	NA	10q25.2	10	110130021	ADD3	ADD3			ENSG00000148700			rs11194997-G	rs11194997	0	11194997	intron_variant	0	0.808408	3E-11	10.522878745280337				Affymetrix, Illumina [NR] (imputed)	N	cutaneous melanoma, hair color	http://purl.obolibrary.org/obo/MONDO_0005012, http://www.ebi.ac.uk/efo/EFO_0003924	GCST010302	Genome-wide genotyping array
2020-07-23	32341527	Landi MT	2020-04-27	Nat Genet	www.ncbi.nlm.nih.gov/pubmed/32341527	Genome-wide association meta-analyses combining multiple risk phenotypes provide insights into the genetic architecture of cutaneous melanoma susceptibility.	Cutaneous melanoma or hair colour	36,760 European ancestry cutaneous melanoma cases, 375,188 European ancestry controls, 352,662 European ancestry individuals	NA	2q34	2	213201156	RP11-105N14.3	LINC01953 - SPAG16-DT	ENSG00000236193	ENSG00000196096		33432	65677	rs16849932-G	rs16849932	0	16849932	intron_variant	1	0.91774	1E-10	10.0				Affymetrix, Illumina [NR] (imputed)	N	cutaneous melanoma, hair color	http://purl.obolibrary.org/obo/MONDO_0005012, http://www.ebi.ac.uk/efo/EFO_0003924	GCST010302	Genome-wide genotyping array
2020-07-23	32341527	Landi MT	2020-04-27	Nat Genet	www.ncbi.nlm.nih.gov/pubmed/32341527	Genome-wide association meta-analyses combining multiple risk phenotypes provide insights into the genetic architecture of cutaneous melanoma susceptibility.	Cutaneous melanoma or hair colour	36,760 European ancestry cutaneous melanoma cases, 375,188 European ancestry controls, 352,662 European ancestry individuals	NA	6p24.1	6	11637250	RP11-679B17.2	TMEM170B - Metazoa_SRP	ENSG00000205269	ENSG00000275978		53726	6817	rs548304-G	rs548304	0	548304	intron_variant	1	0.802741	1E-10	10.0				Affymetrix, Illumina [NR] (imputed)	N	cutaneous melanoma, hair color	http://purl.obolibrary.org/obo/MONDO_0005012, http://www.ebi.ac.uk/efo/EFO_0003924	GCST010302	Genome-wide genotyping array
2020-07-23	32341527	Landi MT	2020-04-27	Nat Genet	www.ncbi.nlm.nih.gov/pubmed/32341527	Genome-wide association meta-analyses combining multiple risk phenotypes provide insights into the genetic architecture of cutaneous melanoma susceptibility.	Cutaneous melanoma or hair colour	36,760 European ancestry cutaneous melanoma cases, 375,188 European ancestry controls, 352,662 European ancestry individuals	NA	11q14.3	11	91883525	TUBB4BP4	LINC02756 - TUBB4BP4	ENSG00000255332	ENSG00000254961		11439	66206	rs12225068-A	rs12225068	0	12225068	intergenic_variant	1	0.917154	6E-10	9.221848749616356				Affymetrix, Illumina [NR] (imputed)	N	cutaneous melanoma, hair color	http://purl.obolibrary.org/obo/MONDO_0005012, http://www.ebi.ac.uk/efo/EFO_0003924	GCST010302	Genome-wide genotyping array
2020-07-23	32341527	Landi MT	2020-04-27	Nat Genet	www.ncbi.nlm.nih.gov/pubmed/32341527	Genome-wide association meta-analyses combining multiple risk phenotypes provide insights into the genetic architecture of cutaneous melanoma susceptibility.	Cutaneous melanoma or hair colour	36,760 European ancestry cutaneous melanoma cases, 375,188 European ancestry controls, 352,662 European ancestry individuals	NA	6p24.3	6	7189334	Y_RNA	RREB1			ENSG00000124782			rs75818295-C	rs75818295	0	75818295	intron_variant	0	0.954681	8E-10	9.096910013008056				Affymetrix, Illumina [NR] (imputed)	N	cutaneous melanoma, hair color	http://purl.obolibrary.org/obo/MONDO_0005012, http://www.ebi.ac.uk/efo/EFO_0003924	GCST010302	Genome-wide genotyping array
2020-07-23	32341527	Landi MT	2020-04-27	Nat Genet	www.ncbi.nlm.nih.gov/pubmed/32341527	Genome-wide association meta-analyses combining multiple risk phenotypes provide insights into the genetic architecture of cutaneous melanoma susceptibility.	Cutaneous melanoma or hair colour	36,760 European ancestry cutaneous melanoma cases, 375,188 European ancestry controls, 352,662 European ancestry individuals	NA	15q21.1	15	48108002	SLC24A5	LINC01491 - SLC24A5	ENSG00000259572	ENSG00000188467		260847	12988	rs2675345-A	rs2675345	0	2675345	intron_variant	1	0.952525	1E-9	9.0				Affymetrix, Illumina [NR] (imputed)	N	cutaneous melanoma, hair color	http://purl.obolibrary.org/obo/MONDO_0005012, http://www.ebi.ac.uk/efo/EFO_0003924	GCST010302	Genome-wide genotyping array
2020-07-23	32341527	Landi MT	2020-04-27	Nat Genet	www.ncbi.nlm.nih.gov/pubmed/32341527	Genome-wide association meta-analyses combining multiple risk phenotypes provide insights into the genetic architecture of cutaneous melanoma susceptibility.	Cutaneous melanoma or hair colour	36,760 European ancestry cutaneous melanoma cases, 375,188 European ancestry controls, 352,662 European ancestry individuals	NA	13q22.2	13	75777150	LMO7	LMO7			ENSG00000136153			rs474240-A	rs474240	0	474240	intron_variant	0	0.35445	9E-9	8.045757490560675				Affymetrix, Illumina [NR] (imputed)	N	cutaneous melanoma, hair color	http://purl.obolibrary.org/obo/MONDO_0005012, http://www.ebi.ac.uk/efo/EFO_0003924	GCST010302	Genome-wide genotyping array
2020-07-23	32341527	Landi MT	2020-04-27	Nat Genet	www.ncbi.nlm.nih.gov/pubmed/32341527	Genome-wide association meta-analyses combining multiple risk phenotypes provide insights into the genetic architecture of cutaneous melanoma susceptibility.	Cutaneous melanoma or hair colour	36,760 European ancestry cutaneous melanoma cases, 375,188 European ancestry controls, 352,662 European ancestry individuals	NA	16q22.1	16	68638443	CDH3	CDH3			ENSG00000062038			rs8046299-G	rs8046299	0	8046299	intergenic_variant	0	0.256976	1E-8	8.0				Affymetrix, Illumina [NR] (imputed)	N	cutaneous melanoma, hair color	http://purl.obolibrary.org/obo/MONDO_0005012, http://www.ebi.ac.uk/efo/EFO_0003924	GCST010302	Genome-wide genotyping array
2020-07-23	32341527	Landi MT	2020-04-27	Nat Genet	www.ncbi.nlm.nih.gov/pubmed/32341527	Genome-wide association meta-analyses combining multiple risk phenotypes provide insights into the genetic architecture of cutaneous melanoma susceptibility.	Cutaneous melanoma or hair colour	36,760 European ancestry cutaneous melanoma cases, 375,188 European ancestry controls, 352,662 European ancestry individuals	NA	2p23.3	2	25343038	AC012074.2	DNMT3A - ARNILA	ENSG00000119772	ENSG00000235072		448	26098	rs1550117-A	rs1550117	0	1550117	regulatory_region_variant	1	0.06968	1E-8	8.0				Affymetrix, Illumina [NR] (imputed)	N	cutaneous melanoma, hair color	http://purl.obolibrary.org/obo/MONDO_0005012, http://www.ebi.ac.uk/efo/EFO_0003924	GCST010302	Genome-wide genotyping array
2020-07-23	32341527	Landi MT	2020-04-27	Nat Genet	www.ncbi.nlm.nih.gov/pubmed/32341527	Genome-wide association meta-analyses combining multiple risk phenotypes provide insights into the genetic architecture of cutaneous melanoma susceptibility.	Cutaneous melanoma or hair colour	36,760 European ancestry cutaneous melanoma cases, 375,188 European ancestry controls, 352,662 European ancestry individuals	NA	1q32.1	1	204662937	RP11-23I7.1	LRRN2			ENSG00000170382			rs2772233-A	rs2772233	0	2772233	intron_variant	0	0.710594	1E-8	8.0				Affymetrix, Illumina [NR] (imputed)	N	cutaneous melanoma, hair color	http://purl.obolibrary.org/obo/MONDO_0005012, http://www.ebi.ac.uk/efo/EFO_0003924	GCST010302	Genome-wide genotyping array
2020-07-23	32341527	Landi MT	2020-04-27	Nat Genet	www.ncbi.nlm.nih.gov/pubmed/32341527	Genome-wide association meta-analyses combining multiple risk phenotypes provide insights into the genetic architecture of cutaneous melanoma susceptibility.	Cutaneous melanoma or hair colour	36,760 European ancestry cutaneous melanoma cases, 375,188 European ancestry controls, 352,662 European ancestry individuals	NA	15q12	15	25861110	ATP10A	ATP10A			ENSG00000206190			rs12906552-T	rs12906552	0	12906552	intron_variant	0	0.250262	2E-8	7.698970004336019				Affymetrix, Illumina [NR] (imputed)	N	cutaneous melanoma, hair color	http://purl.obolibrary.org/obo/MONDO_0005012, http://www.ebi.ac.uk/efo/EFO_0003924	GCST010302	Genome-wide genotyping array
2020-07-23	32341527	Landi MT	2020-04-27	Nat Genet	www.ncbi.nlm.nih.gov/pubmed/32341527	Genome-wide association meta-analyses combining multiple risk phenotypes provide insights into the genetic architecture of cutaneous melanoma susceptibility.	Cutaneous melanoma or hair colour	36,760 European ancestry cutaneous melanoma cases, 375,188 European ancestry controls, 352,662 European ancestry individuals	NA	16q12.2	16	54098027	AC007347.1	FTO			ENSG00000140718			rs62034139-G	rs62034139	0	62034139	intron_variant	0	0.825577	3E-8	7.522878745280337				Affymetrix, Illumina [NR] (imputed)	N	cutaneous melanoma, hair color	http://purl.obolibrary.org/obo/MONDO_0005012, http://www.ebi.ac.uk/efo/EFO_0003924	GCST010302	Genome-wide genotyping array
2020-07-23	32341527	Landi MT	2020-04-27	Nat Genet	www.ncbi.nlm.nih.gov/pubmed/32341527	Genome-wide association meta-analyses combining multiple risk phenotypes provide insights into the genetic architecture of cutaneous melanoma susceptibility.	Cutaneous melanoma or hair colour	36,760 European ancestry cutaneous melanoma cases, 375,188 European ancestry controls, 352,662 European ancestry individuals	NA	3q25.2	3	153251502	RAP2B	RN7SL300P - LINC03109	ENSG00000265813	ENSG00000241220		51485	105605	rs79705207-A	rs79705207	0	79705207	intron_variant	1	0.927918	4E-8	7.3979400086720375				Affymetrix, Illumina [NR] (imputed)	N	cutaneous melanoma, hair color	http://purl.obolibrary.org/obo/MONDO_0005012, http://www.ebi.ac.uk/efo/EFO_0003924	GCST010302	Genome-wide genotyping array
2020-07-23	32341527	Landi MT	2020-04-27	Nat Genet	www.ncbi.nlm.nih.gov/pubmed/32341527	Genome-wide association meta-analyses combining multiple risk phenotypes provide insights into the genetic architecture of cutaneous melanoma susceptibility.	Cutaneous melanoma or hair colour	36,760 European ancestry cutaneous melanoma cases, 375,188 European ancestry controls, 352,662 European ancestry individuals	NA	11p15.4	11	10310117	AMPD3	AMPD3			ENSG00000133805			rs4444073-A	rs4444073	0	4444073	intron_variant	0	0.558315	4E-8	7.3979400086720375				Affymetrix, Illumina [NR] (imputed)	N	cutaneous melanoma, hair color	http://purl.obolibrary.org/obo/MONDO_0005012, http://www.ebi.ac.uk/efo/EFO_0003924	GCST010302	Genome-wide genotyping array
2020-07-23	32341527	Landi MT	2020-04-27	Nat Genet	www.ncbi.nlm.nih.gov/pubmed/32341527	Genome-wide association meta-analyses combining multiple risk phenotypes provide insights into the genetic architecture of cutaneous melanoma susceptibility.	Cutaneous melanoma or hair colour	36,760 European ancestry cutaneous melanoma cases, 375,188 European ancestry controls, 352,662 European ancestry individuals	NA	20p11.1	20	26200596	AL121904.1	MIR663AHG			ENSG00000227195			rs703764-A	rs703764	0	703764	intron_variant	0	0.021651	4E-8	7.3979400086720375				Affymetrix, Illumina [NR] (imputed)	N	cutaneous melanoma, hair color	http://purl.obolibrary.org/obo/MONDO_0005012, http://www.ebi.ac.uk/efo/EFO_0003924	GCST010302	Genome-wide genotyping array
2020-07-23	32341527	Landi MT	2020-04-27	Nat Genet	www.ncbi.nlm.nih.gov/pubmed/32341527	Genome-wide association meta-analyses combining multiple risk phenotypes provide insights into the genetic architecture of cutaneous melanoma susceptibility.	Cutaneous melanoma or hair colour	36,760 European ancestry cutaneous melanoma cases, 375,188 European ancestry controls, 352,662 European ancestry individuals	NA	11q23.1	11	110687139	ARHGAP20	ARHGAP20			ENSG00000137727			rs35391917-A	rs35391917	0	35391917	intron_variant	0	0.839051	4E-8	7.3979400086720375				Affymetrix, Illumina [NR] (imputed)	N	cutaneous melanoma, hair color	http://purl.obolibrary.org/obo/MONDO_0005012, http://www.ebi.ac.uk/efo/EFO_0003924	GCST010302	Genome-wide genotyping array
2020-07-23	32341527	Landi MT	2020-04-27	Nat Genet	www.ncbi.nlm.nih.gov/pubmed/32341527	Genome-wide association meta-analyses combining multiple risk phenotypes provide insights into the genetic architecture of cutaneous melanoma susceptibility.	Cutaneous melanoma or hair colour	36,760 European ancestry cutaneous melanoma cases, 375,188 European ancestry controls, 352,662 European ancestry individuals	NA	22q11.23	22	23302607	LINC02556	BCR			ENSG00000186716			rs9608102-C	rs9608102	0	9608102	intron_variant	0	0.911718	4E-8	7.3979400086720375				Affymetrix, Illumina [NR] (imputed)	N	cutaneous melanoma, hair color	http://purl.obolibrary.org/obo/MONDO_0005012, http://www.ebi.ac.uk/efo/EFO_0003924	GCST010302	Genome-wide genotyping array
2020-07-23	32341527	Landi MT	2020-04-27	Nat Genet	www.ncbi.nlm.nih.gov/pubmed/32341527	Genome-wide association meta-analyses combining multiple risk phenotypes provide insights into the genetic architecture of cutaneous melanoma susceptibility.	Nevus count or cutaneous melanoma	36,760 European ancestry cutaneous melanoma cases, 375,188 European ancestry controls, 12,930 European ancestry individuals, 52,847 individuals	NA	9p21.3	9	21804618	MTAP	MTAP			ENSG00000099810			rs869330-A	rs869330	0	869330	intron_variant	0	0.47684	6E-113	112.22184874961636				Affymetrix, Illumina [NR] (imputed)	N	cutaneous melanoma, nevus count	http://purl.obolibrary.org/obo/MONDO_0005012, http://www.ebi.ac.uk/efo/EFO_0004632	GCST010303	Genome-wide genotyping array
2020-07-23	32341527	Landi MT	2020-04-27	Nat Genet	www.ncbi.nlm.nih.gov/pubmed/32341527	Genome-wide association meta-analyses combining multiple risk phenotypes provide insights into the genetic architecture of cutaneous melanoma susceptibility.	Cutaneous malignant melanoma	36,760 European ancestry cases, 375,188 European ancestry controls	NA	16q24.3	16	89920793	TUBB3	MC1R			ENSG00000258839			rs3212371-G	rs3212371	0	3212371	3_prime_UTR_variant	0	0.111549	2E-8	7.698970004336019		1.088613	NR	Affymetrix, Illumina [NR] (imputed)	N	cutaneous melanoma	http://purl.obolibrary.org/obo/MONDO_0005012	GCST010304	Genome-wide genotyping array
2020-07-23	32341527	Landi MT	2020-04-27	Nat Genet	www.ncbi.nlm.nih.gov/pubmed/32341527	Genome-wide association meta-analyses combining multiple risk phenotypes provide insights into the genetic architecture of cutaneous melanoma susceptibility.	Cutaneous malignant melanoma	36,760 European ancestry cases, 375,188 European ancestry controls	NA	5p15.33	5	1285859	TERT	TERT			ENSG00000164362			rs7705526-A	rs7705526	0	7705526	intron_variant	0	0.3294	2E-14	13.698970004336019		1.0884947	NR	Affymetrix, Illumina [NR] (imputed)	N	cutaneous melanoma	http://purl.obolibrary.org/obo/MONDO_0005012	GCST010304	Genome-wide genotyping array
2020-07-23	32341527	Landi MT	2020-04-27	Nat Genet	www.ncbi.nlm.nih.gov/pubmed/32341527	Genome-wide association meta-analyses combining multiple risk phenotypes provide insights into the genetic architecture of cutaneous melanoma susceptibility.	Cutaneous malignant melanoma	36,760 European ancestry cases, 375,188 European ancestry controls	NA	8p21.3	8	22093498	FAM160B2	FHIP2B			ENSG00000158863			rs6994183-T	rs6994183	0	6994183	intron_variant	0	0.1335	5E-9	8.301029995663981		1.0843635	NR	Affymetrix, Illumina [NR] (imputed)	N	cutaneous melanoma	http://purl.obolibrary.org/obo/MONDO_0005012	GCST010304	Genome-wide genotyping array
2020-07-23	32341527	Landi MT	2020-04-27	Nat Genet	www.ncbi.nlm.nih.gov/pubmed/32341527	Genome-wide association meta-analyses combining multiple risk phenotypes provide insights into the genetic architecture of cutaneous melanoma susceptibility.	Cutaneous malignant melanoma	36,760 European ancestry cases, 375,188 European ancestry controls	NA	22q13.33	22	50283979	PLXNB2	PLXNB2			ENSG00000196576			rs79966207-C	rs79966207	0	79966207	missense_variant	0	0.1508	9E-9	8.045757490560675		1.0824854	NR	Affymetrix, Illumina [NR] (imputed)	N	cutaneous melanoma	http://purl.obolibrary.org/obo/MONDO_0005012	GCST010304	Genome-wide genotyping array
2020-07-23	32341527	Landi MT	2020-04-27	Nat Genet	www.ncbi.nlm.nih.gov/pubmed/32341527	Genome-wide association meta-analyses combining multiple risk phenotypes provide insights into the genetic architecture of cutaneous melanoma susceptibility.	Cutaneous malignant melanoma	36,760 European ancestry cases, 375,188 European ancestry controls	NA	16q22.1	16	68789068	CDH1	CDH1			ENSG00000039068			rs4420522-G	rs4420522	0	4420522	intron_variant	0	0.3102	8E-14	13.096910013008056		1.0800303	NR	Affymetrix, Illumina [NR] (imputed)	N	cutaneous melanoma	http://purl.obolibrary.org/obo/MONDO_0005012	GCST010304	Genome-wide genotyping array
2020-07-23	32341527	Landi MT	2020-04-27	Nat Genet	www.ncbi.nlm.nih.gov/pubmed/32341527	Genome-wide association meta-analyses combining multiple risk phenotypes provide insights into the genetic architecture of cutaneous melanoma susceptibility.	Cutaneous malignant melanoma	36,760 European ancestry cases, 375,188 European ancestry controls	NA	7p15.3	7	22075836	RAPGEF5	CDCA7L - RAPGEF5	ENSG00000164649	ENSG00000136237		129617	42400	rs12539524-T	rs12539524	0	12539524	intergenic_variant	1	0.1541	2E-8	7.698970004336019		1.0794473	NR	Affymetrix, Illumina [NR] (imputed)	N	cutaneous melanoma	http://purl.obolibrary.org/obo/MONDO_0005012	GCST010304	Genome-wide genotyping array
2020-07-23	32341527	Landi MT	2020-04-27	Nat Genet	www.ncbi.nlm.nih.gov/pubmed/32341527	Genome-wide association meta-analyses combining multiple risk phenotypes provide insights into the genetic architecture of cutaneous melanoma susceptibility.	Cutaneous malignant melanoma	36,760 European ancestry cases, 375,188 European ancestry controls	NA	7q31.33	7	124756591	GPR37	GPR37			ENSG00000170775			rs4731207-A	rs4731207	0	4731207	intron_variant	0	0.4599	2E-15	14.698970004336019		1.0793308	NR	Affymetrix, Illumina [NR] (imputed)	N	cutaneous melanoma	http://purl.obolibrary.org/obo/MONDO_0005012	GCST010304	Genome-wide genotyping array
2020-07-23	32341527	Landi MT	2020-04-27	Nat Genet	www.ncbi.nlm.nih.gov/pubmed/32341527	Genome-wide association meta-analyses combining multiple risk phenotypes provide insights into the genetic architecture of cutaneous melanoma susceptibility.	Cutaneous malignant melanoma	36,760 European ancestry cases, 375,188 European ancestry controls	NA	12p13.1	12	12917818	MIR614	GPRC5A			ENSG00000013588			rs1056927-G	rs1056927	0	1056927	3_prime_UTR_variant	0	0.4391	8E-15	14.096910013008056		1.0790979	NR	Affymetrix, Illumina [NR] (imputed)	N	cutaneous melanoma	http://purl.obolibrary.org/obo/MONDO_0005012	GCST010304	Genome-wide genotyping array
2020-07-23	32341527	Landi MT	2020-04-27	Nat Genet	www.ncbi.nlm.nih.gov/pubmed/32341527	Genome-wide association meta-analyses combining multiple risk phenotypes provide insights into the genetic architecture of cutaneous melanoma susceptibility.	Cutaneous malignant melanoma	36,760 European ancestry cases, 375,188 European ancestry controls	NA	12p12.3	12	17122526	RPL7P40	RPL7P40 - PSMC1P8	ENSG00000242991	ENSG00000256896		66	260826	rs4237963-A	rs4237963	0	4237963	intron_variant	1	0.7929	1E-9	9.0		1.0780509	NR	Affymetrix, Illumina [NR] (imputed)	N	cutaneous melanoma	http://purl.obolibrary.org/obo/MONDO_0005012	GCST010304	Genome-wide genotyping array
2020-07-23	32341527	Landi MT	2020-04-27	Nat Genet	www.ncbi.nlm.nih.gov/pubmed/32341527	Genome-wide association meta-analyses combining multiple risk phenotypes provide insights into the genetic architecture of cutaneous melanoma susceptibility.	Cutaneous malignant melanoma	36,760 European ancestry cases, 375,188 European ancestry controls	NA	8q13.3	8	71952005	RP11-383H13.1	MSC-AS1			ENSG00000235531			rs13263376-A	rs13263376	0	13263376	intron_variant	0	0.6357	1E-12	12.0		1.0739985	NR	Affymetrix, Illumina [NR] (imputed)	N	cutaneous melanoma	http://purl.obolibrary.org/obo/MONDO_0005012	GCST010304	Genome-wide genotyping array
2020-07-23	32341527	Landi MT	2020-04-27	Nat Genet	www.ncbi.nlm.nih.gov/pubmed/32341527	Genome-wide association meta-analyses combining multiple risk phenotypes provide insights into the genetic architecture of cutaneous melanoma susceptibility.	Cutaneous malignant melanoma	36,760 European ancestry cases, 375,188 European ancestry controls	NA	9p23	9	12587153	TYRP1	RNU2-47P - LURAP1L-AS1	ENSG00000222581	ENSG00000235448		286702	44281	rs10960710-T	rs10960710	0	10960710	intergenic_variant	1	0.606699	3E-12	11.522878745280337		1.0727311	NR	Affymetrix, Illumina [NR] (imputed)	N	cutaneous melanoma	http://purl.obolibrary.org/obo/MONDO_0005012	GCST010304	Genome-wide genotyping array
2020-07-23	32341527	Landi MT	2020-04-27	Nat Genet	www.ncbi.nlm.nih.gov/pubmed/32341527	Genome-wide association meta-analyses combining multiple risk phenotypes provide insights into the genetic architecture of cutaneous melanoma susceptibility.	Cutaneous malignant melanoma	36,760 European ancestry cases, 375,188 European ancestry controls	NA	2p23.3	2	25555768	DTNB	DTNB			ENSG00000138101			rs12473635-C	rs12473635	0	12473635	intron_variant	0	0.2235	5E-9	8.301029995663981		1.0715816	NR	Affymetrix, Illumina [NR] (imputed)	N	cutaneous melanoma	http://purl.obolibrary.org/obo/MONDO_0005012	GCST010304	Genome-wide genotyping array
2020-07-23	32341527	Landi MT	2020-04-27	Nat Genet	www.ncbi.nlm.nih.gov/pubmed/32341527	Genome-wide association meta-analyses combining multiple risk phenotypes provide insights into the genetic architecture of cutaneous melanoma susceptibility.	Cutaneous malignant melanoma	36,760 European ancestry cases, 375,188 European ancestry controls	NA	7q32.3	7	131053907	MKLN1	LINC-PINT			ENSG00000231721			rs7778378-T	rs7778378	0	7778378	intron_variant	0	0.752464	9E-9	8.045757490560675		1.0711225	NR	Affymetrix, Illumina [NR] (imputed)	N	cutaneous melanoma	http://purl.obolibrary.org/obo/MONDO_0005012	GCST010304	Genome-wide genotyping array
2020-07-23	32341527	Landi MT	2020-04-27	Nat Genet	www.ncbi.nlm.nih.gov/pubmed/32341527	Genome-wide association meta-analyses combining multiple risk phenotypes provide insights into the genetic architecture of cutaneous melanoma susceptibility.	Cutaneous malignant melanoma	36,760 European ancestry cases, 375,188 European ancestry controls	NA	13q34	13	112881635	MCF2L	ATP11A			ENSG00000068650			rs1278768-C	rs1278768	0	1278768	intron_variant	0	0.512396	6E-12	11.221848749616356		1.0686044	NR	Affymetrix, Illumina [NR] (imputed)	N	cutaneous melanoma	http://purl.obolibrary.org/obo/MONDO_0005012	GCST010304	Genome-wide genotyping array
2020-07-23	32341527	Landi MT	2020-04-27	Nat Genet	www.ncbi.nlm.nih.gov/pubmed/32341527	Genome-wide association meta-analyses combining multiple risk phenotypes provide insights into the genetic architecture of cutaneous melanoma susceptibility.	Cutaneous malignant melanoma	36,760 European ancestry cases, 375,188 European ancestry controls	NA	11q23.3	11	120324993	TMEM136	POU2F3 - TLCD5	ENSG00000137709	ENSG00000181264		5048	187	rs12290699-C	rs12290699	0	12290699	regulatory_region_variant	1	0.2553	2E-8	7.698970004336019		1.0662118	NR	Affymetrix, Illumina [NR] (imputed)	N	cutaneous melanoma	http://purl.obolibrary.org/obo/MONDO_0005012	GCST010304	Genome-wide genotyping array
2020-07-23	32341527	Landi MT	2020-04-27	Nat Genet	www.ncbi.nlm.nih.gov/pubmed/32341527	Genome-wide association meta-analyses combining multiple risk phenotypes provide insights into the genetic architecture of cutaneous melanoma susceptibility.	Cutaneous malignant melanoma	36,760 European ancestry cases, 375,188 European ancestry controls	NA	6p25.3	6	1145030	snoU13	LINC01622 - FOXQ1	ENSG00000286785	ENSG00000164379		43608	167068	rs12215602-A	rs12215602	0	12215602	intron_variant	1	0.2792	8E-9	8.096910013008056		1.0622478	NR	Affymetrix, Illumina [NR] (imputed)	N	cutaneous melanoma	http://purl.obolibrary.org/obo/MONDO_0005012	GCST010304	Genome-wide genotyping array
2020-07-23	32341527	Landi MT	2020-04-27	Nat Genet	www.ncbi.nlm.nih.gov/pubmed/32341527	Genome-wide association meta-analyses combining multiple risk phenotypes provide insights into the genetic architecture of cutaneous melanoma susceptibility.	Cutaneous malignant melanoma	36,760 European ancestry cases, 375,188 European ancestry controls	NA	9q34.13	9	131582193	RAPGEF1	RAPGEF1			ENSG00000107263			rs3780269-A	rs3780269	0	3780269	intron_variant	0	0.3093	2E-8	7.698970004336019		1.0589855	NR	Affymetrix, Illumina [NR] (imputed)	N	cutaneous melanoma	http://purl.obolibrary.org/obo/MONDO_0005012	GCST010304	Genome-wide genotyping array
2020-07-23	32341527	Landi MT	2020-04-27	Nat Genet	www.ncbi.nlm.nih.gov/pubmed/32341527	Genome-wide association meta-analyses combining multiple risk phenotypes provide insights into the genetic architecture of cutaneous melanoma susceptibility.	Cutaneous malignant melanoma	36,760 European ancestry cases, 375,188 European ancestry controls	NA	7p21.1	7	16956904	AGR3	AHR			ENSG00000106546			rs73069846-T	rs73069846	0	73069846	intron_variant	0	0.37336	1E-8	8.0		1.0574179	NR	Affymetrix, Illumina [NR] (imputed)	N	cutaneous melanoma	http://purl.obolibrary.org/obo/MONDO_0005012	GCST010304	Genome-wide genotyping array
2020-07-23	32341527	Landi MT	2020-04-27	Nat Genet	www.ncbi.nlm.nih.gov/pubmed/32341527	Genome-wide association meta-analyses combining multiple risk phenotypes provide insights into the genetic architecture of cutaneous melanoma susceptibility.	Cutaneous malignant melanoma	36,760 European ancestry cases, 375,188 European ancestry controls	NA	11p15.2	11	16019759	CTD-3096P4.1	SOX6			ENSG00000110693			rs7941496-G	rs7941496	0	7941496	intron_variant	0	0.5164	1E-9	9.0		1.0602	NR	Affymetrix, Illumina [NR] (imputed)	N	cutaneous melanoma	http://purl.obolibrary.org/obo/MONDO_0005012	GCST010304	Genome-wide genotyping array
2020-07-23	32341527	Landi MT	2020-04-27	Nat Genet	www.ncbi.nlm.nih.gov/pubmed/32341527	Genome-wide association meta-analyses combining multiple risk phenotypes provide insights into the genetic architecture of cutaneous melanoma susceptibility.	Cutaneous malignant melanoma	36,760 European ancestry cases, 375,188 European ancestry controls	NA	5p15.33	5	1299955	TERT	TERT - MIR4457	ENSG00000164362	ENSG00000263670		4870	9355	rs2853667-A	rs2853667	0	2853667	intergenic_variant	1	0.5691	8E-9	8.096910013008056		1.0623	NR	Affymetrix, Illumina [NR] (imputed)	N	cutaneous melanoma	http://purl.obolibrary.org/obo/MONDO_0005012	GCST010304	Genome-wide genotyping array
2020-07-23	32341527	Landi MT	2020-04-27	Nat Genet	www.ncbi.nlm.nih.gov/pubmed/32341527	Genome-wide association meta-analyses combining multiple risk phenotypes provide insights into the genetic architecture of cutaneous melanoma susceptibility.	Cutaneous malignant melanoma	36,760 European ancestry cases, 375,188 European ancestry controls	NA	22q13.31	22	45226803	KIAA0930	KIAA0930			ENSG00000100364			rs5766565-A	rs5766565	0	5766565	intron_variant	0	0.6467	1E-9	9.0		1.0632	NR	Affymetrix, Illumina [NR] (imputed)	N	cutaneous melanoma	http://purl.obolibrary.org/obo/MONDO_0005012	GCST010304	Genome-wide genotyping array
2020-07-23	32341527	Landi MT	2020-04-27	Nat Genet	www.ncbi.nlm.nih.gov/pubmed/32341527	Genome-wide association meta-analyses combining multiple risk phenotypes provide insights into the genetic architecture of cutaneous melanoma susceptibility.	Cutaneous malignant melanoma	36,760 European ancestry cases, 375,188 European ancestry controls	NA	16q23.3	16	82183548	RN7SKP190	MPHOSPH6-DT			ENSG00000261029			rs2967383-G	rs2967383	0	2967383	intron_variant	0	0.266477	2E-9	8.698970004336019		1.0649	NR	Affymetrix, Illumina [NR] (imputed)	N	cutaneous melanoma	http://purl.obolibrary.org/obo/MONDO_0005012	GCST010304	Genome-wide genotyping array
2020-07-23	32341527	Landi MT	2020-04-27	Nat Genet	www.ncbi.nlm.nih.gov/pubmed/32341527	Genome-wide association meta-analyses combining multiple risk phenotypes provide insights into the genetic architecture of cutaneous melanoma susceptibility.	Cutaneous malignant melanoma	36,760 European ancestry cases, 375,188 European ancestry controls	NA	12q23.1	12	95985029	HAL	HAL			ENSG00000084110			rs10859996-C	rs10859996	0	10859996	intron_variant	0	0.6351	2E-10	9.698970004336019		1.0662	NR	Affymetrix, Illumina [NR] (imputed)	N	cutaneous melanoma	http://purl.obolibrary.org/obo/MONDO_0005012	GCST010304	Genome-wide genotyping array
2020-07-23	32341527	Landi MT	2020-04-27	Nat Genet	www.ncbi.nlm.nih.gov/pubmed/32341527	Genome-wide association meta-analyses combining multiple risk phenotypes provide insights into the genetic architecture of cutaneous melanoma susceptibility.	Cutaneous malignant melanoma	36,760 European ancestry cases, 375,188 European ancestry controls	NA	5q14.3	5	90966795	CTD-2266L18.1	ADGRV1			ENSG00000164199			rs12523094-T	rs12523094	0	12523094	intron_variant	0	0.5669	2E-12	11.698970004336019		1.0714	NR	Affymetrix, Illumina [NR] (imputed)	N	cutaneous melanoma	http://purl.obolibrary.org/obo/MONDO_0005012	GCST010304	Genome-wide genotyping array
2020-07-23	32341527	Landi MT	2020-04-27	Nat Genet	www.ncbi.nlm.nih.gov/pubmed/32341527	Genome-wide association meta-analyses combining multiple risk phenotypes provide insights into the genetic architecture of cutaneous melanoma susceptibility.	Cutaneous malignant melanoma	36,760 European ancestry cases, 375,188 European ancestry controls	NA	2q33.1	2	201279205	CASP8	CASP8			ENSG00000064012			rs10931936-T	rs10931936	0	10931936	intron_variant	0	0.281044	2E-12	11.698970004336019		1.0774	NR	Affymetrix, Illumina [NR] (imputed)	N	cutaneous melanoma	http://purl.obolibrary.org/obo/MONDO_0005012	GCST010304	Genome-wide genotyping array
2020-07-23	32341527	Landi MT	2020-04-27	Nat Genet	www.ncbi.nlm.nih.gov/pubmed/32341527	Genome-wide association meta-analyses combining multiple risk phenotypes provide insights into the genetic architecture of cutaneous melanoma susceptibility.	Cutaneous malignant melanoma	36,760 European ancestry cases, 375,188 European ancestry controls	NA	14q23.2	14	63923312	SYNE2	SYNE2			ENSG00000054654			rs10873172-?	rs10873172	0	10873172	intron_variant	0	NR	6E-8	7.221848749616356				Affymetrix, Illumina [NR] (imputed)	N	cutaneous melanoma	http://purl.obolibrary.org/obo/MONDO_0005012	GCST010304	Genome-wide genotyping array
2020-07-23	32341527	Landi MT	2020-04-27	Nat Genet	www.ncbi.nlm.nih.gov/pubmed/32341527	Genome-wide association meta-analyses combining multiple risk phenotypes provide insights into the genetic architecture of cutaneous melanoma susceptibility.	Cutaneous malignant melanoma	36,760 European ancestry cases, 375,188 European ancestry controls	NA	17p13.1	17	7671461	TP53	TP53			ENSG00000141510			rs1641548-C	rs1641548	0	1641548	intron_variant	0	0.8245	1E-9	9.0		1.0812	NR	Affymetrix, Illumina [NR] (imputed)	N	cutaneous melanoma	http://purl.obolibrary.org/obo/MONDO_0005012	GCST010304	Genome-wide genotyping array
2020-07-23	32341527	Landi MT	2020-04-27	Nat Genet	www.ncbi.nlm.nih.gov/pubmed/32341527	Genome-wide association meta-analyses combining multiple risk phenotypes provide insights into the genetic architecture of cutaneous melanoma susceptibility.	Cutaneous malignant melanoma	36,760 European ancestry cases, 375,188 European ancestry controls	NA	16q12.2	16	54084220	FTO	FTO			ENSG00000140718			rs62034121-?	rs62034121	0	62034121	intron_variant	0	NR	1E-9	9.0				Affymetrix, Illumina [NR] (imputed)	N	cutaneous melanoma	http://purl.obolibrary.org/obo/MONDO_0005012	GCST010304	Genome-wide genotyping array
2020-07-23	32341527	Landi MT	2020-04-27	Nat Genet	www.ncbi.nlm.nih.gov/pubmed/32341527	Genome-wide association meta-analyses combining multiple risk phenotypes provide insights into the genetic architecture of cutaneous melanoma susceptibility.	Cutaneous malignant melanoma	36,760 European ancestry cases, 375,188 European ancestry controls	NA	9p21.3	9	21956493	C9orf53	MTAP - CDKN2A-AS1	ENSG00000099810	ENSG00000224854		18842	3340	rs2027939-G	rs2027939	0	2027939	intron_variant	1	0.8764	3E-9	8.522878745280337		1.09	NR	Affymetrix, Illumina [NR] (imputed)	N	cutaneous melanoma	http://purl.obolibrary.org/obo/MONDO_0005012	GCST010304	Genome-wide genotyping array
2020-07-23	32341527	Landi MT	2020-04-27	Nat Genet	www.ncbi.nlm.nih.gov/pubmed/32341527	Genome-wide association meta-analyses combining multiple risk phenotypes provide insights into the genetic architecture of cutaneous melanoma susceptibility.	Cutaneous malignant melanoma	36,760 European ancestry cases, 375,188 European ancestry controls	NA	5p13.2	5	33951588	SLC45A2	SLC45A2			ENSG00000164175			rs16891982-G	rs16891982	0	16891982	missense_variant	0	0.8784	1E-112	112.0		2.0686803	NR	Affymetrix, Illumina [NR] (imputed)	N	cutaneous melanoma	http://purl.obolibrary.org/obo/MONDO_0005012	GCST010304	Genome-wide genotyping array
2020-07-23	32341527	Landi MT	2020-04-27	Nat Genet	www.ncbi.nlm.nih.gov/pubmed/32341527	Genome-wide association meta-analyses combining multiple risk phenotypes provide insights into the genetic architecture of cutaneous melanoma susceptibility.	Cutaneous malignant melanoma	36,760 European ancestry cases, 375,188 European ancestry controls	NA	9q31.2	9	107949305	RPS15AP27	RNA5SP293 - RPS15AP27	ENSG00000222459	ENSG00000236783		30327	14398	rs1339759-C	rs1339759	0	1339759	intron_variant	1	0.6659	6E-19	18.221848749616356		1.0946	NR	Affymetrix, Illumina [NR] (imputed)	N	cutaneous melanoma	http://purl.obolibrary.org/obo/MONDO_0005012	GCST010304	Genome-wide genotyping array
2020-07-23	32341527	Landi MT	2020-04-27	Nat Genet	www.ncbi.nlm.nih.gov/pubmed/32341527	Genome-wide association meta-analyses combining multiple risk phenotypes provide insights into the genetic architecture of cutaneous melanoma susceptibility.	Cutaneous malignant melanoma	36,760 European ancestry cases, 375,188 European ancestry controls	NA	16q24.3	16	89919709	MC1R	MC1R			ENSG00000258839			rs1805007-T	rs1805007	0	1805007	missense_variant	0	0.0635	1E-196	196.0		1.6273394	NR	Affymetrix, Illumina [NR] (imputed)	N	cutaneous melanoma	http://purl.obolibrary.org/obo/MONDO_0005012	GCST010304	Genome-wide genotyping array
2020-07-23	32341527	Landi MT	2020-04-27	Nat Genet	www.ncbi.nlm.nih.gov/pubmed/32341527	Genome-wide association meta-analyses combining multiple risk phenotypes provide insights into the genetic architecture of cutaneous melanoma susceptibility.	Cutaneous malignant melanoma	36,760 European ancestry cases, 375,188 European ancestry controls	NA	19p13.3	19	3540541	MFSD12	TEKTIP1, MFSD12			ENSG00000183397, ENSG00000161091			rs12984831-C	rs12984831	0	12984831	intron_variant	0	0.0164	4E-10	9.397940008672037		1.531159	NR	Affymetrix, Illumina [NR] (imputed)	N	cutaneous melanoma	http://purl.obolibrary.org/obo/MONDO_0005012	GCST010304	Genome-wide genotyping array
2020-07-23	32341527	Landi MT	2020-04-27	Nat Genet	www.ncbi.nlm.nih.gov/pubmed/32341527	Genome-wide association meta-analyses combining multiple risk phenotypes provide insights into the genetic architecture of cutaneous melanoma susceptibility.	Cutaneous malignant melanoma	36,760 European ancestry cases, 375,188 European ancestry controls	NA	16q24.3	16	89920138	MC1R	MC1R			ENSG00000258839			rs1805009-C	rs1805009	0	1805009	missense_variant	0	0.0174	4E-30	29.397940008672037		1.4755793	NR	Affymetrix, Illumina [NR] (imputed)	N	cutaneous melanoma	http://purl.obolibrary.org/obo/MONDO_0005012	GCST010304	Genome-wide genotyping array
2020-07-23	32341527	Landi MT	2020-04-27	Nat Genet	www.ncbi.nlm.nih.gov/pubmed/32341527	Genome-wide association meta-analyses combining multiple risk phenotypes provide insights into the genetic architecture of cutaneous melanoma susceptibility.	Cutaneous malignant melanoma	36,760 European ancestry cases, 375,188 European ancestry controls	NA	7p21.1	7	17095084	AHR	AHR			ENSG00000106546			rs117132860-A	rs117132860	0	117132860	intron_variant	0	0.0186172	4E-21	20.397940008672037		1.405679	NR	Affymetrix, Illumina [NR] (imputed)	N	cutaneous melanoma	http://purl.obolibrary.org/obo/MONDO_0005012	GCST010304	Genome-wide genotyping array
2020-07-23	32341527	Landi MT	2020-04-27	Nat Genet	www.ncbi.nlm.nih.gov/pubmed/32341527	Genome-wide association meta-analyses combining multiple risk phenotypes provide insights into the genetic architecture of cutaneous melanoma susceptibility.	Cutaneous malignant melanoma	36,760 European ancestry cases, 375,188 European ancestry controls	NA	16q24.3	16	89919736	MC1R	MC1R			ENSG00000258839			rs1805008-T	rs1805008	0	1805008	missense_variant	0	0.0664	2E-73	72.69897000433602		1.3685508	NR	Affymetrix, Illumina [NR] (imputed)	N	cutaneous melanoma	http://purl.obolibrary.org/obo/MONDO_0005012	GCST010304	Genome-wide genotyping array
2020-07-23	32341527	Landi MT	2020-04-27	Nat Genet	www.ncbi.nlm.nih.gov/pubmed/32341527	Genome-wide association meta-analyses combining multiple risk phenotypes provide insights into the genetic architecture of cutaneous melanoma susceptibility.	Cutaneous malignant melanoma	36,760 European ancestry cases, 375,188 European ancestry controls	NA	17p13.1	17	7668434	TP53	TP53			ENSG00000141510			rs78378222-G	rs78378222	0	78378222	3_prime_UTR_variant	0	0.0108	3E-10	9.522878745280337		1.321353	NR	Affymetrix, Illumina [NR] (imputed)	N	cutaneous melanoma	http://purl.obolibrary.org/obo/MONDO_0005012	GCST010304	Genome-wide genotyping array
2020-07-23	32341527	Landi MT	2020-04-27	Nat Genet	www.ncbi.nlm.nih.gov/pubmed/32341527	Genome-wide association meta-analyses combining multiple risk phenotypes provide insights into the genetic architecture of cutaneous melanoma susceptibility.	Cutaneous malignant melanoma	36,760 European ancestry cases, 375,188 European ancestry controls	NA	11q22.3	11	108304735	ATM	ATM			ENSG00000149311			rs1801516-G	rs1801516	0	1801516	missense_variant	0	0.8557	2E-21	20.69897000433602		1.1426	NR	Affymetrix, Illumina [NR] (imputed)	N	cutaneous melanoma	http://purl.obolibrary.org/obo/MONDO_0005012	GCST010304	Genome-wide genotyping array
2020-07-23	32341527	Landi MT	2020-04-27	Nat Genet	www.ncbi.nlm.nih.gov/pubmed/32341527	Genome-wide association meta-analyses combining multiple risk phenotypes provide insights into the genetic architecture of cutaneous melanoma susceptibility.	Cutaneous malignant melanoma	36,760 European ancestry cases, 375,188 European ancestry controls	NA	15q13.3	15	32985509	SNORD77	FMN1			ENSG00000248905			rs117648907-T	rs117648907	0	117648907	intron_variant	0	0.0174	7E-12	11.154901959985743		1.2439358	NR	Affymetrix, Illumina [NR] (imputed)	N	cutaneous melanoma	http://purl.obolibrary.org/obo/MONDO_0005012	GCST010304	Genome-wide genotyping array
2020-07-23	32341527	Landi MT	2020-04-27	Nat Genet	www.ncbi.nlm.nih.gov/pubmed/32341527	Genome-wide association meta-analyses combining multiple risk phenotypes provide insights into the genetic architecture of cutaneous melanoma susceptibility.	Cutaneous malignant melanoma	36,760 European ancestry cases, 375,188 European ancestry controls	NA	6p21.32	6	32781176	HLA-DQB2	HLA-DQB2 - HLA-DOB	ENSG00000232629	ENSG00000241106		17633	31587	rs28986343-C	rs28986343	0	28986343	intergenic_variant	1	0.952	2E-8	7.698970004336019		1.1531	NR	Affymetrix, Illumina [NR] (imputed)	N	cutaneous melanoma	http://purl.obolibrary.org/obo/MONDO_0005012	GCST010304	Genome-wide genotyping array
2020-07-23	32341527	Landi MT	2020-04-27	Nat Genet	www.ncbi.nlm.nih.gov/pubmed/32341527	Genome-wide association meta-analyses combining multiple risk phenotypes provide insights into the genetic architecture of cutaneous melanoma susceptibility.	Cutaneous malignant melanoma	36,760 European ancestry cases, 375,188 European ancestry controls	NA	9p21.3	9	21803881	MTAP	MTAP			ENSG00000099810			rs871024-C	rs871024	0	871024	intron_variant	0	0.477	3E-65	64.52287874528034		1.1782	NR	Affymetrix, Illumina [NR] (imputed)	N	cutaneous melanoma	http://purl.obolibrary.org/obo/MONDO_0005012	GCST010304	Genome-wide genotyping array
2020-07-23	32341527	Landi MT	2020-04-27	Nat Genet	www.ncbi.nlm.nih.gov/pubmed/32341527	Genome-wide association meta-analyses combining multiple risk phenotypes provide insights into the genetic architecture of cutaneous melanoma susceptibility.	Cutaneous malignant melanoma	36,760 European ancestry cases, 375,188 European ancestry controls	NA	20q11.22	20	34077942	RALY	RALY			ENSG00000125970			rs6059655-A	rs6059655	0	6059655	intron_variant	0	0.061	5E-98	97.30102999566398		1.4117	NR	Affymetrix, Illumina [NR] (imputed)	N	cutaneous melanoma	http://purl.obolibrary.org/obo/MONDO_0005012	GCST010304	Genome-wide genotyping array
2020-07-23	32341527	Landi MT	2020-04-27	Nat Genet	www.ncbi.nlm.nih.gov/pubmed/32341527	Genome-wide association meta-analyses combining multiple risk phenotypes provide insights into the genetic architecture of cutaneous melanoma susceptibility.	Cutaneous malignant melanoma	36,760 European ancestry cases, 375,188 European ancestry controls	NA	9p21.3	9	21995045	CDKN2B-AS1	CDKN2A, CDKN2B-AS1			ENSG00000147889, ENSG00000240498			rs55797833-T	rs55797833	0	55797833	non_coding_transcript_exon_variant	0	0.9811	3E-19	18.522878745280337		1.5024	NR	Affymetrix, Illumina [NR] (imputed)	N	cutaneous melanoma	http://purl.obolibrary.org/obo/MONDO_0005012	GCST010304	Genome-wide genotyping array
2020-07-23	32341527	Landi MT	2020-04-27	Nat Genet	www.ncbi.nlm.nih.gov/pubmed/32341527	Genome-wide association meta-analyses combining multiple risk phenotypes provide insights into the genetic architecture of cutaneous melanoma susceptibility.	Cutaneous malignant melanoma	36,760 European ancestry cases, 375,188 European ancestry controls	NA	9p21.3	9	22011361	UBA52P6	CDKN2B-AS1			ENSG00000240498			rs79356439-A	rs79356439	0	79356439	intron_variant	0	0.9919	9E-13	12.045757490560675		1.8504	NR	Affymetrix, Illumina [NR] (imputed)	N	cutaneous melanoma	http://purl.obolibrary.org/obo/MONDO_0005012	GCST010304	Genome-wide genotyping array
2020-07-23	32341527	Landi MT	2020-04-27	Nat Genet	www.ncbi.nlm.nih.gov/pubmed/32341527	Genome-wide association meta-analyses combining multiple risk phenotypes provide insights into the genetic architecture of cutaneous melanoma susceptibility.	Cutaneous malignant melanoma	36,760 European ancestry cases, 375,188 European ancestry controls	NA	1p36.11	1	24461457	NIPAL3	NIPAL3			ENSG00000001461			rs195720-?	rs195720	0	195720	intron_variant	0	NR	8E-6	5.096910013008056				Affymetrix, Illumina [NR] (imputed)	N	cutaneous melanoma	http://purl.obolibrary.org/obo/MONDO_0005012	GCST010304	Genome-wide genotyping array
2020-07-23	32341527	Landi MT	2020-04-27	Nat Genet	www.ncbi.nlm.nih.gov/pubmed/32341527	Genome-wide association meta-analyses combining multiple risk phenotypes provide insights into the genetic architecture of cutaneous melanoma susceptibility.	Cutaneous malignant melanoma	36,760 European ancestry cases, 375,188 European ancestry controls	NA	6q25.1	6	151256695	AKAP12	AKAP12			ENSG00000131016			rs10434896-?	rs10434896	0	10434896	intron_variant	0	NR	8E-8	7.096910013008056				Affymetrix, Illumina [NR] (imputed)	N	cutaneous melanoma	http://purl.obolibrary.org/obo/MONDO_0005012	GCST010304	Genome-wide genotyping array
2020-07-23	32341527	Landi MT	2020-04-27	Nat Genet	www.ncbi.nlm.nih.gov/pubmed/32341527	Genome-wide association meta-analyses combining multiple risk phenotypes provide insights into the genetic architecture of cutaneous melanoma susceptibility.	Cutaneous malignant melanoma	36,760 European ancestry cases, 375,188 European ancestry controls	NA	9p24.3	9	211762	CBWD1	ZNG1A - DOCK8-AS1	ENSG00000172785	ENSG00000183784		32615	1062	rs520015-?	rs520015	0	520015	intergenic_variant	1	NR	9E-7	6.045757490560675				Affymetrix, Illumina [NR] (imputed)	N	cutaneous melanoma	http://purl.obolibrary.org/obo/MONDO_0005012	GCST010304	Genome-wide genotyping array
2020-07-23	32341527	Landi MT	2020-04-27	Nat Genet	www.ncbi.nlm.nih.gov/pubmed/32341527	Genome-wide association meta-analyses combining multiple risk phenotypes provide insights into the genetic architecture of cutaneous melanoma susceptibility.	Cutaneous malignant melanoma	36,760 European ancestry cases, 375,188 European ancestry controls	NA	21q22.3	21	41371569	MX2	MX2			ENSG00000183486			rs408825-T	rs408825	0	408825	intron_variant	0	0.5868	1E-32	32.0		1.1249859	NR	Affymetrix, Illumina [NR] (imputed)	N	cutaneous melanoma	http://purl.obolibrary.org/obo/MONDO_0005012	GCST010304	Genome-wide genotyping array
2020-07-23	32341527	Landi MT	2020-04-27	Nat Genet	www.ncbi.nlm.nih.gov/pubmed/32341527	Genome-wide association meta-analyses combining multiple risk phenotypes provide insights into the genetic architecture of cutaneous melanoma susceptibility.	Cutaneous malignant melanoma	36,760 European ancestry cases, 375,188 European ancestry controls	NA	10p15.1	10	5725214	GDI2	TASOR2			ENSG00000108021			rs76154345-?	rs76154345	0	76154345	intron_variant	0	NR	4E-6	5.3979400086720375				Affymetrix, Illumina [NR] (imputed)	N	cutaneous melanoma	http://purl.obolibrary.org/obo/MONDO_0005012	GCST010304	Genome-wide genotyping array
2020-07-23	32341527	Landi MT	2020-04-27	Nat Genet	www.ncbi.nlm.nih.gov/pubmed/32341527	Genome-wide association meta-analyses combining multiple risk phenotypes provide insights into the genetic architecture of cutaneous melanoma susceptibility.	Nevus count or cutaneous melanoma	36,760 European ancestry cutaneous melanoma cases, 375,188 European ancestry controls, 12,930 European ancestry individuals, 52,847 individuals	NA	16q24.3	16	89780269	MC1R	FANCA			ENSG00000187741			rs75570604-G	rs75570604	0	75570604	intron_variant	0	0.9345396	6E-85	84.22184874961636				Affymetrix, Illumina [NR] (imputed)	N	cutaneous melanoma, nevus count	http://purl.obolibrary.org/obo/MONDO_0005012, http://www.ebi.ac.uk/efo/EFO_0004632	GCST010303	Genome-wide genotyping array
2020-07-23	32341527	Landi MT	2020-04-27	Nat Genet	www.ncbi.nlm.nih.gov/pubmed/32341527	Genome-wide association meta-analyses combining multiple risk phenotypes provide insights into the genetic architecture of cutaneous melanoma susceptibility.	Nevus count or cutaneous melanoma	36,760 European ancestry cutaneous melanoma cases, 375,188 European ancestry controls, 12,930 European ancestry individuals, 52,847 individuals	NA	5p13.2	5	33952001	SLC45A2	SLC45A2			ENSG00000164175			rs185146-C	rs185146	0	185146	intron_variant	0	0.102033	2E-66	65.69897000433602				Affymetrix, Illumina [NR] (imputed)	N	cutaneous melanoma, nevus count	http://purl.obolibrary.org/obo/MONDO_0005012, http://www.ebi.ac.uk/efo/EFO_0004632	GCST010303	Genome-wide genotyping array
2020-07-23	32341527	Landi MT	2020-04-27	Nat Genet	www.ncbi.nlm.nih.gov/pubmed/32341527	Genome-wide association meta-analyses combining multiple risk phenotypes provide insights into the genetic architecture of cutaneous melanoma susceptibility.	Nevus count or cutaneous melanoma	36,760 European ancestry cutaneous melanoma cases, 375,188 European ancestry controls, 12,930 European ancestry individuals, 52,847 individuals	NA	20q11.22	20	34077942	RALY	RALY			ENSG00000125970			rs6059655-A	rs6059655	0	6059655	intron_variant	0	0.060964	5E-62	61.30102999566398				Affymetrix, Illumina [NR] (imputed)	N	cutaneous melanoma, nevus count	http://purl.obolibrary.org/obo/MONDO_0005012, http://www.ebi.ac.uk/efo/EFO_0004632	GCST010303	Genome-wide genotyping array
2020-07-23	32341527	Landi MT	2020-04-27	Nat Genet	www.ncbi.nlm.nih.gov/pubmed/32341527	Genome-wide association meta-analyses combining multiple risk phenotypes provide insights into the genetic architecture of cutaneous melanoma susceptibility.	Nevus count or cutaneous melanoma	36,760 European ancestry cutaneous melanoma cases, 375,188 European ancestry controls, 12,930 European ancestry individuals, 52,847 individuals	NA	11q14.3	11	89284793	TYR	TYR			ENSG00000077498			rs1126809-G	rs1126809	0	1126809	missense_variant	0	0.757176	1E-48	48.0				Affymetrix, Illumina [NR] (imputed)	N	cutaneous melanoma, nevus count	http://purl.obolibrary.org/obo/MONDO_0005012, http://www.ebi.ac.uk/efo/EFO_0004632	GCST010303	Genome-wide genotyping array
2020-07-23	32341527	Landi MT	2020-04-27	Nat Genet	www.ncbi.nlm.nih.gov/pubmed/32341527	Genome-wide association meta-analyses combining multiple risk phenotypes provide insights into the genetic architecture of cutaneous melanoma susceptibility.	Nevus count or cutaneous melanoma	36,760 European ancestry cutaneous melanoma cases, 375,188 European ancestry controls, 12,930 European ancestry individuals, 52,847 individuals	NA	22q13.1	22	38184364	PLA2G6	PLA2G6			ENSG00000184381			rs3761444-G	rs3761444	0	3761444	intron_variant	0	0.453064	4E-41	40.39794000867204				Affymetrix, Illumina [NR] (imputed)	N	cutaneous melanoma, nevus count	http://purl.obolibrary.org/obo/MONDO_0005012, http://www.ebi.ac.uk/efo/EFO_0004632	GCST010303	Genome-wide genotyping array
2020-07-23	32341527	Landi MT	2020-04-27	Nat Genet	www.ncbi.nlm.nih.gov/pubmed/32341527	Genome-wide association meta-analyses combining multiple risk phenotypes provide insights into the genetic architecture of cutaneous melanoma susceptibility.	Nevus count or cutaneous melanoma	36,760 European ancestry cutaneous melanoma cases, 375,188 European ancestry controls, 12,930 European ancestry individuals, 52,847 individuals	NA	5p15.33	5	1332962	CLPTM1L	CLPTM1L			ENSG00000049656			rs2447853-A	rs2447853	0	2447853	intron_variant	0	0.553126	5E-33	32.30102999566398				Affymetrix, Illumina [NR] (imputed)	N	cutaneous melanoma, nevus count	http://purl.obolibrary.org/obo/MONDO_0005012, http://www.ebi.ac.uk/efo/EFO_0004632	GCST010303	Genome-wide genotyping array
2020-07-23	32341527	Landi MT	2020-04-27	Nat Genet	www.ncbi.nlm.nih.gov/pubmed/32341527	Genome-wide association meta-analyses combining multiple risk phenotypes provide insights into the genetic architecture of cutaneous melanoma susceptibility.	Nevus count or cutaneous melanoma	36,760 European ancestry cutaneous melanoma cases, 375,188 European ancestry controls, 12,930 European ancestry individuals, 52,847 individuals	NA	7p21.1	7	17095084	AC098592.8	AHR			ENSG00000106546			rs117132860-G	rs117132860	0	117132860	intron_variant	0	0.9813828	8E-25	24.096910013008056				Affymetrix, Illumina [NR] (imputed)	N	cutaneous melanoma, nevus count	http://purl.obolibrary.org/obo/MONDO_0005012, http://www.ebi.ac.uk/efo/EFO_0004632	GCST010303	Genome-wide genotyping array
2020-07-23	32341527	Landi MT	2020-04-27	Nat Genet	www.ncbi.nlm.nih.gov/pubmed/32341527	Genome-wide association meta-analyses combining multiple risk phenotypes provide insights into the genetic architecture of cutaneous melanoma susceptibility.	Nevus count or cutaneous melanoma	36,760 European ancestry cutaneous melanoma cases, 375,188 European ancestry controls, 12,930 European ancestry individuals, 52,847 individuals	NA	9q31.2	9	107949305	RPS15AP27	RNA5SP293 - RPS15AP27	ENSG00000222459	ENSG00000236783		30327	14398	rs1339759-C	rs1339759	0	1339759	intron_variant	1	0.665892	3E-25	24.522878745280337				Affymetrix, Illumina [NR] (imputed)	N	cutaneous melanoma, nevus count	http://purl.obolibrary.org/obo/MONDO_0005012, http://www.ebi.ac.uk/efo/EFO_0004632	GCST010303	Genome-wide genotyping array
2020-07-23	32341527	Landi MT	2020-04-27	Nat Genet	www.ncbi.nlm.nih.gov/pubmed/32341527	Genome-wide association meta-analyses combining multiple risk phenotypes provide insights into the genetic architecture of cutaneous melanoma susceptibility.	Nevus count or cutaneous melanoma	36,760 European ancestry cutaneous melanoma cases, 375,188 European ancestry controls, 12,930 European ancestry individuals, 52,847 individuals	NA	2p22.2	2	38070996	CYP1B1	CYP1B1			ENSG00000138061			rs1800440-T	rs1800440	0	1800440	missense_variant	0	0.82433	2E-24	23.69897000433602				Affymetrix, Illumina [NR] (imputed)	N	cutaneous melanoma, nevus count	http://purl.obolibrary.org/obo/MONDO_0005012, http://www.ebi.ac.uk/efo/EFO_0004632	GCST010303	Genome-wide genotyping array
2020-07-23	32341527	Landi MT	2020-04-27	Nat Genet	www.ncbi.nlm.nih.gov/pubmed/32341527	Genome-wide association meta-analyses combining multiple risk phenotypes provide insights into the genetic architecture of cutaneous melanoma susceptibility.	Nevus count or cutaneous melanoma	36,760 European ancestry cutaneous melanoma cases, 375,188 European ancestry controls, 12,930 European ancestry individuals, 52,847 individuals	NA	10q24.33	10	103911769	OBFC1	STN1			ENSG00000107960			rs1265165-T	rs1265165	0	1265165	intron_variant	0	0.100447	4E-23	22.397940008672037				Affymetrix, Illumina [NR] (imputed)	N	cutaneous melanoma, nevus count	http://purl.obolibrary.org/obo/MONDO_0005012, http://www.ebi.ac.uk/efo/EFO_0004632	GCST010303	Genome-wide genotyping array
2020-07-23	32341527	Landi MT	2020-04-27	Nat Genet	www.ncbi.nlm.nih.gov/pubmed/32341527	Genome-wide association meta-analyses combining multiple risk phenotypes provide insights into the genetic architecture of cutaneous melanoma susceptibility.	Nevus count or cutaneous melanoma	36,760 European ancestry cutaneous melanoma cases, 375,188 European ancestry controls, 12,930 European ancestry individuals, 52,847 individuals	NA	9q31.2	9	106292136	RP11-308N19.1	LINC01505			ENSG00000234323			rs10739220-C	rs10739220	0	10739220	intron_variant	0	0.26044	6E-22	21.221848749616356				Affymetrix, Illumina [NR] (imputed)	N	cutaneous melanoma, nevus count	http://purl.obolibrary.org/obo/MONDO_0005012, http://www.ebi.ac.uk/efo/EFO_0004632	GCST010303	Genome-wide genotyping array
2020-07-23	32341527	Landi MT	2020-04-27	Nat Genet	www.ncbi.nlm.nih.gov/pubmed/32341527	Genome-wide association meta-analyses combining multiple risk phenotypes provide insights into the genetic architecture of cutaneous melanoma susceptibility.	Nevus count or cutaneous melanoma	36,760 European ancestry cutaneous melanoma cases, 375,188 European ancestry controls, 12,930 European ancestry individuals, 52,847 individuals	NA	11q22.3	11	108304735	ATM	ATM			ENSG00000149311			rs1801516-G	rs1801516	0	1801516	missense_variant	0	0.855667	4E-21	20.397940008672037				Affymetrix, Illumina [NR] (imputed)	N	cutaneous melanoma, nevus count	http://purl.obolibrary.org/obo/MONDO_0005012, http://www.ebi.ac.uk/efo/EFO_0004632	GCST010303	Genome-wide genotyping array
2020-07-23	32341527	Landi MT	2020-04-27	Nat Genet	www.ncbi.nlm.nih.gov/pubmed/32341527	Genome-wide association meta-analyses combining multiple risk phenotypes provide insights into the genetic architecture of cutaneous melanoma susceptibility.	Nevus count or cutaneous melanoma	36,760 European ancestry cutaneous melanoma cases, 375,188 European ancestry controls, 12,930 European ancestry individuals, 52,847 individuals	NA	5q32	5	149832305	MIR378A	PPARGC1B			ENSG00000155846			rs32578-G	rs32578	0	32578	intron_variant	0	0.658392	5E-21	20.30102999566398				Affymetrix, Illumina [NR] (imputed)	N	cutaneous melanoma, nevus count	http://purl.obolibrary.org/obo/MONDO_0005012, http://www.ebi.ac.uk/efo/EFO_0004632	GCST010303	Genome-wide genotyping array
2020-07-23	32341527	Landi MT	2020-04-27	Nat Genet	www.ncbi.nlm.nih.gov/pubmed/32341527	Genome-wide association meta-analyses combining multiple risk phenotypes provide insights into the genetic architecture of cutaneous melanoma susceptibility.	Nevus count or cutaneous melanoma	36,760 European ancestry cutaneous melanoma cases, 375,188 European ancestry controls, 12,930 European ancestry individuals, 52,847 individuals	NA	12p13.1	12	12912770	MIR614	GPRC5A			ENSG00000013588			rs1061036-T	rs1061036	0	1061036	3_prime_UTR_variant	0	0.549276	1E-21	21.0				Affymetrix, Illumina [NR] (imputed)	N	cutaneous melanoma, nevus count	http://purl.obolibrary.org/obo/MONDO_0005012, http://www.ebi.ac.uk/efo/EFO_0004632	GCST010303	Genome-wide genotyping array
2020-07-23	32341527	Landi MT	2020-04-27	Nat Genet	www.ncbi.nlm.nih.gov/pubmed/32341527	Genome-wide association meta-analyses combining multiple risk phenotypes provide insights into the genetic architecture of cutaneous melanoma susceptibility.	Nevus count or cutaneous melanoma	36,760 European ancestry cutaneous melanoma cases, 375,188 European ancestry controls, 12,930 European ancestry individuals, 52,847 individuals	NA	11q13.3	11	69558816	CCND1	LINC01488 - PNCRNA-D	ENSG00000285094	ENSG00000298300		63864	80318	rs9651783-G	rs9651783	0	9651783	intergenic_variant	1	0.357792	4E-18	17.397940008672037				Affymetrix, Illumina [NR] (imputed)	N	cutaneous melanoma, nevus count	http://purl.obolibrary.org/obo/MONDO_0005012, http://www.ebi.ac.uk/efo/EFO_0004632	GCST010303	Genome-wide genotyping array
2020-07-23	32341527	Landi MT	2020-04-27	Nat Genet	www.ncbi.nlm.nih.gov/pubmed/32341527	Genome-wide association meta-analyses combining multiple risk phenotypes provide insights into the genetic architecture of cutaneous melanoma susceptibility.	Nevus count or cutaneous melanoma	36,760 European ancestry cutaneous melanoma cases, 375,188 European ancestry controls, 12,930 European ancestry individuals, 52,847 individuals	NA	1q21.3	1	155022502	DCST2	DCST2			ENSG00000163354			rs76798800-G	rs76798800	0	76798800	intron_variant	0	0.753172	2E-18	17.69897000433602				Affymetrix, Illumina [NR] (imputed)	N	cutaneous melanoma, nevus count	http://purl.obolibrary.org/obo/MONDO_0005012, http://www.ebi.ac.uk/efo/EFO_0004632	GCST010303	Genome-wide genotyping array
2020-07-23	32341527	Landi MT	2020-04-27	Nat Genet	www.ncbi.nlm.nih.gov/pubmed/32341527	Genome-wide association meta-analyses combining multiple risk phenotypes provide insights into the genetic architecture of cutaneous melanoma susceptibility.	Nevus count or cutaneous melanoma	36,760 European ancestry cutaneous melanoma cases, 375,188 European ancestry controls, 12,930 European ancestry individuals, 52,847 individuals	NA	15q13.3	15	32968772	FMN1	FMN1			ENSG00000248905			rs150962800-C	rs150962800	0	150962800	missense_variant	0	0.9826455	1E-18	18.0				Affymetrix, Illumina [NR] (imputed)	N	cutaneous melanoma, nevus count	http://purl.obolibrary.org/obo/MONDO_0005012, http://www.ebi.ac.uk/efo/EFO_0004632	GCST010303	Genome-wide genotyping array
2020-07-23	32341527	Landi MT	2020-04-27	Nat Genet	www.ncbi.nlm.nih.gov/pubmed/32341527	Genome-wide association meta-analyses combining multiple risk phenotypes provide insights into the genetic architecture of cutaneous melanoma susceptibility.	Nevus count or cutaneous melanoma	36,760 European ancestry cutaneous melanoma cases, 375,188 European ancestry controls, 12,930 European ancestry individuals, 52,847 individuals	NA	21q22.3	21	41371400	MX2	MX2			ENSG00000183486			rs443099-G	rs443099	0	443099	intron_variant	0	0.412565	1E-17	17.0				Affymetrix, Illumina [NR] (imputed)	N	cutaneous melanoma, nevus count	http://purl.obolibrary.org/obo/MONDO_0005012, http://www.ebi.ac.uk/efo/EFO_0004632	GCST010303	Genome-wide genotyping array
2020-07-23	32341527	Landi MT	2020-04-27	Nat Genet	www.ncbi.nlm.nih.gov/pubmed/32341527	Genome-wide association meta-analyses combining multiple risk phenotypes provide insights into the genetic architecture of cutaneous melanoma susceptibility.	Cutaneous melanoma or hair colour	36,760 European ancestry cutaneous melanoma cases, 375,188 European ancestry controls, 352,662 European ancestry individuals	NA	1q32.1	1	205161285	DSTYK	DSTYK			ENSG00000133059			rs3851294-A	rs3851294	0	3851294	missense_variant	0	0.083492	2E-82	81.69897000433602				Affymetrix, Illumina [NR] (imputed)	N	cutaneous melanoma, hair color	http://purl.obolibrary.org/obo/MONDO_0005012, http://www.ebi.ac.uk/efo/EFO_0003924	GCST010302	Genome-wide genotyping array
2020-07-23	32341527	Landi MT	2020-04-27	Nat Genet	www.ncbi.nlm.nih.gov/pubmed/32341527	Genome-wide association meta-analyses combining multiple risk phenotypes provide insights into the genetic architecture of cutaneous melanoma susceptibility.	Cutaneous melanoma or hair colour	36,760 European ancestry cutaneous melanoma cases, 375,188 European ancestry controls, 352,662 European ancestry individuals	NA	7q32.3	7	131057307	RNU6-1010P	LINC-PINT			ENSG00000231721			rs7803075-A	rs7803075	0	7803075	intron_variant	0	0.316908	1E-76	76.0				Affymetrix, Illumina [NR] (imputed)	N	cutaneous melanoma, hair color	http://purl.obolibrary.org/obo/MONDO_0005012, http://www.ebi.ac.uk/efo/EFO_0003924	GCST010302	Genome-wide genotyping array
2020-07-23	32341527	Landi MT	2020-04-27	Nat Genet	www.ncbi.nlm.nih.gov/pubmed/32341527	Genome-wide association meta-analyses combining multiple risk phenotypes provide insights into the genetic architecture of cutaneous melanoma susceptibility.	Cutaneous melanoma or hair colour	36,760 European ancestry cutaneous melanoma cases, 375,188 European ancestry controls, 352,662 European ancestry individuals	NA	9p24.3	9	211762	C9orf66	ZNG1A - DOCK8-AS1	ENSG00000172785	ENSG00000183784		32615	1062	rs520015-C	rs520015	0	520015	intergenic_variant	1	0.510209	1E-43	43.0				Affymetrix, Illumina [NR] (imputed)	N	cutaneous melanoma, hair color	http://purl.obolibrary.org/obo/MONDO_0005012, http://www.ebi.ac.uk/efo/EFO_0003924	GCST010302	Genome-wide genotyping array
2020-07-23	32341527	Landi MT	2020-04-27	Nat Genet	www.ncbi.nlm.nih.gov/pubmed/32341527	Genome-wide association meta-analyses combining multiple risk phenotypes provide insights into the genetic architecture of cutaneous melanoma susceptibility.	Cutaneous melanoma or hair colour	36,760 European ancestry cutaneous melanoma cases, 375,188 European ancestry controls, 352,662 European ancestry individuals	NA	6q25.1	6	151256604	AKAP12	AKAP12			ENSG00000131016			rs10434895-A	rs10434895	0	10434895	intron_variant	0	0.524207	2E-42	41.69897000433602				Affymetrix, Illumina [NR] (imputed)	N	cutaneous melanoma, hair color	http://purl.obolibrary.org/obo/MONDO_0005012, http://www.ebi.ac.uk/efo/EFO_0003924	GCST010302	Genome-wide genotyping array
2020-07-23	32341527	Landi MT	2020-04-27	Nat Genet	www.ncbi.nlm.nih.gov/pubmed/32341527	Genome-wide association meta-analyses combining multiple risk phenotypes provide insights into the genetic architecture of cutaneous melanoma susceptibility.	Cutaneous melanoma or hair colour	36,760 European ancestry cutaneous melanoma cases, 375,188 European ancestry controls, 352,662 European ancestry individuals	NA	11p15.4	11	7522288	PPFIBP2	PPFIBP2			ENSG00000166387			rs11041426-G	rs11041426	0	11041426	intron_variant	0	0.396936	2E-33	32.69897000433602				Affymetrix, Illumina [NR] (imputed)	N	cutaneous melanoma, hair color	http://purl.obolibrary.org/obo/MONDO_0005012, http://www.ebi.ac.uk/efo/EFO_0003924	GCST010302	Genome-wide genotyping array
2020-07-23	32341527	Landi MT	2020-04-27	Nat Genet	www.ncbi.nlm.nih.gov/pubmed/32341527	Genome-wide association meta-analyses combining multiple risk phenotypes provide insights into the genetic architecture of cutaneous melanoma susceptibility.	Cutaneous melanoma or hair colour	36,760 European ancestry cutaneous melanoma cases, 375,188 European ancestry controls, 352,662 European ancestry individuals	NA	11q12.3	11	62436393	AHNAK	AHNAK			ENSG00000124942			rs10897275-G	rs10897275	0	10897275	intron_variant	0	0.663936	2E-33	32.69897000433602				Affymetrix, Illumina [NR] (imputed)	N	cutaneous melanoma, hair color	http://purl.obolibrary.org/obo/MONDO_0005012, http://www.ebi.ac.uk/efo/EFO_0003924	GCST010302	Genome-wide genotyping array
2020-07-23	32341527	Landi MT	2020-04-27	Nat Genet	www.ncbi.nlm.nih.gov/pubmed/32341527	Genome-wide association meta-analyses combining multiple risk phenotypes provide insights into the genetic architecture of cutaneous melanoma susceptibility.	Cutaneous melanoma or hair colour	36,760 European ancestry cutaneous melanoma cases, 375,188 European ancestry controls, 352,662 European ancestry individuals	NA	3p13	3	70012226	RP11-460N16.1	SAMMSON			ENSG00000240405			rs190948281-G	rs190948281	0	190948281	intron_variant	0	0.997598	2E-32	31.69897000433602				Affymetrix, Illumina [NR] (imputed)	N	cutaneous melanoma, hair color	http://purl.obolibrary.org/obo/MONDO_0005012, http://www.ebi.ac.uk/efo/EFO_0003924	GCST010302	Genome-wide genotyping array
2020-07-23	32341527	Landi MT	2020-04-27	Nat Genet	www.ncbi.nlm.nih.gov/pubmed/32341527	Genome-wide association meta-analyses combining multiple risk phenotypes provide insights into the genetic architecture of cutaneous melanoma susceptibility.	Cutaneous melanoma or hair colour	36,760 European ancestry cutaneous melanoma cases, 375,188 European ancestry controls, 352,662 European ancestry individuals	NA	14q23.2	14	63923312	SYNE2	SYNE2			ENSG00000054654			rs10873172-G	rs10873172	0	10873172	intron_variant	0	0.289806	6E-27	26.221848749616356				Affymetrix, Illumina [NR] (imputed)	N	cutaneous melanoma, hair color	http://purl.obolibrary.org/obo/MONDO_0005012, http://www.ebi.ac.uk/efo/EFO_0003924	GCST010302	Genome-wide genotyping array
2020-07-23	32341527	Landi MT	2020-04-27	Nat Genet	www.ncbi.nlm.nih.gov/pubmed/32341527	Genome-wide association meta-analyses combining multiple risk phenotypes provide insights into the genetic architecture of cutaneous melanoma susceptibility.	Cutaneous melanoma or hair colour	36,760 European ancestry cutaneous melanoma cases, 375,188 European ancestry controls, 352,662 European ancestry individuals	NA	9q31.2	9	106292136	RP11-308N19.1	LINC01505			ENSG00000234323			rs10739220-C	rs10739220	0	10739220	intron_variant	0	0.26044	7E-27	26.154901959985743				Affymetrix, Illumina [NR] (imputed)	N	cutaneous melanoma, hair color	http://purl.obolibrary.org/obo/MONDO_0005012, http://www.ebi.ac.uk/efo/EFO_0003924	GCST010302	Genome-wide genotyping array
2020-07-23	32341527	Landi MT	2020-04-27	Nat Genet	www.ncbi.nlm.nih.gov/pubmed/32341527	Genome-wide association meta-analyses combining multiple risk phenotypes provide insights into the genetic architecture of cutaneous melanoma susceptibility.	Cutaneous melanoma or hair colour	36,760 European ancestry cutaneous melanoma cases, 375,188 European ancestry controls, 352,662 European ancestry individuals	NA	5p15.33	5	1320132	CLPTM1L	CLPTM1L			ENSG00000049656			rs380286-G	rs380286	0	380286	intron_variant	0	0.553372	5E-24	23.30102999566398				Affymetrix, Illumina [NR] (imputed)	N	cutaneous melanoma, hair color	http://purl.obolibrary.org/obo/MONDO_0005012, http://www.ebi.ac.uk/efo/EFO_0003924	GCST010302	Genome-wide genotyping array
2020-07-23	32341527	Landi MT	2020-04-27	Nat Genet	www.ncbi.nlm.nih.gov/pubmed/32341527	Genome-wide association meta-analyses combining multiple risk phenotypes provide insights into the genetic architecture of cutaneous melanoma susceptibility.	Cutaneous melanoma or hair colour	36,760 European ancestry cutaneous melanoma cases, 375,188 European ancestry controls, 352,662 European ancestry individuals	NA	5q11.2	5	56715530	AC008940.1	C5orf67 - MAP3K1	ENSG00000225940	ENSG00000095015		45357	100008	rs7714232-A	rs7714232	0	7714232	intron_variant	1	0.821327	3E-22	21.522878745280337				Affymetrix, Illumina [NR] (imputed)	N	cutaneous melanoma, hair color	http://purl.obolibrary.org/obo/MONDO_0005012, http://www.ebi.ac.uk/efo/EFO_0003924	GCST010302	Genome-wide genotyping array
2020-07-23	32341527	Landi MT	2020-04-27	Nat Genet	www.ncbi.nlm.nih.gov/pubmed/32341527	Genome-wide association meta-analyses combining multiple risk phenotypes provide insights into the genetic architecture of cutaneous melanoma susceptibility.	Cutaneous melanoma or hair colour	36,760 European ancestry cutaneous melanoma cases, 375,188 European ancestry controls, 352,662 European ancestry individuals	NA	22q13.33	22	50283979	PLXNB2	PLXNB2			ENSG00000196576			rs79966207-T	rs79966207	0	79966207	missense_variant	0	0.84923	2E-19	18.69897000433602				Affymetrix, Illumina [NR] (imputed)	N	cutaneous melanoma, hair color	http://purl.obolibrary.org/obo/MONDO_0005012, http://www.ebi.ac.uk/efo/EFO_0003924	GCST010302	Genome-wide genotyping array
2020-07-23	32341527	Landi MT	2020-04-27	Nat Genet	www.ncbi.nlm.nih.gov/pubmed/32341527	Genome-wide association meta-analyses combining multiple risk phenotypes provide insights into the genetic architecture of cutaneous melanoma susceptibility.	Cutaneous melanoma or hair colour	36,760 European ancestry cutaneous melanoma cases, 375,188 European ancestry controls, 352,662 European ancestry individuals	NA	14q24.1	14	68760214	RNU6-921P	RNU6-921P - ZFP36L1	ENSG00000207089	ENSG00000185650		24186	27441	rs11625064-T	rs11625064	0	11625064	intron_variant	1	0.633616	2E-19	18.69897000433602				Affymetrix, Illumina [NR] (imputed)	N	cutaneous melanoma, hair color	http://purl.obolibrary.org/obo/MONDO_0005012, http://www.ebi.ac.uk/efo/EFO_0003924	GCST010302	Genome-wide genotyping array
2020-07-23	32341527	Landi MT	2020-04-27	Nat Genet	www.ncbi.nlm.nih.gov/pubmed/32341527	Genome-wide association meta-analyses combining multiple risk phenotypes provide insights into the genetic architecture of cutaneous melanoma susceptibility.	Cutaneous melanoma or hair colour	36,760 European ancestry cutaneous melanoma cases, 375,188 European ancestry controls, 352,662 European ancestry individuals	NA	9p21.3	9	22067594	CDKN2B-AS1	CDKN2B-AS1			ENSG00000240498			rs10811650-A	rs10811650	0	10811650	intron_variant	0	0.564121	2E-18	17.69897000433602				Affymetrix, Illumina [NR] (imputed)	N	cutaneous melanoma, hair color	http://purl.obolibrary.org/obo/MONDO_0005012, http://www.ebi.ac.uk/efo/EFO_0003924	GCST010302	Genome-wide genotyping array
2020-07-23	32341527	Landi MT	2020-04-27	Nat Genet	www.ncbi.nlm.nih.gov/pubmed/32341527	Genome-wide association meta-analyses combining multiple risk phenotypes provide insights into the genetic architecture of cutaneous melanoma susceptibility.	Cutaneous melanoma or hair colour	36,760 European ancestry cutaneous melanoma cases, 375,188 European ancestry controls, 352,662 European ancestry individuals	NA	12q24.21	12	116245783	AC060226.1	MED13L			ENSG00000123066			rs61937364-C	rs61937364	0	61937364	intron_variant	0	0.91623	5E-17	16.30102999566398				Affymetrix, Illumina [NR] (imputed)	N	cutaneous melanoma, hair color	http://purl.obolibrary.org/obo/MONDO_0005012, http://www.ebi.ac.uk/efo/EFO_0003924	GCST010302	Genome-wide genotyping array
2020-07-23	32341527	Landi MT	2020-04-27	Nat Genet	www.ncbi.nlm.nih.gov/pubmed/32341527	Genome-wide association meta-analyses combining multiple risk phenotypes provide insights into the genetic architecture of cutaneous melanoma susceptibility.	Cutaneous malignant melanoma	36,760 European ancestry cases, 375,188 European ancestry controls	NA	3q26.2	3	169775495	MYNN	MYNN			ENSG00000085274			rs3950296-C	rs3950296	0	3950296	intron_variant	0	0.7469	4E-11	10.397940008672037		1.0775	NR	Affymetrix, Illumina [NR] (imputed)	N	cutaneous melanoma	http://purl.obolibrary.org/obo/MONDO_0005012	GCST010304	Genome-wide genotyping array
2020-07-23	32341527	Landi MT	2020-04-27	Nat Genet	www.ncbi.nlm.nih.gov/pubmed/32341527	Genome-wide association meta-analyses combining multiple risk phenotypes provide insights into the genetic architecture of cutaneous melanoma susceptibility.	Cutaneous melanoma or hair colour	36,760 European ancestry cutaneous melanoma cases, 375,188 European ancestry controls, 352,662 European ancestry individuals	NA	5p13.2	5	33963765	SLC45A2	SLC45A2			ENSG00000164175			rs26722-C	rs26722	0	26722	missense_variant	0	0.955205	5E-390	389.30102999566395				Affymetrix, Illumina [NR] (imputed)	N	cutaneous melanoma, hair color	http://purl.obolibrary.org/obo/MONDO_0005012, http://www.ebi.ac.uk/efo/EFO_0003924	GCST010302	Genome-wide genotyping array
2020-07-23	32341527	Landi MT	2020-04-27	Nat Genet	www.ncbi.nlm.nih.gov/pubmed/32341527	Genome-wide association meta-analyses combining multiple risk phenotypes provide insights into the genetic architecture of cutaneous melanoma susceptibility.	Cutaneous melanoma or hair colour	36,760 European ancestry cutaneous melanoma cases, 375,188 European ancestry controls, 352,662 European ancestry individuals	NA	15q13.1	15	28120472	HERC2	HERC2			ENSG00000128731			rs12913832-A	rs12913832	0	12913832	intron_variant	0	0.334986	2E-9237	9236.698970004336				Affymetrix, Illumina [NR] (imputed)	N	cutaneous melanoma, hair color	http://purl.obolibrary.org/obo/MONDO_0005012, http://www.ebi.ac.uk/efo/EFO_0003924	GCST010302	Genome-wide genotyping array
2020-07-23	32341527	Landi MT	2020-04-27	Nat Genet	www.ncbi.nlm.nih.gov/pubmed/32341527	Genome-wide association meta-analyses combining multiple risk phenotypes provide insights into the genetic architecture of cutaneous melanoma susceptibility.	Cutaneous melanoma or hair colour	36,760 European ancestry cutaneous melanoma cases, 375,188 European ancestry controls, 352,662 European ancestry individuals	NA	16q24.3	16	89530306	MC1R	SPG7			ENSG00000197912			rs12448464-A	rs12448464	0	12448464	intron_variant	0	0.356483	3E-262	261.52287874528037				Affymetrix, Illumina [NR] (imputed)	N	cutaneous melanoma, hair color	http://purl.obolibrary.org/obo/MONDO_0005012, http://www.ebi.ac.uk/efo/EFO_0003924	GCST010302	Genome-wide genotyping array
2020-07-23	32341527	Landi MT	2020-04-27	Nat Genet	www.ncbi.nlm.nih.gov/pubmed/32341527	Genome-wide association meta-analyses combining multiple risk phenotypes provide insights into the genetic architecture of cutaneous melanoma susceptibility.	Cutaneous melanoma or hair colour	36,760 European ancestry cutaneous melanoma cases, 375,188 European ancestry controls, 352,662 European ancestry individuals	NA	20q11.22	20	34592348	PIGU	PIGU			ENSG00000101464			rs17305573-T	rs17305573	0	17305573	intron_variant	0	0.932969	8E-397	396.0969100130081				Affymetrix, Illumina [NR] (imputed)	N	cutaneous melanoma, hair color	http://purl.obolibrary.org/obo/MONDO_0005012, http://www.ebi.ac.uk/efo/EFO_0003924	GCST010302	Genome-wide genotyping array
2020-07-23	32341527	Landi MT	2020-04-27	Nat Genet	www.ncbi.nlm.nih.gov/pubmed/32341527	Genome-wide association meta-analyses combining multiple risk phenotypes provide insights into the genetic architecture of cutaneous melanoma susceptibility.	Cutaneous melanoma or hair colour	36,760 European ancestry cutaneous melanoma cases, 375,188 European ancestry controls, 352,662 European ancestry individuals	NA	14q32.12	14	92329568	SLC24A4	SLC24A4			ENSG00000140090			rs4904871-A	rs4904871	0	4904871	intron_variant	0	0.435941	2E-278	277.69897000433605				Affymetrix, Illumina [NR] (imputed)	N	cutaneous melanoma, hair color	http://purl.obolibrary.org/obo/MONDO_0005012, http://www.ebi.ac.uk/efo/EFO_0003924	GCST010302	Genome-wide genotyping array
2020-07-23	32341527	Landi MT	2020-04-27	Nat Genet	www.ncbi.nlm.nih.gov/pubmed/32341527	Genome-wide association meta-analyses combining multiple risk phenotypes provide insights into the genetic architecture of cutaneous melanoma susceptibility.	Cutaneous melanoma or hair colour	36,760 European ancestry cutaneous melanoma cases, 375,188 European ancestry controls, 352,662 European ancestry individuals	NA	11q13.3	11	69105375	RP11-554A11.7	TPCN2			ENSG00000162341			rs72930659-C	rs72930659	0	72930659	intron_variant	0	0.895057	4E-278	277.39794000867204				Affymetrix, Illumina [NR] (imputed)	N	cutaneous melanoma, hair color	http://purl.obolibrary.org/obo/MONDO_0005012, http://www.ebi.ac.uk/efo/EFO_0003924	GCST010302	Genome-wide genotyping array
2020-07-23	32341527	Landi MT	2020-04-27	Nat Genet	www.ncbi.nlm.nih.gov/pubmed/32341527	Genome-wide association meta-analyses combining multiple risk phenotypes provide insights into the genetic architecture of cutaneous melanoma susceptibility.	Cutaneous melanoma or hair colour	36,760 European ancestry cutaneous melanoma cases, 375,188 European ancestry controls, 352,662 European ancestry individuals	NA	11q14.3	11	89284793	TYR	TYR			ENSG00000077498			rs1126809-G	rs1126809	0	1126809	missense_variant	0	0.757176	4E-199	198.39794000867204				Affymetrix, Illumina [NR] (imputed)	N	cutaneous melanoma, hair color	http://purl.obolibrary.org/obo/MONDO_0005012, http://www.ebi.ac.uk/efo/EFO_0003924	GCST010302	Genome-wide genotyping array
2020-07-23	32341527	Landi MT	2020-04-27	Nat Genet	www.ncbi.nlm.nih.gov/pubmed/32341527	Genome-wide association meta-analyses combining multiple risk phenotypes provide insights into the genetic architecture of cutaneous melanoma susceptibility.	Cutaneous melanoma or hair colour	36,760 European ancestry cutaneous melanoma cases, 375,188 European ancestry controls, 352,662 European ancestry individuals	NA	9p23	9	12696499	TYRP1	LURAP1L-AS1, TYRP1			ENSG00000235448, ENSG00000107165			rs2762461-G	rs2762461	0	2762461	intron_variant	0	0.446104	8E-125	124.09691001300806				Affymetrix, Illumina [NR] (imputed)	N	cutaneous melanoma, hair color	http://purl.obolibrary.org/obo/MONDO_0005012, http://www.ebi.ac.uk/efo/EFO_0003924	GCST010302	Genome-wide genotyping array
2020-07-23	32341527	Landi MT	2020-04-27	Nat Genet	www.ncbi.nlm.nih.gov/pubmed/32341527	Genome-wide association meta-analyses combining multiple risk phenotypes provide insights into the genetic architecture of cutaneous melanoma susceptibility.	Cutaneous melanoma or hair colour	36,760 European ancestry cutaneous melanoma cases, 375,188 European ancestry controls, 352,662 European ancestry individuals	NA	5q14.3	5	90968046	CTD-2266L18.1	ADGRV1			ENSG00000164199			rs6879563-C	rs6879563	0	6879563	intron_variant	0	0.582769	1E-83	83.0				Affymetrix, Illumina [NR] (imputed)	N	cutaneous melanoma, hair color	http://purl.obolibrary.org/obo/MONDO_0005012, http://www.ebi.ac.uk/efo/EFO_0003924	GCST010302	Genome-wide genotyping array
2020-07-23	32341527	Landi MT	2020-04-27	Nat Genet	www.ncbi.nlm.nih.gov/pubmed/32341527	Genome-wide association meta-analyses combining multiple risk phenotypes provide insights into the genetic architecture of cutaneous melanoma susceptibility.	Nevus count or cutaneous melanoma	36,760 European ancestry cutaneous melanoma cases, 375,188 European ancestry controls, 12,930 European ancestry individuals, 52,847 individuals	NA	1q42.12	1	226363223	PARP1	PARP1			ENSG00000143799			rs747657-G	rs747657	0	747657	intron_variant	0	0.357776	2E-17	16.69897000433602				Affymetrix, Illumina [NR] (imputed)	N	cutaneous melanoma, nevus count	http://purl.obolibrary.org/obo/MONDO_0005012, http://www.ebi.ac.uk/efo/EFO_0004632	GCST010303	Genome-wide genotyping array
2020-07-23	32341527	Landi MT	2020-04-27	Nat Genet	www.ncbi.nlm.nih.gov/pubmed/32341527	Genome-wide association meta-analyses combining multiple risk phenotypes provide insights into the genetic architecture of cutaneous melanoma susceptibility.	Nevus count or cutaneous melanoma	36,760 European ancestry cutaneous melanoma cases, 375,188 European ancestry controls, 12,930 European ancestry individuals, 52,847 individuals	NA	3q26.2	3	169796797	MYNN	LRRC34			ENSG00000171757			rs10936600-A	rs10936600	0	10936600	missense_variant	0	0.747244	5E-16	15.301029995663981				Affymetrix, Illumina [NR] (imputed)	N	cutaneous melanoma, nevus count	http://purl.obolibrary.org/obo/MONDO_0005012, http://www.ebi.ac.uk/efo/EFO_0004632	GCST010303	Genome-wide genotyping array
2020-07-23	32341527	Landi MT	2020-04-27	Nat Genet	www.ncbi.nlm.nih.gov/pubmed/32341527	Genome-wide association meta-analyses combining multiple risk phenotypes provide insights into the genetic architecture of cutaneous melanoma susceptibility.	Nevus count or cutaneous melanoma	36,760 European ancestry cutaneous melanoma cases, 375,188 European ancestry controls, 12,930 European ancestry individuals, 52,847 individuals	NA	16q22.1	16	68638443	CDH1	CDH3			ENSG00000062038			rs8046299-G	rs8046299	0	8046299	intergenic_variant	0	0.256976	6E-15	14.221848749616356				Affymetrix, Illumina [NR] (imputed)	N	cutaneous melanoma, nevus count	http://purl.obolibrary.org/obo/MONDO_0005012, http://www.ebi.ac.uk/efo/EFO_0004632	GCST010303	Genome-wide genotyping array
2020-07-23	32341527	Landi MT	2020-04-27	Nat Genet	www.ncbi.nlm.nih.gov/pubmed/32341527	Genome-wide association meta-analyses combining multiple risk phenotypes provide insights into the genetic architecture of cutaneous melanoma susceptibility.	Nevus count or cutaneous melanoma	36,760 European ancestry cutaneous melanoma cases, 375,188 European ancestry controls, 12,930 European ancestry individuals, 52,847 individuals	NA	2p23.3	2	25556626	DTNB	DTNB			ENSG00000138101			rs61712781-T	rs61712781	0	61712781	intron_variant	0	0.77607	2E-15	14.698970004336019				Affymetrix, Illumina [NR] (imputed)	N	cutaneous melanoma, nevus count	http://purl.obolibrary.org/obo/MONDO_0005012, http://www.ebi.ac.uk/efo/EFO_0004632	GCST010303	Genome-wide genotyping array
2020-07-23	32341527	Landi MT	2020-04-27	Nat Genet	www.ncbi.nlm.nih.gov/pubmed/32341527	Genome-wide association meta-analyses combining multiple risk phenotypes provide insights into the genetic architecture of cutaneous melanoma susceptibility.	Nevus count or cutaneous melanoma	36,760 European ancestry cutaneous melanoma cases, 375,188 European ancestry controls, 12,930 European ancestry individuals, 52,847 individuals	NA	7q31.33	7	124878118	GPR37	POT1			ENSG00000128513			rs113394869-G	rs113394869	0	113394869	intron_variant	0	0.728211	2E-15	14.698970004336019				Affymetrix, Illumina [NR] (imputed)	N	cutaneous melanoma, nevus count	http://purl.obolibrary.org/obo/MONDO_0005012, http://www.ebi.ac.uk/efo/EFO_0004632	GCST010303	Genome-wide genotyping array
2020-07-23	32341527	Landi MT	2020-04-27	Nat Genet	www.ncbi.nlm.nih.gov/pubmed/32341527	Genome-wide association meta-analyses combining multiple risk phenotypes provide insights into the genetic architecture of cutaneous melanoma susceptibility.	Nevus count or cutaneous melanoma	36,760 European ancestry cutaneous melanoma cases, 375,188 European ancestry controls, 12,930 European ancestry individuals, 52,847 individuals	NA	6p22.3	6	22710271	RP1-309H15.2	LINC03005			ENSG00000306913			rs16886790-T	rs16886790	0	16886790	intron_variant	0	0.813443	4E-15	14.397940008672037				Affymetrix, Illumina [NR] (imputed)	N	cutaneous melanoma, nevus count	http://purl.obolibrary.org/obo/MONDO_0005012, http://www.ebi.ac.uk/efo/EFO_0004632	GCST010303	Genome-wide genotyping array
2020-07-23	32341527	Landi MT	2020-04-27	Nat Genet	www.ncbi.nlm.nih.gov/pubmed/32341527	Genome-wide association meta-analyses combining multiple risk phenotypes provide insights into the genetic architecture of cutaneous melanoma susceptibility.	Nevus count or cutaneous melanoma	36,760 European ancestry cutaneous melanoma cases, 375,188 European ancestry controls, 12,930 European ancestry individuals, 52,847 individuals	NA	8q13.3	8	71958876	RP11-383H13.1	MSC-AS1			ENSG00000235531			rs1481853-C	rs1481853	0	1481853	intron_variant	0	0.365707	6E-15	14.221848749616356				Affymetrix, Illumina [NR] (imputed)	N	cutaneous melanoma, nevus count	http://purl.obolibrary.org/obo/MONDO_0005012, http://www.ebi.ac.uk/efo/EFO_0004632	GCST010303	Genome-wide genotyping array
2020-11-13	32887889	Rashkin SR	2020-09-04	Nat Commun	www.ncbi.nlm.nih.gov/pubmed/32887889	Pan-cancer study detects genetic risk variants and shared genetic basis in two large cohorts.	Melanoma	6,777 European ancestry cases, 410,350 European ancestry controls	NA	5q14.3	5	91060380		ADGRV1, LUCAT1			ENSG00000164199, ENSG00000248323			rs12186662-G	rs12186662	0	12186662	intron_variant	0	0.679698	1E-8	8.0		1.1159469	NR	Affymetrix [7846216] (imputed)	N	melanoma	http://purl.obolibrary.org/obo/MONDO_0005105	GCST90011809	Genome-wide genotyping array
2020-11-13	32887889	Rashkin SR	2020-09-04	Nat Commun	www.ncbi.nlm.nih.gov/pubmed/32887889	Pan-cancer study detects genetic risk variants and shared genetic basis in two large cohorts.	Melanoma	6,777 European ancestry cases, 410,350 European ancestry controls	NA	6p22.3	6	21159818		CDKAL1			ENSG00000145996			rs11442196-TA	rs11442196	0	11442196	intron_variant	0	NR	1E-8	8.0		1.1109877	NR	Affymetrix [7846216] (imputed)	N	melanoma	http://purl.obolibrary.org/obo/MONDO_0005105	GCST90011809	Genome-wide genotyping array
2020-11-13	32887889	Rashkin SR	2020-09-04	Nat Commun	www.ncbi.nlm.nih.gov/pubmed/32887889	Pan-cancer study detects genetic risk variants and shared genetic basis in two large cohorts.	Melanoma	6,777 European ancestry cases, 410,350 European ancestry controls	NA	11q14.3	11	88744172		GRM5			ENSG00000168959			rs6483416-T	rs6483416	0	6483416	intron_variant	0	NR	9E-8	7.045757490560675		1.1026574	NR	Affymetrix [7846216] (imputed)	N	melanoma	http://purl.obolibrary.org/obo/MONDO_0005105	GCST90011809	Genome-wide genotyping array
2020-11-13	32887889	Rashkin SR	2020-09-04	Nat Commun	www.ncbi.nlm.nih.gov/pubmed/32887889	Pan-cancer study detects genetic risk variants and shared genetic basis in two large cohorts.	Melanoma	6,777 European ancestry cases, 410,350 European ancestry controls	NA	3q25.31	3	156774969		TIPARP-AS1			ENSG00000243926			rs9818780-C	rs9818780	0	9818780	intron_variant	0	0.488672	3E-8	7.522878745280337		1.1016855	NR	Affymetrix [7846216] (imputed)	N	melanoma	http://purl.obolibrary.org/obo/MONDO_0005105	GCST90011809	Genome-wide genotyping array
2020-11-13	32887889	Rashkin SR	2020-09-04	Nat Commun	www.ncbi.nlm.nih.gov/pubmed/32887889	Pan-cancer study detects genetic risk variants and shared genetic basis in two large cohorts.	Melanoma	6,777 European ancestry cases, 410,350 European ancestry controls	NA	7q22.3	7	105147814		SRPK2			ENSG00000135250			rs68004394-C	rs68004394	0	68004394	intron_variant	0	0.531354	8E-8	7.096910013008056		1.0996262	NR	Affymetrix [7846216] (imputed)	N	melanoma	http://purl.obolibrary.org/obo/MONDO_0005105	GCST90011809	Genome-wide genotyping array
2020-11-13	32887889	Rashkin SR	2020-09-04	Nat Commun	www.ncbi.nlm.nih.gov/pubmed/32887889	Pan-cancer study detects genetic risk variants and shared genetic basis in two large cohorts.	Melanoma	6,777 European ancestry cases, 410,350 European ancestry controls	NA	1q42.12	1	226417380		PARP1 - RPS3AP7	ENSG00000143799	ENSG00000229965		9226	21184	rs1341335-C	rs1341335	0	1341335	intergenic_variant	1	NR	1E-7	7.0		1.1055	NR	Affymetrix [7846216] (imputed)	N	melanoma	http://purl.obolibrary.org/obo/MONDO_0005105	GCST90011809	Genome-wide genotyping array
2020-11-13	32887889	Rashkin SR	2020-09-04	Nat Commun	www.ncbi.nlm.nih.gov/pubmed/32887889	Pan-cancer study detects genetic risk variants and shared genetic basis in two large cohorts.	Melanoma	6,777 European ancestry cases, 410,350 European ancestry controls	NA	20q11.22	20	33894580		CHMP4B - TPM3P2	ENSG00000101421	ENSG00000214200		40214	17743	rs736264-T	rs736264	0	736264	intergenic_variant	1	NR	1E-8	8.0		1.1067	NR	Affymetrix [7846216] (imputed)	N	melanoma	http://purl.obolibrary.org/obo/MONDO_0005105	GCST90011809	Genome-wide genotyping array
2020-11-13	32887889	Rashkin SR	2020-09-04	Nat Commun	www.ncbi.nlm.nih.gov/pubmed/32887889	Pan-cancer study detects genetic risk variants and shared genetic basis in two large cohorts.	Melanoma	6,777 European ancestry cases, 410,350 European ancestry controls	NA	6p22.3	6	22708314		LINC03005			ENSG00000306913			rs7752577-G	rs7752577	0	7752577	intron_variant	0	0.765003	1E-7	7.0		1.1198	NR	Affymetrix [7846216] (imputed)	N	melanoma	http://purl.obolibrary.org/obo/MONDO_0005105	GCST90011809	Genome-wide genotyping array
2020-11-13	32887889	Rashkin SR	2020-09-04	Nat Commun	www.ncbi.nlm.nih.gov/pubmed/32887889	Pan-cancer study detects genetic risk variants and shared genetic basis in two large cohorts.	Melanoma	6,777 European ancestry cases, 410,350 European ancestry controls	NA	10q26.11	10	117812892		LINC02674 - RAB11FIP2	ENSG00000234952	ENSG00000107560		59563	192024	rs35563099-C	rs35563099	0	35563099	intron_variant	1	0.835366	9E-7	6.045757490560675		1.131	NR	Affymetrix [7846216] (imputed)	N	melanoma	http://purl.obolibrary.org/obo/MONDO_0005105	GCST90011809	Genome-wide genotyping array
2020-11-13	32887889	Rashkin SR	2020-09-04	Nat Commun	www.ncbi.nlm.nih.gov/pubmed/32887889	Pan-cancer study detects genetic risk variants and shared genetic basis in two large cohorts.	Melanoma	6,777 European ancestry cases, 410,350 European ancestry controls	NA	11q22.3	11	108465909		C11orf65			ENSG00000166323			rs139122788-T	rs139122788	0	139122788	intron_variant	0	NR	5E-7	6.301029995663981		1.1363	NR	Affymetrix [7846216] (imputed)	N	melanoma	http://purl.obolibrary.org/obo/MONDO_0005105	GCST90011809	Genome-wide genotyping array
2020-11-13	32887889	Rashkin SR	2020-09-04	Nat Commun	www.ncbi.nlm.nih.gov/pubmed/32887889	Pan-cancer study detects genetic risk variants and shared genetic basis in two large cohorts.	Melanoma	6,777 European ancestry cases, 410,350 European ancestry controls	NA	16q24.3	16	89510099		SPG7			ENSG00000197912			rs4499232-T	rs4499232	0	4499232	intron_variant	0	NR	9E-26	25.045757490560675		1.2057	NR	Affymetrix [7846216] (imputed)	N	melanoma	http://purl.obolibrary.org/obo/MONDO_0005105	GCST90011809	Genome-wide genotyping array
2020-11-13	32887889	Rashkin SR	2020-09-04	Nat Commun	www.ncbi.nlm.nih.gov/pubmed/32887889	Pan-cancer study detects genetic risk variants and shared genetic basis in two large cohorts.	Melanoma	6,777 European ancestry cases, 410,350 European ancestry controls	NA	9p21.3	9	21803881		MTAP			ENSG00000099810			rs871024-C	rs871024	0	871024	intron_variant	0	NR	6E-29	28.221848749616356		1.2163	NR	Affymetrix [7846216] (imputed)	N	melanoma	http://purl.obolibrary.org/obo/MONDO_0005105	GCST90011809	Genome-wide genotyping array
2020-11-13	32887889	Rashkin SR	2020-09-04	Nat Commun	www.ncbi.nlm.nih.gov/pubmed/32887889	Pan-cancer study detects genetic risk variants and shared genetic basis in two large cohorts.	Melanoma	6,777 European ancestry cases, 410,350 European ancestry controls	NA	16q24.3	16	89977620		AFG3L1P, AFG3L1P			ENSG00000293510, ENSG00000223959			rs4408545-C	rs4408545	0	4408545	intron_variant	0	NR	1E-28	28.0		1.2164	NR	Affymetrix [7846216] (imputed)	N	melanoma	http://purl.obolibrary.org/obo/MONDO_0005105	GCST90011809	Genome-wide genotyping array
2020-11-13	32887889	Rashkin SR	2020-09-04	Nat Commun	www.ncbi.nlm.nih.gov/pubmed/32887889	Pan-cancer study detects genetic risk variants and shared genetic basis in two large cohorts.	Melanoma	6,777 European ancestry cases, 410,350 European ancestry controls	NA	20q11.22	20	35259351		MMP24OS, MMP24			ENSG00000126005, ENSG00000125966			rs2425025-G	rs2425025	0	2425025	intron_variant	0	NR	4E-28	27.397940008672037		1.3762	NR	Affymetrix [7846216] (imputed)	N	melanoma	http://purl.obolibrary.org/obo/MONDO_0005105	GCST90011809	Genome-wide genotyping array
2020-11-13	32887889	Rashkin SR	2020-09-04	Nat Commun	www.ncbi.nlm.nih.gov/pubmed/32887889	Pan-cancer study detects genetic risk variants and shared genetic basis in two large cohorts.	Melanoma	6,777 European ancestry cases, 410,350 European ancestry controls	NA	20q11.22	20	34077942		RALY			ENSG00000125970			rs6059655-A	rs6059655	0	6059655	intron_variant	0	NR	3E-38	37.52287874528034		1.4116	NR	Affymetrix [7846216] (imputed)	N	melanoma	http://purl.obolibrary.org/obo/MONDO_0005105	GCST90011809	Genome-wide genotyping array
2020-11-13	32887889	Rashkin SR	2020-09-04	Nat Commun	www.ncbi.nlm.nih.gov/pubmed/32887889	Pan-cancer study detects genetic risk variants and shared genetic basis in two large cohorts.	Melanoma	6,777 European ancestry cases, 410,350 European ancestry controls	NA	20q13.33	20	63800471		ZBTB46			ENSG00000130584			rs71325468-G	rs71325468	0	71325468	intron_variant	0	0.977086	2E-7	6.698970004336019		1.4725	NR	Affymetrix [7846216] (imputed)	N	melanoma	http://purl.obolibrary.org/obo/MONDO_0005105	GCST90011809	Genome-wide genotyping array
2020-11-13	32887889	Rashkin SR	2020-09-04	Nat Commun	www.ncbi.nlm.nih.gov/pubmed/32887889	Pan-cancer study detects genetic risk variants and shared genetic basis in two large cohorts.	Melanoma	6,777 European ancestry cases, 410,350 European ancestry controls	NA	9p21.3	9	21995045		CDKN2A, CDKN2B-AS1			ENSG00000147889, ENSG00000240498			rs55797833-T	rs55797833	0	55797833	non_coding_transcript_exon_variant	0	0.977377	7E-12	11.154901959985743		1.7143	NR	Affymetrix [7846216] (imputed)	N	melanoma	http://purl.obolibrary.org/obo/MONDO_0005105	GCST90011809	Genome-wide genotyping array
2020-11-13	32887889	Rashkin SR	2020-09-04	Nat Commun	www.ncbi.nlm.nih.gov/pubmed/32887889	Pan-cancer study detects genetic risk variants and shared genetic basis in two large cohorts.	Melanoma	6,777 European ancestry cases, 410,350 European ancestry controls	NA	5p13.2	5	33946466		SLC45A2			ENSG00000164175			rs35407-G	rs35407	0	35407	3_prime_UTR_variant	0	NR	2E-19	18.69897000433602		2.0842018	NR	Affymetrix [7846216] (imputed)	N	melanoma	http://purl.obolibrary.org/obo/MONDO_0005105	GCST90011809	Genome-wide genotyping array
2020-11-13	32887889	Rashkin SR	2020-09-04	Nat Commun	www.ncbi.nlm.nih.gov/pubmed/32887889	Pan-cancer study detects genetic risk variants and shared genetic basis in two large cohorts.	Melanoma	6,777 European ancestry cases, 410,350 European ancestry controls	NA											chr12:56057631-G	chr12:56057631	0			1	NR	4E-7	6.3979400086720375		1.6265453	NR	Affymetrix [7846216] (imputed)	N	melanoma	http://purl.obolibrary.org/obo/MONDO_0005105	GCST90011809	Genome-wide genotyping array
2020-11-13	32887889	Rashkin SR	2020-09-04	Nat Commun	www.ncbi.nlm.nih.gov/pubmed/32887889	Pan-cancer study detects genetic risk variants and shared genetic basis in two large cohorts.	Melanoma	6,777 European ancestry cases, 410,350 European ancestry controls	NA	16q24.3	16	89724871		ZNF276			ENSG00000158805			rs35026726-T	rs35026726	0	35026726	intron_variant	0	NR	4E-61	60.39794000867204		1.5470297	NR	Affymetrix [7846216] (imputed)	N	melanoma	http://purl.obolibrary.org/obo/MONDO_0005105	GCST90011809	Genome-wide genotyping array
2020-11-13	32887889	Rashkin SR	2020-09-04	Nat Commun	www.ncbi.nlm.nih.gov/pubmed/32887889	Pan-cancer study detects genetic risk variants and shared genetic basis in two large cohorts.	Melanoma	6,777 European ancestry cases, 410,350 European ancestry controls	NA	16q24.3	16	89019335		CBFA2T3 - ACSF3	ENSG00000129993	ENSG00000176715		42128	69040	rs112584165-G	rs112584165	0	112584165	intergenic_variant	1	NR	8E-9	8.096910013008056		1.5124017	NR	Affymetrix [7846216] (imputed)	N	melanoma	http://purl.obolibrary.org/obo/MONDO_0005105	GCST90011809	Genome-wide genotyping array
2020-11-13	32887889	Rashkin SR	2020-09-04	Nat Commun	www.ncbi.nlm.nih.gov/pubmed/32887889	Pan-cancer study detects genetic risk variants and shared genetic basis in two large cohorts.	Melanoma	6,777 European ancestry cases, 410,350 European ancestry controls	NA	17p13.1	17	7668434		TP53			ENSG00000141510			rs78378222-G	rs78378222	0	78378222	3_prime_UTR_variant	0	0.012122	1E-8	8.0		1.4838997	NR	Affymetrix [7846216] (imputed)	N	melanoma	http://purl.obolibrary.org/obo/MONDO_0005105	GCST90011809	Genome-wide genotyping array
2020-11-13	32887889	Rashkin SR	2020-09-04	Nat Commun	www.ncbi.nlm.nih.gov/pubmed/32887889	Pan-cancer study detects genetic risk variants and shared genetic basis in two large cohorts.	Melanoma	6,777 European ancestry cases, 410,350 European ancestry controls	NA	4q21.23	4	84422025		LINC02994 - NKX6-1	ENSG00000250546	ENSG00000163623		122785	69960	rs147602346-G	rs147602346	0	147602346	intron_variant	1	0.01341	3E-7	6.522878745280337		1.4295926	NR	Affymetrix [7846216] (imputed)	N	melanoma	http://purl.obolibrary.org/obo/MONDO_0005105	GCST90011809	Genome-wide genotyping array
2020-11-13	32887889	Rashkin SR	2020-09-04	Nat Commun	www.ncbi.nlm.nih.gov/pubmed/32887889	Pan-cancer study detects genetic risk variants and shared genetic basis in two large cohorts.	Melanoma	6,777 European ancestry cases, 410,350 European ancestry controls	NA	16q24.3	16	89195754		CDH15 - SLC22A31	ENSG00000129910	ENSG00000259803		262	7	rs117382825-T	rs117382825	0	117382825	intergenic_variant	1	NR	6E-13	12.221848749616356		1.400168	NR	Affymetrix [7846216] (imputed)	N	melanoma	http://purl.obolibrary.org/obo/MONDO_0005105	GCST90011809	Genome-wide genotyping array
2020-11-13	32887889	Rashkin SR	2020-09-04	Nat Commun	www.ncbi.nlm.nih.gov/pubmed/32887889	Pan-cancer study detects genetic risk variants and shared genetic basis in two large cohorts.	Melanoma	6,777 European ancestry cases, 410,350 European ancestry controls	NA	20q11.22	20	34648892		PIGU			ENSG00000101464			rs56238684-C	rs56238684	0	56238684	intron_variant	0	NR	2E-33	32.69897000433602		1.3885033	NR	Affymetrix [7846216] (imputed)	N	melanoma	http://purl.obolibrary.org/obo/MONDO_0005105	GCST90011809	Genome-wide genotyping array
2020-11-13	32887889	Rashkin SR	2020-09-04	Nat Commun	www.ncbi.nlm.nih.gov/pubmed/32887889	Pan-cancer study detects genetic risk variants and shared genetic basis in two large cohorts.	Melanoma	6,777 European ancestry cases, 410,350 European ancestry controls	NA	9p21.3	9	21698290		KHSRPP1 - RN7SL151P	ENSG00000229835	ENSG00000244230		1347	1024	rs141111252-A	rs141111252	0	141111252	intron_variant	1	NR	7E-8	7.154901959985743		1.3846581	NR	Affymetrix [7846216] (imputed)	N	melanoma	http://purl.obolibrary.org/obo/MONDO_0005105	GCST90011809	Genome-wide genotyping array
2020-11-13	32887889	Rashkin SR	2020-09-04	Nat Commun	www.ncbi.nlm.nih.gov/pubmed/32887889	Pan-cancer study detects genetic risk variants and shared genetic basis in two large cohorts.	Melanoma	6,777 European ancestry cases, 410,350 European ancestry controls	NA	20q11.23	20	36050981		NORAD			ENSG00000260032			rs1204552-A	rs1204552	0	1204552	intron_variant	0	NR	3E-19	18.522878745280337		1.340303	NR	Affymetrix [7846216] (imputed)	N	melanoma	http://purl.obolibrary.org/obo/MONDO_0005105	GCST90011809	Genome-wide genotyping array
2020-11-13	32887889	Rashkin SR	2020-09-04	Nat Commun	www.ncbi.nlm.nih.gov/pubmed/32887889	Pan-cancer study detects genetic risk variants and shared genetic basis in two large cohorts.	Melanoma	6,777 European ancestry cases, 410,350 European ancestry controls	NA	20q11.21	20	33480139		SNTA1 - CBFA2T2	ENSG00000101400	ENSG00000078699		36254	9936	rs17401449-G	rs17401449	0	17401449	intergenic_variant	1	NR	3E-20	19.522878745280337		1.3089005	NR	Affymetrix [7846216] (imputed)	N	melanoma	http://purl.obolibrary.org/obo/MONDO_0005105	GCST90011809	Genome-wide genotyping array
2020-11-13	32887889	Rashkin SR	2020-09-04	Nat Commun	www.ncbi.nlm.nih.gov/pubmed/32887889	Pan-cancer study detects genetic risk variants and shared genetic basis in two large cohorts.	Melanoma	6,777 European ancestry cases, 410,350 European ancestry controls	NA	20q11.23	20	36608799		TGIF2-RAB5IF, RAB5IF			ENSG00000259399, ENSG00000101084			rs150260898-G	rs150260898	0	150260898	intron_variant	0	NR	4E-14	13.397940008672037		1.2822156	NR	Affymetrix [7846216] (imputed)	N	melanoma	http://purl.obolibrary.org/obo/MONDO_0005105	GCST90011809	Genome-wide genotyping array
2020-11-13	32887889	Rashkin SR	2020-09-04	Nat Commun	www.ncbi.nlm.nih.gov/pubmed/32887889	Pan-cancer study detects genetic risk variants and shared genetic basis in two large cohorts.	Melanoma	6,777 European ancestry cases, 410,350 European ancestry controls	NA	10q24.33	10	103922538		STN1 - SLK	ENSG00000107960	ENSG00000065613		3776	44378	rs11813268-T	rs11813268	0	11813268	intron_variant	1	NR	6E-14	13.221848749616356		1.186521	NR	Affymetrix [7846216] (imputed)	N	melanoma	http://purl.obolibrary.org/obo/MONDO_0005105	GCST90011809	Genome-wide genotyping array
2020-11-13	32887889	Rashkin SR	2020-09-04	Nat Commun	www.ncbi.nlm.nih.gov/pubmed/32887889	Pan-cancer study detects genetic risk variants and shared genetic basis in two large cohorts.	Melanoma	6,777 European ancestry cases, 410,350 European ancestry controls	NA	15q13.1	15	27985172		OCA2			ENSG00000104044			rs1800407-T	rs1800407	0	1800407	missense_variant	0	NR	5E-8	7.301029995663981		1.182872	NR	Affymetrix [7846216] (imputed)	N	melanoma	http://purl.obolibrary.org/obo/MONDO_0005105	GCST90011809	Genome-wide genotyping array
2020-11-13	32887889	Rashkin SR	2020-09-04	Nat Commun	www.ncbi.nlm.nih.gov/pubmed/32887889	Pan-cancer study detects genetic risk variants and shared genetic basis in two large cohorts.	Melanoma	6,777 European ancestry cases, 410,350 European ancestry controls	NA	11q14.3	11	89284793		TYR			ENSG00000077498			rs1126809-A	rs1126809	0	1126809	missense_variant	0	NR	5E-19	18.30102999566398		1.1806375	NR	Affymetrix [7846216] (imputed)	N	melanoma	http://purl.obolibrary.org/obo/MONDO_0005105	GCST90011809	Genome-wide genotyping array
2020-11-13	32887889	Rashkin SR	2020-09-04	Nat Commun	www.ncbi.nlm.nih.gov/pubmed/32887889	Pan-cancer study detects genetic risk variants and shared genetic basis in two large cohorts.	Melanoma	6,777 European ancestry cases, 410,350 European ancestry controls	NA	5p15.33	5	1344343		CLPTM1L			ENSG00000049656			rs31490-A	rs31490	0	31490	splice_region_variant	0	NR	1E-13	13.0		1.176609	NR	Affymetrix [7846216] (imputed)	N	melanoma	http://purl.obolibrary.org/obo/MONDO_0005105	GCST90011809	Genome-wide genotyping array
2020-11-13	32887889	Rashkin SR	2020-09-04	Nat Commun	www.ncbi.nlm.nih.gov/pubmed/32887889	Pan-cancer study detects genetic risk variants and shared genetic basis in two large cohorts.	Melanoma	6,777 European ancestry cases, 410,350 European ancestry controls	NA	7p21.1	7	17001810		AHR			ENSG00000106546			rs34585474-T	rs34585474	0	34585474	intron_variant	0	0.118081	1E-7	7.0		1.1503509	NR	Affymetrix [7846216] (imputed)	N	melanoma	http://purl.obolibrary.org/obo/MONDO_0005105	GCST90011809	Genome-wide genotyping array
2020-11-13	32887889	Rashkin SR	2020-09-04	Nat Commun	www.ncbi.nlm.nih.gov/pubmed/32887889	Pan-cancer study detects genetic risk variants and shared genetic basis in two large cohorts.	Melanoma	6,777 European ancestry cases, 410,350 European ancestry controls	NA	7q32.3	7	131202508		MKLN1			ENSG00000128585			rs28717071-A	rs28717071	0	28717071	intergenic_variant	0	0.120115	5E-7	6.301029995663981		1.1384335	NR	Affymetrix [7846216] (imputed)	N	melanoma	http://purl.obolibrary.org/obo/MONDO_0005105	GCST90011809	Genome-wide genotyping array
2020-11-13	32887889	Rashkin SR	2020-09-04	Nat Commun	www.ncbi.nlm.nih.gov/pubmed/32887889	Pan-cancer study detects genetic risk variants and shared genetic basis in two large cohorts.	Melanoma	6,777 European ancestry cases, 410,350 European ancestry controls	NA	1q21.3	1	152266212		CCDST			ENSG00000236427			rs61815526-A	rs61815526	0	61815526	intron_variant	0	0.155271	3E-7	6.522878745280337		1.1317339	NR	Affymetrix [7846216] (imputed)	N	melanoma	http://purl.obolibrary.org/obo/MONDO_0005105	GCST90011809	Genome-wide genotyping array
2020-11-13	32887889	Rashkin SR	2020-09-04	Nat Commun	www.ncbi.nlm.nih.gov/pubmed/32887889	Pan-cancer study detects genetic risk variants and shared genetic basis in two large cohorts.	Melanoma	6,777 European ancestry cases, 410,350 European ancestry controls	NA	21q22.3	21	41371400		MX2			ENSG00000183486			rs443099-T	rs443099	0	443099	intron_variant	0	NR	2E-11	10.698970004336019		1.1308379	NR	Affymetrix [7846216] (imputed)	N	melanoma	http://purl.obolibrary.org/obo/MONDO_0005105	GCST90011809	Genome-wide genotyping array
2020-11-13	32887889	Rashkin SR	2020-09-04	Nat Commun	www.ncbi.nlm.nih.gov/pubmed/32887889	Pan-cancer study detects genetic risk variants and shared genetic basis in two large cohorts.	Melanoma	6,777 European ancestry cases, 410,350 European ancestry controls	NA	22q13.1	22	38184364		PLA2G6			ENSG00000184381			rs3761444-A	rs3761444	0	3761444	intron_variant	0	NR	5E-10	9.301029995663981		1.1174432	NR	Affymetrix [7846216] (imputed)	N	melanoma	http://purl.obolibrary.org/obo/MONDO_0005105	GCST90011809	Genome-wide genotyping array
2020-07-23	32341527	Landi MT	2020-04-27	Nat Genet	www.ncbi.nlm.nih.gov/pubmed/32341527	Genome-wide association meta-analyses combining multiple risk phenotypes provide insights into the genetic architecture of cutaneous melanoma susceptibility.	Nevus count or cutaneous melanoma	36,760 European ancestry cutaneous melanoma cases, 375,188 European ancestry controls, 12,930 European ancestry individuals, 52,847 individuals	NA	11p15.2	11	16200484	CTD-3096P4.1	SOX6			ENSG00000110693			rs2054095-T	rs2054095	0	2054095	intron_variant	0	0.484232	7E-14	13.154901959985743				Affymetrix, Illumina [NR] (imputed)	N	cutaneous melanoma, nevus count	http://purl.obolibrary.org/obo/MONDO_0005012, http://www.ebi.ac.uk/efo/EFO_0004632	GCST010303	Genome-wide genotyping array
2020-07-23	32341527	Landi MT	2020-04-27	Nat Genet	www.ncbi.nlm.nih.gov/pubmed/32341527	Genome-wide association meta-analyses combining multiple risk phenotypes provide insights into the genetic architecture of cutaneous melanoma susceptibility.	Nevus count or cutaneous melanoma	36,760 European ancestry cutaneous melanoma cases, 375,188 European ancestry controls, 12,930 European ancestry individuals, 52,847 individuals	NA	16q12.2	16	54084220	FTO	FTO			ENSG00000140718			rs62034121-C	rs62034121	0	62034121	intron_variant	0	0.822836	5E-14	13.301029995663981				Affymetrix, Illumina [NR] (imputed)	N	cutaneous melanoma, nevus count	http://purl.obolibrary.org/obo/MONDO_0005012, http://www.ebi.ac.uk/efo/EFO_0004632	GCST010303	Genome-wide genotyping array
2020-07-23	32341527	Landi MT	2020-04-27	Nat Genet	www.ncbi.nlm.nih.gov/pubmed/32341527	Genome-wide association meta-analyses combining multiple risk phenotypes provide insights into the genetic architecture of cutaneous melanoma susceptibility.	Nevus count or cutaneous melanoma	36,760 European ancestry cutaneous melanoma cases, 375,188 European ancestry controls, 12,930 European ancestry individuals, 52,847 individuals	NA	15q13.1	15	28120472	HERC2	HERC2			ENSG00000128731			rs12913832-A	rs12913832	0	12913832	intron_variant	0	0.334986	2E-14	13.698970004336019				Affymetrix, Illumina [NR] (imputed)	N	cutaneous melanoma, nevus count	http://purl.obolibrary.org/obo/MONDO_0005012, http://www.ebi.ac.uk/efo/EFO_0004632	GCST010303	Genome-wide genotyping array
2020-07-23	32341527	Landi MT	2020-04-27	Nat Genet	www.ncbi.nlm.nih.gov/pubmed/32341527	Genome-wide association meta-analyses combining multiple risk phenotypes provide insights into the genetic architecture of cutaneous melanoma susceptibility.	Nevus count or cutaneous melanoma	36,760 European ancestry cutaneous melanoma cases, 375,188 European ancestry controls, 12,930 European ancestry individuals, 52,847 individuals	NA	1q21.3	1	150887995	RP11-316M1.12	CTXND2			ENSG00000283324			rs7412746-C	rs7412746	0	7412746	intron_variant	0	0.472067	7E-14	13.154901959985743				Affymetrix, Illumina [NR] (imputed)	N	cutaneous melanoma, nevus count	http://purl.obolibrary.org/obo/MONDO_0005012, http://www.ebi.ac.uk/efo/EFO_0004632	GCST010303	Genome-wide genotyping array
2020-07-23	32341527	Landi MT	2020-04-27	Nat Genet	www.ncbi.nlm.nih.gov/pubmed/32341527	Genome-wide association meta-analyses combining multiple risk phenotypes provide insights into the genetic architecture of cutaneous melanoma susceptibility.	Nevus count or cutaneous melanoma	36,760 European ancestry cutaneous melanoma cases, 375,188 European ancestry controls, 12,930 European ancestry individuals, 52,847 individuals	NA	14q23.2	14	63923312	SYNE2	SYNE2			ENSG00000054654			rs10873172-G	rs10873172	0	10873172	intron_variant	0	0.289806	6E-13	12.221848749616356				Affymetrix, Illumina [NR] (imputed)	N	cutaneous melanoma, nevus count	http://purl.obolibrary.org/obo/MONDO_0005012, http://www.ebi.ac.uk/efo/EFO_0004632	GCST010303	Genome-wide genotyping array
2020-07-23	32341527	Landi MT	2020-04-27	Nat Genet	www.ncbi.nlm.nih.gov/pubmed/32341527	Genome-wide association meta-analyses combining multiple risk phenotypes provide insights into the genetic architecture of cutaneous melanoma susceptibility.	Nevus count or cutaneous melanoma	36,760 European ancestry cutaneous melanoma cases, 375,188 European ancestry controls, 12,930 European ancestry individuals, 52,847 individuals	NA	13q34	13	112880593	ATP11A	ATP11A			ENSG00000068650			rs9577174-T	rs9577174	0	9577174	intron_variant	0	0.558531	2E-8	7.698970004336019				Affymetrix, Illumina [NR] (imputed)	N	cutaneous melanoma, nevus count	http://purl.obolibrary.org/obo/MONDO_0005012, http://www.ebi.ac.uk/efo/EFO_0004632	GCST010303	Genome-wide genotyping array
2020-07-23	32341527	Landi MT	2020-04-27	Nat Genet	www.ncbi.nlm.nih.gov/pubmed/32341527	Genome-wide association meta-analyses combining multiple risk phenotypes provide insights into the genetic architecture of cutaneous melanoma susceptibility.	Nevus count or cutaneous melanoma	36,760 European ancestry cutaneous melanoma cases, 375,188 European ancestry controls, 12,930 European ancestry individuals, 52,847 individuals	NA	4p14	4	37469131	C4orf19	PGCKA1			ENSG00000154274			rs11730662-C	rs11730662	0	11730662	intron_variant	0	0.702926	1E-8	8.0				Affymetrix, Illumina [NR] (imputed)	N	cutaneous melanoma, nevus count	http://purl.obolibrary.org/obo/MONDO_0005012, http://www.ebi.ac.uk/efo/EFO_0004632	GCST010303	Genome-wide genotyping array
2020-07-23	32341527	Landi MT	2020-04-27	Nat Genet	www.ncbi.nlm.nih.gov/pubmed/32341527	Genome-wide association meta-analyses combining multiple risk phenotypes provide insights into the genetic architecture of cutaneous melanoma susceptibility.	Nevus count or cutaneous melanoma	36,760 European ancestry cutaneous melanoma cases, 375,188 European ancestry controls, 12,930 European ancestry individuals, 52,847 individuals	NA	1q32.1	1	205235953	DSTYK	TMCC2-AS1, TMCC2			ENSG00000225063, ENSG00000133069			rs11240396-T	rs11240396	0	11240396	intron_variant	0	0.121281	1E-8	8.0				Affymetrix, Illumina [NR] (imputed)	N	cutaneous melanoma, nevus count	http://purl.obolibrary.org/obo/MONDO_0005012, http://www.ebi.ac.uk/efo/EFO_0004632	GCST010303	Genome-wide genotyping array
2020-07-23	32341527	Landi MT	2020-04-27	Nat Genet	www.ncbi.nlm.nih.gov/pubmed/32341527	Genome-wide association meta-analyses combining multiple risk phenotypes provide insights into the genetic architecture of cutaneous melanoma susceptibility.	Nevus count or cutaneous melanoma	36,760 European ancestry cutaneous melanoma cases, 375,188 European ancestry controls, 12,930 European ancestry individuals, 52,847 individuals	NA	12q24.21	12	116142486	MIR620	MED13L			ENSG00000123066			rs113469387-G	rs113469387	0	113469387	intron_variant	0	0.9068833	1E-8	8.0				Affymetrix, Illumina [NR] (imputed)	N	cutaneous melanoma, nevus count	http://purl.obolibrary.org/obo/MONDO_0005012, http://www.ebi.ac.uk/efo/EFO_0004632	GCST010303	Genome-wide genotyping array
2020-07-23	32341527	Landi MT	2020-04-27	Nat Genet	www.ncbi.nlm.nih.gov/pubmed/32341527	Genome-wide association meta-analyses combining multiple risk phenotypes provide insights into the genetic architecture of cutaneous melanoma susceptibility.	Nevus count or cutaneous melanoma	36,760 European ancestry cutaneous melanoma cases, 375,188 European ancestry controls, 12,930 European ancestry individuals, 52,847 individuals	NA	1p12	1	119986309	NOTCH2	NOTCH2			ENSG00000134250			rs2453042-G	rs2453042	0	2453042	intron_variant	0	0.84903	2E-8	7.698970004336019				Affymetrix, Illumina [NR] (imputed)	N	cutaneous melanoma, nevus count	http://purl.obolibrary.org/obo/MONDO_0005012, http://www.ebi.ac.uk/efo/EFO_0004632	GCST010303	Genome-wide genotyping array
2020-07-23	32341527	Landi MT	2020-04-27	Nat Genet	www.ncbi.nlm.nih.gov/pubmed/32341527	Genome-wide association meta-analyses combining multiple risk phenotypes provide insights into the genetic architecture of cutaneous melanoma susceptibility.	Nevus count or cutaneous melanoma	36,760 European ancestry cutaneous melanoma cases, 375,188 European ancestry controls, 12,930 European ancestry individuals, 52,847 individuals	NA	4q24	4	105339270	RN7SL89P	TET2-AS1			ENSG00000251586			rs17321108-C	rs17321108	0	17321108	intron_variant	0	0.9599168	1E-8	8.0				Affymetrix, Illumina [NR] (imputed)	N	cutaneous melanoma, nevus count	http://purl.obolibrary.org/obo/MONDO_0005012, http://www.ebi.ac.uk/efo/EFO_0004632	GCST010303	Genome-wide genotyping array
2020-07-23	32341527	Landi MT	2020-04-27	Nat Genet	www.ncbi.nlm.nih.gov/pubmed/32341527	Genome-wide association meta-analyses combining multiple risk phenotypes provide insights into the genetic architecture of cutaneous melanoma susceptibility.	Nevus count or cutaneous melanoma	36,760 European ancestry cutaneous melanoma cases, 375,188 European ancestry controls, 12,930 European ancestry individuals, 52,847 individuals	NA	5p13.1	5	38756615	RP11-122C5.3	OSMR-DT			ENSG00000249740			rs11743151-C	rs11743151	0	11743151	intron_variant	0	0.660594	2E-8	7.698970004336019				Affymetrix, Illumina [NR] (imputed)	N	cutaneous melanoma, nevus count	http://purl.obolibrary.org/obo/MONDO_0005012, http://www.ebi.ac.uk/efo/EFO_0004632	GCST010303	Genome-wide genotyping array
2020-07-23	32341527	Landi MT	2020-04-27	Nat Genet	www.ncbi.nlm.nih.gov/pubmed/32341527	Genome-wide association meta-analyses combining multiple risk phenotypes provide insights into the genetic architecture of cutaneous melanoma susceptibility.	Nevus count or cutaneous melanoma	36,760 European ancestry cutaneous melanoma cases, 375,188 European ancestry controls, 12,930 European ancestry individuals, 52,847 individuals	NA	1q32.1	1	200296023	RP11-532L16.3	LINC00862			ENSG00000203721			rs183661447-A	rs183661447	0	183661447	intron_variant	0	0.99220819	3E-8	7.522878745280337				Affymetrix, Illumina [NR] (imputed)	N	cutaneous melanoma, nevus count	http://purl.obolibrary.org/obo/MONDO_0005012, http://www.ebi.ac.uk/efo/EFO_0004632	GCST010303	Genome-wide genotyping array
2020-07-23	32341527	Landi MT	2020-04-27	Nat Genet	www.ncbi.nlm.nih.gov/pubmed/32341527	Genome-wide association meta-analyses combining multiple risk phenotypes provide insights into the genetic architecture of cutaneous melanoma susceptibility.	Nevus count or cutaneous melanoma	36,760 European ancestry cutaneous melanoma cases, 375,188 European ancestry controls, 12,930 European ancestry individuals, 52,847 individuals	NA	11q23.3	11	120316724	TMEM136	POU2F3			ENSG00000137709			rs7102217-T	rs7102217	0	7102217	intron_variant	0	0.343625	2E-8	7.698970004336019				Affymetrix, Illumina [NR] (imputed)	N	cutaneous melanoma, nevus count	http://purl.obolibrary.org/obo/MONDO_0005012, http://www.ebi.ac.uk/efo/EFO_0004632	GCST010303	Genome-wide genotyping array
2020-07-23	32341527	Landi MT	2020-04-27	Nat Genet	www.ncbi.nlm.nih.gov/pubmed/32341527	Genome-wide association meta-analyses combining multiple risk phenotypes provide insights into the genetic architecture of cutaneous melanoma susceptibility.	Nevus count or cutaneous melanoma	36,760 European ancestry cutaneous melanoma cases, 375,188 European ancestry controls, 12,930 European ancestry individuals, 52,847 individuals	NA	2q33.1	2	201305932	CASP8	FLACC1, CASP8			ENSG00000155749, ENSG00000064012			rs10200279-T	rs10200279	0	10200279	intron_variant	0	0.29073	3E-12	11.522878745280337				Affymetrix, Illumina [NR] (imputed)	N	cutaneous melanoma, nevus count	http://purl.obolibrary.org/obo/MONDO_0005012, http://www.ebi.ac.uk/efo/EFO_0004632	GCST010303	Genome-wide genotyping array
2020-07-23	32341527	Landi MT	2020-04-27	Nat Genet	www.ncbi.nlm.nih.gov/pubmed/32341527	Genome-wide association meta-analyses combining multiple risk phenotypes provide insights into the genetic architecture of cutaneous melanoma susceptibility.	Nevus count or cutaneous melanoma	36,760 European ancestry cutaneous melanoma cases, 375,188 European ancestry controls, 12,930 European ancestry individuals, 52,847 individuals	NA	6p22.3	6	21163688	CDKAL1	CDKAL1			ENSG00000145996			rs6914598-T	rs6914598	0	6914598	intron_variant	0	0.682676	3E-12	11.522878745280337				Affymetrix, Illumina [NR] (imputed)	N	cutaneous melanoma, nevus count	http://purl.obolibrary.org/obo/MONDO_0005012, http://www.ebi.ac.uk/efo/EFO_0004632	GCST010303	Genome-wide genotyping array
2020-07-23	32341527	Landi MT	2020-04-27	Nat Genet	www.ncbi.nlm.nih.gov/pubmed/32341527	Genome-wide association meta-analyses combining multiple risk phenotypes provide insights into the genetic architecture of cutaneous melanoma susceptibility.	Nevus count or cutaneous melanoma	36,760 European ancestry cutaneous melanoma cases, 375,188 European ancestry controls, 12,930 European ancestry individuals, 52,847 individuals	NA	5q14.3	5	90967352	CTD-2266L18.1	ADGRV1			ENSG00000164199			rs10942621-A	rs10942621	0	10942621	intron_variant	0	0.583	2E-12	11.698970004336019				Affymetrix, Illumina [NR] (imputed)	N	cutaneous melanoma, nevus count	http://purl.obolibrary.org/obo/MONDO_0005012, http://www.ebi.ac.uk/efo/EFO_0004632	GCST010303	Genome-wide genotyping array
2020-07-23	32341527	Landi MT	2020-04-27	Nat Genet	www.ncbi.nlm.nih.gov/pubmed/32341527	Genome-wide association meta-analyses combining multiple risk phenotypes provide insights into the genetic architecture of cutaneous melanoma susceptibility.	Nevus count or cutaneous melanoma	36,760 European ancestry cutaneous melanoma cases, 375,188 European ancestry controls, 12,930 European ancestry individuals, 52,847 individuals	NA	9p24.3	9	235201	DOCK8	DOCK8			ENSG00000107099			rs593179-A	rs593179	0	593179	intron_variant	0	0.450277	4E-12	11.397940008672037				Affymetrix, Illumina [NR] (imputed)	N	cutaneous melanoma, nevus count	http://purl.obolibrary.org/obo/MONDO_0005012, http://www.ebi.ac.uk/efo/EFO_0004632	GCST010303	Genome-wide genotyping array
2020-07-23	32341527	Landi MT	2020-04-27	Nat Genet	www.ncbi.nlm.nih.gov/pubmed/32341527	Genome-wide association meta-analyses combining multiple risk phenotypes provide insights into the genetic architecture of cutaneous melanoma susceptibility.	Nevus count or cutaneous melanoma	36,760 European ancestry cutaneous melanoma cases, 375,188 European ancestry controls, 12,930 European ancestry individuals, 52,847 individuals	NA	20q13.33	20	63660414	RTEL1	RTEL1, RTEL1-TNFRSF6B			ENSG00000258366, ENSG00000026036			rs143190905-G	rs143190905	0	143190905	intron_variant	0	0.9068833	4E-12	11.397940008672037				Affymetrix, Illumina [NR] (imputed)	N	cutaneous melanoma, nevus count	http://purl.obolibrary.org/obo/MONDO_0005012, http://www.ebi.ac.uk/efo/EFO_0004632	GCST010303	Genome-wide genotyping array
2020-07-23	32341527	Landi MT	2020-04-27	Nat Genet	www.ncbi.nlm.nih.gov/pubmed/32341527	Genome-wide association meta-analyses combining multiple risk phenotypes provide insights into the genetic architecture of cutaneous melanoma susceptibility.	Nevus count or cutaneous melanoma	36,760 European ancestry cutaneous melanoma cases, 375,188 European ancestry controls, 12,930 European ancestry individuals, 52,847 individuals	NA	17p13.1	17	7668434	TP53	TP53			ENSG00000141510			rs78378222-T	rs78378222	0	78378222	3_prime_UTR_variant	0	0.9891746	3E-12	11.522878745280337				Affymetrix, Illumina [NR] (imputed)	N	cutaneous melanoma, nevus count	http://purl.obolibrary.org/obo/MONDO_0005012, http://www.ebi.ac.uk/efo/EFO_0004632	GCST010303	Genome-wide genotyping array
2020-07-23	32341527	Landi MT	2020-04-27	Nat Genet	www.ncbi.nlm.nih.gov/pubmed/32341527	Genome-wide association meta-analyses combining multiple risk phenotypes provide insights into the genetic architecture of cutaneous melanoma susceptibility.	Nevus count or cutaneous melanoma	36,760 European ancestry cutaneous melanoma cases, 375,188 European ancestry controls, 12,930 European ancestry individuals, 52,847 individuals	NA	10p15.1	10	5725214	FAM208B	TASOR2			ENSG00000108021			rs76154345-A	rs76154345	0	76154345	intron_variant	0	0.793594	8E-11	10.096910013008056				Affymetrix, Illumina [NR] (imputed)	N	cutaneous melanoma, nevus count	http://purl.obolibrary.org/obo/MONDO_0005012, http://www.ebi.ac.uk/efo/EFO_0004632	GCST010303	Genome-wide genotyping array
2020-07-23	32341527	Landi MT	2020-04-27	Nat Genet	www.ncbi.nlm.nih.gov/pubmed/32341527	Genome-wide association meta-analyses combining multiple risk phenotypes provide insights into the genetic architecture of cutaneous melanoma susceptibility.	Nevus count or cutaneous melanoma	36,760 European ancestry cutaneous melanoma cases, 375,188 European ancestry controls, 12,930 European ancestry individuals, 52,847 individuals	NA	7q32.3	7	131223024	RNU6-1010P	MKLN1			ENSG00000128585			rs78706986-G	rs78706986	0	78706986	intergenic_variant	0	0.9166769	1E-11	11.0				Affymetrix, Illumina [NR] (imputed)	N	cutaneous melanoma, nevus count	http://purl.obolibrary.org/obo/MONDO_0005012, http://www.ebi.ac.uk/efo/EFO_0004632	GCST010303	Genome-wide genotyping array
2020-07-23	32341527	Landi MT	2020-04-27	Nat Genet	www.ncbi.nlm.nih.gov/pubmed/32341527	Genome-wide association meta-analyses combining multiple risk phenotypes provide insights into the genetic architecture of cutaneous melanoma susceptibility.	Nevus count or cutaneous melanoma	36,760 European ancestry cutaneous melanoma cases, 375,188 European ancestry controls, 12,930 European ancestry individuals, 52,847 individuals	NA	6q25.1	6	151256695	AKAP12	AKAP12			ENSG00000131016			rs10434896-C	rs10434896	0	10434896	intron_variant	0	0.524346	8E-10	9.096910013008056				Affymetrix, Illumina [NR] (imputed)	N	cutaneous melanoma, nevus count	http://purl.obolibrary.org/obo/MONDO_0005012, http://www.ebi.ac.uk/efo/EFO_0004632	GCST010303	Genome-wide genotyping array
2020-07-23	32341527	Landi MT	2020-04-27	Nat Genet	www.ncbi.nlm.nih.gov/pubmed/32341527	Genome-wide association meta-analyses combining multiple risk phenotypes provide insights into the genetic architecture of cutaneous melanoma susceptibility.	Nevus count or cutaneous melanoma	36,760 European ancestry cutaneous melanoma cases, 375,188 European ancestry controls, 12,930 European ancestry individuals, 52,847 individuals	NA	8q24.21	8	130126733	ASAP1	ASAP1			ENSG00000153317			rs111595456-C	rs111595456	0	111595456	intron_variant	0	0.9666307	3E-10	9.522878745280337				Affymetrix, Illumina [NR] (imputed)	N	cutaneous melanoma, nevus count	http://purl.obolibrary.org/obo/MONDO_0005012, http://www.ebi.ac.uk/efo/EFO_0004632	GCST010303	Genome-wide genotyping array
2020-07-23	32341527	Landi MT	2020-04-27	Nat Genet	www.ncbi.nlm.nih.gov/pubmed/32341527	Genome-wide association meta-analyses combining multiple risk phenotypes provide insights into the genetic architecture of cutaneous melanoma susceptibility.	Nevus count or cutaneous melanoma	36,760 European ancestry cutaneous melanoma cases, 375,188 European ancestry controls, 12,930 European ancestry individuals, 52,847 individuals	NA	22q13.31	22	45226803	KIAA0930	KIAA0930			ENSG00000100364			rs5766565-A	rs5766565	0	5766565	intron_variant	0	0.646705	2E-10	9.698970004336019				Affymetrix, Illumina [NR] (imputed)	N	cutaneous melanoma, nevus count	http://purl.obolibrary.org/obo/MONDO_0005012, http://www.ebi.ac.uk/efo/EFO_0004632	GCST010303	Genome-wide genotyping array
2020-07-23	32341527	Landi MT	2020-04-27	Nat Genet	www.ncbi.nlm.nih.gov/pubmed/32341527	Genome-wide association meta-analyses combining multiple risk phenotypes provide insights into the genetic architecture of cutaneous melanoma susceptibility.	Cutaneous malignant melanoma	36,760 European ancestry cases, 375,188 European ancestry controls	NA	1q21.3	1	150966095	RP11-316M1.12	CERS2, CERS2-AS1			ENSG00000143418, ENSG00000259357			rs8444-G	rs8444	0	8444	3_prime_UTR_variant	0	0.6445	4E-14	13.397940008672037		1.0801	NR	Affymetrix, Illumina [NR] (imputed)	N	cutaneous melanoma	http://purl.obolibrary.org/obo/MONDO_0005012	GCST010304	Genome-wide genotyping array
2020-07-23	32341527	Landi MT	2020-04-27	Nat Genet	www.ncbi.nlm.nih.gov/pubmed/32341527	Genome-wide association meta-analyses combining multiple risk phenotypes provide insights into the genetic architecture of cutaneous melanoma susceptibility.	Cutaneous malignant melanoma	36,760 European ancestry cases, 375,188 European ancestry controls	NA	14q24.1	14	68760214	ZFP36L1	RNU6-921P - ZFP36L1	ENSG00000207089	ENSG00000185650		24186	27441	rs11625064-?	rs11625064	0	11625064	intron_variant	1	NR	3E-6	5.522878745280337				Affymetrix, Illumina [NR] (imputed)	N	cutaneous melanoma	http://purl.obolibrary.org/obo/MONDO_0005012	GCST010304	Genome-wide genotyping array
2020-07-23	32341527	Landi MT	2020-04-27	Nat Genet	www.ncbi.nlm.nih.gov/pubmed/32341527	Genome-wide association meta-analyses combining multiple risk phenotypes provide insights into the genetic architecture of cutaneous melanoma susceptibility.	Cutaneous malignant melanoma	36,760 European ancestry cases, 375,188 European ancestry controls	NA	6q15	6	90296024	BACH2	BACH2			ENSG00000112182			rs6908626-G	rs6908626	0	6908626	intron_variant	0	0.844	4E-9	8.397940008672037		1.0861	NR	Affymetrix, Illumina [NR] (imputed)	N	cutaneous melanoma	http://purl.obolibrary.org/obo/MONDO_0005012	GCST010304	Genome-wide genotyping array
2020-07-23	32341527	Landi MT	2020-04-27	Nat Genet	www.ncbi.nlm.nih.gov/pubmed/32341527	Genome-wide association meta-analyses combining multiple risk phenotypes provide insights into the genetic architecture of cutaneous melanoma susceptibility.	Cutaneous malignant melanoma	36,760 European ancestry cases, 375,188 European ancestry controls	NA	3p13	3	69964940	MITF	MITF			ENSG00000187098			rs149617956-A	rs149617956	0	149617956	stop_gained	0	0.002	5E-25	24.30102999566398		2.6295033	NR	Affymetrix, Illumina [NR] (imputed)	N	cutaneous melanoma	http://purl.obolibrary.org/obo/MONDO_0005012	GCST010304	Genome-wide genotyping array
2020-07-23	32341527	Landi MT	2020-04-27	Nat Genet	www.ncbi.nlm.nih.gov/pubmed/32341527	Genome-wide association meta-analyses combining multiple risk phenotypes provide insights into the genetic architecture of cutaneous melanoma susceptibility.	Cutaneous malignant melanoma	36,760 European ancestry cases, 375,188 European ancestry controls	NA	5q32	5	149832305	PPARGC1B	PPARGC1B			ENSG00000155846			rs32578-G	rs32578	0	32578	intron_variant	0	0.6584	7E-17	16.154901959985743		1.0903	NR	Affymetrix, Illumina [NR] (imputed)	N	cutaneous melanoma	http://purl.obolibrary.org/obo/MONDO_0005012	GCST010304	Genome-wide genotyping array
2020-07-23	32341527	Landi MT	2020-04-27	Nat Genet	www.ncbi.nlm.nih.gov/pubmed/32341527	Genome-wide association meta-analyses combining multiple risk phenotypes provide insights into the genetic architecture of cutaneous melanoma susceptibility.	Cutaneous malignant melanoma	36,760 European ancestry cases, 375,188 European ancestry controls	NA	16q24.3	16	89677219	CDK10	SPATA33 - CDK10	ENSG00000167523	ENSG00000185324		5947	3518	rs116927526-T	rs116927526	0	116927526	intron_variant	1	0.0032	8E-13	12.096910013008056		1.6852039	NR	Affymetrix, Illumina [NR] (imputed)	N	cutaneous melanoma	http://purl.obolibrary.org/obo/MONDO_0005012	GCST010304	Genome-wide genotyping array
2020-07-23	32341527	Landi MT	2020-04-27	Nat Genet	www.ncbi.nlm.nih.gov/pubmed/32341527	Genome-wide association meta-analyses combining multiple risk phenotypes provide insights into the genetic architecture of cutaneous melanoma susceptibility.	Cutaneous malignant melanoma	36,760 European ancestry cases, 375,188 European ancestry controls	NA	1q42.12	1	226415934	RP11-118H4.3	PARP1 - RPS3AP7	ENSG00000143799	ENSG00000229965		7780	22630	rs2695237-T	rs2695237	0	2695237	intergenic_variant	1	0.6284	2E-18	17.69897000433602		1.0947	NR	Affymetrix, Illumina [NR] (imputed)	N	cutaneous melanoma	http://purl.obolibrary.org/obo/MONDO_0005012	GCST010304	Genome-wide genotyping array
2020-07-23	32341527	Landi MT	2020-04-27	Nat Genet	www.ncbi.nlm.nih.gov/pubmed/32341527	Genome-wide association meta-analyses combining multiple risk phenotypes provide insights into the genetic architecture of cutaneous melanoma susceptibility.	Cutaneous malignant melanoma	36,760 European ancestry cases, 375,188 European ancestry controls	NA	1q32.1	1	205211934	DSTYK	DSTYK - TMCC2	ENSG00000133059	ENSG00000133069		225	15978	rs2369633-T	rs2369633	0	2369633	regulatory_region_variant	1	0.0831	1E-8	8.0		1.0951	NR	Affymetrix, Illumina [NR] (imputed)	N	cutaneous melanoma	http://purl.obolibrary.org/obo/MONDO_0005012	GCST010304	Genome-wide genotyping array
2020-07-23	32341527	Landi MT	2020-04-27	Nat Genet	www.ncbi.nlm.nih.gov/pubmed/32341527	Genome-wide association meta-analyses combining multiple risk phenotypes provide insights into the genetic architecture of cutaneous melanoma susceptibility.	Cutaneous malignant melanoma	36,760 European ancestry cases, 375,188 European ancestry controls	NA	11q13.3	11	69566130	CCND1	LINC01488 - PNCRNA-D	ENSG00000285094	ENSG00000298300		71178	73004	rs4354713-A	rs4354713	0	4354713	intergenic_variant	1	0.3557	9E-21	20.045757490560675		1.0969	NR	Affymetrix, Illumina [NR] (imputed)	N	cutaneous melanoma	http://purl.obolibrary.org/obo/MONDO_0005012	GCST010304	Genome-wide genotyping array
2020-07-23	32341527	Landi MT	2020-04-27	Nat Genet	www.ncbi.nlm.nih.gov/pubmed/32341527	Genome-wide association meta-analyses combining multiple risk phenotypes provide insights into the genetic architecture of cutaneous melanoma susceptibility.	Cutaneous malignant melanoma	36,760 European ancestry cases, 375,188 European ancestry controls	NA	6p22.3	6	22719150	RP1-309H15.2	LINC03005 - RPL6P18	ENSG00000306913	ENSG00000218476		1153	383530	rs72834823-T	rs72834823	0	72834823	intergenic_variant	1	0.8185	1E-12	12.0		1.0972	NR	Affymetrix, Illumina [NR] (imputed)	N	cutaneous melanoma	http://purl.obolibrary.org/obo/MONDO_0005012	GCST010304	Genome-wide genotyping array
2020-07-23	32341527	Landi MT	2020-04-27	Nat Genet	www.ncbi.nlm.nih.gov/pubmed/32341527	Genome-wide association meta-analyses combining multiple risk phenotypes provide insights into the genetic architecture of cutaneous melanoma susceptibility.	Cutaneous malignant melanoma	36,760 European ancestry cases, 375,188 European ancestry controls	NA	22q13.1	22	38149935	BAIAP2L2	PLA2G6			ENSG00000184381			rs132941-T	rs132941	0	132941	non_coding_transcript_exon_variant	0	0.548922	9E-23	22.045757490560675		1.0995	NR	Affymetrix, Illumina [NR] (imputed)	N	cutaneous melanoma	http://purl.obolibrary.org/obo/MONDO_0005012	GCST010304	Genome-wide genotyping array
2020-07-23	32341527	Landi MT	2020-04-27	Nat Genet	www.ncbi.nlm.nih.gov/pubmed/32341527	Genome-wide association meta-analyses combining multiple risk phenotypes provide insights into the genetic architecture of cutaneous melanoma susceptibility.	Cutaneous malignant melanoma	36,760 European ancestry cases, 375,188 European ancestry controls	NA	2p22.2	2	38070996	CYP1B1	CYP1B1			ENSG00000138061			rs1800440-T	rs1800440	0	1800440	missense_variant	0	0.8243	7E-15	14.154901959985743		1.1018	NR	Affymetrix, Illumina [NR] (imputed)	N	cutaneous melanoma	http://purl.obolibrary.org/obo/MONDO_0005012	GCST010304	Genome-wide genotyping array
2020-07-23	32341527	Landi MT	2020-04-27	Nat Genet	www.ncbi.nlm.nih.gov/pubmed/32341527	Genome-wide association meta-analyses combining multiple risk phenotypes provide insights into the genetic architecture of cutaneous melanoma susceptibility.	Cutaneous malignant melanoma	36,760 European ancestry cases, 375,188 European ancestry controls	NA	9q31.2	9	106292136	RP11-308N19.1	LINC01505			ENSG00000234323			rs10739220-C	rs10739220	0	10739220	intron_variant	0	0.2604	1E-18	18.0		1.1036	NR	Affymetrix, Illumina [NR] (imputed)	N	cutaneous melanoma	http://purl.obolibrary.org/obo/MONDO_0005012	GCST010304	Genome-wide genotyping array
2020-07-23	32341527	Landi MT	2020-04-27	Nat Genet	www.ncbi.nlm.nih.gov/pubmed/32341527	Genome-wide association meta-analyses combining multiple risk phenotypes provide insights into the genetic architecture of cutaneous melanoma susceptibility.	Cutaneous malignant melanoma	36,760 European ancestry cases, 375,188 European ancestry controls	NA	9p21.3	9	22067911	CDKN2B-AS1	CDKN2B-AS1			ENSG00000240498			rs75883022-T	rs75883022	0	75883022	intron_variant	0	0.0211	7E-13	12.154901959985743		1.2615113	NR	Affymetrix, Illumina [NR] (imputed)	N	cutaneous melanoma	http://purl.obolibrary.org/obo/MONDO_0005012	GCST010304	Genome-wide genotyping array
2020-07-23	32341527	Landi MT	2020-04-27	Nat Genet	www.ncbi.nlm.nih.gov/pubmed/32341527	Genome-wide association meta-analyses combining multiple risk phenotypes provide insights into the genetic architecture of cutaneous melanoma susceptibility.	Cutaneous malignant melanoma	36,760 European ancestry cases, 375,188 European ancestry controls	NA	20q13.33	20	63660414	RTEL1	RTEL1, RTEL1-TNFRSF6B			ENSG00000258366, ENSG00000026036			rs143190905-G	rs143190905	0	143190905	intron_variant	0	0.9069	7E-13	12.154901959985743		1.1454	NR	Affymetrix, Illumina [NR] (imputed)	N	cutaneous melanoma	http://purl.obolibrary.org/obo/MONDO_0005012	GCST010304	Genome-wide genotyping array
2020-07-23	32341527	Landi MT	2020-04-27	Nat Genet	www.ncbi.nlm.nih.gov/pubmed/32341527	Genome-wide association meta-analyses combining multiple risk phenotypes provide insights into the genetic architecture of cutaneous melanoma susceptibility.	Cutaneous malignant melanoma	36,760 European ancestry cases, 375,188 European ancestry controls	NA	11q14.3	11	89284793	TYR	TYR			ENSG00000077498			rs1126809-A	rs1126809	0	1126809	missense_variant	0	0.2428	4E-70	69.39794000867204		1.2012012	NR	Affymetrix, Illumina [NR] (imputed)	N	cutaneous melanoma	http://purl.obolibrary.org/obo/MONDO_0005012	GCST010304	Genome-wide genotyping array
2020-07-23	32341527	Landi MT	2020-04-27	Nat Genet	www.ncbi.nlm.nih.gov/pubmed/32341527	Genome-wide association meta-analyses combining multiple risk phenotypes provide insights into the genetic architecture of cutaneous melanoma susceptibility.	Cutaneous malignant melanoma	36,760 European ancestry cases, 375,188 European ancestry controls	NA	9p21.3	9	22005331	CDKN2B	CDKN2B, CDKN2B-AS1			ENSG00000147883, ENSG00000240498			rs3217986-G	rs3217986	0	3217986	3_prime_UTR_variant	0	0.0869	4E-22	21.397940008672037		1.1720581	NR	Affymetrix, Illumina [NR] (imputed)	N	cutaneous melanoma	http://purl.obolibrary.org/obo/MONDO_0005012	GCST010304	Genome-wide genotyping array
2020-07-23	32341527	Landi MT	2020-04-27	Nat Genet	www.ncbi.nlm.nih.gov/pubmed/32341527	Genome-wide association meta-analyses combining multiple risk phenotypes provide insights into the genetic architecture of cutaneous melanoma susceptibility.	Cutaneous malignant melanoma	36,760 European ancestry cases, 375,188 European ancestry controls	NA	10q24.33	10	103934543	OBFC1	STN1 - SLK	ENSG00000107960	ENSG00000065613		15781	32373	rs7902587-T	rs7902587	0	7902587	intron_variant	1	0.0962	3E-23	22.522878745280337		1.167815	NR	Affymetrix, Illumina [NR] (imputed)	N	cutaneous melanoma	http://purl.obolibrary.org/obo/MONDO_0005012	GCST010304	Genome-wide genotyping array
2020-07-23	32341527	Landi MT	2020-04-27	Nat Genet	www.ncbi.nlm.nih.gov/pubmed/32341527	Genome-wide association meta-analyses combining multiple risk phenotypes provide insights into the genetic architecture of cutaneous melanoma susceptibility.	Cutaneous malignant melanoma	36,760 European ancestry cases, 375,188 European ancestry controls	NA	15q13.1	15	27961477	RPL5P32	OCA2			ENSG00000104044			rs141514981-T	rs141514981	0	141514981	intron_variant	0	0.0306	5E-8	7.301029995663981		1.1664529	NR	Affymetrix, Illumina [NR] (imputed)	N	cutaneous melanoma	http://purl.obolibrary.org/obo/MONDO_0005012	GCST010304	Genome-wide genotyping array
2020-07-23	32341527	Landi MT	2020-04-27	Nat Genet	www.ncbi.nlm.nih.gov/pubmed/32341527	Genome-wide association meta-analyses combining multiple risk phenotypes provide insights into the genetic architecture of cutaneous melanoma susceptibility.	Cutaneous malignant melanoma	36,760 European ancestry cases, 375,188 European ancestry controls	NA	1p31.3	1	63261871	LINC00466	LINC00466			ENSG00000224209			rs670318-C	rs670318	0	670318	intron_variant	0	0.9535	1E-8	8.0		1.1566043	NR	Affymetrix, Illumina [NR] (imputed)	N	cutaneous melanoma	http://purl.obolibrary.org/obo/MONDO_0005012	GCST010304	Genome-wide genotyping array
2020-07-23	32341527	Landi MT	2020-04-27	Nat Genet	www.ncbi.nlm.nih.gov/pubmed/32341527	Genome-wide association meta-analyses combining multiple risk phenotypes provide insights into the genetic architecture of cutaneous melanoma susceptibility.	Cutaneous malignant melanoma	36,760 European ancestry cases, 375,188 European ancestry controls	NA	5p15.33	5	1323097	CLPTM1L	CLPTM1L			ENSG00000049656			rs13178866-T	rs13178866	0	13178866	intron_variant	0	0.4462	1E-43	43.0		1.1424655	NR	Affymetrix, Illumina [NR] (imputed)	N	cutaneous melanoma	http://purl.obolibrary.org/obo/MONDO_0005012	GCST010304	Genome-wide genotyping array
2020-07-23	32341527	Landi MT	2020-04-27	Nat Genet	www.ncbi.nlm.nih.gov/pubmed/32341527	Genome-wide association meta-analyses combining multiple risk phenotypes provide insights into the genetic architecture of cutaneous melanoma susceptibility.	Cutaneous malignant melanoma	36,760 European ancestry cases, 375,188 European ancestry controls	NA	15q13.1	15	28120472	HERC2	HERC2			ENSG00000128731			rs12913832-G	rs12913832	0	12913832	intron_variant	0	0.665	2E-23	22.69897000433602		1.128923	NR	Affymetrix, Illumina [NR] (imputed)	N	cutaneous melanoma	http://purl.obolibrary.org/obo/MONDO_0005012	GCST010304	Genome-wide genotyping array
2020-07-23	32341527	Landi MT	2020-04-27	Nat Genet	www.ncbi.nlm.nih.gov/pubmed/32341527	Genome-wide association meta-analyses combining multiple risk phenotypes provide insights into the genetic architecture of cutaneous melanoma susceptibility.	Cutaneous malignant melanoma	36,760 European ancestry cases, 375,188 European ancestry controls	NA	10q25.2	10	110130021	MXI1	ADD3			ENSG00000148700			rs11194997-?	rs11194997	0	11194997	intron_variant	0	NR	3E-6	5.522878745280337				Affymetrix, Illumina [NR] (imputed)	N	cutaneous melanoma	http://purl.obolibrary.org/obo/MONDO_0005012	GCST010304	Genome-wide genotyping array
2020-07-23	32341527	Landi MT	2020-04-27	Nat Genet	www.ncbi.nlm.nih.gov/pubmed/32341527	Genome-wide association meta-analyses combining multiple risk phenotypes provide insights into the genetic architecture of cutaneous melanoma susceptibility.	Cutaneous malignant melanoma	36,760 European ancestry cases, 375,188 European ancestry controls	NA	12q24.21	12	116142486	MIR620	MED13L			ENSG00000123066			rs113469387-A	rs113469387	0	113469387	intron_variant	0	0.0931	9E-10	9.045757490560675		1.0975744	NR	Affymetrix, Illumina [NR] (imputed)	N	cutaneous melanoma	http://purl.obolibrary.org/obo/MONDO_0005012	GCST010304	Genome-wide genotyping array
2020-07-23	32341527	Landi MT	2020-04-27	Nat Genet	www.ncbi.nlm.nih.gov/pubmed/32341527	Genome-wide association meta-analyses combining multiple risk phenotypes provide insights into the genetic architecture of cutaneous melanoma susceptibility.	Cutaneous malignant melanoma	36,760 European ancestry cases, 375,188 European ancestry controls	NA	6p22.3	6	21163688	CDKAL1	CDKAL1			ENSG00000145996			rs6914598-C	rs6914598	0	6914598	intron_variant	0	0.3173	1E-18	18.0		1.0968521	NR	Affymetrix, Illumina [NR] (imputed)	N	cutaneous melanoma	http://purl.obolibrary.org/obo/MONDO_0005012	GCST010304	Genome-wide genotyping array
2020-07-23	32341527	Landi MT	2020-04-27	Nat Genet	www.ncbi.nlm.nih.gov/pubmed/32341527	Genome-wide association meta-analyses combining multiple risk phenotypes provide insights into the genetic architecture of cutaneous melanoma susceptibility.	Cutaneous malignant melanoma	36,760 European ancestry cases, 375,188 European ancestry controls	NA	1q21.3	1	155022502	DCST2	DCST2			ENSG00000163354			rs76798800-T	rs76798800	0	76798800	intron_variant	0	0.2468	4E-15	14.397940008672037		1.0900371	NR	Affymetrix, Illumina [NR] (imputed)	N	cutaneous melanoma	http://purl.obolibrary.org/obo/MONDO_0005012	GCST010304	Genome-wide genotyping array
2020-07-23	32341527	Landi MT	2020-04-27	Nat Genet	www.ncbi.nlm.nih.gov/pubmed/32341527	Genome-wide association meta-analyses combining multiple risk phenotypes provide insights into the genetic architecture of cutaneous melanoma susceptibility.	Nevus count or cutaneous melanoma	36,760 European ancestry cutaneous melanoma cases, 375,188 European ancestry controls, 12,930 European ancestry individuals, 52,847 individuals	NA	14q24.1	14	68760214	RNU6-921P	RNU6-921P - ZFP36L1	ENSG00000207089	ENSG00000185650		24186	27441	rs11625064-T	rs11625064	0	11625064	intron_variant	1	0.633616	2E-10	9.698970004336019				Affymetrix, Illumina [NR] (imputed)	N	cutaneous melanoma, nevus count	http://purl.obolibrary.org/obo/MONDO_0005012, http://www.ebi.ac.uk/efo/EFO_0004632	GCST010303	Genome-wide genotyping array
2020-07-23	32341527	Landi MT	2020-04-27	Nat Genet	www.ncbi.nlm.nih.gov/pubmed/32341527	Genome-wide association meta-analyses combining multiple risk phenotypes provide insights into the genetic architecture of cutaneous melanoma susceptibility.	Nevus count or cutaneous melanoma	36,760 European ancestry cutaneous melanoma cases, 375,188 European ancestry controls, 12,930 European ancestry individuals, 52,847 individuals	NA	6p12.3	6	50822929	TFAP2B	TFAP2B			ENSG00000008196			rs2857482-C	rs2857482	0	2857482	intron_variant	0	0.892809	3E-10	9.522878745280337				Affymetrix, Illumina [NR] (imputed)	N	cutaneous melanoma, nevus count	http://purl.obolibrary.org/obo/MONDO_0005012, http://www.ebi.ac.uk/efo/EFO_0004632	GCST010303	Genome-wide genotyping array
2020-07-23	32341527	Landi MT	2020-04-27	Nat Genet	www.ncbi.nlm.nih.gov/pubmed/32341527	Genome-wide association meta-analyses combining multiple risk phenotypes provide insights into the genetic architecture of cutaneous melanoma susceptibility.	Nevus count or cutaneous melanoma	36,760 European ancestry cutaneous melanoma cases, 375,188 European ancestry controls, 12,930 European ancestry individuals, 52,847 individuals	NA	9p23	9	12599561	TYRP1	RNU2-47P - LURAP1L-AS1	ENSG00000222581	ENSG00000235448		299110	31873	rs13283146-C	rs13283146	0	13283146	intergenic_variant	1	0.368047	3E-10	9.522878745280337				Affymetrix, Illumina [NR] (imputed)	N	cutaneous melanoma, nevus count	http://purl.obolibrary.org/obo/MONDO_0005012, http://www.ebi.ac.uk/efo/EFO_0004632	GCST010303	Genome-wide genotyping array
2020-07-23	32341527	Landi MT	2020-04-27	Nat Genet	www.ncbi.nlm.nih.gov/pubmed/32341527	Genome-wide association meta-analyses combining multiple risk phenotypes provide insights into the genetic architecture of cutaneous melanoma susceptibility.	Nevus count or cutaneous melanoma	36,760 European ancestry cutaneous melanoma cases, 375,188 European ancestry controls, 12,930 European ancestry individuals, 52,847 individuals	NA	2q37.3	2	239143660	AC017028.1	HDAC4			ENSG00000068024			rs11677464-A	rs11677464	0	11677464	intron_variant	0	0.9043271	1E-9	9.0				Affymetrix, Illumina [NR] (imputed)	N	cutaneous melanoma, nevus count	http://purl.obolibrary.org/obo/MONDO_0005012, http://www.ebi.ac.uk/efo/EFO_0004632	GCST010303	Genome-wide genotyping array
2020-07-23	32341527	Landi MT	2020-04-27	Nat Genet	www.ncbi.nlm.nih.gov/pubmed/32341527	Genome-wide association meta-analyses combining multiple risk phenotypes provide insights into the genetic architecture of cutaneous melanoma susceptibility.	Nevus count or cutaneous melanoma	36,760 European ancestry cutaneous melanoma cases, 375,188 European ancestry controls, 12,930 European ancestry individuals, 52,847 individuals	NA	8p21.3	8	22105857	FAM160B2	NUDT18			ENSG00000275074			rs56953221-G	rs56953221	0	56953221	3_prime_UTR_variant	0	0.132415	2E-9	8.698970004336019				Affymetrix, Illumina [NR] (imputed)	N	cutaneous melanoma, nevus count	http://purl.obolibrary.org/obo/MONDO_0005012, http://www.ebi.ac.uk/efo/EFO_0004632	GCST010303	Genome-wide genotyping array
2020-07-23	32341527	Landi MT	2020-04-27	Nat Genet	www.ncbi.nlm.nih.gov/pubmed/32341527	Genome-wide association meta-analyses combining multiple risk phenotypes provide insights into the genetic architecture of cutaneous melanoma susceptibility.	Nevus count or cutaneous melanoma	36,760 European ancestry cutaneous melanoma cases, 375,188 European ancestry controls, 12,930 European ancestry individuals, 52,847 individuals	NA	6p22.3	6	15503465	JARID2	JARID2			ENSG00000008083			rs10949304-G	rs10949304	0	10949304	intron_variant	0	0.548737	5E-9	8.301029995663981				Affymetrix, Illumina [NR] (imputed)	N	cutaneous melanoma, nevus count	http://purl.obolibrary.org/obo/MONDO_0005012, http://www.ebi.ac.uk/efo/EFO_0004632	GCST010303	Genome-wide genotyping array
2020-07-23	32341527	Landi MT	2020-04-27	Nat Genet	www.ncbi.nlm.nih.gov/pubmed/32341527	Genome-wide association meta-analyses combining multiple risk phenotypes provide insights into the genetic architecture of cutaneous melanoma susceptibility.	Nevus count or cutaneous melanoma	36,760 European ancestry cutaneous melanoma cases, 375,188 European ancestry controls, 12,930 European ancestry individuals, 52,847 individuals	NA	19p13.3	19	3353624	MFSD12	NFIC			ENSG00000141905			rs34466956-C	rs34466956	0	34466956	intron_variant	0	0.438882	2E-9	8.698970004336019				Affymetrix, Illumina [NR] (imputed)	N	cutaneous melanoma, nevus count	http://purl.obolibrary.org/obo/MONDO_0005012, http://www.ebi.ac.uk/efo/EFO_0004632	GCST010303	Genome-wide genotyping array
2020-07-23	32341527	Landi MT	2020-04-27	Nat Genet	www.ncbi.nlm.nih.gov/pubmed/32341527	Genome-wide association meta-analyses combining multiple risk phenotypes provide insights into the genetic architecture of cutaneous melanoma susceptibility.	Nevus count or cutaneous melanoma	36,760 European ancestry cutaneous melanoma cases, 375,188 European ancestry controls, 12,930 European ancestry individuals, 52,847 individuals	NA	3p13	3	69867486	MITF	MITF			ENSG00000187098			rs2320172-T	rs2320172	0	2320172	intron_variant	0	0.9360949	1E-9	9.0				Affymetrix, Illumina [NR] (imputed)	N	cutaneous melanoma, nevus count	http://purl.obolibrary.org/obo/MONDO_0005012, http://www.ebi.ac.uk/efo/EFO_0004632	GCST010303	Genome-wide genotyping array
2020-07-23	32341527	Landi MT	2020-04-27	Nat Genet	www.ncbi.nlm.nih.gov/pubmed/32341527	Genome-wide association meta-analyses combining multiple risk phenotypes provide insights into the genetic architecture of cutaneous melanoma susceptibility.	Nevus count or cutaneous melanoma	36,760 European ancestry cutaneous melanoma cases, 375,188 European ancestry controls, 12,930 European ancestry individuals, 52,847 individuals	NA	16q23.3	16	82133588	MPHOSPH6	HSD17B2-AS1			ENSG00000261235			rs6564982-C	rs6564982	0	6564982	intron_variant	0	0.215845	2E-9	8.698970004336019				Affymetrix, Illumina [NR] (imputed)	N	cutaneous melanoma, nevus count	http://purl.obolibrary.org/obo/MONDO_0005012, http://www.ebi.ac.uk/efo/EFO_0004632	GCST010303	Genome-wide genotyping array
2020-07-23	32341527	Landi MT	2020-04-27	Nat Genet	www.ncbi.nlm.nih.gov/pubmed/32341527	Genome-wide association meta-analyses combining multiple risk phenotypes provide insights into the genetic architecture of cutaneous melanoma susceptibility.	Nevus count or cutaneous melanoma	36,760 European ancestry cutaneous melanoma cases, 375,188 European ancestry controls, 12,930 European ancestry individuals, 52,847 individuals	NA	22q13.33	22	50283979	PLXNB2	PLXNB2			ENSG00000196576			rs79966207-T	rs79966207	0	79966207	missense_variant	0	0.84923	9E-9	8.045757490560675				Affymetrix, Illumina [NR] (imputed)	N	cutaneous melanoma, nevus count	http://purl.obolibrary.org/obo/MONDO_0005012, http://www.ebi.ac.uk/efo/EFO_0004632	GCST010303	Genome-wide genotyping array
2020-07-23	32341527	Landi MT	2020-04-27	Nat Genet	www.ncbi.nlm.nih.gov/pubmed/32341527	Genome-wide association meta-analyses combining multiple risk phenotypes provide insights into the genetic architecture of cutaneous melanoma susceptibility.	Nevus count or cutaneous melanoma	36,760 European ancestry cutaneous melanoma cases, 375,188 European ancestry controls, 12,930 European ancestry individuals, 52,847 individuals	NA	9q34.13	9	131595877	RAPGEF1	RAPGEF1			ENSG00000107263			rs875968-C	rs875968	0	875968	intron_variant	0	0.655128	3E-9	8.522878745280337				Affymetrix, Illumina [NR] (imputed)	N	cutaneous melanoma, nevus count	http://purl.obolibrary.org/obo/MONDO_0005012, http://www.ebi.ac.uk/efo/EFO_0004632	GCST010303	Genome-wide genotyping array
2020-07-23	32341527	Landi MT	2020-04-27	Nat Genet	www.ncbi.nlm.nih.gov/pubmed/32341527	Genome-wide association meta-analyses combining multiple risk phenotypes provide insights into the genetic architecture of cutaneous melanoma susceptibility.	Nevus count or cutaneous melanoma	36,760 European ancestry cutaneous melanoma cases, 375,188 European ancestry controls, 12,930 European ancestry individuals, 52,847 individuals	NA	16q12.2	16	55288820	RN7SL841P	MTND5P34 - RN7SL841P	ENSG00000260147	ENSG00000239555		280514	2559	rs12930459-A	rs12930459	0	12930459	intron_variant	1	0.818278	5E-9	8.301029995663981				Affymetrix, Illumina [NR] (imputed)	N	cutaneous melanoma, nevus count	http://purl.obolibrary.org/obo/MONDO_0005012, http://www.ebi.ac.uk/efo/EFO_0004632	GCST010303	Genome-wide genotyping array
2020-07-23	32341527	Landi MT	2020-04-27	Nat Genet	www.ncbi.nlm.nih.gov/pubmed/32341527	Genome-wide association meta-analyses combining multiple risk phenotypes provide insights into the genetic architecture of cutaneous melanoma susceptibility.	Nevus count or cutaneous melanoma	36,760 European ancestry cutaneous melanoma cases, 375,188 European ancestry controls, 12,930 European ancestry individuals, 52,847 individuals	NA	6p25.3	6	1142496	AL033381.1	LINC01622 - FOXQ1	ENSG00000286785	ENSG00000164379		41074	169602	rs10214796-G	rs10214796	0	10214796	intron_variant	1	0.710071	4E-8	7.3979400086720375				Affymetrix, Illumina [NR] (imputed)	N	cutaneous melanoma, nevus count	http://purl.obolibrary.org/obo/MONDO_0005012, http://www.ebi.ac.uk/efo/EFO_0004632	GCST010303	Genome-wide genotyping array
2020-07-23	32341527	Landi MT	2020-04-27	Nat Genet	www.ncbi.nlm.nih.gov/pubmed/32341527	Genome-wide association meta-analyses combining multiple risk phenotypes provide insights into the genetic architecture of cutaneous melanoma susceptibility.	Nevus count or cutaneous melanoma	36,760 European ancestry cutaneous melanoma cases, 375,188 European ancestry controls, 12,930 European ancestry individuals, 52,847 individuals	NA	11p15.5	11	419994	ANO9	ANO9			ENSG00000185101			rs12418575-C	rs12418575	0	12418575	intron_variant	0	0.1915	3E-8	7.522878745280337				Affymetrix, Illumina [NR] (imputed)	N	cutaneous melanoma, nevus count	http://purl.obolibrary.org/obo/MONDO_0005012, http://www.ebi.ac.uk/efo/EFO_0004632	GCST010303	Genome-wide genotyping array
2020-07-23	32341527	Landi MT	2020-04-27	Nat Genet	www.ncbi.nlm.nih.gov/pubmed/32341527	Genome-wide association meta-analyses combining multiple risk phenotypes provide insights into the genetic architecture of cutaneous melanoma susceptibility.	Nevus count or cutaneous melanoma	36,760 European ancestry cutaneous melanoma cases, 375,188 European ancestry controls, 12,930 European ancestry individuals, 52,847 individuals	NA	12q21.32	12	88442438	Y_RNA	Y_RNA - KITLG	ENSG00000200544	ENSG00000049130		11888	50351	rs7487314-G	rs7487314	0	7487314	intergenic_variant	1	0.306652	2E-8	7.698970004336019				Affymetrix, Illumina [NR] (imputed)	N	cutaneous melanoma, nevus count	http://purl.obolibrary.org/obo/MONDO_0005012, http://www.ebi.ac.uk/efo/EFO_0004632	GCST010303	Genome-wide genotyping array
2025-07-29	40465716	Liu TY	2025-06-04	Sci Adv	www.ncbi.nlm.nih.gov/pubmed/40465716	Diversity and longitudinal records: Genetic architecture of disease associations and polygenic risk in the Taiwanese Han population.	Other non-epithelial cancer of skin (PheCode 172.2)	293 Han Taiwanese ancestry cases, 237,002 Han Taiwanese ancestry controls	NA	4q31.3	4	153166791		TRIM2			ENSG00000109654			rs4696433-?	rs4696433	0	4696433	intron_variant	0	NR	2E-7	6.698970004336019				Affymetrix [14181206] (imputed)	N	skin cancer	http://purl.obolibrary.org/obo/MONDO_0002898	GCST90651978	Genome-wide genotyping array
2025-09-10	40789849	Yang C	2025-08-11	Nat Commun	www.ncbi.nlm.nih.gov/pubmed/40789849	European and African ancestry-specific plasma protein-QTL and metabolite-QTL analyses identify ancestry-specific T2D effector proteins and metabolites.	Melanoma-associated antigen 10 protein level	2,338 European ancestry individuals	NA											chr17:66214462-C	chr17:66214462	0			1	NR	1E-14	14.0		0.0813201	[0.061-0.102] unit increase	NR [10448203] (imputed)	N	level of melanoma-associated antigen 10 in blood serum	http://purl.obolibrary.org/obo/OBA_2042264	GCST90618088	Genome-wide genotyping array
2025-09-10	40789849	Yang C	2025-08-11	Nat Commun	www.ncbi.nlm.nih.gov/pubmed/40789849	European and African ancestry-specific plasma protein-QTL and metabolite-QTL analyses identify ancestry-specific T2D effector proteins and metabolites.	Melanoma-derived growth regulatory protein protein level	414 African American or Afro-Caribbean individuals	NA											chr19:40776370-C	chr19:40776370	0			1	NR	1E-27	27.0		0.184111	[0.15-0.21] unit increase	NR [10448203] (imputed)	N	melanoma-derived growth regulatory protein  level	http://purl.obolibrary.org/obo/OBA_2050157	GCST90612821	Genome-wide genotyping array
2025-09-10	40789849	Yang C	2025-08-11	Nat Commun	www.ncbi.nlm.nih.gov/pubmed/40789849	European and African ancestry-specific plasma protein-QTL and metabolite-QTL analyses identify ancestry-specific T2D effector proteins and metabolites.	Preferentially expressed antigen of melanoma protein level	414 African American or Afro-Caribbean individuals	NA											chr6:35627064-T	chr6:35627064	0			1	NR	4E-11	10.397940008672037		0.365713	[0.26-0.47] unit increase	NR [10448203] (imputed)	N	level of melanoma antigen preferentially expressed in tumors in blood	http://purl.obolibrary.org/obo/OBA_2050842	GCST90612766	Genome-wide genotyping array
2024-09-20	37794183	Dhindsa RS	2023-10-04	Nature	www.ncbi.nlm.nih.gov/pubmed/37794183	Rare variant associations with plasma protein levels in the UK Biobank.	melanoma-derived growth regulatory protein levels	46,327 European ancestry individuals	NA											chr1:201468704-?	chr1:201468704	0			1	NR	1E-8	8.0	(genotypic)	0.07804659	[0.051187117-0.104906066] unit increase	NR [617073]	N	melanoma-derived growth regulatory protein  level	http://purl.obolibrary.org/obo/OBA_2050157	GCST90433900	Exome-wide sequencing
2024-09-20	37794183	Dhindsa RS	2023-10-04	Nature	www.ncbi.nlm.nih.gov/pubmed/37794183	Rare variant associations with plasma protein levels in the UK Biobank.	melanoma-derived growth regulatory protein levels	46,327 European ancestry individuals	NA											chr19:43718487-?	chr19:43718487	0			1	NR	2E-8	7.698970004336019	(dominant)	1.3079674	[0.854442266-1.761492526] unit increase	NR [617073]	N	melanoma-derived growth regulatory protein  level	http://purl.obolibrary.org/obo/OBA_2050157	GCST90433900	Exome-wide sequencing
2024-09-20	37794183	Dhindsa RS	2023-10-04	Nature	www.ncbi.nlm.nih.gov/pubmed/37794183	Rare variant associations with plasma protein levels in the UK Biobank.	melanoma-derived growth regulatory protein levels	46,327 European ancestry individuals	NA											chr19:38869299-?	chr19:38869299	0			1	NR	9E-8	7.045757490560675	(dominant)	0.9941129	[0.630311421-1.357914361] unit increase	NR [617073]	N	melanoma-derived growth regulatory protein  level	http://purl.obolibrary.org/obo/OBA_2050157	GCST90433900	Exome-wide sequencing
2024-09-20	37794183	Dhindsa RS	2023-10-04	Nature	www.ncbi.nlm.nih.gov/pubmed/37794183	Rare variant associations with plasma protein levels in the UK Biobank.	melanoma-derived growth regulatory protein levels	46,327 European ancestry individuals	NA											chr17:69085137-?	chr17:69085137	0			1	NR	5E-30	29.30102999566398	(genotypic)	0.25399637	[0.210273644-0.297719107] unit increase	NR [617073]	N	melanoma-derived growth regulatory protein  level	http://purl.obolibrary.org/obo/OBA_2050157	GCST90433900	Exome-wide sequencing
2024-09-20	37794183	Dhindsa RS	2023-10-04	Nature	www.ncbi.nlm.nih.gov/pubmed/37794183	Rare variant associations with plasma protein levels in the UK Biobank.	melanoma-derived growth regulatory protein levels	46,327 European ancestry individuals	NA											chr19:40757498-?	chr19:40757498	0			1	NR	1E-300	300.0		1.4497404	[1.427409944-1.472070784] unit increase	NR [617073]	N	melanoma-derived growth regulatory protein  level	http://purl.obolibrary.org/obo/OBA_2050157	GCST90433900	Exome-wide sequencing
2024-09-20	37794183	Dhindsa RS	2023-10-04	Nature	www.ncbi.nlm.nih.gov/pubmed/37794183	Rare variant associations with plasma protein levels in the UK Biobank.	melanoma-derived growth regulatory protein levels	46,327 European ancestry individuals	NA											chr19:40877944-?	chr19:40877944	0			1	NR	1E-300	300.0		0.9872524	[0.952807973-1.021696855] unit increase	NR [617073]	N	melanoma-derived growth regulatory protein  level	http://purl.obolibrary.org/obo/OBA_2050157	GCST90433900	Exome-wide sequencing
2024-09-20	37794183	Dhindsa RS	2023-10-04	Nature	www.ncbi.nlm.nih.gov/pubmed/37794183	Rare variant associations with plasma protein levels in the UK Biobank.	melanoma-derived growth regulatory protein levels	46,327 European ancestry individuals	NA											chr19:41006936-?	chr19:41006936	0			1	NR	7E-130	129.15490195998575	(genotypic)	0.18431126	[0.169461049-0.199161477] unit increase	NR [617073]	N	melanoma-derived growth regulatory protein  level	http://purl.obolibrary.org/obo/OBA_2050157	GCST90433900	Exome-wide sequencing
2024-09-20	37794183	Dhindsa RS	2023-10-04	Nature	www.ncbi.nlm.nih.gov/pubmed/37794183	Rare variant associations with plasma protein levels in the UK Biobank.	melanoma-derived growth regulatory protein levels	46,327 European ancestry individuals	NA											chr19:41397356-?	chr19:41397356	0			1	NR	3E-49	48.52287874528034	(genotypic)	0.27970392	[0.242580394-0.316827451] unit increase	NR [617073]	N	melanoma-derived growth regulatory protein  level	http://purl.obolibrary.org/obo/OBA_2050157	GCST90433900	Exome-wide sequencing
2024-09-20	37794183	Dhindsa RS	2023-10-04	Nature	www.ncbi.nlm.nih.gov/pubmed/37794183	Rare variant associations with plasma protein levels in the UK Biobank.	melanoma-derived growth regulatory protein levels	46,327 European ancestry individuals	NA											chr19:40504075-?	chr19:40504075	0			1	NR	5E-36	35.30102999566398	(genotypic)	0.12979464	[-0.150076123--0.109513156] unit decrease	NR [617073]	N	melanoma-derived growth regulatory protein  level	http://purl.obolibrary.org/obo/OBA_2050157	GCST90433900	Exome-wide sequencing
2024-09-20	37794183	Dhindsa RS	2023-10-04	Nature	www.ncbi.nlm.nih.gov/pubmed/37794183	Rare variant associations with plasma protein levels in the UK Biobank.	melanoma-derived growth regulatory protein levels	46,327 European ancestry individuals	NA											chr19:41720944-?	chr19:41720944	0			1	NR	4E-28	27.397940008672037	(genotypic)	0.2140486	[0.175934751-0.252162442] unit increase	NR [617073]	N	melanoma-derived growth regulatory protein  level	http://purl.obolibrary.org/obo/OBA_2050157	GCST90433900	Exome-wide sequencing
2024-09-20	37794183	Dhindsa RS	2023-10-04	Nature	www.ncbi.nlm.nih.gov/pubmed/37794183	Rare variant associations with plasma protein levels in the UK Biobank.	melanoma-derived growth regulatory protein levels	46,327 European ancestry individuals	NA											chr19:42370749-?	chr19:42370749	0			1	NR	7E-22	21.154901959985743	(genotypic)	0.1924801	[0.153250808-0.2317094] unit increase	NR [617073]	N	melanoma-derived growth regulatory protein  level	http://purl.obolibrary.org/obo/OBA_2050157	GCST90433900	Exome-wide sequencing
2024-09-20	37794183	Dhindsa RS	2023-10-04	Nature	www.ncbi.nlm.nih.gov/pubmed/37794183	Rare variant associations with plasma protein levels in the UK Biobank.	melanoma-derived growth regulatory protein levels	46,327 European ancestry individuals	NA											chr17:69253570-?	chr17:69253570	0			1	NR	1E-20	20.0	(dominant)	0.20131232	[0.158920765-0.243703885] unit increase	NR [617073]	N	melanoma-derived growth regulatory protein  level	http://purl.obolibrary.org/obo/OBA_2050157	GCST90433900	Exome-wide sequencing
2024-09-20	37794183	Dhindsa RS	2023-10-04	Nature	www.ncbi.nlm.nih.gov/pubmed/37794183	Rare variant associations with plasma protein levels in the UK Biobank.	melanoma-derived growth regulatory protein levels	46,327 European ancestry individuals	NA											chr19:41116202-?	chr19:41116202	0			1	NR	2E-20	19.69897000433602	(genotypic)	0.07697147	[-0.093212356--0.060730583] unit decrease	NR [617073]	N	melanoma-derived growth regulatory protein  level	http://purl.obolibrary.org/obo/OBA_2050157	GCST90433900	Exome-wide sequencing
2024-09-20	37794183	Dhindsa RS	2023-10-04	Nature	www.ncbi.nlm.nih.gov/pubmed/37794183	Rare variant associations with plasma protein levels in the UK Biobank.	melanoma-derived growth regulatory protein levels	46,327 European ancestry individuals	NA											chr19:39532309-?	chr19:39532309	0			1	NR	5E-20	19.30102999566398	(genotypic)	0.3811671	[0.299723777-0.462610475] unit increase	NR [617073]	N	melanoma-derived growth regulatory protein  level	http://purl.obolibrary.org/obo/OBA_2050157	GCST90433900	Exome-wide sequencing
2024-09-20	37794183	Dhindsa RS	2023-10-04	Nature	www.ncbi.nlm.nih.gov/pubmed/37794183	Rare variant associations with plasma protein levels in the UK Biobank.	melanoma-derived growth regulatory protein levels	46,327 European ancestry individuals	NA											chr3:186619924-?	chr3:186619924	0			1	NR	2E-17	16.69897000433602	(genotypic)	0.057799377	[0.044451851-0.071146905] unit increase	NR [617073]	N	melanoma-derived growth regulatory protein  level	http://purl.obolibrary.org/obo/OBA_2050157	GCST90433900	Exome-wide sequencing
2024-09-20	37794183	Dhindsa RS	2023-10-04	Nature	www.ncbi.nlm.nih.gov/pubmed/37794183	Rare variant associations with plasma protein levels in the UK Biobank.	melanoma-derived growth regulatory protein levels	46,327 European ancestry individuals	NA											chr19:40613923-?	chr19:40613923	0			1	NR	5E-16	15.301029995663981	(genotypic)	0.09328477	[-0.115846405--0.070723137] unit decrease	NR [617073]	N	melanoma-derived growth regulatory protein  level	http://purl.obolibrary.org/obo/OBA_2050157	GCST90433900	Exome-wide sequencing
2024-09-20	37794183	Dhindsa RS	2023-10-04	Nature	www.ncbi.nlm.nih.gov/pubmed/37794183	Rare variant associations with plasma protein levels in the UK Biobank.	melanoma-derived growth regulatory protein levels	46,327 European ancestry individuals	NA											chr19:42091904-?	chr19:42091904	0			1	NR	3E-13	12.522878745280337	(genotypic)	0.09440045	[0.069037318-0.119763583] unit increase	NR [617073]	N	melanoma-derived growth regulatory protein  level	http://purl.obolibrary.org/obo/OBA_2050157	GCST90433900	Exome-wide sequencing
2024-09-20	37794183	Dhindsa RS	2023-10-04	Nature	www.ncbi.nlm.nih.gov/pubmed/37794183	Rare variant associations with plasma protein levels in the UK Biobank.	melanoma-derived growth regulatory protein levels	46,327 European ancestry individuals	NA											chr19:40380388-?	chr19:40380388	0			1	NR	4E-13	12.397940008672037	(dominant)	1.0381958	[0.757527424-1.318864357] unit increase	NR [617073]	N	melanoma-derived growth regulatory protein  level	http://purl.obolibrary.org/obo/OBA_2050157	GCST90433900	Exome-wide sequencing
2024-09-20	37794183	Dhindsa RS	2023-10-04	Nature	www.ncbi.nlm.nih.gov/pubmed/37794183	Rare variant associations with plasma protein levels in the UK Biobank.	melanoma-derived growth regulatory protein levels	46,327 European ancestry individuals	NA											chr19:40192534-?	chr19:40192534	0			1	NR	6E-13	12.221848749616356	(dominant)	0.54514116	[0.396918408-0.693363903] unit increase	NR [617073]	N	melanoma-derived growth regulatory protein  level	http://purl.obolibrary.org/obo/OBA_2050157	GCST90433900	Exome-wide sequencing
2024-09-20	37794183	Dhindsa RS	2023-10-04	Nature	www.ncbi.nlm.nih.gov/pubmed/37794183	Rare variant associations with plasma protein levels in the UK Biobank.	melanoma-derived growth regulatory protein levels	46,327 European ancestry individuals	NA											chr19:40014559-?	chr19:40014559	0			1	NR	2E-12	11.698970004336019	(dominant)	0.86643094	[0.625842208-1.107019618] unit increase	NR [617073]	N	melanoma-derived growth regulatory protein  level	http://purl.obolibrary.org/obo/OBA_2050157	GCST90433900	Exome-wide sequencing
2024-09-20	37794183	Dhindsa RS	2023-10-04	Nature	www.ncbi.nlm.nih.gov/pubmed/37794183	Rare variant associations with plasma protein levels in the UK Biobank.	melanoma-derived growth regulatory protein levels	46,327 European ancestry individuals	NA											chr19:41219366-?	chr19:41219366	0			1	NR	5E-12	11.301029995663981	(genotypic)	0.044947166	[-0.057712972--0.032181362] unit decrease	NR [617073]	N	melanoma-derived growth regulatory protein  level	http://purl.obolibrary.org/obo/OBA_2050157	GCST90433900	Exome-wide sequencing
2024-09-20	37794183	Dhindsa RS	2023-10-04	Nature	www.ncbi.nlm.nih.gov/pubmed/37794183	Rare variant associations with plasma protein levels in the UK Biobank.	melanoma-derived growth regulatory protein levels	46,327 European ancestry individuals	NA											chr19:39315231-?	chr19:39315231	0			1	NR	1E-11	11.0	(dominant)	0.6329182	[0.449302193-0.816534186] unit increase	NR [617073]	N	melanoma-derived growth regulatory protein  level	http://purl.obolibrary.org/obo/OBA_2050157	GCST90433900	Exome-wide sequencing
2024-09-20	37794183	Dhindsa RS	2023-10-04	Nature	www.ncbi.nlm.nih.gov/pubmed/37794183	Rare variant associations with plasma protein levels in the UK Biobank.	melanoma-derived growth regulatory protein levels	46,327 European ancestry individuals	NA											chr3:98822272-?	chr3:98822272	0			1	NR	4E-11	10.397940008672037	(genotypic)	0.04529108	[-0.058757069--0.031825095] unit decrease	NR [617073]	N	melanoma-derived growth regulatory protein  level	http://purl.obolibrary.org/obo/OBA_2050157	GCST90433900	Exome-wide sequencing
2024-09-20	37794183	Dhindsa RS	2023-10-04	Nature	www.ncbi.nlm.nih.gov/pubmed/37794183	Rare variant associations with plasma protein levels in the UK Biobank.	melanoma-derived growth regulatory protein levels	46,327 European ancestry individuals	NA											chr19:39914180-?	chr19:39914180	0			1	NR	7E-11	10.154901959985743	(dominant)	0.06182199	[0.043236687-0.08040729] unit increase	NR [617073]	N	melanoma-derived growth regulatory protein  level	http://purl.obolibrary.org/obo/OBA_2050157	GCST90433900	Exome-wide sequencing
2024-09-20	37794183	Dhindsa RS	2023-10-04	Nature	www.ncbi.nlm.nih.gov/pubmed/37794183	Rare variant associations with plasma protein levels in the UK Biobank.	melanoma-derived growth regulatory protein levels	46,327 European ancestry individuals	NA											chr16:20348311-?	chr16:20348311	0			1	NR	2E-10	9.698970004336019	(genotypic)	0.05409368	[-0.070778356--0.037409007] unit decrease	NR [617073]	N	melanoma-derived growth regulatory protein  level	http://purl.obolibrary.org/obo/OBA_2050157	GCST90433900	Exome-wide sequencing
2024-09-20	37794183	Dhindsa RS	2023-10-04	Nature	www.ncbi.nlm.nih.gov/pubmed/37794183	Rare variant associations with plasma protein levels in the UK Biobank.	melanoma-derived growth regulatory protein levels	46,327 European ancestry individuals	NA											chr19:42588881-?	chr19:42588881	0			1	NR	3E-10	9.522878745280337	(genotypic)	0.091625504	[0.063123307-0.120127704] unit increase	NR [617073]	N	melanoma-derived growth regulatory protein  level	http://purl.obolibrary.org/obo/OBA_2050157	GCST90433900	Exome-wide sequencing
2024-09-20	37794183	Dhindsa RS	2023-10-04	Nature	www.ncbi.nlm.nih.gov/pubmed/37794183	Rare variant associations with plasma protein levels in the UK Biobank.	melanoma-derived growth regulatory protein levels	46,327 European ancestry individuals	NA											chr19:44635411-?	chr19:44635411	0			1	NR	5E-9	8.301029995663981	(dominant)	1.0638713	[0.706550227-1.421192313] unit increase	NR [617073]	N	melanoma-derived growth regulatory protein  level	http://purl.obolibrary.org/obo/OBA_2050157	GCST90433900	Exome-wide sequencing
2025-09-10	40789849	Yang C	2025-08-11	Nat Commun	www.ncbi.nlm.nih.gov/pubmed/40789849	European and African ancestry-specific plasma protein-QTL and metabolite-QTL analyses identify ancestry-specific T2D effector proteins and metabolites.	Melanoma-derived growth regulatory protein protein level	2,338 European ancestry individuals	NA											chr19:40763576-C	chr19:40763576	0			1	NR	9E-161	160.04575749056067		0.23536	[0.22-0.25] unit increase	NR [10448203] (imputed)	N	melanoma-derived growth regulatory protein  level	http://purl.obolibrary.org/obo/OBA_2050157	GCST90621211	Genome-wide genotyping array
2025-09-10	40789849	Yang C	2025-08-11	Nat Commun	www.ncbi.nlm.nih.gov/pubmed/40789849	European and African ancestry-specific plasma protein-QTL and metabolite-QTL analyses identify ancestry-specific T2D effector proteins and metabolites.	Melanoma-associated antigen D1 protein level	2,338 European ancestry individuals	NA											chr19:44912921-T	chr19:44912921	0			1	NR	5E-19	18.30102999566398		0.0418244	[0.033-0.051] unit decrease	NR [10448203] (imputed)	N	blood protein amount	http://purl.obolibrary.org/obo/OBA_VT0005416	GCST90619841	Genome-wide genotyping array
2024-09-20	37794183	Dhindsa RS	2023-10-04	Nature	www.ncbi.nlm.nih.gov/pubmed/37794183	Rare variant associations with plasma protein levels in the UK Biobank.	Melanoma-associated antigen 3 levels	46,327 European ancestry individuals	NA											chr3:44997079-?	chr3:44997079	0			1	NR	2E-8	7.698970004336019	(dominant)	2.284347	[-3.084420099--1.484273956] unit decrease	NR [617073]	N	level of melanoma-associated antigen 3 in blood serum	http://purl.obolibrary.org/obo/OBA_2042265	GCST90433840	Exome-wide sequencing
2024-09-20	37794183	Dhindsa RS	2023-10-04	Nature	www.ncbi.nlm.nih.gov/pubmed/37794183	Rare variant associations with plasma protein levels in the UK Biobank.	Melanoma-associated antigen D1 levels	46,327 European ancestry individuals	NA											chrX:51333166-?	chrX:51333166	0			1	NR	1E-8	8.0	(genotypic)	0.04410621	[-0.059183671--0.029028751] unit decrease	NR [617073]	N	level of melanoma-associated antigen D1 in blood	http://purl.obolibrary.org/obo/OBA_2051518	GCST90433841	Exome-wide sequencing
2024-09-20	37794183	Dhindsa RS	2023-10-04	Nature	www.ncbi.nlm.nih.gov/pubmed/37794183	Rare variant associations with plasma protein levels in the UK Biobank.	Melanoma-associated antigen D1 levels	46,327 European ancestry individuals	NA											chrX:51901969-?	chrX:51901969	0			1	NR	9E-14	13.045757490560675	(genotypic)	0.060551528	[-0.0764615--0.044641557] unit decrease	NR [617073]	N	level of melanoma-associated antigen D1 in blood	http://purl.obolibrary.org/obo/OBA_2051518	GCST90433841	Exome-wide sequencing
2024-09-20	37794183	Dhindsa RS	2023-10-04	Nature	www.ncbi.nlm.nih.gov/pubmed/37794183	Rare variant associations with plasma protein levels in the UK Biobank.	Melanoma-associated antigen D1 levels	46,327 European ancestry individuals	NA											chr10:63168063-?	chr10:63168063	0			1	NR	7E-10	9.154901959985743	(genotypic)	0.041942716	[0.028633549-0.055251885] unit increase	NR [617073]	N	level of melanoma-associated antigen D1 in blood	http://purl.obolibrary.org/obo/OBA_2051518	GCST90433841	Exome-wide sequencing
2024-09-20	37794183	Dhindsa RS	2023-10-04	Nature	www.ncbi.nlm.nih.gov/pubmed/37794183	Rare variant associations with plasma protein levels in the UK Biobank.	Melanoma-associated antigen D1 levels	46,327 European ancestry individuals	NA											chr9:5073770-?	chr9:5073770	0			1	NR	9E-10	9.045757490560675	(genotypic)	1.1548175	[0.785079697-1.524555174] unit increase	NR [617073]	N	level of melanoma-associated antigen D1 in blood	http://purl.obolibrary.org/obo/OBA_2051518	GCST90433841	Exome-wide sequencing
2024-09-20	37794183	Dhindsa RS	2023-10-04	Nature	www.ncbi.nlm.nih.gov/pubmed/37794183	Rare variant associations with plasma protein levels in the UK Biobank.	Melanoma-associated antigen D1 levels	46,327 European ancestry individuals	NA											chr9:132989126-?	chr9:132989126	0			1	NR	2E-9	8.698970004336019	(dominant)	0.22554438	[-0.299405143--0.151683625] unit decrease	NR [617073]	N	level of melanoma-associated antigen D1 in blood	http://purl.obolibrary.org/obo/OBA_2051518	GCST90433841	Exome-wide sequencing
2024-09-20	37794183	Dhindsa RS	2023-10-04	Nature	www.ncbi.nlm.nih.gov/pubmed/37794183	Rare variant associations with plasma protein levels in the UK Biobank.	Melanoma-associated antigen D1 levels	46,327 European ancestry individuals	NA											chr10:63465690-?	chr10:63465690	0			1	NR	1E-8	8.0	(dominant)	0.05453415	[-0.073302452--0.035765842] unit decrease	NR [617073]	N	level of melanoma-associated antigen D1 in blood	http://purl.obolibrary.org/obo/OBA_2051518	GCST90433841	Exome-wide sequencing
2026-06-05	40973091	Dai J	2025-09-17	Genomics Proteomics Bioinformatics	www.ncbi.nlm.nih.gov/pubmed/40973091	Boosting the Power of Rare Variant Association Studies by Imputation Using Large-scale Sequencing Population.	Melanoma	5,462 European ancestry cases, 454,023 European ancestry controls	NA											chr3:70259477-?	chr3:70259477	0			1	NR	2E-8	7.698970004336019		1.4805	unit increase	Affymetrix [819134] (imputed)	N	melanoma	http://purl.obolibrary.org/obo/MONDO_0005105	GCST90854241	Genome-wide genotyping array
2026-06-05	40973091	Dai J	2025-09-17	Genomics Proteomics Bioinformatics	www.ncbi.nlm.nih.gov/pubmed/40973091	Boosting the Power of Rare Variant Association Studies by Imputation Using Large-scale Sequencing Population.	Melanoma	5,462 European ancestry cases, 454,023 European ancestry controls	NA											chr3:70012226-?	chr3:70012226	0			1	NR	9E-20	19.045757490560675		1.54689	unit increase	Affymetrix [819134] (imputed)	N	melanoma	http://purl.obolibrary.org/obo/MONDO_0005105	GCST90854241	Genome-wide genotyping array
2026-06-05	40973091	Dai J	2025-09-17	Genomics Proteomics Bioinformatics	www.ncbi.nlm.nih.gov/pubmed/40973091	Boosting the Power of Rare Variant Association Studies by Imputation Using Large-scale Sequencing Population.	Melanoma	5,462 European ancestry cases, 454,023 European ancestry controls	NA											chr3:69964940-?	chr3:69964940	0			1	NR	2E-23	22.69897000433602		1.62192	unit increase	Affymetrix [8537429] (imputed)	N	melanoma	http://purl.obolibrary.org/obo/MONDO_0005105	GCST90854242	Genome-wide genotyping array
2026-06-05	40973091	Dai J	2025-09-17	Genomics Proteomics Bioinformatics	www.ncbi.nlm.nih.gov/pubmed/40973091	Boosting the Power of Rare Variant Association Studies by Imputation Using Large-scale Sequencing Population.	Melanoma	5,462 European ancestry cases, 454,023 European ancestry controls	NA											chr3:70347936-?	chr3:70347936	0			1	NR	3E-8	7.522878745280337		1.27693	unit increase	Affymetrix [8537429] (imputed)	N	melanoma	http://purl.obolibrary.org/obo/MONDO_0005105	GCST90854242	Genome-wide genotyping array
2026-06-05	40973091	Dai J	2025-09-17	Genomics Proteomics Bioinformatics	www.ncbi.nlm.nih.gov/pubmed/40973091	Boosting the Power of Rare Variant Association Studies by Imputation Using Large-scale Sequencing Population.	Melanoma	1,662 European ancestry cases, 139,419 European ancestry controls	NA											chr3:69964940-?	chr3:69964940	0			1	NR	1E-7	7.0		1.42291	unit increase	Illumina [421848246]	N	melanoma	http://purl.obolibrary.org/obo/MONDO_0005105	GCST90854243	Genome-wide sequencing
2025-09-10	40789849	Yang C	2025-08-11	Nat Commun	www.ncbi.nlm.nih.gov/pubmed/40789849	European and African ancestry-specific plasma protein-QTL and metabolite-QTL analyses identify ancestry-specific T2D effector proteins and metabolites.	B melanoma antigen 3 protein level	2,338 European ancestry individuals	NA											chr5:42689438-G	chr5:42689438	0			1	NR	1E-14	14.0		0.0278743	[0.021-0.035] unit decrease	NR [10448203] (imputed)	N	level of B melanoma antigen 3 in blood serum	http://purl.obolibrary.org/obo/OBA_2040771	GCST90622468	Genome-wide genotyping array
2025-09-10	40789849	Yang C	2025-08-11	Nat Commun	www.ncbi.nlm.nih.gov/pubmed/40789849	European and African ancestry-specific plasma protein-QTL and metabolite-QTL analyses identify ancestry-specific T2D effector proteins and metabolites.	Absent in melanoma 2 protein level	2,338 European ancestry individuals	NA											chr12:7089703-A	chr12:7089703	0			1	NR	3E-12	11.522878745280337		0.0230988	[0.017-0.03] unit increase	NR [10448203] (imputed)	N	level of interferon-inducible protein AIM2 in blood serum	http://purl.obolibrary.org/obo/OBA_2040543	GCST90621135	Genome-wide genotyping array
2025-09-10	40789849	Yang C	2025-08-11	Nat Commun	www.ncbi.nlm.nih.gov/pubmed/40789849	European and African ancestry-specific plasma protein-QTL and metabolite-QTL analyses identify ancestry-specific T2D effector proteins and metabolites.	Preferentially expressed antigen of melanoma protein level	2,338 European ancestry individuals	NA											chr2:200661829-C	chr2:200661829	0			1	NR	2E-13	12.698970004336019		0.303549	[0.22-0.38] unit increase	NR [10448203] (imputed)	N	level of melanoma antigen preferentially expressed in tumors in blood	http://purl.obolibrary.org/obo/OBA_2050842	GCST90621156	Genome-wide genotyping array
2025-07-02	39789286	Loya H	2025-01-09	Nat Genet	www.ncbi.nlm.nih.gov/pubmed/39789286	A scalable variational inference approach for increased mixed-model association power.	Malignant melanoma	394,626 European ancestry individuals	NA	16q24.3	16	89919736		MC1R			ENSG00000258839			rs1805008-T	rs1805008	0	1805008	missense_variant	0	0.0896482	1E-11	11.0		0.2604592	[0.18-0.34] unit increase	NR [13308323] (imputed)	N	melanoma	http://purl.obolibrary.org/obo/MONDO_0005105	GCST90468141	Genome-wide genotyping array
2025-07-02	39789286	Loya H	2025-01-09	Nat Genet	www.ncbi.nlm.nih.gov/pubmed/39789286	A scalable variational inference approach for increased mixed-model association power.	Malignant melanoma	394,626 European ancestry individuals	NA	16q24.3	16	89780269		FANCA			ENSG00000187741			rs75570604-C	rs75570604	0	75570604	intron_variant	0	0.1029984	7E-34	33.15490195998574		0.42062107	[0.35-0.49] unit increase	NR [13308323] (imputed)	N	melanoma	http://purl.obolibrary.org/obo/MONDO_0005105	GCST90468141	Genome-wide genotyping array
2025-07-02	39789286	Loya H	2025-01-09	Nat Genet	www.ncbi.nlm.nih.gov/pubmed/39789286	A scalable variational inference approach for increased mixed-model association power.	Malignant melanoma	394,626 European ancestry individuals	NA											chr20:32819221-T	chr20:32819221	0			1	0.89527781	6E-12	11.221848749616356		0.25934994	[0.19-0.33] unit decrease	NR [13308323] (imputed)	N	melanoma	http://purl.obolibrary.org/obo/MONDO_0005105	GCST90468141	Genome-wide genotyping array
2025-07-02	39789286	Loya H	2025-01-09	Nat Genet	www.ncbi.nlm.nih.gov/pubmed/39789286	A scalable variational inference approach for increased mixed-model association power.	Malignant melanoma	394,626 European ancestry individuals	NA	11q14.3	11	89284793		TYR			ENSG00000077498			rs1126809-A	rs1126809	0	1126809	missense_variant	0	0.305106	5E-15	14.301029995663981		0.20044051	[0.15-0.25] unit increase	NR [13308323] (imputed)	N	melanoma	http://purl.obolibrary.org/obo/MONDO_0005105	GCST90468141	Genome-wide genotyping array
2026-02-02	39024449	Verma A	2024-07-19	Science	www.ncbi.nlm.nih.gov/pubmed/39024449	Diversity and scale: Genetic architecture of 2068 traits in the VA Million Veteran Program.	Melanomas of skin (PheCode 172.11)	206 Hispanic or Latin American cases, 59,570 Hispanic or Latin American controls, 10,468 European ancestry cases, 436,283 European ancestry controls	NA	3p13	3	69964940		MITF			ENSG00000187098			rs149617956-G	rs149617956	0	149617956	stop_gained	0	0.9971	7E-33	32.15490195998574		0.9894	[0.93-1.05] unit decrease	NR [44300000] (imputed)	N	cutaneous melanoma	http://purl.obolibrary.org/obo/MONDO_0005012	GCST90479793	Genome-wide genotyping array
2026-02-02	39024449	Verma A	2024-07-19	Science	www.ncbi.nlm.nih.gov/pubmed/39024449	Diversity and scale: Genetic architecture of 2068 traits in the VA Million Veteran Program.	Melanomas of skin (PheCode 172.11)	206 Hispanic or Latin American cases, 59,570 Hispanic or Latin American controls, 10,468 European ancestry cases, 436,283 European ancestry controls	NA	5p15.33	5	1330725		CLPTM1L			ENSG00000049656			rs452384-T	rs452384	0	452384	intron_variant	0	0.5788	4E-22	21.397940008672037		0.1427	[0.12-0.17] unit decrease	NR [44300000] (imputed)	N	cutaneous melanoma	http://purl.obolibrary.org/obo/MONDO_0005012	GCST90479793	Genome-wide genotyping array
2026-02-02	39024449	Verma A	2024-07-19	Science	www.ncbi.nlm.nih.gov/pubmed/39024449	Diversity and scale: Genetic architecture of 2068 traits in the VA Million Veteran Program.	Melanomas of skin (PheCode 172.11)	206 Hispanic or Latin American cases, 59,570 Hispanic or Latin American controls, 10,468 European ancestry cases, 436,283 European ancestry controls	NA	5p13.2	5	33951588		SLC45A2			ENSG00000164175			rs16891982-C	rs16891982	0	16891982	missense_variant	0	0.08686	1E-41	41.0		0.6928	[0.65-0.74] unit decrease	NR [44300000] (imputed)	N	cutaneous melanoma	http://purl.obolibrary.org/obo/MONDO_0005012	GCST90479793	Genome-wide genotyping array
2026-02-02	39024449	Verma A	2024-07-19	Science	www.ncbi.nlm.nih.gov/pubmed/39024449	Diversity and scale: Genetic architecture of 2068 traits in the VA Million Veteran Program.	Melanomas of skin (PheCode 172.11)	206 Hispanic or Latin American cases, 59,570 Hispanic or Latin American controls, 10,468 European ancestry cases, 436,283 European ancestry controls	NA	5q14.3	5	90976981		ADGRV1			ENSG00000164199			rs6881722-T	rs6881722	0	6881722	intron_variant	0	0.6078	9E-16	15.045757490560675		0.1221	[0.089-0.155] unit increase	NR [44300000] (imputed)	N	cutaneous melanoma	http://purl.obolibrary.org/obo/MONDO_0005012	GCST90479793	Genome-wide genotyping array
2026-02-02	39024449	Verma A	2024-07-19	Science	www.ncbi.nlm.nih.gov/pubmed/39024449	Diversity and scale: Genetic architecture of 2068 traits in the VA Million Veteran Program.	Melanomas of skin (PheCode 172.11)	206 Hispanic or Latin American cases, 59,570 Hispanic or Latin American controls, 10,468 European ancestry cases, 436,283 European ancestry controls	NA	6p25.3	6	396321		IRF4			ENSG00000137265			rs12203592-C	rs12203592	0	12203592	intron_variant	0	0.8478	1E-39	39.0		0.2667	[0.24-0.3] unit decrease	NR [44300000] (imputed)	N	cutaneous melanoma	http://purl.obolibrary.org/obo/MONDO_0005012	GCST90479793	Genome-wide genotyping array
2026-02-02	39024449	Verma A	2024-07-19	Science	www.ncbi.nlm.nih.gov/pubmed/39024449	Diversity and scale: Genetic architecture of 2068 traits in the VA Million Veteran Program.	Melanomas of skin (PheCode 172.11)	206 Hispanic or Latin American cases, 59,570 Hispanic or Latin American controls, 10,468 European ancestry cases, 436,283 European ancestry controls	NA	9p21.3	9	21803184		MTAP			ENSG00000099810			rs935055-G	rs935055	0	935055	intron_variant	0	0.4804	1E-41	41.0		0.2013	[0.17-0.24] unit increase	NR [44300000] (imputed)	N	cutaneous melanoma	http://purl.obolibrary.org/obo/MONDO_0005012	GCST90479793	Genome-wide genotyping array
2026-02-02	39024449	Verma A	2024-07-19	Science	www.ncbi.nlm.nih.gov/pubmed/39024449	Diversity and scale: Genetic architecture of 2068 traits in the VA Million Veteran Program.	Melanomas of skin (PheCode 172.11)	206 Hispanic or Latin American cases, 59,570 Hispanic or Latin American controls, 10,468 European ancestry cases, 436,283 European ancestry controls	NA	9q31.2	9	107947454		RNA5SP293 - RPS15AP27	ENSG00000222459	ENSG00000236783		28476	16249	rs10816595-A	rs10816595	0	10816595	intron_variant	1	0.6618	1E-11	11.0		0.108	[0.074-0.142] unit increase	NR [44300000] (imputed)	N	cutaneous melanoma	http://purl.obolibrary.org/obo/MONDO_0005012	GCST90479793	Genome-wide genotyping array
2026-02-02	39024449	Verma A	2024-07-19	Science	www.ncbi.nlm.nih.gov/pubmed/39024449	Diversity and scale: Genetic architecture of 2068 traits in the VA Million Veteran Program.	Melanomas of skin (PheCode 172.11)	206 Hispanic or Latin American cases, 59,570 Hispanic or Latin American controls, 10,468 European ancestry cases, 436,283 European ancestry controls	NA	11q14.3	11	89284793		TYR			ENSG00000077498			rs1126809-G	rs1126809	0	1126809	missense_variant	0	0.7321	1E-36	36.0		0.1987	[0.17-0.22] unit decrease	NR [44300000] (imputed)	N	cutaneous melanoma	http://purl.obolibrary.org/obo/MONDO_0005012	GCST90479793	Genome-wide genotyping array
2026-02-02	39024449	Verma A	2024-07-19	Science	www.ncbi.nlm.nih.gov/pubmed/39024449	Diversity and scale: Genetic architecture of 2068 traits in the VA Million Veteran Program.	Melanomas of skin (PheCode 172.11)	206 Hispanic or Latin American cases, 59,570 Hispanic or Latin American controls, 10,468 European ancestry cases, 436,283 European ancestry controls	NA	15q13.1	15	27985101		OCA2			ENSG00000104044			rs121918166-C	rs121918166	0	121918166	missense_variant	0	0.9942	8E-18	17.096910013008056		0.6097	[0.54-0.68] unit decrease	NR [44300000] (imputed)	N	cutaneous melanoma	http://purl.obolibrary.org/obo/MONDO_0005012	GCST90479793	Genome-wide genotyping array
2026-02-02	39024449	Verma A	2024-07-19	Science	www.ncbi.nlm.nih.gov/pubmed/39024449	Diversity and scale: Genetic architecture of 2068 traits in the VA Million Veteran Program.	Melanomas of skin (PheCode 172.11)	206 Hispanic or Latin American cases, 59,570 Hispanic or Latin American controls, 10,468 European ancestry cases, 436,283 European ancestry controls	NA	20q11.22	20	34077942		RALY			ENSG00000125970			rs6059655-A	rs6059655	0	6059655	intron_variant	0	0.08546	6E-53	52.221848749616356		0.3606	[0.3-0.43] unit increase	NR [44300000] (imputed)	N	cutaneous melanoma	http://purl.obolibrary.org/obo/MONDO_0005012	GCST90479793	Genome-wide genotyping array
2026-02-02	39024449	Verma A	2024-07-19	Science	www.ncbi.nlm.nih.gov/pubmed/39024449	Diversity and scale: Genetic architecture of 2068 traits in the VA Million Veteran Program.	Melanomas of skin, dx or hx (PheCode 172.1)	256 African American or Afro-Caribbean cases, 121,283 African American or Afro-Caribbean controls, 45,274 European ancestry cases, 389,597 European ancestry controls, 1,032 Hispanic or Latin American cases, 58,328 Hispanic or Latin American controls	NA	3p13	3	69964940		MITF			ENSG00000187098			rs149617956-G	rs149617956	0	149617956	stop_gained	0	0.9976	7E-17	16.154901959985743		0.4904	[0.42-0.56] unit decrease	NR [44300000] (imputed)	N	cutaneous melanoma	http://purl.obolibrary.org/obo/MONDO_0005012	GCST90479794	Genome-wide genotyping array
2026-02-02	39024449	Verma A	2024-07-19	Science	www.ncbi.nlm.nih.gov/pubmed/39024449	Diversity and scale: Genetic architecture of 2068 traits in the VA Million Veteran Program.	Melanomas of skin, dx or hx (PheCode 172.1)	256 African American or Afro-Caribbean cases, 121,283 African American or Afro-Caribbean controls, 45,274 European ancestry cases, 389,597 European ancestry controls, 1,032 Hispanic or Latin American cases, 58,328 Hispanic or Latin American controls	NA	3p13	3	71534232		FOXP1			ENSG00000114861			rs62244884-G	rs62244884	0	62244884	intron_variant	0	0.6447	1E-16	16.0		0.06644	[0.052-0.081] unit decrease	NR [44300000] (imputed)	N	cutaneous melanoma	http://purl.obolibrary.org/obo/MONDO_0005012	GCST90479794	Genome-wide genotyping array
2026-02-02	39024449	Verma A	2024-07-19	Science	www.ncbi.nlm.nih.gov/pubmed/39024449	Diversity and scale: Genetic architecture of 2068 traits in the VA Million Veteran Program.	Melanomas of skin, dx or hx (PheCode 172.1)	256 African American or Afro-Caribbean cases, 121,283 African American or Afro-Caribbean controls, 45,274 European ancestry cases, 389,597 European ancestry controls, 1,032 Hispanic or Latin American cases, 58,328 Hispanic or Latin American controls	NA	3q28	3	188402113		LPP			ENSG00000145012			rs2030519-G	rs2030519	0	2030519	intron_variant	0	0.4733	6E-17	16.221848749616356		0.07391	[0.055-0.092] unit increase	NR [44300000] (imputed)	N	cutaneous melanoma	http://purl.obolibrary.org/obo/MONDO_0005012	GCST90479794	Genome-wide genotyping array
2026-02-02	39024449	Verma A	2024-07-19	Science	www.ncbi.nlm.nih.gov/pubmed/39024449	Diversity and scale: Genetic architecture of 2068 traits in the VA Million Veteran Program.	Melanomas of skin, dx or hx (PheCode 172.1)	256 African American or Afro-Caribbean cases, 121,283 African American or Afro-Caribbean controls, 45,274 European ancestry cases, 389,597 European ancestry controls, 1,032 Hispanic or Latin American cases, 58,328 Hispanic or Latin American controls	NA	5p13.2	5	33951588		SLC45A2			ENSG00000164175			rs16891982-C	rs16891982	0	16891982	missense_variant	0	0.2355	8E-128	127.09691001300806		0.5839	[0.56-0.61] unit decrease	NR [44300000] (imputed)	N	cutaneous melanoma	http://purl.obolibrary.org/obo/MONDO_0005012	GCST90479794	Genome-wide genotyping array
2026-02-02	39024449	Verma A	2024-07-19	Science	www.ncbi.nlm.nih.gov/pubmed/39024449	Diversity and scale: Genetic architecture of 2068 traits in the VA Million Veteran Program.	Melanomas of skin, dx or hx (PheCode 172.1)	256 African American or Afro-Caribbean cases, 121,283 African American or Afro-Caribbean controls, 45,274 European ancestry cases, 389,597 European ancestry controls, 1,032 Hispanic or Latin American cases, 58,328 Hispanic or Latin American controls	NA	6p25.3	6	396321		IRF4			ENSG00000137265			rs12203592-C	rs12203592	0	12203592	intron_variant	0	0.8726	4E-234	233.39794000867204		0.357	[0.34-0.37] unit decrease	NR [44300000] (imputed)	N	cutaneous melanoma	http://purl.obolibrary.org/obo/MONDO_0005012	GCST90479794	Genome-wide genotyping array
2026-02-02	39024449	Verma A	2024-07-19	Science	www.ncbi.nlm.nih.gov/pubmed/39024449	Diversity and scale: Genetic architecture of 2068 traits in the VA Million Veteran Program.	Melanomas of skin, dx or hx (PheCode 172.1)	256 African American or Afro-Caribbean cases, 121,283 African American or Afro-Caribbean controls, 45,274 European ancestry cases, 389,597 European ancestry controls, 1,032 Hispanic or Latin American cases, 58,328 Hispanic or Latin American controls	NA	6p21.32	6	32621514		HLA-DRB1 - HLA-DQA1	ENSG00000196126	ENSG00000196735		31666	6665	rs9271499-C	rs9271499	0	9271499	intron_variant	1	0.6139	2E-17	16.69897000433602		0.07443	[0.056-0.093] unit increase	NR [44300000] (imputed)	N	cutaneous melanoma	http://purl.obolibrary.org/obo/MONDO_0005012	GCST90479794	Genome-wide genotyping array
2026-02-02	39024449	Verma A	2024-07-19	Science	www.ncbi.nlm.nih.gov/pubmed/39024449	Diversity and scale: Genetic architecture of 2068 traits in the VA Million Veteran Program.	Melanomas of skin, dx or hx (PheCode 172.1)	256 African American or Afro-Caribbean cases, 121,283 African American or Afro-Caribbean controls, 45,274 European ancestry cases, 389,597 European ancestry controls, 1,032 Hispanic or Latin American cases, 58,328 Hispanic or Latin American controls	NA	6q15	6	90267049		BACH2			ENSG00000112182			rs72928038-G	rs72928038	0	72928038	intron_variant	0	0.8598	1E-19	19.0		0.09702	[0.074-0.12] unit increase	NR [44300000] (imputed)	N	cutaneous melanoma	http://purl.obolibrary.org/obo/MONDO_0005012	GCST90479794	Genome-wide genotyping array
2026-02-02	39024449	Verma A	2024-07-19	Science	www.ncbi.nlm.nih.gov/pubmed/39024449	Diversity and scale: Genetic architecture of 2068 traits in the VA Million Veteran Program.	Melanomas of skin, dx or hx (PheCode 172.1)	256 African American or Afro-Caribbean cases, 121,283 African American or Afro-Caribbean controls, 45,274 European ancestry cases, 389,597 European ancestry controls, 1,032 Hispanic or Latin American cases, 58,328 Hispanic or Latin American controls	NA	6q16.1	6	92997120		ATF1P1 - COPS5P1	ENSG00000219387	ENSG00000213187		108539	94856	rs572318816-C	rs572318816	0	572318816	intergenic_variant	1	0.9997	1E-12	12.0		4.682	[4.68-4.69] unit decrease	NR [44300000] (imputed)	N	cutaneous melanoma	http://purl.obolibrary.org/obo/MONDO_0005012	GCST90479794	Genome-wide genotyping array
2026-02-02	39024449	Verma A	2024-07-19	Science	www.ncbi.nlm.nih.gov/pubmed/39024449	Diversity and scale: Genetic architecture of 2068 traits in the VA Million Veteran Program.	Melanomas of skin, dx or hx (PheCode 172.1)	256 African American or Afro-Caribbean cases, 121,283 African American or Afro-Caribbean controls, 45,274 European ancestry cases, 389,597 European ancestry controls, 1,032 Hispanic or Latin American cases, 58,328 Hispanic or Latin American controls	NA	7p21.1	7	17095084		AHR			ENSG00000106546			rs117132860-G	rs117132860	0	117132860	intron_variant	0	0.9847	6E-15	14.221848749616356		0.2502	[0.2-0.3] unit decrease	NR [44300000] (imputed)	N	cutaneous melanoma	http://purl.obolibrary.org/obo/MONDO_0005012	GCST90479794	Genome-wide genotyping array
2026-02-02	39024449	Verma A	2024-07-19	Science	www.ncbi.nlm.nih.gov/pubmed/39024449	Diversity and scale: Genetic architecture of 2068 traits in the VA Million Veteran Program.	Melanomas of skin, dx or hx (PheCode 172.1)	256 African American or Afro-Caribbean cases, 121,283 African American or Afro-Caribbean controls, 45,274 European ancestry cases, 389,597 European ancestry controls, 1,032 Hispanic or Latin American cases, 58,328 Hispanic or Latin American controls	NA	7p14.3	7	29092663		CPVL			ENSG00000106066			rs117744081-A	rs117744081	0	117744081	missense_variant	0	0.975	9E-18	17.045757490560675		0.2081	[0.15-0.27] unit increase	NR [44300000] (imputed)	N	cutaneous melanoma	http://purl.obolibrary.org/obo/MONDO_0005012	GCST90479794	Genome-wide genotyping array
2026-02-02	39024449	Verma A	2024-07-19	Science	www.ncbi.nlm.nih.gov/pubmed/39024449	Diversity and scale: Genetic architecture of 2068 traits in the VA Million Veteran Program.	Melanomas of skin, dx or hx (PheCode 172.1)	256 African American or Afro-Caribbean cases, 121,283 African American or Afro-Caribbean controls, 45,274 European ancestry cases, 389,597 European ancestry controls, 1,032 Hispanic or Latin American cases, 58,328 Hispanic or Latin American controls	NA	9p22.2	9	16873553		BNC2 - RN7SL720P	ENSG00000173068	ENSG00000241152		2651	180348	rs10810650-C	rs10810650	0	10810650	regulatory_region_variant	1	0.5115	9E-26	25.045757490560675		0.08491	[0.07-0.099] unit decrease	NR [44300000] (imputed)	N	cutaneous melanoma	http://purl.obolibrary.org/obo/MONDO_0005012	GCST90479794	Genome-wide genotyping array
2026-02-02	39024449	Verma A	2024-07-19	Science	www.ncbi.nlm.nih.gov/pubmed/39024449	Diversity and scale: Genetic architecture of 2068 traits in the VA Million Veteran Program.	Melanomas of skin, dx or hx (PheCode 172.1)	256 African American or Afro-Caribbean cases, 121,283 African American or Afro-Caribbean controls, 45,274 European ancestry cases, 389,597 European ancestry controls, 1,032 Hispanic or Latin American cases, 58,328 Hispanic or Latin American controls	NA	9p21.3	9	21804618		MTAP			ENSG00000099810			rs869330-A	rs869330	0	869330	intron_variant	0	0.4268	7E-12	11.154901959985743		0.05452	[0.038-0.071] unit increase	NR [44300000] (imputed)	N	cutaneous melanoma	http://purl.obolibrary.org/obo/MONDO_0005012	GCST90479794	Genome-wide genotyping array
2026-02-02	39024449	Verma A	2024-07-19	Science	www.ncbi.nlm.nih.gov/pubmed/39024449	Diversity and scale: Genetic architecture of 2068 traits in the VA Million Veteran Program.	Melanomas of skin, dx or hx (PheCode 172.1)	256 African American or Afro-Caribbean cases, 121,283 African American or Afro-Caribbean controls, 45,274 European ancestry cases, 389,597 European ancestry controls, 1,032 Hispanic or Latin American cases, 58,328 Hispanic or Latin American controls	NA	11q14.3	11	89284793		TYR			ENSG00000077498			rs1126809-G	rs1126809	0	1126809	missense_variant	0	0.7756	5E-87	86.30102999566398		0.1683	[0.15-0.18] unit decrease	NR [44300000] (imputed)	N	cutaneous melanoma	http://purl.obolibrary.org/obo/MONDO_0005012	GCST90479794	Genome-wide genotyping array
2026-02-02	39024449	Verma A	2024-07-19	Science	www.ncbi.nlm.nih.gov/pubmed/39024449	Diversity and scale: Genetic architecture of 2068 traits in the VA Million Veteran Program.	Melanomas of skin, dx or hx (PheCode 172.1)	256 African American or Afro-Caribbean cases, 121,283 African American or Afro-Caribbean controls, 45,274 European ancestry cases, 389,597 European ancestry controls, 1,032 Hispanic or Latin American cases, 58,328 Hispanic or Latin American controls	NA	14q32.2	14	97669029		LINC02291			ENSG00000197176			rs28506112-T	rs28506112	0	28506112	intron_variant	0	0.9977	4E-13	12.397940008672037		2.287	[2.24-2.33] unit decrease	NR [44300000] (imputed)	N	cutaneous melanoma	http://purl.obolibrary.org/obo/MONDO_0005012	GCST90479794	Genome-wide genotyping array
2026-02-02	39024449	Verma A	2024-07-19	Science	www.ncbi.nlm.nih.gov/pubmed/39024449	Diversity and scale: Genetic architecture of 2068 traits in the VA Million Veteran Program.	Melanomas of skin, dx or hx (PheCode 172.1)	256 African American or Afro-Caribbean cases, 121,283 African American or Afro-Caribbean controls, 45,274 European ancestry cases, 389,597 European ancestry controls, 1,032 Hispanic or Latin American cases, 58,328 Hispanic or Latin American controls	NA	15q13.1	15	28120472		HERC2			ENSG00000128731			rs12913832-A	rs12913832	0	12913832	intron_variant	0	0.4116	2E-33	32.69897000433602		0.1167	[0.1-0.133] unit decrease	NR [44300000] (imputed)	N	cutaneous melanoma	http://purl.obolibrary.org/obo/MONDO_0005012	GCST90479794	Genome-wide genotyping array
2026-02-02	39024449	Verma A	2024-07-19	Science	www.ncbi.nlm.nih.gov/pubmed/39024449	Diversity and scale: Genetic architecture of 2068 traits in the VA Million Veteran Program.	Melanomas of skin, dx or hx (PheCode 172.1)	256 African American or Afro-Caribbean cases, 121,283 African American or Afro-Caribbean controls, 45,274 European ancestry cases, 389,597 European ancestry controls, 1,032 Hispanic or Latin American cases, 58,328 Hispanic or Latin American controls	NA	15q21.1	15	48134287		SLC24A5			ENSG00000188467			rs1426654-A	rs1426654	0	1426654	missense_variant	0	0.8053	2E-14	13.698970004336019		0.3549	[0.23-0.48] unit increase	NR [44300000] (imputed)	N	cutaneous melanoma	http://purl.obolibrary.org/obo/MONDO_0005012	GCST90479794	Genome-wide genotyping array
2026-02-02	39024449	Verma A	2024-07-19	Science	www.ncbi.nlm.nih.gov/pubmed/39024449	Diversity and scale: Genetic architecture of 2068 traits in the VA Million Veteran Program.	Melanomas of skin, dx or hx (PheCode 172.1)	256 African American or Afro-Caribbean cases, 121,283 African American or Afro-Caribbean controls, 45,274 European ancestry cases, 389,597 European ancestry controls, 1,032 Hispanic or Latin American cases, 58,328 Hispanic or Latin American controls	NA	16q24.3	16	89919709		MC1R			ENSG00000258839			rs1805007-C	rs1805007	0	1805007	missense_variant	0	0.9367	1E-237	237.0		0.4169	[0.4-0.43] unit decrease	NR [44300000] (imputed)	N	cutaneous melanoma	http://purl.obolibrary.org/obo/MONDO_0005012	GCST90479794	Genome-wide genotyping array
2026-02-02	39024449	Verma A	2024-07-19	Science	www.ncbi.nlm.nih.gov/pubmed/39024449	Diversity and scale: Genetic architecture of 2068 traits in the VA Million Veteran Program.	Melanomas of skin, dx or hx (PheCode 172.1)	256 African American or Afro-Caribbean cases, 121,283 African American or Afro-Caribbean controls, 45,274 European ancestry cases, 389,597 European ancestry controls, 1,032 Hispanic or Latin American cases, 58,328 Hispanic or Latin American controls	NA	20p13	20	2294882		LINC03086 - TGM3	ENSG00000226644	ENSG00000125780		81731	1119	rs214758-C	rs214758	0	214758	intron_variant	1	0.2651	5E-17	16.30102999566398		0.09391	[0.07-0.118] unit increase	NR [44300000] (imputed)	N	cutaneous melanoma	http://purl.obolibrary.org/obo/MONDO_0005012	GCST90479794	Genome-wide genotyping array
2026-02-02	39024449	Verma A	2024-07-19	Science	www.ncbi.nlm.nih.gov/pubmed/39024449	Diversity and scale: Genetic architecture of 2068 traits in the VA Million Veteran Program.	Melanomas of skin, dx or hx (PheCode 172.1)	256 African American or Afro-Caribbean cases, 121,283 African American or Afro-Caribbean controls, 45,274 European ancestry cases, 389,597 European ancestry controls, 1,032 Hispanic or Latin American cases, 58,328 Hispanic or Latin American controls	NA	20q11.22	20	34077942		RALY			ENSG00000125970			rs6059655-A	rs6059655	0	6059655	intron_variant	0	0.07419	1E-120	120.0		0.3106	[0.28-0.35] unit increase	NR [44300000] (imputed)	N	cutaneous melanoma	http://purl.obolibrary.org/obo/MONDO_0005012	GCST90479794	Genome-wide genotyping array
2026-02-02	39024449	Verma A	2024-07-19	Science	www.ncbi.nlm.nih.gov/pubmed/39024449	Diversity and scale: Genetic architecture of 2068 traits in the VA Million Veteran Program.	Melanomas of skin, dx or hx (PheCode 172.1)	256 African American or Afro-Caribbean cases, 121,283 African American or Afro-Caribbean controls, 45,274 European ancestry cases, 389,597 European ancestry controls, 1,032 Hispanic or Latin American cases, 58,328 Hispanic or Latin American controls	NA	22q13.1	22	38176433		PLA2G6			ENSG00000184381			rs4384-G	rs4384	0	4384	intron_variant	0	0.5143	1E-14	14.0		0.06079	[0.045-0.077] unit increase	NR [44300000] (imputed)	N	cutaneous melanoma	http://purl.obolibrary.org/obo/MONDO_0005012	GCST90479794	Genome-wide genotyping array
2026-02-02	39024449	Verma A	2024-07-19	Science	www.ncbi.nlm.nih.gov/pubmed/39024449	Diversity and scale: Genetic architecture of 2068 traits in the VA Million Veteran Program.	Melanomas of skin, dx or hx (PheCode 172.1)	256 African American or Afro-Caribbean cases, 121,283 African American or Afro-Caribbean controls, 45,274 European ancestry cases, 389,597 European ancestry controls, 1,032 Hispanic or Latin American cases, 58,328 Hispanic or Latin American controls	NA	22q13.31	22	45235512		KIAA0930			ENSG00000100364			rs5766576-A	rs5766576	0	5766576	intron_variant	0	0.59	1E-12	12.0		0.05303	[0.038-0.068] unit increase	NR [44300000] (imputed)	N	cutaneous melanoma	http://purl.obolibrary.org/obo/MONDO_0005012	GCST90479794	Genome-wide genotyping array
2026-02-02	39024449	Verma A	2024-07-19	Science	www.ncbi.nlm.nih.gov/pubmed/39024449	Diversity and scale: Genetic architecture of 2068 traits in the VA Million Veteran Program.	Melanomas of skin, dx or hx (PheCode 172.1)	256 African American or Afro-Caribbean cases, 121,283 African American or Afro-Caribbean controls, 45,274 European ancestry cases, 389,597 European ancestry controls, 1,032 Hispanic or Latin American cases, 58,328 Hispanic or Latin American controls	NA	2q33.1	2	201340018		FLACC1, CASP8			ENSG00000155749, ENSG00000064012			rs10197246-T	rs10197246	0	10197246	intron_variant	0	0.2775	7E-32	31.154901959985743		0.09548	[0.078-0.113] unit increase	NR [44300000] (imputed)	N	cutaneous melanoma	http://purl.obolibrary.org/obo/MONDO_0005012	GCST90479794	Genome-wide genotyping array
2026-02-02	39024449	Verma A	2024-07-19	Science	www.ncbi.nlm.nih.gov/pubmed/39024449	Diversity and scale: Genetic architecture of 2068 traits in the VA Million Veteran Program.	Melanomas of skin, dx or hx (PheCode 172.1)	256 African American or Afro-Caribbean cases, 121,283 African American or Afro-Caribbean controls, 45,274 European ancestry cases, 389,597 European ancestry controls, 1,032 Hispanic or Latin American cases, 58,328 Hispanic or Latin American controls	NA	6p21.33	6	31317329		LINC02571 - HLA-B	ENSG00000256166	ENSG00000234745		15687	36538	rs2072112-T	rs2072112	0	2072112	intron_variant	1	0.5819	1E-13	13.0		0.06561	[0.047-0.084] unit increase	NR [44300000] (imputed)	N	cutaneous melanoma	http://purl.obolibrary.org/obo/MONDO_0005012	GCST90479794	Genome-wide genotyping array
2026-02-02	39024449	Verma A	2024-07-19	Science	www.ncbi.nlm.nih.gov/pubmed/39024449	Diversity and scale: Genetic architecture of 2068 traits in the VA Million Veteran Program.	Melanomas of skin, dx or hx (PheCode 172.1)	256 African American or Afro-Caribbean cases, 121,283 African American or Afro-Caribbean controls, 45,274 European ancestry cases, 389,597 European ancestry controls, 1,032 Hispanic or Latin American cases, 58,328 Hispanic or Latin American controls	NA	10q21.1	10	51593435		PRKG1			ENSG00000185532			rs139761953-T	rs139761953	0	139761953	intron_variant	0	0.9988	1E-12	12.0		2.608	[2.57-2.65] unit decrease	NR [44300000] (imputed)	N	cutaneous melanoma	http://purl.obolibrary.org/obo/MONDO_0005012	GCST90479794	Genome-wide genotyping array
2026-02-02	39024449	Verma A	2024-07-19	Science	www.ncbi.nlm.nih.gov/pubmed/39024449	Diversity and scale: Genetic architecture of 2068 traits in the VA Million Veteran Program.	Melanomas of skin, dx or hx (PheCode 172.1)	256 African American or Afro-Caribbean cases, 121,283 African American or Afro-Caribbean controls, 45,274 European ancestry cases, 389,597 European ancestry controls, 1,032 Hispanic or Latin American cases, 58,328 Hispanic or Latin American controls	NA	12q13.13	12	52519884		KRT5			ENSG00000186081			rs11170164-C	rs11170164	0	11170164	missense_variant	0	0.94	3E-18	17.522878745280337		0.1246	[0.1-0.15] unit decrease	NR [44300000] (imputed)	N	cutaneous melanoma	http://purl.obolibrary.org/obo/MONDO_0005012	GCST90479794	Genome-wide genotyping array
2026-02-02	39024449	Verma A	2024-07-19	Science	www.ncbi.nlm.nih.gov/pubmed/39024449	Diversity and scale: Genetic architecture of 2068 traits in the VA Million Veteran Program.	Skin cancer	939 African American or Afro-Caribbean cases, 119,688 African American or Afro-Caribbean controls, 83,801 European ancestry cases, 347,397 European ancestry controls, 2,247 Hispanic or Latin American cases, 56,654 Hispanic or Latin American controls	NA	20q11.22	20	33950585		TPM3P2 - PIGPP3	ENSG00000214200	ENSG00000228958		37249	14577	rs62211989-G	rs62211989	0	62211989	intergenic_variant	1	0.9411	6E-139	138.22184874961636		0.3003	[0.28-0.32] unit decrease	NR [44300000] (imputed)	N	skin cancer	http://purl.obolibrary.org/obo/MONDO_0002898	GCST90479798	Genome-wide genotyping array
2026-02-02	39024449	Verma A	2024-07-19	Science	www.ncbi.nlm.nih.gov/pubmed/39024449	Diversity and scale: Genetic architecture of 2068 traits in the VA Million Veteran Program.	Skin cancer	939 African American or Afro-Caribbean cases, 119,688 African American or Afro-Caribbean controls, 83,801 European ancestry cases, 347,397 European ancestry controls, 2,247 Hispanic or Latin American cases, 56,654 Hispanic or Latin American controls	NA	21q22.3	21	41668857		PCSEAT - LINC00111	ENSG00000286027	ENSG00000227702		85970	10324	rs2776353-A	rs2776353	0	2776353	intergenic_variant	1	0.6356	9E-13	12.045757490560675		0.05157	[0.037-0.066] unit increase	NR [44300000] (imputed)	N	skin cancer	http://purl.obolibrary.org/obo/MONDO_0002898	GCST90479798	Genome-wide genotyping array
2026-02-02	39024449	Verma A	2024-07-19	Science	www.ncbi.nlm.nih.gov/pubmed/39024449	Diversity and scale: Genetic architecture of 2068 traits in the VA Million Veteran Program.	Skin cancer	939 African American or Afro-Caribbean cases, 119,688 African American or Afro-Caribbean controls, 83,801 European ancestry cases, 347,397 European ancestry controls, 2,247 Hispanic or Latin American cases, 56,654 Hispanic or Latin American controls	NA	1p36.13	1	17430725		RCC2			ENSG00000179051			rs111932154-T	rs111932154	0	111932154	intron_variant	0	0.6424	9E-22	21.045757490560675		0.06551	[0.053-0.078] unit decrease	NR [44300000] (imputed)	N	skin cancer	http://purl.obolibrary.org/obo/MONDO_0002898	GCST90479798	Genome-wide genotyping array
2026-02-02	39024449	Verma A	2024-07-19	Science	www.ncbi.nlm.nih.gov/pubmed/39024449	Diversity and scale: Genetic architecture of 2068 traits in the VA Million Veteran Program.	Skin cancer	939 African American or Afro-Caribbean cases, 119,688 African American or Afro-Caribbean controls, 83,801 European ancestry cases, 347,397 European ancestry controls, 2,247 Hispanic or Latin American cases, 56,654 Hispanic or Latin American controls	NA	1p13.2	1	113761186		PHTF1 - RSBN1	ENSG00000116793	ENSG00000081019		1278	646	rs6679677-C	rs6679677	0	6679677	intergenic_variant	1	0.9248	7E-15	14.154901959985743		0.08862	[0.065-0.113] unit increase	NR [44300000] (imputed)	N	skin cancer	http://purl.obolibrary.org/obo/MONDO_0002898	GCST90479798	Genome-wide genotyping array
2026-02-02	39024449	Verma A	2024-07-19	Science	www.ncbi.nlm.nih.gov/pubmed/39024449	Diversity and scale: Genetic architecture of 2068 traits in the VA Million Veteran Program.	Skin cancer	939 African American or Afro-Caribbean cases, 119,688 African American or Afro-Caribbean controls, 83,801 European ancestry cases, 347,397 European ancestry controls, 2,247 Hispanic or Latin American cases, 56,654 Hispanic or Latin American controls	NA	1q21.3	1	150889383		CTXND2			ENSG00000283324			rs35782301-C	rs35782301	0	35782301	intron_variant	0	0.762	3E-20	19.522878745280337		0.06762	[0.054-0.081] unit decrease	NR [44300000] (imputed)	N	skin cancer	http://purl.obolibrary.org/obo/MONDO_0002898	GCST90479798	Genome-wide genotyping array
2026-02-02	39024449	Verma A	2024-07-19	Science	www.ncbi.nlm.nih.gov/pubmed/39024449	Diversity and scale: Genetic architecture of 2068 traits in the VA Million Veteran Program.	Skin cancer	939 African American or Afro-Caribbean cases, 119,688 African American or Afro-Caribbean controls, 83,801 European ancestry cases, 347,397 European ancestry controls, 2,247 Hispanic or Latin American cases, 56,654 Hispanic or Latin American controls	NA	1q42.13	1	228848762		RHOU - LINC02814	ENSG00000116574	ENSG00000236975		102098	174011	rs56300457-T	rs56300457	0	56300457	intron_variant	1	0.7613	2E-26	25.69897000433602		0.08012	[0.067-0.094] unit decrease	NR [44300000] (imputed)	N	skin cancer	http://purl.obolibrary.org/obo/MONDO_0002898	GCST90479798	Genome-wide genotyping array
2026-02-02	39024449	Verma A	2024-07-19	Science	www.ncbi.nlm.nih.gov/pubmed/39024449	Diversity and scale: Genetic architecture of 2068 traits in the VA Million Veteran Program.	Skin cancer	939 African American or Afro-Caribbean cases, 119,688 African American or Afro-Caribbean controls, 83,801 European ancestry cases, 347,397 European ancestry controls, 2,247 Hispanic or Latin American cases, 56,654 Hispanic or Latin American controls	NA	2q33.1	2	201311571		CASP8, FLACC1			ENSG00000064012, ENSG00000155749			rs7582362-A	rs7582362	0	7582362	intron_variant	0	0.2806	4E-56	55.39794000867204		0.1077	[0.093-0.122] unit increase	NR [44300000] (imputed)	N	skin cancer	http://purl.obolibrary.org/obo/MONDO_0002898	GCST90479798	Genome-wide genotyping array
2026-02-02	39024449	Verma A	2024-07-19	Science	www.ncbi.nlm.nih.gov/pubmed/39024449	Diversity and scale: Genetic architecture of 2068 traits in the VA Million Veteran Program.	Skin cancer	939 African American or Afro-Caribbean cases, 119,688 African American or Afro-Caribbean controls, 83,801 European ancestry cases, 347,397 European ancestry controls, 2,247 Hispanic or Latin American cases, 56,654 Hispanic or Latin American controls	NA	2q33.2	2	203916118		CTLA4 - ICOS	ENSG00000163599	ENSG00000163600		42153	20645	rs3116521-C	rs3116521	0	3116521	intron_variant	1	0.5031	5E-17	16.30102999566398		0.05143	[0.039-0.064] unit increase	NR [44300000] (imputed)	N	skin cancer	http://purl.obolibrary.org/obo/MONDO_0002898	GCST90479798	Genome-wide genotyping array
2026-02-02	39024449	Verma A	2024-07-19	Science	www.ncbi.nlm.nih.gov/pubmed/39024449	Diversity and scale: Genetic architecture of 2068 traits in the VA Million Veteran Program.	Skin cancer	939 African American or Afro-Caribbean cases, 119,688 African American or Afro-Caribbean controls, 83,801 European ancestry cases, 347,397 European ancestry controls, 2,247 Hispanic or Latin American cases, 56,654 Hispanic or Latin American controls	NA	3p13	3	71449410		FOXP1			ENSG00000114861			rs55716899-T	rs55716899	0	55716899	intron_variant	0	0.638	6E-35	34.221848749616356		0.08276	[0.071-0.095] unit decrease	NR [44300000] (imputed)	N	skin cancer	http://purl.obolibrary.org/obo/MONDO_0002898	GCST90479798	Genome-wide genotyping array
2026-02-02	39024449	Verma A	2024-07-19	Science	www.ncbi.nlm.nih.gov/pubmed/39024449	Diversity and scale: Genetic architecture of 2068 traits in the VA Million Veteran Program.	Skin cancer	939 African American or Afro-Caribbean cases, 119,688 African American or Afro-Caribbean controls, 83,801 European ancestry cases, 347,397 European ancestry controls, 2,247 Hispanic or Latin American cases, 56,654 Hispanic or Latin American controls	NA	3q28	3	188371466		LPP			ENSG00000145012			rs13076312-C	rs13076312	0	13076312	intron_variant	0	0.5927	3E-27	26.522878745280337		0.07627	[0.061-0.091] unit increase	NR [44300000] (imputed)	N	skin cancer	http://purl.obolibrary.org/obo/MONDO_0002898	GCST90479798	Genome-wide genotyping array
2026-02-02	39024449	Verma A	2024-07-19	Science	www.ncbi.nlm.nih.gov/pubmed/39024449	Diversity and scale: Genetic architecture of 2068 traits in the VA Million Veteran Program.	Skin cancer	939 African American or Afro-Caribbean cases, 119,688 African American or Afro-Caribbean controls, 83,801 European ancestry cases, 347,397 European ancestry controls, 2,247 Hispanic or Latin American cases, 56,654 Hispanic or Latin American controls	NA	5p15.33	5	1322353		CLPTM1L			ENSG00000049656			rs381949-G	rs381949	0	381949	intron_variant	0	0.5735	3E-23	22.522878745280337		0.0658	[0.052-0.08] unit increase	NR [44300000] (imputed)	N	skin cancer	http://purl.obolibrary.org/obo/MONDO_0002898	GCST90479798	Genome-wide genotyping array
2026-02-02	39024449	Verma A	2024-07-19	Science	www.ncbi.nlm.nih.gov/pubmed/39024449	Diversity and scale: Genetic architecture of 2068 traits in the VA Million Veteran Program.	Skin cancer	939 African American or Afro-Caribbean cases, 119,688 African American or Afro-Caribbean controls, 83,801 European ancestry cases, 347,397 European ancestry controls, 2,247 Hispanic or Latin American cases, 56,654 Hispanic or Latin American controls	NA	5p13.2	5	33951588		SLC45A2			ENSG00000164175			rs16891982-C	rs16891982	0	16891982	missense_variant	0	0.2356	8E-174	173.09691001300806		0.5092	[0.49-0.53] unit decrease	NR [44300000] (imputed)	N	skin cancer	http://purl.obolibrary.org/obo/MONDO_0002898	GCST90479798	Genome-wide genotyping array
2026-02-02	39024449	Verma A	2024-07-19	Science	www.ncbi.nlm.nih.gov/pubmed/39024449	Diversity and scale: Genetic architecture of 2068 traits in the VA Million Veteran Program.	Skin cancer	939 African American or Afro-Caribbean cases, 119,688 African American or Afro-Caribbean controls, 83,801 European ancestry cases, 347,397 European ancestry controls, 2,247 Hispanic or Latin American cases, 56,654 Hispanic or Latin American controls	NA	6p25.3	6	396321		IRF4			ENSG00000137265			rs12203592-C	rs12203592	0	12203592	intron_variant	0	0.8722	1E-323	323.0		0.375	[0.36-0.39] unit decrease	NR [44300000] (imputed)	N	skin cancer	http://purl.obolibrary.org/obo/MONDO_0002898	GCST90479798	Genome-wide genotyping array
2026-02-02	39024449	Verma A	2024-07-19	Science	www.ncbi.nlm.nih.gov/pubmed/39024449	Diversity and scale: Genetic architecture of 2068 traits in the VA Million Veteran Program.	Skin cancer	939 African American or Afro-Caribbean cases, 119,688 African American or Afro-Caribbean controls, 83,801 European ancestry cases, 347,397 European ancestry controls, 2,247 Hispanic or Latin American cases, 56,654 Hispanic or Latin American controls	NA	6p22.1	6	29889582		HLA-H, HLA-H, POLR1HASP, POLR1HASP			ENSG00000206341, ENSG00000310469, ENSG00000204623, ENSG00000293508			rs28668506-C	rs28668506	0	28668506	non_coding_transcript_exon_variant	0	0.3894	6E-12	11.221848749616356		0.05559	[0.041-0.07] unit decrease	NR [44300000] (imputed)	N	skin cancer	http://purl.obolibrary.org/obo/MONDO_0002898	GCST90479798	Genome-wide genotyping array
2026-02-02	39024449	Verma A	2024-07-19	Science	www.ncbi.nlm.nih.gov/pubmed/39024449	Diversity and scale: Genetic architecture of 2068 traits in the VA Million Veteran Program.	Skin cancer	939 African American or Afro-Caribbean cases, 119,688 African American or Afro-Caribbean controls, 83,801 European ancestry cases, 347,397 European ancestry controls, 2,247 Hispanic or Latin American cases, 56,654 Hispanic or Latin American controls	NA	6p21.33	6	31320191		LINC02571 - HLA-B	ENSG00000256166	ENSG00000234745		18549	33676	rs9265142-C	rs9265142	0	9265142	intron_variant	1	0.5812	2E-15	14.698970004336019		0.05674	[0.042-0.071] unit increase	NR [44300000] (imputed)	N	skin cancer	http://purl.obolibrary.org/obo/MONDO_0002898	GCST90479798	Genome-wide genotyping array
2026-02-02	39024449	Verma A	2024-07-19	Science	www.ncbi.nlm.nih.gov/pubmed/39024449	Diversity and scale: Genetic architecture of 2068 traits in the VA Million Veteran Program.	Skin cancer	939 African American or Afro-Caribbean cases, 119,688 African American or Afro-Caribbean controls, 83,801 European ancestry cases, 347,397 European ancestry controls, 2,247 Hispanic or Latin American cases, 56,654 Hispanic or Latin American controls	NA	13q34	13	112878799		ATP11A			ENSG00000068650			rs9549597-G	rs9549597	0	9549597	intron_variant	0	0.6168	1E-14	14.0		0.0516	[0.038-0.065] unit increase	NR [44300000] (imputed)	N	skin cancer	http://purl.obolibrary.org/obo/MONDO_0002898	GCST90479798	Genome-wide genotyping array
2026-02-02	39024449	Verma A	2024-07-19	Science	www.ncbi.nlm.nih.gov/pubmed/39024449	Diversity and scale: Genetic architecture of 2068 traits in the VA Million Veteran Program.	Skin cancer	939 African American or Afro-Caribbean cases, 119,688 African American or Afro-Caribbean controls, 83,801 European ancestry cases, 347,397 European ancestry controls, 2,247 Hispanic or Latin American cases, 56,654 Hispanic or Latin American controls	NA	6q27	6	167087074		CEP43 - CCR6	ENSG00000213066	ENSG00000112486		34356	24721	rs204295-C	rs204295	0	204295	intron_variant	1	0.5131	5E-18	17.30102999566398		0.05586	[0.044-0.068] unit decrease	NR [44300000] (imputed)	N	skin cancer	http://purl.obolibrary.org/obo/MONDO_0002898	GCST90479798	Genome-wide genotyping array
2026-02-02	39024449	Verma A	2024-07-19	Science	www.ncbi.nlm.nih.gov/pubmed/39024449	Diversity and scale: Genetic architecture of 2068 traits in the VA Million Veteran Program.	Skin cancer	939 African American or Afro-Caribbean cases, 119,688 African American or Afro-Caribbean controls, 83,801 European ancestry cases, 347,397 European ancestry controls, 2,247 Hispanic or Latin American cases, 56,654 Hispanic or Latin American controls	NA	7p21.1	7	17095084		AHR			ENSG00000106546			rs117132860-G	rs117132860	0	117132860	intron_variant	0	0.9847	6E-17	16.221848749616356		0.2313	[0.19-0.27] unit decrease	NR [44300000] (imputed)	N	skin cancer	http://purl.obolibrary.org/obo/MONDO_0002898	GCST90479798	Genome-wide genotyping array
2026-02-02	39024449	Verma A	2024-07-19	Science	www.ncbi.nlm.nih.gov/pubmed/39024449	Diversity and scale: Genetic architecture of 2068 traits in the VA Million Veteran Program.	Skin cancer	939 African American or Afro-Caribbean cases, 119,688 African American or Afro-Caribbean controls, 83,801 European ancestry cases, 347,397 European ancestry controls, 2,247 Hispanic or Latin American cases, 56,654 Hispanic or Latin American controls	NA	22q13.31	22	45233317		KIAA0930			ENSG00000100364			rs5766574-G	rs5766574	0	5766574	intron_variant	0	0.5927	3E-12	11.522878745280337		0.04332	[0.031-0.056] unit increase	NR [44300000] (imputed)	N	skin cancer	http://purl.obolibrary.org/obo/MONDO_0002898	GCST90479798	Genome-wide genotyping array
2026-02-02	39024449	Verma A	2024-07-19	Science	www.ncbi.nlm.nih.gov/pubmed/39024449	Diversity and scale: Genetic architecture of 2068 traits in the VA Million Veteran Program.	Skin cancer	939 African American or Afro-Caribbean cases, 119,688 African American or Afro-Caribbean controls, 83,801 European ancestry cases, 347,397 European ancestry controls, 2,247 Hispanic or Latin American cases, 56,654 Hispanic or Latin American controls	NA	8q21.13	8	76565258		ZFHX4-AS1			ENSG00000253661			rs112840089-T	rs112840089	0	112840089	intron_variant	0	0.9354	4E-11	10.397940008672037		0.09237	[0.063-0.122] unit increase	NR [44300000] (imputed)	N	skin cancer	http://purl.obolibrary.org/obo/MONDO_0002898	GCST90479798	Genome-wide genotyping array
2026-02-02	39024449	Verma A	2024-07-19	Science	www.ncbi.nlm.nih.gov/pubmed/39024449	Diversity and scale: Genetic architecture of 2068 traits in the VA Million Veteran Program.	Skin cancer	939 African American or Afro-Caribbean cases, 119,688 African American or Afro-Caribbean controls, 83,801 European ancestry cases, 347,397 European ancestry controls, 2,247 Hispanic or Latin American cases, 56,654 Hispanic or Latin American controls	NA	10q21.2	10	62642673		LINC02929			ENSG00000285551			rs10995255-G	rs10995255	0	10995255	intron_variant	0	0.6945	1E-12	12.0		0.04946	[0.037-0.062] unit decrease	NR [44300000] (imputed)	N	skin cancer	http://purl.obolibrary.org/obo/MONDO_0002898	GCST90479798	Genome-wide genotyping array
2026-02-02	39024449	Verma A	2024-07-19	Science	www.ncbi.nlm.nih.gov/pubmed/39024449	Diversity and scale: Genetic architecture of 2068 traits in the VA Million Veteran Program.	Skin cancer	939 African American or Afro-Caribbean cases, 119,688 African American or Afro-Caribbean controls, 83,801 European ancestry cases, 347,397 European ancestry controls, 2,247 Hispanic or Latin American cases, 56,654 Hispanic or Latin American controls	NA	6p21.32	6	32621514		HLA-DRB1 - HLA-DQA1	ENSG00000196126	ENSG00000196735		31666	6665	rs9271499-C	rs9271499	0	9271499	intron_variant	1	0.614	8E-22	21.096910013008056		0.06804	[0.053-0.083] unit increase	NR [44300000] (imputed)	N	skin cancer	http://purl.obolibrary.org/obo/MONDO_0002898	GCST90479798	Genome-wide genotyping array
2026-02-02	39024449	Verma A	2024-07-19	Science	www.ncbi.nlm.nih.gov/pubmed/39024449	Diversity and scale: Genetic architecture of 2068 traits in the VA Million Veteran Program.	Skin cancer	939 African American or Afro-Caribbean cases, 119,688 African American or Afro-Caribbean controls, 83,801 European ancestry cases, 347,397 European ancestry controls, 2,247 Hispanic or Latin American cases, 56,654 Hispanic or Latin American controls	NA	6q15	6	90267049		BACH2			ENSG00000112182			rs72928038-G	rs72928038	0	72928038	intron_variant	0	0.86	1E-30	30.0		0.1037	[0.084-0.123] unit increase	NR [44300000] (imputed)	N	skin cancer	http://purl.obolibrary.org/obo/MONDO_0002898	GCST90479798	Genome-wide genotyping array
2026-02-02	39024449	Verma A	2024-07-19	Science	www.ncbi.nlm.nih.gov/pubmed/39024449	Diversity and scale: Genetic architecture of 2068 traits in the VA Million Veteran Program.	Skin cancer	939 African American or Afro-Caribbean cases, 119,688 African American or Afro-Caribbean controls, 83,801 European ancestry cases, 347,397 European ancestry controls, 2,247 Hispanic or Latin American cases, 56,654 Hispanic or Latin American controls	NA	7p15.1	7	28175045		JAZF1			ENSG00000153814			rs182533474-C	rs182533474	0	182533474	intron_variant	0	0.5889	4E-11	10.397940008672037		0.04308	[0.031-0.055] unit decrease	NR [44300000] (imputed)	N	skin cancer	http://purl.obolibrary.org/obo/MONDO_0002898	GCST90479798	Genome-wide genotyping array
2026-02-02	39024449	Verma A	2024-07-19	Science	www.ncbi.nlm.nih.gov/pubmed/39024449	Diversity and scale: Genetic architecture of 2068 traits in the VA Million Veteran Program.	Skin cancer	939 African American or Afro-Caribbean cases, 119,688 African American or Afro-Caribbean controls, 83,801 European ancestry cases, 347,397 European ancestry controls, 2,247 Hispanic or Latin American cases, 56,654 Hispanic or Latin American controls	NA	7p14.3	7	29092663		CPVL			ENSG00000106066			rs117744081-A	rs117744081	0	117744081	missense_variant	0	0.975	1E-23	23.0		0.2023	[0.15-0.25] unit increase	NR [44300000] (imputed)	N	skin cancer	http://purl.obolibrary.org/obo/MONDO_0002898	GCST90479798	Genome-wide genotyping array
2026-02-02	39024449	Verma A	2024-07-19	Science	www.ncbi.nlm.nih.gov/pubmed/39024449	Diversity and scale: Genetic architecture of 2068 traits in the VA Million Veteran Program.	Skin cancer	939 African American or Afro-Caribbean cases, 119,688 African American or Afro-Caribbean controls, 83,801 European ancestry cases, 347,397 European ancestry controls, 2,247 Hispanic or Latin American cases, 56,654 Hispanic or Latin American controls	NA	8q22.2	8	100035220		RGS22			ENSG00000132554			rs28884287-C	rs28884287	0	28884287	intron_variant	0	0.8248	4E-14	13.397940008672037		0.06647	[0.048-0.085] unit increase	NR [44300000] (imputed)	N	skin cancer	http://purl.obolibrary.org/obo/MONDO_0002898	GCST90479798	Genome-wide genotyping array
2026-02-02	39024449	Verma A	2024-07-19	Science	www.ncbi.nlm.nih.gov/pubmed/39024449	Diversity and scale: Genetic architecture of 2068 traits in the VA Million Veteran Program.	Skin cancer	939 African American or Afro-Caribbean cases, 119,688 African American or Afro-Caribbean controls, 83,801 European ancestry cases, 347,397 European ancestry controls, 2,247 Hispanic or Latin American cases, 56,654 Hispanic or Latin American controls	NA	9p22.2	9	16874614		BNC2 - RN7SL720P	ENSG00000173068	ENSG00000241152		3712	179287	rs10962650-C	rs10962650	0	10962650	intergenic_variant	1	0.5112	1E-44	44.0		0.09399	[0.082-0.106] unit decrease	NR [44300000] (imputed)	N	skin cancer	http://purl.obolibrary.org/obo/MONDO_0002898	GCST90479798	Genome-wide genotyping array
2026-02-02	39024449	Verma A	2024-07-19	Science	www.ncbi.nlm.nih.gov/pubmed/39024449	Diversity and scale: Genetic architecture of 2068 traits in the VA Million Veteran Program.	Skin cancer	939 African American or Afro-Caribbean cases, 119,688 African American or Afro-Caribbean controls, 83,801 European ancestry cases, 347,397 European ancestry controls, 2,247 Hispanic or Latin American cases, 56,654 Hispanic or Latin American controls	NA	9p21.3	9	22030028		CDKN2B-AS1			ENSG00000240498			rs4977753-C	rs4977753	0	4977753	intron_variant	0	0.4651	1E-18	18.0		0.05408	[0.041-0.067] unit increase	NR [44300000] (imputed)	N	skin cancer	http://purl.obolibrary.org/obo/MONDO_0002898	GCST90479798	Genome-wide genotyping array
2026-02-02	39024449	Verma A	2024-07-19	Science	www.ncbi.nlm.nih.gov/pubmed/39024449	Diversity and scale: Genetic architecture of 2068 traits in the VA Million Veteran Program.	Skin cancer	939 African American or Afro-Caribbean cases, 119,688 African American or Afro-Caribbean controls, 83,801 European ancestry cases, 347,397 European ancestry controls, 2,247 Hispanic or Latin American cases, 56,654 Hispanic or Latin American controls	NA	10p14	10	8944594		LINC02676			ENSG00000234752			rs78267753-G	rs78267753	0	78267753	intron_variant	0	0.9019	1E-24	24.0		0.1041	[0.082-0.126] unit increase	NR [44300000] (imputed)	N	skin cancer	http://purl.obolibrary.org/obo/MONDO_0002898	GCST90479798	Genome-wide genotyping array
2026-02-02	39024449	Verma A	2024-07-19	Science	www.ncbi.nlm.nih.gov/pubmed/39024449	Diversity and scale: Genetic architecture of 2068 traits in the VA Million Veteran Program.	Skin cancer	939 African American or Afro-Caribbean cases, 119,688 African American or Afro-Caribbean controls, 83,801 European ancestry cases, 347,397 European ancestry controls, 2,247 Hispanic or Latin American cases, 56,654 Hispanic or Latin American controls	NA	11q13.5	11	76580110		EMSY - LINC02757	ENSG00000158636	ENSG00000255363		27079	27254	rs61893460-G	rs61893460	0	61893460	intergenic_variant	1	0.5921	2E-13	12.698970004336019		0.04937	[0.037-0.062] unit decrease	NR [44300000] (imputed)	N	skin cancer	http://purl.obolibrary.org/obo/MONDO_0002898	GCST90479798	Genome-wide genotyping array
2026-02-02	39024449	Verma A	2024-07-19	Science	www.ncbi.nlm.nih.gov/pubmed/39024449	Diversity and scale: Genetic architecture of 2068 traits in the VA Million Veteran Program.	Skin cancer	939 African American or Afro-Caribbean cases, 119,688 African American or Afro-Caribbean controls, 83,801 European ancestry cases, 347,397 European ancestry controls, 2,247 Hispanic or Latin American cases, 56,654 Hispanic or Latin American controls	NA	11q14.3	11	89284793		TYR			ENSG00000077498			rs1126809-G	rs1126809	0	1126809	missense_variant	0	0.7753	2E-99	98.69897000433602		0.1522	[0.14-0.16] unit decrease	NR [44300000] (imputed)	N	skin cancer	http://purl.obolibrary.org/obo/MONDO_0002898	GCST90479798	Genome-wide genotyping array
2026-02-02	39024449	Verma A	2024-07-19	Science	www.ncbi.nlm.nih.gov/pubmed/39024449	Diversity and scale: Genetic architecture of 2068 traits in the VA Million Veteran Program.	Skin cancer	939 African American or Afro-Caribbean cases, 119,688 African American or Afro-Caribbean controls, 83,801 European ancestry cases, 347,397 European ancestry controls, 2,247 Hispanic or Latin American cases, 56,654 Hispanic or Latin American controls	NA	12q13.13	12	52519884		KRT5			ENSG00000186081			rs11170164-C	rs11170164	0	11170164	missense_variant	0	0.9399	6E-29	28.221848749616356		0.1348	[0.11-0.16] unit decrease	NR [44300000] (imputed)	N	skin cancer	http://purl.obolibrary.org/obo/MONDO_0002898	GCST90479798	Genome-wide genotyping array
2026-02-02	39024449	Verma A	2024-07-19	Science	www.ncbi.nlm.nih.gov/pubmed/39024449	Diversity and scale: Genetic architecture of 2068 traits in the VA Million Veteran Program.	Skin cancer	939 African American or Afro-Caribbean cases, 119,688 African American or Afro-Caribbean controls, 83,801 European ancestry cases, 347,397 European ancestry controls, 2,247 Hispanic or Latin American cases, 56,654 Hispanic or Latin American controls	NA	15q13.1	15	28120472		HERC2			ENSG00000128731			rs12913832-A	rs12913832	0	12913832	intron_variant	0	0.4116	1E-46	46.0		0.1146	[0.1-0.13] unit decrease	NR [44300000] (imputed)	N	skin cancer	http://purl.obolibrary.org/obo/MONDO_0002898	GCST90479798	Genome-wide genotyping array
2026-02-02	39024449	Verma A	2024-07-19	Science	www.ncbi.nlm.nih.gov/pubmed/39024449	Diversity and scale: Genetic architecture of 2068 traits in the VA Million Veteran Program.	Skin cancer	939 African American or Afro-Caribbean cases, 119,688 African American or Afro-Caribbean controls, 83,801 European ancestry cases, 347,397 European ancestry controls, 2,247 Hispanic or Latin American cases, 56,654 Hispanic or Latin American controls	NA	15q21.1	15	48134287		SLC24A5			ENSG00000188467			rs1426654-A	rs1426654	0	1426654	missense_variant	0	0.8052	6E-22	21.221848749616356		0.2966	[0.22-0.38] unit increase	NR [44300000] (imputed)	N	skin cancer	http://purl.obolibrary.org/obo/MONDO_0002898	GCST90479798	Genome-wide genotyping array
2026-02-02	39024449	Verma A	2024-07-19	Science	www.ncbi.nlm.nih.gov/pubmed/39024449	Diversity and scale: Genetic architecture of 2068 traits in the VA Million Veteran Program.	Skin cancer	939 African American or Afro-Caribbean cases, 119,688 African American or Afro-Caribbean controls, 83,801 European ancestry cases, 347,397 European ancestry controls, 2,247 Hispanic or Latin American cases, 56,654 Hispanic or Latin American controls	NA	16q24.3	16	89919709		MC1R			ENSG00000258839			rs1805007-C	rs1805007	0	1805007	missense_variant	0	0.9364	8E-269	268.0969100130081		0.388	[0.37-0.4] unit decrease	NR [44300000] (imputed)	N	skin cancer	http://purl.obolibrary.org/obo/MONDO_0002898	GCST90479798	Genome-wide genotyping array
2026-02-02	39024449	Verma A	2024-07-19	Science	www.ncbi.nlm.nih.gov/pubmed/39024449	Diversity and scale: Genetic architecture of 2068 traits in the VA Million Veteran Program.	Skin cancer	939 African American or Afro-Caribbean cases, 119,688 African American or Afro-Caribbean controls, 83,801 European ancestry cases, 347,397 European ancestry controls, 2,247 Hispanic or Latin American cases, 56,654 Hispanic or Latin American controls	NA	17p13.1	17	7668434		TP53			ENSG00000141510			rs78378222-T	rs78378222	0	78378222	3_prime_UTR_variant	0	0.9906	4E-16	15.397940008672037		0.2308	[0.19-0.27] unit decrease	NR [44300000] (imputed)	N	skin cancer	http://purl.obolibrary.org/obo/MONDO_0002898	GCST90479798	Genome-wide genotyping array
2026-02-02	39024449	Verma A	2024-07-19	Science	www.ncbi.nlm.nih.gov/pubmed/39024449	Diversity and scale: Genetic architecture of 2068 traits in the VA Million Veteran Program.	Skin cancer	939 African American or Afro-Caribbean cases, 119,688 African American or Afro-Caribbean controls, 83,801 European ancestry cases, 347,397 European ancestry controls, 2,247 Hispanic or Latin American cases, 56,654 Hispanic or Latin American controls	NA	19p13.3	19	4837475		TICAM1 - PLIN3-AS1	ENSG00000127666	ENSG00000267484		5763	857	rs10425559-A	rs10425559	0	10425559	intergenic_variant	1	0.376	3E-14	13.522878745280337		0.05366	[0.041-0.067] unit decrease	NR [44300000] (imputed)	N	skin cancer	http://purl.obolibrary.org/obo/MONDO_0002898	GCST90479798	Genome-wide genotyping array
2026-02-02	39024449	Verma A	2024-07-19	Science	www.ncbi.nlm.nih.gov/pubmed/39024449	Diversity and scale: Genetic architecture of 2068 traits in the VA Million Veteran Program.	Skin cancer	939 African American or Afro-Caribbean cases, 119,688 African American or Afro-Caribbean controls, 83,801 European ancestry cases, 347,397 European ancestry controls, 2,247 Hispanic or Latin American cases, 56,654 Hispanic or Latin American controls	NA	19q13.33	19	49648429		SCAF1			ENSG00000126461			rs7508601-T	rs7508601	0	7508601	intron_variant	0	0.6676	4E-12	11.397940008672037		0.04685	[0.033-0.061] unit increase	NR [44300000] (imputed)	N	skin cancer	http://purl.obolibrary.org/obo/MONDO_0002898	GCST90479798	Genome-wide genotyping array
2026-02-02	39024449	Verma A	2024-07-19	Science	www.ncbi.nlm.nih.gov/pubmed/39024449	Diversity and scale: Genetic architecture of 2068 traits in the VA Million Veteran Program.	Skin cancer	939 African American or Afro-Caribbean cases, 119,688 African American or Afro-Caribbean controls, 83,801 European ancestry cases, 347,397 European ancestry controls, 2,247 Hispanic or Latin American cases, 56,654 Hispanic or Latin American controls	NA	20p13	20	2294164		LINC03086 - TGM3	ENSG00000226644	ENSG00000125780		81013	1837	rs214757-G	rs214757	0	214757	intron_variant	1	0.2825	1E-23	23.0		0.09506	[0.075-0.115] unit increase	NR [44300000] (imputed)	N	skin cancer	http://purl.obolibrary.org/obo/MONDO_0002898	GCST90479798	Genome-wide genotyping array
2026-02-02	39024449	Verma A	2024-07-19	Science	www.ncbi.nlm.nih.gov/pubmed/39024449	Diversity and scale: Genetic architecture of 2068 traits in the VA Million Veteran Program.	Melanomas of skin (PheCode 172.11)	206 Hispanic or Latin American cases, 59,570 Hispanic or Latin American controls, 10,468 European ancestry cases, 436,283 European ancestry controls	NA	22q13.1	22	38176433		PLA2G6			ENSG00000184381			rs4384-G	rs4384	0	4384	intron_variant	0	0.542	1E-14	14.0		0.1145	[0.082-0.147] unit increase	NR [44300000] (imputed)	N	cutaneous melanoma	http://purl.obolibrary.org/obo/MONDO_0005012	GCST90479793	Genome-wide genotyping array
2026-02-02	39024449	Verma A	2024-07-19	Science	www.ncbi.nlm.nih.gov/pubmed/39024449	Diversity and scale: Genetic architecture of 2068 traits in the VA Million Veteran Program.	Melanomas of skin (PheCode 172.11)	206 Hispanic or Latin American cases, 59,570 Hispanic or Latin American controls, 10,468 European ancestry cases, 436,283 European ancestry controls	NA	16q24.3	16	89919709		MC1R			ENSG00000258839			rs1805007-C	rs1805007	0	1805007	missense_variant	0	0.9244	4E-105	104.39794000867204		0.4806	[0.45-0.51] unit decrease	NR [44300000] (imputed)	N	cutaneous melanoma	http://purl.obolibrary.org/obo/MONDO_0005012	GCST90479793	Genome-wide genotyping array
2026-02-02	39024449	Verma A	2024-07-19	Science	www.ncbi.nlm.nih.gov/pubmed/39024449	Diversity and scale: Genetic architecture of 2068 traits in the VA Million Veteran Program.	Melanomas of skin, dx or hx (PheCode 172.1)	256 African American or Afro-Caribbean cases, 121,283 African American or Afro-Caribbean controls, 45,274 European ancestry cases, 389,597 European ancestry controls, 1,032 Hispanic or Latin American cases, 58,328 Hispanic or Latin American controls	NA	1q21.3	1	150755556		CTSS			ENSG00000163131			rs140691474-A	rs140691474	0	140691474	intron_variant	0	0.6604	1E-20	20.0		0.07272	[0.056-0.089] unit increase	NR [44300000] (imputed)	N	cutaneous melanoma	http://purl.obolibrary.org/obo/MONDO_0005012	GCST90479794	Genome-wide genotyping array
2026-02-02	39024449	Verma A	2024-07-19	Science	www.ncbi.nlm.nih.gov/pubmed/39024449	Diversity and scale: Genetic architecture of 2068 traits in the VA Million Veteran Program.	Melanomas of skin, dx or hx (PheCode 172.1)	256 African American or Afro-Caribbean cases, 121,283 African American or Afro-Caribbean controls, 45,274 European ancestry cases, 389,597 European ancestry controls, 1,032 Hispanic or Latin American cases, 58,328 Hispanic or Latin American controls	NA	2p22.2	2	38070996		CYP1B1			ENSG00000138061			rs1800440-T	rs1800440	0	1800440	missense_variant	0	0.8471	4E-11	10.397940008672037		0.06599	[0.045-0.087] unit increase	NR [44300000] (imputed)	N	cutaneous melanoma	http://purl.obolibrary.org/obo/MONDO_0005012	GCST90479794	Genome-wide genotyping array
2026-02-02	39024449	Verma A	2024-07-19	Science	www.ncbi.nlm.nih.gov/pubmed/39024449	Diversity and scale: Genetic architecture of 2068 traits in the VA Million Veteran Program.	Melanomas of skin, dx or hx (PheCode 172.1)	256 African American or Afro-Caribbean cases, 121,283 African American or Afro-Caribbean controls, 45,274 European ancestry cases, 389,597 European ancestry controls, 1,032 Hispanic or Latin American cases, 58,328 Hispanic or Latin American controls	NA	2q33.2	2	203874196		CTLA4 - ICOS	ENSG00000163599	ENSG00000163600		231	62567	rs3087243-G	rs3087243	0	3087243	intergenic_variant	1	0.5988	7E-13	12.154901959985743		0.05597	[0.042-0.07] unit decrease	NR [44300000] (imputed)	N	cutaneous melanoma	http://purl.obolibrary.org/obo/MONDO_0005012	GCST90479794	Genome-wide genotyping array
2024-12-13	39528825	Western D	2024-11-11	Nat Genet	www.ncbi.nlm.nih.gov/pubmed/39528825	Proteogenomic analysis of human cerebrospinal fluid identifies neurologically relevant regulation and implicates causal proteins for Alzheimer's disease.	Melanoma-associated antigen 10 levels	3,506 European ancestry individuals	NA	15q21.2	15	51377428		GLDN			ENSG00000186417			rs17602686-C	rs17602686	0	17602686	intron_variant	0	0.204916	9E-13	12.045757490560675		0.2096	[0.15-0.26] unit decrease	Affymetrix, Illumina [7327952] (imputed)	N	protein measurement	http://www.ebi.ac.uk/efo/EFO_0004747	GCST90422252	Genome-wide genotyping array, Genome-wide sequencing [NA]
2024-12-13	39528825	Western D	2024-11-11	Nat Genet	www.ncbi.nlm.nih.gov/pubmed/39528825	Proteogenomic analysis of human cerebrospinal fluid identifies neurologically relevant regulation and implicates causal proteins for Alzheimer's disease.	melanoma-derived growth regulatory protein levels	3,506 European ancestry individuals	NA	19q13.2	19	40771172		MIA			ENSG00000261857			rs2607421-G	rs2607421	0	2607421	intergenic_variant	0	0.0674546	2E-47	46.69897000433602		0.6208	[0.54-0.7] unit increase	Affymetrix, Illumina [7327953] (imputed)	N	protein measurement	http://www.ebi.ac.uk/efo/EFO_0004747	GCST90425422	Genome-wide genotyping array, Genome-wide sequencing [NA]
2024-12-13	39528825	Western D	2024-11-11	Nat Genet	www.ncbi.nlm.nih.gov/pubmed/39528825	Proteogenomic analysis of human cerebrospinal fluid identifies neurologically relevant regulation and implicates causal proteins for Alzheimer's disease.	melanoma-derived growth regulatory protein levels	3,506 European ancestry individuals	NA	16q21	16	58007174		USB1			ENSG00000103005			rs4784881-T	rs4784881	0	4784881	intron_variant	0	0.297578	2E-29	28.69897000433602		0.2803	[0.23-0.33] unit decrease	Affymetrix, Illumina [7327953] (imputed)	N	protein measurement	http://www.ebi.ac.uk/efo/EFO_0004747	GCST90425422	Genome-wide genotyping array, Genome-wide sequencing [NA]
2024-12-13	39528825	Western D	2024-11-11	Nat Genet	www.ncbi.nlm.nih.gov/pubmed/39528825	Proteogenomic analysis of human cerebrospinal fluid identifies neurologically relevant regulation and implicates causal proteins for Alzheimer's disease.	Melanoma-associated antigen D1 levels	2,549 European ancestry individuals	NA	19q13.32	19	44912921		APOE - APOC1	ENSG00000130203	ENSG00000130208		3525	212	rs483082-T	rs483082	0	483082	non_coding_transcript_exon_variant	1	0.298756	6E-74	73.22184874961636		0.5457	[0.49-0.6] unit decrease	Affymetrix, Illumina [7327959] (imputed)	N	protein measurement	http://www.ebi.ac.uk/efo/EFO_0004747	GCST90424043	Genome-wide genotyping array, Genome-wide sequencing [NA]
2024-12-13	39528825	Western D	2024-11-11	Nat Genet	www.ncbi.nlm.nih.gov/pubmed/39528825	Proteogenomic analysis of human cerebrospinal fluid identifies neurologically relevant regulation and implicates causal proteins for Alzheimer's disease.	Melanoma-associated antigen 3 (analyte X20133.1) levels	2,549 European ancestry individuals	NA	19q13.32	19	44913484		APOC1			ENSG00000130208			rs438811-T	rs438811	0	438811	non_coding_transcript_exon_variant	0	0.300399	2E-360	359.69897000433605		1.0482	[1.01-1.09] unit decrease	Affymetrix, Illumina [7327959] (imputed)	N	protein measurement	http://www.ebi.ac.uk/efo/EFO_0004747	GCST90423670	Genome-wide genotyping array, Genome-wide sequencing [NA]
2024-12-13	39528825	Western D	2024-11-11	Nat Genet	www.ncbi.nlm.nih.gov/pubmed/39528825	Proteogenomic analysis of human cerebrospinal fluid identifies neurologically relevant regulation and implicates causal proteins for Alzheimer's disease.	Melanoma-associated antigen MUC18 levels	2,549 European ancestry individuals	NA	11q23.3	11	119307228		CBL			ENSG00000110395			rs11217234-G	rs11217234	0	11217234	3_prime_UTR_variant	0	0.265474	4E-31	30.397940008672037		0.3633	[0.3-0.42] unit increase	Affymetrix, Illumina [7327959] (imputed)	N	protein measurement	http://www.ebi.ac.uk/efo/EFO_0004747	GCST90423763	Genome-wide genotyping array, Genome-wide sequencing [NA]
2025-07-03	39141363	Ingold N	2024-08-14	JAMA Dermatol	www.ncbi.nlm.nih.gov/pubmed/39141363	Exploring the Germline Genetics of In Situ and Invasive Cutaneous Melanoma: A Genome-Wide Association Study Meta-Analysis.	Melanoma in situ	3,564 European ancestry cases, 734,933 European ancestry controls	NA	16q24.3	16	89960104		DEF8			ENSG00000140995			rs4268748-T	rs4268748	0	4268748	intron_variant	0	0.71	1E-13	13.0		0.19	[0.13-0.25] unit decrease	Affymetrix, Illumina [NR] (imputed)	N	melanoma	http://purl.obolibrary.org/obo/MONDO_0005105	GCST90558252	Genome-wide genotyping array
2025-07-03	39141363	Ingold N	2024-08-14	JAMA Dermatol	www.ncbi.nlm.nih.gov/pubmed/39141363	Exploring the Germline Genetics of In Situ and Invasive Cutaneous Melanoma: A Genome-Wide Association Study Meta-Analysis.	Melanoma in situ	3,564 European ancestry cases, 734,933 European ancestry controls	NA	11q14.3	11	89284793		TYR			ENSG00000077498			rs1126809-A	rs1126809	0	1126809	missense_variant	0	0.28	1E-7	7.0		0.14	[0.081-0.199] unit increase	Affymetrix, Illumina [NR] (imputed)	N	melanoma	http://purl.obolibrary.org/obo/MONDO_0005105	GCST90558252	Genome-wide genotyping array
2025-07-03	39141363	Ingold N	2024-08-14	JAMA Dermatol	www.ncbi.nlm.nih.gov/pubmed/39141363	Exploring the Germline Genetics of In Situ and Invasive Cutaneous Melanoma: A Genome-Wide Association Study Meta-Analysis.	Melanoma in situ	3,564 European ancestry cases, 734,933 European ancestry controls	NA	20q11.22	20	34989186		MYH7B			ENSG00000078814			rs1885120-C	rs1885120	0	1885120	intron_variant	0	0.09	5E-12	11.301029995663981		0.29	[0.21-0.37] unit increase	Affymetrix, Illumina [NR] (imputed)	N	melanoma	http://purl.obolibrary.org/obo/MONDO_0005105	GCST90558252	Genome-wide genotyping array
2025-07-03	39141363	Ingold N	2024-08-14	JAMA Dermatol	www.ncbi.nlm.nih.gov/pubmed/39141363	Exploring the Germline Genetics of In Situ and Invasive Cutaneous Melanoma: A Genome-Wide Association Study Meta-Analysis.	Melanoma in situ	3,564 European ancestry cases, 734,933 European ancestry controls	NA	9p21.3	9	21784226		RN7SL151P - MTAP	ENSG00000244230	ENSG00000099810		84630	18410	rs958219-T	rs958219	0	958219	intron_variant	1	0.51	8E-15	14.096910013008056		0.19	[0.15-0.23] unit increase	Affymetrix, Illumina [NR] (imputed)	N	melanoma	http://purl.obolibrary.org/obo/MONDO_0005105	GCST90558252	Genome-wide genotyping array
2025-07-03	39141363	Ingold N	2024-08-14	JAMA Dermatol	www.ncbi.nlm.nih.gov/pubmed/39141363	Exploring the Germline Genetics of In Situ and Invasive Cutaneous Melanoma: A Genome-Wide Association Study Meta-Analysis.	Melanoma in situ	3,564 European ancestry cases, 734,933 European ancestry controls	NA	6p25.3	6	396321		IRF4			ENSG00000137265			rs12203592-T	rs12203592	0	12203592	intron_variant	0	0.21	8E-15	14.096910013008056		0.26	[0.2-0.32] unit increase	Affymetrix, Illumina [NR] (imputed)	N	melanoma	http://purl.obolibrary.org/obo/MONDO_0005105	GCST90558252	Genome-wide genotyping array
2025-07-03	39141363	Ingold N	2024-08-14	JAMA Dermatol	www.ncbi.nlm.nih.gov/pubmed/39141363	Exploring the Germline Genetics of In Situ and Invasive Cutaneous Melanoma: A Genome-Wide Association Study Meta-Analysis.	Melanoma in situ	3,564 European ancestry cases, 734,933 European ancestry controls	NA	5p15.33	5	1312342		MIR4457 - CLPTM1L	ENSG00000263670	ENSG00000049656		2965	5402	rs13356727-A	rs13356727	0	13356727	regulatory_region_variant	1	0.57	3E-9	8.522878745280337		0.15	[0.11-0.19] unit decrease	Affymetrix, Illumina [NR] (imputed)	N	melanoma	http://purl.obolibrary.org/obo/MONDO_0005105	GCST90558252	Genome-wide genotyping array
2025-07-03	39141363	Ingold N	2024-08-14	JAMA Dermatol	www.ncbi.nlm.nih.gov/pubmed/39141363	Exploring the Germline Genetics of In Situ and Invasive Cutaneous Melanoma: A Genome-Wide Association Study Meta-Analysis.	Melanoma in situ	3,564 European ancestry cases, 734,933 European ancestry controls	NA	9q31.2	9	107969648		RPS15AP27 - RPL31P43	ENSG00000236783	ENSG00000213557		5603	70565	rs10979147-T	rs10979147	0	10979147	intron_variant	1	0.18	2E-9	8.698970004336019		0.2	[0.14-0.26] unit decrease	Affymetrix, Illumina [NR] (imputed)	N	melanoma	http://purl.obolibrary.org/obo/MONDO_0005105	GCST90558252	Genome-wide genotyping array
2025-07-03	39141363	Ingold N	2024-08-14	JAMA Dermatol	www.ncbi.nlm.nih.gov/pubmed/39141363	Exploring the Germline Genetics of In Situ and Invasive Cutaneous Melanoma: A Genome-Wide Association Study Meta-Analysis.	Melanoma in situ	3,564 European ancestry cases, 734,933 European ancestry controls	NA	22q13.1	22	38197421		PLA2G6			ENSG00000184381			rs2413507-A	rs2413507	0	2413507	intron_variant	0	0.43	7E-7	6.154901959985743		0.12	[0.081-0.159] unit decrease	Affymetrix, Illumina [NR] (imputed)	N	melanoma	http://purl.obolibrary.org/obo/MONDO_0005105	GCST90558252	Genome-wide genotyping array
2025-07-03	39141363	Ingold N	2024-08-14	JAMA Dermatol	www.ncbi.nlm.nih.gov/pubmed/39141363	Exploring the Germline Genetics of In Situ and Invasive Cutaneous Melanoma: A Genome-Wide Association Study Meta-Analysis.	Invasive melanoma	10,552 European ancestry cases, 735,194 European ancestry controls	NA	16q24.3	16	89919709		MC1R			ENSG00000258839			rs1805007-T	rs1805007	0	1805007	missense_variant	0	0.1	2E-72	71.69897000433602		0.43	[0.39-0.47] unit increase	Affymetrix, Illumina [NR] (imputed)	N	melanoma	http://purl.obolibrary.org/obo/MONDO_0005105	GCST90558253	Genome-wide genotyping array
2025-07-03	39141363	Ingold N	2024-08-14	JAMA Dermatol	www.ncbi.nlm.nih.gov/pubmed/39141363	Exploring the Germline Genetics of In Situ and Invasive Cutaneous Melanoma: A Genome-Wide Association Study Meta-Analysis.	Invasive melanoma	10,552 European ancestry cases, 735,194 European ancestry controls	NA	11q22.3	11	108465909		C11orf65			ENSG00000166323			rs139122788-T	rs139122788	0	139122788	intron_variant	0	0.83	3E-12	11.522878745280337		0.16	[0.12-0.2] unit increase	Affymetrix, Illumina [NR] (imputed)	N	melanoma	http://purl.obolibrary.org/obo/MONDO_0005105	GCST90558253	Genome-wide genotyping array
2025-07-03	39141363	Ingold N	2024-08-14	JAMA Dermatol	www.ncbi.nlm.nih.gov/pubmed/39141363	Exploring the Germline Genetics of In Situ and Invasive Cutaneous Melanoma: A Genome-Wide Association Study Meta-Analysis.	Invasive melanoma	10,552 European ancestry cases, 735,194 European ancestry controls	NA	15q13.1	15	27985172		OCA2			ENSG00000104044			rs1800407-T	rs1800407	0	1800407	missense_variant	0	0.08	7E-11	10.154901959985743		0.19	[0.13-0.25] unit increase	Affymetrix, Illumina [NR] (imputed)	N	melanoma	http://purl.obolibrary.org/obo/MONDO_0005105	GCST90558253	Genome-wide genotyping array
2025-07-03	39141363	Ingold N	2024-08-14	JAMA Dermatol	www.ncbi.nlm.nih.gov/pubmed/39141363	Exploring the Germline Genetics of In Situ and Invasive Cutaneous Melanoma: A Genome-Wide Association Study Meta-Analysis.	Invasive melanoma	10,552 European ancestry cases, 735,194 European ancestry controls	NA	5p15.33	5	1344343		CLPTM1L			ENSG00000049656			rs31490-A	rs31490	0	31490	splice_region_variant	0	0.44	1E-26	26.0		0.17	[0.13-0.21] unit increase	Affymetrix, Illumina [NR] (imputed)	N	melanoma	http://purl.obolibrary.org/obo/MONDO_0005105	GCST90558253	Genome-wide genotyping array
2025-07-03	39141363	Ingold N	2024-08-14	JAMA Dermatol	www.ncbi.nlm.nih.gov/pubmed/39141363	Exploring the Germline Genetics of In Situ and Invasive Cutaneous Melanoma: A Genome-Wide Association Study Meta-Analysis.	Invasive melanoma	10,552 European ancestry cases, 735,194 European ancestry controls	NA	3p13	3	69901300		MITF			ENSG00000187098			rs183783391-T	rs183783391	0	183783391	intron_variant	0	0.01	4E-14	13.397940008672037		0.48	[0.36-0.6] unit increase	Affymetrix, Illumina [NR] (imputed)	N	melanoma	http://purl.obolibrary.org/obo/MONDO_0005105	GCST90558253	Genome-wide genotyping array
2025-07-03	39141363	Ingold N	2024-08-14	JAMA Dermatol	www.ncbi.nlm.nih.gov/pubmed/39141363	Exploring the Germline Genetics of In Situ and Invasive Cutaneous Melanoma: A Genome-Wide Association Study Meta-Analysis.	Invasive melanoma	10,552 European ancestry cases, 735,194 European ancestry controls	NA	17p13.1	17	7668434		TP53			ENSG00000141510			rs78378222-T	rs78378222	0	78378222	3_prime_UTR_variant	0	0.99	3E-8	7.522878745280337		0.37	[0.23-0.51] unit decrease	Affymetrix, Illumina [NR] (imputed)	N	melanoma	http://purl.obolibrary.org/obo/MONDO_0005105	GCST90558253	Genome-wide genotyping array
2025-07-03	39141363	Ingold N	2024-08-14	JAMA Dermatol	www.ncbi.nlm.nih.gov/pubmed/39141363	Exploring the Germline Genetics of In Situ and Invasive Cutaneous Melanoma: A Genome-Wide Association Study Meta-Analysis.	Invasive melanoma	10,552 European ancestry cases, 735,194 European ancestry controls	NA	10q24.33	10	103920874		STN1 - SLK	ENSG00000107960	ENSG00000065613		2112	46042	rs7907606-T	rs7907606	0	7907606	intron_variant	1	0.85	6E-10	9.221848749616356		0.14	[0.1-0.18] unit decrease	Affymetrix, Illumina [NR] (imputed)	N	melanoma	http://purl.obolibrary.org/obo/MONDO_0005105	GCST90558253	Genome-wide genotyping array
2025-07-03	39141363	Ingold N	2024-08-14	JAMA Dermatol	www.ncbi.nlm.nih.gov/pubmed/39141363	Exploring the Germline Genetics of In Situ and Invasive Cutaneous Melanoma: A Genome-Wide Association Study Meta-Analysis.	Invasive melanoma	10,552 European ancestry cases, 735,194 European ancestry controls	NA	11q14.3	11	89284793		TYR			ENSG00000077498			rs1126809-A	rs1126809	0	1126809	missense_variant	0	0.3	6E-31	30.221848749616356		0.2	[0.16-0.24] unit increase	Affymetrix, Illumina [NR] (imputed)	N	melanoma	http://purl.obolibrary.org/obo/MONDO_0005105	GCST90558253	Genome-wide genotyping array
2025-07-03	39141363	Ingold N	2024-08-14	JAMA Dermatol	www.ncbi.nlm.nih.gov/pubmed/39141363	Exploring the Germline Genetics of In Situ and Invasive Cutaneous Melanoma: A Genome-Wide Association Study Meta-Analysis.	Invasive melanoma	10,552 European ancestry cases, 735,194 European ancestry controls	NA	20q11.22	20	34077942		RALY			ENSG00000125970			rs6059655-A	rs6059655	0	6059655	intron_variant	0	0.1	2E-35	34.69897000433602		0.32	[0.26-0.38] unit increase	Affymetrix, Illumina [NR] (imputed)	N	melanoma	http://purl.obolibrary.org/obo/MONDO_0005105	GCST90558253	Genome-wide genotyping array
2025-07-03	39141363	Ingold N	2024-08-14	JAMA Dermatol	www.ncbi.nlm.nih.gov/pubmed/39141363	Exploring the Germline Genetics of In Situ and Invasive Cutaneous Melanoma: A Genome-Wide Association Study Meta-Analysis.	Invasive melanoma	10,552 European ancestry cases, 735,194 European ancestry controls	NA	1q21.3	1	155022502		DCST2			ENSG00000163354			rs76798800-T	rs76798800	0	76798800	intron_variant	0	0.26	4E-9	8.397940008672037		0.11	[0.071-0.149] unit increase	Affymetrix, Illumina [NR] (imputed)	N	melanoma	http://purl.obolibrary.org/obo/MONDO_0005105	GCST90558253	Genome-wide genotyping array
2025-07-03	39141363	Ingold N	2024-08-14	JAMA Dermatol	www.ncbi.nlm.nih.gov/pubmed/39141363	Exploring the Germline Genetics of In Situ and Invasive Cutaneous Melanoma: A Genome-Wide Association Study Meta-Analysis.	Invasive melanoma	10,552 European ancestry cases, 735,194 European ancestry controls	NA	6p22.3	6	21158957		CDKAL1			ENSG00000145996			rs6937555-C	rs6937555	0	6937555	intron_variant	0	0.32	8E-10	9.096910013008056		0.11	[0.071-0.149] unit increase	Affymetrix, Illumina [NR] (imputed)	N	melanoma	http://purl.obolibrary.org/obo/MONDO_0005105	GCST90558253	Genome-wide genotyping array
2025-07-03	39141363	Ingold N	2024-08-14	JAMA Dermatol	www.ncbi.nlm.nih.gov/pubmed/39141363	Exploring the Germline Genetics of In Situ and Invasive Cutaneous Melanoma: A Genome-Wide Association Study Meta-Analysis.	Invasive melanoma	10,552 European ancestry cases, 735,194 European ancestry controls	NA	21q22.3	21	41371400		MX2			ENSG00000183486			rs443099-T	rs443099	0	443099	intron_variant	0	0.61	6E-12	11.221848749616356		0.12	[0.081-0.159] unit increase	Affymetrix, Illumina [NR] (imputed)	N	melanoma	http://purl.obolibrary.org/obo/MONDO_0005105	GCST90558253	Genome-wide genotyping array
2025-07-03	39141363	Ingold N	2024-08-14	JAMA Dermatol	www.ncbi.nlm.nih.gov/pubmed/39141363	Exploring the Germline Genetics of In Situ and Invasive Cutaneous Melanoma: A Genome-Wide Association Study Meta-Analysis.	Invasive melanoma	10,552 European ancestry cases, 735,194 European ancestry controls	NA	3q25.31	3	156825693		LEKR1			ENSG00000197980			rs6776157-A	rs6776157	0	6776157	intergenic_variant	0	0.64	5E-8	7.301029995663981		0.09	[0.051-0.129] unit increase	Affymetrix, Illumina [NR] (imputed)	N	melanoma	http://purl.obolibrary.org/obo/MONDO_0005105	GCST90558253	Genome-wide genotyping array
2025-07-03	39141363	Ingold N	2024-08-14	JAMA Dermatol	www.ncbi.nlm.nih.gov/pubmed/39141363	Exploring the Germline Genetics of In Situ and Invasive Cutaneous Melanoma: A Genome-Wide Association Study Meta-Analysis.	Invasive melanoma	10,552 European ancestry cases, 735,194 European ancestry controls	NA	7p21.1	7	17095084		AHR			ENSG00000106546			rs117132860-A	rs117132860	0	117132860	intron_variant	0	0.03	5E-9	8.301029995663981		0.29	[0.19-0.39] unit increase	Affymetrix, Illumina [NR] (imputed)	N	melanoma	http://purl.obolibrary.org/obo/MONDO_0005105	GCST90558253	Genome-wide genotyping array
2025-07-03	39141363	Ingold N	2024-08-14	JAMA Dermatol	www.ncbi.nlm.nih.gov/pubmed/39141363	Exploring the Germline Genetics of In Situ and Invasive Cutaneous Melanoma: A Genome-Wide Association Study Meta-Analysis.	Invasive melanoma	10,552 European ancestry cases, 735,194 European ancestry controls	NA	22q13.1	22	38197421		PLA2G6			ENSG00000184381			rs2413507-A	rs2413507	0	2413507	intron_variant	0	0.43	1E-14	14.0		0.13	[0.091-0.169] unit decrease	Affymetrix, Illumina [NR] (imputed)	N	melanoma	http://purl.obolibrary.org/obo/MONDO_0005105	GCST90558253	Genome-wide genotyping array
2025-07-03	39141363	Ingold N	2024-08-14	JAMA Dermatol	www.ncbi.nlm.nih.gov/pubmed/39141363	Exploring the Germline Genetics of In Situ and Invasive Cutaneous Melanoma: A Genome-Wide Association Study Meta-Analysis.	Invasive melanoma	10,552 European ancestry cases, 735,194 European ancestry controls	NA	5p13.2	5	33951588		SLC45A2			ENSG00000164175			rs16891982-C	rs16891982	0	16891982	missense_variant	0	0.03	2E-20	19.69897000433602		0.66	[0.52-0.8] unit decrease	Affymetrix, Illumina [NR] (imputed)	N	melanoma	http://purl.obolibrary.org/obo/MONDO_0005105	GCST90558253	Genome-wide genotyping array
2025-07-03	39141363	Ingold N	2024-08-14	JAMA Dermatol	www.ncbi.nlm.nih.gov/pubmed/39141363	Exploring the Germline Genetics of In Situ and Invasive Cutaneous Melanoma: A Genome-Wide Association Study Meta-Analysis.	Invasive melanoma	10,552 European ancestry cases, 735,194 European ancestry controls	NA	1q41	1	214497913		PTPN14			ENSG00000152104			rs6540842-T	rs6540842	0	6540842	intron_variant	0	0.17	2E-10	9.698970004336019		0.15	[0.11-0.19] unit decrease	Affymetrix, Illumina [NR] (imputed)	N	melanoma	http://purl.obolibrary.org/obo/MONDO_0005105	GCST90558253	Genome-wide genotyping array
2025-07-03	39141363	Ingold N	2024-08-14	JAMA Dermatol	www.ncbi.nlm.nih.gov/pubmed/39141363	Exploring the Germline Genetics of In Situ and Invasive Cutaneous Melanoma: A Genome-Wide Association Study Meta-Analysis.	Invasive melanoma	10,552 European ancestry cases, 735,194 European ancestry controls	NA	7p21.1	7	16948485		AHR			ENSG00000106546			rs9639279-A	rs9639279	0	9639279	intron_variant	0	0.39	5E-10	9.301029995663981		0.11	[0.071-0.149] unit decrease	Affymetrix, Illumina [NR] (imputed)	N	melanoma	http://purl.obolibrary.org/obo/MONDO_0005105	GCST90558253	Genome-wide genotyping array
2025-07-03	39141363	Ingold N	2024-08-14	JAMA Dermatol	www.ncbi.nlm.nih.gov/pubmed/39141363	Exploring the Germline Genetics of In Situ and Invasive Cutaneous Melanoma: A Genome-Wide Association Study Meta-Analysis.	Invasive melanoma	10,552 European ancestry cases, 735,194 European ancestry controls	NA	9p21.3	9	21804618		MTAP			ENSG00000099810			rs869330-A	rs869330	0	869330	intron_variant	0	0.48	3E-35	34.52287874528034		0.2	[0.16-0.24] unit increase	Affymetrix, Illumina [NR] (imputed)	N	melanoma	http://purl.obolibrary.org/obo/MONDO_0005105	GCST90558253	Genome-wide genotyping array
2025-07-03	39141363	Ingold N	2024-08-14	JAMA Dermatol	www.ncbi.nlm.nih.gov/pubmed/39141363	Exploring the Germline Genetics of In Situ and Invasive Cutaneous Melanoma: A Genome-Wide Association Study Meta-Analysis.	Melanoma (in situ vs invasive)	2,677 European ancestry in-situ cases, 7,559 European ancestry invasive cases	NA	11p15.1	11	18897243		MRGPRX6P - MRGPRX5P	ENSG00000254541	ENSG00000255536		9323	13193	rs139602343-?	rs139602343	0	139602343	intron_variant	1	NR	5E-6	5.301029995663981				Affymetrix, Illumina [NR] (imputed)	N	melanoma	http://purl.obolibrary.org/obo/MONDO_0005105	GCST90558254	Genome-wide genotyping array
2025-07-03	39141363	Ingold N	2024-08-14	JAMA Dermatol	www.ncbi.nlm.nih.gov/pubmed/39141363	Exploring the Germline Genetics of In Situ and Invasive Cutaneous Melanoma: A Genome-Wide Association Study Meta-Analysis.	Melanoma (in situ vs invasive)	2,677 European ancestry in-situ cases, 7,559 European ancestry invasive cases	NA	2p24.1	2	19248484		LINC01376			ENSG00000236204			rs12710704-?	rs12710704	0	12710704	intron_variant	0	NR	5E-6	5.301029995663981				Affymetrix, Illumina [NR] (imputed)	N	melanoma	http://purl.obolibrary.org/obo/MONDO_0005105	GCST90558254	Genome-wide genotyping array
2025-07-03	39141363	Ingold N	2024-08-14	JAMA Dermatol	www.ncbi.nlm.nih.gov/pubmed/39141363	Exploring the Germline Genetics of In Situ and Invasive Cutaneous Melanoma: A Genome-Wide Association Study Meta-Analysis.	Melanoma (in situ vs invasive)	2,677 European ancestry in-situ cases, 7,559 European ancestry invasive cases	NA	6p25.3	6	396321		IRF4			ENSG00000137265			rs12203592-T	rs12203592	0	12203592	intron_variant	0	0.23	2E-6	5.698970004336019		0.19	[0.11-0.27] decrease	Affymetrix, Illumina [NR] (imputed)	N	melanoma	http://purl.obolibrary.org/obo/MONDO_0005105	GCST90558254	Genome-wide genotyping array
2025-07-03	39141363	Ingold N	2024-08-14	JAMA Dermatol	www.ncbi.nlm.nih.gov/pubmed/39141363	Exploring the Germline Genetics of In Situ and Invasive Cutaneous Melanoma: A Genome-Wide Association Study Meta-Analysis.	Melanoma (in situ vs invasive)	2,677 European ancestry in-situ cases, 7,559 European ancestry invasive cases	NA	6p24.3	6	8871480		HULC			ENSG00000285219			rs4566922-?	rs4566922	0	4566922	intergenic_variant	0	NR	5E-8	7.301029995663981				Affymetrix, Illumina [NR] (imputed)	N	melanoma	http://purl.obolibrary.org/obo/MONDO_0005105	GCST90558254	Genome-wide genotyping array
2026-02-02	39024449	Verma A	2024-07-19	Science	www.ncbi.nlm.nih.gov/pubmed/39024449	Diversity and scale: Genetic architecture of 2068 traits in the VA Million Veteran Program.	Takes medication for skin cancer?	351 African American or Afro-Caribbean cases, 55,154 African American or Afro-Caribbean controls, 5,688 European ancestry cases, 309,980 European ancestry controls	NA	11q14.3	11	89284793		TYR			ENSG00000077498			rs1126809-G	rs1126809	0	1126809	missense_variant	0	0.7523	1E-11	11.0		0.1431	[0.11-0.18] unit decrease	NR [44300000] (imputed)	N	drug use measurement, skin cancer	http://www.ebi.ac.uk/efo/EFO_0007010, http://purl.obolibrary.org/obo/MONDO_0002898	GCST90479537	Genome-wide genotyping array
2026-02-02	39024449	Verma A	2024-07-19	Science	www.ncbi.nlm.nih.gov/pubmed/39024449	Diversity and scale: Genetic architecture of 2068 traits in the VA Million Veteran Program.	Takes medication for skin cancer?	351 African American or Afro-Caribbean cases, 55,154 African American or Afro-Caribbean controls, 5,688 European ancestry cases, 309,980 European ancestry controls	NA	16q24.3	16	89919709		MC1R			ENSG00000258839			rs1805007-C	rs1805007	0	1805007	missense_variant	0	0.9276	1E-47	47.0		0.429	[0.39-0.47] unit decrease	NR [44300000] (imputed)	N	drug use measurement, skin cancer	http://www.ebi.ac.uk/efo/EFO_0007010, http://purl.obolibrary.org/obo/MONDO_0002898	GCST90479537	Genome-wide genotyping array
2026-02-02	39024449	Verma A	2024-07-19	Science	www.ncbi.nlm.nih.gov/pubmed/39024449	Diversity and scale: Genetic architecture of 2068 traits in the VA Million Veteran Program.	Takes medication for skin cancer?	351 African American or Afro-Caribbean cases, 55,154 African American or Afro-Caribbean controls, 5,688 European ancestry cases, 309,980 European ancestry controls	NA	6p25.3	6	396321		IRF4			ENSG00000137265			rs12203592-C	rs12203592	0	12203592	intron_variant	0	0.8592	2E-51	50.69897000433602		0.3929	[0.36-0.43] unit decrease	NR [44300000] (imputed)	N	drug use measurement, skin cancer	http://www.ebi.ac.uk/efo/EFO_0007010, http://purl.obolibrary.org/obo/MONDO_0002898	GCST90479537	Genome-wide genotyping array
2026-02-02	39024449	Verma A	2024-07-19	Science	www.ncbi.nlm.nih.gov/pubmed/39024449	Diversity and scale: Genetic architecture of 2068 traits in the VA Million Veteran Program.	Takes medication for skin cancer?	351 African American or Afro-Caribbean cases, 55,154 African American or Afro-Caribbean controls, 5,688 European ancestry cases, 309,980 European ancestry controls	NA	20q11.22	20	33950585		TPM3P2 - PIGPP3	ENSG00000214200	ENSG00000228958		37249	14577	rs62211989-G	rs62211989	0	62211989	intergenic_variant	1	0.9327	4E-15	14.397940008672037		0.2624	[0.21-0.31] unit decrease	NR [44300000] (imputed)	N	drug use measurement, skin cancer	http://www.ebi.ac.uk/efo/EFO_0007010, http://purl.obolibrary.org/obo/MONDO_0002898	GCST90479537	Genome-wide genotyping array
2026-02-02	39024449	Verma A	2024-07-19	Science	www.ncbi.nlm.nih.gov/pubmed/39024449	Diversity and scale: Genetic architecture of 2068 traits in the VA Million Veteran Program.	Skin cancer	431 African American or Afro-Caribbean cases, 55,074 African American or Afro-Caribbean controls, 55,282 European ancestry cases, 260,386 European ancestry controls, 979 Hispanic or Latin American cases, 28,335 Hispanic or Latin American controls	NA	1p36.13	1	17423008		RCC2			ENSG00000179051			rs730153-G	rs730153	0	730153	intron_variant	0	0.6529	3E-14	13.522878745280337		0.06088	[0.046-0.076] unit decrease	NR [44300000] (imputed)	N	skin cancer	http://purl.obolibrary.org/obo/MONDO_0002898	GCST90479538	Genome-wide genotyping array
2026-02-02	39024449	Verma A	2024-07-19	Science	www.ncbi.nlm.nih.gov/pubmed/39024449	Diversity and scale: Genetic architecture of 2068 traits in the VA Million Veteran Program.	Skin cancer	431 African American or Afro-Caribbean cases, 55,074 African American or Afro-Caribbean controls, 55,282 European ancestry cases, 260,386 European ancestry controls, 979 Hispanic or Latin American cases, 28,335 Hispanic or Latin American controls	NA	1q42.13	1	228853454		RHOU - LINC02814	ENSG00000116574	ENSG00000236975		106790	169319	rs801109-C	rs801109	0	801109	intron_variant	1	0.6937	1E-14	14.0		0.06459	[0.049-0.08] unit decrease	NR [44300000] (imputed)	N	skin cancer	http://purl.obolibrary.org/obo/MONDO_0002898	GCST90479538	Genome-wide genotyping array
2026-02-02	39024449	Verma A	2024-07-19	Science	www.ncbi.nlm.nih.gov/pubmed/39024449	Diversity and scale: Genetic architecture of 2068 traits in the VA Million Veteran Program.	Skin cancer	431 African American or Afro-Caribbean cases, 55,074 African American or Afro-Caribbean controls, 55,282 European ancestry cases, 260,386 European ancestry controls, 979 Hispanic or Latin American cases, 28,335 Hispanic or Latin American controls	NA	2q33.1	2	201296039		CASP8, FLACC1			ENSG00000064012, ENSG00000155749			rs75507031-C	rs75507031	0	75507031	intron_variant	0	0.2812	3E-33	32.52287874528034		0.09733	[0.08-0.115] unit increase	NR [44300000] (imputed)	N	skin cancer	http://purl.obolibrary.org/obo/MONDO_0002898	GCST90479538	Genome-wide genotyping array
2026-02-02	39024449	Verma A	2024-07-19	Science	www.ncbi.nlm.nih.gov/pubmed/39024449	Diversity and scale: Genetic architecture of 2068 traits in the VA Million Veteran Program.	Skin cancer	431 African American or Afro-Caribbean cases, 55,074 African American or Afro-Caribbean controls, 55,282 European ancestry cases, 260,386 European ancestry controls, 979 Hispanic or Latin American cases, 28,335 Hispanic or Latin American controls	NA	2q33.2	2	203874196		CTLA4 - ICOS	ENSG00000163599	ENSG00000163600		231	62567	rs3087243-G	rs3087243	0	3087243	intergenic_variant	1	0.585	1E-21	21.0		0.07175	[0.058-0.085] unit decrease	NR [44300000] (imputed)	N	skin cancer	http://purl.obolibrary.org/obo/MONDO_0002898	GCST90479538	Genome-wide genotyping array
2026-02-02	39024449	Verma A	2024-07-19	Science	www.ncbi.nlm.nih.gov/pubmed/39024449	Diversity and scale: Genetic architecture of 2068 traits in the VA Million Veteran Program.	Skin cancer	431 African American or Afro-Caribbean cases, 55,074 African American or Afro-Caribbean controls, 55,282 European ancestry cases, 260,386 European ancestry controls, 979 Hispanic or Latin American cases, 28,335 Hispanic or Latin American controls	NA	3q28	3	188384073		LPP			ENSG00000145012			rs13079741-G	rs13079741	0	13079741	intron_variant	0	0.5223	6E-23	22.221848749616356		0.08611	[0.068-0.105] unit increase	NR [44300000] (imputed)	N	skin cancer	http://purl.obolibrary.org/obo/MONDO_0002898	GCST90479538	Genome-wide genotyping array
2026-02-02	39024449	Verma A	2024-07-19	Science	www.ncbi.nlm.nih.gov/pubmed/39024449	Diversity and scale: Genetic architecture of 2068 traits in the VA Million Veteran Program.	Skin cancer	431 African American or Afro-Caribbean cases, 55,074 African American or Afro-Caribbean controls, 55,282 European ancestry cases, 260,386 European ancestry controls, 979 Hispanic or Latin American cases, 28,335 Hispanic or Latin American controls	NA	5p13.2	5	33951588		SLC45A2			ENSG00000164175			rs16891982-C	rs16891982	0	16891982	missense_variant	0	0.1767	8E-118	117.09691001300806		0.5176	[0.49-0.54] unit decrease	NR [44300000] (imputed)	N	skin cancer	http://purl.obolibrary.org/obo/MONDO_0002898	GCST90479538	Genome-wide genotyping array
2026-02-02	39024449	Verma A	2024-07-19	Science	www.ncbi.nlm.nih.gov/pubmed/39024449	Diversity and scale: Genetic architecture of 2068 traits in the VA Million Veteran Program.	Skin cancer	431 African American or Afro-Caribbean cases, 55,074 African American or Afro-Caribbean controls, 55,282 European ancestry cases, 260,386 European ancestry controls, 979 Hispanic or Latin American cases, 28,335 Hispanic or Latin American controls	NA	6p25.3	6	396321		IRF4			ENSG00000137265			rs12203592-C	rs12203592	0	12203592	intron_variant	0	0.8629	3E-265	264.52287874528037		0.3714	[0.36-0.39] unit decrease	NR [44300000] (imputed)	N	skin cancer	http://purl.obolibrary.org/obo/MONDO_0002898	GCST90479538	Genome-wide genotyping array
2026-02-02	39024449	Verma A	2024-07-19	Science	www.ncbi.nlm.nih.gov/pubmed/39024449	Diversity and scale: Genetic architecture of 2068 traits in the VA Million Veteran Program.	Skin cancer	431 African American or Afro-Caribbean cases, 55,074 African American or Afro-Caribbean controls, 55,282 European ancestry cases, 260,386 European ancestry controls, 979 Hispanic or Latin American cases, 28,335 Hispanic or Latin American controls	NA	6p21.33	6	31441506		MICA - LINC01149	ENSG00000204520	ENSG00000230174		26191	137	rs61447909-G	rs61447909	0	61447909	intron_variant	1	0.8866	2E-15	14.698970004336019		0.09516	[0.074-0.116] unit decrease	NR [44300000] (imputed)	N	skin cancer	http://purl.obolibrary.org/obo/MONDO_0002898	GCST90479538	Genome-wide genotyping array
2026-02-02	39024449	Verma A	2024-07-19	Science	www.ncbi.nlm.nih.gov/pubmed/39024449	Diversity and scale: Genetic architecture of 2068 traits in the VA Million Veteran Program.	Skin cancer	431 African American or Afro-Caribbean cases, 55,074 African American or Afro-Caribbean controls, 55,282 European ancestry cases, 260,386 European ancestry controls, 979 Hispanic or Latin American cases, 28,335 Hispanic or Latin American controls	NA	6p21.32	6	32628756		HLA-DQA1			ENSG00000196735			rs114420104-G	rs114420104	0	114420104	intergenic_variant	0	0.8998	2E-16	15.698970004336019		0.1053	[0.083-0.128] unit decrease	NR [44300000] (imputed)	N	skin cancer	http://purl.obolibrary.org/obo/MONDO_0002898	GCST90479538	Genome-wide genotyping array
2026-02-02	39024449	Verma A	2024-07-19	Science	www.ncbi.nlm.nih.gov/pubmed/39024449	Diversity and scale: Genetic architecture of 2068 traits in the VA Million Veteran Program.	Skin cancer	431 African American or Afro-Caribbean cases, 55,074 African American or Afro-Caribbean controls, 55,282 European ancestry cases, 260,386 European ancestry controls, 979 Hispanic or Latin American cases, 28,335 Hispanic or Latin American controls	NA	6q15	6	90267049		BACH2			ENSG00000112182			rs72928038-G	rs72928038	0	72928038	intron_variant	0	0.8516	5E-25	24.30102999566398		0.1044	[0.083-0.126] unit increase	NR [44300000] (imputed)	N	skin cancer	http://purl.obolibrary.org/obo/MONDO_0002898	GCST90479538	Genome-wide genotyping array
2026-02-02	39024449	Verma A	2024-07-19	Science	www.ncbi.nlm.nih.gov/pubmed/39024449	Diversity and scale: Genetic architecture of 2068 traits in the VA Million Veteran Program.	Skin cancer	431 African American or Afro-Caribbean cases, 55,074 African American or Afro-Caribbean controls, 55,282 European ancestry cases, 260,386 European ancestry controls, 979 Hispanic or Latin American cases, 28,335 Hispanic or Latin American controls	NA	6q27	6	167087074		CEP43 - CCR6	ENSG00000213066	ENSG00000112486		34356	24721	rs204295-C	rs204295	0	204295	intron_variant	1	0.5194	1E-13	13.0		0.0554	[0.042-0.069] unit decrease	NR [44300000] (imputed)	N	skin cancer	http://purl.obolibrary.org/obo/MONDO_0002898	GCST90479538	Genome-wide genotyping array
2026-02-02	39024449	Verma A	2024-07-19	Science	www.ncbi.nlm.nih.gov/pubmed/39024449	Diversity and scale: Genetic architecture of 2068 traits in the VA Million Veteran Program.	Skin cancer	431 African American or Afro-Caribbean cases, 55,074 African American or Afro-Caribbean controls, 55,282 European ancestry cases, 260,386 European ancestry controls, 979 Hispanic or Latin American cases, 28,335 Hispanic or Latin American controls	NA	7p21.1	7	17095084		AHR			ENSG00000106546			rs117132860-G	rs117132860	0	117132860	intron_variant	0	0.9838	3E-11	10.522878745280337		0.2111	[0.16-0.26] unit decrease	NR [44300000] (imputed)	N	skin cancer	http://purl.obolibrary.org/obo/MONDO_0002898	GCST90479538	Genome-wide genotyping array
2026-02-02	39024449	Verma A	2024-07-19	Science	www.ncbi.nlm.nih.gov/pubmed/39024449	Diversity and scale: Genetic architecture of 2068 traits in the VA Million Veteran Program.	Skin cancer	431 African American or Afro-Caribbean cases, 55,074 African American or Afro-Caribbean controls, 55,282 European ancestry cases, 260,386 European ancestry controls, 979 Hispanic or Latin American cases, 28,335 Hispanic or Latin American controls	NA	7p15.1	7	28149792		JAZF1			ENSG00000153814			rs1635852-T	rs1635852	0	1635852	intron_variant	0	0.5363	2E-13	12.698970004336019		0.05458	[0.041-0.068] unit decrease	NR [44300000] (imputed)	N	skin cancer	http://purl.obolibrary.org/obo/MONDO_0002898	GCST90479538	Genome-wide genotyping array
2026-02-02	39024449	Verma A	2024-07-19	Science	www.ncbi.nlm.nih.gov/pubmed/39024449	Diversity and scale: Genetic architecture of 2068 traits in the VA Million Veteran Program.	Skin cancer	431 African American or Afro-Caribbean cases, 55,074 African American or Afro-Caribbean controls, 55,282 European ancestry cases, 260,386 European ancestry controls, 979 Hispanic or Latin American cases, 28,335 Hispanic or Latin American controls	NA	7p14.3	7	29092663		CPVL			ENSG00000106066			rs117744081-A	rs117744081	0	117744081	missense_variant	0	0.9732	4E-19	18.397940008672037		0.2028	[0.15-0.26] unit increase	NR [44300000] (imputed)	N	skin cancer	http://purl.obolibrary.org/obo/MONDO_0002898	GCST90479538	Genome-wide genotyping array
2026-02-02	39024449	Verma A	2024-07-19	Science	www.ncbi.nlm.nih.gov/pubmed/39024449	Diversity and scale: Genetic architecture of 2068 traits in the VA Million Veteran Program.	Skin cancer	431 African American or Afro-Caribbean cases, 55,074 African American or Afro-Caribbean controls, 55,282 European ancestry cases, 260,386 European ancestry controls, 979 Hispanic or Latin American cases, 28,335 Hispanic or Latin American controls	NA	8q21.13	8	76565258		ZFHX4-AS1			ENSG00000253661			rs112840089-T	rs112840089	0	112840089	intron_variant	0	0.9362	7E-14	13.154901959985743		0.1226	[0.087-0.158] unit increase	NR [44300000] (imputed)	N	skin cancer	http://purl.obolibrary.org/obo/MONDO_0002898	GCST90479538	Genome-wide genotyping array
2026-02-02	39024449	Verma A	2024-07-19	Science	www.ncbi.nlm.nih.gov/pubmed/39024449	Diversity and scale: Genetic architecture of 2068 traits in the VA Million Veteran Program.	Skin cancer	83,801 European ancestry cases, 347,397 European ancestry controls	NA											chr10:6098824-T	chr10:6098824	0			1	0.5291	1E-13	13.0		0.03844	[0.027-0.05] unit decrease	NR [44300000] (imputed)	N	skin cancer	http://purl.obolibrary.org/obo/MONDO_0002898	GCST90475575	Genome-wide genotyping array
2026-02-02	39024449	Verma A	2024-07-19	Science	www.ncbi.nlm.nih.gov/pubmed/39024449	Diversity and scale: Genetic architecture of 2068 traits in the VA Million Veteran Program.	Skin cancer	83,801 European ancestry cases, 347,397 European ancestry controls	NA											chr10:8962477-C	chr10:8962477	0			1	0.8863	1E-38	38.0		0.1049	[0.087-0.123] unit increase	NR [44300000] (imputed)	N	skin cancer	http://purl.obolibrary.org/obo/MONDO_0002898	GCST90475575	Genome-wide genotyping array
2026-02-02	39024449	Verma A	2024-07-19	Science	www.ncbi.nlm.nih.gov/pubmed/39024449	Diversity and scale: Genetic architecture of 2068 traits in the VA Million Veteran Program.	Skin cancer	83,801 European ancestry cases, 347,397 European ancestry controls	NA											chr10:64388631-G	chr10:64388631	0			1	0.6263	7E-20	19.154901959985743		0.05039	[0.038-0.063] unit decrease	NR [44300000] (imputed)	N	skin cancer	http://purl.obolibrary.org/obo/MONDO_0002898	GCST90475575	Genome-wide genotyping array
2026-02-02	39024449	Verma A	2024-07-19	Science	www.ncbi.nlm.nih.gov/pubmed/39024449	Diversity and scale: Genetic architecture of 2068 traits in the VA Million Veteran Program.	Skin cancer	83,801 European ancestry cases, 347,397 European ancestry controls	NA											chr10:119573178-C	chr10:119573178	0			1	0.8562	2E-11	10.698970004336019		0.05286	[0.035-0.07] unit increase	NR [44300000] (imputed)	N	skin cancer	http://purl.obolibrary.org/obo/MONDO_0002898	GCST90475575	Genome-wide genotyping array
2026-02-02	39024449	Verma A	2024-07-19	Science	www.ncbi.nlm.nih.gov/pubmed/39024449	Diversity and scale: Genetic architecture of 2068 traits in the VA Million Veteran Program.	Skin cancer	83,801 European ancestry cases, 347,397 European ancestry controls	NA											chr11:64011854-C	chr11:64011854	0			1	0.5577	3E-17	16.522878745280337		0.04451	[0.033-0.056] unit increase	NR [44300000] (imputed)	N	skin cancer	http://purl.obolibrary.org/obo/MONDO_0002898	GCST90475575	Genome-wide genotyping array
2026-02-02	39024449	Verma A	2024-07-19	Science	www.ncbi.nlm.nih.gov/pubmed/39024449	Diversity and scale: Genetic architecture of 2068 traits in the VA Million Veteran Program.	Skin cancer	83,801 European ancestry cases, 347,397 European ancestry controls	NA											chr11:65573587-A	chr11:65573587	0			1	0.527	2E-11	10.698970004336019		0.03503	[0.024-0.046] unit increase	NR [44300000] (imputed)	N	skin cancer	http://purl.obolibrary.org/obo/MONDO_0002898	GCST90475575	Genome-wide genotyping array
2026-02-02	39024449	Verma A	2024-07-19	Science	www.ncbi.nlm.nih.gov/pubmed/39024449	Diversity and scale: Genetic architecture of 2068 traits in the VA Million Veteran Program.	Skin cancer	83,801 European ancestry cases, 347,397 European ancestry controls	NA											chr11:95426984-T	chr11:95426984	0			1	0.844	2E-12	11.698970004336019		0.0511	[0.035-0.068] unit increase	NR [44300000] (imputed)	N	skin cancer	http://purl.obolibrary.org/obo/MONDO_0002898	GCST90475575	Genome-wide genotyping array
2026-02-02	39024449	Verma A	2024-07-19	Science	www.ncbi.nlm.nih.gov/pubmed/39024449	Diversity and scale: Genetic architecture of 2068 traits in the VA Million Veteran Program.	Skin cancer	83,801 European ancestry cases, 347,397 European ancestry controls	NA											chr12:56435929-C	chr12:56435929	0			1	0.4068	2E-12	11.698970004336019		0.03787	[0.027-0.049] unit decrease	NR [44300000] (imputed)	N	skin cancer	http://purl.obolibrary.org/obo/MONDO_0002898	GCST90475575	Genome-wide genotyping array
2026-02-02	39024449	Verma A	2024-07-19	Science	www.ncbi.nlm.nih.gov/pubmed/39024449	Diversity and scale: Genetic architecture of 2068 traits in the VA Million Veteran Program.	Skin cancer	83,801 European ancestry cases, 347,397 European ancestry controls	NA											chr12:96378771-C	chr12:96378771	0			1	0.4422	3E-13	12.522878745280337		0.03891	[0.027-0.051] unit increase	NR [44300000] (imputed)	N	skin cancer	http://purl.obolibrary.org/obo/MONDO_0002898	GCST90475575	Genome-wide genotyping array
2026-02-02	39024449	Verma A	2024-07-19	Science	www.ncbi.nlm.nih.gov/pubmed/39024449	Diversity and scale: Genetic architecture of 2068 traits in the VA Million Veteran Program.	Skin cancer	83,801 European ancestry cases, 347,397 European ancestry controls	NA											chr13:32976645-T	chr13:32976645	0			1	0.5756	1E-12	12.0		0.04222	[0.029-0.055] unit increase	NR [44300000] (imputed)	N	skin cancer	http://purl.obolibrary.org/obo/MONDO_0002898	GCST90475575	Genome-wide genotyping array
2026-02-02	39024449	Verma A	2024-07-19	Science	www.ncbi.nlm.nih.gov/pubmed/39024449	Diversity and scale: Genetic architecture of 2068 traits in the VA Million Veteran Program.	Skin cancer	83,801 European ancestry cases, 347,397 European ancestry controls	NA											chr13:113537448-G	chr13:113537448	0			1	0.5695	1E-23	23.0		0.05288	[0.041-0.064] unit increase	NR [44300000] (imputed)	N	skin cancer	http://purl.obolibrary.org/obo/MONDO_0002898	GCST90475575	Genome-wide genotyping array
2026-02-02	39024449	Verma A	2024-07-19	Science	www.ncbi.nlm.nih.gov/pubmed/39024449	Diversity and scale: Genetic architecture of 2068 traits in the VA Million Veteran Program.	Skin cancer	83,801 European ancestry cases, 347,397 European ancestry controls	NA											chr14:75968105-T	chr14:75968105	0			1	0.8138	2E-12	11.698970004336019		0.05112	[0.035-0.067] unit increase	NR [44300000] (imputed)	N	skin cancer	http://purl.obolibrary.org/obo/MONDO_0002898	GCST90475575	Genome-wide genotyping array
2026-02-02	39024449	Verma A	2024-07-19	Science	www.ncbi.nlm.nih.gov/pubmed/39024449	Diversity and scale: Genetic architecture of 2068 traits in the VA Million Veteran Program.	Skin cancer	83,801 European ancestry cases, 347,397 European ancestry controls	NA											chr16:89714844-G	chr16:89714844	0			1	0.9229	1E-323	323.0		0.381	[0.36-0.4] unit decrease	NR [44300000] (imputed)	N	skin cancer	http://purl.obolibrary.org/obo/MONDO_0002898	GCST90475575	Genome-wide genotyping array
2026-02-02	39024449	Verma A	2024-07-19	Science	www.ncbi.nlm.nih.gov/pubmed/39024449	Diversity and scale: Genetic architecture of 2068 traits in the VA Million Veteran Program.	Skin cancer	83,801 European ancestry cases, 347,397 European ancestry controls	NA											chr20:2281970-G	chr20:2281970	0			1	0.2029	1E-36	36.0		0.0963	[0.08-0.113] unit increase	NR [44300000] (imputed)	N	skin cancer	http://purl.obolibrary.org/obo/MONDO_0002898	GCST90475575	Genome-wide genotyping array
2026-02-02	39024449	Verma A	2024-07-19	Science	www.ncbi.nlm.nih.gov/pubmed/39024449	Diversity and scale: Genetic architecture of 2068 traits in the VA Million Veteran Program.	Skin cancer	83,801 European ancestry cases, 347,397 European ancestry controls	NA											chr20:49392470-T	chr20:49392470	0			1	0.6941	1E-11	11.0		0.03752	[0.025-0.05] unit increase	NR [44300000] (imputed)	N	skin cancer	http://purl.obolibrary.org/obo/MONDO_0002898	GCST90475575	Genome-wide genotyping array
2026-02-02	39024449	Verma A	2024-07-19	Science	www.ncbi.nlm.nih.gov/pubmed/39024449	Diversity and scale: Genetic architecture of 2068 traits in the VA Million Veteran Program.	Skin cancer	83,801 European ancestry cases, 347,397 European ancestry controls	NA											chr22:38545942-T	chr22:38545942	0			1	0.5585	4E-17	16.397940008672037		0.04281	[0.032-0.054] unit increase	NR [44300000] (imputed)	N	skin cancer	http://purl.obolibrary.org/obo/MONDO_0002898	GCST90475575	Genome-wide genotyping array
2026-02-02	39024449	Verma A	2024-07-19	Science	www.ncbi.nlm.nih.gov/pubmed/39024449	Diversity and scale: Genetic architecture of 2068 traits in the VA Million Veteran Program.	Skin cancer	83,801 European ancestry cases, 347,397 European ancestry controls	NA											chr22:42176580-C	chr22:42176580	0			1	0.7608	7E-13	12.154901959985743		0.04655	[0.033-0.061] unit decrease	NR [44300000] (imputed)	N	skin cancer	http://purl.obolibrary.org/obo/MONDO_0002898	GCST90475575	Genome-wide genotyping array
2026-02-02	39024449	Verma A	2024-07-19	Science	www.ncbi.nlm.nih.gov/pubmed/39024449	Diversity and scale: Genetic architecture of 2068 traits in the VA Million Veteran Program.	Skin cancer	83,801 European ancestry cases, 347,397 European ancestry controls	NA	19p13.3	19	4837475		TICAM1 - PLIN3-AS1	ENSG00000127666	ENSG00000267484		5763	857	rs10425559-A	rs10425559	0	10425559	intergenic_variant	1	0.4158	2E-23	22.69897000433602		0.05545	[0.043-0.068] unit decrease	NR [44300000] (imputed)	N	skin cancer	http://purl.obolibrary.org/obo/MONDO_0002898	GCST90475575	Genome-wide genotyping array
2026-02-02	39024449	Verma A	2024-07-19	Science	www.ncbi.nlm.nih.gov/pubmed/39024449	Diversity and scale: Genetic architecture of 2068 traits in the VA Million Veteran Program.	Skin cancer	83,801 European ancestry cases, 347,397 European ancestry controls	NA	12q13.13	12	52519884		KRT5			ENSG00000186081			rs11170164-C	rs11170164	0	11170164	missense_variant	0	0.9229	1E-46	46.0		0.137	[0.12-0.16] unit decrease	NR [44300000] (imputed)	N	skin cancer	http://purl.obolibrary.org/obo/MONDO_0002898	GCST90475575	Genome-wide genotyping array
2026-02-02	39024449	Verma A	2024-07-19	Science	www.ncbi.nlm.nih.gov/pubmed/39024449	Diversity and scale: Genetic architecture of 2068 traits in the VA Million Veteran Program.	Skin cancer	83,801 European ancestry cases, 347,397 European ancestry controls	NA	1p36.13	1	17438131		RCC2			ENSG00000179051			rs113663016-G	rs113663016	0	113663016	intron_variant	0	0.6538	6E-38	37.221848749616356		0.06894	[0.057-0.081] unit decrease	NR [44300000] (imputed)	N	skin cancer	http://purl.obolibrary.org/obo/MONDO_0002898	GCST90475575	Genome-wide genotyping array
2026-02-02	39024449	Verma A	2024-07-19	Science	www.ncbi.nlm.nih.gov/pubmed/39024449	Diversity and scale: Genetic architecture of 2068 traits in the VA Million Veteran Program.	Skin cancer	83,801 European ancestry cases, 347,397 European ancestry controls	NA	7p21.1	7	17095084		AHR			ENSG00000106546			rs117132860-G	rs117132860	0	117132860	intron_variant	0	0.981	6E-25	24.221848749616356		0.2302	[0.18-0.28] unit decrease	NR [44300000] (imputed)	N	skin cancer	http://purl.obolibrary.org/obo/MONDO_0002898	GCST90475575	Genome-wide genotyping array
2026-02-02	39024449	Verma A	2024-07-19	Science	www.ncbi.nlm.nih.gov/pubmed/39024449	Diversity and scale: Genetic architecture of 2068 traits in the VA Million Veteran Program.	Skin cancer	83,801 European ancestry cases, 347,397 European ancestry controls	NA	7p14.3	7	29092663		CPVL			ENSG00000106066			rs117744081-A	rs117744081	0	117744081	missense_variant	0	0.9682	1E-37	37.0		0.1985	[0.17-0.23] unit increase	NR [44300000] (imputed)	N	skin cancer	http://purl.obolibrary.org/obo/MONDO_0002898	GCST90475575	Genome-wide genotyping array
2026-02-02	39024449	Verma A	2024-07-19	Science	www.ncbi.nlm.nih.gov/pubmed/39024449	Diversity and scale: Genetic architecture of 2068 traits in the VA Million Veteran Program.	Skin cancer	83,801 European ancestry cases, 347,397 European ancestry controls	NA	6p25.3	6	396321		IRF4			ENSG00000137265			rs12203592-C	rs12203592	0	12203592	intron_variant	0	0.8397	1E-323	323.0		0.3766	[0.36-0.39] unit decrease	NR [44300000] (imputed)	N	skin cancer	http://purl.obolibrary.org/obo/MONDO_0002898	GCST90475575	Genome-wide genotyping array
2026-02-02	39024449	Verma A	2024-07-19	Science	www.ncbi.nlm.nih.gov/pubmed/39024449	Diversity and scale: Genetic architecture of 2068 traits in the VA Million Veteran Program.	Skin cancer	83,801 European ancestry cases, 347,397 European ancestry controls	NA	9p22.2	9	16885019		BNC2 - RN7SL720P	ENSG00000173068	ENSG00000241152		14117	168882	rs12350739-G	rs12350739	0	12350739	TF_binding_site_variant	1	0.4346	1E-69	69.0		0.09506	[0.083-0.107] unit decrease	NR [44300000] (imputed)	N	skin cancer	http://purl.obolibrary.org/obo/MONDO_0002898	GCST90475575	Genome-wide genotyping array
2026-02-02	39024449	Verma A	2024-07-19	Science	www.ncbi.nlm.nih.gov/pubmed/39024449	Diversity and scale: Genetic architecture of 2068 traits in the VA Million Veteran Program.	Skin cancer	83,801 European ancestry cases, 347,397 European ancestry controls	NA	5q14.3	5	90966658		ADGRV1			ENSG00000164199			rs12523056-T	rs12523056	0	12523056	intron_variant	0	0.6129	3E-12	11.522878745280337		0.03776	[0.026-0.049] unit increase	NR [44300000] (imputed)	N	skin cancer	http://purl.obolibrary.org/obo/MONDO_0002898	GCST90475575	Genome-wide genotyping array
2026-02-02	39024449	Verma A	2024-07-19	Science	www.ncbi.nlm.nih.gov/pubmed/39024449	Diversity and scale: Genetic architecture of 2068 traits in the VA Million Veteran Program.	Skin cancer	2,247 Hispanic or Latin American cases, 56,654 Hispanic or Latin American controls	NA	5p13.2	5	33951588		SLC45A2			ENSG00000164175			rs16891982-C	rs16891982	0	16891982	missense_variant	0	0.4579	1E-36	36.0		0.4847	[0.41-0.56] unit decrease	NR [44300000] (imputed)	N	skin cancer	http://purl.obolibrary.org/obo/MONDO_0002898	GCST90475574	Genome-wide genotyping array
2026-02-02	39024449	Verma A	2024-07-19	Science	www.ncbi.nlm.nih.gov/pubmed/39024449	Diversity and scale: Genetic architecture of 2068 traits in the VA Million Veteran Program.	Skin cancer	2,247 Hispanic or Latin American cases, 56,654 Hispanic or Latin American controls	NA	15q21.1	15	48193729		SLC12A1, CTXN2			ENSG00000074803, ENSG00000233932			rs2413887-T	rs2413887	0	2413887	intron_variant	0	0.3515	2E-12	11.698970004336019		0.3129	[0.23-0.4] unit decrease	NR [44300000] (imputed)	N	skin cancer	http://purl.obolibrary.org/obo/MONDO_0002898	GCST90475574	Genome-wide genotyping array
2026-02-02	39024449	Verma A	2024-07-19	Science	www.ncbi.nlm.nih.gov/pubmed/39024449	Diversity and scale: Genetic architecture of 2068 traits in the VA Million Veteran Program.	Skin cancer	2,247 Hispanic or Latin American cases, 56,654 Hispanic or Latin American controls	NA	6p25.3	6	396321		IRF4			ENSG00000137265			rs12203592-C	rs12203592	0	12203592	intron_variant	0	0.9111	8E-12	11.096910013008056		0.3587	[0.26-0.46] unit decrease	NR [44300000] (imputed)	N	skin cancer	http://purl.obolibrary.org/obo/MONDO_0002898	GCST90475574	Genome-wide genotyping array
2026-02-02	39024449	Verma A	2024-07-19	Science	www.ncbi.nlm.nih.gov/pubmed/39024449	Diversity and scale: Genetic architecture of 2068 traits in the VA Million Veteran Program.	Skin cancer	83,801 European ancestry cases, 347,397 European ancestry controls	NA											chr1:154994978-G	chr1:154994978	0			1	0.7398	2E-12	11.698970004336019		0.03912	[0.026-0.052] unit decrease	NR [44300000] (imputed)	N	skin cancer	http://purl.obolibrary.org/obo/MONDO_0002898	GCST90475575	Genome-wide genotyping array
2026-02-02	39024449	Verma A	2024-07-19	Science	www.ncbi.nlm.nih.gov/pubmed/39024449	Diversity and scale: Genetic architecture of 2068 traits in the VA Million Veteran Program.	Skin cancer	83,801 European ancestry cases, 347,397 European ancestry controls	NA											chr1:167436320-C	chr1:167436320	0			1	0.466	2E-11	10.698970004336019		0.0366	[0.025-0.048] unit increase	NR [44300000] (imputed)	N	skin cancer	http://purl.obolibrary.org/obo/MONDO_0002898	GCST90475575	Genome-wide genotyping array
2026-02-02	39024449	Verma A	2024-07-19	Science	www.ncbi.nlm.nih.gov/pubmed/39024449	Diversity and scale: Genetic architecture of 2068 traits in the VA Million Veteran Program.	Skin cancer	83,801 European ancestry cases, 347,397 European ancestry controls	NA	11q14.3	11	89284793		TYR			ENSG00000077498			rs1126809-G	rs1126809	0	1126809	missense_variant	0	0.717	5E-165	164.30102999566398		0.1545	[0.14-0.17] unit decrease	NR [44300000] (imputed)	N	skin cancer	http://purl.obolibrary.org/obo/MONDO_0002898	GCST90475575	Genome-wide genotyping array
2026-02-02	39024449	Verma A	2024-07-19	Science	www.ncbi.nlm.nih.gov/pubmed/39024449	Diversity and scale: Genetic architecture of 2068 traits in the VA Million Veteran Program.	Melanomas of skin, dx or hx (PheCode 172.1)	1,032 Hispanic or Latin American cases, 58,328 Hispanic or Latin American controls	NA	5p13.2	5	33951588		SLC45A2			ENSG00000164175			rs16891982-C	rs16891982	0	16891982	missense_variant	0	0.4576	1E-24	24.0		0.5842	[0.47-0.69] unit decrease	NR [44300000] (imputed)	N	cutaneous melanoma	http://purl.obolibrary.org/obo/MONDO_0005012	GCST90475576	Genome-wide genotyping array
2026-02-02	39024449	Verma A	2024-07-19	Science	www.ncbi.nlm.nih.gov/pubmed/39024449	Diversity and scale: Genetic architecture of 2068 traits in the VA Million Veteran Program.	Melanomas of skin, dx or hx (PheCode 172.1)	45,274 European ancestry cases, 389,597 European ancestry controls	NA											chr1:150869829-G	chr1:150869829	0			1	0.4677	1E-24	24.0		0.07005	[0.056-0.084] unit decrease	NR [44300000] (imputed)	N	cutaneous melanoma	http://purl.obolibrary.org/obo/MONDO_0005012	GCST90475577	Genome-wide genotyping array
2026-02-02	39024449	Verma A	2024-07-19	Science	www.ncbi.nlm.nih.gov/pubmed/39024449	Diversity and scale: Genetic architecture of 2068 traits in the VA Million Veteran Program.	Melanomas of skin, dx or hx (PheCode 172.1)	45,274 European ancestry cases, 389,597 European ancestry controls	NA											chr1:209608020-C	chr1:209608020	0			1	0.3426	3E-12	11.522878745280337		0.05044	[0.036-0.065] unit decrease	NR [44300000] (imputed)	N	cutaneous melanoma	http://purl.obolibrary.org/obo/MONDO_0005012	GCST90475577	Genome-wide genotyping array
2026-02-02	39024449	Verma A	2024-07-19	Science	www.ncbi.nlm.nih.gov/pubmed/39024449	Diversity and scale: Genetic architecture of 2068 traits in the VA Million Veteran Program.	Melanomas of skin, dx or hx (PheCode 172.1)	45,274 European ancestry cases, 389,597 European ancestry controls	NA											chr3:188091928-G	chr3:188091928	0			1	0.5578	4E-22	21.397940008672037		0.06809	[0.053-0.083] unit decrease	NR [44300000] (imputed)	N	cutaneous melanoma	http://purl.obolibrary.org/obo/MONDO_0005012	GCST90475577	Genome-wide genotyping array
2026-02-02	39024449	Verma A	2024-07-19	Science	www.ncbi.nlm.nih.gov/pubmed/39024449	Diversity and scale: Genetic architecture of 2068 traits in the VA Million Veteran Program.	Melanomas of skin, dx or hx (PheCode 172.1)	45,274 European ancestry cases, 389,597 European ancestry controls	NA											chr5:149196090-A	chr5:149196090	0			1	0.7423	1E-12	12.0		0.05669	[0.04-0.073] unit increase	NR [44300000] (imputed)	N	cutaneous melanoma	http://purl.obolibrary.org/obo/MONDO_0005012	GCST90475577	Genome-wide genotyping array
2026-02-02	39024449	Verma A	2024-07-19	Science	www.ncbi.nlm.nih.gov/pubmed/39024449	Diversity and scale: Genetic architecture of 2068 traits in the VA Million Veteran Program.	Melanomas of skin, dx or hx (PheCode 172.1)	45,274 European ancestry cases, 389,597 European ancestry controls	NA											chr7:50188934-C	chr7:50188934	0			1	0.6008	4E-12	11.397940008672037		0.04929	[0.034-0.064] unit increase	NR [44300000] (imputed)	N	cutaneous melanoma	http://purl.obolibrary.org/obo/MONDO_0005012	GCST90475577	Genome-wide genotyping array
2026-02-02	39024449	Verma A	2024-07-19	Science	www.ncbi.nlm.nih.gov/pubmed/39024449	Diversity and scale: Genetic architecture of 2068 traits in the VA Million Veteran Program.	Melanomas of skin, dx or hx (PheCode 172.1)	45,274 European ancestry cases, 389,597 European ancestry controls	NA											chr8:101095559-C	chr8:101095559	0			1	0.6079	1E-11	11.0		0.04775	[0.033-0.062] unit decrease	NR [44300000] (imputed)	N	cutaneous melanoma	http://purl.obolibrary.org/obo/MONDO_0005012	GCST90475577	Genome-wide genotyping array
2026-02-02	39024449	Verma A	2024-07-19	Science	www.ncbi.nlm.nih.gov/pubmed/39024449	Diversity and scale: Genetic architecture of 2068 traits in the VA Million Veteran Program.	Melanomas of skin, dx or hx (PheCode 172.1)	45,274 European ancestry cases, 389,597 European ancestry controls	NA											chr10:8968306-T	chr10:8968306	0			1	0.8863	1E-11	11.0		0.07163	[0.049-0.094] unit increase	NR [44300000] (imputed)	N	cutaneous melanoma	http://purl.obolibrary.org/obo/MONDO_0005012	GCST90475577	Genome-wide genotyping array
2026-02-02	39024449	Verma A	2024-07-19	Science	www.ncbi.nlm.nih.gov/pubmed/39024449	Diversity and scale: Genetic architecture of 2068 traits in the VA Million Veteran Program.	Melanomas of skin, dx or hx (PheCode 172.1)	45,274 European ancestry cases, 389,597 European ancestry controls	NA											chr11:95416338-G	chr11:95416338	0			1	0.1755	2E-11	10.698970004336019		0.06625	[0.045-0.088] unit decrease	NR [44300000] (imputed)	N	cutaneous melanoma	http://purl.obolibrary.org/obo/MONDO_0005012	GCST90475577	Genome-wide genotyping array
2026-02-02	39024449	Verma A	2024-07-19	Science	www.ncbi.nlm.nih.gov/pubmed/39024449	Diversity and scale: Genetic architecture of 2068 traits in the VA Million Veteran Program.	Melanomas of skin, dx or hx (PheCode 172.1)	45,274 European ancestry cases, 389,597 European ancestry controls	NA											chr13:113537448-G	chr13:113537448	0			1	0.5694	5E-14	13.301029995663981		0.05255	[0.038-0.067] unit increase	NR [44300000] (imputed)	N	cutaneous melanoma	http://purl.obolibrary.org/obo/MONDO_0005012	GCST90475577	Genome-wide genotyping array
2026-02-02	39024449	Verma A	2024-07-19	Science	www.ncbi.nlm.nih.gov/pubmed/39024449	Diversity and scale: Genetic architecture of 2068 traits in the VA Million Veteran Program.	Melanomas of skin, dx or hx (PheCode 172.1)	45,274 European ancestry cases, 389,597 European ancestry controls	NA											chr22:42211141-A	chr22:42211141	0			1	0.783	1E-11	11.0		0.05482	[0.038-0.072] unit decrease	NR [44300000] (imputed)	N	cutaneous melanoma	http://purl.obolibrary.org/obo/MONDO_0005012	GCST90475577	Genome-wide genotyping array
2026-02-02	39024449	Verma A	2024-07-19	Science	www.ncbi.nlm.nih.gov/pubmed/39024449	Diversity and scale: Genetic architecture of 2068 traits in the VA Million Veteran Program.	Melanomas of skin, dx or hx (PheCode 172.1)	45,274 European ancestry cases, 389,597 European ancestry controls	NA											chr22:45631165-T	chr22:45631165	0			1	0.5268	1E-14	14.0		0.05333	[0.039-0.068] unit increase	NR [44300000] (imputed)	N	cutaneous melanoma	http://purl.obolibrary.org/obo/MONDO_0005012	GCST90475577	Genome-wide genotyping array
2026-02-02	39024449	Verma A	2024-07-19	Science	www.ncbi.nlm.nih.gov/pubmed/39024449	Diversity and scale: Genetic architecture of 2068 traits in the VA Million Veteran Program.	Melanomas of skin, dx or hx (PheCode 172.1)	45,274 European ancestry cases, 389,597 European ancestry controls	NA	19p13.3	19	4837545		TICAM1 - PLIN3-AS1	ENSG00000127666	ENSG00000267484		5833	787	rs10424978-C	rs10424978	0	10424978	intergenic_variant	1	0.4175	9E-14	13.045757490560675		0.05464	[0.039-0.07] unit decrease	NR [44300000] (imputed)	N	cutaneous melanoma	http://purl.obolibrary.org/obo/MONDO_0005012	GCST90475577	Genome-wide genotyping array
2026-02-02	39024449	Verma A	2024-07-19	Science	www.ncbi.nlm.nih.gov/pubmed/39024449	Diversity and scale: Genetic architecture of 2068 traits in the VA Million Veteran Program.	Melanomas of skin, dx or hx (PheCode 172.1)	45,274 European ancestry cases, 389,597 European ancestry controls	NA	9p22.2	9	16873553		BNC2 - RN7SL720P	ENSG00000173068	ENSG00000241152		2651	180348	rs10810650-C	rs10810650	0	10810650	regulatory_region_variant	1	0.4103	9E-33	32.045757490560675		0.0842	[0.07-0.099] unit decrease	NR [44300000] (imputed)	N	cutaneous melanoma	http://purl.obolibrary.org/obo/MONDO_0005012	GCST90475577	Genome-wide genotyping array
2026-02-02	39024449	Verma A	2024-07-19	Science	www.ncbi.nlm.nih.gov/pubmed/39024449	Diversity and scale: Genetic architecture of 2068 traits in the VA Million Veteran Program.	Melanomas of skin, dx or hx (PheCode 172.1)	45,274 European ancestry cases, 389,597 European ancestry controls	NA	12q13.13	12	52519884		KRT5			ENSG00000186081			rs11170164-C	rs11170164	0	11170164	missense_variant	0	0.923	4E-25	24.397940008672037		0.1269	[0.1-0.15] unit decrease	NR [44300000] (imputed)	N	cutaneous melanoma	http://purl.obolibrary.org/obo/MONDO_0005012	GCST90475577	Genome-wide genotyping array
2026-02-02	39024449	Verma A	2024-07-19	Science	www.ncbi.nlm.nih.gov/pubmed/39024449	Diversity and scale: Genetic architecture of 2068 traits in the VA Million Veteran Program.	Melanomas of skin, dx or hx (PheCode 172.1)	45,274 European ancestry cases, 389,597 European ancestry controls	NA	11q14.3	11	89284793		TYR			ENSG00000077498			rs1126809-G	rs1126809	0	1126809	missense_variant	0	0.7174	3E-114	113.52287874528034		0.1683	[0.15-0.18] unit decrease	NR [44300000] (imputed)	N	cutaneous melanoma	http://purl.obolibrary.org/obo/MONDO_0005012	GCST90475577	Genome-wide genotyping array
2026-02-02	39024449	Verma A	2024-07-19	Science	www.ncbi.nlm.nih.gov/pubmed/39024449	Diversity and scale: Genetic architecture of 2068 traits in the VA Million Veteran Program.	Melanomas of skin, dx or hx (PheCode 172.1)	45,274 European ancestry cases, 389,597 European ancestry controls	NA	7p14.3	7	29092663		CPVL			ENSG00000106066			rs117744081-A	rs117744081	0	117744081	missense_variant	0	0.9682	2E-22	21.69897000433602		0.2042	[0.16-0.25] unit increase	NR [44300000] (imputed)	N	cutaneous melanoma	http://purl.obolibrary.org/obo/MONDO_0005012	GCST90475577	Genome-wide genotyping array
2026-02-02	39024449	Verma A	2024-07-19	Science	www.ncbi.nlm.nih.gov/pubmed/39024449	Diversity and scale: Genetic architecture of 2068 traits in the VA Million Veteran Program.	Melanomas of skin, dx or hx (PheCode 172.1)	45,274 European ancestry cases, 389,597 European ancestry controls	NA	6p25.3	6	396321		IRF4			ENSG00000137265			rs12203592-C	rs12203592	0	12203592	intron_variant	0	0.8403	2E-298	297.69897000433605		0.356	[0.34-0.38] unit decrease	NR [44300000] (imputed)	N	cutaneous melanoma	http://purl.obolibrary.org/obo/MONDO_0005012	GCST90475577	Genome-wide genotyping array
2026-02-02	39024449	Verma A	2024-07-19	Science	www.ncbi.nlm.nih.gov/pubmed/39024449	Diversity and scale: Genetic architecture of 2068 traits in the VA Million Veteran Program.	Melanomas of skin, dx or hx (PheCode 172.1)	45,274 European ancestry cases, 389,597 European ancestry controls	NA	15q13.1	15	28120472		HERC2			ENSG00000128731			rs12913832-A	rs12913832	0	12913832	intron_variant	0	0.2413	7E-41	40.15490195998574		0.1133	[0.096-0.131] unit decrease	NR [44300000] (imputed)	N	cutaneous melanoma	http://purl.obolibrary.org/obo/MONDO_0005012	GCST90475577	Genome-wide genotyping array
2026-02-02	39024449	Verma A	2024-07-19	Science	www.ncbi.nlm.nih.gov/pubmed/39024449	Diversity and scale: Genetic architecture of 2068 traits in the VA Million Veteran Program.	Melanomas of skin, dx or hx (PheCode 172.1)	45,274 European ancestry cases, 389,597 European ancestry controls	NA	15q21.1	15	48134287		SLC24A5			ENSG00000188467			rs1426654-A	rs1426654	0	1426654	missense_variant	0	0.9958	5E-16	15.301029995663981		0.5821	[0.43-0.73] unit increase	NR [44300000] (imputed)	N	cutaneous melanoma	http://purl.obolibrary.org/obo/MONDO_0005012	GCST90475577	Genome-wide genotyping array
2026-02-02	39024449	Verma A	2024-07-19	Science	www.ncbi.nlm.nih.gov/pubmed/39024449	Diversity and scale: Genetic architecture of 2068 traits in the VA Million Veteran Program.	Melanomas of skin, dx or hx (PheCode 172.1)	45,274 European ancestry cases, 389,597 European ancestry controls	NA	3p13	3	69964940		MITF			ENSG00000187098			rs149617956-G	rs149617956	0	149617956	stop_gained	0	0.9969	1E-19	19.0		0.4813	[0.38-0.59] unit decrease	NR [44300000] (imputed)	N	cutaneous melanoma	http://purl.obolibrary.org/obo/MONDO_0005012	GCST90475577	Genome-wide genotyping array
2026-02-02	39024449	Verma A	2024-07-19	Science	www.ncbi.nlm.nih.gov/pubmed/39024449	Diversity and scale: Genetic architecture of 2068 traits in the VA Million Veteran Program.	Melanomas of skin, dx or hx (PheCode 172.1)	45,274 European ancestry cases, 389,597 European ancestry controls	NA	5p13.2	5	33951588		SLC45A2			ENSG00000164175			rs16891982-C	rs16891982	0	16891982	missense_variant	0	0.03769	2E-141	140.69897000433602		0.6074	[0.56-0.66] unit decrease	NR [44300000] (imputed)	N	cutaneous melanoma	http://purl.obolibrary.org/obo/MONDO_0005012	GCST90475577	Genome-wide genotyping array
2026-02-02	39024449	Verma A	2024-07-19	Science	www.ncbi.nlm.nih.gov/pubmed/39024449	Diversity and scale: Genetic architecture of 2068 traits in the VA Million Veteran Program.	Melanomas of skin, dx or hx (PheCode 172.1)	45,274 European ancestry cases, 389,597 European ancestry controls	NA	16q24.3	16	89919709		MC1R			ENSG00000258839			rs1805007-C	rs1805007	0	1805007	missense_variant	0	0.9183	1E-288	288.0		0.4145	[0.39-0.44] unit decrease	NR [44300000] (imputed)	N	cutaneous melanoma	http://purl.obolibrary.org/obo/MONDO_0005012	GCST90475577	Genome-wide genotyping array
2026-02-02	39024449	Verma A	2024-07-19	Science	www.ncbi.nlm.nih.gov/pubmed/39024449	Diversity and scale: Genetic architecture of 2068 traits in the VA Million Veteran Program.	Melanomas of skin, dx or hx (PheCode 172.1)	45,274 European ancestry cases, 389,597 European ancestry controls	NA	6q27	6	167087074		CEP43 - CCR6	ENSG00000213066	ENSG00000112486		34356	24721	rs204295-C	rs204295	0	204295	intron_variant	1	0.5352	3E-14	13.522878745280337		0.05109	[0.037-0.065] unit decrease	NR [44300000] (imputed)	N	cutaneous melanoma	http://purl.obolibrary.org/obo/MONDO_0005012	GCST90475577	Genome-wide genotyping array
2026-02-02	39024449	Verma A	2024-07-19	Science	www.ncbi.nlm.nih.gov/pubmed/39024449	Diversity and scale: Genetic architecture of 2068 traits in the VA Million Veteran Program.	Skin cancer	83,801 European ancestry cases, 347,397 European ancestry controls	NA	15q13.1	15	28120472		HERC2			ENSG00000128731			rs12913832-A	rs12913832	0	12913832	intron_variant	0	0.2411	1E-69	69.0		0.1124	[0.099-0.126] unit decrease	NR [44300000] (imputed)	N	skin cancer	http://purl.obolibrary.org/obo/MONDO_0002898	GCST90475575	Genome-wide genotyping array
2026-02-02	39024449	Verma A	2024-07-19	Science	www.ncbi.nlm.nih.gov/pubmed/39024449	Diversity and scale: Genetic architecture of 2068 traits in the VA Million Veteran Program.	Skin cancer	83,801 European ancestry cases, 347,397 European ancestry controls	NA	15q21.1	15	48134287		SLC24A5			ENSG00000188467			rs1426654-A	rs1426654	0	1426654	missense_variant	0	0.9958	7E-24	23.154901959985743		0.5014	[0.39-0.61] unit increase	NR [44300000] (imputed)	N	skin cancer	http://purl.obolibrary.org/obo/MONDO_0002898	GCST90475575	Genome-wide genotyping array
2026-02-02	39024449	Verma A	2024-07-19	Science	www.ncbi.nlm.nih.gov/pubmed/39024449	Diversity and scale: Genetic architecture of 2068 traits in the VA Million Veteran Program.	Skin cancer	83,801 European ancestry cases, 347,397 European ancestry controls	NA	3p13	3	69964940		MITF			ENSG00000187098			rs149617956-G	rs149617956	0	149617956	stop_gained	0	0.9969	8E-15	14.096910013008056		0.3291	[0.24-0.42] unit decrease	NR [44300000] (imputed)	N	skin cancer	http://purl.obolibrary.org/obo/MONDO_0002898	GCST90475575	Genome-wide genotyping array
2026-02-02	39024449	Verma A	2024-07-19	Science	www.ncbi.nlm.nih.gov/pubmed/39024449	Diversity and scale: Genetic architecture of 2068 traits in the VA Million Veteran Program.	Skin cancer	83,801 European ancestry cases, 347,397 European ancestry controls	NA	5p13.2	5	33951588		SLC45A2			ENSG00000164175			rs16891982-C	rs16891982	0	16891982	missense_variant	0	0.03757	1E-240	240.0		0.5574	[0.52-0.59] unit decrease	NR [44300000] (imputed)	N	skin cancer	http://purl.obolibrary.org/obo/MONDO_0002898	GCST90475575	Genome-wide genotyping array
2026-02-02	39024449	Verma A	2024-07-19	Science	www.ncbi.nlm.nih.gov/pubmed/39024449	Diversity and scale: Genetic architecture of 2068 traits in the VA Million Veteran Program.	Skin cancer	83,801 European ancestry cases, 347,397 European ancestry controls	NA	2p22.2	2	38070996		CYP1B1			ENSG00000138061			rs1800440-T	rs1800440	0	1800440	missense_variant	0	0.8123	1E-15	15.0		0.05201	[0.038-0.066] unit increase	NR [44300000] (imputed)	N	skin cancer	http://purl.obolibrary.org/obo/MONDO_0002898	GCST90475575	Genome-wide genotyping array
2026-02-02	39024449	Verma A	2024-07-19	Science	www.ncbi.nlm.nih.gov/pubmed/39024449	Diversity and scale: Genetic architecture of 2068 traits in the VA Million Veteran Program.	Skin cancer	83,801 European ancestry cases, 347,397 European ancestry controls	NA	7p15.1	7	28175045		JAZF1			ENSG00000153814			rs182533474-C	rs182533474	0	182533474	intron_variant	0	0.5058	8E-17	16.096910013008056		0.04332	[0.032-0.054] unit decrease	NR [44300000] (imputed)	N	skin cancer	http://purl.obolibrary.org/obo/MONDO_0002898	GCST90475575	Genome-wide genotyping array
2026-02-02	39024449	Verma A	2024-07-19	Science	www.ncbi.nlm.nih.gov/pubmed/39024449	Diversity and scale: Genetic architecture of 2068 traits in the VA Million Veteran Program.	Skin cancer	83,801 European ancestry cases, 347,397 European ancestry controls	NA	21q22.3	21	41668857		PCSEAT - LINC00111	ENSG00000286027	ENSG00000227702		85970	10324	rs2776353-A	rs2776353	0	2776353	intergenic_variant	1	0.685	5E-18	17.30102999566398		0.04899	[0.037-0.061] unit increase	NR [44300000] (imputed)	N	skin cancer	http://purl.obolibrary.org/obo/MONDO_0002898	GCST90475575	Genome-wide genotyping array
2026-02-02	39024449	Verma A	2024-07-19	Science	www.ncbi.nlm.nih.gov/pubmed/39024449	Diversity and scale: Genetic architecture of 2068 traits in the VA Million Veteran Program.	Skin cancer	83,801 European ancestry cases, 347,397 European ancestry controls	NA	2q33.2	2	203874196		CTLA4 - ICOS	ENSG00000163599	ENSG00000163600		231	62567	rs3087243-G	rs3087243	0	3087243	intergenic_variant	1	0.5538	1E-27	27.0		0.05472	[0.044-0.066] unit decrease	NR [44300000] (imputed)	N	skin cancer	http://purl.obolibrary.org/obo/MONDO_0002898	GCST90475575	Genome-wide genotyping array
2026-02-02	39024449	Verma A	2024-07-19	Science	www.ncbi.nlm.nih.gov/pubmed/39024449	Diversity and scale: Genetic architecture of 2068 traits in the VA Million Veteran Program.	Skin cancer	83,801 European ancestry cases, 347,397 European ancestry controls	NA	1q21.3	1	150889383		CTXND2			ENSG00000283324			rs35782301-C	rs35782301	0	35782301	intron_variant	0	0.717	1E-30	30.0		0.06652	[0.054-0.079] unit decrease	NR [44300000] (imputed)	N	skin cancer	http://purl.obolibrary.org/obo/MONDO_0002898	GCST90475575	Genome-wide genotyping array
2026-02-02	39024449	Verma A	2024-07-19	Science	www.ncbi.nlm.nih.gov/pubmed/39024449	Diversity and scale: Genetic architecture of 2068 traits in the VA Million Veteran Program.	Skin cancer	83,801 European ancestry cases, 347,397 European ancestry controls	NA	5p15.33	5	1327736		CLPTM1L			ENSG00000049656			rs383009-C	rs383009	0	383009	intron_variant	0	0.5884	4E-32	31.397940008672037		0.06133	[0.05-0.073] unit increase	NR [44300000] (imputed)	N	skin cancer	http://purl.obolibrary.org/obo/MONDO_0002898	GCST90475575	Genome-wide genotyping array
2026-02-02	39024449	Verma A	2024-07-19	Science	www.ncbi.nlm.nih.gov/pubmed/39024449	Diversity and scale: Genetic architecture of 2068 traits in the VA Million Veteran Program.	Skin cancer	83,801 European ancestry cases, 347,397 European ancestry controls	NA	8q23.3	8	115581371		TRPS1			ENSG00000104447			rs4599845-T	rs4599845	0	4599845	intron_variant	0	0.4459	2E-14	13.698970004336019		0.04082	[0.029-0.052] unit increase	NR [44300000] (imputed)	N	skin cancer	http://purl.obolibrary.org/obo/MONDO_0002898	GCST90475575	Genome-wide genotyping array
2026-02-02	39024449	Verma A	2024-07-19	Science	www.ncbi.nlm.nih.gov/pubmed/39024449	Diversity and scale: Genetic architecture of 2068 traits in the VA Million Veteran Program.	Skin cancer	83,801 European ancestry cases, 347,397 European ancestry controls	NA	1q42.13	1	228848762		RHOU - LINC02814	ENSG00000116574	ENSG00000236975		102098	174011	rs56300457-T	rs56300457	0	56300457	intron_variant	1	0.7487	1E-46	46.0		0.08505	[0.072-0.098] unit decrease	NR [44300000] (imputed)	N	skin cancer	http://purl.obolibrary.org/obo/MONDO_0002898	GCST90475575	Genome-wide genotyping array
2026-02-02	39024449	Verma A	2024-07-19	Science	www.ncbi.nlm.nih.gov/pubmed/39024449	Diversity and scale: Genetic architecture of 2068 traits in the VA Million Veteran Program.	Skin cancer	83,801 European ancestry cases, 347,397 European ancestry controls	NA	20q11.22	20	34077942		RALY			ENSG00000125970			rs6059655-A	rs6059655	0	6059655	intron_variant	0	0.09166	2E-227	226.69897000433602		0.2901	[0.27-0.31] unit increase	NR [44300000] (imputed)	N	skin cancer	http://purl.obolibrary.org/obo/MONDO_0002898	GCST90475575	Genome-wide genotyping array
2026-02-02	39024449	Verma A	2024-07-19	Science	www.ncbi.nlm.nih.gov/pubmed/39024449	Diversity and scale: Genetic architecture of 2068 traits in the VA Million Veteran Program.	Skin cancer	83,801 European ancestry cases, 347,397 European ancestry controls	NA	11q13.5	11	76580110		EMSY - LINC02757	ENSG00000158636	ENSG00000255363		27079	27254	rs61893460-G	rs61893460	0	61893460	intergenic_variant	1	0.5547	6E-21	20.221848749616356		0.04922	[0.038-0.061] unit decrease	NR [44300000] (imputed)	N	skin cancer	http://purl.obolibrary.org/obo/MONDO_0002898	GCST90475575	Genome-wide genotyping array
2026-02-02	39024449	Verma A	2024-07-19	Science	www.ncbi.nlm.nih.gov/pubmed/39024449	Diversity and scale: Genetic architecture of 2068 traits in the VA Million Veteran Program.	Skin cancer	83,801 European ancestry cases, 347,397 European ancestry controls	NA	19q13.33	19	49648429		SCAF1			ENSG00000126461			rs7508601-T	rs7508601	0	7508601	intron_variant	0	0.6039	1E-18	18.0		0.04733	[0.036-0.059] unit increase	NR [44300000] (imputed)	N	skin cancer	http://purl.obolibrary.org/obo/MONDO_0002898	GCST90475575	Genome-wide genotyping array
2026-02-02	39024449	Verma A	2024-07-19	Science	www.ncbi.nlm.nih.gov/pubmed/39024449	Diversity and scale: Genetic architecture of 2068 traits in the VA Million Veteran Program.	Skin cancer	83,801 European ancestry cases, 347,397 European ancestry controls	NA	3q28	3	188362460		LPP			ENSG00000145012			rs7640550-T	rs7640550	0	7640550	intron_variant	0	0.5195	2E-43	42.69897000433602		0.07834	[0.066-0.091] unit increase	NR [44300000] (imputed)	N	skin cancer	http://purl.obolibrary.org/obo/MONDO_0002898	GCST90475575	Genome-wide genotyping array
2026-02-02	39024449	Verma A	2024-07-19	Science	www.ncbi.nlm.nih.gov/pubmed/39024449	Diversity and scale: Genetic architecture of 2068 traits in the VA Million Veteran Program.	Skin cancer	83,801 European ancestry cases, 347,397 European ancestry controls	NA	17p13.1	17	7668434		TP53			ENSG00000141510			rs78378222-T	rs78378222	0	78378222	3_prime_UTR_variant	0	0.9879	3E-25	24.522878745280337		0.2286	[0.18-0.28] unit decrease	NR [44300000] (imputed)	N	skin cancer	http://purl.obolibrary.org/obo/MONDO_0002898	GCST90475575	Genome-wide genotyping array
2026-02-02	39024449	Verma A	2024-07-19	Science	www.ncbi.nlm.nih.gov/pubmed/39024449	Diversity and scale: Genetic architecture of 2068 traits in the VA Million Veteran Program.	Skin cancer	83,801 European ancestry cases, 347,397 European ancestry controls	NA	11p15.4	11	9568842		ZNF143 - WEE1	ENSG00000166478	ENSG00000166483		39840	4826	rs7939541-C	rs7939541	0	7939541	regulatory_region_variant	1	0.4134	1E-12	12.0		0.0383	[0.027-0.05] unit increase	NR [44300000] (imputed)	N	skin cancer	http://purl.obolibrary.org/obo/MONDO_0002898	GCST90475575	Genome-wide genotyping array
2026-02-02	39024449	Verma A	2024-07-19	Science	www.ncbi.nlm.nih.gov/pubmed/39024449	Diversity and scale: Genetic architecture of 2068 traits in the VA Million Veteran Program.	Skin cancer	83,801 European ancestry cases, 347,397 European ancestry controls	NA	2p24.3	2	16286539		GACAT3 - CYRIA	ENSG00000236289	ENSG00000197872		199338	262920	rs79643549-T	rs79643549	0	79643549	intron_variant	1	0.9075	4E-16	15.397940008672037		0.07428	[0.054-0.095] unit increase	NR [44300000] (imputed)	N	skin cancer	http://purl.obolibrary.org/obo/MONDO_0002898	GCST90475575	Genome-wide genotyping array
2026-02-02	39024449	Verma A	2024-07-19	Science	www.ncbi.nlm.nih.gov/pubmed/39024449	Diversity and scale: Genetic architecture of 2068 traits in the VA Million Veteran Program.	Skin cancer	83,801 European ancestry cases, 347,397 European ancestry controls	NA											chr1:38281858-G	chr1:38281858	0			1	0.7197	7E-14	13.154901959985743		0.04294	[0.031-0.055] unit increase	NR [44300000] (imputed)	N	skin cancer	http://purl.obolibrary.org/obo/MONDO_0002898	GCST90475575	Genome-wide genotyping array
2026-02-02	39024449	Verma A	2024-07-19	Science	www.ncbi.nlm.nih.gov/pubmed/39024449	Diversity and scale: Genetic architecture of 2068 traits in the VA Million Veteran Program.	Skin cancer	83,801 European ancestry cases, 347,397 European ancestry controls	NA											chr22:45632483-T	chr22:45632483	0			1	0.523	6E-17	16.221848749616356		0.04395	[0.033-0.055] unit increase	NR [44300000] (imputed)	N	skin cancer	http://purl.obolibrary.org/obo/MONDO_0002898	GCST90475575	Genome-wide genotyping array
2026-02-02	39024449	Verma A	2024-07-19	Science	www.ncbi.nlm.nih.gov/pubmed/39024449	Diversity and scale: Genetic architecture of 2068 traits in the VA Million Veteran Program.	Skin cancer	83,801 European ancestry cases, 347,397 European ancestry controls	NA	1p13.2	1	113761186		PHTF1 - RSBN1	ENSG00000116793	ENSG00000081019		1278	646	rs6679677-C	rs6679677	0	6679677	intergenic_variant	1	0.9041	3E-26	25.522878745280337		0.09416	[0.075-0.113] unit increase	NR [44300000] (imputed)	N	skin cancer	http://purl.obolibrary.org/obo/MONDO_0002898	GCST90475575	Genome-wide genotyping array
2026-02-02	39024449	Verma A	2024-07-19	Science	www.ncbi.nlm.nih.gov/pubmed/39024449	Diversity and scale: Genetic architecture of 2068 traits in the VA Million Veteran Program.	Skin cancer	83,801 European ancestry cases, 347,397 European ancestry controls	NA	6q15	6	90267049		BACH2			ENSG00000112182			rs72928038-G	rs72928038	0	72928038	intron_variant	0	0.8317	7E-55	54.15490195998574		0.1078	[0.093-0.123] unit increase	NR [44300000] (imputed)	N	skin cancer	http://purl.obolibrary.org/obo/MONDO_0002898	GCST90475575	Genome-wide genotyping array
2026-02-02	39024449	Verma A	2024-07-19	Science	www.ncbi.nlm.nih.gov/pubmed/39024449	Diversity and scale: Genetic architecture of 2068 traits in the VA Million Veteran Program.	Skin cancer	83,801 European ancestry cases, 347,397 European ancestry controls	NA	11q13.3	11	69063896		TPCN2			ENSG00000162341			rs72928978-G	rs72928978	0	72928978	missense_variant	0	0.8832	3E-14	13.522878745280337		0.05988	[0.043-0.077] unit decrease	NR [44300000] (imputed)	N	skin cancer	http://purl.obolibrary.org/obo/MONDO_0002898	GCST90475575	Genome-wide genotyping array
2026-02-02	39024449	Verma A	2024-07-19	Science	www.ncbi.nlm.nih.gov/pubmed/39024449	Diversity and scale: Genetic architecture of 2068 traits in the VA Million Veteran Program.	Skin cancer	83,801 European ancestry cases, 347,397 European ancestry controls	NA	6q27	6	167087074		CEP43 - CCR6	ENSG00000213066	ENSG00000112486		34356	24721	rs204295-C	rs204295	0	204295	intron_variant	1	0.5348	4E-30	29.397940008672037		0.05807	[0.047-0.069] unit decrease	NR [44300000] (imputed)	N	skin cancer	http://purl.obolibrary.org/obo/MONDO_0002898	GCST90475575	Genome-wide genotyping array
2026-02-02	39024449	Verma A	2024-07-19	Science	www.ncbi.nlm.nih.gov/pubmed/39024449	Diversity and scale: Genetic architecture of 2068 traits in the VA Million Veteran Program.	Skin cancer	55,282 European ancestry cases, 260,386 European ancestry controls	NA											chr15:79234470-T	chr15:79234470	0			1	0.902	1E-12	12.0		0.08166	[0.058-0.106] unit decrease	NR [44300000] (imputed)	N	skin cancer	http://purl.obolibrary.org/obo/MONDO_0002898	GCST90475189	Genome-wide genotyping array
2026-02-02	39024449	Verma A	2024-07-19	Science	www.ncbi.nlm.nih.gov/pubmed/39024449	Diversity and scale: Genetic architecture of 2068 traits in the VA Million Veteran Program.	Skin cancer	55,282 European ancestry cases, 260,386 European ancestry controls	NA											chr22:38545942-T	chr22:38545942	0			1	0.5586	3E-13	12.522878745280337		0.04699	[0.033-0.061] unit increase	NR [44300000] (imputed)	N	skin cancer	http://purl.obolibrary.org/obo/MONDO_0002898	GCST90475189	Genome-wide genotyping array
2026-02-02	39024449	Verma A	2024-07-19	Science	www.ncbi.nlm.nih.gov/pubmed/39024449	Diversity and scale: Genetic architecture of 2068 traits in the VA Million Veteran Program.	Skin cancer	55,282 European ancestry cases, 260,386 European ancestry controls	NA	8q21.13	8	76562310		ZFHX4-AS1			ENSG00000253661			rs10093547-T	rs10093547	0	10093547	intron_variant	0	0.933	9E-19	18.045757490560675		0.1247	[0.095-0.154] unit increase	NR [44300000] (imputed)	N	skin cancer	http://purl.obolibrary.org/obo/MONDO_0002898	GCST90475189	Genome-wide genotyping array
2026-02-02	39024449	Verma A	2024-07-19	Science	www.ncbi.nlm.nih.gov/pubmed/39024449	Diversity and scale: Genetic architecture of 2068 traits in the VA Million Veteran Program.	Skin cancer	55,282 European ancestry cases, 260,386 European ancestry controls	NA	19p13.3	19	4837545		TICAM1 - PLIN3-AS1	ENSG00000127666	ENSG00000267484		5833	787	rs10424978-C	rs10424978	0	10424978	intergenic_variant	1	0.4174	5E-14	13.301029995663981		0.05246	[0.038-0.067] unit decrease	NR [44300000] (imputed)	N	skin cancer	http://purl.obolibrary.org/obo/MONDO_0002898	GCST90475189	Genome-wide genotyping array
2026-02-02	39024449	Verma A	2024-07-19	Science	www.ncbi.nlm.nih.gov/pubmed/39024449	Diversity and scale: Genetic architecture of 2068 traits in the VA Million Veteran Program.	Skin cancer	55,282 European ancestry cases, 260,386 European ancestry controls	NA	6p21.32	6	32628756		HLA-DQA1			ENSG00000196735			rs114420104-G	rs114420104	0	114420104	intergenic_variant	0	0.8927	2E-22	21.69897000433602		0.1086	[0.086-0.132] unit decrease	NR [44300000] (imputed)	N	skin cancer	http://purl.obolibrary.org/obo/MONDO_0002898	GCST90475189	Genome-wide genotyping array
2026-02-02	39024449	Verma A	2024-07-19	Science	www.ncbi.nlm.nih.gov/pubmed/39024449	Diversity and scale: Genetic architecture of 2068 traits in the VA Million Veteran Program.	Skin cancer	55,282 European ancestry cases, 260,386 European ancestry controls	NA	7p21.1	7	17095084		AHR			ENSG00000106546			rs117132860-G	rs117132860	0	117132860	intron_variant	0	0.9812	8E-15	14.096910013008056		0.2146	[0.16-0.27] unit decrease	NR [44300000] (imputed)	N	skin cancer	http://purl.obolibrary.org/obo/MONDO_0002898	GCST90475189	Genome-wide genotyping array
2026-02-02	39024449	Verma A	2024-07-19	Science	www.ncbi.nlm.nih.gov/pubmed/39024449	Diversity and scale: Genetic architecture of 2068 traits in the VA Million Veteran Program.	Skin cancer	55,282 European ancestry cases, 260,386 European ancestry controls	NA	7p14.3	7	29092663		CPVL			ENSG00000106066			rs117744081-A	rs117744081	0	117744081	missense_variant	0	0.9684	7E-25	24.154901959985743		0.2054	[0.16-0.25] unit increase	NR [44300000] (imputed)	N	skin cancer	http://purl.obolibrary.org/obo/MONDO_0002898	GCST90475189	Genome-wide genotyping array
2026-02-02	39024449	Verma A	2024-07-19	Science	www.ncbi.nlm.nih.gov/pubmed/39024449	Diversity and scale: Genetic architecture of 2068 traits in the VA Million Veteran Program.	Skin cancer	55,282 European ancestry cases, 260,386 European ancestry controls	NA	6p25.3	6	396321		IRF4			ENSG00000137265			rs12203592-C	rs12203592	0	12203592	intron_variant	0	0.8399	1E-323	323.0		0.3709	[0.35-0.39] unit decrease	NR [44300000] (imputed)	N	skin cancer	http://purl.obolibrary.org/obo/MONDO_0002898	GCST90475189	Genome-wide genotyping array
2026-02-02	39024449	Verma A	2024-07-19	Science	www.ncbi.nlm.nih.gov/pubmed/39024449	Diversity and scale: Genetic architecture of 2068 traits in the VA Million Veteran Program.	Skin cancer	55,282 European ancestry cases, 260,386 European ancestry controls	NA	15q13.1	15	28120472		HERC2			ENSG00000128731			rs12913832-A	rs12913832	0	12913832	intron_variant	0	0.2392	1E-47	47.0		0.1173	[0.1-0.13] unit decrease	NR [44300000] (imputed)	N	skin cancer	http://purl.obolibrary.org/obo/MONDO_0002898	GCST90475189	Genome-wide genotyping array
2026-02-02	39024449	Verma A	2024-07-19	Science	www.ncbi.nlm.nih.gov/pubmed/39024449	Diversity and scale: Genetic architecture of 2068 traits in the VA Million Veteran Program.	Skin cancer	55,282 European ancestry cases, 260,386 European ancestry controls	NA	5p13.2	5	33951588		SLC45A2			ENSG00000164175			rs16891982-C	rs16891982	0	16891982	missense_variant	0	0.03667	6E-134	133.22184874961636		0.5362	[0.49-0.58] unit decrease	NR [44300000] (imputed)	N	skin cancer	http://purl.obolibrary.org/obo/MONDO_0002898	GCST90475189	Genome-wide genotyping array
2026-02-02	39024449	Verma A	2024-07-19	Science	www.ncbi.nlm.nih.gov/pubmed/39024449	Diversity and scale: Genetic architecture of 2068 traits in the VA Million Veteran Program.	Skin cancer	55,282 European ancestry cases, 260,386 European ancestry controls	NA	7p15.1	7	28159058		JAZF1			ENSG00000153814			rs1708302-C	rs1708302	0	1708302	intron_variant	0	0.5082	2E-17	16.69897000433602		0.05578	[0.042-0.069] unit decrease	NR [44300000] (imputed)	N	skin cancer	http://purl.obolibrary.org/obo/MONDO_0002898	GCST90475189	Genome-wide genotyping array
2026-02-02	39024449	Verma A	2024-07-19	Science	www.ncbi.nlm.nih.gov/pubmed/39024449	Diversity and scale: Genetic architecture of 2068 traits in the VA Million Veteran Program.	Skin cancer	55,282 European ancestry cases, 260,386 European ancestry controls	NA	16q24.3	16	89919709		MC1R			ENSG00000258839			rs1805007-C	rs1805007	0	1805007	missense_variant	0	0.9177	3E-248	247.52287874528034		0.3782	[0.36-0.4] unit decrease	NR [44300000] (imputed)	N	skin cancer	http://purl.obolibrary.org/obo/MONDO_0002898	GCST90475189	Genome-wide genotyping array
2026-02-02	39024449	Verma A	2024-07-19	Science	www.ncbi.nlm.nih.gov/pubmed/39024449	Diversity and scale: Genetic architecture of 2068 traits in the VA Million Veteran Program.	Skin cancer	55,282 European ancestry cases, 260,386 European ancestry controls	NA	6q27	6	167087074		CEP43 - CCR6	ENSG00000213066	ENSG00000112486		34356	24721	rs204295-C	rs204295	0	204295	intron_variant	1	0.5349	4E-19	18.397940008672037		0.05822	[0.045-0.072] unit decrease	NR [44300000] (imputed)	N	skin cancer	http://purl.obolibrary.org/obo/MONDO_0002898	GCST90475189	Genome-wide genotyping array
2026-02-02	39024449	Verma A	2024-07-19	Science	www.ncbi.nlm.nih.gov/pubmed/39024449	Diversity and scale: Genetic architecture of 2068 traits in the VA Million Veteran Program.	Skin cancer	55,282 European ancestry cases, 260,386 European ancestry controls	NA	20p13	20	2294164		LINC03086 - TGM3	ENSG00000226644	ENSG00000125780		81013	1837	rs214757-G	rs214757	0	214757	intron_variant	1	0.2052	8E-21	20.096910013008056		0.09136	[0.071-0.111] unit increase	NR [44300000] (imputed)	N	skin cancer	http://purl.obolibrary.org/obo/MONDO_0002898	GCST90475189	Genome-wide genotyping array
2026-02-02	39024449	Verma A	2024-07-19	Science	www.ncbi.nlm.nih.gov/pubmed/39024449	Diversity and scale: Genetic architecture of 2068 traits in the VA Million Veteran Program.	Skin cancer	55,282 European ancestry cases, 260,386 European ancestry controls	NA	8q23.3	8	115618084		TRPS1			ENSG00000104447			rs2737217-A	rs2737217	0	2737217	intron_variant	0	0.4391	9E-14	13.045757490560675		0.05002	[0.036-0.064] unit increase	NR [44300000] (imputed)	N	skin cancer	http://purl.obolibrary.org/obo/MONDO_0002898	GCST90475189	Genome-wide genotyping array
2026-02-02	39024449	Verma A	2024-07-19	Science	www.ncbi.nlm.nih.gov/pubmed/39024449	Diversity and scale: Genetic architecture of 2068 traits in the VA Million Veteran Program.	Skin cancer	55,282 European ancestry cases, 260,386 European ancestry controls	NA	2q33.2	2	203874196		CTLA4 - ICOS	ENSG00000163599	ENSG00000163600		231	62567	rs3087243-G	rs3087243	0	3087243	intergenic_variant	1	0.5539	2E-28	27.69897000433602		0.07186	[0.058-0.085] unit decrease	NR [44300000] (imputed)	N	skin cancer	http://purl.obolibrary.org/obo/MONDO_0002898	GCST90475189	Genome-wide genotyping array
2026-02-02	39024449	Verma A	2024-07-19	Science	www.ncbi.nlm.nih.gov/pubmed/39024449	Diversity and scale: Genetic architecture of 2068 traits in the VA Million Veteran Program.	Skin cancer	55,282 European ancestry cases, 260,386 European ancestry controls	NA	1q21.3	1	150889383		CTXND2			ENSG00000283324			rs35782301-C	rs35782301	0	35782301	intron_variant	0	0.7172	4E-25	24.397940008672037		0.07715	[0.062-0.092] unit decrease	NR [44300000] (imputed)	N	skin cancer	http://purl.obolibrary.org/obo/MONDO_0002898	GCST90475189	Genome-wide genotyping array
2026-02-02	39024449	Verma A	2024-07-19	Science	www.ncbi.nlm.nih.gov/pubmed/39024449	Diversity and scale: Genetic architecture of 2068 traits in the VA Million Veteran Program.	Skin cancer	55,282 European ancestry cases, 260,386 European ancestry controls	NA	6p21.33	6	31441506		MICA - LINC01149	ENSG00000204520	ENSG00000230174		26191	137	rs61447909-G	rs61447909	0	61447909	intron_variant	1	0.8899	2E-21	20.69897000433602		0.1003	[0.079-0.122] unit decrease	NR [44300000] (imputed)	N	skin cancer	http://purl.obolibrary.org/obo/MONDO_0002898	GCST90475189	Genome-wide genotyping array
2026-02-02	39024449	Verma A	2024-07-19	Science	www.ncbi.nlm.nih.gov/pubmed/39024449	Diversity and scale: Genetic architecture of 2068 traits in the VA Million Veteran Program.	Skin cancer	55,282 European ancestry cases, 260,386 European ancestry controls	NA	11q13.5	11	76580110		EMSY - LINC02757	ENSG00000158636	ENSG00000255363		27079	27254	rs61893460-G	rs61893460	0	61893460	intergenic_variant	1	0.555	5E-12	11.301029995663981		0.04605	[0.032-0.06] unit decrease	NR [44300000] (imputed)	N	skin cancer	http://purl.obolibrary.org/obo/MONDO_0002898	GCST90475189	Genome-wide genotyping array
2026-02-02	39024449	Verma A	2024-07-19	Science	www.ncbi.nlm.nih.gov/pubmed/39024449	Diversity and scale: Genetic architecture of 2068 traits in the VA Million Veteran Program.	Skin cancer	55,282 European ancestry cases, 260,386 European ancestry controls	NA	20q11.22	20	33950585		TPM3P2 - PIGPP3	ENSG00000214200	ENSG00000228958		37249	14577	rs62211989-G	rs62211989	0	62211989	intergenic_variant	1	0.9234	9E-129	128.04575749056067		0.2874	[0.26-0.31] unit decrease	NR [44300000] (imputed)	N	skin cancer	http://purl.obolibrary.org/obo/MONDO_0002898	GCST90475189	Genome-wide genotyping array
2026-02-02	39024449	Verma A	2024-07-19	Science	www.ncbi.nlm.nih.gov/pubmed/39024449	Diversity and scale: Genetic architecture of 2068 traits in the VA Million Veteran Program.	Skin cancer	55,282 European ancestry cases, 260,386 European ancestry controls	NA	6q15	6	90267049		BACH2			ENSG00000112182			rs72928038-G	rs72928038	0	72928038	intron_variant	0	0.8318	1E-33	33.0		0.1059	[0.088-0.124] unit increase	NR [44300000] (imputed)	N	skin cancer	http://purl.obolibrary.org/obo/MONDO_0002898	GCST90475189	Genome-wide genotyping array
2026-02-02	39024449	Verma A	2024-07-19	Science	www.ncbi.nlm.nih.gov/pubmed/39024449	Diversity and scale: Genetic architecture of 2068 traits in the VA Million Veteran Program.	Skin cancer	55,282 European ancestry cases, 260,386 European ancestry controls	NA	1p36.13	1	17423008		RCC2			ENSG00000179051			rs730153-G	rs730153	0	730153	intron_variant	0	0.6562	9E-19	18.045757490560675		0.06105	[0.047-0.076] unit decrease	NR [44300000] (imputed)	N	skin cancer	http://purl.obolibrary.org/obo/MONDO_0002898	GCST90475189	Genome-wide genotyping array
2026-02-02	39024449	Verma A	2024-07-19	Science	www.ncbi.nlm.nih.gov/pubmed/39024449	Diversity and scale: Genetic architecture of 2068 traits in the VA Million Veteran Program.	Skin cancer	55,282 European ancestry cases, 260,386 European ancestry controls	NA	2q33.1	2	201311571		CASP8, FLACC1			ENSG00000064012, ENSG00000155749			rs7582362-A	rs7582362	0	7582362	intron_variant	0	0.2826	1E-42	42.0		0.09774	[0.083-0.113] unit increase	NR [44300000] (imputed)	N	skin cancer	http://purl.obolibrary.org/obo/MONDO_0002898	GCST90475189	Genome-wide genotyping array
2026-02-02	39024449	Verma A	2024-07-19	Science	www.ncbi.nlm.nih.gov/pubmed/39024449	Diversity and scale: Genetic architecture of 2068 traits in the VA Million Veteran Program.	Skin cancer	55,282 European ancestry cases, 260,386 European ancestry controls	NA	13q34	13	112881316		ATP11A			ENSG00000068650			rs9549316-T	rs9549316	0	9549316	intron_variant	0	0.5604	1E-16	16.0		0.0557	[0.042-0.07] unit increase	NR [44300000] (imputed)	N	skin cancer	http://purl.obolibrary.org/obo/MONDO_0002898	GCST90475189	Genome-wide genotyping array
2026-02-02	39024449	Verma A	2024-07-19	Science	www.ncbi.nlm.nih.gov/pubmed/39024449	Diversity and scale: Genetic architecture of 2068 traits in the VA Million Veteran Program.	Skin cancer	55,282 European ancestry cases, 260,386 European ancestry controls	NA	10p14	10	8889644		LINC02676			ENSG00000234752			rs10905480-A	rs10905480	0	10905480	intron_variant	0	0.8534	7E-19	18.154901959985743		0.08453	[0.064-0.105] unit increase	NR [44300000] (imputed)	N	skin cancer	http://purl.obolibrary.org/obo/MONDO_0002898	GCST90475189	Genome-wide genotyping array
2026-02-02	39024449	Verma A	2024-07-19	Science	www.ncbi.nlm.nih.gov/pubmed/39024449	Diversity and scale: Genetic architecture of 2068 traits in the VA Million Veteran Program.	Skin cancer	55,282 European ancestry cases, 260,386 European ancestry controls	NA	12q13.13	12	52519884		KRT5			ENSG00000186081			rs11170164-C	rs11170164	0	11170164	missense_variant	0	0.9227	1E-24	24.0		0.1243	[0.1-0.149] unit decrease	NR [44300000] (imputed)	N	skin cancer	http://purl.obolibrary.org/obo/MONDO_0002898	GCST90475189	Genome-wide genotyping array
2026-02-02	39024449	Verma A	2024-07-19	Science	www.ncbi.nlm.nih.gov/pubmed/39024449	Diversity and scale: Genetic architecture of 2068 traits in the VA Million Veteran Program.	Skin cancer	55,282 European ancestry cases, 260,386 European ancestry controls	NA	11q14.3	11	89284793		TYR			ENSG00000077498			rs1126809-G	rs1126809	0	1126809	missense_variant	0	0.7177	8E-96	95.09691001300806		0.1487	[0.13-0.16] unit decrease	NR [44300000] (imputed)	N	skin cancer	http://purl.obolibrary.org/obo/MONDO_0002898	GCST90475189	Genome-wide genotyping array
2026-02-02	39024449	Verma A	2024-07-19	Science	www.ncbi.nlm.nih.gov/pubmed/39024449	Diversity and scale: Genetic architecture of 2068 traits in the VA Million Veteran Program.	Skin cancer	55,282 European ancestry cases, 260,386 European ancestry controls	NA	1q42.13	1	228853454		RHOU - LINC02814	ENSG00000116574	ENSG00000236975		106790	169319	rs801109-C	rs801109	0	801109	intron_variant	1	0.7328	8E-19	18.096910013008056		0.06424	[0.049-0.079] unit decrease	NR [44300000] (imputed)	N	skin cancer	http://purl.obolibrary.org/obo/MONDO_0002898	GCST90475189	Genome-wide genotyping array
2026-02-02	39024449	Verma A	2024-07-19	Science	www.ncbi.nlm.nih.gov/pubmed/39024449	Diversity and scale: Genetic architecture of 2068 traits in the VA Million Veteran Program.	Skin cancer	55,282 European ancestry cases, 260,386 European ancestry controls	NA											chr1:38278579-C	chr1:38278579	0			1	0.7553	5E-11	10.301029995663981		0.04884	[0.033-0.065] unit increase	NR [44300000] (imputed)	N	skin cancer	http://purl.obolibrary.org/obo/MONDO_0002898	GCST90475189	Genome-wide genotyping array
2026-02-02	39024449	Verma A	2024-07-19	Science	www.ncbi.nlm.nih.gov/pubmed/39024449	Diversity and scale: Genetic architecture of 2068 traits in the VA Million Veteran Program.	Skin cancer	55,282 European ancestry cases, 260,386 European ancestry controls	NA											chr3:188093707-G	chr3:188093707	0			1	0.5665	7E-29	28.154901959985743		0.07867	[0.064-0.093] unit increase	NR [44300000] (imputed)	N	skin cancer	http://purl.obolibrary.org/obo/MONDO_0002898	GCST90475189	Genome-wide genotyping array
2026-02-02	39024449	Verma A	2024-07-19	Science	www.ncbi.nlm.nih.gov/pubmed/39024449	Diversity and scale: Genetic architecture of 2068 traits in the VA Million Veteran Program.	Skin cancer	55,282 European ancestry cases, 260,386 European ancestry controls	NA	9p22.2	9	16885019		BNC2 - RN7SL720P	ENSG00000173068	ENSG00000241152		14117	168882	rs12350739-G	rs12350739	0	12350739	TF_binding_site_variant	1	0.4347	1E-40	40.0		0.09238	[0.078-0.107] unit decrease	NR [44300000] (imputed)	N	skin cancer	http://purl.obolibrary.org/obo/MONDO_0002898	GCST90475189	Genome-wide genotyping array
2026-02-02	39024449	Verma A	2024-07-19	Science	www.ncbi.nlm.nih.gov/pubmed/39024449	Diversity and scale: Genetic architecture of 2068 traits in the VA Million Veteran Program.	Takes medication for skin cancer?	5,688 European ancestry cases, 309,980 European ancestry controls	NA	11q14.3	11	89284793		TYR			ENSG00000077498			rs1126809-G	rs1126809	0	1126809	missense_variant	0	0.7177	1E-12	12.0		0.1462	[0.11-0.19] unit decrease	NR [44300000] (imputed)	N	drug use measurement, skin cancer	http://www.ebi.ac.uk/efo/EFO_0007010, http://purl.obolibrary.org/obo/MONDO_0002898	GCST90475190	Genome-wide genotyping array
2026-02-02	39024449	Verma A	2024-07-19	Science	www.ncbi.nlm.nih.gov/pubmed/39024449	Diversity and scale: Genetic architecture of 2068 traits in the VA Million Veteran Program.	Takes medication for skin cancer?	5,688 European ancestry cases, 309,980 European ancestry controls	NA	6p25.3	6	396321		IRF4			ENSG00000137265			rs12203592-C	rs12203592	0	12203592	intron_variant	0	0.8399	2E-53	52.69897000433602		0.4016	[0.35-0.45] unit decrease	NR [44300000] (imputed)	N	drug use measurement, skin cancer	http://www.ebi.ac.uk/efo/EFO_0007010, http://purl.obolibrary.org/obo/MONDO_0002898	GCST90475190	Genome-wide genotyping array
2026-02-02	39024449	Verma A	2024-07-19	Science	www.ncbi.nlm.nih.gov/pubmed/39024449	Diversity and scale: Genetic architecture of 2068 traits in the VA Million Veteran Program.	Takes medication for skin cancer?	5,688 European ancestry cases, 309,980 European ancestry controls	NA	5p13.2	5	33951588		SLC45A2			ENSG00000164175			rs16891982-C	rs16891982	0	16891982	missense_variant	0	0.03667	1E-12	12.0		0.4807	[0.35-0.61] unit decrease	NR [44300000] (imputed)	N	drug use measurement, skin cancer	http://www.ebi.ac.uk/efo/EFO_0007010, http://purl.obolibrary.org/obo/MONDO_0002898	GCST90475190	Genome-wide genotyping array
2026-02-02	39024449	Verma A	2024-07-19	Science	www.ncbi.nlm.nih.gov/pubmed/39024449	Diversity and scale: Genetic architecture of 2068 traits in the VA Million Veteran Program.	Takes medication for skin cancer?	5,688 European ancestry cases, 309,980 European ancestry controls	NA	20q11.22	20	33950585		TPM3P2 - PIGPP3	ENSG00000214200	ENSG00000228958		37249	14577	rs62211989-G	rs62211989	0	62211989	intergenic_variant	1	0.9234	9E-16	15.045757490560675		0.2666	[0.2-0.33] unit decrease	NR [44300000] (imputed)	N	drug use measurement, skin cancer	http://www.ebi.ac.uk/efo/EFO_0007010, http://purl.obolibrary.org/obo/MONDO_0002898	GCST90475190	Genome-wide genotyping array
2026-02-02	39024449	Verma A	2024-07-19	Science	www.ncbi.nlm.nih.gov/pubmed/39024449	Diversity and scale: Genetic architecture of 2068 traits in the VA Million Veteran Program.	Takes medication for skin cancer?	5,688 European ancestry cases, 309,980 European ancestry controls	NA	16q24.3	16	89919709		MC1R			ENSG00000258839			rs1805007-C	rs1805007	0	1805007	missense_variant	0	0.9177	1E-45	45.0		0.4315	[0.37-0.49] unit decrease	NR [44300000] (imputed)	N	drug use measurement, skin cancer	http://www.ebi.ac.uk/efo/EFO_0007010, http://purl.obolibrary.org/obo/MONDO_0002898	GCST90475190	Genome-wide genotyping array
2026-02-02	39024449	Verma A	2024-07-19	Science	www.ncbi.nlm.nih.gov/pubmed/39024449	Diversity and scale: Genetic architecture of 2068 traits in the VA Million Veteran Program.	Skin cancer	979 Hispanic or Latin American cases, 28,335 Hispanic or Latin American controls	NA	5p13.2	5	33951588		SLC45A2			ENSG00000164175			rs16891982-C	rs16891982	0	16891982	missense_variant	0	0.4439	6E-20	19.221848749616356		0.5402	[0.43-0.66] unit decrease	NR [44300000] (imputed)	N	skin cancer	http://purl.obolibrary.org/obo/MONDO_0002898	GCST90475188	Genome-wide genotyping array
2026-02-02	39024449	Verma A	2024-07-19	Science	www.ncbi.nlm.nih.gov/pubmed/39024449	Diversity and scale: Genetic architecture of 2068 traits in the VA Million Veteran Program.	Skin cancer	55,282 European ancestry cases, 260,386 European ancestry controls	NA											chr3:71578737-T	chr3:71578737	0			1	0.5777	3E-38	37.52287874528034		0.08417	[0.07-0.098] unit decrease	NR [44300000] (imputed)	N	skin cancer	http://purl.obolibrary.org/obo/MONDO_0002898	GCST90475189	Genome-wide genotyping array
2026-02-02	39024449	Verma A	2024-07-19	Science	www.ncbi.nlm.nih.gov/pubmed/39024449	Diversity and scale: Genetic architecture of 2068 traits in the VA Million Veteran Program.	Skin cancer	55,282 European ancestry cases, 260,386 European ancestry controls	NA											chr5:1294086-C	chr5:1294086	0			1	0.7216	9E-15	14.045757490560675		0.05726	[0.042-0.073] unit decrease	NR [44300000] (imputed)	N	skin cancer	http://purl.obolibrary.org/obo/MONDO_0002898	GCST90475189	Genome-wide genotyping array
2026-02-02	39024449	Verma A	2024-07-19	Science	www.ncbi.nlm.nih.gov/pubmed/39024449	Diversity and scale: Genetic architecture of 2068 traits in the VA Million Veteran Program.	Skin cancer	55,282 European ancestry cases, 260,386 European ancestry controls	NA											chr5:149196090-A	chr5:149196090	0			1	0.743	8E-13	12.096910013008056		0.05471	[0.039-0.071] unit increase	NR [44300000] (imputed)	N	skin cancer	http://purl.obolibrary.org/obo/MONDO_0002898	GCST90475189	Genome-wide genotyping array
2026-02-02	39024449	Verma A	2024-07-19	Science	www.ncbi.nlm.nih.gov/pubmed/39024449	Diversity and scale: Genetic architecture of 2068 traits in the VA Million Veteran Program.	Skin cancer	55,282 European ancestry cases, 260,386 European ancestry controls	NA											chr7:50193499-C	chr7:50193499	0			1	0.602	4E-11	10.397940008672037		0.04597	[0.032-0.06] unit increase	NR [44300000] (imputed)	N	skin cancer	http://purl.obolibrary.org/obo/MONDO_0002898	GCST90475189	Genome-wide genotyping array
2026-02-02	39024449	Verma A	2024-07-19	Science	www.ncbi.nlm.nih.gov/pubmed/39024449	Diversity and scale: Genetic architecture of 2068 traits in the VA Million Veteran Program.	Skin cancer	55,282 European ancestry cases, 260,386 European ancestry controls	NA											chr8:101062888-G	chr8:101062888	0			1	0.841	3E-13	12.522878745280337		0.0664	[0.048-0.085] unit increase	NR [44300000] (imputed)	N	skin cancer	http://purl.obolibrary.org/obo/MONDO_0002898	GCST90475189	Genome-wide genotyping array
2026-02-02	39024449	Verma A	2024-07-19	Science	www.ncbi.nlm.nih.gov/pubmed/39024449	Diversity and scale: Genetic architecture of 2068 traits in the VA Million Veteran Program.	Skin cancer	55,282 European ancestry cases, 260,386 European ancestry controls	NA											chr9:22028801-A	chr9:22028801	0			1	0.5308	3E-17	16.522878745280337		0.05649	[0.043-0.07] unit increase	NR [44300000] (imputed)	N	skin cancer	http://purl.obolibrary.org/obo/MONDO_0002898	GCST90475189	Genome-wide genotyping array
2026-02-02	39024449	Verma A	2024-07-19	Science	www.ncbi.nlm.nih.gov/pubmed/39024449	Diversity and scale: Genetic architecture of 2068 traits in the VA Million Veteran Program.	Skin cancer	55,282 European ancestry cases, 260,386 European ancestry controls	NA											chr9:139330158-G	chr9:139330158	0			1	0.7172	2E-13	12.698970004336019		0.05299	[0.038-0.068] unit decrease	NR [44300000] (imputed)	N	skin cancer	http://purl.obolibrary.org/obo/MONDO_0002898	GCST90475189	Genome-wide genotyping array
2026-02-02	39024449	Verma A	2024-07-19	Science	www.ncbi.nlm.nih.gov/pubmed/39024449	Diversity and scale: Genetic architecture of 2068 traits in the VA Million Veteran Program.	Skin cancer	55,282 European ancestry cases, 260,386 European ancestry controls	NA											chr10:64388631-G	chr10:64388631	0			1	0.6264	4E-11	10.397940008672037		0.04743	[0.033-0.062] unit decrease	NR [44300000] (imputed)	N	skin cancer	http://purl.obolibrary.org/obo/MONDO_0002898	GCST90475189	Genome-wide genotyping array
2026-02-02	39024449	Verma A	2024-07-19	Science	www.ncbi.nlm.nih.gov/pubmed/39024449	Diversity and scale: Genetic architecture of 2068 traits in the VA Million Veteran Program.	Skin cancer	55,282 European ancestry cases, 260,386 European ancestry controls	NA											chr11:64011854-C	chr11:64011854	0			1	0.5583	2E-13	12.698970004336019		0.04942	[0.035-0.063] unit increase	NR [44300000] (imputed)	N	skin cancer	http://purl.obolibrary.org/obo/MONDO_0002898	GCST90475189	Genome-wide genotyping array
2025-07-29	40465716	Liu TY	2025-06-04	Sci Adv	www.ncbi.nlm.nih.gov/pubmed/40465716	Diversity and longitudinal records: Genetic architecture of disease associations and polygenic risk in the Taiwanese Han population.	Skin cancer (PheCode 172)	377 Han Taiwanese ancestry cases, 237,002 Han Taiwanese ancestry controls	NA	2q33.1	2	197622383		RFTN2			ENSG00000162944			rs148633360-?	rs148633360	0	148633360	intron_variant	0	NR	5E-8	7.301029995663981				Affymetrix [14181206] (imputed)	N	skin cancer	http://purl.obolibrary.org/obo/MONDO_0002898	GCST90651716	Genome-wide genotyping array
2026-01-12	40495383	Mies G	2025-06-09	HGG Adv	www.ncbi.nlm.nih.gov/pubmed/40495383	Meta-analysis of uveal melanoma genome-wide association studies identifies novel risk loci and population effect size heterogeneity.	Uveal melanoma	2,426 European ancestry cases, 351,961 European ancestry controls	NA	15q13.1	15	28120472		HERC2			ENSG00000128731			rs12913832-A	rs12913832	0	12913832	intron_variant	0	NR	3E-15	14.522878745280337				Affymetrix [7820481] (imputed)	N	uveal melanoma	http://purl.obolibrary.org/obo/MONDO_0006486	GCST90568461	Genome-wide genotyping array
2026-01-12	40495383	Mies G	2025-06-09	HGG Adv	www.ncbi.nlm.nih.gov/pubmed/40495383	Meta-analysis of uveal melanoma genome-wide association studies identifies novel risk loci and population effect size heterogeneity.	Uveal melanoma	2,426 European ancestry cases, 351,961 European ancestry controls	NA	6p25.3	6	396321		IRF4			ENSG00000137265			rs12203592-T	rs12203592	0	12203592	intron_variant	0	NR	7E-19	18.154901959985743				Affymetrix [7820481] (imputed)	N	uveal melanoma	http://purl.obolibrary.org/obo/MONDO_0006486	GCST90568461	Genome-wide genotyping array
2026-01-12	40495383	Mies G	2025-06-09	HGG Adv	www.ncbi.nlm.nih.gov/pubmed/40495383	Meta-analysis of uveal melanoma genome-wide association studies identifies novel risk loci and population effect size heterogeneity.	Uveal melanoma	2,426 European ancestry cases, 351,961 European ancestry controls	NA	5p15.33	5	1325475		CLPTM1L			ENSG00000049656			rs421284-T	rs421284	0	421284	intron_variant	0	NR	8E-11	10.096910013008056				Affymetrix [7820481] (imputed)	N	uveal melanoma	http://purl.obolibrary.org/obo/MONDO_0006486	GCST90568461	Genome-wide genotyping array
2026-01-12	40495383	Mies G	2025-06-09	HGG Adv	www.ncbi.nlm.nih.gov/pubmed/40495383	Meta-analysis of uveal melanoma genome-wide association studies identifies novel risk loci and population effect size heterogeneity.	Uveal melanoma	2,426 European ancestry cases, 351,961 European ancestry controls	NA											chr3:49771990-A	chr3:49771990	0			1	NR	7E-9	8.154901959985743				Affymetrix [7820481] (imputed)	N	uveal melanoma	http://purl.obolibrary.org/obo/MONDO_0006486	GCST90568461	Genome-wide genotyping array
2026-01-12	40495383	Mies G	2025-06-09	HGG Adv	www.ncbi.nlm.nih.gov/pubmed/40495383	Meta-analysis of uveal melanoma genome-wide association studies identifies novel risk loci and population effect size heterogeneity.	Uveal melanoma	2,426 European ancestry cases, 351,961 European ancestry controls	NA											chr13:21440496-A	chr13:21440496	0			1	NR	2E-11	10.698970004336019				Affymetrix [7820481] (imputed)	N	uveal melanoma	http://purl.obolibrary.org/obo/MONDO_0006486	GCST90568461	Genome-wide genotyping array
2026-01-12	40495383	Mies G	2025-06-09	HGG Adv	www.ncbi.nlm.nih.gov/pubmed/40495383	Meta-analysis of uveal melanoma genome-wide association studies identifies novel risk loci and population effect size heterogeneity.	Uveal melanoma	2,426 European ancestry cases, 351,961 European ancestry controls	NA	3p25.1	3	14346019		LSM3 - LINC01267	ENSG00000170860	ENSG00000251576		144897	2041	rs11707457-T	rs11707457	0	11707457	regulatory_region_variant	1	NR	9E-11	10.045757490560675				Affymetrix [7820481] (imputed)	N	uveal melanoma	http://purl.obolibrary.org/obo/MONDO_0006486	GCST90568461	Genome-wide genotyping array
2026-01-12	40495383	Mies G	2025-06-09	HGG Adv	www.ncbi.nlm.nih.gov/pubmed/40495383	Meta-analysis of uveal melanoma genome-wide association studies identifies novel risk loci and population effect size heterogeneity.	Uveal melanoma	2,426 European ancestry cases, 351,961 European ancestry controls	NA	6p24.3	6	7136539		RREB1			ENSG00000124782			rs551143-A	rs551143	0	551143	intron_variant	0	NR	2E-10	9.698970004336019				Affymetrix [7820481] (imputed)	N	uveal melanoma	http://purl.obolibrary.org/obo/MONDO_0006486	GCST90568461	Genome-wide genotyping array
2026-02-02	39024449	Verma A	2024-07-19	Science	www.ncbi.nlm.nih.gov/pubmed/39024449	Diversity and scale: Genetic architecture of 2068 traits in the VA Million Veteran Program.	Skin cancer	431 African American or Afro-Caribbean cases, 55,074 African American or Afro-Caribbean controls, 55,282 European ancestry cases, 260,386 European ancestry controls, 979 Hispanic or Latin American cases, 28,335 Hispanic or Latin American controls	NA	9p22.2	9	16887368		BNC2 - RN7SL720P	ENSG00000173068	ENSG00000241152		16466	166533	rs3927680-T	rs3927680	0	3927680	intergenic_variant	1	0.4744	1E-30	30.0		0.08767	[0.074-0.101] unit decrease	NR [44300000] (imputed)	N	skin cancer	http://purl.obolibrary.org/obo/MONDO_0002898	GCST90479538	Genome-wide genotyping array
2026-02-02	39024449	Verma A	2024-07-19	Science	www.ncbi.nlm.nih.gov/pubmed/39024449	Diversity and scale: Genetic architecture of 2068 traits in the VA Million Veteran Program.	Skin cancer	431 African American or Afro-Caribbean cases, 55,074 African American or Afro-Caribbean controls, 55,282 European ancestry cases, 260,386 European ancestry controls, 979 Hispanic or Latin American cases, 28,335 Hispanic or Latin American controls	NA	9p21.3	9	22026835		CDKN2B-AS1			ENSG00000240498			rs1591136-G	rs1591136	0	1591136	intron_variant	0	0.4839	1E-13	13.0		0.05506	[0.04-0.07] unit increase	NR [44300000] (imputed)	N	skin cancer	http://purl.obolibrary.org/obo/MONDO_0002898	GCST90479538	Genome-wide genotyping array
2026-02-02	39024449	Verma A	2024-07-19	Science	www.ncbi.nlm.nih.gov/pubmed/39024449	Diversity and scale: Genetic architecture of 2068 traits in the VA Million Veteran Program.	Skin cancer	431 African American or Afro-Caribbean cases, 55,074 African American or Afro-Caribbean controls, 55,282 European ancestry cases, 260,386 European ancestry controls, 979 Hispanic or Latin American cases, 28,335 Hispanic or Latin American controls	NA	10p14	10	8889644		LINC02676			ENSG00000234752			rs10905480-A	rs10905480	0	10905480	intron_variant	0	0.8504	4E-14	13.397940008672037		0.08543	[0.062-0.109] unit increase	NR [44300000] (imputed)	N	skin cancer	http://purl.obolibrary.org/obo/MONDO_0002898	GCST90479538	Genome-wide genotyping array
2026-02-02	39024449	Verma A	2024-07-19	Science	www.ncbi.nlm.nih.gov/pubmed/39024449	Diversity and scale: Genetic architecture of 2068 traits in the VA Million Veteran Program.	Skin cancer	431 African American or Afro-Caribbean cases, 55,074 African American or Afro-Caribbean controls, 55,282 European ancestry cases, 260,386 European ancestry controls, 979 Hispanic or Latin American cases, 28,335 Hispanic or Latin American controls	NA	11q14.3	11	89284793		TYR			ENSG00000077498			rs1126809-G	rs1126809	0	1126809	missense_variant	0	0.7588	1E-72	72.0		0.1481	[0.13-0.16] unit decrease	NR [44300000] (imputed)	N	skin cancer	http://purl.obolibrary.org/obo/MONDO_0002898	GCST90479538	Genome-wide genotyping array
2026-02-02	39024449	Verma A	2024-07-19	Science	www.ncbi.nlm.nih.gov/pubmed/39024449	Diversity and scale: Genetic architecture of 2068 traits in the VA Million Veteran Program.	Skin cancer	431 African American or Afro-Caribbean cases, 55,074 African American or Afro-Caribbean controls, 55,282 European ancestry cases, 260,386 European ancestry controls, 979 Hispanic or Latin American cases, 28,335 Hispanic or Latin American controls	NA	12q13.13	12	52519884		KRT5			ENSG00000186081			rs11170164-C	rs11170164	0	11170164	missense_variant	0	0.9349	3E-19	18.522878745280337		0.1239	[0.1-0.15] unit decrease	NR [44300000] (imputed)	N	skin cancer	http://purl.obolibrary.org/obo/MONDO_0002898	GCST90479538	Genome-wide genotyping array
2026-02-02	39024449	Verma A	2024-07-19	Science	www.ncbi.nlm.nih.gov/pubmed/39024449	Diversity and scale: Genetic architecture of 2068 traits in the VA Million Veteran Program.	Skin cancer	431 African American or Afro-Caribbean cases, 55,074 African American or Afro-Caribbean controls, 55,282 European ancestry cases, 260,386 European ancestry controls, 979 Hispanic or Latin American cases, 28,335 Hispanic or Latin American controls	NA	13q34	13	112881316		ATP11A			ENSG00000068650			rs9549316-T	rs9549316	0	9549316	intron_variant	0	0.5675	9E-13	12.045757490560675		0.05293	[0.038-0.068] unit increase	NR [44300000] (imputed)	N	skin cancer	http://purl.obolibrary.org/obo/MONDO_0002898	GCST90479538	Genome-wide genotyping array
2026-02-02	39024449	Verma A	2024-07-19	Science	www.ncbi.nlm.nih.gov/pubmed/39024449	Diversity and scale: Genetic architecture of 2068 traits in the VA Million Veteran Program.	Skin cancer	431 African American or Afro-Caribbean cases, 55,074 African American or Afro-Caribbean controls, 55,282 European ancestry cases, 260,386 European ancestry controls, 979 Hispanic or Latin American cases, 28,335 Hispanic or Latin American controls	NA	15q13.1	15	28120472		HERC2			ENSG00000128731			rs12913832-A	rs12913832	0	12913832	intron_variant	0	0.3612	3E-38	37.52287874528034		0.1192	[0.1-0.14] unit decrease	NR [44300000] (imputed)	N	skin cancer	http://purl.obolibrary.org/obo/MONDO_0002898	GCST90479538	Genome-wide genotyping array
2026-02-02	39024449	Verma A	2024-07-19	Science	www.ncbi.nlm.nih.gov/pubmed/39024449	Diversity and scale: Genetic architecture of 2068 traits in the VA Million Veteran Program.	Skin cancer	431 African American or Afro-Caribbean cases, 55,074 African American or Afro-Caribbean controls, 55,282 European ancestry cases, 260,386 European ancestry controls, 979 Hispanic or Latin American cases, 28,335 Hispanic or Latin American controls	NA	16q24.3	16	89919709		MC1R			ENSG00000258839			rs1805007-C	rs1805007	0	1805007	missense_variant	0	0.931	9E-201	200.04575749056067		0.3793	[0.36-0.4] unit decrease	NR [44300000] (imputed)	N	skin cancer	http://purl.obolibrary.org/obo/MONDO_0002898	GCST90479538	Genome-wide genotyping array
2026-02-02	39024449	Verma A	2024-07-19	Science	www.ncbi.nlm.nih.gov/pubmed/39024449	Diversity and scale: Genetic architecture of 2068 traits in the VA Million Veteran Program.	Skin cancer	431 African American or Afro-Caribbean cases, 55,074 African American or Afro-Caribbean controls, 55,282 European ancestry cases, 260,386 European ancestry controls, 979 Hispanic or Latin American cases, 28,335 Hispanic or Latin American controls	NA	20p13	20	2303021		TGM3			ENSG00000125780			rs214787-C	rs214787	0	214787	intron_variant	0	0.2416	7E-16	15.154901959985743		0.08644	[0.064-0.109] unit increase	NR [44300000] (imputed)	N	skin cancer	http://purl.obolibrary.org/obo/MONDO_0002898	GCST90479538	Genome-wide genotyping array
2026-02-02	39024449	Verma A	2024-07-19	Science	www.ncbi.nlm.nih.gov/pubmed/39024449	Diversity and scale: Genetic architecture of 2068 traits in the VA Million Veteran Program.	Skin cancer	431 African American or Afro-Caribbean cases, 55,074 African American or Afro-Caribbean controls, 55,282 European ancestry cases, 260,386 European ancestry controls, 979 Hispanic or Latin American cases, 28,335 Hispanic or Latin American controls	NA	22q11.21	22	17497074		CECR2			ENSG00000099954			rs553246842-G	rs553246842	0	553246842	intron_variant	0	0.9986	2E-12	11.698970004336019		2.282	[2.23-2.33] unit decrease	NR [44300000] (imputed)	N	skin cancer	http://purl.obolibrary.org/obo/MONDO_0002898	GCST90479538	Genome-wide genotyping array
2026-02-02	39024449	Verma A	2024-07-19	Science	www.ncbi.nlm.nih.gov/pubmed/39024449	Diversity and scale: Genetic architecture of 2068 traits in the VA Million Veteran Program.	Skin cancer	431 African American or Afro-Caribbean cases, 55,074 African American or Afro-Caribbean controls, 55,282 European ancestry cases, 260,386 European ancestry controls, 979 Hispanic or Latin American cases, 28,335 Hispanic or Latin American controls	NA	8q22.2	8	100013403		RGS22			ENSG00000132554			rs16897870-C	rs16897870	0	16897870	intron_variant	0	0.8318	4E-11	10.397940008672037		0.06908	[0.047-0.091] unit increase	NR [44300000] (imputed)	N	skin cancer	http://purl.obolibrary.org/obo/MONDO_0002898	GCST90479538	Genome-wide genotyping array
2026-02-02	39024449	Verma A	2024-07-19	Science	www.ncbi.nlm.nih.gov/pubmed/39024449	Diversity and scale: Genetic architecture of 2068 traits in the VA Million Veteran Program.	Skin cancer	431 African American or Afro-Caribbean cases, 55,074 African American or Afro-Caribbean controls, 55,282 European ancestry cases, 260,386 European ancestry controls, 979 Hispanic or Latin American cases, 28,335 Hispanic or Latin American controls	NA	1q21.3	1	150889383		CTXND2			ENSG00000283324			rs35782301-C	rs35782301	0	35782301	intron_variant	0	0.749	2E-19	18.69897000433602		0.07636	[0.061-0.092] unit decrease	NR [44300000] (imputed)	N	skin cancer	http://purl.obolibrary.org/obo/MONDO_0002898	GCST90479538	Genome-wide genotyping array
2026-02-02	39024449	Verma A	2024-07-19	Science	www.ncbi.nlm.nih.gov/pubmed/39024449	Diversity and scale: Genetic architecture of 2068 traits in the VA Million Veteran Program.	Skin cancer	431 African American or Afro-Caribbean cases, 55,074 African American or Afro-Caribbean controls, 55,282 European ancestry cases, 260,386 European ancestry controls, 979 Hispanic or Latin American cases, 28,335 Hispanic or Latin American controls	NA	9q33.3	9	124805786		OLFML2A			ENSG00000185585			rs528086186-T	rs528086186	0	528086186	intron_variant	0	0.9978	3E-12	11.522878745280337		2.28	[2.23-2.33] unit decrease	NR [44300000] (imputed)	N	skin cancer	http://purl.obolibrary.org/obo/MONDO_0002898	GCST90479538	Genome-wide genotyping array
2026-02-02	39024449	Verma A	2024-07-19	Science	www.ncbi.nlm.nih.gov/pubmed/39024449	Diversity and scale: Genetic architecture of 2068 traits in the VA Million Veteran Program.	Skin cancer	431 African American or Afro-Caribbean cases, 55,074 African American or Afro-Caribbean controls, 55,282 European ancestry cases, 260,386 European ancestry controls, 979 Hispanic or Latin American cases, 28,335 Hispanic or Latin American controls	NA	3p13	3	71534026		FOXP1			ENSG00000114861			rs35480566-A	rs35480566	0	35480566	intron_variant	0	0.6177	5E-27	26.30102999566398		0.08259	[0.069-0.096] unit decrease	NR [44300000] (imputed)	N	skin cancer	http://purl.obolibrary.org/obo/MONDO_0002898	GCST90479538	Genome-wide genotyping array
2026-02-02	39024449	Verma A	2024-07-19	Science	www.ncbi.nlm.nih.gov/pubmed/39024449	Diversity and scale: Genetic architecture of 2068 traits in the VA Million Veteran Program.	Skin cancer	431 African American or Afro-Caribbean cases, 55,074 African American or Afro-Caribbean controls, 55,282 European ancestry cases, 260,386 European ancestry controls, 979 Hispanic or Latin American cases, 28,335 Hispanic or Latin American controls	NA	20q11.22	20	33950585		TPM3P2 - PIGPP3	ENSG00000214200	ENSG00000228958		37249	14577	rs62211989-G	rs62211989	0	62211989	intergenic_variant	1	0.936	2E-99	98.69897000433602		0.2875	[0.27-0.31] unit decrease	NR [44300000] (imputed)	N	skin cancer	http://purl.obolibrary.org/obo/MONDO_0002898	GCST90479538	Genome-wide genotyping array
2026-02-02	39024449	Verma A	2024-07-19	Science	www.ncbi.nlm.nih.gov/pubmed/39024449	Diversity and scale: Genetic architecture of 2068 traits in the VA Million Veteran Program.	Melanomas of skin, dx or hx (PheCode 172.1)	45,274 European ancestry cases, 389,597 European ancestry controls	NA	20p13	20	2303021		TGM3			ENSG00000125780			rs214787-C	rs214787	0	214787	intron_variant	0	0.202	4E-21	20.397940008672037		0.0939	[0.073-0.115] unit increase	NR [44300000] (imputed)	N	cutaneous melanoma	http://purl.obolibrary.org/obo/MONDO_0005012	GCST90475577	Genome-wide genotyping array
2026-02-02	39024449	Verma A	2024-07-19	Science	www.ncbi.nlm.nih.gov/pubmed/39024449	Diversity and scale: Genetic architecture of 2068 traits in the VA Million Veteran Program.	Melanomas of skin, dx or hx (PheCode 172.1)	45,274 European ancestry cases, 389,597 European ancestry controls	NA	1p13.2	1	113834946		AP4B1-AS1, PTPN22			ENSG00000226167, ENSG00000134242			rs2476601-A	rs2476601	0	2476601	missense_variant	0	0.0961	5E-12	11.301029995663981		0.07941	[0.055-0.104] unit decrease	NR [44300000] (imputed)	N	cutaneous melanoma	http://purl.obolibrary.org/obo/MONDO_0005012	GCST90475577	Genome-wide genotyping array
2026-02-02	39024449	Verma A	2024-07-19	Science	www.ncbi.nlm.nih.gov/pubmed/39024449	Diversity and scale: Genetic architecture of 2068 traits in the VA Million Veteran Program.	Melanomas of skin, dx or hx (PheCode 172.1)	45,274 European ancestry cases, 389,597 European ancestry controls	NA	2q33.2	2	203874196		CTLA4 - ICOS	ENSG00000163599	ENSG00000163600		231	62567	rs3087243-G	rs3087243	0	3087243	intergenic_variant	1	0.554	2E-16	15.698970004336019		0.05442	[0.04-0.069] unit decrease	NR [44300000] (imputed)	N	cutaneous melanoma	http://purl.obolibrary.org/obo/MONDO_0005012	GCST90475577	Genome-wide genotyping array
2026-02-02	39024449	Verma A	2024-07-19	Science	www.ncbi.nlm.nih.gov/pubmed/39024449	Diversity and scale: Genetic architecture of 2068 traits in the VA Million Veteran Program.	Melanomas of skin, dx or hx (PheCode 172.1)	45,274 European ancestry cases, 389,597 European ancestry controls	NA	22q13.1	22	38176433		PLA2G6			ENSG00000184381			rs4384-G	rs4384	0	4384	intron_variant	0	0.548	4E-19	18.397940008672037		0.06009	[0.046-0.074] unit increase	NR [44300000] (imputed)	N	cutaneous melanoma	http://purl.obolibrary.org/obo/MONDO_0005012	GCST90475577	Genome-wide genotyping array
2026-02-02	39024449	Verma A	2024-07-19	Science	www.ncbi.nlm.nih.gov/pubmed/39024449	Diversity and scale: Genetic architecture of 2068 traits in the VA Million Veteran Program.	Melanomas of skin, dx or hx (PheCode 172.1)	45,274 European ancestry cases, 389,597 European ancestry controls	NA	1p36.13	1	17433602		RCC2			ENSG00000179051			rs4920607-A	rs4920607	0	4920607	intron_variant	0	0.647	3E-14	13.522878745280337		0.05258	[0.038-0.067] unit decrease	NR [44300000] (imputed)	N	cutaneous melanoma	http://purl.obolibrary.org/obo/MONDO_0005012	GCST90475577	Genome-wide genotyping array
2026-02-02	39024449	Verma A	2024-07-19	Science	www.ncbi.nlm.nih.gov/pubmed/39024449	Diversity and scale: Genetic architecture of 2068 traits in the VA Million Veteran Program.	Melanomas of skin, dx or hx (PheCode 172.1)	45,274 European ancestry cases, 389,597 European ancestry controls	NA	1q42.13	1	228848762		RHOU - LINC02814	ENSG00000116574	ENSG00000236975		102098	174011	rs56300457-T	rs56300457	0	56300457	intron_variant	1	0.7489	2E-12	11.698970004336019		0.05561	[0.039-0.072] unit decrease	NR [44300000] (imputed)	N	cutaneous melanoma	http://purl.obolibrary.org/obo/MONDO_0005012	GCST90475577	Genome-wide genotyping array
2026-02-02	39024449	Verma A	2024-07-19	Science	www.ncbi.nlm.nih.gov/pubmed/39024449	Diversity and scale: Genetic architecture of 2068 traits in the VA Million Veteran Program.	Melanomas of skin, dx or hx (PheCode 172.1)	45,274 European ancestry cases, 389,597 European ancestry controls	NA	20q11.22	20	34077942		RALY			ENSG00000125970			rs6059655-A	rs6059655	0	6059655	intron_variant	0	0.09148	3E-157	156.52287874528034		0.3111	[0.29-0.33] unit increase	NR [44300000] (imputed)	N	cutaneous melanoma	http://purl.obolibrary.org/obo/MONDO_0005012	GCST90475577	Genome-wide genotyping array
2026-02-02	39024449	Verma A	2024-07-19	Science	www.ncbi.nlm.nih.gov/pubmed/39024449	Diversity and scale: Genetic architecture of 2068 traits in the VA Million Veteran Program.	Melanomas of skin, dx or hx (PheCode 172.1)	45,274 European ancestry cases, 389,597 European ancestry controls	NA	3p13	3	71534232		FOXP1			ENSG00000114861			rs62244884-G	rs62244884	0	62244884	intron_variant	0	0.5837	8E-22	21.096910013008056		0.06486	[0.05-0.079] unit decrease	NR [44300000] (imputed)	N	cutaneous melanoma	http://purl.obolibrary.org/obo/MONDO_0005012	GCST90475577	Genome-wide genotyping array
2026-02-02	39024449	Verma A	2024-07-19	Science	www.ncbi.nlm.nih.gov/pubmed/39024449	Diversity and scale: Genetic architecture of 2068 traits in the VA Million Veteran Program.	Melanomas of skin, dx or hx (PheCode 172.1)	45,274 European ancestry cases, 389,597 European ancestry controls	NA	9p21.3	9	21804618		MTAP			ENSG00000099810			rs869330-A	rs869330	0	869330	intron_variant	0	0.4948	7E-16	15.154901959985743		0.05541	[0.041-0.07] unit increase	NR [44300000] (imputed)	N	cutaneous melanoma	http://purl.obolibrary.org/obo/MONDO_0005012	GCST90475577	Genome-wide genotyping array
2026-02-02	39024449	Verma A	2024-07-19	Science	www.ncbi.nlm.nih.gov/pubmed/39024449	Diversity and scale: Genetic architecture of 2068 traits in the VA Million Veteran Program.	Melanomas of skin, dx or hx (PheCode 172.1)	45,274 European ancestry cases, 389,597 European ancestry controls	NA	2q33.1	2	201340018		FLACC1, CASP8			ENSG00000155749, ENSG00000064012			rs10197246-T	rs10197246	0	10197246	intron_variant	0	0.2803	9E-39	38.045757490560675		0.09654	[0.081-0.112] unit increase	NR [44300000] (imputed)	N	cutaneous melanoma	http://purl.obolibrary.org/obo/MONDO_0005012	GCST90475577	Genome-wide genotyping array
2026-02-02	39024449	Verma A	2024-07-19	Science	www.ncbi.nlm.nih.gov/pubmed/39024449	Diversity and scale: Genetic architecture of 2068 traits in the VA Million Veteran Program.	Melanomas of skin, dx or hx (PheCode 172.1)	45,274 European ancestry cases, 389,597 European ancestry controls	NA	19q13.33	19	49648429		SCAF1			ENSG00000126461			rs7508601-T	rs7508601	0	7508601	intron_variant	0	0.6037	3E-12	11.522878745280337		0.04936	[0.034-0.064] unit increase	NR [44300000] (imputed)	N	cutaneous melanoma	http://purl.obolibrary.org/obo/MONDO_0005012	GCST90475577	Genome-wide genotyping array
2026-02-02	39024449	Verma A	2024-07-19	Science	www.ncbi.nlm.nih.gov/pubmed/39024449	Diversity and scale: Genetic architecture of 2068 traits in the VA Million Veteran Program.	Melanomas of skin, dx or hx (PheCode 172.1)	45,274 European ancestry cases, 389,597 European ancestry controls	NA	17p13.1	17	7668434		TP53			ENSG00000141510			rs78378222-T	rs78378222	0	78378222	3_prime_UTR_variant	0	0.9881	3E-11	10.522878745280337		0.1925	[0.13-0.25] unit decrease	NR [44300000] (imputed)	N	cutaneous melanoma	http://purl.obolibrary.org/obo/MONDO_0005012	GCST90475577	Genome-wide genotyping array
2026-02-02	39024449	Verma A	2024-07-19	Science	www.ncbi.nlm.nih.gov/pubmed/39024449	Diversity and scale: Genetic architecture of 2068 traits in the VA Million Veteran Program.	Melanomas of skin, dx or hx (PheCode 172.1)	45,274 European ancestry cases, 389,597 European ancestry controls	NA	13q13.1	13	32394673		BRCA2			ENSG00000139618			rs11571818-T	rs11571818	0	11571818	splice_polypyrimidine_tract_variant	0	0.9913	3E-12	11.522878745280337		0.2325	[0.16-0.3] unit decrease	NR [44300000] (imputed)	N	cutaneous melanoma	http://purl.obolibrary.org/obo/MONDO_0005012	GCST90475577	Genome-wide genotyping array
2026-02-02	39024449	Verma A	2024-07-19	Science	www.ncbi.nlm.nih.gov/pubmed/39024449	Diversity and scale: Genetic architecture of 2068 traits in the VA Million Veteran Program.	Melanomas of skin, dx or hx (PheCode 172.1)	45,274 European ancestry cases, 389,597 European ancestry controls	NA	7p21.1	7	17095084		AHR			ENSG00000106546			rs117132860-G	rs117132860	0	117132860	intron_variant	0	0.981	5E-19	18.30102999566398		0.2519	[0.19-0.31] unit decrease	NR [44300000] (imputed)	N	cutaneous melanoma	http://purl.obolibrary.org/obo/MONDO_0005012	GCST90475577	Genome-wide genotyping array
2026-02-02	39024449	Verma A	2024-07-19	Science	www.ncbi.nlm.nih.gov/pubmed/39024449	Diversity and scale: Genetic architecture of 2068 traits in the VA Million Veteran Program.	Melanomas of skin, dx or hx (PheCode 172.1)	45,274 European ancestry cases, 389,597 European ancestry controls	NA	2p22.2	2	38070996		CYP1B1			ENSG00000138061			rs1800440-T	rs1800440	0	1800440	missense_variant	0	0.8125	1E-15	15.0		0.06972	[0.051-0.088] unit increase	NR [44300000] (imputed)	N	cutaneous melanoma	http://purl.obolibrary.org/obo/MONDO_0005012	GCST90475577	Genome-wide genotyping array
2026-02-02	39024449	Verma A	2024-07-19	Science	www.ncbi.nlm.nih.gov/pubmed/39024449	Diversity and scale: Genetic architecture of 2068 traits in the VA Million Veteran Program.	Melanomas of skin, dx or hx (PheCode 172.1)	45,274 European ancestry cases, 389,597 European ancestry controls	NA	6q15	6	90267049		BACH2			ENSG00000112182			rs72928038-G	rs72928038	0	72928038	intron_variant	0	0.8315	5E-27	26.30102999566398		0.09852	[0.079-0.118] unit increase	NR [44300000] (imputed)	N	cutaneous melanoma	http://purl.obolibrary.org/obo/MONDO_0005012	GCST90475577	Genome-wide genotyping array
2026-02-02	39024449	Verma A	2024-07-19	Science	www.ncbi.nlm.nih.gov/pubmed/39024449	Diversity and scale: Genetic architecture of 2068 traits in the VA Million Veteran Program.	Melanomas of skin (PheCode 172.11)	10,468 European ancestry cases, 436,283 European ancestry controls	NA											chr5:1342157-A	chr5:1342157	0			1	0.5795	1E-24	24.0		0.1444	[0.12-0.17] unit decrease	NR [44300000] (imputed)	N	cutaneous melanoma	http://purl.obolibrary.org/obo/MONDO_0005012	GCST90475578	Genome-wide genotyping array
2026-02-02	39024449	Verma A	2024-07-19	Science	www.ncbi.nlm.nih.gov/pubmed/39024449	Diversity and scale: Genetic architecture of 2068 traits in the VA Million Veteran Program.	Melanomas of skin (PheCode 172.11)	10,468 European ancestry cases, 436,283 European ancestry controls	NA											chr5:90269287-C	chr5:90269287	0			1	0.6197	7E-18	17.154901959985743		0.1264	[0.097-0.156] unit increase	NR [44300000] (imputed)	N	cutaneous melanoma	http://purl.obolibrary.org/obo/MONDO_0005012	GCST90475578	Genome-wide genotyping array
2026-02-02	39024449	Verma A	2024-07-19	Science	www.ncbi.nlm.nih.gov/pubmed/39024449	Diversity and scale: Genetic architecture of 2068 traits in the VA Million Veteran Program.	Melanomas of skin (PheCode 172.11)	10,468 European ancestry cases, 436,283 European ancestry controls	NA	9q31.2	9	107947454		RNA5SP293 - RPS15AP27	ENSG00000222459	ENSG00000236783		28476	16249	rs10816595-A	rs10816595	0	10816595	intron_variant	1	0.6488	2E-12	11.698970004336019		0.1064	[0.076-0.137] unit increase	NR [44300000] (imputed)	N	cutaneous melanoma	http://purl.obolibrary.org/obo/MONDO_0005012	GCST90475578	Genome-wide genotyping array
2026-02-02	39024449	Verma A	2024-07-19	Science	www.ncbi.nlm.nih.gov/pubmed/39024449	Diversity and scale: Genetic architecture of 2068 traits in the VA Million Veteran Program.	Melanomas of skin (PheCode 172.11)	10,468 European ancestry cases, 436,283 European ancestry controls	NA	11q14.3	11	89284793		TYR			ENSG00000077498			rs1126809-G	rs1126809	0	1126809	missense_variant	0	0.7169	8E-41	40.096910013008056		0.2	[0.17-0.23] unit decrease	NR [44300000] (imputed)	N	cutaneous melanoma	http://purl.obolibrary.org/obo/MONDO_0005012	GCST90475578	Genome-wide genotyping array
2026-02-02	39024449	Verma A	2024-07-19	Science	www.ncbi.nlm.nih.gov/pubmed/39024449	Diversity and scale: Genetic architecture of 2068 traits in the VA Million Veteran Program.	Melanomas of skin (PheCode 172.11)	10,468 European ancestry cases, 436,283 European ancestry controls	NA	15q13.1	15	27985101		OCA2			ENSG00000104044			rs121918166-C	rs121918166	0	121918166	missense_variant	0	0.9937	4E-17	16.397940008672037		0.6034	[0.47-0.74] unit decrease	NR [44300000] (imputed)	N	cutaneous melanoma	http://purl.obolibrary.org/obo/MONDO_0005012	GCST90475578	Genome-wide genotyping array
2026-02-02	39024449	Verma A	2024-07-19	Science	www.ncbi.nlm.nih.gov/pubmed/39024449	Diversity and scale: Genetic architecture of 2068 traits in the VA Million Veteran Program.	Melanomas of skin (PheCode 172.11)	10,468 European ancestry cases, 436,283 European ancestry controls	NA	6p25.3	6	396321		IRF4			ENSG00000137265			rs12203592-C	rs12203592	0	12203592	intron_variant	0	0.8394	2E-41	40.69897000433602		0.264	[0.23-0.3] unit decrease	NR [44300000] (imputed)	N	cutaneous melanoma	http://purl.obolibrary.org/obo/MONDO_0005012	GCST90475578	Genome-wide genotyping array
2026-02-02	39024449	Verma A	2024-07-19	Science	www.ncbi.nlm.nih.gov/pubmed/39024449	Diversity and scale: Genetic architecture of 2068 traits in the VA Million Veteran Program.	Melanomas of skin (PheCode 172.11)	10,468 European ancestry cases, 436,283 European ancestry controls	NA	3p13	3	69964940		MITF			ENSG00000187098			rs149617956-G	rs149617956	0	149617956	stop_gained	0	0.9969	5E-29	28.30102999566398		0.9927	[0.84-1.15] unit decrease	NR [44300000] (imputed)	N	cutaneous melanoma	http://purl.obolibrary.org/obo/MONDO_0005012	GCST90475578	Genome-wide genotyping array
2026-02-02	39024449	Verma A	2024-07-19	Science	www.ncbi.nlm.nih.gov/pubmed/39024449	Diversity and scale: Genetic architecture of 2068 traits in the VA Million Veteran Program.	Melanomas of skin (PheCode 172.11)	10,468 European ancestry cases, 436,283 European ancestry controls	NA	5p13.2	5	33951588		SLC45A2			ENSG00000164175			rs16891982-C	rs16891982	0	16891982	missense_variant	0	0.0374	3E-41	40.52287874528034		0.7349	[0.63-0.84] unit decrease	NR [44300000] (imputed)	N	cutaneous melanoma	http://purl.obolibrary.org/obo/MONDO_0005012	GCST90475578	Genome-wide genotyping array
2026-02-02	39024449	Verma A	2024-07-19	Science	www.ncbi.nlm.nih.gov/pubmed/39024449	Diversity and scale: Genetic architecture of 2068 traits in the VA Million Veteran Program.	Melanomas of skin (PheCode 172.11)	10,468 European ancestry cases, 436,283 European ancestry controls	NA	2p22.2	2	38070996		CYP1B1			ENSG00000138061			rs1800440-T	rs1800440	0	1800440	missense_variant	0	0.8124	3E-11	10.522878745280337		0.1212	[0.085-0.158] unit increase	NR [44300000] (imputed)	N	cutaneous melanoma	http://purl.obolibrary.org/obo/MONDO_0005012	GCST90475578	Genome-wide genotyping array
2026-02-02	39024449	Verma A	2024-07-19	Science	www.ncbi.nlm.nih.gov/pubmed/39024449	Diversity and scale: Genetic architecture of 2068 traits in the VA Million Veteran Program.	Melanomas of skin (PheCode 172.11)	10,468 European ancestry cases, 436,283 European ancestry controls	NA	16q24.3	16	89919709		MC1R			ENSG00000258839			rs1805007-C	rs1805007	0	1805007	missense_variant	0	0.9178	4E-103	102.39794000867204		0.4758	[0.43-0.52] unit decrease	NR [44300000] (imputed)	N	cutaneous melanoma	http://purl.obolibrary.org/obo/MONDO_0005012	GCST90475578	Genome-wide genotyping array
2026-02-02	39024449	Verma A	2024-07-19	Science	www.ncbi.nlm.nih.gov/pubmed/39024449	Diversity and scale: Genetic architecture of 2068 traits in the VA Million Veteran Program.	Melanomas of skin (PheCode 172.11)	10,468 European ancestry cases, 436,283 European ancestry controls	NA	22q13.1	22	38176433		PLA2G6			ENSG00000184381			rs4384-G	rs4384	0	4384	intron_variant	0	0.548	1E-16	16.0		0.1148	[0.087-0.143] unit increase	NR [44300000] (imputed)	N	cutaneous melanoma	http://purl.obolibrary.org/obo/MONDO_0005012	GCST90475578	Genome-wide genotyping array
2026-02-02	39024449	Verma A	2024-07-19	Science	www.ncbi.nlm.nih.gov/pubmed/39024449	Diversity and scale: Genetic architecture of 2068 traits in the VA Million Veteran Program.	Melanomas of skin (PheCode 172.11)	10,468 European ancestry cases, 436,283 European ancestry controls	NA	20q11.22	20	34077942		RALY			ENSG00000125970			rs6059655-A	rs6059655	0	6059655	intron_variant	0	0.09172	4E-55	54.39794000867204		0.3594	[0.32-0.4] unit increase	NR [44300000] (imputed)	N	cutaneous melanoma	http://purl.obolibrary.org/obo/MONDO_0005012	GCST90475578	Genome-wide genotyping array
2026-02-02	39024449	Verma A	2024-07-19	Science	www.ncbi.nlm.nih.gov/pubmed/39024449	Diversity and scale: Genetic architecture of 2068 traits in the VA Million Veteran Program.	Melanomas of skin (PheCode 172.11)	10,468 European ancestry cases, 436,283 European ancestry controls	NA	9p21.3	9	21803184		MTAP			ENSG00000099810			rs935055-G	rs935055	0	935055	intron_variant	0	0.4911	2E-47	46.69897000433602		0.2045	[0.18-0.23] unit increase	NR [44300000] (imputed)	N	cutaneous melanoma	http://purl.obolibrary.org/obo/MONDO_0005012	GCST90475578	Genome-wide genotyping array
2026-02-02	39024449	Verma A	2024-07-19	Science	www.ncbi.nlm.nih.gov/pubmed/39024449	Diversity and scale: Genetic architecture of 2068 traits in the VA Million Veteran Program.	Melanomas of skin (PheCode 172.11)	10,468 European ancestry cases, 436,283 European ancestry controls	NA											chr21:42746568-C	chr21:42746568	0			1	0.4154	3E-11	10.522878745280337		0.09641	[0.067-0.125] unit decrease	NR [44300000] (imputed)	N	cutaneous melanoma	http://purl.obolibrary.org/obo/MONDO_0005012	GCST90475578	Genome-wide genotyping array
2026-02-02	39024449	Verma A	2024-07-19	Science	www.ncbi.nlm.nih.gov/pubmed/39024449	Diversity and scale: Genetic architecture of 2068 traits in the VA Million Veteran Program.	Skin cancer	83,801 European ancestry cases, 347,397 European ancestry controls	NA											chr1:209608020-C	chr1:209608020	0			1	0.3424	9E-13	12.045757490560675		0.03926	[0.027-0.051] unit decrease	NR [44300000] (imputed)	N	skin cancer	http://purl.obolibrary.org/obo/MONDO_0002898	GCST90475575	Genome-wide genotyping array
2026-02-02	39024449	Verma A	2024-07-19	Science	www.ncbi.nlm.nih.gov/pubmed/39024449	Diversity and scale: Genetic architecture of 2068 traits in the VA Million Veteran Program.	Skin cancer	83,801 European ancestry cases, 347,397 European ancestry controls	NA											chr2:88540843-C	chr2:88540843	0			1	0.9569	2E-11	10.698970004336019		0.08895	[0.06-0.118] unit increase	NR [44300000] (imputed)	N	skin cancer	http://purl.obolibrary.org/obo/MONDO_0002898	GCST90475575	Genome-wide genotyping array
2026-02-02	39024449	Verma A	2024-07-19	Science	www.ncbi.nlm.nih.gov/pubmed/39024449	Diversity and scale: Genetic architecture of 2068 traits in the VA Million Veteran Program.	Skin cancer	83,801 European ancestry cases, 347,397 European ancestry controls	NA											chr2:136884679-T	chr2:136884679	0			1	0.4703	2E-11	10.698970004336019		0.03495	[0.023-0.047] unit increase	NR [44300000] (imputed)	N	skin cancer	http://purl.obolibrary.org/obo/MONDO_0002898	GCST90475575	Genome-wide genotyping array
2026-02-02	39024449	Verma A	2024-07-19	Science	www.ncbi.nlm.nih.gov/pubmed/39024449	Diversity and scale: Genetic architecture of 2068 traits in the VA Million Veteran Program.	Skin cancer	83,801 European ancestry cases, 347,397 European ancestry controls	NA											chr2:202165206-T	chr2:202165206	0			1	0.282	6E-82	81.22184874961636		0.109	[0.097-0.121] unit increase	NR [44300000] (imputed)	N	skin cancer	http://purl.obolibrary.org/obo/MONDO_0002898	GCST90475575	Genome-wide genotyping array
2026-02-02	39024449	Verma A	2024-07-19	Science	www.ncbi.nlm.nih.gov/pubmed/39024449	Diversity and scale: Genetic architecture of 2068 traits in the VA Million Veteran Program.	Skin cancer	83,801 European ancestry cases, 347,397 European ancestry controls	NA											chr2:242195394-C	chr2:242195394	0			1	0.7351	2E-11	10.698970004336019		0.03795	[0.025-0.051] unit decrease	NR [44300000] (imputed)	N	skin cancer	http://purl.obolibrary.org/obo/MONDO_0002898	GCST90475575	Genome-wide genotyping array
2026-02-02	39024449	Verma A	2024-07-19	Science	www.ncbi.nlm.nih.gov/pubmed/39024449	Diversity and scale: Genetic architecture of 2068 traits in the VA Million Veteran Program.	Skin cancer	83,801 European ancestry cases, 347,397 European ancestry controls	NA											chr3:5026008-A	chr3:5026008	0			1	0.8236	4E-12	11.397940008672037		0.04699	[0.032-0.062] unit increase	NR [44300000] (imputed)	N	skin cancer	http://purl.obolibrary.org/obo/MONDO_0002898	GCST90475575	Genome-wide genotyping array
2026-02-02	39024449	Verma A	2024-07-19	Science	www.ncbi.nlm.nih.gov/pubmed/39024449	Diversity and scale: Genetic architecture of 2068 traits in the VA Million Veteran Program.	Skin cancer	83,801 European ancestry cases, 347,397 European ancestry controls	NA											chr3:71554185-C	chr3:71554185	0			1	0.5816	3E-58	57.52287874528034		0.08253	[0.071-0.094] unit decrease	NR [44300000] (imputed)	N	skin cancer	http://purl.obolibrary.org/obo/MONDO_0002898	GCST90475575	Genome-wide genotyping array
2026-02-02	39024449	Verma A	2024-07-19	Science	www.ncbi.nlm.nih.gov/pubmed/39024449	Diversity and scale: Genetic architecture of 2068 traits in the VA Million Veteran Program.	Skin cancer	83,801 European ancestry cases, 347,397 European ancestry controls	NA											chr3:101242751-A	chr3:101242751	0			1	0.6674	5E-12	11.301029995663981		0.0374	[0.026-0.049] unit decrease	NR [44300000] (imputed)	N	skin cancer	http://purl.obolibrary.org/obo/MONDO_0002898	GCST90475575	Genome-wide genotyping array
2026-02-02	39024449	Verma A	2024-07-19	Science	www.ncbi.nlm.nih.gov/pubmed/39024449	Diversity and scale: Genetic architecture of 2068 traits in the VA Million Veteran Program.	Skin cancer	83,801 European ancestry cases, 347,397 European ancestry controls	NA											chr3:112059768-C	chr3:112059768	0			1	0.4626	2E-11	10.698970004336019		0.03281	[0.022-0.044] unit decrease	NR [44300000] (imputed)	N	skin cancer	http://purl.obolibrary.org/obo/MONDO_0002898	GCST90475575	Genome-wide genotyping array
2026-02-02	39024449	Verma A	2024-07-19	Science	www.ncbi.nlm.nih.gov/pubmed/39024449	Diversity and scale: Genetic architecture of 2068 traits in the VA Million Veteran Program.	Skin cancer	83,801 European ancestry cases, 347,397 European ancestry controls	NA											chr3:156474152-A	chr3:156474152	0			1	0.752	1E-13	13.0		0.04386	[0.031-0.057] unit increase	NR [44300000] (imputed)	N	skin cancer	http://purl.obolibrary.org/obo/MONDO_0002898	GCST90475575	Genome-wide genotyping array
2026-02-02	39024449	Verma A	2024-07-19	Science	www.ncbi.nlm.nih.gov/pubmed/39024449	Diversity and scale: Genetic architecture of 2068 traits in the VA Million Veteran Program.	Skin cancer	83,801 European ancestry cases, 347,397 European ancestry controls	NA											chr5:38761236-G	chr5:38761236	0			1	0.6901	6E-13	12.221848749616356		0.04009	[0.028-0.052] unit increase	NR [44300000] (imputed)	N	skin cancer	http://purl.obolibrary.org/obo/MONDO_0002898	GCST90475575	Genome-wide genotyping array
2026-02-02	39024449	Verma A	2024-07-19	Science	www.ncbi.nlm.nih.gov/pubmed/39024449	Diversity and scale: Genetic architecture of 2068 traits in the VA Million Veteran Program.	Skin cancer	83,801 European ancestry cases, 347,397 European ancestry controls	NA											chr5:138861146-C	chr5:138861146	0			1	0.3025	2E-16	15.698970004336019		0.05091	[0.038-0.064] unit increase	NR [44300000] (imputed)	N	skin cancer	http://purl.obolibrary.org/obo/MONDO_0002898	GCST90475575	Genome-wide genotyping array
2026-02-02	39024449	Verma A	2024-07-19	Science	www.ncbi.nlm.nih.gov/pubmed/39024449	Diversity and scale: Genetic architecture of 2068 traits in the VA Million Veteran Program.	Skin cancer	83,801 European ancestry cases, 347,397 European ancestry controls	NA											chr5:149196682-T	chr5:149196682	0			1	0.7074	3E-13	12.522878745280337		0.04168	[0.029-0.054] unit increase	NR [44300000] (imputed)	N	skin cancer	http://purl.obolibrary.org/obo/MONDO_0002898	GCST90475575	Genome-wide genotyping array
2026-02-02	39024449	Verma A	2024-07-19	Science	www.ncbi.nlm.nih.gov/pubmed/39024449	Diversity and scale: Genetic architecture of 2068 traits in the VA Million Veteran Program.	Skin cancer	83,801 European ancestry cases, 347,397 European ancestry controls	NA											chr6:22057566-C	chr6:22057566	0			1	0.6967	1E-12	12.0		0.04129	[0.028-0.054] unit decrease	NR [44300000] (imputed)	N	skin cancer	http://purl.obolibrary.org/obo/MONDO_0002898	GCST90475575	Genome-wide genotyping array
2026-02-02	39024449	Verma A	2024-07-19	Science	www.ncbi.nlm.nih.gov/pubmed/39024449	Diversity and scale: Genetic architecture of 2068 traits in the VA Million Veteran Program.	Skin cancer	83,801 European ancestry cases, 347,397 European ancestry controls	NA											chr7:47446215-C	chr7:47446215	0			1	0.638	2E-11	10.698970004336019		0.03757	[0.026-0.049] unit increase	NR [44300000] (imputed)	N	skin cancer	http://purl.obolibrary.org/obo/MONDO_0002898	GCST90475575	Genome-wide genotyping array
2026-02-02	39024449	Verma A	2024-07-19	Science	www.ncbi.nlm.nih.gov/pubmed/39024449	Diversity and scale: Genetic architecture of 2068 traits in the VA Million Veteran Program.	Skin cancer	83,801 European ancestry cases, 347,397 European ancestry controls	NA											chr7:50193499-C	chr7:50193499	0			1	0.6022	1E-16	16.0		0.04543	[0.034-0.057] unit increase	NR [44300000] (imputed)	N	skin cancer	http://purl.obolibrary.org/obo/MONDO_0002898	GCST90475575	Genome-wide genotyping array
2026-02-02	39024449	Verma A	2024-07-19	Science	www.ncbi.nlm.nih.gov/pubmed/39024449	Diversity and scale: Genetic architecture of 2068 traits in the VA Million Veteran Program.	Skin cancer	83,801 European ancestry cases, 347,397 European ancestry controls	NA											chr9:22023795-T	chr9:22023795	0			1	0.5279	3E-28	27.522878745280337		0.0572	[0.046-0.069] unit increase	NR [44300000] (imputed)	N	skin cancer	http://purl.obolibrary.org/obo/MONDO_0002898	GCST90475575	Genome-wide genotyping array
2026-02-02	39024449	Verma A	2024-07-19	Science	www.ncbi.nlm.nih.gov/pubmed/39024449	Diversity and scale: Genetic architecture of 2068 traits in the VA Million Veteran Program.	Skin cancer	83,801 European ancestry cases, 347,397 European ancestry controls	NA											chr9:93941756-G	chr9:93941756	0			1	0.3604	2E-13	12.698970004336019		0.03939	[0.027-0.051] unit decrease	NR [44300000] (imputed)	N	skin cancer	http://purl.obolibrary.org/obo/MONDO_0002898	GCST90475575	Genome-wide genotyping array
2026-02-02	39024449	Verma A	2024-07-19	Science	www.ncbi.nlm.nih.gov/pubmed/39024449	Diversity and scale: Genetic architecture of 2068 traits in the VA Million Veteran Program.	Skin cancer	83,801 European ancestry cases, 347,397 European ancestry controls	NA											chr6:35099094-C	chr6:35099094	0			1	0.8743	3E-14	13.522878745280337		0.06042	[0.043-0.078] unit decrease	NR [44300000] (imputed)	N	skin cancer	http://purl.obolibrary.org/obo/MONDO_0002898	GCST90475575	Genome-wide genotyping array
2026-02-02	39024449	Verma A	2024-07-19	Science	www.ncbi.nlm.nih.gov/pubmed/39024449	Diversity and scale: Genetic architecture of 2068 traits in the VA Million Veteran Program.	Skin cancer	83,801 European ancestry cases, 347,397 European ancestry controls	NA											chr6:43401727-C	chr6:43401727	0			1	0.1172	3E-12	11.522878745280337		0.05738	[0.04-0.075] unit increase	NR [44300000] (imputed)	N	skin cancer	http://purl.obolibrary.org/obo/MONDO_0002898	GCST90475575	Genome-wide genotyping array
2026-02-02	39024449	Verma A	2024-07-19	Science	www.ncbi.nlm.nih.gov/pubmed/39024449	Diversity and scale: Genetic architecture of 2068 traits in the VA Million Veteran Program.	Skin cancer	83,801 European ancestry cases, 347,397 European ancestry controls	NA											chr7:101418653-G	chr7:101418653	0			1	0.7607	3E-11	10.522878745280337		0.04228	[0.029-0.056] unit increase	NR [44300000] (imputed)	N	skin cancer	http://purl.obolibrary.org/obo/MONDO_0002898	GCST90475575	Genome-wide genotyping array
2026-02-02	39024449	Verma A	2024-07-19	Science	www.ncbi.nlm.nih.gov/pubmed/39024449	Diversity and scale: Genetic architecture of 2068 traits in the VA Million Veteran Program.	Skin cancer	83,801 European ancestry cases, 347,397 European ancestry controls	NA											chr8:77483430-G	chr8:77483430	0			1	0.9377	6E-17	16.221848749616356		0.09229	[0.068-0.117] unit increase	NR [44300000] (imputed)	N	skin cancer	http://purl.obolibrary.org/obo/MONDO_0002898	GCST90475575	Genome-wide genotyping array
2026-02-02	39024449	Verma A	2024-07-19	Science	www.ncbi.nlm.nih.gov/pubmed/39024449	Diversity and scale: Genetic architecture of 2068 traits in the VA Million Veteran Program.	Skin cancer	83,801 European ancestry cases, 347,397 European ancestry controls	NA											chr8:101062888-G	chr8:101062888	0			1	0.8408	4E-19	18.397940008672037		0.06244	[0.047-0.078] unit increase	NR [44300000] (imputed)	N	skin cancer	http://purl.obolibrary.org/obo/MONDO_0002898	GCST90475575	Genome-wide genotyping array
2026-02-02	39024449	Verma A	2024-07-19	Science	www.ncbi.nlm.nih.gov/pubmed/39024449	Diversity and scale: Genetic architecture of 2068 traits in the VA Million Veteran Program.	Skin cancer	83,801 European ancestry cases, 347,397 European ancestry controls	NA											chr9:12712578-T	chr9:12712578	0			1	0.388	2E-12	11.698970004336019		0.03811	[0.026-0.05] unit decrease	NR [44300000] (imputed)	N	skin cancer	http://purl.obolibrary.org/obo/MONDO_0002898	GCST90475575	Genome-wide genotyping array
2026-02-02	39024449	Verma A	2024-07-19	Science	www.ncbi.nlm.nih.gov/pubmed/39024449	Diversity and scale: Genetic architecture of 2068 traits in the VA Million Veteran Program.	Skin cancer	83,801 European ancestry cases, 347,397 European ancestry controls	NA											chr9:139324574-C	chr9:139324574	0			1	0.7113	1E-13	13.0		0.04223	[0.03-0.054] unit decrease	NR [44300000] (imputed)	N	skin cancer	http://purl.obolibrary.org/obo/MONDO_0002898	GCST90475575	Genome-wide genotyping array
2026-01-23	41507467	Soremekun O	2026-01-08	Nat Genet	www.ncbi.nlm.nih.gov/pubmed/41507467	Linking the plasma proteome to genetics in individuals from continental Africa provides insights into type 2 diabetes pathogenesis.	MIA levels	525 Sub-Saharan African ancestry individuals	NA											chr19:41268243-G	chr19:41268243	0			1	NR	4E-11	10.397940008672037		0.468829	[0.33-0.61] unit increase	NR [15800632] (imputed)	N	amount of melanoma-derived growth regulatory protein (human) in blood	http://purl.obolibrary.org/obo/OBA_2052371	GCST90649779	Genome-wide genotyping array
2025-09-10	40789849	Yang C	2025-08-11	Nat Commun	www.ncbi.nlm.nih.gov/pubmed/40789849	European and African ancestry-specific plasma protein-QTL and metabolite-QTL analyses identify ancestry-specific T2D effector proteins and metabolites.	Melanoma-associated antigen 3 protein level (X20133.1)	2,338 European ancestry individuals	NA											chr19:44912921-T	chr19:44912921	0			1	NR	4E-51	50.39794000867204		0.0602634	[0.053-0.068] unit decrease	NR [10448203] (imputed)	N	level of melanoma-associated antigen 3 in blood serum	http://purl.obolibrary.org/obo/OBA_2042265	GCST90619477	Genome-wide genotyping array
2026-05-28	41298473	Koyama S	2025-11-26	Nat Commun	www.ncbi.nlm.nih.gov/pubmed/41298473	Genetics and context for precision health in Greater Boston.	Skin cancer	4,841 African-like, Admixed American-like, European-like or unknown ancestry cases, 47,533 African-like, Admixed American-like, European-like or unknown ancestry controls	NA	5p13.2	5	33951588		SLC45A2			ENSG00000164175			rs16891982-?	rs16891982	0	16891982	missense_variant	0	NR	1E-12	12.0		1.51	[1.34-1.7]	Illumina [NR] (imputed)	N	skin cancer	http://purl.obolibrary.org/obo/MONDO_0002898	GCST90837451	Genome-wide genotyping array
2026-05-28	41298473	Koyama S	2025-11-26	Nat Commun	www.ncbi.nlm.nih.gov/pubmed/41298473	Genetics and context for precision health in Greater Boston.	Skin cancer	4,841 African-like, Admixed American-like, European-like or unknown ancestry cases, 47,533 African-like, Admixed American-like, European-like or unknown ancestry controls	NA	6p25.3	6	396321		IRF4			ENSG00000137265			rs12203592-?	rs12203592	0	12203592	intron_variant	0	NR	7E-22	21.154901959985743		1.34	[1.26-1.42]	Illumina [NR] (imputed)	N	skin cancer	http://purl.obolibrary.org/obo/MONDO_0002898	GCST90837451	Genome-wide genotyping array
2026-05-28	41298473	Koyama S	2025-11-26	Nat Commun	www.ncbi.nlm.nih.gov/pubmed/41298473	Genetics and context for precision health in Greater Boston.	Skin cancer	4,841 African-like, Admixed American-like, European-like or unknown ancestry cases, 47,533 African-like, Admixed American-like, European-like or unknown ancestry controls	NA	16q24.3	16	89919709		MC1R			ENSG00000258839			rs1805007-?	rs1805007	0	1805007	missense_variant	0	NR	1E-11	11.0		1.33	[1.22-1.44]	Illumina [NR] (imputed)	N	skin cancer	http://purl.obolibrary.org/obo/MONDO_0002898	GCST90837451	Genome-wide genotyping array
2026-05-28	41298473	Koyama S	2025-11-26	Nat Commun	www.ncbi.nlm.nih.gov/pubmed/41298473	Genetics and context for precision health in Greater Boston.	Skin cancer	4,841 African-like, Admixed American-like, European-like or unknown ancestry cases, 47,533 African-like, Admixed American-like, European-like or unknown ancestry controls	NA	20q11.22	20	34077942		RALY			ENSG00000125970			rs6059655-?	rs6059655	0	6059655	intron_variant	0	NR	6E-12	11.221848749616356		0.76	[0.7-0.82]	Illumina [NR] (imputed)	N	skin cancer	http://purl.obolibrary.org/obo/MONDO_0002898	GCST90837451	Genome-wide genotyping array
2026-05-28	41298473	Koyama S	2025-11-26	Nat Commun	www.ncbi.nlm.nih.gov/pubmed/41298473	Genetics and context for precision health in Greater Boston.	Other non-epithelial cancer of skin (PheCode 172.2)	3,719 African-like, Admixed American-like, European-like or unknown ancestry cases, 48,655 African-like, Admixed American-like, European-like or unknown ancestry controls	NA	6p25.3	6	396321		IRF4			ENSG00000137265			rs12203592-?	rs12203592	0	12203592	intron_variant	0	NR	3E-22	21.522878745280337		1.39	[1.31-1.49]	Illumina [NR] (imputed)	N	skin cancer	http://purl.obolibrary.org/obo/MONDO_0002898	GCST90837454	Genome-wide genotyping array
2025-09-10	40789849	Yang C	2025-08-11	Nat Commun	www.ncbi.nlm.nih.gov/pubmed/40789849	European and African ancestry-specific plasma protein-QTL and metabolite-QTL analyses identify ancestry-specific T2D effector proteins and metabolites.	Melanoma-associated antigen MUC18 protein level	2,338 European ancestry individuals	NA											chr11:119314967-C	chr11:119314967	0			1	NR	2E-9	8.698970004336019		0.0582859	[0.039-0.077] unit increase	NR [10448203] (imputed)	N	blood protein amount	http://purl.obolibrary.org/obo/OBA_VT0005416	GCST90619563	Genome-wide genotyping array
2025-09-10	40789849	Yang C	2025-08-11	Nat Commun	www.ncbi.nlm.nih.gov/pubmed/40789849	European and African ancestry-specific plasma protein-QTL and metabolite-QTL analyses identify ancestry-specific T2D effector proteins and metabolites.	Melanoma-associated antigen 3 protein level (X12576.21)	2,338 European ancestry individuals	NA											chr14:94146512-T	chr14:94146512	0			1	NR	9E-12	11.045757490560675		0.0418444	[0.03-0.054] unit increase	NR [10448203] (imputed)	N	level of melanoma-associated antigen 3 in blood serum	http://purl.obolibrary.org/obo/OBA_2042265	GCST90617652	Genome-wide genotyping array
2025-09-10	40789849	Yang C	2025-08-11	Nat Commun	www.ncbi.nlm.nih.gov/pubmed/40789849	European and African ancestry-specific plasma protein-QTL and metabolite-QTL analyses identify ancestry-specific T2D effector proteins and metabolites.	Melanoma-associated antigen 3 protein level (X12576.21)	2,338 European ancestry individuals	NA											chr19:44945208-G	chr19:44945208	0			1	NR	8E-41	40.096910013008056		0.0328357	[0.028-0.038] unit increase	NR [10448203] (imputed)	N	level of melanoma-associated antigen 3 in blood serum	http://purl.obolibrary.org/obo/OBA_2042265	GCST90617652	Genome-wide genotyping array
2023-04-03	34648354	Pietzner M	2021-11-12	Science	www.ncbi.nlm.nih.gov/pubmed/34648354	Mapping the proteo-genomic convergence of human diseases.	B melanoma antigen 2 levels	10,708 European ancestry individuals	NA	1q31.3	1	196677046		CFH			ENSG00000000971			rs1329424-T	rs1329424	0	1329424	intron_variant	0	0.39	2E-12	11.698970004336019		0.089	[0.064-0.114] unit decrease	Affymetrix, Illumina [10200000] (imputed)	N	B melanoma antigen 2 measurement	http://www.ebi.ac.uk/efo/EFO_0801401	GCST90246710	Genome-wide genotyping array
2023-04-03	34648354	Pietzner M	2021-11-12	Science	www.ncbi.nlm.nih.gov/pubmed/34648354	Mapping the proteo-genomic convergence of human diseases.	B melanoma antigen 2 levels	10,708 European ancestry individuals	NA	3p14.3	3	56815721		ARHGEF3			ENSG00000163947			rs1354034-T	rs1354034	0	1354034	intron_variant	0	0.4	3E-13	12.522878745280337		0.092	[0.067-0.117] unit decrease	Affymetrix, Illumina [10200000] (imputed)	N	B melanoma antigen 2 measurement	http://www.ebi.ac.uk/efo/EFO_0801401	GCST90246710	Genome-wide genotyping array
2023-04-03	34648354	Pietzner M	2021-11-12	Science	www.ncbi.nlm.nih.gov/pubmed/34648354	Mapping the proteo-genomic convergence of human diseases.	B melanoma antigen 3 levels	10,708 European ancestry individuals	NA	5p12	5	42659999		GHR			ENSG00000112964			rs4612114-A	rs4612114	0	4612114	intron_variant	0	0.73	3E-14	13.522878745280337		0.115	[0.086-0.144] unit increase	Affymetrix, Illumina [10200000] (imputed)	N	b melanoma antigen 3 measurement	http://www.ebi.ac.uk/efo/EFO_0802299	GCST90246711	Genome-wide genotyping array
2022-09-27	34814699	Katz DH	2021-11-24	Circulation	www.ncbi.nlm.nih.gov/pubmed/34814699	Whole Genome Sequence Analysis of the Plasma Proteome in Black Adults Provides Novel Insights Into Cardiovascular Disease.	melanoma-derived growth regulatory protein levels	1,852 African American or Afro-Caribbean individuals	1,688 African American or Afro-Caribbean, Hispanic or Latin American, Asian ancestry, European ancestry individuals	19q13.2	19	40776370		MIA-RAB4B, MIA			ENSG00000268975, ENSG00000261857			rs8107978-?	rs8107978	0	8107978	intron_variant	0	NR	1E-150	150.0		0.97	[0.89-1.05] unit increase	Illumina [NR]	N	melanoma-derived growth regulatory protein  level	http://purl.obolibrary.org/obo/OBA_2050157	GCST90137592	Genome-wide sequencing
2022-05-31	34813871	Liyanage U	2021-11-20	J Invest Dermatol	www.ncbi.nlm.nih.gov/pubmed/34813871	Multi-trait genetic analysis identifies auto-immune loci associated with cutaneous melanoma.	Cutaneous melanoma (MTAG)	380,287 European ancestry individuals	4,089 European ancestry cases, 11,901 European ancestry controls, 44,848 cases, 1,571,864 controls	1p13.2	1	113906130		DCLRE1B			ENSG00000118655			rs10858023-C	rs10858023	0	10858023	intron_variant	0	0.64	2E-9	8.698970004336019		0.0437	[0.029-0.058] unit increase	Affymetrix, Illumina [NR] (imputed)	N	cutaneous melanoma	http://purl.obolibrary.org/obo/MONDO_0005012	GCST90103971	Genome-wide genotyping array
2022-05-31	34813871	Liyanage U	2021-11-20	J Invest Dermatol	www.ncbi.nlm.nih.gov/pubmed/34813871	Multi-trait genetic analysis identifies auto-immune loci associated with cutaneous melanoma.	Cutaneous melanoma (MTAG)	380,287 European ancestry individuals	4,089 European ancestry cases, 11,901 European ancestry controls, 44,848 cases, 1,571,864 controls	1q21.3	1	150884665		RPS27AP6 - CTXND2	ENSG00000224800	ENSG00000283324		2982	2471	rs12410050-A	rs12410050	0	12410050	intron_variant	1	0.48	3E-22	21.522878745280337		0.067	[0.053-0.081] unit decrease	Affymetrix, Illumina [NR] (imputed)	N	cutaneous melanoma	http://purl.obolibrary.org/obo/MONDO_0005012	GCST90103971	Genome-wide genotyping array
2022-05-31	34813871	Liyanage U	2021-11-20	J Invest Dermatol	www.ncbi.nlm.nih.gov/pubmed/34813871	Multi-trait genetic analysis identifies auto-immune loci associated with cutaneous melanoma.	Cutaneous melanoma (MTAG)	380,287 European ancestry individuals	4,089 European ancestry cases, 11,901 European ancestry controls, 44,848 cases, 1,571,864 controls	1q21.3	1	155022502		DCST2			ENSG00000163354			rs76798800-G	rs76798800	0	76798800	intron_variant	0	0.75	1E-26	26.0		0.0824	[0.067-0.097] unit decrease	Affymetrix, Illumina [NR] (imputed)	N	cutaneous melanoma	http://purl.obolibrary.org/obo/MONDO_0005012	GCST90103971	Genome-wide genotyping array
2022-05-31	34813871	Liyanage U	2021-11-20	J Invest Dermatol	www.ncbi.nlm.nih.gov/pubmed/34813871	Multi-trait genetic analysis identifies auto-immune loci associated with cutaneous melanoma.	Cutaneous melanoma (MTAG)	380,287 European ancestry individuals	4,089 European ancestry cases, 11,901 European ancestry controls, 44,848 cases, 1,571,864 controls	1q32.1	1	205161285		DSTYK			ENSG00000133059			rs3851294-A	rs3851294	0	3851294	missense_variant	0	0.08	2E-7	6.698970004336019		0.0599	[0.037-0.083] unit increase	Affymetrix, Illumina [NR] (imputed)	N	cutaneous melanoma	http://purl.obolibrary.org/obo/MONDO_0005012	GCST90103971	Genome-wide genotyping array
2022-05-31	34813871	Liyanage U	2021-11-20	J Invest Dermatol	www.ncbi.nlm.nih.gov/pubmed/34813871	Multi-trait genetic analysis identifies auto-immune loci associated with cutaneous melanoma.	Cutaneous melanoma (MTAG)	380,287 European ancestry individuals	4,089 European ancestry cases, 11,901 European ancestry controls, 44,848 cases, 1,571,864 controls	1q42.12	1	226415934		PARP1 - RPS3AP7	ENSG00000143799	ENSG00000229965		7780	22630	rs2695237-T	rs2695237	0	2695237	intergenic_variant	1	0.63	4E-21	20.397940008672037		0.0698	[0.055-0.084] unit increase	Affymetrix, Illumina [NR] (imputed)	N	cutaneous melanoma	http://purl.obolibrary.org/obo/MONDO_0005012	GCST90103971	Genome-wide genotyping array
2022-05-31	34813871	Liyanage U	2021-11-20	J Invest Dermatol	www.ncbi.nlm.nih.gov/pubmed/34813871	Multi-trait genetic analysis identifies auto-immune loci associated with cutaneous melanoma.	Cutaneous melanoma (MTAG)	380,287 European ancestry individuals	4,089 European ancestry cases, 11,901 European ancestry controls, 44,848 cases, 1,571,864 controls	2p23.3	2	25558584		DTNB			ENSG00000138101			rs6737159-T	rs6737159	0	6737159	intron_variant	0	0.78	2E-10	9.698970004336019		0.0534	[0.037-0.07] unit decrease	Affymetrix, Illumina [NR] (imputed)	N	cutaneous melanoma	http://purl.obolibrary.org/obo/MONDO_0005012	GCST90103971	Genome-wide genotyping array
2022-05-31	34813871	Liyanage U	2021-11-20	J Invest Dermatol	www.ncbi.nlm.nih.gov/pubmed/34813871	Multi-trait genetic analysis identifies auto-immune loci associated with cutaneous melanoma.	Cutaneous melanoma (MTAG)	380,287 European ancestry individuals	4,089 European ancestry cases, 11,901 European ancestry controls, 44,848 cases, 1,571,864 controls	2p22.2	2	38070996		CYP1B1			ENSG00000138061			rs1800440-T	rs1800440	0	1800440	missense_variant	0	0.82	3E-16	15.522878745280337		0.0736	[0.056-0.091] unit increase	Affymetrix, Illumina [NR] (imputed)	N	cutaneous melanoma	http://purl.obolibrary.org/obo/MONDO_0005012	GCST90103971	Genome-wide genotyping array
2022-05-31	34813871	Liyanage U	2021-11-20	J Invest Dermatol	www.ncbi.nlm.nih.gov/pubmed/34813871	Multi-trait genetic analysis identifies auto-immune loci associated with cutaneous melanoma.	Cutaneous melanoma (MTAG)	380,287 European ancestry individuals	4,089 European ancestry cases, 11,901 European ancestry controls, 44,848 cases, 1,571,864 controls	2q33.1	2	201279205		CASP8			ENSG00000064012			rs10931936-T	rs10931936	0	10931936	intron_variant	0	0.28	1E-8	8.0		0.0431	[0.028-0.058] unit increase	Affymetrix, Illumina [NR] (imputed)	N	cutaneous melanoma	http://purl.obolibrary.org/obo/MONDO_0005012	GCST90103971	Genome-wide genotyping array
2022-05-31	34813871	Liyanage U	2021-11-20	J Invest Dermatol	www.ncbi.nlm.nih.gov/pubmed/34813871	Multi-trait genetic analysis identifies auto-immune loci associated with cutaneous melanoma.	Cutaneous melanoma (MTAG)	380,287 European ancestry individuals	4,089 European ancestry cases, 11,901 European ancestry controls, 44,848 cases, 1,571,864 controls	3q26.2	3	169774313		MYNN			ENSG00000085274			rs10936599-C	rs10936599	0	10936599	missense_variant	0	0.75	8E-19	18.096910013008056		0.0719	[0.056-0.088] unit increase	Affymetrix, Illumina [NR] (imputed)	N	cutaneous melanoma	http://purl.obolibrary.org/obo/MONDO_0005012	GCST90103971	Genome-wide genotyping array
2022-05-31	34813871	Liyanage U	2021-11-20	J Invest Dermatol	www.ncbi.nlm.nih.gov/pubmed/34813871	Multi-trait genetic analysis identifies auto-immune loci associated with cutaneous melanoma.	Cutaneous melanoma (MTAG)	380,287 European ancestry individuals	4,089 European ancestry cases, 11,901 European ancestry controls, 44,848 cases, 1,571,864 controls	5p15.33	5	1344343		CLPTM1L			ENSG00000049656			rs31490-G	rs31490	0	31490	splice_region_variant	0	0.56	3E-36	35.52287874528034		0.0864	[0.073-0.1] unit decrease	Affymetrix, Illumina [NR] (imputed)	N	cutaneous melanoma	http://purl.obolibrary.org/obo/MONDO_0005012	GCST90103971	Genome-wide genotyping array
2022-05-31	34813871	Liyanage U	2021-11-20	J Invest Dermatol	www.ncbi.nlm.nih.gov/pubmed/34813871	Multi-trait genetic analysis identifies auto-immune loci associated with cutaneous melanoma.	Cutaneous melanoma (MTAG)	380,287 European ancestry individuals	4,089 European ancestry cases, 11,901 European ancestry controls, 44,848 cases, 1,571,864 controls	5p13.2	5	33926949		ADAMTS12 - RXFP3	ENSG00000151388	ENSG00000182631		34930	9437	rs13177787-T	rs13177787	0	13177787	intergenic_variant	1	0.09	1E-17	17.0		0.13	[0.1-0.16] unit decrease	Affymetrix, Illumina [NR] (imputed)	N	cutaneous melanoma	http://purl.obolibrary.org/obo/MONDO_0005012	GCST90103971	Genome-wide genotyping array
2022-05-31	34813871	Liyanage U	2021-11-20	J Invest Dermatol	www.ncbi.nlm.nih.gov/pubmed/34813871	Multi-trait genetic analysis identifies auto-immune loci associated with cutaneous melanoma.	Cutaneous melanoma (MTAG)	380,287 European ancestry individuals	4,089 European ancestry cases, 11,901 European ancestry controls, 44,848 cases, 1,571,864 controls	5p13.1	5	38756615		OSMR-DT			ENSG00000249740			rs11743151-C	rs11743151	0	11743151	intron_variant	0	0.66	1E-11	11.0		0.0489	[0.035-0.063] unit increase	Affymetrix, Illumina [NR] (imputed)	N	cutaneous melanoma	http://purl.obolibrary.org/obo/MONDO_0005012	GCST90103971	Genome-wide genotyping array
2022-05-31	34813871	Liyanage U	2021-11-20	J Invest Dermatol	www.ncbi.nlm.nih.gov/pubmed/34813871	Multi-trait genetic analysis identifies auto-immune loci associated with cutaneous melanoma.	Cutaneous melanoma (MTAG)	380,287 European ancestry individuals	4,089 European ancestry cases, 11,901 European ancestry controls, 44,848 cases, 1,571,864 controls	5q14.3	5	90969992		ADGRV1			ENSG00000164199			rs12659201-G	rs12659201	0	12659201	intron_variant	0	0.58	7E-23	22.154901959985743		0.0699	[0.056-0.084] unit increase	Affymetrix, Illumina [NR] (imputed)	N	cutaneous melanoma	http://purl.obolibrary.org/obo/MONDO_0005012	GCST90103971	Genome-wide genotyping array
2022-05-31	34813871	Liyanage U	2021-11-20	J Invest Dermatol	www.ncbi.nlm.nih.gov/pubmed/34813871	Multi-trait genetic analysis identifies auto-immune loci associated with cutaneous melanoma.	Cutaneous melanoma (MTAG)	380,287 European ancestry individuals	4,089 European ancestry cases, 11,901 European ancestry controls, 44,848 cases, 1,571,864 controls	5q32	5	149816527		PPARGC1B			ENSG00000155846			rs251465-A	rs251465	0	251465	intron_variant	0	0.72	1E-15	15.0		0.0637	[0.048-0.079] unit increase	Affymetrix, Illumina [NR] (imputed)	N	cutaneous melanoma	http://purl.obolibrary.org/obo/MONDO_0005012	GCST90103971	Genome-wide genotyping array
2022-05-31	34813871	Liyanage U	2021-11-20	J Invest Dermatol	www.ncbi.nlm.nih.gov/pubmed/34813871	Multi-trait genetic analysis identifies auto-immune loci associated with cutaneous melanoma.	Cutaneous melanoma (MTAG)	380,287 European ancestry individuals	4,089 European ancestry cases, 11,901 European ancestry controls, 44,848 cases, 1,571,864 controls	6p25.3	6	1145030		LINC01622 - FOXQ1	ENSG00000286785	ENSG00000164379		43608	167068	rs12215602-G	rs12215602	0	12215602	intron_variant	1	0.72	1E-6	6.0		0.0368	[0.022-0.051] unit decrease	Affymetrix, Illumina [NR] (imputed)	N	cutaneous melanoma	http://purl.obolibrary.org/obo/MONDO_0005012	GCST90103971	Genome-wide genotyping array
2022-05-31	34813871	Liyanage U	2021-11-20	J Invest Dermatol	www.ncbi.nlm.nih.gov/pubmed/34813871	Multi-trait genetic analysis identifies auto-immune loci associated with cutaneous melanoma.	Cutaneous melanoma (MTAG)	380,287 European ancestry individuals	4,089 European ancestry cases, 11,901 European ancestry controls, 44,848 cases, 1,571,864 controls	6p22.3	6	21163688		CDKAL1			ENSG00000145996			rs6914598-T	rs6914598	0	6914598	intron_variant	0	0.68	3E-11	10.522878745280337		0.0511	[0.036-0.066] unit decrease	Affymetrix, Illumina [NR] (imputed)	N	cutaneous melanoma	http://purl.obolibrary.org/obo/MONDO_0005012	GCST90103971	Genome-wide genotyping array
2022-05-31	34813871	Liyanage U	2021-11-20	J Invest Dermatol	www.ncbi.nlm.nih.gov/pubmed/34813871	Multi-trait genetic analysis identifies auto-immune loci associated with cutaneous melanoma.	Cutaneous melanoma (MTAG)	380,287 European ancestry individuals	4,089 European ancestry cases, 11,901 European ancestry controls, 44,848 cases, 1,571,864 controls	6q25.1	6	151256048		AKAP12			ENSG00000131016			rs9322309-G	rs9322309	0	9322309	intron_variant	0	0.54	3E-12	11.522878745280337		0.0492	[0.035-0.063] unit decrease	Affymetrix, Illumina [NR] (imputed)	N	cutaneous melanoma	http://purl.obolibrary.org/obo/MONDO_0005012	GCST90103971	Genome-wide genotyping array
2022-05-31	34813871	Liyanage U	2021-11-20	J Invest Dermatol	www.ncbi.nlm.nih.gov/pubmed/34813871	Multi-trait genetic analysis identifies auto-immune loci associated with cutaneous melanoma.	Cutaneous melanoma (MTAG)	380,287 European ancestry individuals	4,089 European ancestry cases, 11,901 European ancestry controls, 44,848 cases, 1,571,864 controls	7q31.33	7	124756591		GPR37			ENSG00000170775			rs4731207-G	rs4731207	0	4731207	intron_variant	0	0.54	3E-8	7.522878745280337		0.038	[0.024-0.052] unit decrease	Affymetrix, Illumina [NR] (imputed)	N	cutaneous melanoma	http://purl.obolibrary.org/obo/MONDO_0005012	GCST90103971	Genome-wide genotyping array
2022-05-31	34813871	Liyanage U	2021-11-20	J Invest Dermatol	www.ncbi.nlm.nih.gov/pubmed/34813871	Multi-trait genetic analysis identifies auto-immune loci associated with cutaneous melanoma.	Cutaneous melanoma (MTAG)	380,287 European ancestry individuals	4,089 European ancestry cases, 11,901 European ancestry controls, 44,848 cases, 1,571,864 controls	7q32.3	7	131057307		LINC-PINT			ENSG00000231721			rs7803075-A	rs7803075	0	7803075	intron_variant	0	0.32	5E-17	16.30102999566398		0.0658	[0.051-0.081] unit decrease	Affymetrix, Illumina [NR] (imputed)	N	cutaneous melanoma	http://purl.obolibrary.org/obo/MONDO_0005012	GCST90103971	Genome-wide genotyping array
2022-05-31	34813871	Liyanage U	2021-11-20	J Invest Dermatol	www.ncbi.nlm.nih.gov/pubmed/34813871	Multi-trait genetic analysis identifies auto-immune loci associated with cutaneous melanoma.	Cutaneous melanoma (MTAG)	380,287 European ancestry individuals	4,089 European ancestry cases, 11,901 European ancestry controls, 44,848 cases, 1,571,864 controls	8q13.3	8	71958876		MSC-AS1			ENSG00000235531			rs1481853-C	rs1481853	0	1481853	intron_variant	0	0.37	1E-13	13.0		0.0538	[0.04-0.068] unit decrease	Affymetrix, Illumina [NR] (imputed)	N	cutaneous melanoma	http://purl.obolibrary.org/obo/MONDO_0005012	GCST90103971	Genome-wide genotyping array
2022-05-31	34813871	Liyanage U	2021-11-20	J Invest Dermatol	www.ncbi.nlm.nih.gov/pubmed/34813871	Multi-trait genetic analysis identifies auto-immune loci associated with cutaneous melanoma.	Cutaneous melanoma (MTAG)	380,287 European ancestry individuals	4,089 European ancestry cases, 11,901 European ancestry controls, 44,848 cases, 1,571,864 controls	9p23	9	12696499		LURAP1L-AS1, TYRP1			ENSG00000235448, ENSG00000107165			rs2762461-G	rs2762461	0	2762461	intron_variant	0	0.45	4E-15	14.397940008672037		0.0554	[0.041-0.069] unit decrease	Affymetrix, Illumina [NR] (imputed)	N	cutaneous melanoma	http://purl.obolibrary.org/obo/MONDO_0005012	GCST90103971	Genome-wide genotyping array
2022-05-31	34813871	Liyanage U	2021-11-20	J Invest Dermatol	www.ncbi.nlm.nih.gov/pubmed/34813871	Multi-trait genetic analysis identifies auto-immune loci associated with cutaneous melanoma.	Cutaneous melanoma (MTAG)	380,287 European ancestry individuals	4,089 European ancestry cases, 11,901 European ancestry controls, 44,848 cases, 1,571,864 controls	9p22.2	9	16885019		BNC2 - RN7SL720P	ENSG00000173068	ENSG00000241152		14117	168882	rs12350739-G	rs12350739	0	12350739	TF_binding_site_variant	1	0.47	1E-6	6.0		0.0341	[0.02-0.048] unit decrease	Affymetrix, Illumina [NR] (imputed)	N	cutaneous melanoma	http://purl.obolibrary.org/obo/MONDO_0005012	GCST90103971	Genome-wide genotyping array
2022-05-31	34813871	Liyanage U	2021-11-20	J Invest Dermatol	www.ncbi.nlm.nih.gov/pubmed/34813871	Multi-trait genetic analysis identifies auto-immune loci associated with cutaneous melanoma.	Cutaneous melanoma (MTAG)	380,287 European ancestry individuals	4,089 European ancestry cases, 11,901 European ancestry controls, 44,848 cases, 1,571,864 controls	9p21.3	9	21803881		MTAP			ENSG00000099810			rs871024-C	rs871024	0	871024	intron_variant	0	0.48	2E-104	103.69897000433602		0.1493	[0.14-0.16] unit increase	Affymetrix, Illumina [NR] (imputed)	N	cutaneous melanoma	http://purl.obolibrary.org/obo/MONDO_0005012	GCST90103971	Genome-wide genotyping array
2022-05-31	34813871	Liyanage U	2021-11-20	J Invest Dermatol	www.ncbi.nlm.nih.gov/pubmed/34813871	Multi-trait genetic analysis identifies auto-immune loci associated with cutaneous melanoma.	Cutaneous melanoma (MTAG)	380,287 European ancestry individuals	4,089 European ancestry cases, 11,901 European ancestry controls, 44,848 cases, 1,571,864 controls	9q31.2	9	106298549		LINC01505			ENSG00000234323			rs10739221-T	rs10739221	0	10739221	intron_variant	0	0.26	5E-20	19.30102999566398		0.0739	[0.058-0.09] unit increase	Affymetrix, Illumina [NR] (imputed)	N	cutaneous melanoma	http://purl.obolibrary.org/obo/MONDO_0005012	GCST90103971	Genome-wide genotyping array
2022-05-31	34813871	Liyanage U	2021-11-20	J Invest Dermatol	www.ncbi.nlm.nih.gov/pubmed/34813871	Multi-trait genetic analysis identifies auto-immune loci associated with cutaneous melanoma.	Cutaneous melanoma (MTAG)	380,287 European ancestry individuals	4,089 European ancestry cases, 11,901 European ancestry controls, 44,848 cases, 1,571,864 controls	9q31.2	9	107953993		RNA5SP293 - RPS15AP27	ENSG00000222459	ENSG00000236783		35015	9710	rs1888621-C	rs1888621	0	1888621	intron_variant	1	0.67	7E-31	30.154901959985743		0.0843	[0.07-0.099] unit increase	Affymetrix, Illumina [NR] (imputed)	N	cutaneous melanoma	http://purl.obolibrary.org/obo/MONDO_0005012	GCST90103971	Genome-wide genotyping array
2022-05-31	34813871	Liyanage U	2021-11-20	J Invest Dermatol	www.ncbi.nlm.nih.gov/pubmed/34813871	Multi-trait genetic analysis identifies auto-immune loci associated with cutaneous melanoma.	Cutaneous melanoma (MTAG)	380,287 European ancestry individuals	4,089 European ancestry cases, 11,901 European ancestry controls, 44,848 cases, 1,571,864 controls	10q24.33	10	103934543		STN1 - SLK	ENSG00000107960	ENSG00000065613		15781	32373	rs7902587-C	rs7902587	0	7902587	intron_variant	1	0.9	7E-32	31.154901959985743		0.1295	[0.11-0.15] unit decrease	Affymetrix, Illumina [NR] (imputed)	N	cutaneous melanoma	http://purl.obolibrary.org/obo/MONDO_0005012	GCST90103971	Genome-wide genotyping array
2022-05-31	34813871	Liyanage U	2021-11-20	J Invest Dermatol	www.ncbi.nlm.nih.gov/pubmed/34813871	Multi-trait genetic analysis identifies auto-immune loci associated with cutaneous melanoma.	Cutaneous melanoma (MTAG)	380,287 European ancestry individuals	4,089 European ancestry cases, 11,901 European ancestry controls, 44,848 cases, 1,571,864 controls	10q26.11	10	117813667		LINC02674 - RAB11FIP2	ENSG00000234952	ENSG00000107560		60338	191249	rs7098111-C	rs7098111	0	7098111	intron_variant	1	0.84	7E-8	7.154901959985743		0.0527	[0.033-0.072] unit increase	Affymetrix, Illumina [NR] (imputed)	N	cutaneous melanoma	http://purl.obolibrary.org/obo/MONDO_0005012	GCST90103971	Genome-wide genotyping array
2022-05-31	34813871	Liyanage U	2021-11-20	J Invest Dermatol	www.ncbi.nlm.nih.gov/pubmed/34813871	Multi-trait genetic analysis identifies auto-immune loci associated with cutaneous melanoma.	Cutaneous melanoma (MTAG)	380,287 European ancestry individuals	4,089 European ancestry cases, 11,901 European ancestry controls, 44,848 cases, 1,571,864 controls	11p15.2	11	16199336		SOX6			ENSG00000110693			rs6486277-C	rs6486277	0	6486277	intron_variant	0	0.48	1E-9	9.0		0.0422	[0.029-0.056] unit increase	Affymetrix, Illumina [NR] (imputed)	N	cutaneous melanoma	http://purl.obolibrary.org/obo/MONDO_0005012	GCST90103971	Genome-wide genotyping array
2022-05-31	34813871	Liyanage U	2021-11-20	J Invest Dermatol	www.ncbi.nlm.nih.gov/pubmed/34813871	Multi-trait genetic analysis identifies auto-immune loci associated with cutaneous melanoma.	Cutaneous melanoma (MTAG)	380,287 European ancestry individuals	4,089 European ancestry cases, 11,901 European ancestry controls, 44,848 cases, 1,571,864 controls	11q14.3	11	89320219		TYR - NOX4	ENSG00000077498	ENSG00000086991		24460	4134	rs7943603-T	rs7943603	0	7943603	intergenic_variant	1	0.65	4E-54	53.39794000867204		0.112	[0.098-0.126] unit decrease	Affymetrix, Illumina [NR] (imputed)	N	cutaneous melanoma	http://purl.obolibrary.org/obo/MONDO_0005012	GCST90103971	Genome-wide genotyping array
2022-05-31	34813871	Liyanage U	2021-11-20	J Invest Dermatol	www.ncbi.nlm.nih.gov/pubmed/34813871	Multi-trait genetic analysis identifies auto-immune loci associated with cutaneous melanoma.	Cutaneous melanoma (MTAG)	380,287 European ancestry individuals	4,089 European ancestry cases, 11,901 European ancestry controls, 44,848 cases, 1,571,864 controls	11q22.3	11	108316962		C11orf65, ATM			ENSG00000166323, ENSG00000149311			rs73008229-G	rs73008229	0	73008229	intron_variant	0	0.86	3E-14	13.522878745280337		0.0758	[0.056-0.095] unit increase	Affymetrix, Illumina [NR] (imputed)	N	cutaneous melanoma	http://purl.obolibrary.org/obo/MONDO_0005012	GCST90103971	Genome-wide genotyping array
2022-05-31	34813871	Liyanage U	2021-11-20	J Invest Dermatol	www.ncbi.nlm.nih.gov/pubmed/34813871	Multi-trait genetic analysis identifies auto-immune loci associated with cutaneous melanoma.	Cutaneous melanoma (MTAG)	380,287 European ancestry individuals	4,089 European ancestry cases, 11,901 European ancestry controls, 44,848 cases, 1,571,864 controls	12q23.1	12	95984481		HAL			ENSG00000084110			rs2300560-C	rs2300560	0	2300560	intron_variant	0	0.63	6E-6	5.221848749616356		0.0327	[0.019-0.047] unit increase	Affymetrix, Illumina [NR] (imputed)	N	cutaneous melanoma	http://purl.obolibrary.org/obo/MONDO_0005012	GCST90103971	Genome-wide genotyping array
2022-05-31	34813871	Liyanage U	2021-11-20	J Invest Dermatol	www.ncbi.nlm.nih.gov/pubmed/34813871	Multi-trait genetic analysis identifies auto-immune loci associated with cutaneous melanoma.	Cutaneous melanoma (MTAG)	380,287 European ancestry individuals	4,089 European ancestry cases, 11,901 European ancestry controls, 44,848 cases, 1,571,864 controls	12q24.21	12	116139841		MED13L			ENSG00000123066			rs112761681-A	rs112761681	0	112761681	intron_variant	0	0.91	2E-14	13.698970004336019		0.0859	[0.064-0.108] unit decrease	Affymetrix, Illumina [NR] (imputed)	N	cutaneous melanoma	http://purl.obolibrary.org/obo/MONDO_0005012	GCST90103971	Genome-wide genotyping array
2022-05-31	34813871	Liyanage U	2021-11-20	J Invest Dermatol	www.ncbi.nlm.nih.gov/pubmed/34813871	Multi-trait genetic analysis identifies auto-immune loci associated with cutaneous melanoma.	Cutaneous melanoma (MTAG)	380,287 European ancestry individuals	4,089 European ancestry cases, 11,901 European ancestry controls, 44,848 cases, 1,571,864 controls	13q34	13	112878676		ATP11A			ENSG00000068650			rs1278761-T	rs1278761	0	1278761	intron_variant	0	0.47	5E-13	12.301029995663981		0.0501	[0.037-0.064] unit decrease	Affymetrix, Illumina [NR] (imputed)	N	cutaneous melanoma	http://purl.obolibrary.org/obo/MONDO_0005012	GCST90103971	Genome-wide genotyping array
2022-05-31	34813871	Liyanage U	2021-11-20	J Invest Dermatol	www.ncbi.nlm.nih.gov/pubmed/34813871	Multi-trait genetic analysis identifies auto-immune loci associated with cutaneous melanoma.	Cutaneous melanoma (MTAG)	380,287 European ancestry individuals	4,089 European ancestry cases, 11,901 European ancestry controls, 44,848 cases, 1,571,864 controls	14q24.1	14	68760214		RNU6-921P - ZFP36L1	ENSG00000207089	ENSG00000185650		24186	27441	rs11625064-T	rs11625064	0	11625064	intron_variant	1	0.63	4E-15	14.397940008672037		0.0555	[0.042-0.069] unit decrease	Affymetrix, Illumina [NR] (imputed)	N	cutaneous melanoma	http://purl.obolibrary.org/obo/MONDO_0005012	GCST90103971	Genome-wide genotyping array
2022-05-31	34813871	Liyanage U	2021-11-20	J Invest Dermatol	www.ncbi.nlm.nih.gov/pubmed/34813871	Multi-trait genetic analysis identifies auto-immune loci associated with cutaneous melanoma.	Cutaneous melanoma (MTAG)	380,287 European ancestry individuals	4,089 European ancestry cases, 11,901 European ancestry controls, 44,848 cases, 1,571,864 controls	15q13.3	15	32968772		FMN1			ENSG00000248905			rs150962800-C	rs150962800	0	150962800	missense_variant	0	0.98	5E-14	13.301029995663981		0.1705	[0.13-0.21] unit decrease	Affymetrix, Illumina [NR] (imputed)	N	cutaneous melanoma	http://purl.obolibrary.org/obo/MONDO_0005012	GCST90103971	Genome-wide genotyping array
2022-05-31	34813871	Liyanage U	2021-11-20	J Invest Dermatol	www.ncbi.nlm.nih.gov/pubmed/34813871	Multi-trait genetic analysis identifies auto-immune loci associated with cutaneous melanoma.	Cutaneous melanoma (MTAG)	380,287 European ancestry individuals	4,089 European ancestry cases, 11,901 European ancestry controls, 44,848 cases, 1,571,864 controls	16p13.3	16	4400420		CORO7, CORO7-PAM16			ENSG00000262246, ENSG00000103426			rs9923354-T	rs9923354	0	9923354	intron_variant	0	0.24	2E-6	5.698970004336019		0.0394	[0.023-0.056] unit decrease	Affymetrix, Illumina [NR] (imputed)	N	cutaneous melanoma	http://purl.obolibrary.org/obo/MONDO_0005012	GCST90103971	Genome-wide genotyping array
2022-05-31	34813871	Liyanage U	2021-11-20	J Invest Dermatol	www.ncbi.nlm.nih.gov/pubmed/34813871	Multi-trait genetic analysis identifies auto-immune loci associated with cutaneous melanoma.	Cutaneous melanoma (MTAG)	380,287 European ancestry individuals	4,089 European ancestry cases, 11,901 European ancestry controls, 44,848 cases, 1,571,864 controls	16q12.2	16	54084220		FTO			ENSG00000140718			rs62034121-C	rs62034121	0	62034121	intron_variant	0	0.82	5E-13	12.301029995663981		0.0655	[0.048-0.083] unit decrease	Affymetrix, Illumina [NR] (imputed)	N	cutaneous melanoma	http://purl.obolibrary.org/obo/MONDO_0005012	GCST90103971	Genome-wide genotyping array
2022-05-31	34813871	Liyanage U	2021-11-20	J Invest Dermatol	www.ncbi.nlm.nih.gov/pubmed/34813871	Multi-trait genetic analysis identifies auto-immune loci associated with cutaneous melanoma.	Cutaneous melanoma (MTAG)	380,287 European ancestry individuals	4,089 European ancestry cases, 11,901 European ancestry controls, 44,848 cases, 1,571,864 controls	16q22.1	16	68780923		CDH1			ENSG00000039068			rs12597188-G	rs12597188	0	12597188	intron_variant	0	0.65	3E-13	12.522878745280337		0.0525	[0.038-0.067] unit decrease	Affymetrix, Illumina [NR] (imputed)	N	cutaneous melanoma	http://purl.obolibrary.org/obo/MONDO_0005012	GCST90103971	Genome-wide genotyping array
2022-05-31	34813871	Liyanage U	2021-11-20	J Invest Dermatol	www.ncbi.nlm.nih.gov/pubmed/34813871	Multi-trait genetic analysis identifies auto-immune loci associated with cutaneous melanoma.	Cutaneous melanoma (MTAG)	380,287 European ancestry individuals	4,089 European ancestry cases, 11,901 European ancestry controls, 44,848 cases, 1,571,864 controls	16q23.3	16	82169838		MPHOSPH6			ENSG00000135698			rs2911429-T	rs2911429	0	2911429	intron_variant	0	0.25	4E-6	5.3979400086720375		0.0361	[0.021-0.051] unit increase	Affymetrix, Illumina [NR] (imputed)	N	cutaneous melanoma	http://purl.obolibrary.org/obo/MONDO_0005012	GCST90103971	Genome-wide genotyping array
2022-05-31	34813871	Liyanage U	2021-11-20	J Invest Dermatol	www.ncbi.nlm.nih.gov/pubmed/34813871	Multi-trait genetic analysis identifies auto-immune loci associated with cutaneous melanoma.	Cutaneous melanoma (MTAG)	380,287 European ancestry individuals	4,089 European ancestry cases, 11,901 European ancestry controls, 44,848 cases, 1,571,864 controls	16q24.3	16	89461129		ANKRD11			ENSG00000167522			rs9929606-C	rs9929606	0	9929606	intron_variant	0	0.45	2E-40	39.69897000433602		0.0927	[0.079-0.106] unit increase	Affymetrix, Illumina [NR] (imputed)	N	cutaneous melanoma	http://purl.obolibrary.org/obo/MONDO_0005012	GCST90103971	Genome-wide genotyping array
2022-05-31	34813871	Liyanage U	2021-11-20	J Invest Dermatol	www.ncbi.nlm.nih.gov/pubmed/34813871	Multi-trait genetic analysis identifies auto-immune loci associated with cutaneous melanoma.	Cutaneous melanoma (MTAG)	380,287 European ancestry individuals	4,089 European ancestry cases, 11,901 European ancestry controls, 44,848 cases, 1,571,864 controls	17p13.1	17	7668434		TP53			ENSG00000141510			rs78378222-T	rs78378222	0	78378222	3_prime_UTR_variant	0	0.99	9E-11	10.045757490560675		0.1918	[0.13-0.25] unit decrease	Affymetrix, Illumina [NR] (imputed)	N	cutaneous melanoma	http://purl.obolibrary.org/obo/MONDO_0005012	GCST90103971	Genome-wide genotyping array
2022-05-31	34813871	Liyanage U	2021-11-20	J Invest Dermatol	www.ncbi.nlm.nih.gov/pubmed/34813871	Multi-trait genetic analysis identifies auto-immune loci associated with cutaneous melanoma.	Cutaneous melanoma (MTAG)	380,287 European ancestry individuals	4,089 European ancestry cases, 11,901 European ancestry controls, 44,848 cases, 1,571,864 controls	20q11.22	20	34128629		RPS2P1 - ASIP	ENSG00000225246	ENSG00000101440		5339	65940	rs4911412-A	rs4911412	0	4911412	intergenic_variant	1	0.31	2E-38	37.69897000433602		0.0926	[0.078-0.107] unit increase	Affymetrix, Illumina [NR] (imputed)	N	cutaneous melanoma	http://purl.obolibrary.org/obo/MONDO_0005012	GCST90103971	Genome-wide genotyping array
2022-05-31	34813871	Liyanage U	2021-11-20	J Invest Dermatol	www.ncbi.nlm.nih.gov/pubmed/34813871	Multi-trait genetic analysis identifies auto-immune loci associated with cutaneous melanoma.	Cutaneous melanoma (MTAG)	380,287 European ancestry individuals	4,089 European ancestry cases, 11,901 European ancestry controls, 44,848 cases, 1,571,864 controls	20q13.33	20	63689775		RTEL1-TNFRSF6B, RTEL1			ENSG00000026036, ENSG00000258366			rs35640778-G	rs35640778	0	35640778	missense_variant	0	0.98	4E-8	7.3979400086720375		0.1563	[0.1-0.21] unit increase	Affymetrix, Illumina [NR] (imputed)	N	cutaneous melanoma	http://purl.obolibrary.org/obo/MONDO_0005012	GCST90103971	Genome-wide genotyping array
2022-05-31	34813871	Liyanage U	2021-11-20	J Invest Dermatol	www.ncbi.nlm.nih.gov/pubmed/34813871	Multi-trait genetic analysis identifies auto-immune loci associated with cutaneous melanoma.	Cutaneous melanoma (MTAG)	380,287 European ancestry individuals	4,089 European ancestry cases, 11,901 European ancestry controls, 44,848 cases, 1,571,864 controls	21q22.3	21	41371569		MX2			ENSG00000183486			rs408825-C	rs408825	0	408825	intron_variant	0	0.41	2E-29	28.69897000433602		0.0796	[0.066-0.094] unit decrease	Affymetrix, Illumina [NR] (imputed)	N	cutaneous melanoma	http://purl.obolibrary.org/obo/MONDO_0005012	GCST90103971	Genome-wide genotyping array
2022-05-31	34813871	Liyanage U	2021-11-20	J Invest Dermatol	www.ncbi.nlm.nih.gov/pubmed/34813871	Multi-trait genetic analysis identifies auto-immune loci associated with cutaneous melanoma.	Cutaneous melanoma (MTAG)	380,287 European ancestry individuals	4,089 European ancestry cases, 11,901 European ancestry controls, 44,848 cases, 1,571,864 controls	22q13.1	22	38149935		PLA2G6			ENSG00000184381			rs132941-T	rs132941	0	132941	non_coding_transcript_exon_variant	0	0.55	3E-34	33.52287874528034		0.0847	[0.071-0.098] unit increase	Affymetrix, Illumina [NR] (imputed)	N	cutaneous melanoma	http://purl.obolibrary.org/obo/MONDO_0005012	GCST90103971	Genome-wide genotyping array
2022-05-31	34813871	Liyanage U	2021-11-20	J Invest Dermatol	www.ncbi.nlm.nih.gov/pubmed/34813871	Multi-trait genetic analysis identifies auto-immune loci associated with cutaneous melanoma.	Cutaneous melanoma (MTAG)	380,287 European ancestry individuals	4,089 European ancestry cases, 11,901 European ancestry controls, 44,848 cases, 1,571,864 controls	22q13.31	22	45226803		KIAA0930			ENSG00000100364			rs5766565-A	rs5766565	0	5766565	intron_variant	0	0.65	2E-12	11.698970004336019		0.0515	[0.037-0.066] unit increase	Affymetrix, Illumina [NR] (imputed)	N	cutaneous melanoma	http://purl.obolibrary.org/obo/MONDO_0005012	GCST90103971	Genome-wide genotyping array
2022-05-31	34813871	Liyanage U	2021-11-20	J Invest Dermatol	www.ncbi.nlm.nih.gov/pubmed/34813871	Multi-trait genetic analysis identifies auto-immune loci associated with cutaneous melanoma.	Cutaneous melanoma (MTAG)	380,287 European ancestry individuals	4,089 European ancestry cases, 11,901 European ancestry controls, 44,848 cases, 1,571,864 controls	22q13.33	22	50283979		PLXNB2			ENSG00000196576			rs79966207-T	rs79966207	0	79966207	missense_variant	0	0.85	1E-7	7.0		0.0518	[0.033-0.071] unit decrease	Affymetrix, Illumina [NR] (imputed)	N	cutaneous melanoma	http://purl.obolibrary.org/obo/MONDO_0005012	GCST90103971	Genome-wide genotyping array
2022-05-31	34813871	Liyanage U	2021-11-20	J Invest Dermatol	www.ncbi.nlm.nih.gov/pubmed/34813871	Multi-trait genetic analysis identifies auto-immune loci associated with cutaneous melanoma.	Melanoma	4,089 European ancestry cases, 11,901 European ancestry controls	NA	5p15.33	5	1344343		CLPTM1L			ENSG00000049656			rs31490-G	rs31490	0	31490	splice_region_variant	0	0.56	2E-6	5.698970004336019		0.124	[0.073-0.175] unit decrease	Illumina [NR] (imputed)	N	melanoma	http://purl.obolibrary.org/obo/MONDO_0005105	GCST90103972	Genome-wide genotyping array
2022-05-31	34813871	Liyanage U	2021-11-20	J Invest Dermatol	www.ncbi.nlm.nih.gov/pubmed/34813871	Multi-trait genetic analysis identifies auto-immune loci associated with cutaneous melanoma.	Melanoma	4,089 European ancestry cases, 11,901 European ancestry controls	NA	9p21.3	9	21803881		MTAP			ENSG00000099810			rs871024-C	rs871024	0	871024	intron_variant	0	0.48	2E-20	19.69897000433602		0.242962	[0.19-0.29] unit increase	Illumina [NR] (imputed)	N	melanoma	http://purl.obolibrary.org/obo/MONDO_0005105	GCST90103972	Genome-wide genotyping array
2022-05-31	34813871	Liyanage U	2021-11-20	J Invest Dermatol	www.ncbi.nlm.nih.gov/pubmed/34813871	Multi-trait genetic analysis identifies auto-immune loci associated with cutaneous melanoma.	Melanoma	4,089 European ancestry cases, 11,901 European ancestry controls	NA	16q24.3	16	89461129		ANKRD11			ENSG00000167522			rs9929606-C	rs9929606	0	9929606	intron_variant	0	0.45	4E-7	6.3979400086720375		0.133385	[0.082-0.185] unit increase	Illumina [NR] (imputed)	N	melanoma	http://purl.obolibrary.org/obo/MONDO_0005105	GCST90103972	Genome-wide genotyping array
2022-05-31	34813871	Liyanage U	2021-11-20	J Invest Dermatol	www.ncbi.nlm.nih.gov/pubmed/34813871	Multi-trait genetic analysis identifies auto-immune loci associated with cutaneous melanoma.	Melanoma	4,089 European ancestry cases, 11,901 European ancestry controls	NA	6p25.3	6	396321		IRF4			ENSG00000137265			rs12203592-?	rs12203592	0	12203592	intron_variant	0	NR	3E-25	24.522878745280337				Illumina [NR] (imputed)	N	melanoma	http://purl.obolibrary.org/obo/MONDO_0005105	GCST90103972	Genome-wide genotyping array
2022-05-31	34813871	Liyanage U	2021-11-20	J Invest Dermatol	www.ncbi.nlm.nih.gov/pubmed/34813871	Multi-trait genetic analysis identifies auto-immune loci associated with cutaneous melanoma.	Melanoma	4,089 European ancestry cases, 11,901 European ancestry controls	NA	5p13.2	5	33951588		SLC45A2			ENSG00000164175			rs16891982-?	rs16891982	0	16891982	missense_variant	0	NR	7E-12	11.154901959985743				Illumina [NR] (imputed)	N	melanoma	http://purl.obolibrary.org/obo/MONDO_0005105	GCST90103972	Genome-wide genotyping array
2022-05-31	34813871	Liyanage U	2021-11-20	J Invest Dermatol	www.ncbi.nlm.nih.gov/pubmed/34813871	Multi-trait genetic analysis identifies auto-immune loci associated with cutaneous melanoma.	Melanoma	4,089 European ancestry cases, 11,901 European ancestry controls	NA	7p21.1	7	16953802		AHR			ENSG00000106546			rs1721028-?	rs1721028	0	1721028	intron_variant	0	NR	2E-8	7.698970004336019				Illumina [NR] (imputed)	N	melanoma	http://purl.obolibrary.org/obo/MONDO_0005105	GCST90103972	Genome-wide genotyping array
2022-05-31	34813871	Liyanage U	2021-11-20	J Invest Dermatol	www.ncbi.nlm.nih.gov/pubmed/34813871	Multi-trait genetic analysis identifies auto-immune loci associated with cutaneous melanoma.	Melanoma	4,089 European ancestry cases, 11,901 European ancestry controls	NA	11q14.3	11	89312929		TYR - NOX4	ENSG00000077498	ENSG00000086991		17170	11424	rs34993346-?	rs34993346	0	34993346	intergenic_variant	1	NR	5E-8	7.301029995663981				Illumina [NR] (imputed)	N	melanoma	http://purl.obolibrary.org/obo/MONDO_0005105	GCST90103972	Genome-wide genotyping array
2022-05-31	34813871	Liyanage U	2021-11-20	J Invest Dermatol	www.ncbi.nlm.nih.gov/pubmed/34813871	Multi-trait genetic analysis identifies auto-immune loci associated with cutaneous melanoma.	Melanoma	4,089 European ancestry cases, 11,901 European ancestry controls	NA	16q24.3	16	89958562		DEF8			ENSG00000140995			rs74800773-?	rs74800773	0	74800773	intron_variant	0	NR	2E-39	38.69897000433602				Illumina [NR] (imputed)	N	melanoma	http://purl.obolibrary.org/obo/MONDO_0005105	GCST90103972	Genome-wide genotyping array
2022-05-31	34813871	Liyanage U	2021-11-20	J Invest Dermatol	www.ncbi.nlm.nih.gov/pubmed/34813871	Multi-trait genetic analysis identifies auto-immune loci associated with cutaneous melanoma.	Melanoma	4,089 European ancestry cases, 11,901 European ancestry controls	NA	20q11.22	20	34077942		RALY			ENSG00000125970			rs6059655-?	rs6059655	0	6059655	intron_variant	0	NR	9E-16	15.045757490560675				Illumina [NR] (imputed)	N	melanoma	http://purl.obolibrary.org/obo/MONDO_0005105	GCST90103972	Genome-wide genotyping array
2022-11-11	34239129	Yang C	2021-07-08	Nat Neurosci	www.ncbi.nlm.nih.gov/pubmed/34239129	Genomic atlas of the proteome from brain, CSF and plasma prioritizes proteins implicated in neurological disorders.	MIA level (plasma)	529 European ancestry individuals	NA											chr19:41275487-?	chr19:41275487	0			1	NR	4E-31	30.397940008672037		0.123565	unit increase	Illumina [14059245] (imputed)	N	melanoma-derived growth regulatory protein  level	http://purl.obolibrary.org/obo/OBA_2050157	GCST90225899	Genome-wide genotyping array
2021-10-19	34290314	Brandes N	2021-07-21	Sci Rep	www.ncbi.nlm.nih.gov/pubmed/34290314	Genetic association studies of alterations in protein function expose recessive effects on cancer predisposition.	Melanoma	3,122 White British ancestry cases, 271,708 White British ancestry controls	NA	16q24.3	16	90026667		GAS8			ENSG00000141013			rs77270200-?	rs77270200	0	77270200	intron_variant	0	NR	5E-24	23.30102999566398		1.44664	[1.38-1.52]	NR [674885]	N	melanoma	http://purl.obolibrary.org/obo/MONDO_0005105	GCST90027057	Genome-wide genotyping array
2021-10-19	34290314	Brandes N	2021-07-21	Sci Rep	www.ncbi.nlm.nih.gov/pubmed/34290314	Genetic association studies of alterations in protein function expose recessive effects on cancer predisposition.	Melanoma	3,122 White British ancestry cases, 271,708 White British ancestry controls	NA	17q21.2	17	41763114		JUP			ENSG00000173801			rs78437817-?	rs78437817	0	78437817	missense_variant	0	NR	6E-6	5.221848749616356		5.2587	[4.54-5.98]	NR [674885]	N	melanoma	http://purl.obolibrary.org/obo/MONDO_0005105	GCST90027057	Genome-wide genotyping array
2021-10-19	34290314	Brandes N	2021-07-21	Sci Rep	www.ncbi.nlm.nih.gov/pubmed/34290314	Genetic association studies of alterations in protein function expose recessive effects on cancer predisposition.	Melanoma	3,122 White British ancestry cases, 271,708 White British ancestry controls	NA	18q21.33	18	63335419		KDSR			ENSG00000119537			rs61758854-?	rs61758854	0	61758854	intron_variant	0	NR	8E-6	5.096910013008056		1.324	[1.2-1.45]	NR [674885]	N	melanoma	http://purl.obolibrary.org/obo/MONDO_0005105	GCST90027057	Genome-wide genotyping array
2021-10-19	34290314	Brandes N	2021-07-21	Sci Rep	www.ncbi.nlm.nih.gov/pubmed/34290314	Genetic association studies of alterations in protein function expose recessive effects on cancer predisposition.	Melanoma	3,122 White British ancestry cases, 271,708 White British ancestry controls	NA	19p13.3	19	3748062		TJP3			ENSG00000105289			rs199978081-?	rs199978081	0	199978081	stop_gained	0	NR	5E-7	6.301029995663981		35.0169	[33.64-36.4]	NR [674885]	N	melanoma	http://purl.obolibrary.org/obo/MONDO_0005105	GCST90027057	Genome-wide genotyping array
2021-10-19	34290314	Brandes N	2021-07-21	Sci Rep	www.ncbi.nlm.nih.gov/pubmed/34290314	Genetic association studies of alterations in protein function expose recessive effects on cancer predisposition.	Melanoma	3,122 White British ancestry cases, 271,708 White British ancestry controls	NA	20q11.22	20	33839036		CHMP4B			ENSG00000101421			rs6088316-?	rs6088316	0	6088316	intron_variant	0	NR	2E-6	5.698970004336019		1.16115	[1.1-1.22]	NR [674885]	N	melanoma	http://purl.obolibrary.org/obo/MONDO_0005105	GCST90027057	Genome-wide genotyping array
2021-10-19	34290314	Brandes N	2021-07-21	Sci Rep	www.ncbi.nlm.nih.gov/pubmed/34290314	Genetic association studies of alterations in protein function expose recessive effects on cancer predisposition.	Melanoma	3,122 White British ancestry cases, 271,708 White British ancestry controls	NA	20q11.22	20	34087830		RALY			ENSG00000125970			rs6120513-?	rs6120513	0	6120513	intergenic_variant	0	NR	9E-6	5.045757490560675		1.12115	[1.07-1.17]	NR [674885]	N	melanoma	http://purl.obolibrary.org/obo/MONDO_0005105	GCST90027057	Genome-wide genotyping array
2021-10-19	34290314	Brandes N	2021-07-21	Sci Rep	www.ncbi.nlm.nih.gov/pubmed/34290314	Genetic association studies of alterations in protein function expose recessive effects on cancer predisposition.	Melanoma	3,122 White British ancestry cases, 271,708 White British ancestry controls	NA	20q11.22	20	34583968		PIGU			ENSG00000101464			rs910873-?	rs910873	0	910873	intron_variant	0	NR	1E-13	13.0		1.32309	[1.25-1.4]	NR [674885]	N	melanoma	http://purl.obolibrary.org/obo/MONDO_0005105	GCST90027057	Genome-wide genotyping array
2021-10-19	34290314	Brandes N	2021-07-21	Sci Rep	www.ncbi.nlm.nih.gov/pubmed/34290314	Genetic association studies of alterations in protein function expose recessive effects on cancer predisposition.	Melanoma	3,122 White British ancestry cases, 271,708 White British ancestry controls	NA	20q11.22	20	34767243		NCOA6			ENSG00000198646			rs4911442-?	rs4911442	0	4911442	intron_variant	0	NR	2E-9	8.698970004336019		1.22821	[1.16-1.3]	NR [674885]	N	melanoma	http://purl.obolibrary.org/obo/MONDO_0005105	GCST90027057	Genome-wide genotyping array
2021-10-19	34290314	Brandes N	2021-07-21	Sci Rep	www.ncbi.nlm.nih.gov/pubmed/34290314	Genetic association studies of alterations in protein function expose recessive effects on cancer predisposition.	Melanoma	3,122 White British ancestry cases, 271,708 White British ancestry controls	NA	20q11.22	20	35054593		TRPC4AP			ENSG00000100991			rs62213709-?	rs62213709	0	62213709	intron_variant	0	NR	1E-9	9.0		1.35685	[1.26-1.46]	NR [674885]	N	melanoma	http://purl.obolibrary.org/obo/MONDO_0005105	GCST90027057	Genome-wide genotyping array
2021-10-19	34290314	Brandes N	2021-07-21	Sci Rep	www.ncbi.nlm.nih.gov/pubmed/34290314	Genetic association studies of alterations in protein function expose recessive effects on cancer predisposition.	Melanoma	3,122 White British ancestry cases, 271,708 White British ancestry controls	NA	20q11.22	20	35301874		FAM83C - UQCC1	ENSG00000125998	ENSG00000101019		9449	692	rs666006-?	rs666006	0	666006	intergenic_variant	1	NR	1E-10	10.0		1.29216	[1.21-1.37]	NR [674885]	N	melanoma	http://purl.obolibrary.org/obo/MONDO_0005105	GCST90027057	Genome-wide genotyping array
2021-10-19	34290314	Brandes N	2021-07-21	Sci Rep	www.ncbi.nlm.nih.gov/pubmed/34290314	Genetic association studies of alterations in protein function expose recessive effects on cancer predisposition.	Melanoma	3,122 White British ancestry cases, 271,708 White British ancestry controls	NA	20q11.23	20	36139051		EPB41L1			ENSG00000088367			rs75653149-?	rs75653149	0	75653149	intron_variant	0	NR	1E-6	6.0		1.22592	[1.14-1.31]	NR [674885]	N	melanoma	http://purl.obolibrary.org/obo/MONDO_0005105	GCST90027057	Genome-wide genotyping array
2021-10-19	34290314	Brandes N	2021-07-21	Sci Rep	www.ncbi.nlm.nih.gov/pubmed/34290314	Genetic association studies of alterations in protein function expose recessive effects on cancer predisposition.	Melanoma	3,122 White British ancestry cases, 271,708 White British ancestry controls	NA	20q11.23	20	36374446		DLGAP4			ENSG00000080845			rs2425224-?	rs2425224	0	2425224	intron_variant	0	NR	7E-6	5.154901959985743		1.21604	[1.13-1.3]	NR [674885]	N	melanoma	http://purl.obolibrary.org/obo/MONDO_0005105	GCST90027057	Genome-wide genotyping array
2021-10-19	34290314	Brandes N	2021-07-21	Sci Rep	www.ncbi.nlm.nih.gov/pubmed/34290314	Genetic association studies of alterations in protein function expose recessive effects on cancer predisposition.	Melanoma	3,122 White British ancestry cases, 271,708 White British ancestry controls	NA	20q11.23	20	36736597		NDRG3			ENSG00000101079			rs56159798-?	rs56159798	0	56159798	intron_variant	0	NR	9E-7	6.045757490560675		1.23608	[1.15-1.32]	NR [674885]	N	melanoma	http://purl.obolibrary.org/obo/MONDO_0005105	GCST90027057	Genome-wide genotyping array
2021-10-19	34290314	Brandes N	2021-07-21	Sci Rep	www.ncbi.nlm.nih.gov/pubmed/34290314	Genetic association studies of alterations in protein function expose recessive effects on cancer predisposition.	Melanoma	3,122 White British ancestry cases, 271,708 White British ancestry controls	NA	21q22.2	21	39871547		PCP4			ENSG00000183036			rs58127813-?	rs58127813	0	58127813	intron_variant	0	NR	2E-6	5.698970004336019		1.15084	[1.09-1.21]	NR [674885]	N	melanoma	http://purl.obolibrary.org/obo/MONDO_0005105	GCST90027057	Genome-wide genotyping array
2021-10-19	34290314	Brandes N	2021-07-21	Sci Rep	www.ncbi.nlm.nih.gov/pubmed/34290314	Genetic association studies of alterations in protein function expose recessive effects on cancer predisposition.	Melanoma	3,122 White British ancestry cases, 271,708 White British ancestry controls	NA											Affx-89025667-?	Affx-89025667	0			1	NR	9E-7	6.045757490560675		1.79647	[1.56-2.03]	NR [674885]	N	melanoma	http://purl.obolibrary.org/obo/MONDO_0005105	GCST90027057	Genome-wide genotyping array
2021-10-19	34290314	Brandes N	2021-07-21	Sci Rep	www.ncbi.nlm.nih.gov/pubmed/34290314	Genetic association studies of alterations in protein function expose recessive effects on cancer predisposition.	Non-melanoma skin cancer	18,944 White British ancestry cases, 255,886 White British ancestry controls	NA	1p36.13	1	17433602		RCC2			ENSG00000179051			rs4920607-?	rs4920607	0	4920607	intron_variant	0	NR	4E-42	41.39794000867204		1.16203	[1.14-1.18]	NR [685523]	N	non-melanoma skin carcinoma	http://www.ebi.ac.uk/efo/EFO_0009260	GCST90027058	Genome-wide genotyping array
2021-10-19	34290314	Brandes N	2021-07-21	Sci Rep	www.ncbi.nlm.nih.gov/pubmed/34290314	Genetic association studies of alterations in protein function expose recessive effects on cancer predisposition.	Non-melanoma skin cancer	18,944 White British ancestry cases, 255,886 White British ancestry controls	NA	1p13.2	1	113761186		PHTF1 - RSBN1	ENSG00000116793	ENSG00000081019		1278	646	rs6679677-?	rs6679677	0	6679677	intergenic_variant	1	NR	3E-10	9.522878745280337		0.889667	[0.85-0.93]	NR [685523]	N	non-melanoma skin carcinoma	http://www.ebi.ac.uk/efo/EFO_0009260	GCST90027058	Genome-wide genotyping array
2021-10-19	34290314	Brandes N	2021-07-21	Sci Rep	www.ncbi.nlm.nih.gov/pubmed/34290314	Genetic association studies of alterations in protein function expose recessive effects on cancer predisposition.	Non-melanoma skin cancer	18,944 White British ancestry cases, 255,886 White British ancestry controls	NA	1p13.2	1	113907040		DCLRE1B			ENSG00000118655			rs3761936-?	rs3761936	0	3761936	missense_variant	0	NR	3E-6	5.522878745280337		0.934562	[0.91-0.96]	NR [685523]	N	non-melanoma skin carcinoma	http://www.ebi.ac.uk/efo/EFO_0009260	GCST90027058	Genome-wide genotyping array
2021-10-19	34290314	Brandes N	2021-07-21	Sci Rep	www.ncbi.nlm.nih.gov/pubmed/34290314	Genetic association studies of alterations in protein function expose recessive effects on cancer predisposition.	Non-melanoma skin cancer	18,944 White British ancestry cases, 255,886 White British ancestry controls	NA	1q21.3	1	150770224		CTSS - CTSK	ENSG00000163131	ENSG00000143387		4267	24656	rs11204725-?	rs11204725	0	11204725	intergenic_variant	1	NR	7E-6	5.154901959985743		0.952277	[0.93-0.97]	NR [685523]	N	non-melanoma skin carcinoma	http://www.ebi.ac.uk/efo/EFO_0009260	GCST90027058	Genome-wide genotyping array
2021-10-19	34290314	Brandes N	2021-07-21	Sci Rep	www.ncbi.nlm.nih.gov/pubmed/34290314	Genetic association studies of alterations in protein function expose recessive effects on cancer predisposition.	Non-melanoma skin cancer	18,944 White British ancestry cases, 255,886 White British ancestry controls	NA	1q21.3	1	151832539		RORC - C2CD4D	ENSG00000143365	ENSG00000225556		694	5279	rs12128071-?	rs12128071	0	12128071	intron_variant	1	NR	3E-6	5.522878745280337		1.10158	[1.06-1.14]	NR [685523]	N	non-melanoma skin carcinoma	http://www.ebi.ac.uk/efo/EFO_0009260	GCST90027058	Genome-wide genotyping array
2021-10-19	34290314	Brandes N	2021-07-21	Sci Rep	www.ncbi.nlm.nih.gov/pubmed/34290314	Genetic association studies of alterations in protein function expose recessive effects on cancer predisposition.	Non-melanoma skin cancer	18,944 White British ancestry cases, 255,886 White British ancestry controls	NA	1q21.3	1	152206676		CCDST			ENSG00000236427			rs12123821-?	rs12123821	0	12123821	intron_variant	0	NR	2E-6	5.698970004336019		1.12476	[1.08-1.17]	NR [685523]	N	non-melanoma skin carcinoma	http://www.ebi.ac.uk/efo/EFO_0009260	GCST90027058	Genome-wide genotyping array
2021-10-19	34290314	Brandes N	2021-07-21	Sci Rep	www.ncbi.nlm.nih.gov/pubmed/34290314	Genetic association studies of alterations in protein function expose recessive effects on cancer predisposition.	Non-melanoma skin cancer	18,944 White British ancestry cases, 255,886 White British ancestry controls	NA	1q21.3	1	152475622		CCDST - LCE5A	ENSG00000236427	ENSG00000186207		30166	35181	rs12731336-?	rs12731336	0	12731336	intergenic_variant	1	NR	5E-6	5.301029995663981		1.12049	[1.07-1.17]	NR [685523]	N	non-melanoma skin carcinoma	http://www.ebi.ac.uk/efo/EFO_0009260	GCST90027058	Genome-wide genotyping array
2021-10-19	34290314	Brandes N	2021-07-21	Sci Rep	www.ncbi.nlm.nih.gov/pubmed/34290314	Genetic association studies of alterations in protein function expose recessive effects on cancer predisposition.	Non-melanoma skin cancer	18,944 White British ancestry cases, 255,886 White British ancestry controls	NA	1q42.13	1	228853454		RHOU - LINC02814	ENSG00000116574	ENSG00000236975		106790	169319	rs801109-?	rs801109	0	801109	intron_variant	1	NR	2E-49	48.69897000433602		1.19745	[1.17-1.22]	NR [685523]	N	non-melanoma skin carcinoma	http://www.ebi.ac.uk/efo/EFO_0009260	GCST90027058	Genome-wide genotyping array
2021-10-19	34290314	Brandes N	2021-07-21	Sci Rep	www.ncbi.nlm.nih.gov/pubmed/34290314	Genetic association studies of alterations in protein function expose recessive effects on cancer predisposition.	Non-melanoma skin cancer	18,944 White British ancestry cases, 255,886 White British ancestry controls	NA	2p25.1	2	7564729		LINC02973 - RNU6ATAC37P	ENSG00000272002	ENSG00000221255		303225	12112	rs79522206-?	rs79522206	0	79522206	intron_variant	1	NR	1E-9	9.0		1.21094	[1.15-1.27]	NR [685523]	N	non-melanoma skin carcinoma	http://www.ebi.ac.uk/efo/EFO_0009260	GCST90027058	Genome-wide genotyping array
2021-10-19	34290314	Brandes N	2021-07-21	Sci Rep	www.ncbi.nlm.nih.gov/pubmed/34290314	Genetic association studies of alterations in protein function expose recessive effects on cancer predisposition.	Non-melanoma skin cancer	18,944 White British ancestry cases, 255,886 White British ancestry controls	NA	2p24.3	2	16285919		GACAT3 - CYRIA	ENSG00000236289	ENSG00000197872		198718	263540	rs11894986-?	rs11894986	0	11894986	intron_variant	1	NR	8E-13	12.096910013008056		0.874244	[0.84-0.91]	NR [685523]	N	non-melanoma skin carcinoma	http://www.ebi.ac.uk/efo/EFO_0009260	GCST90027058	Genome-wide genotyping array
2021-10-19	34290314	Brandes N	2021-07-21	Sci Rep	www.ncbi.nlm.nih.gov/pubmed/34290314	Genetic association studies of alterations in protein function expose recessive effects on cancer predisposition.	Melanoma	3,122 White British ancestry cases, 271,708 White British ancestry controls	NA	7p21.3	7	7819571		UMAD1			ENSG00000219545			rs2194656-?	rs2194656	0	2194656	intron_variant	0	NR	8E-6	5.096910013008056		1.12635	[1.07-1.18]	NR [674885]	N	melanoma	http://purl.obolibrary.org/obo/MONDO_0005105	GCST90027057	Genome-wide genotyping array
2021-10-19	34290314	Brandes N	2021-07-21	Sci Rep	www.ncbi.nlm.nih.gov/pubmed/34290314	Genetic association studies of alterations in protein function expose recessive effects on cancer predisposition.	Melanoma	3,122 White British ancestry cases, 271,708 White British ancestry controls	NA	7p21.1	7	17095084		AHR			ENSG00000106546			rs117132860-?	rs117132860	0	117132860	intron_variant	0	NR	8E-6	5.096910013008056		1.36658	[1.23-1.5]	NR [674885]	N	melanoma	http://purl.obolibrary.org/obo/MONDO_0005105	GCST90027057	Genome-wide genotyping array
2021-10-19	34290314	Brandes N	2021-07-21	Sci Rep	www.ncbi.nlm.nih.gov/pubmed/34290314	Genetic association studies of alterations in protein function expose recessive effects on cancer predisposition.	Melanoma	3,122 White British ancestry cases, 271,708 White British ancestry controls	NA	8p23.3	8	1499128		DLGAP2			ENSG00000198010			rs73172574-?	rs73172574	0	73172574	intron_variant	0	NR	3E-6	5.522878745280337		1.22488	[1.14-1.31]	NR [674885]	N	melanoma	http://purl.obolibrary.org/obo/MONDO_0005105	GCST90027057	Genome-wide genotyping array
2021-10-19	34290314	Brandes N	2021-07-21	Sci Rep	www.ncbi.nlm.nih.gov/pubmed/34290314	Genetic association studies of alterations in protein function expose recessive effects on cancer predisposition.	Melanoma	3,122 White British ancestry cases, 271,708 White British ancestry controls	NA	9p21.3	9	21747804		RN7SL151P - MTAP	ENSG00000244230	ENSG00000099810		48208	54832	rs4636294-?	rs4636294	0	4636294	intron_variant	1	NR	4E-10	9.397940008672037		1.17389	[1.12-1.22]	NR [674885]	N	melanoma	http://purl.obolibrary.org/obo/MONDO_0005105	GCST90027057	Genome-wide genotyping array
2021-10-19	34290314	Brandes N	2021-07-21	Sci Rep	www.ncbi.nlm.nih.gov/pubmed/34290314	Genetic association studies of alterations in protein function expose recessive effects on cancer predisposition.	Melanoma	3,122 White British ancestry cases, 271,708 White British ancestry controls	NA	9q34.11	9	130410582		HMCN2			ENSG00000148357			rs112661203-?	rs112661203	0	112661203	synonymous_variant	0	NR	4E-6	5.3979400086720375		3.04347	[2.57-3.52]	NR [674885]	N	melanoma	http://purl.obolibrary.org/obo/MONDO_0005105	GCST90027057	Genome-wide genotyping array
2021-10-19	34290314	Brandes N	2021-07-21	Sci Rep	www.ncbi.nlm.nih.gov/pubmed/34290314	Genetic association studies of alterations in protein function expose recessive effects on cancer predisposition.	Melanoma	3,122 White British ancestry cases, 271,708 White British ancestry controls	NA	10q24.33	10	103916707		STN1			ENSG00000107960			rs9420907-?	rs9420907	0	9420907	intron_variant	0	NR	9E-9	8.045757490560675		1.22477	[1.16-1.29]	NR [674885]	N	melanoma	http://purl.obolibrary.org/obo/MONDO_0005105	GCST90027057	Genome-wide genotyping array
2021-10-19	34290314	Brandes N	2021-07-21	Sci Rep	www.ncbi.nlm.nih.gov/pubmed/34290314	Genetic association studies of alterations in protein function expose recessive effects on cancer predisposition.	Melanoma	3,122 White British ancestry cases, 271,708 White British ancestry controls	NA											Affx-80279338-?	Affx-80279338	0			1	NR	4E-7	6.3979400086720375		16.2088	[15.13-17.29]	NR [674885]	N	melanoma	http://purl.obolibrary.org/obo/MONDO_0005105	GCST90027057	Genome-wide genotyping array
2021-10-19	34290314	Brandes N	2021-07-21	Sci Rep	www.ncbi.nlm.nih.gov/pubmed/34290314	Genetic association studies of alterations in protein function expose recessive effects on cancer predisposition.	Melanoma	3,122 White British ancestry cases, 271,708 White British ancestry controls	NA	11q14.1	11	85654130		TMEM126A			ENSG00000171202			rs140047528-?	rs140047528	0	140047528	missense_variant	0	NR	1E-7	7.0		2.26262	[1.96-2.57]	NR [674885]	N	melanoma	http://purl.obolibrary.org/obo/MONDO_0005105	GCST90027057	Genome-wide genotyping array
2021-10-19	34290314	Brandes N	2021-07-21	Sci Rep	www.ncbi.nlm.nih.gov/pubmed/34290314	Genetic association studies of alterations in protein function expose recessive effects on cancer predisposition.	Melanoma	3,122 White British ancestry cases, 271,708 White British ancestry controls	NA	11q14.2	11	88493228		GAPDHP70 - GRM5-AS1	ENSG00000249489	ENSG00000255082		84005	11348	rs7937452-?	rs7937452	0	7937452	intergenic_variant	1	NR	9E-6	5.045757490560675		1.16822	[1.1-1.24]	NR [674885]	N	melanoma	http://purl.obolibrary.org/obo/MONDO_0005105	GCST90027057	Genome-wide genotyping array
2021-10-19	34290314	Brandes N	2021-07-21	Sci Rep	www.ncbi.nlm.nih.gov/pubmed/34290314	Genetic association studies of alterations in protein function expose recessive effects on cancer predisposition.	Melanoma	3,122 White British ancestry cases, 271,708 White British ancestry controls	NA	11q14.3	11	88723659		GRM5			ENSG00000168959			rs1532548-?	rs1532548	0	1532548	intron_variant	0	NR	1E-8	8.0		1.20841	[1.14-1.27]	NR [674885]	N	melanoma	http://purl.obolibrary.org/obo/MONDO_0005105	GCST90027057	Genome-wide genotyping array
2021-10-19	34290314	Brandes N	2021-07-21	Sci Rep	www.ncbi.nlm.nih.gov/pubmed/34290314	Genetic association studies of alterations in protein function expose recessive effects on cancer predisposition.	Melanoma	3,122 White British ancestry cases, 271,708 White British ancestry controls	NA	11q14.3	11	89272085		TYR			ENSG00000077498			rs1847134-?	rs1847134	0	1847134	intron_variant	0	NR	9E-12	11.045757490560675		1.19695	[1.15-1.25]	NR [674885]	N	melanoma	http://purl.obolibrary.org/obo/MONDO_0005105	GCST90027057	Genome-wide genotyping array
2021-10-19	34290314	Brandes N	2021-07-21	Sci Rep	www.ncbi.nlm.nih.gov/pubmed/34290314	Genetic association studies of alterations in protein function expose recessive effects on cancer predisposition.	Melanoma	3,122 White British ancestry cases, 271,708 White British ancestry controls	NA	11q22.3	11	108304735		ATM			ENSG00000149311			rs1801516-?	rs1801516	0	1801516	missense_variant	0	NR	1E-7	7.0		0.813126	[0.74-0.89]	NR [674885]	N	melanoma	http://purl.obolibrary.org/obo/MONDO_0005105	GCST90027057	Genome-wide genotyping array
2021-10-19	34290314	Brandes N	2021-07-21	Sci Rep	www.ncbi.nlm.nih.gov/pubmed/34290314	Genetic association studies of alterations in protein function expose recessive effects on cancer predisposition.	Melanoma	3,122 White British ancestry cases, 271,708 White British ancestry controls	NA	11q22.3	11	108488434		POGLUT3			ENSG00000178202			rs4754317-?	rs4754317	0	4754317	intron_variant	0	NR	8E-7	6.096910013008056		0.826888	[0.75-0.9]	NR [674885]	N	melanoma	http://purl.obolibrary.org/obo/MONDO_0005105	GCST90027057	Genome-wide genotyping array
2021-10-19	34290314	Brandes N	2021-07-21	Sci Rep	www.ncbi.nlm.nih.gov/pubmed/34290314	Genetic association studies of alterations in protein function expose recessive effects on cancer predisposition.	Melanoma	3,122 White British ancestry cases, 271,708 White British ancestry controls	NA	12q14.3	12	65965972		HMGA2			ENSG00000149948			rs8756-?	rs8756	0	8756	3_prime_UTR_variant	0	NR	4E-6	5.3979400086720375		1.12601	[1.08-1.18]	NR [674885]	N	melanoma	http://purl.obolibrary.org/obo/MONDO_0005105	GCST90027057	Genome-wide genotyping array
2021-10-19	34290314	Brandes N	2021-07-21	Sci Rep	www.ncbi.nlm.nih.gov/pubmed/34290314	Genetic association studies of alterations in protein function expose recessive effects on cancer predisposition.	Melanoma	3,122 White British ancestry cases, 271,708 White British ancestry controls	NA	13q31.2	13	87886848		LINC00397 - TET1P1	ENSG00000223404	ENSG00000232204		76129	3324	rs12858850-?	rs12858850	0	12858850	intergenic_variant	1	NR	7E-6	5.154901959985743		0.782456	[0.68-0.89]	NR [674885]	N	melanoma	http://purl.obolibrary.org/obo/MONDO_0005105	GCST90027057	Genome-wide genotyping array
2021-10-19	34290314	Brandes N	2021-07-21	Sci Rep	www.ncbi.nlm.nih.gov/pubmed/34290314	Genetic association studies of alterations in protein function expose recessive effects on cancer predisposition.	Melanoma	3,122 White British ancestry cases, 271,708 White British ancestry controls	NA	13q34	13	110491254		COL4A2			ENSG00000134871			rs117412802-?	rs117412802	0	117412802	missense_variant	0	NR	4E-7	6.3979400086720375		1.56648	[1.39-1.74]	NR [674885]	N	melanoma	http://purl.obolibrary.org/obo/MONDO_0005105	GCST90027057	Genome-wide genotyping array
2021-10-19	34290314	Brandes N	2021-07-21	Sci Rep	www.ncbi.nlm.nih.gov/pubmed/34290314	Genetic association studies of alterations in protein function expose recessive effects on cancer predisposition.	Melanoma	3,122 White British ancestry cases, 271,708 White British ancestry controls	NA	14q13.3	14	36200909		LINC00609, PTCSC3			ENSG00000257585, ENSG00000259104			rs17553276-?	rs17553276	0	17553276	intron_variant	0	NR	3E-6	5.522878745280337		1.35317	[1.23-1.48]	NR [674885]	N	melanoma	http://purl.obolibrary.org/obo/MONDO_0005105	GCST90027057	Genome-wide genotyping array
2021-10-19	34290314	Brandes N	2021-07-21	Sci Rep	www.ncbi.nlm.nih.gov/pubmed/34290314	Genetic association studies of alterations in protein function expose recessive effects on cancer predisposition.	Melanoma	3,122 White British ancestry cases, 271,708 White British ancestry controls	NA	15q13.1	15	27985172		OCA2			ENSG00000104044			rs1800407-?	rs1800407	0	1800407	missense_variant	0	NR	4E-6	5.3979400086720375		1.21529	[1.13-1.3]	NR [674885]	N	melanoma	http://purl.obolibrary.org/obo/MONDO_0005105	GCST90027057	Genome-wide genotyping array
2021-10-19	34290314	Brandes N	2021-07-21	Sci Rep	www.ncbi.nlm.nih.gov/pubmed/34290314	Genetic association studies of alterations in protein function expose recessive effects on cancer predisposition.	Melanoma	3,122 White British ancestry cases, 271,708 White British ancestry controls	NA	15q21.3	15	55227984		RAB27A			ENSG00000069974			rs10518805-?	rs10518805	0	10518805	intron_variant	0	NR	6E-6	5.221848749616356		0.797111	[0.7-0.9]	NR [674885]	N	melanoma	http://purl.obolibrary.org/obo/MONDO_0005105	GCST90027057	Genome-wide genotyping array
2021-10-19	34290314	Brandes N	2021-07-21	Sci Rep	www.ncbi.nlm.nih.gov/pubmed/34290314	Genetic association studies of alterations in protein function expose recessive effects on cancer predisposition.	Melanoma	3,122 White British ancestry cases, 271,708 White British ancestry controls	NA	15q26.2	15	95056150		LINC02852 - LETR1	ENSG00000285866	ENSG00000248441		466887	109915	rs2168791-?	rs2168791	0	2168791	intron_variant	1	NR	6E-6	5.221848749616356		0.865102	[0.8-0.93]	NR [674885]	N	melanoma	http://purl.obolibrary.org/obo/MONDO_0005105	GCST90027057	Genome-wide genotyping array
2021-10-19	34290314	Brandes N	2021-07-21	Sci Rep	www.ncbi.nlm.nih.gov/pubmed/34290314	Genetic association studies of alterations in protein function expose recessive effects on cancer predisposition.	Melanoma	3,122 White British ancestry cases, 271,708 White British ancestry controls	NA	16q23.1	16	76490041		CNTNAP4			ENSG00000152910			rs16944472-?	rs16944472	0	16944472	intron_variant	0	NR	8E-7	6.096910013008056		0.774401	[0.67-0.88]	NR [674885]	N	melanoma	http://purl.obolibrary.org/obo/MONDO_0005105	GCST90027057	Genome-wide genotyping array
2021-10-19	34290314	Brandes N	2021-07-21	Sci Rep	www.ncbi.nlm.nih.gov/pubmed/34290314	Genetic association studies of alterations in protein function expose recessive effects on cancer predisposition.	Melanoma	3,122 White British ancestry cases, 271,708 White British ancestry controls	NA	16q24.3	16	89440922		ANKRD11			ENSG00000167522			rs74836424-?	rs74836424	0	74836424	intron_variant	0	NR	1E-22	22.0		1.47329	[1.4-1.55]	NR [674885]	N	melanoma	http://purl.obolibrary.org/obo/MONDO_0005105	GCST90027057	Genome-wide genotyping array
2021-10-19	34290314	Brandes N	2021-07-21	Sci Rep	www.ncbi.nlm.nih.gov/pubmed/34290314	Genetic association studies of alterations in protein function expose recessive effects on cancer predisposition.	Melanoma	3,122 White British ancestry cases, 271,708 White British ancestry controls	NA	16q24.3	16	89620999		DPEP1			ENSG00000015413			rs2280374-?	rs2280374	0	2280374	intron_variant	0	NR	2E-24	23.69897000433602		1.4552	[1.38-1.53]	NR [674885]	N	melanoma	http://purl.obolibrary.org/obo/MONDO_0005105	GCST90027057	Genome-wide genotyping array
2021-10-19	34290314	Brandes N	2021-07-21	Sci Rep	www.ncbi.nlm.nih.gov/pubmed/34290314	Genetic association studies of alterations in protein function expose recessive effects on cancer predisposition.	Melanoma	3,122 White British ancestry cases, 271,708 White British ancestry controls	NA	16q24.3	16	89752324		FANCA			ENSG00000187741			rs12931267-?	rs12931267	0	12931267	intron_variant	0	NR	1E-32	32.0		1.53336	[1.46-1.6]	NR [674885]	N	melanoma	http://purl.obolibrary.org/obo/MONDO_0005105	GCST90027057	Genome-wide genotyping array
2021-10-19	34290314	Brandes N	2021-07-21	Sci Rep	www.ncbi.nlm.nih.gov/pubmed/34290314	Genetic association studies of alterations in protein function expose recessive effects on cancer predisposition.	Melanoma	3,122 White British ancestry cases, 271,708 White British ancestry controls	NA											Affx-35293625-?	Affx-35293625	0			1	NR	5E-35	34.30102999566398		1.55008	[1.48-1.62]	NR [674885]	N	melanoma	http://purl.obolibrary.org/obo/MONDO_0005105	GCST90027057	Genome-wide genotyping array
2021-10-19	34290314	Brandes N	2021-07-21	Sci Rep	www.ncbi.nlm.nih.gov/pubmed/34290314	Genetic association studies of alterations in protein function expose recessive effects on cancer predisposition.	Non-melanoma skin cancer	18,944 White British ancestry cases, 255,886 White British ancestry controls	NA	6p21.32	6	33058176		HLA-DOA - HLA-DPA1	ENSG00000204252	ENSG00000231389		48582	6393	rs6457709-?	rs6457709	0	6457709	intergenic_variant	1	NR	2E-6	5.698970004336019		0.94528	[0.92-0.97]	NR [685523]	N	non-melanoma skin carcinoma	http://www.ebi.ac.uk/efo/EFO_0009260	GCST90027058	Genome-wide genotyping array
2021-10-19	34290314	Brandes N	2021-07-21	Sci Rep	www.ncbi.nlm.nih.gov/pubmed/34290314	Genetic association studies of alterations in protein function expose recessive effects on cancer predisposition.	Non-melanoma skin cancer	18,944 White British ancestry cases, 255,886 White British ancestry controls	NA	6q15	6	90267049		BACH2			ENSG00000112182			rs72928038-?	rs72928038	0	72928038	intron_variant	0	NR	3E-13	12.522878745280337		0.900021	[0.87-0.93]	NR [685523]	N	non-melanoma skin carcinoma	http://www.ebi.ac.uk/efo/EFO_0009260	GCST90027058	Genome-wide genotyping array
2021-10-19	34290314	Brandes N	2021-07-21	Sci Rep	www.ncbi.nlm.nih.gov/pubmed/34290314	Genetic association studies of alterations in protein function expose recessive effects on cancer predisposition.	Non-melanoma skin cancer	18,944 White British ancestry cases, 255,886 White British ancestry controls	NA	6q21	6	111552449		TRAF3IP2-AS1			ENSG00000231889			rs3777908-?	rs3777908	0	3777908	intron_variant	0	NR	4E-6	5.3979400086720375		1.49669	[1.32-1.67]	NR [685523]	N	non-melanoma skin carcinoma	http://www.ebi.ac.uk/efo/EFO_0009260	GCST90027058	Genome-wide genotyping array
2021-10-19	34290314	Brandes N	2021-07-21	Sci Rep	www.ncbi.nlm.nih.gov/pubmed/34290314	Genetic association studies of alterations in protein function expose recessive effects on cancer predisposition.	Non-melanoma skin cancer	18,944 White British ancestry cases, 255,886 White British ancestry controls	NA	6q25.1	6	150052823		PHB1P1 - ULBP3	ENSG00000213091	ENSG00000131019		9470	8230	rs12203612-?	rs12203612	0	12203612	intergenic_variant	1	NR	5E-6	5.301029995663981		0.946562	[0.92-0.97]	NR [685523]	N	non-melanoma skin carcinoma	http://www.ebi.ac.uk/efo/EFO_0009260	GCST90027058	Genome-wide genotyping array
2021-10-19	34290314	Brandes N	2021-07-21	Sci Rep	www.ncbi.nlm.nih.gov/pubmed/34290314	Genetic association studies of alterations in protein function expose recessive effects on cancer predisposition.	Non-melanoma skin cancer	18,944 White British ancestry cases, 255,886 White British ancestry controls	NA	6q27	6	166986024		RNASET2 - MIR3939	ENSG00000026297	ENSG00000265828		28576	11783	rs9366078-?	rs9366078	0	9366078	intron_variant	1	NR	5E-9	8.301029995663981		1.06888	[1.05-1.09]	NR [685523]	N	non-melanoma skin carcinoma	http://www.ebi.ac.uk/efo/EFO_0009260	GCST90027058	Genome-wide genotyping array
2021-10-19	34290314	Brandes N	2021-07-21	Sci Rep	www.ncbi.nlm.nih.gov/pubmed/34290314	Genetic association studies of alterations in protein function expose recessive effects on cancer predisposition.	Non-melanoma skin cancer	18,944 White British ancestry cases, 255,886 White British ancestry controls	NA	6q27	6	167120802		CCR6			ENSG00000112486			rs3093023-?	rs3093023	0	3093023	intron_variant	0	NR	4E-7	6.3979400086720375		0.946317	[0.92-0.97]	NR [685523]	N	non-melanoma skin carcinoma	http://www.ebi.ac.uk/efo/EFO_0009260	GCST90027058	Genome-wide genotyping array
2021-10-19	34290314	Brandes N	2021-07-21	Sci Rep	www.ncbi.nlm.nih.gov/pubmed/34290314	Genetic association studies of alterations in protein function expose recessive effects on cancer predisposition.	Non-melanoma skin cancer	18,944 White British ancestry cases, 255,886 White British ancestry controls	NA	7p14.3	7	29092663		CPVL			ENSG00000106066			rs117744081-?	rs117744081	0	117744081	missense_variant	0	NR	9E-10	9.045757490560675		0.816169	[0.75-0.88]	NR [685523]	N	non-melanoma skin carcinoma	http://www.ebi.ac.uk/efo/EFO_0009260	GCST90027058	Genome-wide genotyping array
2021-10-19	34290314	Brandes N	2021-07-21	Sci Rep	www.ncbi.nlm.nih.gov/pubmed/34290314	Genetic association studies of alterations in protein function expose recessive effects on cancer predisposition.	Non-melanoma skin cancer	18,944 White British ancestry cases, 255,886 White British ancestry controls	NA	7p12.2	7	50140516		SPMIP7			ENSG00000164500			rs11185600-?	rs11185600	0	11185600	intron_variant	0	NR	1E-7	7.0		0.943599	[0.92-0.97]	NR [685523]	N	non-melanoma skin carcinoma	http://www.ebi.ac.uk/efo/EFO_0009260	GCST90027058	Genome-wide genotyping array
2021-10-19	34290314	Brandes N	2021-07-21	Sci Rep	www.ncbi.nlm.nih.gov/pubmed/34290314	Genetic association studies of alterations in protein function expose recessive effects on cancer predisposition.	Non-melanoma skin cancer	18,944 White British ancestry cases, 255,886 White British ancestry controls	NA	7q22.1	7	100762174		ZAN			ENSG00000146839			rs75572930-?	rs75572930	0	75572930	intron_variant	0	NR	3E-6	5.522878745280337		0.946215	[0.92-0.97]	NR [685523]	N	non-melanoma skin carcinoma	http://www.ebi.ac.uk/efo/EFO_0009260	GCST90027058	Genome-wide genotyping array
2021-10-19	34290314	Brandes N	2021-07-21	Sci Rep	www.ncbi.nlm.nih.gov/pubmed/34290314	Genetic association studies of alterations in protein function expose recessive effects on cancer predisposition.	Non-melanoma skin cancer	18,944 White British ancestry cases, 255,886 White British ancestry controls	NA	7q22.1	7	101769609		MYL10 - CUX1	ENSG00000106436	ENSG00000257923		140313	46295	rs954758-?	rs954758	0	954758	intergenic_variant	1	NR	2E-14	13.698970004336019		0.918079	[0.9-0.94]	NR [685523]	N	non-melanoma skin carcinoma	http://www.ebi.ac.uk/efo/EFO_0009260	GCST90027058	Genome-wide genotyping array
2021-10-19	34290314	Brandes N	2021-07-21	Sci Rep	www.ncbi.nlm.nih.gov/pubmed/34290314	Genetic association studies of alterations in protein function expose recessive effects on cancer predisposition.	Non-melanoma skin cancer	18,944 White British ancestry cases, 255,886 White British ancestry controls	NA	7q32.3	7	130900733		LINC-PINT, LINC00513			ENSG00000231721, ENSG00000233559			rs157934-?	rs157934	0	157934	intron_variant	0	NR	1E-20	20.0		0.894473	[0.87-0.92]	NR [685523]	N	non-melanoma skin carcinoma	http://www.ebi.ac.uk/efo/EFO_0009260	GCST90027058	Genome-wide genotyping array
2021-10-19	34290314	Brandes N	2021-07-21	Sci Rep	www.ncbi.nlm.nih.gov/pubmed/34290314	Genetic association studies of alterations in protein function expose recessive effects on cancer predisposition.	Non-melanoma skin cancer	18,944 White British ancestry cases, 255,886 White British ancestry controls	NA	8q21.13	8	76562895		ZFHX4-AS1			ENSG00000253661			rs10216564-?	rs10216564	0	10216564	intron_variant	0	NR	1E-21	21.0		0.793754	[0.75-0.84]	NR [685523]	N	non-melanoma skin carcinoma	http://www.ebi.ac.uk/efo/EFO_0009260	GCST90027058	Genome-wide genotyping array
2021-10-19	34290314	Brandes N	2021-07-21	Sci Rep	www.ncbi.nlm.nih.gov/pubmed/34290314	Genetic association studies of alterations in protein function expose recessive effects on cancer predisposition.	Non-melanoma skin cancer	18,944 White British ancestry cases, 255,886 White British ancestry controls	NA											chr8:77616519-?	chr8:77616519	0			1	NR	5E-10	9.301029995663981		0.843736	[0.79-0.9]	NR [685523]	N	non-melanoma skin carcinoma	http://www.ebi.ac.uk/efo/EFO_0009260	GCST90027058	Genome-wide genotyping array
2021-10-19	34290314	Brandes N	2021-07-21	Sci Rep	www.ncbi.nlm.nih.gov/pubmed/34290314	Genetic association studies of alterations in protein function expose recessive effects on cancer predisposition.	Non-melanoma skin cancer	18,944 White British ancestry cases, 255,886 White British ancestry controls	NA	8q21.13	8	80514059		ZBTB10			ENSG00000205189			rs147305104-?	rs147305104	0	147305104	intron_variant	0	NR	1E-7	7.0		0.933388	[0.91-0.96]	NR [685523]	N	non-melanoma skin carcinoma	http://www.ebi.ac.uk/efo/EFO_0009260	GCST90027058	Genome-wide genotyping array
2021-10-19	34290314	Brandes N	2021-07-21	Sci Rep	www.ncbi.nlm.nih.gov/pubmed/34290314	Genetic association studies of alterations in protein function expose recessive effects on cancer predisposition.	Non-melanoma skin cancer	18,944 White British ancestry cases, 255,886 White British ancestry controls	NA	8q22.2	8	100050660		RGS22			ENSG00000132554			rs7818948-?	rs7818948	0	7818948	intron_variant	0	NR	2E-27	26.69897000433602		0.843726	[0.81-0.87]	NR [685523]	N	non-melanoma skin carcinoma	http://www.ebi.ac.uk/efo/EFO_0009260	GCST90027058	Genome-wide genotyping array
2021-10-19	34290314	Brandes N	2021-07-21	Sci Rep	www.ncbi.nlm.nih.gov/pubmed/34290314	Genetic association studies of alterations in protein function expose recessive effects on cancer predisposition.	Non-melanoma skin cancer	18,944 White British ancestry cases, 255,886 White British ancestry controls	NA	8q22.2	8	100305487		RNF19A			ENSG00000034677			rs1629834-?	rs1629834	0	1629834	intron_variant	0	NR	1E-9	9.0		1.06955	[1.05-1.09]	NR [685523]	N	non-melanoma skin carcinoma	http://www.ebi.ac.uk/efo/EFO_0009260	GCST90027058	Genome-wide genotyping array
2021-10-19	34290314	Brandes N	2021-07-21	Sci Rep	www.ncbi.nlm.nih.gov/pubmed/34290314	Genetic association studies of alterations in protein function expose recessive effects on cancer predisposition.	Non-melanoma skin cancer	18,944 White British ancestry cases, 255,886 White British ancestry controls	NA	8q24.21	8	127995166		PVT1			ENSG00000249859			rs10808565-?	rs10808565	0	10808565	intron_variant	0	NR	2E-6	5.698970004336019		1.05485	[1.03-1.08]	NR [685523]	N	non-melanoma skin carcinoma	http://www.ebi.ac.uk/efo/EFO_0009260	GCST90027058	Genome-wide genotyping array
2021-10-19	34290314	Brandes N	2021-07-21	Sci Rep	www.ncbi.nlm.nih.gov/pubmed/34290314	Genetic association studies of alterations in protein function expose recessive effects on cancer predisposition.	Non-melanoma skin cancer	18,944 White British ancestry cases, 255,886 White British ancestry controls	NA	9p22.3	9	16525634		BNC2			ENSG00000173068			rs7031602-?	rs7031602	0	7031602	intron_variant	0	NR	2E-16	15.698970004336019		0.789145	[0.73-0.85]	NR [685523]	N	non-melanoma skin carcinoma	http://www.ebi.ac.uk/efo/EFO_0009260	GCST90027058	Genome-wide genotyping array
2021-10-19	34290314	Brandes N	2021-07-21	Sci Rep	www.ncbi.nlm.nih.gov/pubmed/34290314	Genetic association studies of alterations in protein function expose recessive effects on cancer predisposition.	Non-melanoma skin cancer	18,944 White British ancestry cases, 255,886 White British ancestry controls	NA	9p22.2	9	16669914		BNC2			ENSG00000173068			rs1337395-?	rs1337395	0	1337395	intron_variant	0	NR	1E-6	6.0		0.937753	[0.91-0.96]	NR [685523]	N	non-melanoma skin carcinoma	http://www.ebi.ac.uk/efo/EFO_0009260	GCST90027058	Genome-wide genotyping array
2021-10-19	34290314	Brandes N	2021-07-21	Sci Rep	www.ncbi.nlm.nih.gov/pubmed/34290314	Genetic association studies of alterations in protein function expose recessive effects on cancer predisposition.	Non-melanoma skin cancer	18,944 White British ancestry cases, 255,886 White British ancestry controls	NA	9p22.2	9	16864523		BNC2			ENSG00000173068			rs2153271-?	rs2153271	0	2153271	intron_variant	0	NR	2E-12	11.698970004336019		0.924481	[0.9-0.95]	NR [685523]	N	non-melanoma skin carcinoma	http://www.ebi.ac.uk/efo/EFO_0009260	GCST90027058	Genome-wide genotyping array
2021-10-19	34290314	Brandes N	2021-07-21	Sci Rep	www.ncbi.nlm.nih.gov/pubmed/34290314	Genetic association studies of alterations in protein function expose recessive effects on cancer predisposition.	Non-melanoma skin cancer	18,944 White British ancestry cases, 255,886 White British ancestry controls	NA	9p21.3	9	22053688		CDKN2B-AS1			ENSG00000240498			rs10965219-?	rs10965219	0	10965219	intron_variant	0	NR	8E-23	22.096910013008056		0.898882	[0.88-0.92]	NR [685523]	N	non-melanoma skin carcinoma	http://www.ebi.ac.uk/efo/EFO_0009260	GCST90027058	Genome-wide genotyping array
2021-10-19	34290314	Brandes N	2021-07-21	Sci Rep	www.ncbi.nlm.nih.gov/pubmed/34290314	Genetic association studies of alterations in protein function expose recessive effects on cancer predisposition.	Non-melanoma skin cancer	18,944 White British ancestry cases, 255,886 White British ancestry controls	NA	9q31.1	9	104094171		SMC2			ENSG00000136824			rs3818625-?	rs3818625	0	3818625	regulatory_region_variant	0	NR	6E-8	7.221848749616356		0.94278	[0.92-0.96]	NR [685523]	N	non-melanoma skin carcinoma	http://www.ebi.ac.uk/efo/EFO_0009260	GCST90027058	Genome-wide genotyping array
2021-10-19	34290314	Brandes N	2021-07-21	Sci Rep	www.ncbi.nlm.nih.gov/pubmed/34290314	Genetic association studies of alterations in protein function expose recessive effects on cancer predisposition.	Non-melanoma skin cancer	18,944 White British ancestry cases, 255,886 White British ancestry controls	NA	9q31.1	9	104196962		SMC2 - TOPORSLP	ENSG00000136824	ENSG00000242111		52476	78336	rs12377116-?	rs12377116	0	12377116	intron_variant	1	NR	4E-9	8.397940008672037		1.06669	[1.05-1.09]	NR [685523]	N	non-melanoma skin carcinoma	http://www.ebi.ac.uk/efo/EFO_0009260	GCST90027058	Genome-wide genotyping array
2021-10-19	34290314	Brandes N	2021-07-21	Sci Rep	www.ncbi.nlm.nih.gov/pubmed/34290314	Genetic association studies of alterations in protein function expose recessive effects on cancer predisposition.	Non-melanoma skin cancer	18,944 White British ancestry cases, 255,886 White British ancestry controls	NA	10p15.1	10	5504734		CALML5 - CALML3-AS1	ENSG00000178372	ENSG00000205488		5164	5302	rs11253209-?	rs11253209	0	11253209	intergenic_variant	1	NR	6E-6	5.221848749616356		1.06063	[1.04-1.09]	NR [685523]	N	non-melanoma skin carcinoma	http://www.ebi.ac.uk/efo/EFO_0009260	GCST90027058	Genome-wide genotyping array
2021-10-19	34290314	Brandes N	2021-07-21	Sci Rep	www.ncbi.nlm.nih.gov/pubmed/34290314	Genetic association studies of alterations in protein function expose recessive effects on cancer predisposition.	Non-melanoma skin cancer	18,944 White British ancestry cases, 255,886 White British ancestry controls	NA	10p14	10	8036283		GATA3-AS1			ENSG00000197308			rs7091365-?	rs7091365	0	7091365	intron_variant	0	NR	3E-6	5.522878745280337		0.943623	[0.92-0.97]	NR [685523]	N	non-melanoma skin carcinoma	http://www.ebi.ac.uk/efo/EFO_0009260	GCST90027058	Genome-wide genotyping array
2021-10-19	34290314	Brandes N	2021-07-21	Sci Rep	www.ncbi.nlm.nih.gov/pubmed/34290314	Genetic association studies of alterations in protein function expose recessive effects on cancer predisposition.	Non-melanoma skin cancer	18,944 White British ancestry cases, 255,886 White British ancestry controls	NA	20q11.22	20	34056590		RALY			ENSG00000125970			rs2284386-?	rs2284386	0	2284386	intron_variant	0	NR	2E-9	8.698970004336019		1.06988	[1.05-1.09]	NR [685523]	N	non-melanoma skin carcinoma	http://www.ebi.ac.uk/efo/EFO_0009260	GCST90027058	Genome-wide genotyping array
2021-10-19	34290314	Brandes N	2021-07-21	Sci Rep	www.ncbi.nlm.nih.gov/pubmed/34290314	Genetic association studies of alterations in protein function expose recessive effects on cancer predisposition.	Non-melanoma skin cancer	18,944 White British ancestry cases, 255,886 White British ancestry controls	NA	20q11.22	20	34259905		ASIP			ENSG00000101440			rs6059743-?	rs6059743	0	6059743	intron_variant	0	NR	1E-10	10.0		0.931844	[0.91-0.95]	NR [685523]	N	non-melanoma skin carcinoma	http://www.ebi.ac.uk/efo/EFO_0009260	GCST90027058	Genome-wide genotyping array
2021-10-19	34290314	Brandes N	2021-07-21	Sci Rep	www.ncbi.nlm.nih.gov/pubmed/34290314	Genetic association studies of alterations in protein function expose recessive effects on cancer predisposition.	Non-melanoma skin cancer	18,944 White British ancestry cases, 255,886 White British ancestry controls	NA	20q11.22	20	34583968		PIGU			ENSG00000101464			rs910873-?	rs910873	0	910873	intron_variant	0	NR	4E-37	36.39794000867204		1.23363	[1.2-1.27]	NR [685523]	N	non-melanoma skin carcinoma	http://www.ebi.ac.uk/efo/EFO_0009260	GCST90027058	Genome-wide genotyping array
2021-10-19	34290314	Brandes N	2021-07-21	Sci Rep	www.ncbi.nlm.nih.gov/pubmed/34290314	Genetic association studies of alterations in protein function expose recessive effects on cancer predisposition.	Non-melanoma skin cancer	18,944 White British ancestry cases, 255,886 White British ancestry controls	NA	20q11.22	20	34767243		NCOA6			ENSG00000198646			rs4911442-?	rs4911442	0	4911442	intron_variant	0	NR	1E-25	25.0		1.16739	[1.14-1.2]	NR [685523]	N	non-melanoma skin carcinoma	http://www.ebi.ac.uk/efo/EFO_0009260	GCST90027058	Genome-wide genotyping array
2021-10-19	34290314	Brandes N	2021-07-21	Sci Rep	www.ncbi.nlm.nih.gov/pubmed/34290314	Genetic association studies of alterations in protein function expose recessive effects on cancer predisposition.	Non-melanoma skin cancer	18,944 White British ancestry cases, 255,886 White British ancestry controls	NA	20q11.22	20	35054593		TRPC4AP			ENSG00000100991			rs62213709-?	rs62213709	0	62213709	intron_variant	0	NR	3E-26	25.522878745280337		1.26418	[1.22-1.31]	NR [685523]	N	non-melanoma skin carcinoma	http://www.ebi.ac.uk/efo/EFO_0009260	GCST90027058	Genome-wide genotyping array
2021-10-19	34290314	Brandes N	2021-07-21	Sci Rep	www.ncbi.nlm.nih.gov/pubmed/34290314	Genetic association studies of alterations in protein function expose recessive effects on cancer predisposition.	Non-melanoma skin cancer	18,944 White British ancestry cases, 255,886 White British ancestry controls	NA	20q11.22	20	35177968		PROCR			ENSG00000101000			rs1415775-?	rs1415775	0	1415775	intergenic_variant	0	NR	3E-12	11.522878745280337		1.08576	[1.06-1.11]	NR [685523]	N	non-melanoma skin carcinoma	http://www.ebi.ac.uk/efo/EFO_0009260	GCST90027058	Genome-wide genotyping array
2021-10-19	34290314	Brandes N	2021-07-21	Sci Rep	www.ncbi.nlm.nih.gov/pubmed/34290314	Genetic association studies of alterations in protein function expose recessive effects on cancer predisposition.	Non-melanoma skin cancer	18,944 White British ancestry cases, 255,886 White British ancestry controls	NA	20q11.22	20	35301874		FAM83C - UQCC1	ENSG00000125998	ENSG00000101019		9449	692	rs666006-?	rs666006	0	666006	intergenic_variant	1	NR	2E-30	29.69897000433602		1.21952	[1.19-1.25]	NR [685523]	N	non-melanoma skin carcinoma	http://www.ebi.ac.uk/efo/EFO_0009260	GCST90027058	Genome-wide genotyping array
2021-10-19	34290314	Brandes N	2021-07-21	Sci Rep	www.ncbi.nlm.nih.gov/pubmed/34290314	Genetic association studies of alterations in protein function expose recessive effects on cancer predisposition.	Non-melanoma skin cancer	18,944 White British ancestry cases, 255,886 White British ancestry controls	NA	20q11.23	20	35872557		PHF20			ENSG00000025293			rs6058339-?	rs6058339	0	6058339	intron_variant	0	NR	1E-19	19.0		1.15876	[1.13-1.19]	NR [685523]	N	non-melanoma skin carcinoma	http://www.ebi.ac.uk/efo/EFO_0009260	GCST90027058	Genome-wide genotyping array
2021-10-19	34290314	Brandes N	2021-07-21	Sci Rep	www.ncbi.nlm.nih.gov/pubmed/34290314	Genetic association studies of alterations in protein function expose recessive effects on cancer predisposition.	Non-melanoma skin cancer	18,944 White British ancestry cases, 255,886 White British ancestry controls	NA	20q11.23	20	36139051		EPB41L1			ENSG00000088367			rs75653149-?	rs75653149	0	75653149	intron_variant	0	NR	4E-18	17.397940008672037		1.16978	[1.13-1.21]	NR [685523]	N	non-melanoma skin carcinoma	http://www.ebi.ac.uk/efo/EFO_0009260	GCST90027058	Genome-wide genotyping array
2021-10-19	34290314	Brandes N	2021-07-21	Sci Rep	www.ncbi.nlm.nih.gov/pubmed/34290314	Genetic association studies of alterations in protein function expose recessive effects on cancer predisposition.	Non-melanoma skin cancer	18,944 White British ancestry cases, 255,886 White British ancestry controls	NA	20q11.23	20	36277850		AAR2 - DLGAP4	ENSG00000131043	ENSG00000080845		6932	28452	rs76894896-?	rs76894896	0	76894896	intron_variant	1	NR	1E-10	10.0		1.10188	[1.07-1.13]	NR [685523]	N	non-melanoma skin carcinoma	http://www.ebi.ac.uk/efo/EFO_0009260	GCST90027058	Genome-wide genotyping array
2021-10-19	34290314	Brandes N	2021-07-21	Sci Rep	www.ncbi.nlm.nih.gov/pubmed/34290314	Genetic association studies of alterations in protein function expose recessive effects on cancer predisposition.	Non-melanoma skin cancer	18,944 White British ancestry cases, 255,886 White British ancestry controls	NA	20q11.23	20	36374446		DLGAP4			ENSG00000080845			rs2425224-?	rs2425224	0	2425224	intron_variant	0	NR	2E-15	14.698970004336019		1.1617	[1.12-1.2]	NR [685523]	N	non-melanoma skin carcinoma	http://www.ebi.ac.uk/efo/EFO_0009260	GCST90027058	Genome-wide genotyping array
2021-10-19	34290314	Brandes N	2021-07-21	Sci Rep	www.ncbi.nlm.nih.gov/pubmed/34290314	Genetic association studies of alterations in protein function expose recessive effects on cancer predisposition.	Non-melanoma skin cancer	18,944 White British ancestry cases, 255,886 White British ancestry controls	NA	20q11.23	20	36578696		TGIF2, TGIF2-RAB5IF			ENSG00000118707, ENSG00000259399			rs2234085-?	rs2234085	0	2234085	5_prime_UTR_variant	0	NR	4E-9	8.397940008672037		1.08789	[1.06-1.12]	NR [685523]	N	non-melanoma skin carcinoma	http://www.ebi.ac.uk/efo/EFO_0009260	GCST90027058	Genome-wide genotyping array
2021-10-19	34290314	Brandes N	2021-07-21	Sci Rep	www.ncbi.nlm.nih.gov/pubmed/34290314	Genetic association studies of alterations in protein function expose recessive effects on cancer predisposition.	Non-melanoma skin cancer	18,944 White British ancestry cases, 255,886 White British ancestry controls	NA	20q11.23	20	36736597		NDRG3			ENSG00000101079			rs56159798-?	rs56159798	0	56159798	intron_variant	0	NR	3E-10	9.522878745280337		1.12704	[1.09-1.16]	NR [685523]	N	non-melanoma skin carcinoma	http://www.ebi.ac.uk/efo/EFO_0009260	GCST90027058	Genome-wide genotyping array
2021-10-19	34290314	Brandes N	2021-07-21	Sci Rep	www.ncbi.nlm.nih.gov/pubmed/34290314	Genetic association studies of alterations in protein function expose recessive effects on cancer predisposition.	Non-melanoma skin cancer	18,944 White British ancestry cases, 255,886 White British ancestry controls	NA	20q11.23	20	36864142		MTCL2 - RN7SL156P	ENSG00000149639	ENSG00000242509		604	5957	rs34501072-?	rs34501072	0	34501072	intergenic_variant	1	NR	2E-7	6.698970004336019		1.09117	[1.06-1.12]	NR [685523]	N	non-melanoma skin carcinoma	http://www.ebi.ac.uk/efo/EFO_0009260	GCST90027058	Genome-wide genotyping array
2021-10-19	34290314	Brandes N	2021-07-21	Sci Rep	www.ncbi.nlm.nih.gov/pubmed/34290314	Genetic association studies of alterations in protein function expose recessive effects on cancer predisposition.	Non-melanoma skin cancer	18,944 White British ancestry cases, 255,886 White British ancestry controls	NA	20q12	20	39668613		RN7SL680P - HSPE1P1	ENSG00000275337	ENSG00000234878		319221	264309	rs1123102-?	rs1123102	0	1123102	intergenic_variant	1	NR	5E-8	7.301029995663981		1.06773	[1.04-1.09]	NR [685523]	N	non-melanoma skin carcinoma	http://www.ebi.ac.uk/efo/EFO_0009260	GCST90027058	Genome-wide genotyping array
2021-10-19	34290314	Brandes N	2021-07-21	Sci Rep	www.ncbi.nlm.nih.gov/pubmed/34290314	Genetic association studies of alterations in protein function expose recessive effects on cancer predisposition.	Non-melanoma skin cancer	18,944 White British ancestry cases, 255,886 White British ancestry controls	NA	20q13.13	20	50775369		PARD6B - BCAS4	ENSG00000124171	ENSG00000124243		18574	19525	rs6013012-?	rs6013012	0	6013012	intergenic_variant	1	NR	2E-10	9.698970004336019		0.923806	[0.9-0.95]	NR [685523]	N	non-melanoma skin carcinoma	http://www.ebi.ac.uk/efo/EFO_0009260	GCST90027058	Genome-wide genotyping array
2021-10-19	34290314	Brandes N	2021-07-21	Sci Rep	www.ncbi.nlm.nih.gov/pubmed/34290314	Genetic association studies of alterations in protein function expose recessive effects on cancer predisposition.	Non-melanoma skin cancer	18,944 White British ancestry cases, 255,886 White British ancestry controls	NA	21q22.3	21	41665910		PCSEAT - LINC00111	ENSG00000286027	ENSG00000227702		83023	13271	rs2849691-?	rs2849691	0	2849691	intergenic_variant	1	NR	6E-13	12.221848749616356		0.92036	[0.9-0.94]	NR [685523]	N	non-melanoma skin carcinoma	http://www.ebi.ac.uk/efo/EFO_0009260	GCST90027058	Genome-wide genotyping array
2021-10-19	34290314	Brandes N	2021-07-21	Sci Rep	www.ncbi.nlm.nih.gov/pubmed/34290314	Genetic association studies of alterations in protein function expose recessive effects on cancer predisposition.	Non-melanoma skin cancer	18,944 White British ancestry cases, 255,886 White British ancestry controls	NA	Xq22.3	X	108454182		COL4A5			ENSG00000188153			rs17254489-?	rs17254489	0	17254489	intron_variant	0	NR	9E-6	5.045757490560675		0.888544	[0.84-0.94]	NR [685523]	N	non-melanoma skin carcinoma	http://www.ebi.ac.uk/efo/EFO_0009260	GCST90027058	Genome-wide genotyping array
2021-10-19	34290314	Brandes N	2021-07-21	Sci Rep	www.ncbi.nlm.nih.gov/pubmed/34290314	Genetic association studies of alterations in protein function expose recessive effects on cancer predisposition.	Non-melanoma skin cancer	18,944 White British ancestry cases, 255,886 White British ancestry controls	NA	Xq22.3	X	108984028		RNU6-309P - GAPDHP77	ENSG00000201443	ENSG00000215000		157159	357785	rs148535771-?	rs148535771	0	148535771	intergenic_variant	1	NR	1E-6	6.0		0.878335	[0.83-0.93]	NR [685523]	N	non-melanoma skin carcinoma	http://www.ebi.ac.uk/efo/EFO_0009260	GCST90027058	Genome-wide genotyping array
2021-10-19	34290314	Brandes N	2021-07-21	Sci Rep	www.ncbi.nlm.nih.gov/pubmed/34290314	Genetic association studies of alterations in protein function expose recessive effects on cancer predisposition.	Non-melanoma skin cancer	18,944 White British ancestry cases, 255,886 White British ancestry controls	NA	Xq22.3	X	109350743		GAPDHP77 - GUCY2F	ENSG00000215000	ENSG00000101890		8046	22163	rs12833418-?	rs12833418	0	12833418	intergenic_variant	1	NR	1E-6	6.0		0.882413	[0.83-0.93]	NR [685523]	N	non-melanoma skin carcinoma	http://www.ebi.ac.uk/efo/EFO_0009260	GCST90027058	Genome-wide genotyping array
2021-10-19	34290314	Brandes N	2021-07-21	Sci Rep	www.ncbi.nlm.nih.gov/pubmed/34290314	Genetic association studies of alterations in protein function expose recessive effects on cancer predisposition.	Non-melanoma skin cancer	18,944 White British ancestry cases, 255,886 White British ancestry controls	NA	Xq23	X	112030904		TRPC5			ENSG00000072315			rs5942765-?	rs5942765	0	5942765	intron_variant	0	NR	3E-6	5.522878745280337		1.11486	[1.07-1.16]	NR [685523]	N	non-melanoma skin carcinoma	http://www.ebi.ac.uk/efo/EFO_0009260	GCST90027058	Genome-wide genotyping array
2021-10-19	34290314	Brandes N	2021-07-21	Sci Rep	www.ncbi.nlm.nih.gov/pubmed/34290314	Genetic association studies of alterations in protein function expose recessive effects on cancer predisposition.	Non-melanoma skin cancer	18,944 White British ancestry cases, 255,886 White British ancestry controls	NA	Xq25	X	123437079		GRIA3			ENSG00000125675			rs524654-?	rs524654	0	524654	intron_variant	0	NR	5E-6	5.301029995663981		0.946927	[0.92-0.97]	NR [685523]	N	non-melanoma skin carcinoma	http://www.ebi.ac.uk/efo/EFO_0009260	GCST90027058	Genome-wide genotyping array
2021-10-19	34290314	Brandes N	2021-07-21	Sci Rep	www.ncbi.nlm.nih.gov/pubmed/34290314	Genetic association studies of alterations in protein function expose recessive effects on cancer predisposition.	Non-melanoma skin cancer	18,944 White British ancestry cases, 255,886 White British ancestry controls	NA	15q13.1	15	28120472		HERC2			ENSG00000128731			rs12913832-?	rs12913832	0	12913832	intron_variant	0	NR	1E-6	6.0		0.936885	[0.91-0.96]	NR [685523]	N	non-melanoma skin carcinoma	http://www.ebi.ac.uk/efo/EFO_0009260	GCST90027058	Genome-wide genotyping array
2021-10-19	34290314	Brandes N	2021-07-21	Sci Rep	www.ncbi.nlm.nih.gov/pubmed/34290314	Genetic association studies of alterations in protein function expose recessive effects on cancer predisposition.	Non-melanoma skin cancer	18,944 White British ancestry cases, 255,886 White British ancestry controls	NA	15q21.2	15	49848385		DTWD1 - ATP8B4	ENSG00000104047	ENSG00000104043		192153	9853	rs11632077-?	rs11632077	0	11632077	regulatory_region_variant	1	NR	7E-6	5.154901959985743		0.946024	[0.92-0.97]	NR [685523]	N	non-melanoma skin carcinoma	http://www.ebi.ac.uk/efo/EFO_0009260	GCST90027058	Genome-wide genotyping array
2021-10-19	34290314	Brandes N	2021-07-21	Sci Rep	www.ncbi.nlm.nih.gov/pubmed/34290314	Genetic association studies of alterations in protein function expose recessive effects on cancer predisposition.	Non-melanoma skin cancer	18,944 White British ancestry cases, 255,886 White British ancestry controls	NA	16p13.13	16	11230880		CLEC16A - HNRNPCP4	ENSG00000038532	ENSG00000263179		48694	11773	rs1640925-?	rs1640925	0	1640925	intergenic_variant	1	NR	8E-7	6.096910013008056		1.07481	[1.05-1.1]	NR [685523]	N	non-melanoma skin carcinoma	http://www.ebi.ac.uk/efo/EFO_0009260	GCST90027058	Genome-wide genotyping array
2021-10-19	34290314	Brandes N	2021-07-21	Sci Rep	www.ncbi.nlm.nih.gov/pubmed/34290314	Genetic association studies of alterations in protein function expose recessive effects on cancer predisposition.	Non-melanoma skin cancer	18,944 White British ancestry cases, 255,886 White British ancestry controls	NA	16q24.2	16	88450532		ZNF469 - ZFPM1	ENSG00000225614	ENSG00000179588		9775	2748	rs904800-?	rs904800	0	904800	intergenic_variant	1	NR	3E-7	6.522878745280337		1.05761	[1.04-1.08]	NR [685523]	N	non-melanoma skin carcinoma	http://www.ebi.ac.uk/efo/EFO_0009260	GCST90027058	Genome-wide genotyping array
2021-10-19	34290314	Brandes N	2021-07-21	Sci Rep	www.ncbi.nlm.nih.gov/pubmed/34290314	Genetic association studies of alterations in protein function expose recessive effects on cancer predisposition.	Non-melanoma skin cancer	18,944 White British ancestry cases, 255,886 White British ancestry controls	NA	16q24.3	16	88703350		RNF166			ENSG00000158717			rs75410747-?	rs75410747	0	75410747	intron_variant	0	NR	1E-7	7.0		1.18656	[1.12-1.25]	NR [685523]	N	non-melanoma skin carcinoma	http://www.ebi.ac.uk/efo/EFO_0009260	GCST90027058	Genome-wide genotyping array
2021-10-19	34290314	Brandes N	2021-07-21	Sci Rep	www.ncbi.nlm.nih.gov/pubmed/34290314	Genetic association studies of alterations in protein function expose recessive effects on cancer predisposition.	Non-melanoma skin cancer	18,944 White British ancestry cases, 255,886 White British ancestry controls	NA	16q24.3	16	88887379		CBFA2T3			ENSG00000129993			rs76106755-?	rs76106755	0	76106755	intron_variant	0	NR	3E-7	6.522878745280337		1.11482	[1.07-1.16]	NR [685523]	N	non-melanoma skin carcinoma	http://www.ebi.ac.uk/efo/EFO_0009260	GCST90027058	Genome-wide genotyping array
2021-10-19	34290314	Brandes N	2021-07-21	Sci Rep	www.ncbi.nlm.nih.gov/pubmed/34290314	Genetic association studies of alterations in protein function expose recessive effects on cancer predisposition.	Non-melanoma skin cancer	18,944 White British ancestry cases, 255,886 White British ancestry controls	NA	16q24.3	16	89440922		ANKRD11			ENSG00000167522			rs74836424-?	rs74836424	0	74836424	intron_variant	0	NR	3E-39	38.52287874528034		1.26604	[1.23-1.3]	NR [685523]	N	non-melanoma skin carcinoma	http://www.ebi.ac.uk/efo/EFO_0009260	GCST90027058	Genome-wide genotyping array
2021-10-19	34290314	Brandes N	2021-07-21	Sci Rep	www.ncbi.nlm.nih.gov/pubmed/34290314	Genetic association studies of alterations in protein function expose recessive effects on cancer predisposition.	Non-melanoma skin cancer	18,944 White British ancestry cases, 255,886 White British ancestry controls	NA	16q24.3	16	89620999		DPEP1			ENSG00000015413			rs2280374-?	rs2280374	0	2280374	intron_variant	0	NR	8E-55	54.096910013008056		1.29314	[1.26-1.33]	NR [685523]	N	non-melanoma skin carcinoma	http://www.ebi.ac.uk/efo/EFO_0009260	GCST90027058	Genome-wide genotyping array
2021-10-19	34290314	Brandes N	2021-07-21	Sci Rep	www.ncbi.nlm.nih.gov/pubmed/34290314	Genetic association studies of alterations in protein function expose recessive effects on cancer predisposition.	Non-melanoma skin cancer	18,944 White British ancestry cases, 255,886 White British ancestry controls	NA	16q24.3	16	89752324		FANCA			ENSG00000187741			rs12931267-?	rs12931267	0	12931267	intron_variant	0	NR	4E-68	67.39794000867204		1.32743	[1.3-1.36]	NR [685523]	N	non-melanoma skin carcinoma	http://www.ebi.ac.uk/efo/EFO_0009260	GCST90027058	Genome-wide genotyping array
2021-10-19	34290314	Brandes N	2021-07-21	Sci Rep	www.ncbi.nlm.nih.gov/pubmed/34290314	Genetic association studies of alterations in protein function expose recessive effects on cancer predisposition.	Non-melanoma skin cancer	18,944 White British ancestry cases, 255,886 White British ancestry controls	NA											chr16:89986117-?	chr16:89986117	0			1	NR	7E-73	72.15490195998575		1.33686	[1.31-1.37]	NR [685523]	N	non-melanoma skin carcinoma	http://www.ebi.ac.uk/efo/EFO_0009260	GCST90027058	Genome-wide genotyping array
2021-10-19	34290314	Brandes N	2021-07-21	Sci Rep	www.ncbi.nlm.nih.gov/pubmed/34290314	Genetic association studies of alterations in protein function expose recessive effects on cancer predisposition.	Non-melanoma skin cancer	18,944 White British ancestry cases, 255,886 White British ancestry controls	NA	16q24.3	16	90026667		GAS8			ENSG00000141013			rs77270200-?	rs77270200	0	77270200	intron_variant	0	NR	4E-53	52.39794000867204		1.2846	[1.25-1.32]	NR [685523]	N	non-melanoma skin carcinoma	http://www.ebi.ac.uk/efo/EFO_0009260	GCST90027058	Genome-wide genotyping array
2021-10-19	34290314	Brandes N	2021-07-21	Sci Rep	www.ncbi.nlm.nih.gov/pubmed/34290314	Genetic association studies of alterations in protein function expose recessive effects on cancer predisposition.	Non-melanoma skin cancer	18,944 White British ancestry cases, 255,886 White British ancestry controls	NA	17p11.2	17	18138193		MYO15A			ENSG00000091536			rs2280777-?	rs2280777	0	2280777	synonymous_variant	0	NR	8E-6	5.096910013008056		0.95273	[0.93-0.97]	NR [685523]	N	non-melanoma skin carcinoma	http://www.ebi.ac.uk/efo/EFO_0009260	GCST90027058	Genome-wide genotyping array
2021-10-19	34290314	Brandes N	2021-07-21	Sci Rep	www.ncbi.nlm.nih.gov/pubmed/34290314	Genetic association studies of alterations in protein function expose recessive effects on cancer predisposition.	Non-melanoma skin cancer	18,944 White British ancestry cases, 255,886 White British ancestry controls	NA	17q25.3	17	81622216		NPLOC4			ENSG00000182446			rs6565604-?	rs6565604	0	6565604	synonymous_variant	0	NR	3E-6	5.522878745280337		1.05229	[1.03-1.07]	NR [685523]	N	non-melanoma skin carcinoma	http://www.ebi.ac.uk/efo/EFO_0009260	GCST90027058	Genome-wide genotyping array
2021-10-19	34290314	Brandes N	2021-07-21	Sci Rep	www.ncbi.nlm.nih.gov/pubmed/34290314	Genetic association studies of alterations in protein function expose recessive effects on cancer predisposition.	Non-melanoma skin cancer	18,944 White British ancestry cases, 255,886 White British ancestry controls	NA	19p13.3	19	1124836		SBNO2			ENSG00000064932			rs740495-?	rs740495	0	740495	intron_variant	0	NR	1E-7	7.0		1.06681	[1.04-1.09]	NR [685523]	N	non-melanoma skin carcinoma	http://www.ebi.ac.uk/efo/EFO_0009260	GCST90027058	Genome-wide genotyping array
2021-10-19	34290314	Brandes N	2021-07-21	Sci Rep	www.ncbi.nlm.nih.gov/pubmed/34290314	Genetic association studies of alterations in protein function expose recessive effects on cancer predisposition.	Non-melanoma skin cancer	18,944 White British ancestry cases, 255,886 White British ancestry controls	NA	19p13.3	19	4830616		TICAM1			ENSG00000127666			rs6510827-?	rs6510827	0	6510827	intron_variant	0	NR	1E-9	9.0		0.934578	[0.91-0.96]	NR [685523]	N	non-melanoma skin carcinoma	http://www.ebi.ac.uk/efo/EFO_0009260	GCST90027058	Genome-wide genotyping array
2021-10-19	34290314	Brandes N	2021-07-21	Sci Rep	www.ncbi.nlm.nih.gov/pubmed/34290314	Genetic association studies of alterations in protein function expose recessive effects on cancer predisposition.	Non-melanoma skin cancer	18,944 White British ancestry cases, 255,886 White British ancestry controls	NA	19q13.33	19	49509788		FCGRT			ENSG00000104870			rs2946863-?	rs2946863	0	2946863	intergenic_variant	0	NR	6E-6	5.221848749616356		1.08117	[1.05-1.11]	NR [685523]	N	non-melanoma skin carcinoma	http://www.ebi.ac.uk/efo/EFO_0009260	GCST90027058	Genome-wide genotyping array
2021-10-19	34290314	Brandes N	2021-07-21	Sci Rep	www.ncbi.nlm.nih.gov/pubmed/34290314	Genetic association studies of alterations in protein function expose recessive effects on cancer predisposition.	Non-melanoma skin cancer	18,944 White British ancestry cases, 255,886 White British ancestry controls	NA	19q13.33	19	49662101		IRF3			ENSG00000126456			rs143769046-?	rs143769046	0	143769046	missense_variant	0	NR	1E-6	6.0		1.30448	[1.2-1.41]	NR [685523]	N	non-melanoma skin carcinoma	http://www.ebi.ac.uk/efo/EFO_0009260	GCST90027058	Genome-wide genotyping array
2021-10-19	34290314	Brandes N	2021-07-21	Sci Rep	www.ncbi.nlm.nih.gov/pubmed/34290314	Genetic association studies of alterations in protein function expose recessive effects on cancer predisposition.	Non-melanoma skin cancer	18,944 White British ancestry cases, 255,886 White British ancestry controls	NA	20p13	20	2309687		TGM3			ENSG00000125780			rs214803-?	rs214803	0	214803	missense_variant	0	NR	6E-44	43.221848749616356		1.20445	[1.18-1.23]	NR [685523]	N	non-melanoma skin carcinoma	http://www.ebi.ac.uk/efo/EFO_0009260	GCST90027058	Genome-wide genotyping array
2021-10-19	34290314	Brandes N	2021-07-21	Sci Rep	www.ncbi.nlm.nih.gov/pubmed/34290314	Genetic association studies of alterations in protein function expose recessive effects on cancer predisposition.	Non-melanoma skin cancer	18,944 White British ancestry cases, 255,886 White British ancestry controls	NA	20q11.21	20	32594006		NOL4L-DT			ENSG00000204393			rs6057602-?	rs6057602	0	6057602	intron_variant	0	NR	3E-6	5.522878745280337		1.0562	[1.03-1.08]	NR [685523]	N	non-melanoma skin carcinoma	http://www.ebi.ac.uk/efo/EFO_0009260	GCST90027058	Genome-wide genotyping array
2021-10-19	34290314	Brandes N	2021-07-21	Sci Rep	www.ncbi.nlm.nih.gov/pubmed/34290314	Genetic association studies of alterations in protein function expose recessive effects on cancer predisposition.	Non-melanoma skin cancer	18,944 White British ancestry cases, 255,886 White British ancestry controls	NA	20q11.21	20	32898400		EFCAB8			ENSG00000215529			rs6058948-?	rs6058948	0	6058948	intron_variant	0	NR	6E-6	5.221848749616356		1.05452	[1.03-1.08]	NR [685523]	N	non-melanoma skin carcinoma	http://www.ebi.ac.uk/efo/EFO_0009260	GCST90027058	Genome-wide genotyping array
2021-10-19	34290314	Brandes N	2021-07-21	Sci Rep	www.ncbi.nlm.nih.gov/pubmed/34290314	Genetic association studies of alterations in protein function expose recessive effects on cancer predisposition.	Non-melanoma skin cancer	18,944 White British ancestry cases, 255,886 White British ancestry controls	NA	20q11.21	20	33084650		BPIFB4			ENSG00000186191			rs2424948-?	rs2424948	0	2424948	intron_variant	0	NR	5E-7	6.301029995663981		1.08659	[1.05-1.12]	NR [685523]	N	non-melanoma skin carcinoma	http://www.ebi.ac.uk/efo/EFO_0009260	GCST90027058	Genome-wide genotyping array
2021-10-19	34290314	Brandes N	2021-07-21	Sci Rep	www.ncbi.nlm.nih.gov/pubmed/34290314	Genetic association studies of alterations in protein function expose recessive effects on cancer predisposition.	Non-melanoma skin cancer	18,944 White British ancestry cases, 255,886 White British ancestry controls	NA	20q11.21	20	33218782		BPIFA3			ENSG00000131059			rs17305657-?	rs17305657	0	17305657	intron_variant	0	NR	4E-12	11.397940008672037		1.12583	[1.09-1.16]	NR [685523]	N	non-melanoma skin carcinoma	http://www.ebi.ac.uk/efo/EFO_0009260	GCST90027058	Genome-wide genotyping array
2021-10-19	34290314	Brandes N	2021-07-21	Sci Rep	www.ncbi.nlm.nih.gov/pubmed/34290314	Genetic association studies of alterations in protein function expose recessive effects on cancer predisposition.	Non-melanoma skin cancer	18,944 White British ancestry cases, 255,886 White British ancestry controls	NA	20q11.21	20	33363039		CDK5RAP1			ENSG00000101391			rs291671-?	rs291671	0	291671	intron_variant	0	NR	2E-27	26.69897000433602		1.19626	[1.16-1.23]	NR [685523]	N	non-melanoma skin carcinoma	http://www.ebi.ac.uk/efo/EFO_0009260	GCST90027058	Genome-wide genotyping array
2021-10-19	34290314	Brandes N	2021-07-21	Sci Rep	www.ncbi.nlm.nih.gov/pubmed/34290314	Genetic association studies of alterations in protein function expose recessive effects on cancer predisposition.	Non-melanoma skin cancer	18,944 White British ancestry cases, 255,886 White British ancestry controls	NA	20q11.22	20	33839036		CHMP4B			ENSG00000101421			rs6088316-?	rs6088316	0	6088316	intron_variant	0	NR	8E-17	16.096910013008056		1.11813	[1.09-1.14]	NR [685523]	N	non-melanoma skin carcinoma	http://www.ebi.ac.uk/efo/EFO_0009260	GCST90027058	Genome-wide genotyping array
2021-10-19	34290314	Brandes N	2021-07-21	Sci Rep	www.ncbi.nlm.nih.gov/pubmed/34290314	Genetic association studies of alterations in protein function expose recessive effects on cancer predisposition.	Non-melanoma skin cancer	18,944 White British ancestry cases, 255,886 White British ancestry controls	NA	20q11.22	20	33948558		TPM3P2 - PIGPP3	ENSG00000214200	ENSG00000228958		35222	16604	rs973409-?	rs973409	0	973409	intergenic_variant	1	NR	2E-10	9.698970004336019		1.07375	[1.05-1.1]	NR [685523]	N	non-melanoma skin carcinoma	http://www.ebi.ac.uk/efo/EFO_0009260	GCST90027058	Genome-wide genotyping array
2021-10-19	34290314	Brandes N	2021-07-21	Sci Rep	www.ncbi.nlm.nih.gov/pubmed/34290314	Genetic association studies of alterations in protein function expose recessive effects on cancer predisposition.	Non-melanoma skin cancer	18,944 White British ancestry cases, 255,886 White British ancestry controls	NA	5p12	5	44411963		FGF10-AS1			ENSG00000248464			rs11741260-?	rs11741260	0	11741260	intron_variant	0	NR	2E-6	5.698970004336019		1.07142	[1.04-1.1]	NR [685523]	N	non-melanoma skin carcinoma	http://www.ebi.ac.uk/efo/EFO_0009260	GCST90027058	Genome-wide genotyping array
2021-10-19	34290314	Brandes N	2021-07-21	Sci Rep	www.ncbi.nlm.nih.gov/pubmed/34290314	Genetic association studies of alterations in protein function expose recessive effects on cancer predisposition.	Non-melanoma skin cancer	18,944 White British ancestry cases, 255,886 White British ancestry controls	NA	5q32	5	149831285		PPARGC1B			ENSG00000155846			rs32579-?	rs32579	0	32579	intron_variant	0	NR	1E-6	6.0		0.942328	[0.92-0.97]	NR [685523]	N	non-melanoma skin carcinoma	http://www.ebi.ac.uk/efo/EFO_0009260	GCST90027058	Genome-wide genotyping array
2021-10-19	34290314	Brandes N	2021-07-21	Sci Rep	www.ncbi.nlm.nih.gov/pubmed/34290314	Genetic association studies of alterations in protein function expose recessive effects on cancer predisposition.	Non-melanoma skin cancer	18,944 White British ancestry cases, 255,886 White British ancestry controls	NA	6p25.3	6	209980		LINC03066 - DUSP22	ENSG00000263667	ENSG00000112679		4461	81650	rs17133787-?	rs17133787	0	17133787	intergenic_variant	1	NR	4E-7	6.3979400086720375		0.941135	[0.92-0.96]	NR [685523]	N	non-melanoma skin carcinoma	http://www.ebi.ac.uk/efo/EFO_0009260	GCST90027058	Genome-wide genotyping array
2021-10-19	34290314	Brandes N	2021-07-21	Sci Rep	www.ncbi.nlm.nih.gov/pubmed/34290314	Genetic association studies of alterations in protein function expose recessive effects on cancer predisposition.	Non-melanoma skin cancer	18,944 White British ancestry cases, 255,886 White British ancestry controls	NA	6p25.3	6	396321		IRF4			ENSG00000137265			rs12203592-?	rs12203592	0	12203592	intron_variant	0	NR	4E-148	147.39794000867204		1.38859	[1.36-1.41]	NR [685523]	N	non-melanoma skin carcinoma	http://www.ebi.ac.uk/efo/EFO_0009260	GCST90027058	Genome-wide genotyping array
2021-10-19	34290314	Brandes N	2021-07-21	Sci Rep	www.ncbi.nlm.nih.gov/pubmed/34290314	Genetic association studies of alterations in protein function expose recessive effects on cancer predisposition.	Non-melanoma skin cancer	18,944 White British ancestry cases, 255,886 White British ancestry controls	NA	6p25.3	6	500956		EXOC2			ENSG00000112685			rs1473909-?	rs1473909	0	1473909	intron_variant	0	NR	2E-11	10.698970004336019		0.928029	[0.91-0.95]	NR [685523]	N	non-melanoma skin carcinoma	http://www.ebi.ac.uk/efo/EFO_0009260	GCST90027058	Genome-wide genotyping array
2021-10-19	34290314	Brandes N	2021-07-21	Sci Rep	www.ncbi.nlm.nih.gov/pubmed/34290314	Genetic association studies of alterations in protein function expose recessive effects on cancer predisposition.	Non-melanoma skin cancer	18,944 White British ancestry cases, 255,886 White British ancestry controls	NA	6p25.3	6	693473		EXOC2 - LINC01622	ENSG00000112685	ENSG00000286785		304	242709	rs13205146-?	rs13205146	0	13205146	intron_variant	1	NR	2E-7	6.698970004336019		0.934816	[0.91-0.96]	NR [685523]	N	non-melanoma skin carcinoma	http://www.ebi.ac.uk/efo/EFO_0009260	GCST90027058	Genome-wide genotyping array
2021-10-19	34290314	Brandes N	2021-07-21	Sci Rep	www.ncbi.nlm.nih.gov/pubmed/34290314	Genetic association studies of alterations in protein function expose recessive effects on cancer predisposition.	Non-melanoma skin cancer	18,944 White British ancestry cases, 255,886 White British ancestry controls	NA	6p22.3	6	22056694		CASC15			ENSG00000272168			rs2294214-?	rs2294214	0	2294214	splice_donor_region_variant	0	NR	7E-9	8.154901959985743		1.06892	[1.05-1.09]	NR [685523]	N	non-melanoma skin carcinoma	http://www.ebi.ac.uk/efo/EFO_0009260	GCST90027058	Genome-wide genotyping array
2021-10-19	34290314	Brandes N	2021-07-21	Sci Rep	www.ncbi.nlm.nih.gov/pubmed/34290314	Genetic association studies of alterations in protein function expose recessive effects on cancer predisposition.	Non-melanoma skin cancer	18,944 White British ancestry cases, 255,886 White British ancestry controls	NA	6p22.1	6	27248920		PRSS16			ENSG00000112812			rs5030965-?	rs5030965	0	5030965	missense_variant	0	NR	8E-6	5.096910013008056		1.11361	[1.07-1.16]	NR [685523]	N	non-melanoma skin carcinoma	http://www.ebi.ac.uk/efo/EFO_0009260	GCST90027058	Genome-wide genotyping array
2021-10-19	34290314	Brandes N	2021-07-21	Sci Rep	www.ncbi.nlm.nih.gov/pubmed/34290314	Genetic association studies of alterations in protein function expose recessive effects on cancer predisposition.	Non-melanoma skin cancer	18,944 White British ancestry cases, 255,886 White British ancestry controls	NA	6p22.1	6	27994606		OR2W4P - ZSCAN16-AS1	ENSG00000216629	ENSG00000269293		16531	13993	rs156741-?	rs156741	0	156741	intergenic_variant	1	NR	4E-6	5.3979400086720375		1.26735	[1.17-1.37]	NR [685523]	N	non-melanoma skin carcinoma	http://www.ebi.ac.uk/efo/EFO_0009260	GCST90027058	Genome-wide genotyping array
2021-10-19	34290314	Brandes N	2021-07-21	Sci Rep	www.ncbi.nlm.nih.gov/pubmed/34290314	Genetic association studies of alterations in protein function expose recessive effects on cancer predisposition.	Non-melanoma skin cancer	18,944 White British ancestry cases, 255,886 White British ancestry controls	NA	6p22.1	6	29367884		OR5V1			ENSG00000243729			rs9257794-?	rs9257794	0	9257794	intron_variant	0	NR	7E-6	5.154901959985743		1.05596	[1.03-1.08]	NR [685523]	N	non-melanoma skin carcinoma	http://www.ebi.ac.uk/efo/EFO_0009260	GCST90027058	Genome-wide genotyping array
2021-10-19	34290314	Brandes N	2021-07-21	Sci Rep	www.ncbi.nlm.nih.gov/pubmed/34290314	Genetic association studies of alterations in protein function expose recessive effects on cancer predisposition.	Non-melanoma skin cancer	18,944 White British ancestry cases, 255,886 White British ancestry controls	NA	6p22.1	6	29588001		GABBR1, OR2H2			ENSG00000204681, ENSG00000204657			rs2235698-?	rs2235698	0	2235698	synonymous_variant	0	NR	2E-7	6.698970004336019		0.935071	[0.91-0.96]	NR [685523]	N	non-melanoma skin carcinoma	http://www.ebi.ac.uk/efo/EFO_0009260	GCST90027058	Genome-wide genotyping array
2021-10-19	34290314	Brandes N	2021-07-21	Sci Rep	www.ncbi.nlm.nih.gov/pubmed/34290314	Genetic association studies of alterations in protein function expose recessive effects on cancer predisposition.	Non-melanoma skin cancer	18,944 White British ancestry cases, 255,886 White British ancestry controls	NA	6p22.1	6	29851822		HLA-G - POLR1HASP	ENSG00000204632	ENSG00000293508		20697	10802	rs9258593-?	rs9258593	0	9258593	intron_variant	1	NR	9E-6	5.045757490560675		1.05543	[1.03-1.08]	NR [685523]	N	non-melanoma skin carcinoma	http://www.ebi.ac.uk/efo/EFO_0009260	GCST90027058	Genome-wide genotyping array
2021-10-19	34290314	Brandes N	2021-07-21	Sci Rep	www.ncbi.nlm.nih.gov/pubmed/34290314	Genetic association studies of alterations in protein function expose recessive effects on cancer predisposition.	Non-melanoma skin cancer	18,944 White British ancestry cases, 255,886 White British ancestry controls	NA	6p22.1	6	30103160		TRIM31, TRIM31-AS1			ENSG00000204616, ENSG00000231226			rs1110446-?	rs1110446	0	1110446	3_prime_UTR_variant	0	NR	3E-6	5.522878745280337		1.05914	[1.04-1.08]	NR [685523]	N	non-melanoma skin carcinoma	http://www.ebi.ac.uk/efo/EFO_0009260	GCST90027058	Genome-wide genotyping array
2021-10-19	34290314	Brandes N	2021-07-21	Sci Rep	www.ncbi.nlm.nih.gov/pubmed/34290314	Genetic association studies of alterations in protein function expose recessive effects on cancer predisposition.	Non-melanoma skin cancer	18,944 White British ancestry cases, 255,886 White British ancestry controls	NA	6p21.33	6	31034236		MUC22			ENSG00000261272			rs6933349-?	rs6933349	0	6933349	intron_variant	0	NR	1E-8	8.0		0.926525	[0.9-0.95]	NR [685523]	N	non-melanoma skin carcinoma	http://www.ebi.ac.uk/efo/EFO_0009260	GCST90027058	Genome-wide genotyping array
2021-10-19	34290314	Brandes N	2021-07-21	Sci Rep	www.ncbi.nlm.nih.gov/pubmed/34290314	Genetic association studies of alterations in protein function expose recessive effects on cancer predisposition.	Non-melanoma skin cancer	18,944 White British ancestry cases, 255,886 White British ancestry controls	NA	6p21.33	6	31137533		PSORS1C1			ENSG00000204540			rs1265100-?	rs1265100	0	1265100	intron_variant	0	NR	8E-13	12.096910013008056		0.894617	[0.86-0.93]	NR [685523]	N	non-melanoma skin carcinoma	http://www.ebi.ac.uk/efo/EFO_0009260	GCST90027058	Genome-wide genotyping array
2021-10-19	34290314	Brandes N	2021-07-21	Sci Rep	www.ncbi.nlm.nih.gov/pubmed/34290314	Genetic association studies of alterations in protein function expose recessive effects on cancer predisposition.	Non-melanoma skin cancer	18,944 White British ancestry cases, 255,886 White British ancestry controls	NA	6p21.33	6	31336102		LINC02571 - HLA-B	ENSG00000256166	ENSG00000234745		34460	17765	rs28752923-?	rs28752923	0	28752923	intron_variant	1	NR	4E-10	9.397940008672037		0.9344	[0.91-0.96]	NR [685523]	N	non-melanoma skin carcinoma	http://www.ebi.ac.uk/efo/EFO_0009260	GCST90027058	Genome-wide genotyping array
2021-10-19	34290314	Brandes N	2021-07-21	Sci Rep	www.ncbi.nlm.nih.gov/pubmed/34290314	Genetic association studies of alterations in protein function expose recessive effects on cancer predisposition.	Non-melanoma skin cancer	18,944 White British ancestry cases, 255,886 White British ancestry controls	NA	6p21.33	6	31439981		MICA - LINC01149	ENSG00000204520	ENSG00000230174		24666	1662	rs2844520-?	rs2844520	0	2844520	intron_variant	1	NR	1E-10	10.0		0.870197	[0.83-0.91]	NR [685523]	N	non-melanoma skin carcinoma	http://www.ebi.ac.uk/efo/EFO_0009260	GCST90027058	Genome-wide genotyping array
2021-10-19	34290314	Brandes N	2021-07-21	Sci Rep	www.ncbi.nlm.nih.gov/pubmed/34290314	Genetic association studies of alterations in protein function expose recessive effects on cancer predisposition.	Non-melanoma skin cancer	18,944 White British ancestry cases, 255,886 White British ancestry controls	NA	6p21.33	6	31592893		NCR3			ENSG00000204475			rs11575837-?	rs11575837	0	11575837	5_prime_UTR_variant	0	NR	5E-8	7.301029995663981		1.20533	[1.14-1.27]	NR [685523]	N	non-melanoma skin carcinoma	http://www.ebi.ac.uk/efo/EFO_0009260	GCST90027058	Genome-wide genotyping array
2021-10-19	34290314	Brandes N	2021-07-21	Sci Rep	www.ncbi.nlm.nih.gov/pubmed/34290314	Genetic association studies of alterations in protein function expose recessive effects on cancer predisposition.	Non-melanoma skin cancer	18,944 White British ancestry cases, 255,886 White British ancestry controls	NA	6p21.33	6	31724609		MPIG6B			ENSG00000204420			rs11575845-?	rs11575845	0	11575845	stop_gained	0	NR	4E-7	6.3979400086720375		0.890554	[0.85-0.94]	NR [685523]	N	non-melanoma skin carcinoma	http://www.ebi.ac.uk/efo/EFO_0009260	GCST90027058	Genome-wide genotyping array
2021-10-19	34290314	Brandes N	2021-07-21	Sci Rep	www.ncbi.nlm.nih.gov/pubmed/34290314	Genetic association studies of alterations in protein function expose recessive effects on cancer predisposition.	Non-melanoma skin cancer	18,944 White British ancestry cases, 255,886 White British ancestry controls	NA	6p21.33	6	31901345		ZBTB12, C2			ENSG00000204366, ENSG00000166278			rs45462992-?	rs45462992	0	45462992	intron_variant	0	NR	4E-6	5.3979400086720375		0.86602	[0.8-0.93]	NR [685523]	N	non-melanoma skin carcinoma	http://www.ebi.ac.uk/efo/EFO_0009260	GCST90027058	Genome-wide genotyping array
2021-10-19	34290314	Brandes N	2021-07-21	Sci Rep	www.ncbi.nlm.nih.gov/pubmed/34290314	Genetic association studies of alterations in protein function expose recessive effects on cancer predisposition.	Non-melanoma skin cancer	18,944 White British ancestry cases, 255,886 White British ancestry controls	NA	6p21.32	6	32383789		TSBP1-AS1			ENSG00000225914			rs6930777-?	rs6930777	0	6930777	intron_variant	0	NR	5E-17	16.30102999566398		1.14262	[1.11-1.17]	NR [685523]	N	non-melanoma skin carcinoma	http://www.ebi.ac.uk/efo/EFO_0009260	GCST90027058	Genome-wide genotyping array
2021-10-19	34290314	Brandes N	2021-07-21	Sci Rep	www.ncbi.nlm.nih.gov/pubmed/34290314	Genetic association studies of alterations in protein function expose recessive effects on cancer predisposition.	Non-melanoma skin cancer	18,944 White British ancestry cases, 255,886 White British ancestry controls	NA	6p21.32	6	32614112		HLA-DRB1 - HLA-DQA1	ENSG00000196126	ENSG00000196735		24264	14067	rs4530903-?	rs4530903	0	4530903	intergenic_variant	1	NR	9E-20	19.045757490560675		1.15592	[1.12-1.19]	NR [685523]	N	non-melanoma skin carcinoma	http://www.ebi.ac.uk/efo/EFO_0009260	GCST90027058	Genome-wide genotyping array
2021-10-19	34290314	Brandes N	2021-07-21	Sci Rep	www.ncbi.nlm.nih.gov/pubmed/34290314	Genetic association studies of alterations in protein function expose recessive effects on cancer predisposition.	Non-melanoma skin cancer	18,944 White British ancestry cases, 255,886 White British ancestry controls	NA	6p21.32	6	32716567		MTCO3P1 - HLA-DQB3	ENSG00000235040	ENSG00000226030		9612	14191	rs5024431-?	rs5024431	0	5024431	intergenic_variant	1	NR	6E-17	16.221848749616356		0.897905	[0.87-0.92]	NR [685523]	N	non-melanoma skin carcinoma	http://www.ebi.ac.uk/efo/EFO_0009260	GCST90027058	Genome-wide genotyping array
2021-10-19	34290314	Brandes N	2021-07-21	Sci Rep	www.ncbi.nlm.nih.gov/pubmed/34290314	Genetic association studies of alterations in protein function expose recessive effects on cancer predisposition.	Non-melanoma skin cancer	18,944 White British ancestry cases, 255,886 White British ancestry controls	NA	6p21.32	6	32830099		TAP2			ENSG00000204267			rs241436-?	rs241436	0	241436	splice_polypyrimidine_tract_variant	0	NR	7E-9	8.154901959985743		1.06498	[1.04-1.09]	NR [685523]	N	non-melanoma skin carcinoma	http://www.ebi.ac.uk/efo/EFO_0009260	GCST90027058	Genome-wide genotyping array
2021-10-19	34290314	Brandes N	2021-07-21	Sci Rep	www.ncbi.nlm.nih.gov/pubmed/34290314	Genetic association studies of alterations in protein function expose recessive effects on cancer predisposition.	Non-melanoma skin cancer	18,944 White British ancestry cases, 255,886 White British ancestry controls	NA											chr6:32905086-?	chr6:32905086	0			1	NR	5E-7	6.301029995663981		0.877948	[0.83-0.93]	NR [685523]	N	non-melanoma skin carcinoma	http://www.ebi.ac.uk/efo/EFO_0009260	GCST90027058	Genome-wide genotyping array
2021-10-19	34290314	Brandes N	2021-07-21	Sci Rep	www.ncbi.nlm.nih.gov/pubmed/34290314	Genetic association studies of alterations in protein function expose recessive effects on cancer predisposition.	Non-melanoma skin cancer	18,944 White British ancestry cases, 255,886 White British ancestry controls	NA	2p22.2	2	38070996		CYP1B1			ENSG00000138061			rs1800440-?	rs1800440	0	1800440	missense_variant	0	NR	2E-11	10.698970004336019		0.908383	[0.88-0.94]	NR [685523]	N	non-melanoma skin carcinoma	http://www.ebi.ac.uk/efo/EFO_0009260	GCST90027058	Genome-wide genotyping array
2021-10-19	34290314	Brandes N	2021-07-21	Sci Rep	www.ncbi.nlm.nih.gov/pubmed/34290314	Genetic association studies of alterations in protein function expose recessive effects on cancer predisposition.	Non-melanoma skin cancer	18,944 White British ancestry cases, 255,886 White British ancestry controls	NA	2p22.2	2	38214841		CYP1B1-AS1			ENSG00000232973			rs1871163-?	rs1871163	0	1871163	intron_variant	0	NR	7E-6	5.154901959985743		0.94985	[0.93-0.97]	NR [685523]	N	non-melanoma skin carcinoma	http://www.ebi.ac.uk/efo/EFO_0009260	GCST90027058	Genome-wide genotyping array
2021-10-19	34290314	Brandes N	2021-07-21	Sci Rep	www.ncbi.nlm.nih.gov/pubmed/34290314	Genetic association studies of alterations in protein function expose recessive effects on cancer predisposition.	Non-melanoma skin cancer	18,944 White British ancestry cases, 255,886 White British ancestry controls	NA	2p11.2	2	88246839		THNSL2 - MRPL45P1	ENSG00000144115	ENSG00000232508		60203	117856	rs79281630-?	rs79281630	0	79281630	intergenic_variant	1	NR	9E-15	14.045757490560675		0.862799	[0.83-0.9]	NR [685523]	N	non-melanoma skin carcinoma	http://www.ebi.ac.uk/efo/EFO_0009260	GCST90027058	Genome-wide genotyping array
2021-10-19	34290314	Brandes N	2021-07-21	Sci Rep	www.ncbi.nlm.nih.gov/pubmed/34290314	Genetic association studies of alterations in protein function expose recessive effects on cancer predisposition.	Non-melanoma skin cancer	18,944 White British ancestry cases, 255,886 White British ancestry controls	NA	2p11.2	2	88419419		RNU6-1007P - RPL38P6	ENSG00000252395	ENSG00000224291		4415	8659	rs17037649-?	rs17037649	0	17037649	intergenic_variant	1	NR	3E-10	9.522878745280337		0.870074	[0.83-0.91]	NR [685523]	N	non-melanoma skin carcinoma	http://www.ebi.ac.uk/efo/EFO_0009260	GCST90027058	Genome-wide genotyping array
2021-10-19	34290314	Brandes N	2021-07-21	Sci Rep	www.ncbi.nlm.nih.gov/pubmed/34290314	Genetic association studies of alterations in protein function expose recessive effects on cancer predisposition.	Non-melanoma skin cancer	18,944 White British ancestry cases, 255,886 White British ancestry controls	NA	2p11.2	2	88553626		EIF2AK3-AS1			ENSG00000225420			rs116632724-?	rs116632724	0	116632724	intergenic_variant	0	NR	3E-9	8.522878745280337		0.871345	[0.83-0.92]	NR [685523]	N	non-melanoma skin carcinoma	http://www.ebi.ac.uk/efo/EFO_0009260	GCST90027058	Genome-wide genotyping array
2021-10-19	34290314	Brandes N	2021-07-21	Sci Rep	www.ncbi.nlm.nih.gov/pubmed/34290314	Genetic association studies of alterations in protein function expose recessive effects on cancer predisposition.	Non-melanoma skin cancer	18,944 White British ancestry cases, 255,886 White British ancestry controls	NA	2p11.2	2	88824725		MALLP2 - IGKC	ENSG00000283270	ENSG00000211592		6296	32436	rs1843217-?	rs1843217	0	1843217	intron_variant	1	NR	3E-11	10.522878745280337		0.884011	[0.85-0.92]	NR [685523]	N	non-melanoma skin carcinoma	http://www.ebi.ac.uk/efo/EFO_0009260	GCST90027058	Genome-wide genotyping array
2021-10-19	34290314	Brandes N	2021-07-21	Sci Rep	www.ncbi.nlm.nih.gov/pubmed/34290314	Genetic association studies of alterations in protein function expose recessive effects on cancer predisposition.	Non-melanoma skin cancer	18,944 White British ancestry cases, 255,886 White British ancestry controls	NA	2q33.1	2	200859637		CLK1			ENSG00000013441			rs12465952-?	rs12465952	0	12465952	intron_variant	0	NR	2E-17	16.69897000433602		1.12005	[1.09-1.15]	NR [685523]	N	non-melanoma skin carcinoma	http://www.ebi.ac.uk/efo/EFO_0009260	GCST90027058	Genome-wide genotyping array
2021-10-19	34290314	Brandes N	2021-07-21	Sci Rep	www.ncbi.nlm.nih.gov/pubmed/34290314	Genetic association studies of alterations in protein function expose recessive effects on cancer predisposition.	Non-melanoma skin cancer	18,944 White British ancestry cases, 255,886 White British ancestry controls	NA	2q33.1	2	201279205		CASP8			ENSG00000064012			rs10931936-?	rs10931936	0	10931936	intron_variant	0	NR	1E-44	44.0		1.18113	[1.16-1.2]	NR [685523]	N	non-melanoma skin carcinoma	http://www.ebi.ac.uk/efo/EFO_0009260	GCST90027058	Genome-wide genotyping array
2021-10-19	34290314	Brandes N	2021-07-21	Sci Rep	www.ncbi.nlm.nih.gov/pubmed/34290314	Genetic association studies of alterations in protein function expose recessive effects on cancer predisposition.	Non-melanoma skin cancer	18,944 White British ancestry cases, 255,886 White British ancestry controls	NA	2q33.1	2	201387816		TRAK2			ENSG00000115993			rs2244438-?	rs2244438	0	2244438	missense_variant	0	NR	3E-22	21.522878745280337		1.11935	[1.1-1.14]	NR [685523]	N	non-melanoma skin carcinoma	http://www.ebi.ac.uk/efo/EFO_0009260	GCST90027058	Genome-wide genotyping array
2021-10-19	34290314	Brandes N	2021-07-21	Sci Rep	www.ncbi.nlm.nih.gov/pubmed/34290314	Genetic association studies of alterations in protein function expose recessive effects on cancer predisposition.	Non-melanoma skin cancer	18,944 White British ancestry cases, 255,886 White British ancestry controls	NA	2q33.1	2	201504465		C2CD6			ENSG00000155754			rs77508965-?	rs77508965	0	77508965	intron_variant	0	NR	5E-10	9.301029995663981		1.15139	[1.11-1.2]	NR [685523]	N	non-melanoma skin carcinoma	http://www.ebi.ac.uk/efo/EFO_0009260	GCST90027058	Genome-wide genotyping array
2021-10-19	34290314	Brandes N	2021-07-21	Sci Rep	www.ncbi.nlm.nih.gov/pubmed/34290314	Genetic association studies of alterations in protein function expose recessive effects on cancer predisposition.	Non-melanoma skin cancer	18,944 White British ancestry cases, 255,886 White British ancestry controls	NA	2q33.1	2	201636725		TMEM237			ENSG00000155755			rs1208081-?	rs1208081	0	1208081	intron_variant	0	NR	5E-9	8.301029995663981		0.935473	[0.91-0.96]	NR [685523]	N	non-melanoma skin carcinoma	http://www.ebi.ac.uk/efo/EFO_0009260	GCST90027058	Genome-wide genotyping array
2021-10-19	34290314	Brandes N	2021-07-21	Sci Rep	www.ncbi.nlm.nih.gov/pubmed/34290314	Genetic association studies of alterations in protein function expose recessive effects on cancer predisposition.	Non-melanoma skin cancer	18,944 White British ancestry cases, 255,886 White British ancestry controls	NA	2q33.2	2	203874196		CTLA4 - ICOS	ENSG00000163599	ENSG00000163600		231	62567	rs3087243-?	rs3087243	0	3087243	intergenic_variant	1	NR	2E-13	12.698970004336019		1.0827	[1.06-1.1]	NR [685523]	N	non-melanoma skin carcinoma	http://www.ebi.ac.uk/efo/EFO_0009260	GCST90027058	Genome-wide genotyping array
2021-10-19	34290314	Brandes N	2021-07-21	Sci Rep	www.ncbi.nlm.nih.gov/pubmed/34290314	Genetic association studies of alterations in protein function expose recessive effects on cancer predisposition.	Non-melanoma skin cancer	18,944 White British ancestry cases, 255,886 White British ancestry controls	NA	3p25.3	3	11302953		ATG7			ENSG00000197548			rs2606761-?	rs2606761	0	2606761	intron_variant	0	NR	4E-6	5.3979400086720375		0.935987	[0.91-0.96]	NR [685523]	N	non-melanoma skin carcinoma	http://www.ebi.ac.uk/efo/EFO_0009260	GCST90027058	Genome-wide genotyping array
2021-10-19	34290314	Brandes N	2021-07-21	Sci Rep	www.ncbi.nlm.nih.gov/pubmed/34290314	Genetic association studies of alterations in protein function expose recessive effects on cancer predisposition.	Non-melanoma skin cancer	18,944 White British ancestry cases, 255,886 White British ancestry controls	NA	3p25.3	3	11508122		ATG7			ENSG00000197548			rs2454513-?	rs2454513	0	2454513	intron_variant	0	NR	2E-7	6.698970004336019		0.930639	[0.9-0.96]	NR [685523]	N	non-melanoma skin carcinoma	http://www.ebi.ac.uk/efo/EFO_0009260	GCST90027058	Genome-wide genotyping array
2021-10-19	34290314	Brandes N	2021-07-21	Sci Rep	www.ncbi.nlm.nih.gov/pubmed/34290314	Genetic association studies of alterations in protein function expose recessive effects on cancer predisposition.	Non-melanoma skin cancer	18,944 White British ancestry cases, 255,886 White British ancestry controls	NA	3p21.31	3	46209260		CCR3			ENSG00000183625			rs74935550-?	rs74935550	0	74935550	intron_variant	0	NR	7E-6	5.154901959985743		1.28519	[1.18-1.39]	NR [685523]	N	non-melanoma skin carcinoma	http://www.ebi.ac.uk/efo/EFO_0009260	GCST90027058	Genome-wide genotyping array
2021-10-19	34290314	Brandes N	2021-07-21	Sci Rep	www.ncbi.nlm.nih.gov/pubmed/34290314	Genetic association studies of alterations in protein function expose recessive effects on cancer predisposition.	Non-melanoma skin cancer	18,944 White British ancestry cases, 255,886 White British ancestry controls	NA	3p21.31	3	46410189		CCRL2			ENSG00000121797			rs1015164-?	rs1015164	0	1015164	3_prime_UTR_variant	0	NR	3E-8	7.522878745280337		1.06587	[1.04-1.09]	NR [685523]	N	non-melanoma skin carcinoma	http://www.ebi.ac.uk/efo/EFO_0009260	GCST90027058	Genome-wide genotyping array
2021-10-19	34290314	Brandes N	2021-07-21	Sci Rep	www.ncbi.nlm.nih.gov/pubmed/34290314	Genetic association studies of alterations in protein function expose recessive effects on cancer predisposition.	Non-melanoma skin cancer	18,944 White British ancestry cases, 255,886 White British ancestry controls	NA	3p21.31	3	50150357		SEMA3F-AS1			ENSG00000235016			rs2526397-?	rs2526397	0	2526397	intron_variant	0	NR	7E-6	5.154901959985743		0.950002	[0.93-0.97]	NR [685523]	N	non-melanoma skin carcinoma	http://www.ebi.ac.uk/efo/EFO_0009260	GCST90027058	Genome-wide genotyping array
2021-10-19	34290314	Brandes N	2021-07-21	Sci Rep	www.ncbi.nlm.nih.gov/pubmed/34290314	Genetic association studies of alterations in protein function expose recessive effects on cancer predisposition.	Non-melanoma skin cancer	18,944 White British ancestry cases, 255,886 White British ancestry controls	NA	3p13	3	71493128		FOXP1			ENSG00000114861			rs73093445-?	rs73093445	0	73093445	intron_variant	0	NR	2E-25	24.69897000433602		1.11982	[1.1-1.14]	NR [685523]	N	non-melanoma skin carcinoma	http://www.ebi.ac.uk/efo/EFO_0009260	GCST90027058	Genome-wide genotyping array
2021-10-19	34290314	Brandes N	2021-07-21	Sci Rep	www.ncbi.nlm.nih.gov/pubmed/34290314	Genetic association studies of alterations in protein function expose recessive effects on cancer predisposition.	Non-melanoma skin cancer	18,944 White British ancestry cases, 255,886 White British ancestry controls	NA	3p13	3	71629997		FOXP1-DT - EIF4E3	ENSG00000270562	ENSG00000163412		42588	45417	rs830620-?	rs830620	0	830620	intron_variant	1	NR	4E-12	11.397940008672037		1.0784	[1.06-1.1]	NR [685523]	N	non-melanoma skin carcinoma	http://www.ebi.ac.uk/efo/EFO_0009260	GCST90027058	Genome-wide genotyping array
2021-10-19	34290314	Brandes N	2021-07-21	Sci Rep	www.ncbi.nlm.nih.gov/pubmed/34290314	Genetic association studies of alterations in protein function expose recessive effects on cancer predisposition.	Non-melanoma skin cancer	18,944 White British ancestry cases, 255,886 White British ancestry controls	NA	3q12.1	3	98730898		ST3GAL6-AS1			ENSG00000239445			rs3755569-?	rs3755569	0	3755569	intron_variant	0	NR	3E-7	6.522878745280337		0.937123	[0.91-0.96]	NR [685523]	N	non-melanoma skin carcinoma	http://www.ebi.ac.uk/efo/EFO_0009260	GCST90027058	Genome-wide genotyping array
2021-10-19	34290314	Brandes N	2021-07-21	Sci Rep	www.ncbi.nlm.nih.gov/pubmed/34290314	Genetic association studies of alterations in protein function expose recessive effects on cancer predisposition.	Non-melanoma skin cancer	18,944 White British ancestry cases, 255,886 White British ancestry controls	NA	3q28	3	188394766		LPP			ENSG00000145012			rs1464510-?	rs1464510	0	1464510	intron_variant	0	NR	8E-12	11.096910013008056		0.928244	[0.91-0.95]	NR [685523]	N	non-melanoma skin carcinoma	http://www.ebi.ac.uk/efo/EFO_0009260	GCST90027058	Genome-wide genotyping array
2021-10-19	34290314	Brandes N	2021-07-21	Sci Rep	www.ncbi.nlm.nih.gov/pubmed/34290314	Genetic association studies of alterations in protein function expose recessive effects on cancer predisposition.	Non-melanoma skin cancer	18,944 White British ancestry cases, 255,886 White British ancestry controls	NA	4q35.2	4	188912125		LINC02508 - HSP90AA4P	ENSG00000251619	ENSG00000205100		126157	560840	rs6813033-?	rs6813033	0	6813033	non_coding_transcript_exon_variant	1	NR	1E-6	6.0		0.947806	[0.93-0.97]	NR [685523]	N	non-melanoma skin carcinoma	http://www.ebi.ac.uk/efo/EFO_0009260	GCST90027058	Genome-wide genotyping array
2021-10-19	34290314	Brandes N	2021-07-21	Sci Rep	www.ncbi.nlm.nih.gov/pubmed/34290314	Genetic association studies of alterations in protein function expose recessive effects on cancer predisposition.	Non-melanoma skin cancer	18,944 White British ancestry cases, 255,886 White British ancestry controls	NA	5p15.33	5	1321972		CLPTM1L			ENSG00000049656			rs401681-?	rs401681	0	401681	intron_variant	0	NR	7E-32	31.154901959985743		0.878963	[0.86-0.9]	NR [685523]	N	non-melanoma skin carcinoma	http://www.ebi.ac.uk/efo/EFO_0009260	GCST90027058	Genome-wide genotyping array
2021-10-19	34290314	Brandes N	2021-07-21	Sci Rep	www.ncbi.nlm.nih.gov/pubmed/34290314	Genetic association studies of alterations in protein function expose recessive effects on cancer predisposition.	Non-melanoma skin cancer	18,944 White British ancestry cases, 255,886 White British ancestry controls	NA	5p13.2	5	33951588		SLC45A2			ENSG00000164175			rs16891982-?	rs16891982	0	16891982	missense_variant	0	NR	4E-22	21.397940008672037		0.659569	[0.58-0.74]	NR [685523]	N	non-melanoma skin carcinoma	http://www.ebi.ac.uk/efo/EFO_0009260	GCST90027058	Genome-wide genotyping array
2021-10-19	34290314	Brandes N	2021-07-21	Sci Rep	www.ncbi.nlm.nih.gov/pubmed/34290314	Genetic association studies of alterations in protein function expose recessive effects on cancer predisposition.	Non-melanoma skin cancer	18,944 White British ancestry cases, 255,886 White British ancestry controls	NA	5p12	5	43655972		NNT			ENSG00000112992			rs75710404-?	rs75710404	0	75710404	missense_variant	0	NR	5E-7	6.301029995663981		1.31687	[1.21-1.42]	NR [685523]	N	non-melanoma skin carcinoma	http://www.ebi.ac.uk/efo/EFO_0009260	GCST90027058	Genome-wide genotyping array
2021-10-19	34290314	Brandes N	2021-07-21	Sci Rep	www.ncbi.nlm.nih.gov/pubmed/34290314	Genetic association studies of alterations in protein function expose recessive effects on cancer predisposition.	Melanoma	3,122 White British ancestry cases, 271,708 White British ancestry controls	NA	1p31.1	1	78157942		GIPC2 - RNFT1P2	ENSG00000137960	ENSG00000233333		19494	12539	rs17391694-?	rs17391694	0	17391694	intergenic_variant	1	NR	3E-6	5.522878745280337		1.17597	[1.11-1.24]	NR [674885]	N	melanoma	http://purl.obolibrary.org/obo/MONDO_0005105	GCST90027057	Genome-wide genotyping array
2021-10-19	34290314	Brandes N	2021-07-21	Sci Rep	www.ncbi.nlm.nih.gov/pubmed/34290314	Genetic association studies of alterations in protein function expose recessive effects on cancer predisposition.	Melanoma	3,122 White British ancestry cases, 271,708 White British ancestry controls	NA	1q32.1	1	204215542		GOLT1A - PLEKHA6	ENSG00000174567	ENSG00000143850		1421	3309	rs73073710-?	rs73073710	0	73073710	intergenic_variant	1	NR	9E-7	6.045757490560675		1.52999	[1.36-1.7]	NR [674885]	N	melanoma	http://purl.obolibrary.org/obo/MONDO_0005105	GCST90027057	Genome-wide genotyping array
2021-10-19	34290314	Brandes N	2021-07-21	Sci Rep	www.ncbi.nlm.nih.gov/pubmed/34290314	Genetic association studies of alterations in protein function expose recessive effects on cancer predisposition.	Melanoma	3,122 White British ancestry cases, 271,708 White British ancestry controls	NA	1q41	1	214517160		PTPN14			ENSG00000152104			rs12565246-?	rs12565246	0	12565246	intron_variant	0	NR	3E-7	6.522878745280337		0.834123	[0.76-0.9]	NR [674885]	N	melanoma	http://purl.obolibrary.org/obo/MONDO_0005105	GCST90027057	Genome-wide genotyping array
2021-10-19	34290314	Brandes N	2021-07-21	Sci Rep	www.ncbi.nlm.nih.gov/pubmed/34290314	Genetic association studies of alterations in protein function expose recessive effects on cancer predisposition.	Melanoma	3,122 White British ancestry cases, 271,708 White British ancestry controls	NA	1q44	1	247933896		OR2AJ1			ENSG00000177275			rs77842379-?	rs77842379	0	77842379	missense_variant	0	NR	2E-7	6.698970004336019		8.03743	[7.26-8.82]	NR [674885]	N	melanoma	http://purl.obolibrary.org/obo/MONDO_0005105	GCST90027057	Genome-wide genotyping array
2021-10-19	34290314	Brandes N	2021-07-21	Sci Rep	www.ncbi.nlm.nih.gov/pubmed/34290314	Genetic association studies of alterations in protein function expose recessive effects on cancer predisposition.	Melanoma	3,122 White British ancestry cases, 271,708 White British ancestry controls	NA	2p23.3	2	25373640		ARNILA			ENSG00000235072			rs732076-?	rs732076	0	732076	intron_variant	0	NR	7E-6	5.154901959985743		1.133	[1.08-1.19]	NR [674885]	N	melanoma	http://purl.obolibrary.org/obo/MONDO_0005105	GCST90027057	Genome-wide genotyping array
2021-10-19	34290314	Brandes N	2021-07-21	Sci Rep	www.ncbi.nlm.nih.gov/pubmed/34290314	Genetic association studies of alterations in protein function expose recessive effects on cancer predisposition.	Melanoma	3,122 White British ancestry cases, 271,708 White British ancestry controls	NA	2q31.2	2	178324224		OSBPL6			ENSG00000079156			rs79358798-?	rs79358798	0	79358798	synonymous_variant	0	NR	1E-5	5.0		4.59025	[3.92-5.26]	NR [674885]	N	melanoma	http://purl.obolibrary.org/obo/MONDO_0005105	GCST90027057	Genome-wide genotyping array
2021-10-19	34290314	Brandes N	2021-07-21	Sci Rep	www.ncbi.nlm.nih.gov/pubmed/34290314	Genetic association studies of alterations in protein function expose recessive effects on cancer predisposition.	Melanoma	3,122 White British ancestry cases, 271,708 White British ancestry controls	NA	2q37.1	2	234002723		TRPM8			ENSG00000144481			rs6751169-?	rs6751169	0	6751169	intron_variant	0	NR	5E-6	5.301029995663981		1.53927	[1.35-1.72]	NR [674885]	N	melanoma	http://purl.obolibrary.org/obo/MONDO_0005105	GCST90027057	Genome-wide genotyping array
2021-10-19	34290314	Brandes N	2021-07-21	Sci Rep	www.ncbi.nlm.nih.gov/pubmed/34290314	Genetic association studies of alterations in protein function expose recessive effects on cancer predisposition.	Melanoma	3,122 White British ancestry cases, 271,708 White British ancestry controls	NA	2q37.3	2	241413307		FARP2			ENSG00000006607			rs143775411-?	rs143775411	0	143775411	stop_gained	0	NR	4E-6	5.3979400086720375		77.9797	[76.13-79.82]	NR [674885]	N	melanoma	http://purl.obolibrary.org/obo/MONDO_0005105	GCST90027057	Genome-wide genotyping array
2021-10-19	34290314	Brandes N	2021-07-21	Sci Rep	www.ncbi.nlm.nih.gov/pubmed/34290314	Genetic association studies of alterations in protein function expose recessive effects on cancer predisposition.	Melanoma	3,122 White British ancestry cases, 271,708 White British ancestry controls	NA	5p15.33	5	1321972		CLPTM1L			ENSG00000049656			rs401681-?	rs401681	0	401681	intron_variant	0	NR	7E-16	15.154901959985743		1.22868	[1.18-1.28]	NR [674885]	N	melanoma	http://purl.obolibrary.org/obo/MONDO_0005105	GCST90027057	Genome-wide genotyping array
2021-10-19	34290314	Brandes N	2021-07-21	Sci Rep	www.ncbi.nlm.nih.gov/pubmed/34290314	Genetic association studies of alterations in protein function expose recessive effects on cancer predisposition.	Melanoma	3,122 White British ancestry cases, 271,708 White British ancestry controls	NA	5p13.2	5	33951588		SLC45A2			ENSG00000164175			rs16891982-?	rs16891982	0	16891982	missense_variant	0	NR	4E-9	8.397940008672037		0.499299	[0.27-0.73]	NR [674885]	N	melanoma	http://purl.obolibrary.org/obo/MONDO_0005105	GCST90027057	Genome-wide genotyping array
2021-10-19	34290314	Brandes N	2021-07-21	Sci Rep	www.ncbi.nlm.nih.gov/pubmed/34290314	Genetic association studies of alterations in protein function expose recessive effects on cancer predisposition.	Melanoma	3,122 White British ancestry cases, 271,708 White British ancestry controls	NA											Affx-80227177-?	Affx-80227177	0			1	NR	8E-6	5.096910013008056		17.5034	[16.25-18.76]	NR [674885]	N	melanoma	http://purl.obolibrary.org/obo/MONDO_0005105	GCST90027057	Genome-wide genotyping array
2021-10-19	34290314	Brandes N	2021-07-21	Sci Rep	www.ncbi.nlm.nih.gov/pubmed/34290314	Genetic association studies of alterations in protein function expose recessive effects on cancer predisposition.	Melanoma	3,122 White British ancestry cases, 271,708 White British ancestry controls	NA											Affx-89005689-?	Affx-89005689	0			1	NR	7E-6	5.154901959985743		18.5232	[17.25-19.79]	NR [674885]	N	melanoma	http://purl.obolibrary.org/obo/MONDO_0005105	GCST90027057	Genome-wide genotyping array
2021-10-19	34290314	Brandes N	2021-07-21	Sci Rep	www.ncbi.nlm.nih.gov/pubmed/34290314	Genetic association studies of alterations in protein function expose recessive effects on cancer predisposition.	Melanoma	3,122 White British ancestry cases, 271,708 White British ancestry controls	NA											Affx-80227458-?	Affx-80227458	0			1	NR	6E-6	5.221848749616356		17.7758	[16.53-19.02]	NR [674885]	N	melanoma	http://purl.obolibrary.org/obo/MONDO_0005105	GCST90027057	Genome-wide genotyping array
2021-10-19	34290314	Brandes N	2021-07-21	Sci Rep	www.ncbi.nlm.nih.gov/pubmed/34290314	Genetic association studies of alterations in protein function expose recessive effects on cancer predisposition.	Melanoma	3,122 White British ancestry cases, 271,708 White British ancestry controls	NA	6p22.3	6	21160151		CDKAL1			ENSG00000145996			rs7739578-?	rs7739578	0	7739578	intron_variant	0	NR	8E-7	6.096910013008056		1.14167	[1.09-1.19]	NR [674885]	N	melanoma	http://purl.obolibrary.org/obo/MONDO_0005105	GCST90027057	Genome-wide genotyping array
2021-10-19	34290314	Brandes N	2021-07-21	Sci Rep	www.ncbi.nlm.nih.gov/pubmed/34290314	Genetic association studies of alterations in protein function expose recessive effects on cancer predisposition.	Melanoma	3,122 White British ancestry cases, 271,708 White British ancestry controls	NA	6q13	6	75175837		COL12A1			ENSG00000111799			rs189842215-?	rs189842215	0	189842215	intron_variant	0	NR	7E-6	5.154901959985743		1.55555	[1.36-1.75]	NR [674885]	N	melanoma	http://purl.obolibrary.org/obo/MONDO_0005105	GCST90027057	Genome-wide genotyping array
2021-10-19	34290314	Brandes N	2021-07-21	Sci Rep	www.ncbi.nlm.nih.gov/pubmed/34290314	Genetic association studies of alterations in protein function expose recessive effects on cancer predisposition.	Melanoma	3,122 White British ancestry cases, 271,708 White British ancestry controls	NA	6q21	6	110456623		SLC22A16			ENSG00000004809			rs199818592-?	rs199818592	0	199818592	stop_gained	0	NR	3E-9	8.522878745280337		10.8566	[10.07-11.65]	NR [674885]	N	melanoma	http://purl.obolibrary.org/obo/MONDO_0005105	GCST90027057	Genome-wide genotyping array
2021-10-19	34290314	Brandes N	2021-07-21	Sci Rep	www.ncbi.nlm.nih.gov/pubmed/34290314	Genetic association studies of alterations in protein function expose recessive effects on cancer predisposition.	Non-melanoma skin cancer	18,944 White British ancestry cases, 255,886 White British ancestry controls	NA	10p14	10	8902089		LINC02676			ENSG00000234752			rs76407406-?	rs76407406	0	76407406	intron_variant	0	NR	5E-36	35.30102999566398		0.796728	[0.76-0.83]	NR [685523]	N	non-melanoma skin carcinoma	http://www.ebi.ac.uk/efo/EFO_0009260	GCST90027058	Genome-wide genotyping array
2021-10-19	34290314	Brandes N	2021-07-21	Sci Rep	www.ncbi.nlm.nih.gov/pubmed/34290314	Genetic association studies of alterations in protein function expose recessive effects on cancer predisposition.	Non-melanoma skin cancer	18,944 White British ancestry cases, 255,886 White British ancestry controls	NA	10p14	10	9179994		LINC02676 - LINC00709	ENSG00000234752	ENSG00000230014		205424	95452	rs4749837-?	rs4749837	0	4749837	intergenic_variant	1	NR	4E-9	8.397940008672037		0.936467	[0.91-0.96]	NR [685523]	N	non-melanoma skin carcinoma	http://www.ebi.ac.uk/efo/EFO_0009260	GCST90027058	Genome-wide genotyping array
2021-10-19	34290314	Brandes N	2021-07-21	Sci Rep	www.ncbi.nlm.nih.gov/pubmed/34290314	Genetic association studies of alterations in protein function expose recessive effects on cancer predisposition.	Non-melanoma skin cancer	18,944 White British ancestry cases, 255,886 White British ancestry controls	NA	10p14	10	10732861		CELF2-DT - ORMDL1P1	ENSG00000270111	ENSG00000228997		270435	43362	rs12764483-?	rs12764483	0	12764483	intron_variant	1	NR	2E-9	8.698970004336019		1.0744	[1.05-1.1]	NR [685523]	N	non-melanoma skin carcinoma	http://www.ebi.ac.uk/efo/EFO_0009260	GCST90027058	Genome-wide genotyping array
2021-10-19	34290314	Brandes N	2021-07-21	Sci Rep	www.ncbi.nlm.nih.gov/pubmed/34290314	Genetic association studies of alterations in protein function expose recessive effects on cancer predisposition.	Non-melanoma skin cancer	18,944 White British ancestry cases, 255,886 White British ancestry controls	NA	11p11.2	11	46349217		DGKZ			ENSG00000149091			rs876701-?	rs876701	0	876701	intron_variant	0	NR	4E-6	5.3979400086720375		0.934541	[0.91-0.96]	NR [685523]	N	non-melanoma skin carcinoma	http://www.ebi.ac.uk/efo/EFO_0009260	GCST90027058	Genome-wide genotyping array
2021-10-19	34290314	Brandes N	2021-07-21	Sci Rep	www.ncbi.nlm.nih.gov/pubmed/34290314	Genetic association studies of alterations in protein function expose recessive effects on cancer predisposition.	Non-melanoma skin cancer	18,944 White British ancestry cases, 255,886 White British ancestry controls	NA	11p11.2	11	46632854		ATG13			ENSG00000175224			rs61884271-?	rs61884271	0	61884271	intron_variant	0	NR	3E-6	5.522878745280337		0.933977	[0.91-0.96]	NR [685523]	N	non-melanoma skin carcinoma	http://www.ebi.ac.uk/efo/EFO_0009260	GCST90027058	Genome-wide genotyping array
2021-10-19	34290314	Brandes N	2021-07-21	Sci Rep	www.ncbi.nlm.nih.gov/pubmed/34290314	Genetic association studies of alterations in protein function expose recessive effects on cancer predisposition.	Non-melanoma skin cancer	18,944 White British ancestry cases, 255,886 White British ancestry controls	NA	11q12.2	11	61829740		FADS2			ENSG00000134824			rs174570-?	rs174570	0	174570	intron_variant	0	NR	3E-8	7.522878745280337		0.912521	[0.88-0.95]	NR [685523]	N	non-melanoma skin carcinoma	http://www.ebi.ac.uk/efo/EFO_0009260	GCST90027058	Genome-wide genotyping array
2021-10-19	34290314	Brandes N	2021-07-21	Sci Rep	www.ncbi.nlm.nih.gov/pubmed/34290314	Genetic association studies of alterations in protein function expose recessive effects on cancer predisposition.	Non-melanoma skin cancer	18,944 White British ancestry cases, 255,886 White British ancestry controls	NA	11q13.1	11	64338457		PRDX5 - CCDC88B	ENSG00000126432	ENSG00000168071		16635	1747	rs499425-?	rs499425	0	499425	intron_variant	1	NR	4E-9	8.397940008672037		1.06703	[1.05-1.09]	NR [685523]	N	non-melanoma skin carcinoma	http://www.ebi.ac.uk/efo/EFO_0009260	GCST90027058	Genome-wide genotyping array
2021-10-19	34290314	Brandes N	2021-07-21	Sci Rep	www.ncbi.nlm.nih.gov/pubmed/34290314	Genetic association studies of alterations in protein function expose recessive effects on cancer predisposition.	Non-melanoma skin cancer	18,944 White British ancestry cases, 255,886 White British ancestry controls	NA	11q13.1	11	65817786		OVOL1 - CFL1	ENSG00000172818	ENSG00000172757		20567	5236	rs11227311-?	rs11227311	0	11227311	intron_variant	1	NR	6E-6	5.221848749616356		0.951806	[0.93-0.97]	NR [685523]	N	non-melanoma skin carcinoma	http://www.ebi.ac.uk/efo/EFO_0009260	GCST90027058	Genome-wide genotyping array
2021-10-19	34290314	Brandes N	2021-07-21	Sci Rep	www.ncbi.nlm.nih.gov/pubmed/34290314	Genetic association studies of alterations in protein function expose recessive effects on cancer predisposition.	Non-melanoma skin cancer	18,944 White British ancestry cases, 255,886 White British ancestry controls	NA	11q13.1	11	65960328		TSGA10IP - SART1	ENSG00000175513	ENSG00000175467		362	1361	rs593525-?	rs593525	0	593525	intergenic_variant	1	NR	4E-6	5.3979400086720375		1.05129	[1.03-1.07]	NR [685523]	N	non-melanoma skin carcinoma	http://www.ebi.ac.uk/efo/EFO_0009260	GCST90027058	Genome-wide genotyping array
2021-10-19	34290314	Brandes N	2021-07-21	Sci Rep	www.ncbi.nlm.nih.gov/pubmed/34290314	Genetic association studies of alterations in protein function expose recessive effects on cancer predisposition.	Non-melanoma skin cancer	18,944 White British ancestry cases, 255,886 White British ancestry controls	NA	11q14.1	11	80822309		LINC02720 - COX6A1P4	ENSG00000255178	ENSG00000254437		59471	135008	rs4945437-?	rs4945437	0	4945437	intergenic_variant	1	NR	8E-7	6.096910013008056		1.07346	[1.05-1.1]	NR [685523]	N	non-melanoma skin carcinoma	http://www.ebi.ac.uk/efo/EFO_0009260	GCST90027058	Genome-wide genotyping array
2021-10-19	34290314	Brandes N	2021-07-21	Sci Rep	www.ncbi.nlm.nih.gov/pubmed/34290314	Genetic association studies of alterations in protein function expose recessive effects on cancer predisposition.	Non-melanoma skin cancer	18,944 White British ancestry cases, 255,886 White British ancestry controls	NA	11q14.3	11	88625376		GRM5			ENSG00000168959			rs7481199-?	rs7481199	0	7481199	intron_variant	0	NR	2E-12	11.698970004336019		1.08956	[1.07-1.11]	NR [685523]	N	non-melanoma skin carcinoma	http://www.ebi.ac.uk/efo/EFO_0009260	GCST90027058	Genome-wide genotyping array
2021-10-19	34290314	Brandes N	2021-07-21	Sci Rep	www.ncbi.nlm.nih.gov/pubmed/34290314	Genetic association studies of alterations in protein function expose recessive effects on cancer predisposition.	Non-melanoma skin cancer	18,944 White British ancestry cases, 255,886 White British ancestry controls	NA	11q14.3	11	88843838		GRM5			ENSG00000168959			rs11021570-?	rs11021570	0	11021570	intron_variant	0	NR	8E-9	8.096910013008056		1.06559	[1.04-1.09]	NR [685523]	N	non-melanoma skin carcinoma	http://www.ebi.ac.uk/efo/EFO_0009260	GCST90027058	Genome-wide genotyping array
2021-10-19	34290314	Brandes N	2021-07-21	Sci Rep	www.ncbi.nlm.nih.gov/pubmed/34290314	Genetic association studies of alterations in protein function expose recessive effects on cancer predisposition.	Non-melanoma skin cancer	18,944 White British ancestry cases, 255,886 White British ancestry controls	NA	11q14.3	11	89123614		GRM5 - TYR	ENSG00000168959	ENSG00000077498		57632	54261	rs1942486-?	rs1942486	0	1942486	intergenic_variant	1	NR	8E-11	10.096910013008056		1.07621	[1.05-1.1]	NR [685523]	N	non-melanoma skin carcinoma	http://www.ebi.ac.uk/efo/EFO_0009260	GCST90027058	Genome-wide genotyping array
2021-10-19	34290314	Brandes N	2021-07-21	Sci Rep	www.ncbi.nlm.nih.gov/pubmed/34290314	Genetic association studies of alterations in protein function expose recessive effects on cancer predisposition.	Non-melanoma skin cancer	18,944 White British ancestry cases, 255,886 White British ancestry controls	NA	11q14.3	11	89277878		TYR			ENSG00000077498			rs1393350-?	rs1393350	0	1393350	intron_variant	0	NR	3E-24	23.522878745280337		1.12581	[1.1-1.15]	NR [685523]	N	non-melanoma skin carcinoma	http://www.ebi.ac.uk/efo/EFO_0009260	GCST90027058	Genome-wide genotyping array
2021-10-19	34290314	Brandes N	2021-07-21	Sci Rep	www.ncbi.nlm.nih.gov/pubmed/34290314	Genetic association studies of alterations in protein function expose recessive effects on cancer predisposition.	Non-melanoma skin cancer	18,944 White British ancestry cases, 255,886 White British ancestry controls	NA	11q14.3	11	89714207		TRIM77			ENSG00000214414			rs17221124-?	rs17221124	0	17221124	missense_variant	0	NR	4E-8	7.3979400086720375		1.0987	[1.07-1.13]	NR [685523]	N	non-melanoma skin carcinoma	http://www.ebi.ac.uk/efo/EFO_0009260	GCST90027058	Genome-wide genotyping array
2021-10-19	34290314	Brandes N	2021-07-21	Sci Rep	www.ncbi.nlm.nih.gov/pubmed/34290314	Genetic association studies of alterations in protein function expose recessive effects on cancer predisposition.	Non-melanoma skin cancer	18,944 White British ancestry cases, 255,886 White British ancestry controls	NA	11q21	11	94719965		PIWIL4-AS1, AMOTL1			ENSG00000255929, ENSG00000166025			rs11020924-?	rs11020924	0	11020924	intron_variant	0	NR	5E-7	6.301029995663981		0.941784	[0.92-0.97]	NR [685523]	N	non-melanoma skin carcinoma	http://www.ebi.ac.uk/efo/EFO_0009260	GCST90027058	Genome-wide genotyping array
2021-10-19	34290314	Brandes N	2021-07-21	Sci Rep	www.ncbi.nlm.nih.gov/pubmed/34290314	Genetic association studies of alterations in protein function expose recessive effects on cancer predisposition.	Non-melanoma skin cancer	18,944 White British ancestry cases, 255,886 White British ancestry controls	NA	12p12.1	12	25441574		LMNTD1			ENSG00000152936			rs59650028-?	rs59650028	0	59650028	intergenic_variant	0	NR	9E-6	5.045757490560675		0.883695	[0.83-0.94]	NR [685523]	N	non-melanoma skin carcinoma	http://www.ebi.ac.uk/efo/EFO_0009260	GCST90027058	Genome-wide genotyping array
2021-10-19	34290314	Brandes N	2021-07-21	Sci Rep	www.ncbi.nlm.nih.gov/pubmed/34290314	Genetic association studies of alterations in protein function expose recessive effects on cancer predisposition.	Non-melanoma skin cancer	18,944 White British ancestry cases, 255,886 White British ancestry controls	NA	12q13.13	12	52519884		KRT5			ENSG00000186081			rs11170164-?	rs11170164	0	11170164	missense_variant	0	NR	9E-23	22.045757490560675		1.20574	[1.17-1.24]	NR [685523]	N	non-melanoma skin carcinoma	http://www.ebi.ac.uk/efo/EFO_0009260	GCST90027058	Genome-wide genotyping array
2021-10-19	34290314	Brandes N	2021-07-21	Sci Rep	www.ncbi.nlm.nih.gov/pubmed/34290314	Genetic association studies of alterations in protein function expose recessive effects on cancer predisposition.	Non-melanoma skin cancer	18,944 White British ancestry cases, 255,886 White British ancestry controls	NA	12q24.31	12	120371388		RPS27P25			ENSG00000239881			rs3742038-?	rs3742038	0	3742038	splice_polypyrimidine_tract_variant	0	NR	3E-7	6.522878745280337		0.925496	[0.9-0.95]	NR [685523]	N	non-melanoma skin carcinoma	http://www.ebi.ac.uk/efo/EFO_0009260	GCST90027058	Genome-wide genotyping array
2021-10-19	34290314	Brandes N	2021-07-21	Sci Rep	www.ncbi.nlm.nih.gov/pubmed/34290314	Genetic association studies of alterations in protein function expose recessive effects on cancer predisposition.	Non-melanoma skin cancer	18,944 White British ancestry cases, 255,886 White British ancestry controls	NA	13q13.1	13	32379251		BRCA2			ENSG00000139618			rs4942486-?	rs4942486	0	4942486	intron_variant	0	NR	2E-6	5.698970004336019		1.05245	[1.03-1.07]	NR [685523]	N	non-melanoma skin carcinoma	http://www.ebi.ac.uk/efo/EFO_0009260	GCST90027058	Genome-wide genotyping array
2021-10-19	34290314	Brandes N	2021-07-21	Sci Rep	www.ncbi.nlm.nih.gov/pubmed/34290314	Genetic association studies of alterations in protein function expose recessive effects on cancer predisposition.	Non-melanoma skin cancer	18,944 White British ancestry cases, 255,886 White British ancestry controls	NA	13q32.2	13	98105091		IPO5 - FARP1	ENSG00000065150	ENSG00000152767		80795	37074	rs9556880-?	rs9556880	0	9556880	intron_variant	1	NR	7E-7	6.154901959985743		1.08384	[1.05-1.12]	NR [685523]	N	non-melanoma skin carcinoma	http://www.ebi.ac.uk/efo/EFO_0009260	GCST90027058	Genome-wide genotyping array
2021-10-19	34290314	Brandes N	2021-07-21	Sci Rep	www.ncbi.nlm.nih.gov/pubmed/34290314	Genetic association studies of alterations in protein function expose recessive effects on cancer predisposition.	Non-melanoma skin cancer	18,944 White British ancestry cases, 255,886 White British ancestry controls	NA	13q33.1	13	103064419		SLC10A2			ENSG00000125255			rs10508101-?	rs10508101	0	10508101	intron_variant	0	NR	8E-6	5.096910013008056		1.07278	[1.04-1.1]	NR [685523]	N	non-melanoma skin carcinoma	http://www.ebi.ac.uk/efo/EFO_0009260	GCST90027058	Genome-wide genotyping array
2021-10-19	34290314	Brandes N	2021-07-21	Sci Rep	www.ncbi.nlm.nih.gov/pubmed/34290314	Genetic association studies of alterations in protein function expose recessive effects on cancer predisposition.	Non-melanoma skin cancer	18,944 White British ancestry cases, 255,886 White British ancestry controls	NA	14q23.1	14	58202942		ACTR10, ARMH4			ENSG00000131966, ENSG00000139971			rs111562516-?	rs111562516	0	111562516	intron_variant	0	NR	9E-6	5.045757490560675		1.04928	[1.03-1.07]	NR [685523]	N	non-melanoma skin carcinoma	http://www.ebi.ac.uk/efo/EFO_0009260	GCST90027058	Genome-wide genotyping array
2021-10-19	34290314	Brandes N	2021-07-21	Sci Rep	www.ncbi.nlm.nih.gov/pubmed/34290314	Genetic association studies of alterations in protein function expose recessive effects on cancer predisposition.	Non-melanoma skin cancer	18,944 White British ancestry cases, 255,886 White British ancestry controls	NA	14q24.3	14	75468473		JDP2			ENSG00000140044			rs61978940-?	rs61978940	0	61978940	intron_variant	0	NR	2E-9	8.698970004336019		1.12744	[1.09-1.17]	NR [685523]	N	non-melanoma skin carcinoma	http://www.ebi.ac.uk/efo/EFO_0009260	GCST90027058	Genome-wide genotyping array
2021-10-19	34290314	Brandes N	2021-07-21	Sci Rep	www.ncbi.nlm.nih.gov/pubmed/34290314	Genetic association studies of alterations in protein function expose recessive effects on cancer predisposition.	Non-melanoma skin cancer	18,944 White British ancestry cases, 255,886 White British ancestry controls	NA	15q13.1	15	27985101		OCA2			ENSG00000104044			rs28934272-?	rs28934272	1	121918166	missense_variant	0	NR	3E-9	8.522878745280337		1.3452	[1.25-1.44]	NR [685523]	N	non-melanoma skin carcinoma	http://www.ebi.ac.uk/efo/EFO_0009260	GCST90027058	Genome-wide genotyping array
2022-02-15	34424336	Mobuchon L	2021-08-23	J Natl Cancer Inst	www.ncbi.nlm.nih.gov/pubmed/34424336	Different Pigmentation Risk Loci for High-Risk Monosomy 3 and Low-Risk Disomy 3 Uveal Melanomas.	Uveal melanoma	1,142 European ancestry cases, 882 European ancestry controls	NA	15q13.1	15	28111713		HERC2			ENSG00000128731			rs1129038-C	rs1129038	0	1129038	3_prime_UTR_variant	0	NR	6E-12	11.221848749616356		0.56	[0.48-0.66]	Illumina [7488175] (imputed)	N	uveal melanoma	http://purl.obolibrary.org/obo/MONDO_0006486	GCST90094626	Genome-wide genotyping array
2022-02-15	34424336	Mobuchon L	2021-08-23	J Natl Cancer Inst	www.ncbi.nlm.nih.gov/pubmed/34424336	Different Pigmentation Risk Loci for High-Risk Monosomy 3 and Low-Risk Disomy 3 Uveal Melanomas.	Uveal melanoma	1,142 European ancestry cases, 882 European ancestry controls	NA	6p25.3	6	396321		IRF4			ENSG00000137265			rs12203592-T	rs12203592	0	12203592	intron_variant	0	NR	4E-8	7.3979400086720375		1.76	[1.44-2.16]	Illumina [7488175] (imputed)	N	uveal melanoma	http://purl.obolibrary.org/obo/MONDO_0006486	GCST90094626	Genome-wide genotyping array
2022-02-15	34424336	Mobuchon L	2021-08-23	J Natl Cancer Inst	www.ncbi.nlm.nih.gov/pubmed/34424336	Different Pigmentation Risk Loci for High-Risk Monosomy 3 and Low-Risk Disomy 3 Uveal Melanomas.	Uveal melanoma	1,142 European ancestry cases, 882 European ancestry controls	NA	5p15.33	5	1331104		CLPTM1L			ENSG00000049656			rs370348-G	rs370348	0	370348	intron_variant	0	NR	1E-8	8.0		1.59	[1.35-1.86]	Illumina [7488175] (imputed)	N	uveal melanoma	http://purl.obolibrary.org/obo/MONDO_0006486	GCST90094626	Genome-wide genotyping array
2022-02-15	34424336	Mobuchon L	2021-08-23	J Natl Cancer Inst	www.ncbi.nlm.nih.gov/pubmed/34424336	Different Pigmentation Risk Loci for High-Risk Monosomy 3 and Low-Risk Disomy 3 Uveal Melanomas.	Uveal melanoma	1,142 European ancestry cases, 882 European ancestry controls	NA	2q21.2	2	134063569		RN7SKP93 - MGAT5	ENSG00000200708	ENSG00000152127		467170	56364	rs6733440-G	rs6733440	0	6733440	intergenic_variant	1	NR	6E-6	5.221848749616356		1.51	[1.26-1.81]	Illumina [7488175] (imputed)	N	uveal melanoma	http://purl.obolibrary.org/obo/MONDO_0006486	GCST90094626	Genome-wide genotyping array
2022-02-15	34424336	Mobuchon L	2021-08-23	J Natl Cancer Inst	www.ncbi.nlm.nih.gov/pubmed/34424336	Different Pigmentation Risk Loci for High-Risk Monosomy 3 and Low-Risk Disomy 3 Uveal Melanomas.	Uveal melanoma	1,142 European ancestry cases, 882 European ancestry controls	NA	5q22.3	5	114696728		LINC01957 - TRIM36	ENSG00000251542	ENSG00000152503		116758	428034	rs285902-A	rs285902	0	285902	intergenic_variant	1	NR	2E-6	5.698970004336019		0.65	[0.55-0.78]	Illumina [7488175] (imputed)	N	uveal melanoma	http://purl.obolibrary.org/obo/MONDO_0006486	GCST90094626	Genome-wide genotyping array
2022-02-15	34424336	Mobuchon L	2021-08-23	J Natl Cancer Inst	www.ncbi.nlm.nih.gov/pubmed/34424336	Different Pigmentation Risk Loci for High-Risk Monosomy 3 and Low-Risk Disomy 3 Uveal Melanomas.	Uveal melanoma	1,142 European ancestry cases, 882 European ancestry controls	NA	9p22.2	9	18258314		ADAMTSL1			ENSG00000178031			rs7846812-T	rs7846812	0	7846812	intergenic_variant	0	NR	8E-6	5.096910013008056		0.68	[0.57-0.81]	Illumina [7488175] (imputed)	N	uveal melanoma	http://purl.obolibrary.org/obo/MONDO_0006486	GCST90094626	Genome-wide genotyping array
2022-02-15	34424336	Mobuchon L	2021-08-23	J Natl Cancer Inst	www.ncbi.nlm.nih.gov/pubmed/34424336	Different Pigmentation Risk Loci for High-Risk Monosomy 3 and Low-Risk Disomy 3 Uveal Melanomas.	Uveal melanoma	1,142 European ancestry cases, 882 European ancestry controls	NA	9q22.33	9	98138500		CORO2A			ENSG00000106789			rs4743170-G	rs4743170	0	4743170	intron_variant	0	NR	4E-6	5.3979400086720375		1.47	[1.25-1.73]	Illumina [7488175] (imputed)	N	uveal melanoma	http://purl.obolibrary.org/obo/MONDO_0006486	GCST90094626	Genome-wide genotyping array
2022-02-15	34424336	Mobuchon L	2021-08-23	J Natl Cancer Inst	www.ncbi.nlm.nih.gov/pubmed/34424336	Different Pigmentation Risk Loci for High-Risk Monosomy 3 and Low-Risk Disomy 3 Uveal Melanomas.	Uveal melanoma	1,142 European ancestry cases, 882 European ancestry controls	NA	10q23.1	10	84598750		RPS3AP5 - LINC01519	ENSG00000178429	ENSG00000237267		37487	594668	rs2488636-G	rs2488636	0	2488636	intergenic_variant	1	NR	1E-6	6.0		1.52	[1.29-1.8]	Illumina [7488175] (imputed)	N	uveal melanoma	http://purl.obolibrary.org/obo/MONDO_0006486	GCST90094626	Genome-wide genotyping array
2022-02-15	34424336	Mobuchon L	2021-08-23	J Natl Cancer Inst	www.ncbi.nlm.nih.gov/pubmed/34424336	Different Pigmentation Risk Loci for High-Risk Monosomy 3 and Low-Risk Disomy 3 Uveal Melanomas.	Uveal melanoma	1,142 European ancestry cases, 882 European ancestry controls	NA	11q23.3	11	120053205		LINC02744 - TRIM29	ENSG00000254863	ENSG00000137699		58168	58081	rs142100881-G	rs142100881	0	142100881	intron_variant	1	NR	8E-6	5.096910013008056		0.16	[0.07-0.36]	Illumina [7488175] (imputed)	N	uveal melanoma	http://purl.obolibrary.org/obo/MONDO_0006486	GCST90094626	Genome-wide genotyping array
2022-02-15	34424336	Mobuchon L	2021-08-23	J Natl Cancer Inst	www.ncbi.nlm.nih.gov/pubmed/34424336	Different Pigmentation Risk Loci for High-Risk Monosomy 3 and Low-Risk Disomy 3 Uveal Melanomas.	Uveal melanoma	1,142 European ancestry cases, 882 European ancestry controls	NA	13q21.2	13	59396214		RPP40P2 - RNU7-88P	ENSG00000271190	ENSG00000239003		132823	83856	rs113515519-T	rs113515519	0	113515519	intergenic_variant	1	NR	6E-6	5.221848749616356		3.79	[2.13-6.74]	Illumina [7488175] (imputed)	N	uveal melanoma	http://purl.obolibrary.org/obo/MONDO_0006486	GCST90094626	Genome-wide genotyping array
2022-02-15	34424336	Mobuchon L	2021-08-23	J Natl Cancer Inst	www.ncbi.nlm.nih.gov/pubmed/34424336	Different Pigmentation Risk Loci for High-Risk Monosomy 3 and Low-Risk Disomy 3 Uveal Melanomas.	Uveal melanoma	1,142 European ancestry cases, 882 European ancestry controls	NA	18q22.1	18	67827215		DSEL-AS1			ENSG00000265533			rs17184817-G	rs17184817	0	17184817	intron_variant	0	NR	5E-6	5.301029995663981		2.52	[1.69-3.76]	Illumina [7488175] (imputed)	N	uveal melanoma	http://purl.obolibrary.org/obo/MONDO_0006486	GCST90094626	Genome-wide genotyping array
2022-02-15	34424336	Mobuchon L	2021-08-23	J Natl Cancer Inst	www.ncbi.nlm.nih.gov/pubmed/34424336	Different Pigmentation Risk Loci for High-Risk Monosomy 3 and Low-Risk Disomy 3 Uveal Melanomas.	Uveal melanoma	1,142 European ancestry cases, 882 European ancestry controls	NA	Xp22.11	X	22556380		PTCHD1-AS			ENSG00000233067			rs146125348-C	rs146125348	0	146125348	intron_variant	0	NR	5E-6	5.301029995663981		1.73	[1.37-2.19]	Illumina [7488175] (imputed)	N	uveal melanoma	http://purl.obolibrary.org/obo/MONDO_0006486	GCST90094626	Genome-wide genotyping array
2023-04-03	34648354	Pietzner M	2021-11-12	Science	www.ncbi.nlm.nih.gov/pubmed/34648354	Mapping the proteo-genomic convergence of human diseases.	Melanoma-associated antigen 8 levels	10,708 European ancestry individuals	NA	17q11.2	17	28367840		VTN, SARM1			ENSG00000109072, ENSG00000004139			rs704-A	rs704	0	704	missense_variant	0	0.47	3E-15	14.522878745280337		0.107	[0.08-0.134] unit increase	Affymetrix, Illumina [10200000] (imputed)	N	protein measurement	http://www.ebi.ac.uk/efo/EFO_0004747	GCST90248389	Genome-wide genotyping array
2023-04-03	34648354	Pietzner M	2021-11-12	Science	www.ncbi.nlm.nih.gov/pubmed/34648354	Mapping the proteo-genomic convergence of human diseases.	Melanoma-associated antigen 8 levels	10,708 European ancestry individuals	NA	1p13.3	1	109687165		GSTM2			ENSG00000213366			rs36209093-T	rs36209093	0	36209093	intergenic_variant	0	0.65	5E-17	16.30102999566398		0.141	[0.11-0.17] unit decrease	Affymetrix, Illumina [10200000] (imputed)	N	protein measurement	http://www.ebi.ac.uk/efo/EFO_0004747	GCST90248389	Genome-wide genotyping array
2023-04-03	34648354	Pietzner M	2021-11-12	Science	www.ncbi.nlm.nih.gov/pubmed/34648354	Mapping the proteo-genomic convergence of human diseases.	Melanoma-associated antigen B10 levels	10,708 European ancestry individuals	NA	1q31.3	1	196701627		CFH			ENSG00000000971			rs4658046-T	rs4658046	0	4658046	intron_variant	0	0.61	4E-42	41.39794000867204		0.187	[0.16-0.21] unit decrease	Affymetrix, Illumina [10200000] (imputed)	N	melanoma-associated antigen B10 measurement	http://www.ebi.ac.uk/efo/EFO_0802735	GCST90248390	Genome-wide genotyping array
2023-04-03	34648354	Pietzner M	2021-11-12	Science	www.ncbi.nlm.nih.gov/pubmed/34648354	Mapping the proteo-genomic convergence of human diseases.	Melanoma-associated antigen 10 levels	10,708 European ancestry individuals	NA	10p15.2	10	3060187		PFKP-DT			ENSG00000273001			rs11251684-C	rs11251684	0	11251684	intron_variant	0	0.18	1E-176	176.0		0.479	[0.45-0.51] unit decrease	Affymetrix, Illumina [10200000] (imputed)	N	melanoma-associated antigen 10 measurement	http://www.ebi.ac.uk/efo/EFO_0801793	GCST90248391	Genome-wide genotyping array
2023-04-03	34648354	Pietzner M	2021-11-12	Science	www.ncbi.nlm.nih.gov/pubmed/34648354	Mapping the proteo-genomic convergence of human diseases.	Melanoma-associated antigen 10 levels	10,708 European ancestry individuals	NA	10p15.3	10	2935187		LINC02645 - PFKP-DT	ENSG00000234170	ENSG00000273001		432987	117306	rs7095637-T	rs7095637	0	7095637	intergenic_variant	1	0.51	2E-86	85.69897000433602		0.26	[0.23-0.29] unit increase	Affymetrix, Illumina [10200000] (imputed)	N	melanoma-associated antigen 10 measurement	http://www.ebi.ac.uk/efo/EFO_0801793	GCST90248391	Genome-wide genotyping array
2023-04-03	34648354	Pietzner M	2021-11-12	Science	www.ncbi.nlm.nih.gov/pubmed/34648354	Mapping the proteo-genomic convergence of human diseases.	Melanoma-associated antigen 10 levels	10,708 European ancestry individuals	NA	10p15.2	10	3047022		LINC02645 - PFKP-DT	ENSG00000234170	ENSG00000273001		544822	5471	rs202037989-?	rs202037989	0	202037989	non_coding_transcript_exon_variant	1	0.14	4E-78	77.39794000867204		0.382	[0.34-0.42] unit increase	Affymetrix, Illumina [10200000] (imputed)	N	melanoma-associated antigen 10 measurement	http://www.ebi.ac.uk/efo/EFO_0801793	GCST90248391	Genome-wide genotyping array
2023-04-03	34648354	Pietzner M	2021-11-12	Science	www.ncbi.nlm.nih.gov/pubmed/34648354	Mapping the proteo-genomic convergence of human diseases.	Melanoma-associated antigen 10 levels	10,708 European ancestry individuals	NA	17q24.2	17	66228657		APOH			ENSG00000091583			rs8178824-T	rs8178824	0	8178824	intron_variant	0	0.03	5E-22	21.30102999566398		0.389	[0.31-0.47] unit increase	Affymetrix, Illumina [10200000] (imputed)	N	melanoma-associated antigen 10 measurement	http://www.ebi.ac.uk/efo/EFO_0801793	GCST90248391	Genome-wide genotyping array
2023-04-03	34648354	Pietzner M	2021-11-12	Science	www.ncbi.nlm.nih.gov/pubmed/34648354	Mapping the proteo-genomic convergence of human diseases.	Melanoma-associated antigen 10 levels	10,708 European ancestry individuals	NA	10p15.2	10	3096996		PFKP			ENSG00000067057			rs566372607-T	rs566372607	0	566372607	intron_variant	0	0.38	8E-242	241.09691001300806		0.447	[0.42-0.47] unit increase	Affymetrix, Illumina [10200000] (imputed)	N	melanoma-associated antigen 10 measurement	http://www.ebi.ac.uk/efo/EFO_0801793	GCST90248391	Genome-wide genotyping array
2023-04-03	34648354	Pietzner M	2021-11-12	Science	www.ncbi.nlm.nih.gov/pubmed/34648354	Mapping the proteo-genomic convergence of human diseases.	Melanoma-associated antigen 3 levels	10,708 European ancestry individuals	NA	14q32.13	14	94380925		SERPINA1			ENSG00000197249			rs17580-A	rs17580	0	17580	missense_variant	0	0.05	7E-97	96.15490195998575		0.652	[0.59-0.71] unit increase	Affymetrix, Illumina [10200000] (imputed)	N	melanoma-associated antigen 3 measurement	http://www.ebi.ac.uk/efo/EFO_0801794	GCST90248392	Genome-wide genotyping array
2023-04-03	34648354	Pietzner M	2021-11-12	Science	www.ncbi.nlm.nih.gov/pubmed/34648354	Mapping the proteo-genomic convergence of human diseases.	Melanoma-associated antigen 3 levels	10,708 European ancestry individuals	NA	19q13.32	19	44945208		APOC4-APOC2, APOC4			ENSG00000224916, ENSG00000267467			rs5167-T	rs5167	0	5167	missense_variant	0	0.65	2E-253	252.69897000433602		0.454	[0.43-0.48] unit decrease	Affymetrix, Illumina [10200000] (imputed)	N	melanoma-associated antigen 3 measurement	http://www.ebi.ac.uk/efo/EFO_0801794	GCST90248392	Genome-wide genotyping array
2023-04-03	34648354	Pietzner M	2021-11-12	Science	www.ncbi.nlm.nih.gov/pubmed/34648354	Mapping the proteo-genomic convergence of human diseases.	Melanoma-associated antigen 3 levels	10,708 European ancestry individuals	NA	14q32.13	14	94378610		SERPINA1			ENSG00000197249			rs28929474-T	rs28929474	0	28929474	missense_variant	0	0.02	4E-29	28.397940008672037		0.53	[0.44-0.62] unit increase	Affymetrix, Illumina [10200000] (imputed)	N	melanoma-associated antigen 3 measurement	http://www.ebi.ac.uk/efo/EFO_0801794	GCST90248392	Genome-wide genotyping array
2023-04-03	34648354	Pietzner M	2021-11-12	Science	www.ncbi.nlm.nih.gov/pubmed/34648354	Mapping the proteo-genomic convergence of human diseases.	Melanoma-associated antigen 5 levels	10,708 European ancestry individuals	NA	6p21.33	6	31966595		SKIC2			ENSG00000204351			rs454212-T	rs454212	0	454212	intron_variant	0	0.14	8E-37	36.096910013008056		0.245	[0.21-0.28] unit increase	Affymetrix, Illumina [10200000] (imputed)	N	protein measurement	http://www.ebi.ac.uk/efo/EFO_0004747	GCST90248393	Genome-wide genotyping array
2023-04-03	34648354	Pietzner M	2021-11-12	Science	www.ncbi.nlm.nih.gov/pubmed/34648354	Mapping the proteo-genomic convergence of human diseases.	Melanoma-associated antigen 5 levels	10,708 European ancestry individuals	NA	1q31.3	1	196696914		CFH			ENSG00000000971			rs76258507-T	rs76258507	0	76258507	intron_variant	0	0.39	2E-154	153.69897000433602		0.351	[0.33-0.38] unit increase	Affymetrix, Illumina [10200000] (imputed)	N	protein measurement	http://www.ebi.ac.uk/efo/EFO_0004747	GCST90248393	Genome-wide genotyping array
2023-04-03	34648354	Pietzner M	2021-11-12	Science	www.ncbi.nlm.nih.gov/pubmed/34648354	Mapping the proteo-genomic convergence of human diseases.	Melanoma-associated antigen 5 levels	10,708 European ancestry individuals	NA	3q26.1	3	165777355		LINC01322, BCHE			ENSG00000244128, ENSG00000114200			rs71674639-?	rs71674639	0	71674639	intron_variant	0	0.21	2E-26	25.69897000433602		0.175	[0.14-0.21] unit increase	Affymetrix, Illumina [10200000] (imputed)	N	protein measurement	http://www.ebi.ac.uk/efo/EFO_0004747	GCST90248393	Genome-wide genotyping array
2023-04-03	34648354	Pietzner M	2021-11-12	Science	www.ncbi.nlm.nih.gov/pubmed/34648354	Mapping the proteo-genomic convergence of human diseases.	Melanoma-associated antigen 5 levels	10,708 European ancestry individuals	NA	19p13.3	19	886743		MED16			ENSG00000175221			rs35267984-T	rs35267984	0	35267984	intron_variant	0	0.01	3E-19	18.522878745280337		0.625	[0.49-0.76] unit decrease	Affymetrix, Illumina [10200000] (imputed)	N	protein measurement	http://www.ebi.ac.uk/efo/EFO_0004747	GCST90248393	Genome-wide genotyping array
2023-04-03	34648354	Pietzner M	2021-11-12	Science	www.ncbi.nlm.nih.gov/pubmed/34648354	Mapping the proteo-genomic convergence of human diseases.	Melanoma-associated antigen 6 levels	10,708 European ancestry individuals	NA	1q31.3	1	196699231		CFH			ENSG00000000971			rs34813609-?	rs34813609	0	34813609	intron_variant	0	0.61	7E-48	47.15490195998574		0.199	[0.17-0.23] unit decrease	Affymetrix, Illumina [10200000] (imputed)	N	protein measurement	http://www.ebi.ac.uk/efo/EFO_0004747	GCST90248394	Genome-wide genotyping array
2023-04-03	34648354	Pietzner M	2021-11-12	Science	www.ncbi.nlm.nih.gov/pubmed/34648354	Mapping the proteo-genomic convergence of human diseases.	Melanoma-associated antigen 6 levels	10,708 European ancestry individuals	NA	17q11.2	17	28367840		VTN, SARM1			ENSG00000109072, ENSG00000004139			rs704-A	rs704	0	704	missense_variant	0	0.47	4E-32	31.397940008672037		0.16	[0.13-0.19] unit increase	Affymetrix, Illumina [10200000] (imputed)	N	protein measurement	http://www.ebi.ac.uk/efo/EFO_0004747	GCST90248394	Genome-wide genotyping array
2023-04-03	34648354	Pietzner M	2021-11-12	Science	www.ncbi.nlm.nih.gov/pubmed/34648354	Mapping the proteo-genomic convergence of human diseases.	Melanoma-associated antigen 6 levels	10,708 European ancestry individuals	NA	3q26.1	3	165804057		LINC01322, BCHE			ENSG00000244128, ENSG00000114200			rs11447348-?	rs11447348	0	11447348	intron_variant	0	0.31	6E-21	20.221848749616356		0.138	[0.11-0.17] unit increase	Affymetrix, Illumina [10200000] (imputed)	N	protein measurement	http://www.ebi.ac.uk/efo/EFO_0004747	GCST90248394	Genome-wide genotyping array
2023-04-03	34648354	Pietzner M	2021-11-12	Science	www.ncbi.nlm.nih.gov/pubmed/34648354	Mapping the proteo-genomic convergence of human diseases.	Melanoma-associated antigen 6 levels	10,708 European ancestry individuals	NA											chr6:31904729-?	chr6:31904729	0			1	0.1	1E-14	14.0		0.176	[0.13-0.22] unit increase	Affymetrix, Illumina [10200000] (imputed)	N	protein measurement	http://www.ebi.ac.uk/efo/EFO_0004747	GCST90248394	Genome-wide genotyping array
2022-10-24	36168886	Thareja G	2022-09-28	Hum Mol Genet	www.ncbi.nlm.nih.gov/pubmed/36168886	Differences and commonalities in the genetic architecture of protein quantitative trait loci in European and Arab populations.	melanoma-derived growth regulatory protein levels	2,935 Qatari ancestry individuals	NA	19q13.2	19	40777460		MIA-RAB4B, MIA			ENSG00000268975, ENSG00000261857			rs2233159-C	rs2233159	0	2233159	3_prime_UTR_variant	0	0.0638842	6E-94	93.22184874961636		1.13517	[1.03-1.24] unit increase	NR [10004359]	N	melanoma-derived growth regulatory protein  level	http://purl.obolibrary.org/obo/OBA_2050157	GCST90161429	Genome-wide sequencing
2022-10-24	36168886	Thareja G	2022-09-28	Hum Mol Genet	www.ncbi.nlm.nih.gov/pubmed/36168886	Differences and commonalities in the genetic architecture of protein quantitative trait loci in European and Arab populations.	melanoma-derived growth regulatory protein levels	2,935 Qatari ancestry individuals	NA	19q13.2	19	40779611		RAB4B-EGLN2, MIA-RAB4B, RAB4B			ENSG00000171570, ENSG00000268975, ENSG00000167578			rs3875145-C	rs3875145	0	3875145	intron_variant	0	0.432709	5E-31	30.30102999566398		0.31477	[0.26-0.37] unit increase	NR [10004359]	N	melanoma-derived growth regulatory protein  level	http://purl.obolibrary.org/obo/OBA_2050157	GCST90161429	Genome-wide sequencing
2022-10-24	36168886	Thareja G	2022-09-28	Hum Mol Genet	www.ncbi.nlm.nih.gov/pubmed/36168886	Differences and commonalities in the genetic architecture of protein quantitative trait loci in European and Arab populations.	melanoma-derived growth regulatory protein levels	2,935 Qatari ancestry individuals	NA											chr19:41147134-CTT	chr19:41147134	0			1	0.187189	1E-14	14.0		0.281501	[0.21-0.35] unit increase	NR [10004359]	N	melanoma-derived growth regulatory protein  level	http://purl.obolibrary.org/obo/OBA_2050157	GCST90161429	Genome-wide sequencing
2022-10-24	36168886	Thareja G	2022-09-28	Hum Mol Genet	www.ncbi.nlm.nih.gov/pubmed/36168886	Differences and commonalities in the genetic architecture of protein quantitative trait loci in European and Arab populations.	melanoma-derived growth regulatory protein levels	2,935 Qatari ancestry individuals	NA	19q13.2	19	40693873		COQ8B			ENSG00000123815			rs77595071-CT	rs77595071	0	77595071	intron_variant	0	0.0793786	3E-12	11.522878745280337		0.35107	[0.25-0.45] unit increase	NR [10004359]	N	melanoma-derived growth regulatory protein  level	http://purl.obolibrary.org/obo/OBA_2050157	GCST90161429	Genome-wide sequencing
2022-10-24	36168886	Thareja G	2022-09-28	Hum Mol Genet	www.ncbi.nlm.nih.gov/pubmed/36168886	Differences and commonalities in the genetic architecture of protein quantitative trait loci in European and Arab populations.	melanoma-derived growth regulatory protein levels	2,935 Qatari ancestry individuals	NA	19q13.2	19	40658913		LTBP4 - NUMBL	ENSG00000090006	ENSG00000105245		29092	6992	rs7258709-C	rs7258709	0	7258709	intergenic_variant	1	0.394889	2E-11	10.698970004336019		0.187768	[0.13-0.24] unit increase	NR [10004359]	N	melanoma-derived growth regulatory protein  level	http://purl.obolibrary.org/obo/OBA_2050157	GCST90161429	Genome-wide sequencing
2022-10-24	36168886	Thareja G	2022-09-28	Hum Mol Genet	www.ncbi.nlm.nih.gov/pubmed/36168886	Differences and commonalities in the genetic architecture of protein quantitative trait loci in European and Arab populations.	melanoma-derived growth regulatory protein levels	2,935 Qatari ancestry individuals	NA	19q13.2	19	40752476		SNRPA			ENSG00000077312			rs112046926-C	rs112046926	0	112046926	intron_variant	0	0.0122658	2E-18	17.69897000433602		1.06827	[0.83-1.31] unit increase	NR [10004359]	N	melanoma-derived growth regulatory protein  level	http://purl.obolibrary.org/obo/OBA_2050157	GCST90161429	Genome-wide sequencing
2023-08-23	36085083	Johnson R	2022-09-09	Genome Med	www.ncbi.nlm.nih.gov/pubmed/36085083	Leveraging genomic diversity for discovery in an electronic health record linked biobank: the UCLA ATLAS Community Health Initiative.	Skin cancer	4,583 European American ancestry cases, 17,603 European American ancestry controls	NA											chr16:90000776-A	chr16:90000776	0			1	NR	2E-8	7.698970004336019		0.2707	[0.1761-0.3653] unit increase	Illumina [6017985] (imputed)	N	skin neoplasm	http://purl.obolibrary.org/obo/MONDO_0002531	GCST90128457	Genome-wide genotyping array
2023-08-23	36085083	Johnson R	2022-09-09	Genome Med	www.ncbi.nlm.nih.gov/pubmed/36085083	Leveraging genomic diversity for discovery in an electronic health record linked biobank: the UCLA ATLAS Community Health Initiative.	Skin cancer	4,583 European American ancestry cases, 17,603 European American ancestry controls	NA											chr20:33480139-G	chr20:33480139	0			1	NR	3E-11	10.522878745280337		0.3511	[0.248-0.4543] unit increase	Illumina [6017985] (imputed)	N	skin neoplasm	http://purl.obolibrary.org/obo/MONDO_0002531	GCST90128457	Genome-wide genotyping array
2023-08-23	36085083	Johnson R	2022-09-09	Genome Med	www.ncbi.nlm.nih.gov/pubmed/36085083	Leveraging genomic diversity for discovery in an electronic health record linked biobank: the UCLA ATLAS Community Health Initiative.	Skin cancer	4,583 European American ancestry cases, 17,603 European American ancestry controls	NA											chr20:33592374-A	chr20:33592374	0			1	NR	2E-11	10.698970004336019		0.3479	[0.2467-0.4492] unit increase	Illumina [6017985] (imputed)	N	skin neoplasm	http://purl.obolibrary.org/obo/MONDO_0002531	GCST90128457	Genome-wide genotyping array
2023-08-23	36085083	Johnson R	2022-09-09	Genome Med	www.ncbi.nlm.nih.gov/pubmed/36085083	Leveraging genomic diversity for discovery in an electronic health record linked biobank: the UCLA ATLAS Community Health Initiative.	Skin cancer	4,583 European American ancestry cases, 17,603 European American ancestry controls	NA											chr20:33699179-A	chr20:33699179	0			1	NR	5E-11	10.301029995663981		0.3436	[0.241-0.4463] unit increase	Illumina [6017985] (imputed)	N	skin neoplasm	http://purl.obolibrary.org/obo/MONDO_0002531	GCST90128457	Genome-wide genotyping array
2023-08-23	36085083	Johnson R	2022-09-09	Genome Med	www.ncbi.nlm.nih.gov/pubmed/36085083	Leveraging genomic diversity for discovery in an electronic health record linked biobank: the UCLA ATLAS Community Health Initiative.	Skin cancer	4,583 European American ancestry cases, 17,603 European American ancestry controls	NA											chr20:33809750-T	chr20:33809750	0			1	NR	3E-12	11.522878745280337		0.34	[0.2442-0.4358] unit increase	Illumina [6017985] (imputed)	N	skin neoplasm	http://purl.obolibrary.org/obo/MONDO_0002531	GCST90128457	Genome-wide genotyping array
2023-08-23	36085083	Johnson R	2022-09-09	Genome Med	www.ncbi.nlm.nih.gov/pubmed/36085083	Leveraging genomic diversity for discovery in an electronic health record linked biobank: the UCLA ATLAS Community Health Initiative.	Skin cancer	4,583 European American ancestry cases, 17,603 European American ancestry controls	NA											chr20:33950585-C	chr20:33950585	0			1	NR	9E-14	13.045757490560675		0.3752	[0.2765-0.4739] unit increase	Illumina [6017985] (imputed)	N	skin neoplasm	http://purl.obolibrary.org/obo/MONDO_0002531	GCST90128457	Genome-wide genotyping array
2023-08-23	36085083	Johnson R	2022-09-09	Genome Med	www.ncbi.nlm.nih.gov/pubmed/36085083	Leveraging genomic diversity for discovery in an electronic health record linked biobank: the UCLA ATLAS Community Health Initiative.	Skin cancer	4,583 European American ancestry cases, 17,603 European American ancestry controls	NA											chr20:34077942-A	chr20:34077942	0			1	NR	2E-12	11.698970004336019		0.3509	[0.2534-0.4484] unit increase	Illumina [6017985] (imputed)	N	skin neoplasm	http://purl.obolibrary.org/obo/MONDO_0002531	GCST90128457	Genome-wide genotyping array
2023-08-23	36085083	Johnson R	2022-09-09	Genome Med	www.ncbi.nlm.nih.gov/pubmed/36085083	Leveraging genomic diversity for discovery in an electronic health record linked biobank: the UCLA ATLAS Community Health Initiative.	Skin cancer	4,583 European American ancestry cases, 17,603 European American ancestry controls	NA											chr20:34576711-A	chr20:34576711	0			1	NR	1E-11	11.0		0.3476	[0.2473-0.4479] unit increase	Illumina [6017985] (imputed)	N	skin neoplasm	http://purl.obolibrary.org/obo/MONDO_0002531	GCST90128457	Genome-wide genotyping array
2023-08-23	36085083	Johnson R	2022-09-09	Genome Med	www.ncbi.nlm.nih.gov/pubmed/36085083	Leveraging genomic diversity for discovery in an electronic health record linked biobank: the UCLA ATLAS Community Health Initiative.	Skin cancer	4,583 European American ancestry cases, 17,603 European American ancestry controls	NA											chr20:34801857-C	chr20:34801857	0			1	NR	5E-12	11.301029995663981		0.352	[0.2519-0.452] unit increase	Illumina [6017985] (imputed)	N	skin neoplasm	http://purl.obolibrary.org/obo/MONDO_0002531	GCST90128457	Genome-wide genotyping array
2023-08-23	36085083	Johnson R	2022-09-09	Genome Med	www.ncbi.nlm.nih.gov/pubmed/36085083	Leveraging genomic diversity for discovery in an electronic health record linked biobank: the UCLA ATLAS Community Health Initiative.	Skin cancer	4,583 European American ancestry cases, 17,603 European American ancestry controls	NA											chr20:35074934-C	chr20:35074934	0			1	NR	4E-11	10.397940008672037		0.3226	[0.2268-0.4183] unit increase	Illumina [6017985] (imputed)	N	skin neoplasm	http://purl.obolibrary.org/obo/MONDO_0002531	GCST90128457	Genome-wide genotyping array
2023-08-23	36085083	Johnson R	2022-09-09	Genome Med	www.ncbi.nlm.nih.gov/pubmed/36085083	Leveraging genomic diversity for discovery in an electronic health record linked biobank: the UCLA ATLAS Community Health Initiative.	Skin cancer	4,583 European American ancestry cases, 17,603 European American ancestry controls	NA											chr20:35356094-A	chr20:35356094	0			1	NR	1E-8	8.0		0.3033	[0.1986-0.4081] unit increase	Illumina [6017985] (imputed)	N	skin neoplasm	http://purl.obolibrary.org/obo/MONDO_0002531	GCST90128457	Genome-wide genotyping array
2023-08-23	36085083	Johnson R	2022-09-09	Genome Med	www.ncbi.nlm.nih.gov/pubmed/36085083	Leveraging genomic diversity for discovery in an electronic health record linked biobank: the UCLA ATLAS Community Health Initiative.	Skin cancer	4,583 European American ancestry cases, 17,603 European American ancestry controls	NA											chr5:179452143-A	chr5:179452143	0			1	NR	7E-9	8.154901959985743		0.1983	[0.1311-0.2655] unit increase	Illumina [6017985] (imputed)	N	skin neoplasm	http://purl.obolibrary.org/obo/MONDO_0002531	GCST90128457	Genome-wide genotyping array
2023-08-23	36085083	Johnson R	2022-09-09	Genome Med	www.ncbi.nlm.nih.gov/pubmed/36085083	Leveraging genomic diversity for discovery in an electronic health record linked biobank: the UCLA ATLAS Community Health Initiative.	Skin cancer	4,583 European American ancestry cases, 17,603 European American ancestry controls	NA											chr5:33967850-C	chr5:33967850	0			1	NR	6E-9	8.221848749616356		0.5982	[-0.8--0.3964] unit decrease	Illumina [6017985] (imputed)	N	skin neoplasm	http://purl.obolibrary.org/obo/MONDO_0002531	GCST90128457	Genome-wide genotyping array
2023-08-23	36085083	Johnson R	2022-09-09	Genome Med	www.ncbi.nlm.nih.gov/pubmed/36085083	Leveraging genomic diversity for discovery in an electronic health record linked biobank: the UCLA ATLAS Community Health Initiative.	Skin cancer	4,583 European American ancestry cases, 17,603 European American ancestry controls	NA											chr6:396321-T	chr6:396321	0			1	NR	7E-31	30.154901959985743		0.3787	[0.3144-0.4429] unit increase	Illumina [6017985] (imputed)	N	skin neoplasm	http://purl.obolibrary.org/obo/MONDO_0002531	GCST90128457	Genome-wide genotyping array
2022-08-16	35626014	Pflugfelder A	2022-05-13	Cancers (Basel)	www.ncbi.nlm.nih.gov/pubmed/35626014	Genome-Wide Association Study Suggests the Variant rs7551288*A within the <i>DHCR24</i> Gene Is Associated with Poor Overall Survival in Melanoma Patients.	Survival in melanoma	556 European ancestry individuals	NA	1p32.3	1	54873006		DHCR24			ENSG00000116133			rs7551288-?	rs7551288	0	7551288	intron_variant	0	NR	2E-6	5.698970004336019				Illumina [356384]	N	survival time, melanoma	http://www.ebi.ac.uk/efo/EFO_0000714, http://purl.obolibrary.org/obo/MONDO_0005105	GCST90132200	Genome-wide genotyping array
2022-09-23	36064556	Seviiri M	2022-09-05	J Transl Med	www.ncbi.nlm.nih.gov/pubmed/36064556	Higher polygenic risk for melanoma is associated with improved survival in a high ultraviolet radiation setting.	Melanoma specific survival	10,982 European ancestry individuals	1,947 European ancestry individuals	1q42.13	1	226890808		PSEN2			ENSG00000143801			rs41309643-G	rs41309643	0	41309643	intron_variant	0	0.018	3E-7	6.522878745280337		1.83	[1.45-2.3]	Affymetrix [NR] (imputed)	N	survival time, melanoma	http://www.ebi.ac.uk/efo/EFO_0000714, http://purl.obolibrary.org/obo/MONDO_0005105	GCST90137504	Genome-wide genotyping array
2022-09-23	36064556	Seviiri M	2022-09-05	J Transl Med	www.ncbi.nlm.nih.gov/pubmed/36064556	Higher polygenic risk for melanoma is associated with improved survival in a high ultraviolet radiation setting.	Melanoma specific survival	10,982 European ancestry individuals	1,947 European ancestry individuals	7p14.1	7	40668402		SUGCT			ENSG00000175600			rs75682113-C	rs75682113	0	75682113	intron_variant	0	0.02	2E-8	7.698970004336019		2.23	[1.68-2.95]	Affymetrix [NR] (imputed)	N	survival time, melanoma	http://www.ebi.ac.uk/efo/EFO_0000714, http://purl.obolibrary.org/obo/MONDO_0005105	GCST90137504	Genome-wide genotyping array
2024-08-30	38565889	Kalnapenkis A	2024-04-02	Sci Rep	www.ncbi.nlm.nih.gov/pubmed/38565889	Genetic determinants of plasma protein levels in the Estonian population.	MIA protein levels	488 European ancestry individuals	NA	19q13.2	19	40757498		SNRPA			ENSG00000077312			rs2230694-G	rs2230694	0	2230694	missense_variant	0	NR	4E-36	35.39794000867204		1.163	[1-1.33] unit increase	NR [8856032]	N	melanoma-derived growth regulatory protein  level	http://purl.obolibrary.org/obo/OBA_2050157	GCST90277875	Genome-wide sequencing
2024-08-30	38565889	Kalnapenkis A	2024-04-02	Sci Rep	www.ncbi.nlm.nih.gov/pubmed/38565889	Genetic determinants of plasma protein levels in the Estonian population.	MIA protein levels	488 European ancestry individuals	NA	19q13.2	19	40785214		MIA-RAB4B, RAB4B, RAB4B-EGLN2			ENSG00000268975, ENSG00000167578, ENSG00000171570			rs17726276-A	rs17726276	0	17726276	intron_variant	0	NR	2E-8	7.698970004336019		0.308	[0.2-0.41] unit decrease	NR [8856032]	N	melanoma-derived growth regulatory protein  level	http://purl.obolibrary.org/obo/OBA_2050157	GCST90277875	Genome-wide sequencing
2024-08-30	38565889	Kalnapenkis A	2024-04-02	Sci Rep	www.ncbi.nlm.nih.gov/pubmed/38565889	Genetic determinants of plasma protein levels in the Estonian population.	MIA protein levels	488 European ancestry individuals	NA	15q24.1	15	74860139		SCAMP2			ENSG00000140497			rs78940327-A	rs78940327	0	78940327	intron_variant	0	NR	3E-8	7.522878745280337		0.713	[0.47-0.96] unit increase	NR [8856032]	N	melanoma-derived growth regulatory protein  level	http://purl.obolibrary.org/obo/OBA_2050157	GCST90277875	Genome-wide sequencing
2024-08-30	38565889	Kalnapenkis A	2024-04-02	Sci Rep	www.ncbi.nlm.nih.gov/pubmed/38565889	Genetic determinants of plasma protein levels in the Estonian population.	MIA protein levels	488 European ancestry individuals	NA	3q23	3	139977367		CLSTN2			ENSG00000158258			rs6791621-G	rs6791621	0	6791621	intron_variant	0	NR	2E-8	7.698970004336019		0.3318	[0.22-0.45] unit decrease	NR [8856032]	N	melanoma-derived growth regulatory protein  level	http://purl.obolibrary.org/obo/OBA_2050157	GCST90277875	Genome-wide sequencing
2021-02-18	33410475	Mangantig E	2021-01-01	Hum Mol Genet	www.ncbi.nlm.nih.gov/pubmed/33410475	Germline variants are associated with increased primary melanoma tumor thickness at diagnosis.	Breslow thickness in cutaneous melanoma	8,505 European ancestry individuals	NA	11p13	11	35997475		RPL12P31, LDLRAD3			ENSG00000241228, ENSG00000179241			rs183471242-A	rs183471242	0	183471242	non_coding_transcript_exon_variant	0	0.0098	4E-9	8.397940008672037		0.353	unit increase	Illumina [13517544] (imputed)	N	Breslow thickness	http://www.ebi.ac.uk/efo/EFO_0004955	GCST011123	Genome-wide genotyping array
2021-07-27	33409738	Abdel-Wahab N	2021-01-07	Cancer Immunol Immunother	www.ncbi.nlm.nih.gov/pubmed/33409738	Genetic determinants of immune-related adverse events in patients with melanoma receiving immune checkpoint inhibitors.	Response to immune checkpoint inhibitors in melanoma (immune-related adverse events)	43 European ancestry cases, 1 case, 42 European ancestry controls, 1 African ancestry control, 2 controls	NA	3p14.1	3	65112627	LOC105377125	ADAMTS9-AS2 - LINC02040	ENSG00000241684	ENSG00000243149		50735	62289	rs11711517-G	rs11711517	0	11711517	intron_variant	1	NR	2E-6	5.698970004336019		0.1632	[0.07279-0.3658]	Illumina [599931]	N	response to immune checkpoint inhibitor, immune system toxicity	http://www.ebi.ac.uk/efo/EFO_0600023, http://www.ebi.ac.uk/efo/EFO_0011053	GCST012118	Genome-wide genotyping array
2021-07-27	33409738	Abdel-Wahab N	2021-01-07	Cancer Immunol Immunother	www.ncbi.nlm.nih.gov/pubmed/33409738	Genetic determinants of immune-related adverse events in patients with melanoma receiving immune checkpoint inhibitors.	Response to immune checkpoint inhibitors in melanoma (immune-related adverse events)	43 European ancestry cases, 1 case, 42 European ancestry controls, 1 African ancestry control, 2 controls	NA	5q35.1	5	170218232	GABRP	LINC01187 - C5orf58	ENSG00000249601	ENSG00000234511		19091	10872	rs11743438-A	rs11743438	0	11743438	intergenic_variant	1	NR	6E-6	5.221848749616356		4.281	[2.286-8.016]	Illumina [599931]	N	response to immune checkpoint inhibitor, immune system toxicity	http://www.ebi.ac.uk/efo/EFO_0600023, http://www.ebi.ac.uk/efo/EFO_0011053	GCST012118	Genome-wide genotyping array
2021-07-27	33409738	Abdel-Wahab N	2021-01-07	Cancer Immunol Immunother	www.ncbi.nlm.nih.gov/pubmed/33409738	Genetic determinants of immune-related adverse events in patients with melanoma receiving immune checkpoint inhibitors.	Response to immune checkpoint inhibitors in melanoma (immune-related adverse events)	43 European ancestry cases, 1 case, 42 European ancestry controls, 1 African ancestry control, 2 controls	NA				DSC2							chr20.57183980-A	chr20.57183980	0			1	NR	9E-6	5.045757490560675		6.881	[2.688-17.62]	Illumina [599931]	N	response to immune checkpoint inhibitor, immune system toxicity	http://www.ebi.ac.uk/efo/EFO_0600023, http://www.ebi.ac.uk/efo/EFO_0011053	GCST012118	Genome-wide genotyping array
2021-07-27	33409738	Abdel-Wahab N	2021-01-07	Cancer Immunol Immunother	www.ncbi.nlm.nih.gov/pubmed/33409738	Genetic determinants of immune-related adverse events in patients with melanoma receiving immune checkpoint inhibitors.	Response to immune checkpoint inhibitors in melanoma (immune-related adverse events)	43 European ancestry cases, 1 case, 42 European ancestry controls, 1 African ancestry control, 2 controls	NA				NR							chr15.93602126-A	chr15.93602126	0			1	NR	9E-6	5.045757490560675		0.2397	[0.1259-0.4561]	Illumina [599931]	N	response to immune checkpoint inhibitor, immune system toxicity	http://www.ebi.ac.uk/efo/EFO_0600023, http://www.ebi.ac.uk/efo/EFO_0011053	GCST012118	Genome-wide genotyping array
2021-12-14	34594039	Sakaue S	2021-09-30	Nat Genet	www.ncbi.nlm.nih.gov/pubmed/34594039	A cross-population atlas of genetic associations for 220 human phenotypes.	Skin cancer	154 East Asian ancestry cases, 178,572 East Asian ancestry controls	NA	11q13.4	11	70813600		SHANK2			ENSG00000162105			rs553341619-C	rs553341619	0	553341619	intron_variant	0	2.62837E-4	5E-8	7.301029995663981		73.04878	[46.87-99.23] unit increase	Illumina [13429980] (imputed)	N	skin neoplasm	http://purl.obolibrary.org/obo/MONDO_0002531	GCST90018701	Genome-wide genotyping array
2022-11-11	34239129	Yang C	2021-07-08	Nat Neurosci	www.ncbi.nlm.nih.gov/pubmed/34239129	Genomic atlas of the proteome from brain, CSF and plasma prioritizes proteins implicated in neurological disorders.	MIA level (CSF)	835 European ancestry individuals	NA											chr19:41271104-?	chr19:41271104	0			1	NR	4E-10	9.397940008672037		0.0799671	unit increase	Illumina [14059245] (imputed)	N	melanoma-derived growth regulatory protein  level	http://purl.obolibrary.org/obo/OBA_2050157	GCST90225738	Genome-wide genotyping array
2026-04-22	34662886	Backman JD	2021-10-18	Nature	www.ncbi.nlm.nih.gov/pubmed/34662886	Exome sequencing and analysis of 454,787 UK Biobank participants.	Malignant melanoma of skin (UKB data field 40006)	3,349 European ancestry cases, 70,881 European ancestry controls	NA											chr3:69964940-A	chr3:69964940	0			1	0.0048	3E-12	11.522878745280337		2.645	[2.014-3.472]	Affymetrix, Illumina [141236]	N	cutaneous melanoma	http://purl.obolibrary.org/obo/MONDO_0005012	GCST90079092	Genome-wide genotyping array, Exome-wide sequencing [UK Biobank/UK BiLEVE Axiom Array]
2022-03-02	34724200	Marley AR	2021-11-01	Int J Cancer	www.ncbi.nlm.nih.gov/pubmed/34724200	Citrus-Gene interaction and melanoma risk in the UK Biobank.	Melanoma x citrus consumption interaction (2df)	1,563 European ancestry cases, 193,296 European ancestry controls	NA	3p13	3	69901300		MITF			ENSG00000187098			rs183783391-T	rs183783391	0	183783391	intron_variant	0	0.013	4E-8	7.3979400086720375				Affymetrix [9981017] (imputed)	N	melanoma, citrus intake measurement	http://purl.obolibrary.org/obo/MONDO_0005105, http://www.ebi.ac.uk/efo/EFO_0020897	GCST90094985	Genome-wide genotyping array
2022-03-02	34724200	Marley AR	2021-11-01	Int J Cancer	www.ncbi.nlm.nih.gov/pubmed/34724200	Citrus-Gene interaction and melanoma risk in the UK Biobank.	Melanoma x citrus consumption interaction (2df)	1,563 European ancestry cases, 193,296 European ancestry controls	NA	9p21.3	9	21804694		MTAP			ENSG00000099810			rs869329-A	rs869329	0	869329	intron_variant	0	0.48	2E-10	9.698970004336019				Affymetrix [9981017] (imputed)	N	melanoma, citrus intake measurement	http://purl.obolibrary.org/obo/MONDO_0005105, http://www.ebi.ac.uk/efo/EFO_0020897	GCST90094985	Genome-wide genotyping array
2022-03-02	34724200	Marley AR	2021-11-01	Int J Cancer	www.ncbi.nlm.nih.gov/pubmed/34724200	Citrus-Gene interaction and melanoma risk in the UK Biobank.	Melanoma x citrus consumption interaction (2df)	1,563 European ancestry cases, 193,296 European ancestry controls	NA	16q24.3	16	89956077		DEF8			ENSG00000140995			rs11446223-GA	rs11446223	0	11446223	intron_variant	0	0.17	5E-13	12.301029995663981				Affymetrix [9981017] (imputed)	N	melanoma, citrus intake measurement	http://purl.obolibrary.org/obo/MONDO_0005105, http://www.ebi.ac.uk/efo/EFO_0020897	GCST90094985	Genome-wide genotyping array
2022-03-02	34724200	Marley AR	2021-11-01	Int J Cancer	www.ncbi.nlm.nih.gov/pubmed/34724200	Citrus-Gene interaction and melanoma risk in the UK Biobank.	Melanoma x citrus consumption interaction (2df)	1,563 European ancestry cases, 193,296 European ancestry controls	NA	3p13	3	69964940		MITF			ENSG00000187098			rs149617956-?	rs149617956	0	149617956	stop_gained	0	0.0035	2E-8	7.698970004336019				Affymetrix [9981017] (imputed)	N	melanoma, citrus intake measurement	http://purl.obolibrary.org/obo/MONDO_0005105, http://www.ebi.ac.uk/efo/EFO_0020897	GCST90094985	Genome-wide genotyping array
2022-03-02	34724200	Marley AR	2021-11-01	Int J Cancer	www.ncbi.nlm.nih.gov/pubmed/34724200	Citrus-Gene interaction and melanoma risk in the UK Biobank.	Melanoma x citrus consumption interaction (2df)	1,563 European ancestry cases, 193,296 European ancestry controls	NA	5p15.33	5	1323097		CLPTM1L			ENSG00000049656			rs13178866-?	rs13178866	0	13178866	intron_variant	0	0.43	1E-6	6.0				Affymetrix [9981017] (imputed)	N	melanoma, citrus intake measurement	http://purl.obolibrary.org/obo/MONDO_0005105, http://www.ebi.ac.uk/efo/EFO_0020897	GCST90094985	Genome-wide genotyping array
2023-04-03	34648354	Pietzner M	2021-11-12	Science	www.ncbi.nlm.nih.gov/pubmed/34648354	Mapping the proteo-genomic convergence of human diseases.	melanoma-derived growth regulatory protein levels	10,708 European ancestry individuals	NA	19q13.2	19	40782819		RAB4B-EGLN2, RAB4B, MIA-RAB4B			ENSG00000171570, ENSG00000167578, ENSG00000268975			rs34532358-?	rs34532358	0	34532358	intron_variant	0	0.45	3E-44	43.52287874528034		0.191	[0.16-0.22] unit increase	Affymetrix, Illumina [10200000] (imputed)	N	melanoma-derived growth regulatory protein  level	http://purl.obolibrary.org/obo/OBA_2050157	GCST90248443	Genome-wide genotyping array
2023-04-03	34648354	Pietzner M	2021-11-12	Science	www.ncbi.nlm.nih.gov/pubmed/34648354	Mapping the proteo-genomic convergence of human diseases.	melanoma-derived growth regulatory protein levels	10,708 European ancestry individuals	NA	19q13.2	19	40777460		MIA-RAB4B, MIA			ENSG00000268975, ENSG00000261857			rs2233159-C	rs2233159	0	2233159	3_prime_UTR_variant	0	0.07	7E-864	863.1549019599858		1.398	[1.35-1.44] unit increase	Affymetrix, Illumina [10200000] (imputed)	N	melanoma-derived growth regulatory protein  level	http://purl.obolibrary.org/obo/OBA_2050157	GCST90248443	Genome-wide genotyping array
2021-12-01	34737426	Jiang L	2021-11-04	Nat Genet	www.ncbi.nlm.nih.gov/pubmed/34737426	A generalized linear mixed model association tool for biobank-scale data.	Melanomas of skin (PheCode 172.11)	2,824 European ancestry cases, 453,524 European ancestry controls	NA	3p13	3	70012226		SAMMSON			ENSG00000240405			rs190948281-C	rs190948281	0	190948281	intron_variant	0	0.003199	2E-14	13.698970004336019		2.21	[1.64-2.78] unit increase	NR [11842647] (imputed)	N	cutaneous melanoma	http://purl.obolibrary.org/obo/MONDO_0005012	GCST90041829	Genome-wide genotyping array
2021-12-14	34594039	Sakaue S	2021-09-30	Nat Genet	www.ncbi.nlm.nih.gov/pubmed/34594039	A cross-population atlas of genetic associations for 220 human phenotypes.	Skin cancer	25,928 European ancestry cases, 466,275 European ancestry controls, 154 East Asian ancestry cases, 178,572 East Asian ancestry controls	NA	2p25.1	2	7610561		RNU6ATAC37P - LINC01871	ENSG00000221255	ENSG00000235576		33590	109578	rs139752537-TTGG	rs139752537	0	139752537	intron_variant	1	NR	2E-8	7.698970004336019		0.0565	[0.037-0.076] unit increase	Affymetrix, Illumina [25845421] (imputed)	N	skin neoplasm	http://purl.obolibrary.org/obo/MONDO_0002531	GCST90018921	Genome-wide genotyping array
2021-12-14	34594039	Sakaue S	2021-09-30	Nat Genet	www.ncbi.nlm.nih.gov/pubmed/34594039	A cross-population atlas of genetic associations for 220 human phenotypes.	Skin cancer	25,928 European ancestry cases, 466,275 European ancestry controls, 154 East Asian ancestry cases, 178,572 East Asian ancestry controls	NA	2p11.2	2	88264176		THNSL2 - MRPL45P1	ENSG00000144115	ENSG00000232508		77540	100519	rs199818919-C	rs199818919	1	112765581	intergenic_variant	1	NR	3E-16	15.522878745280337		0.1667	[0.13-0.21] unit decrease	Affymetrix, Illumina [25845421] (imputed)	N	skin neoplasm	http://purl.obolibrary.org/obo/MONDO_0002531	GCST90018921	Genome-wide genotyping array
2021-12-14	34594039	Sakaue S	2021-09-30	Nat Genet	www.ncbi.nlm.nih.gov/pubmed/34594039	A cross-population atlas of genetic associations for 220 human phenotypes.	Skin cancer	25,928 European ancestry cases, 466,275 European ancestry controls, 154 East Asian ancestry cases, 178,572 East Asian ancestry controls	NA	3q28	3	188399998		LPP			ENSG00000145012			rs6444285-T	rs6444285	0	6444285	intron_variant	0	NR	4E-11	10.397940008672037		0.0629	[0.044-0.082] unit decrease	Affymetrix, Illumina [25845421] (imputed)	N	skin neoplasm	http://purl.obolibrary.org/obo/MONDO_0002531	GCST90018921	Genome-wide genotyping array
2021-12-14	34594039	Sakaue S	2021-09-30	Nat Genet	www.ncbi.nlm.nih.gov/pubmed/34594039	A cross-population atlas of genetic associations for 220 human phenotypes.	Skin cancer	25,928 European ancestry cases, 466,275 European ancestry controls, 154 East Asian ancestry cases, 178,572 East Asian ancestry controls	NA	3p13	3	71526907		FOXP1			ENSG00000114861			rs111242991-T	rs111242991	0	111242991	intron_variant	0	NR	4E-21	20.397940008672037		0.0944	[0.075-0.114] unit increase	Affymetrix, Illumina [25845421] (imputed)	N	skin neoplasm	http://purl.obolibrary.org/obo/MONDO_0002531	GCST90018921	Genome-wide genotyping array
2021-12-14	34594039	Sakaue S	2021-09-30	Nat Genet	www.ncbi.nlm.nih.gov/pubmed/34594039	A cross-population atlas of genetic associations for 220 human phenotypes.	Skin cancer	25,928 European ancestry cases, 466,275 European ancestry controls, 154 East Asian ancestry cases, 178,572 East Asian ancestry controls	NA	3q12.1	3	98723478		ST3GAL6-AS1			ENSG00000239445			rs62276459-A	rs62276459	0	62276459	intron_variant	0	NR	4E-8	7.3979400086720375		0.0623	[0.04-0.084] unit decrease	Affymetrix, Illumina [25845421] (imputed)	N	skin neoplasm	http://purl.obolibrary.org/obo/MONDO_0002531	GCST90018921	Genome-wide genotyping array
2021-12-14	34594039	Sakaue S	2021-09-30	Nat Genet	www.ncbi.nlm.nih.gov/pubmed/34594039	A cross-population atlas of genetic associations for 220 human phenotypes.	Skin cancer	25,928 European ancestry cases, 466,275 European ancestry controls, 154 East Asian ancestry cases, 178,572 East Asian ancestry controls	NA	5p15.33	5	1287079		TERT			ENSG00000164362			rs2853677-A	rs2853677	0	2853677	intron_variant	0	NR	5E-24	23.30102999566398		0.0975	[0.079-0.116] unit decrease	Affymetrix, Illumina [25845421] (imputed)	N	skin neoplasm	http://purl.obolibrary.org/obo/MONDO_0002531	GCST90018921	Genome-wide genotyping array
2021-12-14	34594039	Sakaue S	2021-09-30	Nat Genet	www.ncbi.nlm.nih.gov/pubmed/34594039	A cross-population atlas of genetic associations for 220 human phenotypes.	Skin cancer	25,928 European ancestry cases, 466,275 European ancestry controls, 154 East Asian ancestry cases, 178,572 East Asian ancestry controls	NA	5p13.2	5	33951588		SLC45A2			ENSG00000164175			rs16891982-G	rs16891982	0	16891982	missense_variant	0	NR	1E-28	28.0		0.3711	[0.31-0.44] unit increase	Affymetrix, Illumina [25845421] (imputed)	N	skin neoplasm	http://purl.obolibrary.org/obo/MONDO_0002531	GCST90018921	Genome-wide genotyping array
2021-12-14	34594039	Sakaue S	2021-09-30	Nat Genet	www.ncbi.nlm.nih.gov/pubmed/34594039	A cross-population atlas of genetic associations for 220 human phenotypes.	Skin cancer	25,928 European ancestry cases, 466,275 European ancestry controls, 154 East Asian ancestry cases, 178,572 East Asian ancestry controls	NA	6q27	6	167009135		CEP43			ENSG00000213066			rs201601284-G	rs201601284	0	201601284	intron_variant	0	NR	1E-11	11.0		0.0709	[0.051-0.091] unit increase	Affymetrix, Illumina [25845421] (imputed)	N	skin neoplasm	http://purl.obolibrary.org/obo/MONDO_0002531	GCST90018921	Genome-wide genotyping array
2021-12-14	34594039	Sakaue S	2021-09-30	Nat Genet	www.ncbi.nlm.nih.gov/pubmed/34594039	A cross-population atlas of genetic associations for 220 human phenotypes.	Skin cancer	25,928 European ancestry cases, 466,275 European ancestry controls, 154 East Asian ancestry cases, 178,572 East Asian ancestry controls	NA	6p22.3	6	22057337		CASC15			ENSG00000272168			rs55775505-T	rs55775505	0	55775505	intron_variant	0	NR	2E-9	8.698970004336019		0.0622	[0.042-0.082] unit increase	Affymetrix, Illumina [25845421] (imputed)	N	skin neoplasm	http://purl.obolibrary.org/obo/MONDO_0002531	GCST90018921	Genome-wide genotyping array
2021-12-14	34594039	Sakaue S	2021-09-30	Nat Genet	www.ncbi.nlm.nih.gov/pubmed/34594039	A cross-population atlas of genetic associations for 220 human phenotypes.	Skin cancer	25,928 European ancestry cases, 466,275 European ancestry controls, 154 East Asian ancestry cases, 178,572 East Asian ancestry controls	NA	6p21.33	6	31356770		HLA-B			ENSG00000234745			rs1065386-C	rs1065386	0	1065386	missense_variant	0	NR	4E-16	15.397940008672037		0.0833	[0.063-0.103] unit decrease	Affymetrix, Illumina [25845421] (imputed)	N	skin neoplasm	http://purl.obolibrary.org/obo/MONDO_0002531	GCST90018921	Genome-wide genotyping array
2021-12-14	34594039	Sakaue S	2021-09-30	Nat Genet	www.ncbi.nlm.nih.gov/pubmed/34594039	A cross-population atlas of genetic associations for 220 human phenotypes.	Skin cancer	25,928 European ancestry cases, 466,275 European ancestry controls, 154 East Asian ancestry cases, 178,572 East Asian ancestry controls	NA	6p21.32	6	32717158		MTCO3P1 - HLA-DQB3	ENSG00000235040	ENSG00000226030		10203	13600	rs9275642-T	rs9275642	0	9275642	intergenic_variant	1	NR	4E-21	20.397940008672037		0.1097	[0.087-0.132] unit decrease	Affymetrix, Illumina [25845421] (imputed)	N	skin neoplasm	http://purl.obolibrary.org/obo/MONDO_0002531	GCST90018921	Genome-wide genotyping array
2021-12-14	34594039	Sakaue S	2021-09-30	Nat Genet	www.ncbi.nlm.nih.gov/pubmed/34594039	A cross-population atlas of genetic associations for 220 human phenotypes.	Skin cancer	25,928 European ancestry cases, 466,275 European ancestry controls, 154 East Asian ancestry cases, 178,572 East Asian ancestry controls	NA	6p25.3	6	392691		IRF4			ENSG00000137265			rs11308001-C	rs11308001	0	11308001	intron_variant	0	NR	6E-38	37.221848749616356		0.1335	[0.11-0.15] unit decrease	Affymetrix, Illumina [25845421] (imputed)	N	skin neoplasm	http://purl.obolibrary.org/obo/MONDO_0002531	GCST90018921	Genome-wide genotyping array
2021-12-14	34594039	Sakaue S	2021-09-30	Nat Genet	www.ncbi.nlm.nih.gov/pubmed/34594039	A cross-population atlas of genetic associations for 220 human phenotypes.	Skin cancer	25,928 European ancestry cases, 466,275 European ancestry controls, 154 East Asian ancestry cases, 178,572 East Asian ancestry controls	NA	6p25.2	6	4050024		PRP4K, FAM217A			ENSG00000112739, ENSG00000145975			rs200167108-G	rs200167108	0	200167108	intron_variant	0	NR	3E-9	8.522878745280337		0.1375	[0.092-0.183] unit increase	Affymetrix, Illumina [25845421] (imputed)	N	skin neoplasm	http://purl.obolibrary.org/obo/MONDO_0002531	GCST90018921	Genome-wide genotyping array
2021-12-14	34594039	Sakaue S	2021-09-30	Nat Genet	www.ncbi.nlm.nih.gov/pubmed/34594039	A cross-population atlas of genetic associations for 220 human phenotypes.	Skin cancer	25,928 European ancestry cases, 466,275 European ancestry controls, 154 East Asian ancestry cases, 178,572 East Asian ancestry controls	NA	6q15	6	90296024		BACH2			ENSG00000112182			rs6908626-T	rs6908626	0	6908626	intron_variant	0	NR	3E-11	10.522878745280337		0.0842	[0.059-0.109] unit decrease	Affymetrix, Illumina [25845421] (imputed)	N	skin neoplasm	http://purl.obolibrary.org/obo/MONDO_0002531	GCST90018921	Genome-wide genotyping array
2021-12-14	34594039	Sakaue S	2021-09-30	Nat Genet	www.ncbi.nlm.nih.gov/pubmed/34594039	A cross-population atlas of genetic associations for 220 human phenotypes.	Skin cancer	25,928 European ancestry cases, 466,275 European ancestry controls, 154 East Asian ancestry cases, 178,572 East Asian ancestry controls	NA	7q22.1	7	101775373		MYL10 - CUX1	ENSG00000106436	ENSG00000257923		146077	40531	rs73183643-A	rs73183643	0	73183643	intergenic_variant	1	NR	1E-15	15.0		0.0887	[0.067-0.11] unit decrease	Affymetrix, Illumina [25845421] (imputed)	N	skin neoplasm	http://purl.obolibrary.org/obo/MONDO_0002531	GCST90018921	Genome-wide genotyping array
2021-12-14	34594039	Sakaue S	2021-09-30	Nat Genet	www.ncbi.nlm.nih.gov/pubmed/34594039	A cross-population atlas of genetic associations for 220 human phenotypes.	Skin cancer	25,928 European ancestry cases, 466,275 European ancestry controls, 154 East Asian ancestry cases, 178,572 East Asian ancestry controls	NA	7q32.3	7	130900794		LINC-PINT, LINC00513			ENSG00000231721, ENSG00000233559			rs157935-G	rs157935	0	157935	intron_variant	0	NR	6E-15	14.221848749616356		0.0808	[0.061-0.101] unit decrease	Affymetrix, Illumina [25845421] (imputed)	N	skin neoplasm	http://purl.obolibrary.org/obo/MONDO_0002531	GCST90018921	Genome-wide genotyping array
2021-12-14	34594039	Sakaue S	2021-09-30	Nat Genet	www.ncbi.nlm.nih.gov/pubmed/34594039	A cross-population atlas of genetic associations for 220 human phenotypes.	Skin cancer	25,928 European ancestry cases, 466,275 European ancestry controls, 154 East Asian ancestry cases, 178,572 East Asian ancestry controls	NA	7p14.3	7	29092663		CPVL			ENSG00000106066			rs117744081-G	rs117744081	0	117744081	missense_variant	0	NR	3E-13	12.522878745280337		0.1998	[0.15-0.25] unit decrease	Affymetrix, Illumina [25845421] (imputed)	N	skin neoplasm	http://purl.obolibrary.org/obo/MONDO_0002531	GCST90018921	Genome-wide genotyping array
2021-12-14	34594039	Sakaue S	2021-09-30	Nat Genet	www.ncbi.nlm.nih.gov/pubmed/34594039	A cross-population atlas of genetic associations for 220 human phenotypes.	Skin cancer	25,928 European ancestry cases, 466,275 European ancestry controls, 154 East Asian ancestry cases, 178,572 East Asian ancestry controls	NA	8q22.2	8	100083861		RGS22			ENSG00000132554			rs113394050-C	rs113394050	0	113394050	intron_variant	0	NR	2E-20	19.69897000433602		0.1333	[0.11-0.16] unit decrease	Affymetrix, Illumina [25845421] (imputed)	N	skin neoplasm	http://purl.obolibrary.org/obo/MONDO_0002531	GCST90018921	Genome-wide genotyping array
2021-12-14	34594039	Sakaue S	2021-09-30	Nat Genet	www.ncbi.nlm.nih.gov/pubmed/34594039	A cross-population atlas of genetic associations for 220 human phenotypes.	Skin cancer	25,928 European ancestry cases, 466,275 European ancestry controls, 154 East Asian ancestry cases, 178,572 East Asian ancestry controls	NA	8q21.13	8	76571195		ZFHX4-AS1			ENSG00000253661			rs35251485-A	rs35251485	0	35251485	intron_variant	0	NR	8E-25	24.096910013008056		0.2072	[0.17-0.25] unit decrease	Affymetrix, Illumina [25845421] (imputed)	N	skin neoplasm	http://purl.obolibrary.org/obo/MONDO_0002531	GCST90018921	Genome-wide genotyping array
2021-12-14	34594039	Sakaue S	2021-09-30	Nat Genet	www.ncbi.nlm.nih.gov/pubmed/34594039	A cross-population atlas of genetic associations for 220 human phenotypes.	Skin cancer	25,928 European ancestry cases, 466,275 European ancestry controls, 154 East Asian ancestry cases, 178,572 East Asian ancestry controls	NA	8q21.13	8	80498980		ZBTB10			ENSG00000205189			rs55942834-G	rs55942834	0	55942834	intron_variant	0	NR	6E-12	11.221848749616356		0.0837	[0.06-0.107] unit decrease	Affymetrix, Illumina [25845421] (imputed)	N	skin neoplasm	http://purl.obolibrary.org/obo/MONDO_0002531	GCST90018921	Genome-wide genotyping array
2021-12-14	34594039	Sakaue S	2021-09-30	Nat Genet	www.ncbi.nlm.nih.gov/pubmed/34594039	A cross-population atlas of genetic associations for 220 human phenotypes.	Skin cancer	25,928 European ancestry cases, 466,275 European ancestry controls, 154 East Asian ancestry cases, 178,572 East Asian ancestry controls	NA	9q31.1	9	104144076		SMC2			ENSG00000136824			rs397706368-CTA	rs397706368	1	56177747	intron_variant	0	NR	7E-10	9.154901959985743		0.0603	[0.041-0.08] unit increase	Affymetrix, Illumina [25845421] (imputed)	N	skin neoplasm	http://purl.obolibrary.org/obo/MONDO_0002531	GCST90018921	Genome-wide genotyping array
2021-12-14	34594039	Sakaue S	2021-09-30	Nat Genet	www.ncbi.nlm.nih.gov/pubmed/34594039	A cross-population atlas of genetic associations for 220 human phenotypes.	Skin cancer	25,928 European ancestry cases, 466,275 European ancestry controls, 154 East Asian ancestry cases, 178,572 East Asian ancestry controls	NA	9p22.2	9	16885019		BNC2 - RN7SL720P	ENSG00000173068	ENSG00000241152		14117	168882	rs12350739-A	rs12350739	0	12350739	TF_binding_site_variant	1	NR	3E-13	12.522878745280337		0.0716	[0.052-0.091] unit increase	Affymetrix, Illumina [25845421] (imputed)	N	skin neoplasm	http://purl.obolibrary.org/obo/MONDO_0002531	GCST90018921	Genome-wide genotyping array
2021-12-14	34594039	Sakaue S	2021-09-30	Nat Genet	www.ncbi.nlm.nih.gov/pubmed/34594039	A cross-population atlas of genetic associations for 220 human phenotypes.	Skin cancer	25,928 European ancestry cases, 466,275 European ancestry controls, 154 East Asian ancestry cases, 178,572 East Asian ancestry controls	NA	9p21.3	9	22054691		CDKN2B-AS1			ENSG00000240498			rs7874604-C	rs7874604	0	7874604	intron_variant	0	NR	1E-19	19.0		0.0896	[0.07-0.109] unit decrease	Affymetrix, Illumina [25845421] (imputed)	N	skin neoplasm	http://purl.obolibrary.org/obo/MONDO_0002531	GCST90018921	Genome-wide genotyping array
2021-12-14	34594039	Sakaue S	2021-09-30	Nat Genet	www.ncbi.nlm.nih.gov/pubmed/34594039	A cross-population atlas of genetic associations for 220 human phenotypes.	Skin cancer	25,928 European ancestry cases, 466,275 European ancestry controls, 154 East Asian ancestry cases, 178,572 East Asian ancestry controls	NA	9p24.3	9	681862		KANK1-AS1, KANK1			ENSG00000227914, ENSG00000107104			rs7867194-A	rs7867194	0	7867194	intron_variant	0	NR	5E-8	7.301029995663981		0.0526	[0.034-0.071] unit increase	Affymetrix, Illumina [25845421] (imputed)	N	skin neoplasm	http://purl.obolibrary.org/obo/MONDO_0002531	GCST90018921	Genome-wide genotyping array
2021-12-14	34594039	Sakaue S	2021-09-30	Nat Genet	www.ncbi.nlm.nih.gov/pubmed/34594039	A cross-population atlas of genetic associations for 220 human phenotypes.	Skin cancer	25,928 European ancestry cases, 466,275 European ancestry controls, 154 East Asian ancestry cases, 178,572 East Asian ancestry controls	NA	10p14	10	8897708		LINC02676			ENSG00000234752			rs145102655-T	rs145102655	0	145102655	intron_variant	0	NR	2E-34	33.69897000433602		0.1909	[0.16-0.22] unit decrease	Affymetrix, Illumina [25845421] (imputed)	N	skin neoplasm	http://purl.obolibrary.org/obo/MONDO_0002531	GCST90018921	Genome-wide genotyping array
2021-12-14	34594039	Sakaue S	2021-09-30	Nat Genet	www.ncbi.nlm.nih.gov/pubmed/34594039	A cross-population atlas of genetic associations for 220 human phenotypes.	Skin cancer	25,928 European ancestry cases, 466,275 European ancestry controls, 154 East Asian ancestry cases, 178,572 East Asian ancestry controls	NA	12q23.1	12	95985029		HAL			ENSG00000084110			rs10859996-T	rs10859996	0	10859996	intron_variant	0	NR	4E-11	10.397940008672037		0.0658	[0.046-0.085] unit decrease	Affymetrix, Illumina [25845421] (imputed)	N	skin neoplasm	http://purl.obolibrary.org/obo/MONDO_0002531	GCST90018921	Genome-wide genotyping array
2021-12-14	34594039	Sakaue S	2021-09-30	Nat Genet	www.ncbi.nlm.nih.gov/pubmed/34594039	A cross-population atlas of genetic associations for 220 human phenotypes.	Skin cancer	25,928 European ancestry cases, 466,275 European ancestry controls, 154 East Asian ancestry cases, 178,572 East Asian ancestry controls	NA	14q24.3	14	75469205		JDP2			ENSG00000140044			rs77100309-A	rs77100309	0	77100309	intron_variant	0	NR	3E-8	7.522878745280337		0.103	[0.067-0.139] unit increase	Affymetrix, Illumina [25845421] (imputed)	N	skin neoplasm	http://purl.obolibrary.org/obo/MONDO_0002531	GCST90018921	Genome-wide genotyping array
2021-12-14	34594039	Sakaue S	2021-09-30	Nat Genet	www.ncbi.nlm.nih.gov/pubmed/34594039	A cross-population atlas of genetic associations for 220 human phenotypes.	Skin cancer	25,928 European ancestry cases, 466,275 European ancestry controls, 154 East Asian ancestry cases, 178,572 East Asian ancestry controls	NA	15q13.1	15	27983407		OCA2			ENSG00000104044			rs74653330-T	rs74653330	0	74653330	missense_variant	0	NR	7E-15	14.154901959985743		0.6268	[0.47-0.78] unit increase	Affymetrix, Illumina [25845421] (imputed)	N	skin neoplasm	http://purl.obolibrary.org/obo/MONDO_0002531	GCST90018921	Genome-wide genotyping array
2021-12-14	34594039	Sakaue S	2021-09-30	Nat Genet	www.ncbi.nlm.nih.gov/pubmed/34594039	A cross-population atlas of genetic associations for 220 human phenotypes.	Skin cancer	25,928 European ancestry cases, 466,275 European ancestry controls, 154 East Asian ancestry cases, 178,572 East Asian ancestry controls	NA	15q21.2	15	49921493		ATP8B4			ENSG00000104043			rs6493385-T	rs6493385	0	6493385	intron_variant	0	NR	4E-8	7.3979400086720375		0.0532	[0.034-0.072] unit decrease	Affymetrix, Illumina [25845421] (imputed)	N	skin neoplasm	http://purl.obolibrary.org/obo/MONDO_0002531	GCST90018921	Genome-wide genotyping array
2021-12-14	34594039	Sakaue S	2021-09-30	Nat Genet	www.ncbi.nlm.nih.gov/pubmed/34594039	A cross-population atlas of genetic associations for 220 human phenotypes.	Skin cancer	25,928 European ancestry cases, 466,275 European ancestry controls, 154 East Asian ancestry cases, 178,572 East Asian ancestry controls	NA	16q24.3	16	89919709		MC1R			ENSG00000258839			rs1805007-T	rs1805007	0	1805007	missense_variant	0	NR	9E-107	106.04575749056067		0.3559	[0.32-0.39] unit increase	Affymetrix, Illumina [25845421] (imputed)	N	skin neoplasm	http://purl.obolibrary.org/obo/MONDO_0002531	GCST90018921	Genome-wide genotyping array
2021-12-14	34594039	Sakaue S	2021-09-30	Nat Genet	www.ncbi.nlm.nih.gov/pubmed/34594039	A cross-population atlas of genetic associations for 220 human phenotypes.	Skin cancer	25,928 European ancestry cases, 466,275 European ancestry controls, 154 East Asian ancestry cases, 178,572 East Asian ancestry controls	NA	17p13.1	17	7668434		TP53			ENSG00000141510			rs78378222-G	rs78378222	0	78378222	3_prime_UTR_variant	0	NR	8E-19	18.096910013008056		0.3949	[0.31-0.48] unit increase	Affymetrix, Illumina [25845421] (imputed)	N	skin neoplasm	http://purl.obolibrary.org/obo/MONDO_0002531	GCST90018921	Genome-wide genotyping array
2021-12-14	34594039	Sakaue S	2021-09-30	Nat Genet	www.ncbi.nlm.nih.gov/pubmed/34594039	A cross-population atlas of genetic associations for 220 human phenotypes.	Skin cancer	25,928 European ancestry cases, 466,275 European ancestry controls, 154 East Asian ancestry cases, 178,572 East Asian ancestry controls	NA	19p13.3	19	4837545		TICAM1 - PLIN3-AS1	ENSG00000127666	ENSG00000267484		5833	787	rs10424978-A	rs10424978	0	10424978	intergenic_variant	1	NR	1E-9	9.0		0.0598	[0.041-0.079] unit increase	Affymetrix, Illumina [25845421] (imputed)	N	skin neoplasm	http://purl.obolibrary.org/obo/MONDO_0002531	GCST90018921	Genome-wide genotyping array
2021-12-14	34594039	Sakaue S	2021-09-30	Nat Genet	www.ncbi.nlm.nih.gov/pubmed/34594039	A cross-population atlas of genetic associations for 220 human phenotypes.	Skin cancer	25,928 European ancestry cases, 466,275 European ancestry controls, 154 East Asian ancestry cases, 178,572 East Asian ancestry controls	NA	19q13.33	19	49665584		IRF3, BCL2L12			ENSG00000126456, ENSG00000126453			rs148729350-T	rs148729350	0	148729350	5_prime_UTR_variant	0	NR	1E-8	8.0		0.7769	[0.51-1.04] unit increase	Affymetrix, Illumina [25845421] (imputed)	N	skin neoplasm	http://purl.obolibrary.org/obo/MONDO_0002531	GCST90018921	Genome-wide genotyping array
2021-12-14	34594039	Sakaue S	2021-09-30	Nat Genet	www.ncbi.nlm.nih.gov/pubmed/34594039	A cross-population atlas of genetic associations for 220 human phenotypes.	Skin cancer	25,928 European ancestry cases, 466,275 European ancestry controls, 154 East Asian ancestry cases, 178,572 East Asian ancestry controls	NA	20p13	20	2305059		TGM3			ENSG00000125780			rs214793-T	rs214793	0	214793	intron_variant	0	NR	1E-34	34.0		0.1537	[0.13-0.18] unit decrease	Affymetrix, Illumina [25845421] (imputed)	N	skin neoplasm	http://purl.obolibrary.org/obo/MONDO_0002531	GCST90018921	Genome-wide genotyping array
2021-12-14	34594039	Sakaue S	2021-09-30	Nat Genet	www.ncbi.nlm.nih.gov/pubmed/34594039	A cross-population atlas of genetic associations for 220 human phenotypes.	Skin cancer	25,928 European ancestry cases, 466,275 European ancestry controls, 154 East Asian ancestry cases, 178,572 East Asian ancestry controls	NA	20q11.22	20	34077942		RALY			ENSG00000125970			rs6059655-G	rs6059655	0	6059655	intron_variant	0	NR	4E-60	59.39794000867204		0.2701	[0.24-0.3] unit decrease	Affymetrix, Illumina [25845421] (imputed)	N	skin neoplasm	http://purl.obolibrary.org/obo/MONDO_0002531	GCST90018921	Genome-wide genotyping array
2021-12-14	34594039	Sakaue S	2021-09-30	Nat Genet	www.ncbi.nlm.nih.gov/pubmed/34594039	A cross-population atlas of genetic associations for 220 human phenotypes.	Skin cancer	25,928 European ancestry cases, 466,275 European ancestry controls, 154 East Asian ancestry cases, 178,572 East Asian ancestry controls	NA	20q13.13	20	50782470		PARD6B - BCAS4	ENSG00000124171	ENSG00000124243		25675	12424	rs62202837-T	rs62202837	0	62202837	intergenic_variant	1	NR	4E-13	12.397940008672037		0.0812	[0.059-0.103] unit decrease	Affymetrix, Illumina [25845421] (imputed)	N	skin neoplasm	http://purl.obolibrary.org/obo/MONDO_0002531	GCST90018921	Genome-wide genotyping array
2021-12-14	34594039	Sakaue S	2021-09-30	Nat Genet	www.ncbi.nlm.nih.gov/pubmed/34594039	A cross-population atlas of genetic associations for 220 human phenotypes.	Skin cancer	25,928 European ancestry cases, 466,275 European ancestry controls, 154 East Asian ancestry cases, 178,572 East Asian ancestry controls	NA	21q22.3	21	41668857		PCSEAT - LINC00111	ENSG00000286027	ENSG00000227702		85970	10324	rs2776353-T	rs2776353	0	2776353	intergenic_variant	1	NR	5E-14	13.301029995663981		0.0776	[0.057-0.098] unit decrease	Affymetrix, Illumina [25845421] (imputed)	N	skin neoplasm	http://purl.obolibrary.org/obo/MONDO_0002531	GCST90018921	Genome-wide genotyping array
2021-12-14	34594039	Sakaue S	2021-09-30	Nat Genet	www.ncbi.nlm.nih.gov/pubmed/34594039	A cross-population atlas of genetic associations for 220 human phenotypes.	Skin cancer	25,928 European ancestry cases, 466,275 European ancestry controls, 154 East Asian ancestry cases, 178,572 East Asian ancestry controls	NA	1q21.3	1	155041950		DCST1			ENSG00000163357			rs55668940-A	rs55668940	0	55668940	intron_variant	0	NR	9E-11	10.045757490560675		0.077	[0.054-0.1] unit increase	Affymetrix, Illumina [25845421] (imputed)	N	skin neoplasm	http://purl.obolibrary.org/obo/MONDO_0002531	GCST90018921	Genome-wide genotyping array
2021-12-14	34594039	Sakaue S	2021-09-30	Nat Genet	www.ncbi.nlm.nih.gov/pubmed/34594039	A cross-population atlas of genetic associations for 220 human phenotypes.	Skin cancer	25,928 European ancestry cases, 466,275 European ancestry controls, 154 East Asian ancestry cases, 178,572 East Asian ancestry controls	NA	1p36.13	1	17426844		RCC2			ENSG00000179051			rs60387933-A	rs60387933	0	60387933	intron_variant	0	NR	8E-34	33.096910013008056		0.1242	[0.1-0.14] unit increase	Affymetrix, Illumina [25845421] (imputed)	N	skin neoplasm	http://purl.obolibrary.org/obo/MONDO_0002531	GCST90018921	Genome-wide genotyping array
2021-12-14	34594039	Sakaue S	2021-09-30	Nat Genet	www.ncbi.nlm.nih.gov/pubmed/34594039	A cross-population atlas of genetic associations for 220 human phenotypes.	Skin cancer	25,928 European ancestry cases, 466,275 European ancestry controls, 154 East Asian ancestry cases, 178,572 East Asian ancestry controls	NA	1q42.13	1	228843990		RHOU - LINC02814	ENSG00000116574	ENSG00000236975		97326	178783	rs61824911-G	rs61824911	0	61824911	intron_variant	1	NR	3E-45	44.52287874528034		0.164	[0.14-0.19] unit increase	Affymetrix, Illumina [25845421] (imputed)	N	skin neoplasm	http://purl.obolibrary.org/obo/MONDO_0002531	GCST90018921	Genome-wide genotyping array
2021-12-14	34594039	Sakaue S	2021-09-30	Nat Genet	www.ncbi.nlm.nih.gov/pubmed/34594039	A cross-population atlas of genetic associations for 220 human phenotypes.	Skin cancer	25,928 European ancestry cases, 466,275 European ancestry controls, 154 East Asian ancestry cases, 178,572 East Asian ancestry controls	NA	2p24.3	2	16299921		GACAT3 - CYRIA	ENSG00000236289	ENSG00000197872		212720	249538	rs6739779-T	rs6739779	0	6739779	intron_variant	1	NR	2E-16	15.698970004336019		0.1335	[0.1-0.17] unit decrease	Affymetrix, Illumina [25845421] (imputed)	N	skin neoplasm	http://purl.obolibrary.org/obo/MONDO_0002531	GCST90018921	Genome-wide genotyping array
2021-12-14	34594039	Sakaue S	2021-09-30	Nat Genet	www.ncbi.nlm.nih.gov/pubmed/34594039	A cross-population atlas of genetic associations for 220 human phenotypes.	Skin cancer	25,928 European ancestry cases, 466,275 European ancestry controls, 154 East Asian ancestry cases, 178,572 East Asian ancestry controls	NA	2q33.1	2	201300483		CASP8, FLACC1			ENSG00000064012, ENSG00000155749			rs2080303-C	rs2080303	0	2080303	intron_variant	0	NR	3E-37	36.52287874528034		0.1375	[0.12-0.16] unit decrease	Affymetrix, Illumina [25845421] (imputed)	N	skin neoplasm	http://purl.obolibrary.org/obo/MONDO_0002531	GCST90018921	Genome-wide genotyping array
2021-12-14	34594039	Sakaue S	2021-09-30	Nat Genet	www.ncbi.nlm.nih.gov/pubmed/34594039	A cross-population atlas of genetic associations for 220 human phenotypes.	Skin cancer	25,928 European ancestry cases, 466,275 European ancestry controls, 154 East Asian ancestry cases, 178,572 East Asian ancestry controls	NA	2q33.2	2	203879078		CTLA4 - ICOS	ENSG00000163599	ENSG00000163600		5113	57685	rs231729-A	rs231729	0	231729	intergenic_variant	1	NR	3E-14	13.522878745280337		0.0764	[0.057-0.096] unit decrease	Affymetrix, Illumina [25845421] (imputed)	N	skin neoplasm	http://purl.obolibrary.org/obo/MONDO_0002531	GCST90018921	Genome-wide genotyping array
2021-12-14	34594039	Sakaue S	2021-09-30	Nat Genet	www.ncbi.nlm.nih.gov/pubmed/34594039	A cross-population atlas of genetic associations for 220 human phenotypes.	Skin cancer	25,928 European ancestry cases, 466,275 European ancestry controls, 154 East Asian ancestry cases, 178,572 East Asian ancestry controls	NA	2p22.2	2	38070996		CYP1B1			ENSG00000138061			rs1800440-C	rs1800440	0	1800440	missense_variant	0	NR	3E-13	12.522878745280337		0.0901	[0.066-0.114] unit decrease	Affymetrix, Illumina [25845421] (imputed)	N	skin neoplasm	http://purl.obolibrary.org/obo/MONDO_0002531	GCST90018921	Genome-wide genotyping array
2021-12-14	34594039	Sakaue S	2021-09-30	Nat Genet	www.ncbi.nlm.nih.gov/pubmed/34594039	A cross-population atlas of genetic associations for 220 human phenotypes.	Skin cancer	25,928 European ancestry cases, 466,275 European ancestry controls, 154 East Asian ancestry cases, 178,572 East Asian ancestry controls	NA	2p25.2	2	5548849		RNU6-649P - LINC01248	ENSG00000207192	ENSG00000224128		603466	53656	rs2882274-C	rs2882274	0	2882274	non_coding_transcript_exon_variant	1	NR	6E-9	8.221848749616356		0.0558	[0.037-0.075] unit increase	Affymetrix, Illumina [25845421] (imputed)	N	skin neoplasm	http://purl.obolibrary.org/obo/MONDO_0002531	GCST90018921	Genome-wide genotyping array
2021-12-14	34594039	Sakaue S	2021-09-30	Nat Genet	www.ncbi.nlm.nih.gov/pubmed/34594039	A cross-population atlas of genetic associations for 220 human phenotypes.	Skin cancer	25,928 European ancestry cases, 466,275 European ancestry controls, 154 East Asian ancestry cases, 178,572 East Asian ancestry controls	NA	11q12.2	11	61824164		FADS1, FADS2			ENSG00000149485, ENSG00000134824			rs174565-G	rs174565	0	174565	intron_variant	0	NR	2E-8	7.698970004336019		0.0782	[0.051-0.105] unit decrease	Affymetrix, Illumina [25845421] (imputed)	N	skin neoplasm	http://purl.obolibrary.org/obo/MONDO_0002531	GCST90018921	Genome-wide genotyping array
2021-12-14	34594039	Sakaue S	2021-09-30	Nat Genet	www.ncbi.nlm.nih.gov/pubmed/34594039	A cross-population atlas of genetic associations for 220 human phenotypes.	Skin cancer	25,928 European ancestry cases, 466,275 European ancestry controls, 154 East Asian ancestry cases, 178,572 East Asian ancestry controls	NA	11q13.1	11	64340005		PRDX5 - CCDC88B	ENSG00000126432	ENSG00000168071		18183	199	rs479777-C	rs479777	0	479777	non_coding_transcript_exon_variant	1	NR	1E-11	11.0		0.0682	[0.049-0.088] unit increase	Affymetrix, Illumina [25845421] (imputed)	N	skin neoplasm	http://purl.obolibrary.org/obo/MONDO_0002531	GCST90018921	Genome-wide genotyping array
2021-12-14	34594039	Sakaue S	2021-09-30	Nat Genet	www.ncbi.nlm.nih.gov/pubmed/34594039	A cross-population atlas of genetic associations for 220 human phenotypes.	Skin cancer	25,928 European ancestry cases, 466,275 European ancestry controls, 154 East Asian ancestry cases, 178,572 East Asian ancestry controls	NA	11q13.4	11	70813600		SHANK2			ENSG00000162105			rs553341619-C	rs553341619	0	553341619	intron_variant	0	NR	5E-8	7.301029995663981		73.0488	[46.87-99.23] unit increase	Affymetrix, Illumina [25845421] (imputed)	N	skin neoplasm	http://purl.obolibrary.org/obo/MONDO_0002531	GCST90018921	Genome-wide genotyping array
2021-12-14	34594039	Sakaue S	2021-09-30	Nat Genet	www.ncbi.nlm.nih.gov/pubmed/34594039	A cross-population atlas of genetic associations for 220 human phenotypes.	Skin cancer	25,928 European ancestry cases, 466,275 European ancestry controls, 154 East Asian ancestry cases, 178,572 East Asian ancestry controls	NA	11q14.3	11	89284793		TYR			ENSG00000077498			rs1126809-A	rs1126809	0	1126809	missense_variant	0	NR	7E-43	42.15490195998574		0.1443	[0.12-0.16] unit increase	Affymetrix, Illumina [25845421] (imputed)	N	skin neoplasm	http://purl.obolibrary.org/obo/MONDO_0002531	GCST90018921	Genome-wide genotyping array
2021-12-14	34594039	Sakaue S	2021-09-30	Nat Genet	www.ncbi.nlm.nih.gov/pubmed/34594039	A cross-population atlas of genetic associations for 220 human phenotypes.	Skin cancer	25,928 European ancestry cases, 466,275 European ancestry controls, 154 East Asian ancestry cases, 178,572 East Asian ancestry controls	NA	12q13.13	12	52519884		KRT5			ENSG00000186081			rs11170164-T	rs11170164	0	11170164	missense_variant	0	NR	4E-19	18.397940008672037		0.1586	[0.12-0.19] unit increase	Affymetrix, Illumina [25845421] (imputed)	N	skin neoplasm	http://purl.obolibrary.org/obo/MONDO_0002531	GCST90018921	Genome-wide genotyping array
2025-07-02	39789286	Loya H	2025-01-09	Nat Genet	www.ncbi.nlm.nih.gov/pubmed/39789286	A scalable variational inference approach for increased mixed-model association power.	MIA protein levels	47,745 European ancestry individuals	NA											chr19:40967405-A	chr19:40967405	0			1	0.48660976	2E-13	12.698970004336019		0.01936466	[0.012-0.027] unit decrease	NR [13308244] (imputed)	N	melanoma-derived growth regulatory protein  level	http://purl.obolibrary.org/obo/OBA_2050157	GCST90469903	Genome-wide genotyping array
2025-07-02	39789286	Loya H	2025-01-09	Nat Genet	www.ncbi.nlm.nih.gov/pubmed/39789286	A scalable variational inference approach for increased mixed-model association power.	MIA protein levels	47,745 European ancestry individuals	NA	19q13.2	19	40827247		CYP2F2P - CYP2A6	ENSG00000237118	ENSG00000255974		475	16286	rs111689747-A	rs111689747	0	111689747	non_coding_transcript_exon_variant	1	0.01182544	3E-12	11.522878745280337		0.08497204	[0.052-0.118] unit decrease	NR [13308244] (imputed)	N	melanoma-derived growth regulatory protein  level	http://purl.obolibrary.org/obo/OBA_2050157	GCST90469903	Genome-wide genotyping array
2025-07-02	39789286	Loya H	2025-01-09	Nat Genet	www.ncbi.nlm.nih.gov/pubmed/39789286	A scalable variational inference approach for increased mixed-model association power.	MIA protein levels	47,745 European ancestry individuals	NA	19q13.2	19	41025463		CYP2A7P1			ENSG00000213908			rs11666982-G	rs11666982	0	11666982	intron_variant	0	0.4207645	7E-40	39.15490195998574		0.034170754	[0.027-0.041] unit increase	NR [13308244] (imputed)	N	melanoma-derived growth regulatory protein  level	http://purl.obolibrary.org/obo/OBA_2050157	GCST90469903	Genome-wide genotyping array
2025-07-02	39789286	Loya H	2025-01-09	Nat Genet	www.ncbi.nlm.nih.gov/pubmed/39789286	A scalable variational inference approach for increased mixed-model association power.	MIA protein levels	47,745 European ancestry individuals	NA	4q21.1	4	76444011		SHROOM3			ENSG00000138771			rs11724003-A	rs11724003	0	11724003	intron_variant	0	0.44014555	2E-14	13.698970004336019		0.014353006	[0.0086-0.0201] unit increase	NR [13308244] (imputed)	N	melanoma-derived growth regulatory protein  level	http://purl.obolibrary.org/obo/OBA_2050157	GCST90469903	Genome-wide genotyping array
2025-07-02	39789286	Loya H	2025-01-09	Nat Genet	www.ncbi.nlm.nih.gov/pubmed/39789286	A scalable variational inference approach for increased mixed-model association power.	MIA protein levels	47,745 European ancestry individuals	NA	19q13.2	19	40682068		NUMBL			ENSG00000105245			rs117956764-G	rs117956764	0	117956764	intron_variant	0	0.01256675	8E-47	46.096910013008056		0.16344294	[0.13-0.19] unit increase	NR [13308244] (imputed)	N	melanoma-derived growth regulatory protein  level	http://purl.obolibrary.org/obo/OBA_2050157	GCST90469903	Genome-wide genotyping array
2025-07-02	39789286	Loya H	2025-01-09	Nat Genet	www.ncbi.nlm.nih.gov/pubmed/39789286	A scalable variational inference approach for increased mixed-model association power.	MIA protein levels	47,745 European ancestry individuals	NA	19q13.2	19	39911283		FCGBP			ENSG00000275395			rs11883100-A	rs11883100	0	11883100	intron_variant	0	0.27739793	3E-16	15.522878745280337		0.023233933	[0.015-0.031] unit increase	NR [13308244] (imputed)	N	melanoma-derived growth regulatory protein  level	http://purl.obolibrary.org/obo/OBA_2050157	GCST90469903	Genome-wide genotyping array
2025-07-02	39789286	Loya H	2025-01-09	Nat Genet	www.ncbi.nlm.nih.gov/pubmed/39789286	A scalable variational inference approach for increased mixed-model association power.	MIA protein levels	47,745 European ancestry individuals	NA	19q13.2	19	40479096		SPTBN4			ENSG00000160460			rs12462773-G	rs12462773	0	12462773	intron_variant	0	0.28361535	7E-13	12.154901959985743		0.020986348	[0.013-0.029] unit increase	NR [13308244] (imputed)	N	melanoma-derived growth regulatory protein  level	http://purl.obolibrary.org/obo/OBA_2050157	GCST90469903	Genome-wide genotyping array
2025-07-02	39789286	Loya H	2025-01-09	Nat Genet	www.ncbi.nlm.nih.gov/pubmed/39789286	A scalable variational inference approach for increased mixed-model association power.	MIA protein levels	47,745 European ancestry individuals	NA	19q13.2	19	41133056		CYP2F1 - CYP2T3P	ENSG00000197446	ENSG00000268529		4675	1666	rs1833921-C	rs1833921	0	1833921	intron_variant	1	0.36647373	3E-40	39.52287874528034		0.03606389	[0.029-0.044] unit decrease	NR [13308244] (imputed)	N	melanoma-derived growth regulatory protein  level	http://purl.obolibrary.org/obo/OBA_2050157	GCST90469903	Genome-wide genotyping array
2025-07-02	39789286	Loya H	2025-01-09	Nat Genet	www.ncbi.nlm.nih.gov/pubmed/39789286	A scalable variational inference approach for increased mixed-model association power.	MIA protein levels	47,745 European ancestry individuals	NA	19q13.2	19	41092220		CYP2A13			ENSG00000197838			rs185552988-G	rs185552988	0	185552988	intron_variant	0	0.0073468	2E-40	39.69897000433602		0.21109638	[0.17-0.25] unit increase	NR [13308244] (imputed)	N	melanoma-derived growth regulatory protein  level	http://purl.obolibrary.org/obo/OBA_2050157	GCST90469903	Genome-wide genotyping array
2025-07-02	39789286	Loya H	2025-01-09	Nat Genet	www.ncbi.nlm.nih.gov/pubmed/39789286	A scalable variational inference approach for increased mixed-model association power.	MIA protein levels	47,745 European ancestry individuals	NA	19q13.2	19	41042984		CYP2A7P1 - CYP2G2P	ENSG00000213908	ENSG00000268101		15264	7465	rs187677460-T	rs187677460	0	187677460	intergenic_variant	1	0.0040379	3E-21	20.522878745280337		0.2107635	[0.15-0.27] unit increase	NR [13308244] (imputed)	N	melanoma-derived growth regulatory protein  level	http://purl.obolibrary.org/obo/OBA_2050157	GCST90469903	Genome-wide genotyping array
2025-07-02	39789286	Loya H	2025-01-09	Nat Genet	www.ncbi.nlm.nih.gov/pubmed/39789286	A scalable variational inference approach for increased mixed-model association power.	MIA protein levels	47,745 European ancestry individuals	NA	19q13.2	19	41175029		RPL36P16 - RN7SL718P	ENSG00000224476	ENSG00000264423		4863	15898	rs188366516-T	rs188366516	0	188366516	intron_variant	1	0.0044191	9E-22	21.045757490560675		0.18922146	[0.13-0.24] unit increase	NR [13308244] (imputed)	N	melanoma-derived growth regulatory protein  level	http://purl.obolibrary.org/obo/OBA_2050157	GCST90469903	Genome-wide genotyping array
2025-07-02	39789286	Loya H	2025-01-09	Nat Genet	www.ncbi.nlm.nih.gov/pubmed/39789286	A scalable variational inference approach for increased mixed-model association power.	MIA protein levels	47,745 European ancestry individuals	NA	19q13.2	19	41286112		HNRNPUL1			ENSG00000105323			rs188910465-T	rs188910465	0	188910465	intron_variant	0	0.00227624	2E-16	15.698970004336019		0.22616574	[0.15-0.3] unit increase	NR [13308244] (imputed)	N	melanoma-derived growth regulatory protein  level	http://purl.obolibrary.org/obo/OBA_2050157	GCST90469903	Genome-wide genotyping array
2025-07-02	39789286	Loya H	2025-01-09	Nat Genet	www.ncbi.nlm.nih.gov/pubmed/39789286	A scalable variational inference approach for increased mixed-model association power.	MIA protein levels	47,745 European ancestry individuals	NA	19q13.2	19	41594826		CEACAM21 - CEACAMP3	ENSG00000007129	ENSG00000239736		7982	4909	rs192759688-T	rs192759688	0	192759688	non_coding_transcript_exon_variant	1	0.0055949	2E-37	36.69897000433602		0.22299078	[0.18-0.27] unit increase	NR [13308244] (imputed)	N	melanoma-derived growth regulatory protein  level	http://purl.obolibrary.org/obo/OBA_2050157	GCST90469903	Genome-wide genotyping array
2025-07-02	39789286	Loya H	2025-01-09	Nat Genet	www.ncbi.nlm.nih.gov/pubmed/39789286	A scalable variational inference approach for increased mixed-model association power.	MIA protein levels	47,745 European ancestry individuals	NA	19q13.2	19	40714237		COQ8B			ENSG00000123815			rs200935690-A	rs200935690	0	200935690	intron_variant	0	0.0036214	3E-81	80.52287874528034		0.4316156	[0.37-0.49] unit increase	NR [13308244] (imputed)	N	melanoma-derived growth regulatory protein  level	http://purl.obolibrary.org/obo/OBA_2050157	GCST90469903	Genome-wide genotyping array
2025-07-02	39789286	Loya H	2025-01-09	Nat Genet	www.ncbi.nlm.nih.gov/pubmed/39789286	A scalable variational inference approach for increased mixed-model association power.	MIA protein levels	47,745 European ancestry individuals	NA	1q32.1	1	201468704		PHLDA3			ENSG00000174307			rs35383942-T	rs35383942	0	35383942	missense_variant	0	0.0610012	2E-12	11.698970004336019		0.028637303	[0.017-0.041] unit increase	NR [13308244] (imputed)	N	melanoma-derived growth regulatory protein  level	http://purl.obolibrary.org/obo/OBA_2050157	GCST90469903	Genome-wide genotyping array
2025-07-02	39789286	Loya H	2025-01-09	Nat Genet	www.ncbi.nlm.nih.gov/pubmed/39789286	A scalable variational inference approach for increased mixed-model association power.	MIA protein levels	47,745 European ancestry individuals	NA	3q12.1	3	98914437		LINC00973			ENSG00000240476			rs4257489-C	rs4257489	0	4257489	intron_variant	0	0.3375118	1E-15	15.0		0.016046269	[0.01-0.0221] unit decrease	NR [13308244] (imputed)	N	melanoma-derived growth regulatory protein  level	http://purl.obolibrary.org/obo/OBA_2050157	GCST90469903	Genome-wide genotyping array
2025-07-02	39789286	Loya H	2025-01-09	Nat Genet	www.ncbi.nlm.nih.gov/pubmed/39789286	A scalable variational inference approach for increased mixed-model association power.	MIA protein levels	47,745 European ancestry individuals	NA	3q27.3	3	186619924		AHSG, HRG-AS1			ENSG00000145192, ENSG00000197099			rs4917-C	rs4917	0	4917	missense_variant	0	0.642727	4E-20	19.397940008672037		0.018280532	[0.012-0.024] unit increase	NR [13308244] (imputed)	N	melanoma-derived growth regulatory protein  level	http://purl.obolibrary.org/obo/OBA_2050157	GCST90469903	Genome-wide genotyping array
2025-07-02	39789286	Loya H	2025-01-09	Nat Genet	www.ncbi.nlm.nih.gov/pubmed/39789286	A scalable variational inference approach for increased mixed-model association power.	MIA protein levels	47,745 European ancestry individuals	NA	19q13.2	19	39769402		CLC - LEUTX	ENSG00000105205	ENSG00000213921		31373	7193	rs535649382-C	rs535649382	0	535649382	intergenic_variant	1	0.0032575	1E-13	13.0		0.17191449	[0.11-0.24] unit increase	NR [13308244] (imputed)	N	melanoma-derived growth regulatory protein  level	http://purl.obolibrary.org/obo/OBA_2050157	GCST90469903	Genome-wide genotyping array
2025-07-02	39789286	Loya H	2025-01-09	Nat Genet	www.ncbi.nlm.nih.gov/pubmed/39789286	A scalable variational inference approach for increased mixed-model association power.	MIA protein levels	47,745 European ancestry individuals	NA	19q13.2	19	40674936		NUMBL			ENSG00000105245			rs555769270-G	rs555769270	0	555769270	intron_variant	0	0.0014783	7E-65	64.15490195998575		0.5826132	[0.49-0.68] unit increase	NR [13308244] (imputed)	N	melanoma-derived growth regulatory protein  level	http://purl.obolibrary.org/obo/OBA_2050157	GCST90469903	Genome-wide genotyping array
2025-07-02	39789286	Loya H	2025-01-09	Nat Genet	www.ncbi.nlm.nih.gov/pubmed/39789286	A scalable variational inference approach for increased mixed-model association power.	MIA protein levels	47,745 European ancestry individuals	NA	19q13.2	19	39615024		LGALS13 - RPS29P30	ENSG00000105198	ENSG00000268243		7550	29478	rs573698214-A	rs573698214	0	573698214	intergenic_variant	1	0.0036121	3E-13	12.522878745280337		0.16520625	[0.1-0.23] unit increase	NR [13308244] (imputed)	N	melanoma-derived growth regulatory protein  level	http://purl.obolibrary.org/obo/OBA_2050157	GCST90469903	Genome-wide genotyping array
2025-07-02	39789286	Loya H	2025-01-09	Nat Genet	www.ncbi.nlm.nih.gov/pubmed/39789286	A scalable variational inference approach for increased mixed-model association power.	MIA protein levels	47,745 European ancestry individuals	NA	4q21.23	4	85472147		RN7SKP48 - ARHGAP24	ENSG00000201901	ENSG00000138639		371324	3003	rs60028714-T	rs60028714	0	60028714	intergenic_variant	1	0.6214451	8E-19	18.096910013008056		0.017295338	[0.011-0.023] unit decrease	NR [13308244] (imputed)	N	melanoma-derived growth regulatory protein  level	http://purl.obolibrary.org/obo/OBA_2050157	GCST90469903	Genome-wide genotyping array
2025-07-02	39789286	Loya H	2025-01-09	Nat Genet	www.ncbi.nlm.nih.gov/pubmed/39789286	A scalable variational inference approach for increased mixed-model association power.	MIA protein levels	47,745 European ancestry individuals	NA	19q13.2	19	41209921		CYP2S1 - AXL	ENSG00000167600	ENSG00000167601		2381	9253	rs71175693-AT	rs71175693	0	71175693	intergenic_variant	1	0.4454699	3E-15	14.522878745280337		0.020773355	[0.014-0.028] unit decrease	NR [13308244] (imputed)	N	melanoma-derived growth regulatory protein  level	http://purl.obolibrary.org/obo/OBA_2050157	GCST90469903	Genome-wide genotyping array
2025-07-02	39789286	Loya H	2025-01-09	Nat Genet	www.ncbi.nlm.nih.gov/pubmed/39789286	A scalable variational inference approach for increased mixed-model association power.	MIA protein levels	47,745 European ancestry individuals	NA	14q21.3	14	50188639		SOS2			ENSG00000100485			rs72681869-C	rs72681869	0	72681869	missense_variant	0	0.0111635	1E-13	13.0		0.06372067	[0.037-0.091] unit increase	NR [13308244] (imputed)	N	melanoma-derived growth regulatory protein  level	http://purl.obolibrary.org/obo/OBA_2050157	GCST90469903	Genome-wide genotyping array
2025-07-02	39789286	Loya H	2025-01-09	Nat Genet	www.ncbi.nlm.nih.gov/pubmed/39789286	A scalable variational inference approach for increased mixed-model association power.	MIA protein levels	47,745 European ancestry individuals	NA	17q24.2	17	69086821		ABCA6			ENSG00000154262			rs740516-G	rs740516	0	740516	intron_variant	0	0.15000015	2E-22	21.69897000433602		0.02501484	[0.017-0.033] unit decrease	NR [13308244] (imputed)	N	melanoma-derived growth regulatory protein  level	http://purl.obolibrary.org/obo/OBA_2050157	GCST90469903	Genome-wide genotyping array
2025-07-02	39789286	Loya H	2025-01-09	Nat Genet	www.ncbi.nlm.nih.gov/pubmed/39789286	A scalable variational inference approach for increased mixed-model association power.	MIA protein levels	47,745 European ancestry individuals	NA	19q13.2	19	40561164		SPTBN4			ENSG00000160460			rs75413803-A	rs75413803	0	75413803	intron_variant	0	0.2002103	2E-22	21.69897000433602		0.03141719	[0.023-0.04] unit decrease	NR [13308244] (imputed)	N	melanoma-derived growth regulatory protein  level	http://purl.obolibrary.org/obo/OBA_2050157	GCST90469903	Genome-wide genotyping array
2025-07-02	39789286	Loya H	2025-01-09	Nat Genet	www.ncbi.nlm.nih.gov/pubmed/39789286	A scalable variational inference approach for increased mixed-model association power.	MIA protein levels	47,745 European ancestry individuals	NA	19q13.2	19	42232041		GSK3A			ENSG00000105723			rs76860122-A	rs76860122	0	76860122	intron_variant	0	0.0264	1E-26	26.0		0.08629502	[0.064-0.108] unit increase	NR [13308244] (imputed)	N	melanoma-derived growth regulatory protein  level	http://purl.obolibrary.org/obo/OBA_2050157	GCST90469903	Genome-wide genotyping array
2025-07-02	39789286	Loya H	2025-01-09	Nat Genet	www.ncbi.nlm.nih.gov/pubmed/39789286	A scalable variational inference approach for increased mixed-model association power.	MIA protein levels	47,745 European ancestry individuals	NA	17q24.2	17	69085137		ABCA6			ENSG00000154262			rs77542162-G	rs77542162	0	77542162	missense_variant	0	0.02194995	1E-43	43.0		0.08635264	[0.067-0.106] unit increase	NR [13308244] (imputed)	N	melanoma-derived growth regulatory protein  level	http://purl.obolibrary.org/obo/OBA_2050157	GCST90469903	Genome-wide genotyping array
2025-07-02	39789286	Loya H	2025-01-09	Nat Genet	www.ncbi.nlm.nih.gov/pubmed/39789286	A scalable variational inference approach for increased mixed-model association power.	MIA protein levels	47,745 European ancestry individuals	NA	16p12.3	16	20355408		UMOD			ENSG00000169344			rs777834943-CT	rs777834943	0	777834943	intron_variant	0	0.180234	7E-16	15.154901959985743		0.019742806	[0.012-0.027] unit decrease	NR [13308244] (imputed)	N	melanoma-derived growth regulatory protein  level	http://purl.obolibrary.org/obo/OBA_2050157	GCST90469903	Genome-wide genotyping array
2025-07-02	39789286	Loya H	2025-01-09	Nat Genet	www.ncbi.nlm.nih.gov/pubmed/39789286	A scalable variational inference approach for increased mixed-model association power.	MIA protein levels	47,745 European ancestry individuals	NA	19q13.2	19	40535027		SPTBN4			ENSG00000160460			rs79841705-C	rs79841705	0	79841705	intron_variant	0	0.0305486	2E-13	12.698970004336019		0.055080328	[0.035-0.076] unit decrease	NR [13308244] (imputed)	N	melanoma-derived growth regulatory protein  level	http://purl.obolibrary.org/obo/OBA_2050157	GCST90469903	Genome-wide genotyping array
2025-07-02	39789286	Loya H	2025-01-09	Nat Genet	www.ncbi.nlm.nih.gov/pubmed/39789286	A scalable variational inference approach for increased mixed-model association power.	MIA protein levels	47,745 European ancestry individuals	NA	19q13.2	19	40826452		CYP2F2P			ENSG00000237118			rs145256949-G	rs145256949	1	2545776	non_coding_transcript_exon_variant	0	0.2904315	9E-97	96.04575749056067		0.059142508	[0.051-0.067] unit decrease	NR [13308244] (imputed)	N	melanoma-derived growth regulatory protein  level	http://purl.obolibrary.org/obo/OBA_2050157	GCST90469903	Genome-wide genotyping array
2025-07-02	39789286	Loya H	2025-01-09	Nat Genet	www.ncbi.nlm.nih.gov/pubmed/39789286	A scalable variational inference approach for increased mixed-model association power.	MIA protein levels	47,745 European ancestry individuals	NA	19q13.2	19	41416181		BCKDHA			ENSG00000248098			rs540369872-G	rs540369872	0	540369872	intron_variant	0	0.0031011	8E-20	19.096910013008056		0.2196444	[0.15-0.29] unit increase	NR [13308244] (imputed)	N	melanoma-derived growth regulatory protein  level	http://purl.obolibrary.org/obo/OBA_2050157	GCST90469903	Genome-wide genotyping array
2025-07-02	39789286	Loya H	2025-01-09	Nat Genet	www.ncbi.nlm.nih.gov/pubmed/39789286	A scalable variational inference approach for increased mixed-model association power.	MIA protein levels	47,745 European ancestry individuals	NA	19q13.2	19	40843292		CYP2F2P - CYP2A6	ENSG00000237118	ENSG00000255974		16520	241	rs556743951-G	rs556743951	0	556743951	intron_variant	1	0.00182235	5E-12	11.301029995663981		0.21264486	[0.13-0.3] unit increase	NR [13308244] (imputed)	N	melanoma-derived growth regulatory protein  level	http://purl.obolibrary.org/obo/OBA_2050157	GCST90469903	Genome-wide genotyping array
2025-07-02	39789286	Loya H	2025-01-09	Nat Genet	www.ncbi.nlm.nih.gov/pubmed/39789286	A scalable variational inference approach for increased mixed-model association power.	MAGED1 protein levels	47,745 European ancestry individuals	NA	3p14.3	3	56815721		ARHGEF3			ENSG00000163947			rs1354034-C	rs1354034	0	1354034	intron_variant	0	0.6027647	9E-20	19.045757490560675		0.058435187	[0.046-0.071] unit increase	NR [13308244] (imputed)	N	level of melanoma-associated antigen D1 in blood	http://purl.obolibrary.org/obo/OBA_2051518	GCST90469839	Genome-wide genotyping array
2025-07-02	39789286	Loya H	2025-01-09	Nat Genet	www.ncbi.nlm.nih.gov/pubmed/39789286	A scalable variational inference approach for increased mixed-model association power.	MAGED1 protein levels	47,745 European ancestry individuals	NA	7p22.1	7	6462736		KDELR2, DAGLB			ENSG00000136240, ENSG00000164535			rs6796-C	rs6796	0	6796	3_prime_UTR_variant	0	0.27673054	6E-13	12.221848749616356		0.05036324	[0.036-0.064] unit increase	NR [13308244] (imputed)	N	level of melanoma-associated antigen D1 in blood	http://purl.obolibrary.org/obo/OBA_2051518	GCST90469839	Genome-wide genotyping array
2025-07-02	39789286	Loya H	2025-01-09	Nat Genet	www.ncbi.nlm.nih.gov/pubmed/39789286	A scalable variational inference approach for increased mixed-model association power.	MAGED1 protein levels	47,745 European ancestry individuals	NA	7q22.3	7	106731773		CCDC71L - LINC02577	ENSG00000253276	ENSG00000228742		70615	43132	rs342293-G	rs342293	0	342293	intron_variant	1	0.4602576	2E-28	27.69897000433602		0.0692414	[0.057-0.082] unit decrease	NR [13308244] (imputed)	N	level of melanoma-associated antigen D1 in blood	http://purl.obolibrary.org/obo/OBA_2051518	GCST90469839	Genome-wide genotyping array
