DATE ADDED TO CATALOG	PUBMEDID	FIRST AUTHOR	DATE	JOURNAL	LINK	STUDY	DISEASE/TRAIT	INITIAL SAMPLE SIZE	REPLICATION SAMPLE SIZE	REGION	CHR_ID	CHR_POS	REPORTED GENE(S)	MAPPED_GENE	UPSTREAM_GENE_ID	DOWNSTREAM_GENE_ID	SNP_GENE_IDS	UPSTREAM_GENE_DISTANCE	DOWNSTREAM_GENE_DISTANCE	STRONGEST SNP-RISK ALLELE	SNPS	MERGED	SNP_ID_CURRENT	CONTEXT	INTERGENIC	RISK ALLELE FREQUENCY	P-VALUE	PVALUE_MLOG	P-VALUE (TEXT)	OR or BETA	95% CI (TEXT)	PLATFORM [SNPS PASSING QC]	CNV	MAPPED_TRAIT	MAPPED_TRAIT_URI	STUDY ACCESSION	GENOTYPING TECHNOLOGY
2018-02-02	29313844	Willems SM	2017-07-12	Nat Commun	www.ncbi.nlm.nih.gov/pubmed/29313844	Large-scale GWAS identifies multiple loci for hand grip strength providing biological insights into muscular fitness.	Hand grip strength	142,035 European ancestry individuals	53,145 European ancestry individuals	11q13.4	11	74644478	POLD3	POLD3			ENSG00000077514			rs72979233-A	rs72979233	0	72979233	intergenic_variant	0	0.757	5E-13	12.301029995663981		0.1752	[0.13-0.22] kg increase	Affymetrix [at least 17000000] (imputed)	N	grip strength measurement	http://www.ebi.ac.uk/efo/EFO_0006941	GCST005235	Genome-wide genotyping array
2018-02-02	29313844	Willems SM	2017-07-12	Nat Commun	www.ncbi.nlm.nih.gov/pubmed/29313844	Large-scale GWAS identifies multiple loci for hand grip strength providing biological insights into muscular fitness.	Hand grip strength	142,035 European ancestry individuals	53,145 European ancestry individuals	11q25	11	133922749	IGSF9B	IGSF9B			ENSG00000080854			rs34845616-A	rs34845616	0	34845616	intron_variant	0	0.252	3E-8	7.522878745280337		0.1411	[0.091-0.191] kg increase	Affymetrix [at least 17000000] (imputed)	N	grip strength measurement	http://www.ebi.ac.uk/efo/EFO_0006941	GCST005235	Genome-wide genotyping array
2018-02-02	29313844	Willems SM	2017-07-12	Nat Commun	www.ncbi.nlm.nih.gov/pubmed/29313844	Large-scale GWAS identifies multiple loci for hand grip strength providing biological insights into muscular fitness.	Hand grip strength	142,035 European ancestry individuals	53,145 European ancestry individuals	1p36.22	1	10573188	PEX14	PEX14			ENSG00000142655			rs6687430-G	rs6687430	0	6687430	intron_variant	0	0.459	6E-11	10.221848749616356		0.1423	[0.1-0.185] kg increase	Affymetrix [at least 17000000] (imputed)	N	grip strength measurement	http://www.ebi.ac.uk/efo/EFO_0006941	GCST005235	Genome-wide genotyping array
2018-02-02	29313844	Willems SM	2017-07-12	Nat Commun	www.ncbi.nlm.nih.gov/pubmed/29313844	Large-scale GWAS identifies multiple loci for hand grip strength providing biological insights into muscular fitness.	Hand grip strength	142,035 European ancestry individuals	53,145 European ancestry individuals	1p32.3	1	53646060	GLIS1	GLIS1			ENSG00000174332			rs4926611-C	rs4926611	0	4926611	intron_variant	0	0.637	5E-12	11.301029995663981		0.1556	[0.11-0.2] kg increase	Affymetrix [at least 17000000] (imputed)	N	grip strength measurement	http://www.ebi.ac.uk/efo/EFO_0006941	GCST005235	Genome-wide genotyping array
2018-02-02	29313844	Willems SM	2017-07-12	Nat Commun	www.ncbi.nlm.nih.gov/pubmed/29313844	Large-scale GWAS identifies multiple loci for hand grip strength providing biological insights into muscular fitness.	Hand grip strength	142,035 European ancestry individuals	53,145 European ancestry individuals	12p12.3	12	14911061	ERP27	C12orf60 - ERP27	ENSG00000182993	ENSG00000139055		4475	2978	rs11614333-C	rs11614333	0	11614333	intergenic_variant	1	0.623	2E-12	11.698970004336019		0.1601	[0.12-0.2] kg increase	Affymetrix [at least 17000000] (imputed)	N	grip strength measurement	http://www.ebi.ac.uk/efo/EFO_0006941	GCST005235	Genome-wide genotyping array
2018-02-02	29313844	Willems SM	2017-07-12	Nat Commun	www.ncbi.nlm.nih.gov/pubmed/29313844	Large-scale GWAS identifies multiple loci for hand grip strength providing biological insights into muscular fitness.	Hand grip strength	142,035 European ancestry individuals	53,145 European ancestry individuals	12q21.2	12	79293191	SYT1	SYT1			ENSG00000067715			rs10861798-A	rs10861798	0	10861798	intron_variant	0	0.433	1E-10	10.0		0.1482	[0.1-0.19] kg increase	Affymetrix [at least 17000000] (imputed)	N	grip strength measurement	http://www.ebi.ac.uk/efo/EFO_0006941	GCST005235	Genome-wide genotyping array
2018-02-02	29313844	Willems SM	2017-07-12	Nat Commun	www.ncbi.nlm.nih.gov/pubmed/29313844	Large-scale GWAS identifies multiple loci for hand grip strength providing biological insights into muscular fitness.	Hand grip strength	142,035 European ancestry individuals	53,145 European ancestry individuals	2p22.1	2	40127548	SLC8A1	SLC8A1-AS1, SLC8A1			ENSG00000227028, ENSG00000183023			rs2110927-C	rs2110927	0	2110927	intron_variant	0	0.269	8E-9	8.096910013008056		0.1422	[0.094-0.19] kg increase	Affymetrix [at least 17000000] (imputed)	N	grip strength measurement	http://www.ebi.ac.uk/efo/EFO_0006941	GCST005235	Genome-wide genotyping array
2018-02-02	29313844	Willems SM	2017-07-12	Nat Commun	www.ncbi.nlm.nih.gov/pubmed/29313844	Large-scale GWAS identifies multiple loci for hand grip strength providing biological insights into muscular fitness.	Hand grip strength	142,035 European ancestry individuals	53,145 European ancestry individuals	2p21	2	44014016	LRPPRC	LRPPRC - PPM1B-DT	ENSG00000138095	ENSG00000273106		17790	102775	rs10186876-A	rs10186876	0	10186876	intergenic_variant	1	0.361	1E-10	10.0		0.1469	[0.1-0.19] kg increase	Affymetrix [at least 17000000] (imputed)	N	grip strength measurement	http://www.ebi.ac.uk/efo/EFO_0006941	GCST005235	Genome-wide genotyping array
2018-02-02	29313844	Willems SM	2017-07-12	Nat Commun	www.ncbi.nlm.nih.gov/pubmed/29313844	Large-scale GWAS identifies multiple loci for hand grip strength providing biological insights into muscular fitness.	Hand grip strength	142,035 European ancestry individuals	53,145 European ancestry individuals	2p13.3	2	70476715	TGFA	TGFA			ENSG00000163235			rs958685-A	rs958685	0	958685	intron_variant	0	0.515	5E-13	12.301029995663981		0.1571	[0.11-0.2] kg increase	Affymetrix [at least 17000000] (imputed)	N	grip strength measurement	http://www.ebi.ac.uk/efo/EFO_0006941	GCST005235	Genome-wide genotyping array
2018-02-02	29313844	Willems SM	2017-07-12	Nat Commun	www.ncbi.nlm.nih.gov/pubmed/29313844	Large-scale GWAS identifies multiple loci for hand grip strength providing biological insights into muscular fitness.	Hand grip strength	142,035 European ancestry individuals	53,145 European ancestry individuals	14q13.3	14	36171395	PTCSC3	LINC00609, PTCSC3			ENSG00000257585, ENSG00000259104			rs1169151-G	rs1169151	0	1169151	intron_variant	0	0.419	5E-8	7.301029995663981		0.1197	[0.077-0.163] kg increase	Affymetrix [at least 17000000] (imputed)	N	grip strength measurement	http://www.ebi.ac.uk/efo/EFO_0006941	GCST005235	Genome-wide genotyping array
2018-02-02	29313844	Willems SM	2017-07-12	Nat Commun	www.ncbi.nlm.nih.gov/pubmed/29313844	Large-scale GWAS identifies multiple loci for hand grip strength providing biological insights into muscular fitness.	Hand grip strength	142,035 European ancestry individuals	53,145 European ancestry individuals	14q22.2	14	54794067	SAMD4A	SAMD4A - GCH1	ENSG00000020577	ENSG00000131979		752	47941	rs7150628-C	rs7150628	0	7150628	intergenic_variant	1	0.431	4E-6	5.3979400086720375		0.1005	[0.058-0.143] kg increase	Affymetrix [at least 17000000] (imputed)	N	grip strength measurement	http://www.ebi.ac.uk/efo/EFO_0006941	GCST005235	Genome-wide genotyping array
2018-02-02	29313844	Willems SM	2017-07-12	Nat Commun	www.ncbi.nlm.nih.gov/pubmed/29313844	Large-scale GWAS identifies multiple loci for hand grip strength providing biological insights into muscular fitness.	Hand grip strength	142,035 European ancestry individuals	53,145 European ancestry individuals	6p21.32	6	32493090	HLA region	HLA-DRB9 - HLA-DRB5	ENSG00000196301	ENSG00000198502		19590	24255	rs78325334-T	rs78325334	0	78325334	intron_variant	1	0.843	1E-9	9.0		0.1858	[0.13-0.25] kg increase	Affymetrix [at least 17000000] (imputed)	N	grip strength measurement	http://www.ebi.ac.uk/efo/EFO_0006941	GCST005235	Genome-wide genotyping array
2018-02-02	29313844	Willems SM	2017-07-12	Nat Commun	www.ncbi.nlm.nih.gov/pubmed/29313844	Large-scale GWAS identifies multiple loci for hand grip strength providing biological insights into muscular fitness.	Hand grip strength	142,035 European ancestry individuals	53,145 European ancestry individuals	17q21.31	17	46147574	KANSL1	KANSL1			ENSG00000120071			rs80103986-A	rs80103986	0	80103986	intron_variant	0	0.805	1E-9	9.0		0.171	[0.12-0.23] kg increase	Affymetrix [at least 17000000] (imputed)	N	grip strength measurement	http://www.ebi.ac.uk/efo/EFO_0006941	GCST005235	Genome-wide genotyping array
2018-02-02	29313844	Willems SM	2017-07-12	Nat Commun	www.ncbi.nlm.nih.gov/pubmed/29313844	Large-scale GWAS identifies multiple loci for hand grip strength providing biological insights into muscular fitness.	Hand grip strength	142,035 European ancestry individuals	53,145 European ancestry individuals	17q21.32	17	48583930	HOXB3	HOXB3, HOXB-AS3			ENSG00000120093, ENSG00000233101			rs2288278-A	rs2288278	0	2288278	intron_variant	0	0.658	4E-12	11.397940008672037		0.1574	[0.11-0.2] kg increase	Affymetrix [at least 17000000] (imputed)	N	grip strength measurement	http://www.ebi.ac.uk/efo/EFO_0006941	GCST005235	Genome-wide genotyping array
2018-02-02	29313844	Willems SM	2017-07-12	Nat Commun	www.ncbi.nlm.nih.gov/pubmed/29313844	Large-scale GWAS identifies multiple loci for hand grip strength providing biological insights into muscular fitness.	Hand grip strength	142,035 European ancestry individuals	53,145 European ancestry individuals	17q25.3	17	81502092	ACTG1	LINC01971 - ACTG1	ENSG00000278200	ENSG00000184009		18081	7321	rs6565586-A	rs6565586	0	6565586	intergenic_variant	1	0.247	1E-8	8.0		0.1556	[0.1-0.21] kg increase	Affymetrix [at least 17000000] (imputed)	N	grip strength measurement	http://www.ebi.ac.uk/efo/EFO_0006941	GCST005235	Genome-wide genotyping array
2018-02-02	29313844	Willems SM	2017-07-12	Nat Commun	www.ncbi.nlm.nih.gov/pubmed/29313844	Large-scale GWAS identifies multiple loci for hand grip strength providing biological insights into muscular fitness.	Hand grip strength	142,035 European ancestry individuals	53,145 European ancestry individuals	18q21.2	18	55577183	TCF4	TCF4			ENSG00000196628			rs2924322-A	rs2924322	0	2924322	intron_variant	0	0.119	6E-8	7.221848749616356		0.1859	[0.12-0.25] kg increase	Affymetrix [at least 17000000] (imputed)	N	grip strength measurement	http://www.ebi.ac.uk/efo/EFO_0006941	GCST005235	Genome-wide genotyping array
2018-02-02	29313844	Willems SM	2017-07-12	Nat Commun	www.ncbi.nlm.nih.gov/pubmed/29313844	Large-scale GWAS identifies multiple loci for hand grip strength providing biological insights into muscular fitness.	Hand grip strength	142,035 European ancestry individuals	53,145 European ancestry individuals	9q33.1	9	115236607	DEC1	DELEC1			ENSG00000173077			rs72762373-A	rs72762373	0	72762373	intron_variant	0	0.03	2E-8	7.698970004336019		0.4181	[0.27-0.56] kg increase	Affymetrix [at least 17000000] (imputed)	N	grip strength measurement	http://www.ebi.ac.uk/efo/EFO_0006941	GCST005235	Genome-wide genotyping array
2018-02-02	29313844	Willems SM	2017-07-12	Nat Commun	www.ncbi.nlm.nih.gov/pubmed/29313844	Large-scale GWAS identifies multiple loci for hand grip strength providing biological insights into muscular fitness.	Hand grip strength	142,035 European ancestry individuals	53,145 European ancestry individuals	10q24.32	10	102367414	GBF1	GBF1			ENSG00000107862			rs2273555-A	rs2273555	0	2273555	intron_variant	0	0.608	1E-9	9.0		0.1361	[0.092-0.18] kg increase	Affymetrix [at least 17000000] (imputed)	N	grip strength measurement	http://www.ebi.ac.uk/efo/EFO_0006941	GCST005235	Genome-wide genotyping array
2018-02-02	29313844	Willems SM	2017-07-12	Nat Commun	www.ncbi.nlm.nih.gov/pubmed/29313844	Large-scale GWAS identifies multiple loci for hand grip strength providing biological insights into muscular fitness.	Hand grip strength	142,035 European ancestry individuals	53,145 European ancestry individuals	10q26.3	10	129039010	MGMT	LINC02667 - MGMT	ENSG00000224190	ENSG00000170430		122581	427669	rs374532236-T	rs374532236	0	374532236	intron_variant	1	0.378	1E-10	10.0		0.1468	[0.1-0.19] kg increase	Affymetrix [at least 17000000] (imputed)	N	grip strength measurement	http://www.ebi.ac.uk/efo/EFO_0006941	GCST005235	Genome-wide genotyping array
2019-08-29	30958311	Tao F	2019-04-03	J Neuromuscul Dis	www.ncbi.nlm.nih.gov/pubmed/30958311	Modifier Gene Candidates in Charcot-Marie-Tooth Disease Type 1A: A Case-Only Genome-Wide Association Study.	Foot plantar flexion strength in Charcot-Marie-Tooth disease 1A	136 European ancestry severe cases, 276 European ancestry mild cases	NA	21q22.2	21	40059947	NR	DSCAM			ENSG00000171587			rs2249498-?	rs2249498	0	2249498	intron_variant	0	NR	5E-7	6.301029995663981				Illumina [600000]	N	foot muscle strength trait	http://purl.obolibrary.org/obo/OBA_2050194	GCST008539	Genome-wide genotyping array
2019-03-15	30706531	Tao F	2019-01-31	Ann Neurol	www.ncbi.nlm.nih.gov/pubmed/30706531	Variation in SIPA1L2 is Correlated with Phenotype Modification in CMT Type 1A.	Reduced foot dorsiflexion strength in Charcot-Marie-Tooth disease type 1A	183 European ancestry cases severe cases, 147 European ancestry mild cases	55 Asian ancestry severe cases, 25 Asian ancestry mild cases	1q42.2	1	232463443	SIPA1L2	SIPA1L2			ENSG00000116991			rs10910527-T	rs10910527	0	10910527	intron_variant	0	NR	6E-8	7.221848749616356	(EA)	12.794	[5.083-32.206]	Illumina [633827]	N	foot muscle strength trait	http://purl.obolibrary.org/obo/OBA_2050194	GCST007304	Genome-wide genotyping array
2019-03-15	30706531	Tao F	2019-01-31	Ann Neurol	www.ncbi.nlm.nih.gov/pubmed/30706531	Variation in SIPA1L2 is Correlated with Phenotype Modification in CMT Type 1A.	Reduced foot dorsiflexion strength in Charcot-Marie-Tooth disease type 1A	183 European ancestry cases severe cases, 147 European ancestry mild cases	55 Asian ancestry severe cases, 25 Asian ancestry mild cases	4q28.1	4	123234042	SPATA5	AFG2A			ENSG00000145375			rs303143-A	rs303143	0	303143	intron_variant	0	NR	8E-7	6.096910013008056	(EA)	30.30303	[7.81-111.11]	Illumina [633827]	N	foot muscle strength trait	http://purl.obolibrary.org/obo/OBA_2050194	GCST007304	Genome-wide genotyping array
2019-03-15	30706531	Tao F	2019-01-31	Ann Neurol	www.ncbi.nlm.nih.gov/pubmed/30706531	Variation in SIPA1L2 is Correlated with Phenotype Modification in CMT Type 1A.	Reduced foot dorsiflexion strength in Charcot-Marie-Tooth disease type 1A	183 European ancestry cases severe cases, 147 European ancestry mild cases	55 Asian ancestry severe cases, 25 Asian ancestry mild cases	22q12.1	22	26974819	intergenic	MIATNB			ENSG00000244625			rs2213767-T	rs2213767	0	2213767	intron_variant	0	NR	4E-6	5.3979400086720375	(EA)	4.039	[2.226-7.329]	Illumina [633827]	N	foot muscle strength trait	http://purl.obolibrary.org/obo/OBA_2050194	GCST007304	Genome-wide genotyping array
2019-03-15	30706531	Tao F	2019-01-31	Ann Neurol	www.ncbi.nlm.nih.gov/pubmed/30706531	Variation in SIPA1L2 is Correlated with Phenotype Modification in CMT Type 1A.	Reduced foot dorsiflexion strength in Charcot-Marie-Tooth disease type 1A	183 European ancestry cases severe cases, 147 European ancestry mild cases	55 Asian ancestry severe cases, 25 Asian ancestry mild cases	1p22.3	1	86022549	COL24A1	COL24A1			ENSG00000171502			rs641712-G	rs641712	0	641712	missense_variant	0	NR	9E-6	5.045757490560675	(EA)	2.415459	[1.64-3.56]	Illumina [633827]	N	foot muscle strength trait	http://purl.obolibrary.org/obo/OBA_2050194	GCST007304	Genome-wide genotyping array
2018-07-09	29691431	Tikkanen E	2018-04-24	Sci Rep	www.ncbi.nlm.nih.gov/pubmed/29691431	Biological Insights Into Muscular Strength: Genetic Findings in the UK Biobank.	Hand grip strength	334,825 British ancestry individuals	NA	8q22.1	8	94570427	KIAA1429	VIRMA-DT			ENSG00000253704			rs12680855-A	rs12680855	0	12680855	intron_variant	0	0.6826	2E-8	7.698970004336019		0.002	[0.0014-0.0026] unit decrease	Affymetrix [15275733] (imputed)	N	grip strength measurement	http://www.ebi.ac.uk/efo/EFO_0006941	GCST005830	Genome-wide genotyping array
2018-07-09	29691431	Tikkanen E	2018-04-24	Sci Rep	www.ncbi.nlm.nih.gov/pubmed/29691431	Biological Insights Into Muscular Strength: Genetic Findings in the UK Biobank.	Hand grip strength	334,825 British ancestry individuals	NA	9p13.3	9	33775654	PRSS3	UBE2R2-AS1, PRSS3			ENSG00000235481, ENSG00000010438			rs10758232-C	rs10758232	0	10758232	intron_variant	0	0.6653	2E-8	7.698970004336019		0.002	[0.0014-0.0026] unit increase	Affymetrix [15275733] (imputed)	N	grip strength measurement	http://www.ebi.ac.uk/efo/EFO_0006941	GCST005830	Genome-wide genotyping array
2018-07-09	29691431	Tikkanen E	2018-04-24	Sci Rep	www.ncbi.nlm.nih.gov/pubmed/29691431	Biological Insights Into Muscular Strength: Genetic Findings in the UK Biobank.	Hand grip strength	334,825 British ancestry individuals	NA	18q11.2	18	23503774	C18orf8	RMC1			ENSG00000141452			rs303760-T	rs303760	0	303760	intron_variant	0	0.346	2E-8	7.698970004336019		0.002	[0.0014-0.0026] unit decrease	Affymetrix [15275733] (imputed)	N	grip strength measurement	http://www.ebi.ac.uk/efo/EFO_0006941	GCST005830	Genome-wide genotyping array
2018-07-09	29691431	Tikkanen E	2018-04-24	Sci Rep	www.ncbi.nlm.nih.gov/pubmed/29691431	Biological Insights Into Muscular Strength: Genetic Findings in the UK Biobank.	Hand grip strength	334,825 British ancestry individuals	NA	5q31.1	5	134526066	JADE2	JADE2			ENSG00000043143			rs329120-T	rs329120	0	329120	intron_variant	0	0.418	2E-8	7.698970004336019		0.002	[0.0014-0.0026] unit increase	Affymetrix [15275733] (imputed)	N	grip strength measurement	http://www.ebi.ac.uk/efo/EFO_0006941	GCST005830	Genome-wide genotyping array
2018-07-09	29691431	Tikkanen E	2018-04-24	Sci Rep	www.ncbi.nlm.nih.gov/pubmed/29691431	Biological Insights Into Muscular Strength: Genetic Findings in the UK Biobank.	Hand grip strength	334,825 British ancestry individuals	NA	7q22.1	7	99529017	ZKSCAN5	ZKSCAN5			ENSG00000196652			rs3843540-T	rs3843540	0	3843540	intron_variant	0	0.8514	2E-8	7.698970004336019		0.002	[0.0012-0.0028] unit decrease	Affymetrix [15275733] (imputed)	N	grip strength measurement	http://www.ebi.ac.uk/efo/EFO_0006941	GCST005830	Genome-wide genotyping array
2018-07-09	29691431	Tikkanen E	2018-04-24	Sci Rep	www.ncbi.nlm.nih.gov/pubmed/29691431	Biological Insights Into Muscular Strength: Genetic Findings in the UK Biobank.	Hand grip strength	334,825 British ancestry individuals	NA	17q21.31	17	45849924	SPPL2C	MAPT-AS1			ENSG00000264589			rs17769552-A	rs17769552	0	17769552	intron_variant	0	0.2235	2E-8	7.698970004336019		0.002	[0.0014-0.0026] unit decrease	Affymetrix [15275733] (imputed)	N	grip strength measurement	http://www.ebi.ac.uk/efo/EFO_0006941	GCST005830	Genome-wide genotyping array
2018-07-09	29691431	Tikkanen E	2018-04-24	Sci Rep	www.ncbi.nlm.nih.gov/pubmed/29691431	Biological Insights Into Muscular Strength: Genetic Findings in the UK Biobank.	Hand grip strength	334,825 British ancestry individuals	NA	6p24.1	6	12944861	PHACTR1	PHACTR1			ENSG00000112137			rs6905419-T	rs6905419	0	6905419	intron_variant	0	0.2814	2E-8	7.698970004336019		0.002	[0.0014-0.0026] unit decrease	Affymetrix [15275733] (imputed)	N	grip strength measurement	http://www.ebi.ac.uk/efo/EFO_0006941	GCST005830	Genome-wide genotyping array
2018-07-09	29691431	Tikkanen E	2018-04-24	Sci Rep	www.ncbi.nlm.nih.gov/pubmed/29691431	Biological Insights Into Muscular Strength: Genetic Findings in the UK Biobank.	Hand grip strength	334,825 British ancestry individuals	NA	15q24.3	15	77507315	HMG20A	HMG20A - LINGO1	ENSG00000140382	ENSG00000169783		21360	105712	rs4886869-A	rs4886869	0	4886869	intergenic_variant	1	0.3902	3E-8	7.522878745280337		0.002	[0.0014-0.0026] unit increase	Affymetrix [15275733] (imputed)	N	grip strength measurement	http://www.ebi.ac.uk/efo/EFO_0006941	GCST005830	Genome-wide genotyping array
2018-07-09	29691431	Tikkanen E	2018-04-24	Sci Rep	www.ncbi.nlm.nih.gov/pubmed/29691431	Biological Insights Into Muscular Strength: Genetic Findings in the UK Biobank.	Hand grip strength	334,825 British ancestry individuals	NA	1q25.3	1	185141235	TRMT1L	TRMT1L			ENSG00000121486			rs6424971-T	rs6424971	0	6424971	intron_variant	0	0.4829	3E-8	7.522878745280337		0.002	[0.0014-0.0026] unit increase	Affymetrix [15275733] (imputed)	N	grip strength measurement	http://www.ebi.ac.uk/efo/EFO_0006941	GCST005830	Genome-wide genotyping array
2018-07-09	29691431	Tikkanen E	2018-04-24	Sci Rep	www.ncbi.nlm.nih.gov/pubmed/29691431	Biological Insights Into Muscular Strength: Genetic Findings in the UK Biobank.	Hand grip strength	334,825 British ancestry individuals	NA	3p21.31	3	49737225	IP6K1	IP6K1			ENSG00000176095			rs73077175-A	rs73077175	0	73077175	intron_variant	0	0.3329	3E-8	7.522878745280337		0.002	[0.0014-0.0026] unit increase	Affymetrix [15275733] (imputed)	N	grip strength measurement	http://www.ebi.ac.uk/efo/EFO_0006941	GCST005830	Genome-wide genotyping array
2018-07-09	29691431	Tikkanen E	2018-04-24	Sci Rep	www.ncbi.nlm.nih.gov/pubmed/29691431	Biological Insights Into Muscular Strength: Genetic Findings in the UK Biobank.	Hand grip strength	334,825 British ancestry individuals	NA	3p26.1	3	4716902	ITPR1	ITPR1			ENSG00000150995			rs901850-T	rs901850	0	901850	intron_variant	0	0.256	3E-8	7.522878745280337		0.002	[0.0014-0.0026] unit increase	Affymetrix [15275733] (imputed)	N	grip strength measurement	http://www.ebi.ac.uk/efo/EFO_0006941	GCST005830	Genome-wide genotyping array
2018-07-09	29691431	Tikkanen E	2018-04-24	Sci Rep	www.ncbi.nlm.nih.gov/pubmed/29691431	Biological Insights Into Muscular Strength: Genetic Findings in the UK Biobank.	Hand grip strength	334,825 British ancestry individuals	NA	7q31.1	7	113982539	PPP1R3A	PPP1R3A			ENSG00000154415			rs9641509-T	rs9641509	0	9641509	intergenic_variant	0	0.6135	3E-8	7.522878745280337		0.002	[0.0014-0.0026] unit increase	Affymetrix [15275733] (imputed)	N	grip strength measurement	http://www.ebi.ac.uk/efo/EFO_0006941	GCST005830	Genome-wide genotyping array
2018-07-09	29691431	Tikkanen E	2018-04-24	Sci Rep	www.ncbi.nlm.nih.gov/pubmed/29691431	Biological Insights Into Muscular Strength: Genetic Findings in the UK Biobank.	Hand grip strength	334,825 British ancestry individuals	NA	19q13.32	19	44844654	PVRL2	BCAM - NECTIN2	ENSG00000187244	ENSG00000130202		23233	1521	rs4452060-A	rs4452060	0	4452060	regulatory_region_variant	1	0.42	3E-8	7.522878745280337		0.002	[0.0014-0.0026] unit increase	Affymetrix [15275733] (imputed)	N	grip strength measurement	http://www.ebi.ac.uk/efo/EFO_0006941	GCST005830	Genome-wide genotyping array
2018-07-09	29691431	Tikkanen E	2018-04-24	Sci Rep	www.ncbi.nlm.nih.gov/pubmed/29691431	Biological Insights Into Muscular Strength: Genetic Findings in the UK Biobank.	Hand grip strength	334,825 British ancestry individuals	NA	2q31.1	2	174096760	OLA1	OLA1			ENSG00000138430			rs2044469-A	rs2044469	0	2044469	intron_variant	0	0.6525	3E-8	7.522878745280337		0.002	[0.0014-0.0026] unit increase	Affymetrix [15275733] (imputed)	N	grip strength measurement	http://www.ebi.ac.uk/efo/EFO_0006941	GCST005830	Genome-wide genotyping array
2018-07-09	29691431	Tikkanen E	2018-04-24	Sci Rep	www.ncbi.nlm.nih.gov/pubmed/29691431	Biological Insights Into Muscular Strength: Genetic Findings in the UK Biobank.	Hand grip strength	334,825 British ancestry individuals	NA	17q21.31	17	45321692	SPATA32	MAP3K14 - RNA5SP443	ENSG00000006062	ENSG00000199953		4580	5674	rs117642368-C	rs117642368	0	117642368	regulatory_region_variant	1	0.1073	3E-8	7.522878745280337		0.002	[0.001-0.003] unit decrease	Affymetrix [15275733] (imputed)	N	grip strength measurement	http://www.ebi.ac.uk/efo/EFO_0006941	GCST005830	Genome-wide genotyping array
2018-07-09	29691431	Tikkanen E	2018-04-24	Sci Rep	www.ncbi.nlm.nih.gov/pubmed/29691431	Biological Insights Into Muscular Strength: Genetic Findings in the UK Biobank.	Hand grip strength	334,825 British ancestry individuals	NA	2p22.1	2	40154781	SLC8A1	SLC8A1, SLC8A1-AS1			ENSG00000183023, ENSG00000227028			rs4952499-T	rs4952499	0	4952499	intron_variant	0	0.7403	3E-8	7.522878745280337		0.002	[0.0014-0.0026] unit decrease	Affymetrix [15275733] (imputed)	N	grip strength measurement	http://www.ebi.ac.uk/efo/EFO_0006941	GCST005830	Genome-wide genotyping array
2018-07-09	29691431	Tikkanen E	2018-04-24	Sci Rep	www.ncbi.nlm.nih.gov/pubmed/29691431	Biological Insights Into Muscular Strength: Genetic Findings in the UK Biobank.	Hand grip strength	334,825 British ancestry individuals	NA	6p21.31	6	33833733	MLN	MLN - LINC01016	ENSG00000096395	ENSG00000249346		29730	754	rs12055409-A	rs12055409	0	12055409	intergenic_variant	1	0.3428	4E-8	7.3979400086720375		0.002	[0.0014-0.0026] unit decrease	Affymetrix [15275733] (imputed)	N	grip strength measurement	http://www.ebi.ac.uk/efo/EFO_0006941	GCST005830	Genome-wide genotyping array
2018-07-09	29691431	Tikkanen E	2018-04-24	Sci Rep	www.ncbi.nlm.nih.gov/pubmed/29691431	Biological Insights Into Muscular Strength: Genetic Findings in the UK Biobank.	Hand grip strength	334,825 British ancestry individuals	NA	5q33.2	5	154087886	MFAP3	MFAP3			ENSG00000037749			rs143373756-C	rs143373756	0	143373756	intergenic_variant	0	0.9812	4E-8	7.3979400086720375		0.006	[0.0038-0.0082] unit decrease	Affymetrix [15275733] (imputed)	N	grip strength measurement	http://www.ebi.ac.uk/efo/EFO_0006941	GCST005830	Genome-wide genotyping array
2018-07-09	29691431	Tikkanen E	2018-04-24	Sci Rep	www.ncbi.nlm.nih.gov/pubmed/29691431	Biological Insights Into Muscular Strength: Genetic Findings in the UK Biobank.	Hand grip strength	334,825 British ancestry individuals	NA	2p21	2	43994021	LRPPRC	LRPPRC			ENSG00000138095			rs13017251-A	rs13017251	0	13017251	intron_variant	0	0.494	4E-8	7.3979400086720375		0.002	[0.0014-0.0026] unit increase	Affymetrix [15275733] (imputed)	N	grip strength measurement	http://www.ebi.ac.uk/efo/EFO_0006941	GCST005830	Genome-wide genotyping array
2018-07-09	29691431	Tikkanen E	2018-04-24	Sci Rep	www.ncbi.nlm.nih.gov/pubmed/29691431	Biological Insights Into Muscular Strength: Genetic Findings in the UK Biobank.	Hand grip strength	334,825 British ancestry individuals	NA	18q21.32	18	60390796	MC4R	MC4R - MRPS5P4	ENSG00000166603	ENSG00000266915		18021	129045	rs74550407-A	rs74550407	0	74550407	intron_variant	1	0.0375	4E-8	7.3979400086720375		0.004	[0.0026-0.0054] unit increase	Affymetrix [15275733] (imputed)	N	grip strength measurement	http://www.ebi.ac.uk/efo/EFO_0006941	GCST005830	Genome-wide genotyping array
2018-07-09	29691431	Tikkanen E	2018-04-24	Sci Rep	www.ncbi.nlm.nih.gov/pubmed/29691431	Biological Insights Into Muscular Strength: Genetic Findings in the UK Biobank.	Hand grip strength	334,825 British ancestry individuals	NA	3p13	3	71617912	FOXP1	FOXP1-DT - EIF4E3	ENSG00000270562	ENSG00000163412		30503	57502	rs830643-A	rs830643	0	830643	intron_variant	1	0.4138	4E-8	7.3979400086720375		0.002	[0.0014-0.0026] unit increase	Affymetrix [15275733] (imputed)	N	grip strength measurement	http://www.ebi.ac.uk/efo/EFO_0006941	GCST005830	Genome-wide genotyping array
2018-07-09	29691431	Tikkanen E	2018-04-24	Sci Rep	www.ncbi.nlm.nih.gov/pubmed/29691431	Biological Insights Into Muscular Strength: Genetic Findings in the UK Biobank.	Hand grip strength	334,825 British ancestry individuals	NA	15q25.1	15	79120057	RASGRF1	RASGRF1 - ANKRD34C-AS1	ENSG00000058335	ENSG00000259234		29277	3489	rs1521624-A	rs1521624	0	1521624	intron_variant	1	0.4716	4E-8	7.3979400086720375		0.002	[0.0014-0.0026] unit increase	Affymetrix [15275733] (imputed)	N	grip strength measurement	http://www.ebi.ac.uk/efo/EFO_0006941	GCST005830	Genome-wide genotyping array
2018-07-09	29691431	Tikkanen E	2018-04-24	Sci Rep	www.ncbi.nlm.nih.gov/pubmed/29691431	Biological Insights Into Muscular Strength: Genetic Findings in the UK Biobank.	Hand grip strength	334,825 British ancestry individuals	NA	1p22.2	1	90765528	BARHL2	BARHL2 - LINC02609	ENSG00000143032	ENSG00000233593		48226	3558	rs6428601-A	rs6428601	0	6428601	intron_variant	1	0.4549	4E-8	7.3979400086720375		0.002	[0.0014-0.0026] unit increase	Affymetrix [15275733] (imputed)	N	grip strength measurement	http://www.ebi.ac.uk/efo/EFO_0006941	GCST005830	Genome-wide genotyping array
2018-07-09	29691431	Tikkanen E	2018-04-24	Sci Rep	www.ncbi.nlm.nih.gov/pubmed/29691431	Biological Insights Into Muscular Strength: Genetic Findings in the UK Biobank.	Hand grip strength	334,825 British ancestry individuals	NA	9q22.2	9	89593312	GADD45G	SEMA4D - GADD45G	ENSG00000187764	ENSG00000130222		95145	11700	rs1329733-A	rs1329733	0	1329733	intron_variant	1	0.5243	4E-8	7.3979400086720375		0.002	[0.0014-0.0026] unit increase	Affymetrix [15275733] (imputed)	N	grip strength measurement	http://www.ebi.ac.uk/efo/EFO_0006941	GCST005830	Genome-wide genotyping array
2018-07-09	29691431	Tikkanen E	2018-04-24	Sci Rep	www.ncbi.nlm.nih.gov/pubmed/29691431	Biological Insights Into Muscular Strength: Genetic Findings in the UK Biobank.	Hand grip strength	334,825 British ancestry individuals	NA	19p13.12	19	13844347	NANOS3	MIR23AHG - NANOS3	ENSG00000267519	ENSG00000187556		1419	17716	rs12162265-A	rs12162265	0	12162265	non_coding_transcript_exon_variant	1	0.2384	5E-8	7.301029995663981		0.002	[0.0014-0.0026] unit decrease	Affymetrix [15275733] (imputed)	N	grip strength measurement	http://www.ebi.ac.uk/efo/EFO_0006941	GCST005830	Genome-wide genotyping array
2018-07-09	29691431	Tikkanen E	2018-04-24	Sci Rep	www.ncbi.nlm.nih.gov/pubmed/29691431	Biological Insights Into Muscular Strength: Genetic Findings in the UK Biobank.	Hand grip strength	334,825 British ancestry individuals	NA	3p14.2	3	62485607	CADPS	CADPS			ENSG00000163618			rs9968060-T	rs9968060	0	9968060	intron_variant	0	0.6456	5E-8	7.301029995663981		0.002	[0.0014-0.0026] unit decrease	Affymetrix [15275733] (imputed)	N	grip strength measurement	http://www.ebi.ac.uk/efo/EFO_0006941	GCST005830	Genome-wide genotyping array
2018-07-09	29691431	Tikkanen E	2018-04-24	Sci Rep	www.ncbi.nlm.nih.gov/pubmed/29691431	Biological Insights Into Muscular Strength: Genetic Findings in the UK Biobank.	Hand grip strength	334,825 British ancestry individuals	NA	16q12.2	16	53768582	FTO	FTO			ENSG00000140718			rs11642015-T	rs11642015	0	11642015	intron_variant	0	0.4023	8E-49	48.096910013008056		0.004	[0.0034-0.0046] unit decrease	Affymetrix [15275733] (imputed)	N	grip strength measurement	http://www.ebi.ac.uk/efo/EFO_0006941	GCST005830	Genome-wide genotyping array
2018-07-09	29691431	Tikkanen E	2018-04-24	Sci Rep	www.ncbi.nlm.nih.gov/pubmed/29691431	Biological Insights Into Muscular Strength: Genetic Findings in the UK Biobank.	Hand grip strength	334,825 British ancestry individuals	NA	16p11.2	16	28857374	SH2B1	SH2B1			ENSG00000178188			rs62037364-A	rs62037364	0	62037364	intergenic_variant	0	0.4076	2E-26	25.69897000433602		0.003	[0.0024-0.0036] unit decrease	Affymetrix [15275733] (imputed)	N	grip strength measurement	http://www.ebi.ac.uk/efo/EFO_0006941	GCST005830	Genome-wide genotyping array
2018-07-09	29691431	Tikkanen E	2018-04-24	Sci Rep	www.ncbi.nlm.nih.gov/pubmed/29691431	Biological Insights Into Muscular Strength: Genetic Findings in the UK Biobank.	Hand grip strength	334,825 British ancestry individuals	NA	4q24	4	102276925	SLC39A8	SLC39A8			ENSG00000138821			rs13135092-A	rs13135092	0	13135092	intron_variant	0	0.9169	3E-26	25.522878745280337		0.005	[0.004-0.006] unit increase	Affymetrix [15275733] (imputed)	N	grip strength measurement	http://www.ebi.ac.uk/efo/EFO_0006941	GCST005830	Genome-wide genotyping array
2018-07-09	29691431	Tikkanen E	2018-04-24	Sci Rep	www.ncbi.nlm.nih.gov/pubmed/29691431	Biological Insights Into Muscular Strength: Genetic Findings in the UK Biobank.	Hand grip strength	334,825 British ancestry individuals	NA	2p23.3	2	24913997	ADCY3	ADCY3			ENSG00000138031			rs10203386-A	rs10203386	0	10203386	intron_variant	0	0.452	2E-23	22.69897000433602		0.003	[0.0024-0.0036] unit decrease	Affymetrix [15275733] (imputed)	N	grip strength measurement	http://www.ebi.ac.uk/efo/EFO_0006941	GCST005830	Genome-wide genotyping array
2018-07-09	29691431	Tikkanen E	2018-04-24	Sci Rep	www.ncbi.nlm.nih.gov/pubmed/29691431	Biological Insights Into Muscular Strength: Genetic Findings in the UK Biobank.	Hand grip strength	334,825 British ancestry individuals	NA	2p25.3	2	636790	TMEM18	LINC01875 - TMEM18	ENSG00000225942	ENSG00000151353		90115	27087	rs35142762-T	rs35142762	0	35142762	regulatory_region_variant	1	0.8282	5E-22	21.30102999566398		0.004	[0.0032-0.0048] unit decrease	Affymetrix [15275733] (imputed)	N	grip strength measurement	http://www.ebi.ac.uk/efo/EFO_0006941	GCST005830	Genome-wide genotyping array
2018-07-09	29691431	Tikkanen E	2018-04-24	Sci Rep	www.ncbi.nlm.nih.gov/pubmed/29691431	Biological Insights Into Muscular Strength: Genetic Findings in the UK Biobank.	Hand grip strength	334,825 British ancestry individuals	NA	1q25.2	1	177919890	SEC16B	LINC01741 - SEC16B	ENSG00000236720	ENSG00000120341		207615	4066	rs539515-A	rs539515	0	539515	intron_variant	1	0.7924	3E-21	20.522878745280337		0.003	[0.0024-0.0036] unit increase	Affymetrix [15275733] (imputed)	N	grip strength measurement	http://www.ebi.ac.uk/efo/EFO_0006941	GCST005830	Genome-wide genotyping array
2018-07-09	29691431	Tikkanen E	2018-04-24	Sci Rep	www.ncbi.nlm.nih.gov/pubmed/29691431	Biological Insights Into Muscular Strength: Genetic Findings in the UK Biobank.	Hand grip strength	334,825 British ancestry individuals	NA	2p25.3	2	422144	FAM150B	LINC01865			ENSG00000233684			rs62107261-T	rs62107261	0	62107261	non_coding_transcript_exon_variant	0	0.9518	8E-21	20.096910013008056		0.006	[0.0046-0.0074] unit decrease	Affymetrix [15275733] (imputed)	N	grip strength measurement	http://www.ebi.ac.uk/efo/EFO_0006941	GCST005830	Genome-wide genotyping array
2018-07-09	29691431	Tikkanen E	2018-04-24	Sci Rep	www.ncbi.nlm.nih.gov/pubmed/29691431	Biological Insights Into Muscular Strength: Genetic Findings in the UK Biobank.	Hand grip strength	334,825 British ancestry individuals	NA	6p12.3	6	50817167	TFAP2B	TFAP2D - TFAP2B	ENSG00000008197	ENSG00000008196		44134	1556	rs2744475-C	rs2744475	0	2744475	non_coding_transcript_exon_variant	1	0.7084	2E-20	19.69897000433602		0.003	[0.0024-0.0036] unit increase	Affymetrix [15275733] (imputed)	N	grip strength measurement	http://www.ebi.ac.uk/efo/EFO_0006941	GCST005830	Genome-wide genotyping array
2018-07-09	29691431	Tikkanen E	2018-04-24	Sci Rep	www.ncbi.nlm.nih.gov/pubmed/29691431	Biological Insights Into Muscular Strength: Genetic Findings in the UK Biobank.	Hand grip strength	334,825 British ancestry individuals	NA	16p12.1	16	28335819	NPIPB6	SBK1 - NPIPB6	ENSG00000188322	ENSG00000198156		11970	6698	rs2726036-A	rs2726036	0	2726036	intergenic_variant	1	0.5991	3E-20	19.522878745280337		0.003	[0.0024-0.0036] unit increase	Affymetrix [15275733] (imputed)	N	grip strength measurement	http://www.ebi.ac.uk/efo/EFO_0006941	GCST005830	Genome-wide genotyping array
2018-07-09	29691431	Tikkanen E	2018-04-24	Sci Rep	www.ncbi.nlm.nih.gov/pubmed/29691431	Biological Insights Into Muscular Strength: Genetic Findings in the UK Biobank.	Hand grip strength	334,825 British ancestry individuals	NA	18q21.32	18	60187461	MC4R	RNU4-17P - MC4R	ENSG00000202468	ENSG00000166603		23754	183601	rs34633411-T	rs34633411	0	34633411	intergenic_variant	1	0.2374	2E-19	18.69897000433602		0.003	[0.0024-0.0036] unit decrease	Affymetrix [15275733] (imputed)	N	grip strength measurement	http://www.ebi.ac.uk/efo/EFO_0006941	GCST005830	Genome-wide genotyping array
2018-07-09	29691431	Tikkanen E	2018-04-24	Sci Rep	www.ncbi.nlm.nih.gov/pubmed/29691431	Biological Insights Into Muscular Strength: Genetic Findings in the UK Biobank.	Hand grip strength	334,825 British ancestry individuals	NA	11p11.2	11	47510843	CELF1	CELF1			ENSG00000149187			rs11039266-T	rs11039266	0	11039266	intron_variant	0	0.7219	3E-18	17.522878745280337		0.003	[0.0024-0.0036] unit decrease	Affymetrix [15275733] (imputed)	N	grip strength measurement	http://www.ebi.ac.uk/efo/EFO_0006941	GCST005830	Genome-wide genotyping array
2018-07-09	29691431	Tikkanen E	2018-04-24	Sci Rep	www.ncbi.nlm.nih.gov/pubmed/29691431	Biological Insights Into Muscular Strength: Genetic Findings in the UK Biobank.	Hand grip strength	334,825 British ancestry individuals	NA	17q24.2	17	67843094	BPTF	BPTF			ENSG00000171634			rs8073510-A	rs8073510	0	8073510	intron_variant	0	0.8045	1E-16	16.0		0.003	[0.0022-0.0038] unit increase	Affymetrix [15275733] (imputed)	N	grip strength measurement	http://www.ebi.ac.uk/efo/EFO_0006941	GCST005830	Genome-wide genotyping array
2018-07-09	29691431	Tikkanen E	2018-04-24	Sci Rep	www.ncbi.nlm.nih.gov/pubmed/29691431	Biological Insights Into Muscular Strength: Genetic Findings in the UK Biobank.	Hand grip strength	334,825 British ancestry individuals	NA	10p12.31	10	21627799	MLLT10	MLLT10			ENSG00000078403			rs1243182-T	rs1243182	0	1243182	intron_variant	0	0.3108	4E-16	15.397940008672037		0.002	[0.0014-0.0026] unit decrease	Affymetrix [15275733] (imputed)	N	grip strength measurement	http://www.ebi.ac.uk/efo/EFO_0006941	GCST005830	Genome-wide genotyping array
2018-07-09	29691431	Tikkanen E	2018-04-24	Sci Rep	www.ncbi.nlm.nih.gov/pubmed/29691431	Biological Insights Into Muscular Strength: Genetic Findings in the UK Biobank.	Hand grip strength	334,825 British ancestry individuals	NA	16q22.1	16	69862345	WWP2	WWP2			ENSG00000198373			rs11645565-A	rs11645565	0	11645565	intron_variant	0	0.4308	7E-16	15.154901959985743		0.002	[0.0014-0.0026] unit decrease	Affymetrix [15275733] (imputed)	N	grip strength measurement	http://www.ebi.ac.uk/efo/EFO_0006941	GCST005830	Genome-wide genotyping array
2018-07-09	29691431	Tikkanen E	2018-04-24	Sci Rep	www.ncbi.nlm.nih.gov/pubmed/29691431	Biological Insights Into Muscular Strength: Genetic Findings in the UK Biobank.	Hand grip strength	334,825 British ancestry individuals	NA	6p21.33	6	31624141	PRRC2A	PRRC2A			ENSG00000204469			rs2260051-A	rs2260051	0	2260051	intron_variant	0	0.4425	1E-15	15.0		0.002	[0.0014-0.0026] unit increase	Affymetrix [15275733] (imputed)	N	grip strength measurement	http://www.ebi.ac.uk/efo/EFO_0006941	GCST005830	Genome-wide genotyping array
2018-07-09	29691431	Tikkanen E	2018-04-24	Sci Rep	www.ncbi.nlm.nih.gov/pubmed/29691431	Biological Insights Into Muscular Strength: Genetic Findings in the UK Biobank.	Hand grip strength	334,825 British ancestry individuals	NA	5q21.2	5	104596006	NUDT12	NIHCOLE - RNU6-334P	ENSG00000251026	ENSG00000252881		165761	184282	rs2431112-A	rs2431112	0	2431112	intron_variant	1	0.4407	2E-15	14.698970004336019		0.002	[0.0014-0.0026] unit decrease	Affymetrix [15275733] (imputed)	N	grip strength measurement	http://www.ebi.ac.uk/efo/EFO_0006941	GCST005830	Genome-wide genotyping array
2018-07-09	29691431	Tikkanen E	2018-04-24	Sci Rep	www.ncbi.nlm.nih.gov/pubmed/29691431	Biological Insights Into Muscular Strength: Genetic Findings in the UK Biobank.	Hand grip strength	334,825 British ancestry individuals	NA	6p21.31	6	34825347	UHRF1BP1	BLTP3A			ENSG00000065060			rs9469899-A	rs9469899	0	9469899	intron_variant	0	0.3572	3E-15	14.522878745280337		0.002	[0.0014-0.0026] unit decrease	Affymetrix [15275733] (imputed)	N	grip strength measurement	http://www.ebi.ac.uk/efo/EFO_0006941	GCST005830	Genome-wide genotyping array
2018-07-09	29691431	Tikkanen E	2018-04-24	Sci Rep	www.ncbi.nlm.nih.gov/pubmed/29691431	Biological Insights Into Muscular Strength: Genetic Findings in the UK Biobank.	Hand grip strength	334,825 British ancestry individuals	NA	18q21.2	18	55707682	TCF4	TCF4 - LINC01415	ENSG00000196628	ENSG00000267325		42895	69045	rs1642294-C	rs1642294	0	1642294	intron_variant	1	0.145	6E-15	14.221848749616356		0.003	[0.0022-0.0038] unit increase	Affymetrix [15275733] (imputed)	N	grip strength measurement	http://www.ebi.ac.uk/efo/EFO_0006941	GCST005830	Genome-wide genotyping array
2018-07-09	29691431	Tikkanen E	2018-04-24	Sci Rep	www.ncbi.nlm.nih.gov/pubmed/29691431	Biological Insights Into Muscular Strength: Genetic Findings in the UK Biobank.	Hand grip strength	334,825 British ancestry individuals	NA	2p13.3	2	70492938	TGFA	TGFA			ENSG00000163235			rs3771498-T	rs3771498	0	3771498	intron_variant	0	0.5169	1E-14	14.0		0.002	[0.0014-0.0026] unit increase	Affymetrix [15275733] (imputed)	N	grip strength measurement	http://www.ebi.ac.uk/efo/EFO_0006941	GCST005830	Genome-wide genotyping array
2018-07-09	29691431	Tikkanen E	2018-04-24	Sci Rep	www.ncbi.nlm.nih.gov/pubmed/29691431	Biological Insights Into Muscular Strength: Genetic Findings in the UK Biobank.	Hand grip strength	334,825 British ancestry individuals	NA	7p14.1	7	39286879	POU6F2	POU6F2			ENSG00000106536			rs4549685-T	rs4549685	0	4549685	intron_variant	0	0.3305	5E-14	13.301029995663981		0.002	[0.0014-0.0026] unit increase	Affymetrix [15275733] (imputed)	N	grip strength measurement	http://www.ebi.ac.uk/efo/EFO_0006941	GCST005830	Genome-wide genotyping array
2018-07-09	29691431	Tikkanen E	2018-04-24	Sci Rep	www.ncbi.nlm.nih.gov/pubmed/29691431	Biological Insights Into Muscular Strength: Genetic Findings in the UK Biobank.	Hand grip strength	334,825 British ancestry individuals	NA	2q21.3	2	134871869	ACMSD	CCNT2-AS1, ACMSD			ENSG00000224043, ENSG00000153086			rs6711390-T	rs6711390	0	6711390	intron_variant	0	0.3604	6E-14	13.221848749616356		0.002	[0.0014-0.0026] unit increase	Affymetrix [15275733] (imputed)	N	grip strength measurement	http://www.ebi.ac.uk/efo/EFO_0006941	GCST005830	Genome-wide genotyping array
2018-07-09	29691431	Tikkanen E	2018-04-24	Sci Rep	www.ncbi.nlm.nih.gov/pubmed/29691431	Biological Insights Into Muscular Strength: Genetic Findings in the UK Biobank.	Hand grip strength	334,825 British ancestry individuals	NA	18q21.32	18	60381959	MC4R	MC4R - MRPS5P4	ENSG00000166603	ENSG00000266915		9184	137882	rs11873305-A	rs11873305	0	11873305	intron_variant	1	0.9608	9E-14	13.045757490560675		0.005	[0.0036-0.0064] unit decrease	Affymetrix [15275733] (imputed)	N	grip strength measurement	http://www.ebi.ac.uk/efo/EFO_0006941	GCST005830	Genome-wide genotyping array
2018-07-09	29691431	Tikkanen E	2018-04-24	Sci Rep	www.ncbi.nlm.nih.gov/pubmed/29691431	Biological Insights Into Muscular Strength: Genetic Findings in the UK Biobank.	Hand grip strength	334,825 British ancestry individuals	NA	10q26.3	10	129036434	MGMT	LINC02667 - MGMT	ENSG00000224190	ENSG00000170430		120005	430245	rs1556659-T	rs1556659	0	1556659	non_coding_transcript_exon_variant	1	0.3832	1E-13	13.0		0.002	[0.0014-0.0026] unit increase	Affymetrix [15275733] (imputed)	N	grip strength measurement	http://www.ebi.ac.uk/efo/EFO_0006941	GCST005830	Genome-wide genotyping array
2018-07-09	29691431	Tikkanen E	2018-04-24	Sci Rep	www.ncbi.nlm.nih.gov/pubmed/29691431	Biological Insights Into Muscular Strength: Genetic Findings in the UK Biobank.	Hand grip strength	334,825 British ancestry individuals	NA	15q25.1	15	80696259	ABHD17C	ABHD17C			ENSG00000136379			rs7165759-A	rs7165759	0	7165759	intron_variant	0	0.2981	1E-13	13.0		0.002	[0.0014-0.0026] unit increase	Affymetrix [15275733] (imputed)	N	grip strength measurement	http://www.ebi.ac.uk/efo/EFO_0006941	GCST005830	Genome-wide genotyping array
2018-07-09	29691431	Tikkanen E	2018-04-24	Sci Rep	www.ncbi.nlm.nih.gov/pubmed/29691431	Biological Insights Into Muscular Strength: Genetic Findings in the UK Biobank.	Hand grip strength	334,825 British ancestry individuals	NA	18q21.32	18	60299953	MC4R	RNU4-17P - MC4R	ENSG00000202468	ENSG00000166603		136246	71109	rs7231880-T	rs7231880	0	7231880	intron_variant	1	0.7065	1E-8	8.0		0.002	[0.0014-0.0026] unit increase	Affymetrix [15275733] (imputed)	N	grip strength measurement	http://www.ebi.ac.uk/efo/EFO_0006941	GCST005830	Genome-wide genotyping array
2018-07-09	29691431	Tikkanen E	2018-04-24	Sci Rep	www.ncbi.nlm.nih.gov/pubmed/29691431	Biological Insights Into Muscular Strength: Genetic Findings in the UK Biobank.	Hand grip strength	334,825 British ancestry individuals	NA	15q21.1	15	47624675	SEMA6D	SEMA6D			ENSG00000137872			rs1529883-C	rs1529883	0	1529883	intron_variant	0	0.3453	1E-8	8.0		0.002	[0.0014-0.0026] unit increase	Affymetrix [15275733] (imputed)	N	grip strength measurement	http://www.ebi.ac.uk/efo/EFO_0006941	GCST005830	Genome-wide genotyping array
2018-07-09	29691431	Tikkanen E	2018-04-24	Sci Rep	www.ncbi.nlm.nih.gov/pubmed/29691431	Biological Insights Into Muscular Strength: Genetic Findings in the UK Biobank.	Hand grip strength	334,825 British ancestry individuals	NA	4q34.3	4	180615793	TENM3	NDUFB5P1 - LINC00290	ENSG00000251025	ENSG00000248197		41766	420605	rs3113767-T	rs3113767	0	3113767	intergenic_variant	1	0.845	1E-8	8.0		0.002	[0.0012-0.0028] unit increase	Affymetrix [15275733] (imputed)	N	grip strength measurement	http://www.ebi.ac.uk/efo/EFO_0006941	GCST005830	Genome-wide genotyping array
2018-07-09	29691431	Tikkanen E	2018-04-24	Sci Rep	www.ncbi.nlm.nih.gov/pubmed/29691431	Biological Insights Into Muscular Strength: Genetic Findings in the UK Biobank.	Hand grip strength	334,825 British ancestry individuals	NA	6p21.2	6	40381627	LRFN2	TDRG1, LINC00951			ENSG00000204091, ENSG00000226070			rs6904571-T	rs6904571	0	6904571	non_coding_transcript_exon_variant	0	0.2588	1E-8	8.0		0.002	[0.0014-0.0026] unit increase	Affymetrix [15275733] (imputed)	N	grip strength measurement	http://www.ebi.ac.uk/efo/EFO_0006941	GCST005830	Genome-wide genotyping array
2018-07-09	29691431	Tikkanen E	2018-04-24	Sci Rep	www.ncbi.nlm.nih.gov/pubmed/29691431	Biological Insights Into Muscular Strength: Genetic Findings in the UK Biobank.	Hand grip strength	334,825 British ancestry individuals	NA	7p14.1	7	39388170	POU6F2	POU6F2			ENSG00000106536			rs887013-A	rs887013	0	887013	intron_variant	0	0.6818	1E-8	8.0		0.002	[0.0014-0.0026] unit increase	Affymetrix [15275733] (imputed)	N	grip strength measurement	http://www.ebi.ac.uk/efo/EFO_0006941	GCST005830	Genome-wide genotyping array
2018-07-09	29691431	Tikkanen E	2018-04-24	Sci Rep	www.ncbi.nlm.nih.gov/pubmed/29691431	Biological Insights Into Muscular Strength: Genetic Findings in the UK Biobank.	Hand grip strength	334,825 British ancestry individuals	NA	6q16.1	6	97981461	MMS22L	MMS22L - MIR2113	ENSG00000146263	ENSG00000238367		698237	43070	rs9320823-T	rs9320823	0	9320823	intron_variant	1	0.3981	1E-8	8.0		0.002	[0.0014-0.0026] unit increase	Affymetrix [15275733] (imputed)	N	grip strength measurement	http://www.ebi.ac.uk/efo/EFO_0006941	GCST005830	Genome-wide genotyping array
2018-07-09	29691431	Tikkanen E	2018-04-24	Sci Rep	www.ncbi.nlm.nih.gov/pubmed/29691431	Biological Insights Into Muscular Strength: Genetic Findings in the UK Biobank.	Hand grip strength	334,825 British ancestry individuals	NA	13q12.11	13	20042417	ZMYM2	ZMYM2			ENSG00000121741			rs9579775-A	rs9579775	0	9579775	intron_variant	0	0.8646	1E-8	8.0		0.002	[0.0012-0.0028] unit increase	Affymetrix [15275733] (imputed)	N	grip strength measurement	http://www.ebi.ac.uk/efo/EFO_0006941	GCST005830	Genome-wide genotyping array
2018-07-09	29691431	Tikkanen E	2018-04-24	Sci Rep	www.ncbi.nlm.nih.gov/pubmed/29691431	Biological Insights Into Muscular Strength: Genetic Findings in the UK Biobank.	Hand grip strength	334,825 British ancestry individuals	NA	3p12.2	3	81925407	GBE1	GBE1 - LINC02008	ENSG00000114480	ENSG00000239440		163626	60731	rs9877408-A	rs9877408	0	9877408	intron_variant	1	0.5984	1E-8	8.0		0.002	[0.0014-0.0026] unit increase	Affymetrix [15275733] (imputed)	N	grip strength measurement	http://www.ebi.ac.uk/efo/EFO_0006941	GCST005830	Genome-wide genotyping array
2018-07-09	29691431	Tikkanen E	2018-04-24	Sci Rep	www.ncbi.nlm.nih.gov/pubmed/29691431	Biological Insights Into Muscular Strength: Genetic Findings in the UK Biobank.	Hand grip strength	334,825 British ancestry individuals	NA	1p13.3	1	109612066	GNAT2	GNAT2			ENSG00000134183			rs17024393-T	rs17024393	0	17024393	intron_variant	0	0.9742	2E-8	7.698970004336019		0.005	[0.0032-0.0068] unit increase	Affymetrix [15275733] (imputed)	N	grip strength measurement	http://www.ebi.ac.uk/efo/EFO_0006941	GCST005830	Genome-wide genotyping array
2018-07-09	29691431	Tikkanen E	2018-04-24	Sci Rep	www.ncbi.nlm.nih.gov/pubmed/29691431	Biological Insights Into Muscular Strength: Genetic Findings in the UK Biobank.	Hand grip strength	334,825 British ancestry individuals	NA	20q13.2	20	52283154	ZFP64	LINC01524			ENSG00000234948			rs2206929-T	rs2206929	0	2206929	intron_variant	0	0.7096	2E-8	7.698970004336019		0.002	[0.0014-0.0026] unit decrease	Affymetrix [15275733] (imputed)	N	grip strength measurement	http://www.ebi.ac.uk/efo/EFO_0006941	GCST005830	Genome-wide genotyping array
2018-07-09	29691431	Tikkanen E	2018-04-24	Sci Rep	www.ncbi.nlm.nih.gov/pubmed/29691431	Biological Insights Into Muscular Strength: Genetic Findings in the UK Biobank.	Hand grip strength	334,825 British ancestry individuals	NA	19q13.41	19	51716824	NA	HAS1			ENSG00000105509			rs11084110-T	rs11084110	0	11084110	intron_variant	0	0.7068	2E-8	7.698970004336019		0.002	[0.0014-0.0026] unit increase	Affymetrix [15275733] (imputed)	N	grip strength measurement	http://www.ebi.ac.uk/efo/EFO_0006941	GCST005830	Genome-wide genotyping array
2018-07-09	29691431	Tikkanen E	2018-04-24	Sci Rep	www.ncbi.nlm.nih.gov/pubmed/29691431	Biological Insights Into Muscular Strength: Genetic Findings in the UK Biobank.	Hand grip strength	334,825 British ancestry individuals	NA	6p22.1	6	29938536	HLA-A	POLR1HASP, POLR1HASP			ENSG00000204623, ENSG00000293508			rs453325-A	rs453325	0	453325	intergenic_variant	0	0.7549	2E-8	7.698970004336019		0.002	[0.0014-0.0026] unit decrease	Affymetrix [15275733] (imputed)	N	grip strength measurement	http://www.ebi.ac.uk/efo/EFO_0006941	GCST005830	Genome-wide genotyping array
2018-07-09	29691431	Tikkanen E	2018-04-24	Sci Rep	www.ncbi.nlm.nih.gov/pubmed/29691431	Biological Insights Into Muscular Strength: Genetic Findings in the UK Biobank.	Hand grip strength	334,825 British ancestry individuals	NA	22q13.1	22	38714119	GTPBP1	GTPBP1			ENSG00000100226			rs5750673-A	rs5750673	0	5750673	intron_variant	0	0.2776	2E-8	7.698970004336019		0.002	[0.0014-0.0026] unit decrease	Affymetrix [15275733] (imputed)	N	grip strength measurement	http://www.ebi.ac.uk/efo/EFO_0006941	GCST005830	Genome-wide genotyping array
2018-07-09	29691431	Tikkanen E	2018-04-24	Sci Rep	www.ncbi.nlm.nih.gov/pubmed/29691431	Biological Insights Into Muscular Strength: Genetic Findings in the UK Biobank.	Hand grip strength	334,825 British ancestry individuals	NA	2p16.2	2	53966056	PSME4	PSME4			ENSG00000068878			rs805343-T	rs805343	0	805343	intron_variant	0	0.475	2E-8	7.698970004336019		0.002	[0.0014-0.0026] unit decrease	Affymetrix [15275733] (imputed)	N	grip strength measurement	http://www.ebi.ac.uk/efo/EFO_0006941	GCST005830	Genome-wide genotyping array
2018-07-09	29691431	Tikkanen E	2018-04-24	Sci Rep	www.ncbi.nlm.nih.gov/pubmed/29691431	Biological Insights Into Muscular Strength: Genetic Findings in the UK Biobank.	Hand grip strength	223,215 British ancestry individuals	111,610 British ancestry individuals	16q12.2	16	53767042	FTO	FTO			ENSG00000140718			rs1421085-C	rs1421085	0	1421085	intron_variant	0	0.4	5E-38	37.30102999566398		0.004	[0.0034-0.0046] unit decrease	Affymetrix [15275733] (imputed)	N	grip strength measurement	http://www.ebi.ac.uk/efo/EFO_0006941	GCST005829	Genome-wide genotyping array
2018-07-09	29691431	Tikkanen E	2018-04-24	Sci Rep	www.ncbi.nlm.nih.gov/pubmed/29691431	Biological Insights Into Muscular Strength: Genetic Findings in the UK Biobank.	Hand grip strength	223,215 British ancestry individuals	111,610 British ancestry individuals	16p11.2	16	28835925	ATXN2L	ATXN2L			ENSG00000168488			rs12928404-C	rs12928404	0	12928404	splice_region_variant	0	0.41	1E-25	25.0		0.003	[0.0024-0.0036] unit decrease	Affymetrix [15275733] (imputed)	N	grip strength measurement	http://www.ebi.ac.uk/efo/EFO_0006941	GCST005829	Genome-wide genotyping array
2018-07-09	29691431	Tikkanen E	2018-04-24	Sci Rep	www.ncbi.nlm.nih.gov/pubmed/29691431	Biological Insights Into Muscular Strength: Genetic Findings in the UK Biobank.	Hand grip strength	223,215 British ancestry individuals	111,610 British ancestry individuals	4q24	4	102267552	SLC39A8	SLC39A8			ENSG00000138821			rs13107325-T	rs13107325	0	13107325	missense_variant	0	0.075	4E-23	22.397940008672037		0.006	[0.0048-0.0072] unit decrease	Affymetrix [15275733] (imputed)	N	grip strength measurement	http://www.ebi.ac.uk/efo/EFO_0006941	GCST005829	Genome-wide genotyping array
2018-07-09	29691431	Tikkanen E	2018-04-24	Sci Rep	www.ncbi.nlm.nih.gov/pubmed/29691431	Biological Insights Into Muscular Strength: Genetic Findings in the UK Biobank.	Hand grip strength	223,215 British ancestry individuals	111,610 British ancestry individuals	2p23.3	2	24913997	ADCY3	ADCY3			ENSG00000138031			rs10203386-A	rs10203386	0	10203386	intron_variant	0	0.45	2E-20	19.69897000433602		0.003	[0.0024-0.0036] unit decrease	Affymetrix [15275733] (imputed)	N	grip strength measurement	http://www.ebi.ac.uk/efo/EFO_0006941	GCST005829	Genome-wide genotyping array
2018-07-09	29691431	Tikkanen E	2018-04-24	Sci Rep	www.ncbi.nlm.nih.gov/pubmed/29691431	Biological Insights Into Muscular Strength: Genetic Findings in the UK Biobank.	Hand grip strength	223,215 British ancestry individuals	111,610 British ancestry individuals	1q25.2	1	177920345	ENSG00000254154	LINC01741 - SEC16B	ENSG00000236720	ENSG00000120341		208070	3611	rs543874-G	rs543874	0	543874	intergenic_variant	1	0.21	4E-20	19.397940008672037		0.004	[0.0032-0.0048] unit decrease	Affymetrix [15275733] (imputed)	N	grip strength measurement	http://www.ebi.ac.uk/efo/EFO_0006941	GCST005829	Genome-wide genotyping array
2018-07-09	29691431	Tikkanen E	2018-04-24	Sci Rep	www.ncbi.nlm.nih.gov/pubmed/29691431	Biological Insights Into Muscular Strength: Genetic Findings in the UK Biobank.	Hand grip strength	223,215 British ancestry individuals	111,610 British ancestry individuals	2p25.3	2	629831	TMEM18	LINC01875 - TMEM18	ENSG00000225942	ENSG00000151353		83156	34046	rs6752706-C	rs6752706	0	6752706	intergenic_variant	1	0.82	4E-18	17.397940008672037		0.004	[0.0032-0.0048] unit decrease	Affymetrix [15275733] (imputed)	N	grip strength measurement	http://www.ebi.ac.uk/efo/EFO_0006941	GCST005829	Genome-wide genotyping array
2018-07-09	29691431	Tikkanen E	2018-04-24	Sci Rep	www.ncbi.nlm.nih.gov/pubmed/29691431	Biological Insights Into Muscular Strength: Genetic Findings in the UK Biobank.	Hand grip strength	223,215 British ancestry individuals	111,610 British ancestry individuals	6p12.3	6	50817167	TFAP2B	TFAP2D - TFAP2B	ENSG00000008197	ENSG00000008196		44134	1556	rs2744475-G	rs2744475	0	2744475	non_coding_transcript_exon_variant	1	0.29	7E-17	16.154901959985743		0.003	[0.0024-0.0036] unit decrease	Affymetrix [15275733] (imputed)	N	grip strength measurement	http://www.ebi.ac.uk/efo/EFO_0006941	GCST005829	Genome-wide genotyping array
2018-07-09	29691431	Tikkanen E	2018-04-24	Sci Rep	www.ncbi.nlm.nih.gov/pubmed/29691431	Biological Insights Into Muscular Strength: Genetic Findings in the UK Biobank.	Hand grip strength	223,215 British ancestry individuals	111,610 British ancestry individuals	18q21.32	18	60184530	ENSG00000267620	RNU4-17P - MC4R	ENSG00000202468	ENSG00000166603		20823	186532	rs10871777-G	rs10871777	0	10871777	intergenic_variant	1	0.24	8E-17	16.096910013008056		0.003	[0.0022-0.0038] unit decrease	Affymetrix [15275733] (imputed)	N	grip strength measurement	http://www.ebi.ac.uk/efo/EFO_0006941	GCST005829	Genome-wide genotyping array
2018-07-09	29691431	Tikkanen E	2018-04-24	Sci Rep	www.ncbi.nlm.nih.gov/pubmed/29691431	Biological Insights Into Muscular Strength: Genetic Findings in the UK Biobank.	Hand grip strength	223,215 British ancestry individuals	111,610 British ancestry individuals	11p11.2	11	47550415	CELF1	CELF1			ENSG00000149187			rs12225051-T	rs12225051	0	12225051	intron_variant	0	0.28	7E-15	14.154901959985743		0.003	[0.0022-0.0038] unit increase	Affymetrix [15275733] (imputed)	N	grip strength measurement	http://www.ebi.ac.uk/efo/EFO_0006941	GCST005829	Genome-wide genotyping array
2018-07-09	29691431	Tikkanen E	2018-04-24	Sci Rep	www.ncbi.nlm.nih.gov/pubmed/29691431	Biological Insights Into Muscular Strength: Genetic Findings in the UK Biobank.	Hand grip strength	223,215 British ancestry individuals	111,610 British ancestry individuals	2p25.3	2	417167	LINC01874	LINC01865			ENSG00000233684			rs62106258-C	rs62106258	0	62106258	intron_variant	0	0.048	3E-14	13.522878745280337		0.006	[0.0046-0.0074] unit increase	Affymetrix [15275733] (imputed)	N	grip strength measurement	http://www.ebi.ac.uk/efo/EFO_0006941	GCST005829	Genome-wide genotyping array
2018-07-09	29691431	Tikkanen E	2018-04-24	Sci Rep	www.ncbi.nlm.nih.gov/pubmed/29691431	Biological Insights Into Muscular Strength: Genetic Findings in the UK Biobank.	Hand grip strength	223,215 British ancestry individuals	111,610 British ancestry individuals	10p12.31	10	21619874	MLLT10	MLLT10			ENSG00000078403			rs1243188-C	rs1243188	0	1243188	intron_variant	0	0.3	2E-13	12.698970004336019		0.003	[0.0024-0.0036] unit decrease	Affymetrix [15275733] (imputed)	N	grip strength measurement	http://www.ebi.ac.uk/efo/EFO_0006941	GCST005829	Genome-wide genotyping array
2018-07-09	29691431	Tikkanen E	2018-04-24	Sci Rep	www.ncbi.nlm.nih.gov/pubmed/29691431	Biological Insights Into Muscular Strength: Genetic Findings in the UK Biobank.	Hand grip strength	334,825 British ancestry individuals	NA	4q21.21	4	79874901	ANTXR2	PCAT4			ENSG00000251321			rs58383713-A	rs58383713	0	58383713	intron_variant	0	0.196	3E-9	8.522878745280337		0.002	[0.0012-0.0028] unit decrease	Affymetrix [15275733] (imputed)	N	grip strength measurement	http://www.ebi.ac.uk/efo/EFO_0006941	GCST005830	Genome-wide genotyping array
2018-07-09	29691431	Tikkanen E	2018-04-24	Sci Rep	www.ncbi.nlm.nih.gov/pubmed/29691431	Biological Insights Into Muscular Strength: Genetic Findings in the UK Biobank.	Hand grip strength	334,825 British ancestry individuals	NA	11q25	11	133352033	OPCML	OPCML			ENSG00000183715			rs11223444-A	rs11223444	0	11223444	intron_variant	0	0.4476	3E-9	8.522878745280337		0.002	[0.0014-0.0026] unit decrease	Affymetrix [15275733] (imputed)	N	grip strength measurement	http://www.ebi.ac.uk/efo/EFO_0006941	GCST005830	Genome-wide genotyping array
2018-07-09	29691431	Tikkanen E	2018-04-24	Sci Rep	www.ncbi.nlm.nih.gov/pubmed/29691431	Biological Insights Into Muscular Strength: Genetic Findings in the UK Biobank.	Hand grip strength	334,825 British ancestry individuals	NA	3p13	3	71358739	FOXP1	FOXP1			ENSG00000114861			rs4677611-T	rs4677611	0	4677611	intron_variant	0	0.4877	3E-9	8.522878745280337		0.002	[0.0014-0.0026] unit increase	Affymetrix [15275733] (imputed)	N	grip strength measurement	http://www.ebi.ac.uk/efo/EFO_0006941	GCST005830	Genome-wide genotyping array
2018-07-09	29691431	Tikkanen E	2018-04-24	Sci Rep	www.ncbi.nlm.nih.gov/pubmed/29691431	Biological Insights Into Muscular Strength: Genetic Findings in the UK Biobank.	Hand grip strength	334,825 British ancestry individuals	NA	6p21.31	6	34210781	HMGA1	KRT18P9 - CYCSP55	ENSG00000271231	ENSG00000214810		19702	8658	rs10807136-T	rs10807136	0	10807136	intergenic_variant	1	0.1197	3E-9	8.522878745280337		0.003	[0.0022-0.0038] unit decrease	Affymetrix [15275733] (imputed)	N	grip strength measurement	http://www.ebi.ac.uk/efo/EFO_0006941	GCST005830	Genome-wide genotyping array
2018-07-09	29691431	Tikkanen E	2018-04-24	Sci Rep	www.ncbi.nlm.nih.gov/pubmed/29691431	Biological Insights Into Muscular Strength: Genetic Findings in the UK Biobank.	Hand grip strength	334,825 British ancestry individuals	NA	2p23.3	2	26730672	KCNK3	KCNK3			ENSG00000171303			rs1627854-A	rs1627854	0	1627854	3_prime_UTR_variant	0	0.528	4E-9	8.397940008672037		0.002	[0.0014-0.0026] unit increase	Affymetrix [15275733] (imputed)	N	grip strength measurement	http://www.ebi.ac.uk/efo/EFO_0006941	GCST005830	Genome-wide genotyping array
2018-07-09	29691431	Tikkanen E	2018-04-24	Sci Rep	www.ncbi.nlm.nih.gov/pubmed/29691431	Biological Insights Into Muscular Strength: Genetic Findings in the UK Biobank.	Hand grip strength	334,825 British ancestry individuals	NA	14q12	14	27216999	NOVA1	NOVA1-DT			ENSG00000257842			rs202941-T	rs202941	0	202941	intron_variant	0	0.6156	4E-9	8.397940008672037		0.002	[0.0014-0.0026] unit increase	Affymetrix [15275733] (imputed)	N	grip strength measurement	http://www.ebi.ac.uk/efo/EFO_0006941	GCST005830	Genome-wide genotyping array
2018-07-09	29691431	Tikkanen E	2018-04-24	Sci Rep	www.ncbi.nlm.nih.gov/pubmed/29691431	Biological Insights Into Muscular Strength: Genetic Findings in the UK Biobank.	Hand grip strength	334,825 British ancestry individuals	NA	16q21	16	64484759	CDH11	LINC02165 - PPIAP48	ENSG00000261014	ENSG00000260187		728875	252035	rs12447992-A	rs12447992	0	12447992	intron_variant	1	0.8651	5E-9	8.301029995663981		0.002	[0.0012-0.0028] unit decrease	Affymetrix [15275733] (imputed)	N	grip strength measurement	http://www.ebi.ac.uk/efo/EFO_0006941	GCST005830	Genome-wide genotyping array
2018-07-09	29691431	Tikkanen E	2018-04-24	Sci Rep	www.ncbi.nlm.nih.gov/pubmed/29691431	Biological Insights Into Muscular Strength: Genetic Findings in the UK Biobank.	Hand grip strength	334,825 British ancestry individuals	NA	2q22.3	2	144873612	ZEB2	TEX41			ENSG00000226674			rs76808502-C	rs76808502	0	76808502	intron_variant	0	0.0291	5E-9	8.301029995663981		0.005	[0.0032-0.0068] unit increase	Affymetrix [15275733] (imputed)	N	grip strength measurement	http://www.ebi.ac.uk/efo/EFO_0006941	GCST005830	Genome-wide genotyping array
2018-07-09	29691431	Tikkanen E	2018-04-24	Sci Rep	www.ncbi.nlm.nih.gov/pubmed/29691431	Biological Insights Into Muscular Strength: Genetic Findings in the UK Biobank.	Hand grip strength	334,825 British ancestry individuals	NA	6p21.32	6	32521902	HLA-DRB5	HLA-DRB5			ENSG00000198502			rs117108573-T	rs117108573	0	117108573	splice_donor_region_variant	0	0.0816	6E-9	8.221848749616356		0.003	[0.002-0.004] unit decrease	Affymetrix [15275733] (imputed)	N	grip strength measurement	http://www.ebi.ac.uk/efo/EFO_0006941	GCST005830	Genome-wide genotyping array
2018-07-09	29691431	Tikkanen E	2018-04-24	Sci Rep	www.ncbi.nlm.nih.gov/pubmed/29691431	Biological Insights Into Muscular Strength: Genetic Findings in the UK Biobank.	Hand grip strength	334,825 British ancestry individuals	NA	2q11.2	2	100203959	AFF3	AFF3 - LINC01104	ENSG00000144218	ENSG00000232084		11531	4193	rs11689199-A	rs11689199	0	11689199	intergenic_variant	1	0.5978	6E-9	8.221848749616356		0.002	[0.0014-0.0026] unit decrease	Affymetrix [15275733] (imputed)	N	grip strength measurement	http://www.ebi.ac.uk/efo/EFO_0006941	GCST005830	Genome-wide genotyping array
2018-07-09	29691431	Tikkanen E	2018-04-24	Sci Rep	www.ncbi.nlm.nih.gov/pubmed/29691431	Biological Insights Into Muscular Strength: Genetic Findings in the UK Biobank.	Hand grip strength	334,825 British ancestry individuals	NA	11p11.2	11	43607199	HSD17B12	MIR670HG			ENSG00000235661			rs4755720-T	rs4755720	0	4755720	intron_variant	0	0.6084	6E-9	8.221848749616356		0.002	[0.0014-0.0026] unit increase	Affymetrix [15275733] (imputed)	N	grip strength measurement	http://www.ebi.ac.uk/efo/EFO_0006941	GCST005830	Genome-wide genotyping array
2018-07-09	29691431	Tikkanen E	2018-04-24	Sci Rep	www.ncbi.nlm.nih.gov/pubmed/29691431	Biological Insights Into Muscular Strength: Genetic Findings in the UK Biobank.	Hand grip strength	334,825 British ancestry individuals	NA	1q41	1	215393250	KCTD3	VDAC1P10 - KCTD3	ENSG00000232809	ENSG00000136636		15876	173772	rs1039716-T	rs1039716	0	1039716	intron_variant	1	0.7829	7E-9	8.154901959985743		0.002	[0.0014-0.0026] unit increase	Affymetrix [15275733] (imputed)	N	grip strength measurement	http://www.ebi.ac.uk/efo/EFO_0006941	GCST005830	Genome-wide genotyping array
2018-07-09	29691431	Tikkanen E	2018-04-24	Sci Rep	www.ncbi.nlm.nih.gov/pubmed/29691431	Biological Insights Into Muscular Strength: Genetic Findings in the UK Biobank.	Hand grip strength	334,825 British ancestry individuals	NA	7q11.22	7	70403503	AUTS2	AUTS2			ENSG00000158321			rs10279237-T	rs10279237	0	10279237	intron_variant	0	0.8003	7E-9	8.154901959985743		0.002	[0.0012-0.0028] unit increase	Affymetrix [15275733] (imputed)	N	grip strength measurement	http://www.ebi.ac.uk/efo/EFO_0006941	GCST005830	Genome-wide genotyping array
2018-07-09	29691431	Tikkanen E	2018-04-24	Sci Rep	www.ncbi.nlm.nih.gov/pubmed/29691431	Biological Insights Into Muscular Strength: Genetic Findings in the UK Biobank.	Hand grip strength	334,825 British ancestry individuals	NA	4q22.2	4	94074827	SMARCAD1	ATOH1 - SMARCAD1-DT	ENSG00000172238	ENSG00000246541		243863	42965	rs7658243-A	rs7658243	0	7658243	intergenic_variant	1	0.5768	7E-9	8.154901959985743		0.002	[0.0014-0.0026] unit decrease	Affymetrix [15275733] (imputed)	N	grip strength measurement	http://www.ebi.ac.uk/efo/EFO_0006941	GCST005830	Genome-wide genotyping array
2018-07-09	29691431	Tikkanen E	2018-04-24	Sci Rep	www.ncbi.nlm.nih.gov/pubmed/29691431	Biological Insights Into Muscular Strength: Genetic Findings in the UK Biobank.	Hand grip strength	334,825 British ancestry individuals	NA	3q26.31	3	173396515	NLGN1	NLGN1			ENSG00000169760			rs529200-A	rs529200	0	529200	intergenic_variant	0	0.4741	7E-9	8.154901959985743		0.002	[0.0014-0.0026] unit increase	Affymetrix [15275733] (imputed)	N	grip strength measurement	http://www.ebi.ac.uk/efo/EFO_0006941	GCST005830	Genome-wide genotyping array
2018-07-09	29691431	Tikkanen E	2018-04-24	Sci Rep	www.ncbi.nlm.nih.gov/pubmed/29691431	Biological Insights Into Muscular Strength: Genetic Findings in the UK Biobank.	Hand grip strength	334,825 British ancestry individuals	NA	10q24.31	10	100866753	FAM178A	PAX2 - Y_RNA	ENSG00000075891	ENSG00000200544		36809	40421	rs61873510-T	rs61873510	0	61873510	regulatory_region_variant	1	0.3287	8E-9	8.096910013008056		0.002	[0.0014-0.0026] unit decrease	Affymetrix [15275733] (imputed)	N	grip strength measurement	http://www.ebi.ac.uk/efo/EFO_0006941	GCST005830	Genome-wide genotyping array
2018-07-09	29691431	Tikkanen E	2018-04-24	Sci Rep	www.ncbi.nlm.nih.gov/pubmed/29691431	Biological Insights Into Muscular Strength: Genetic Findings in the UK Biobank.	Hand grip strength	334,825 British ancestry individuals	NA	3p11.1	3	88175154	CGGBP1	C3orf38 - ABCF2P1	ENSG00000179021	ENSG00000242159		6425	142002	rs4858934-T	rs4858934	0	4858934	intergenic_variant	1	0.1147	9E-9	8.045757490560675		0.002	[0.0012-0.0028] unit increase	Affymetrix [15275733] (imputed)	N	grip strength measurement	http://www.ebi.ac.uk/efo/EFO_0006941	GCST005830	Genome-wide genotyping array
2018-07-09	29691431	Tikkanen E	2018-04-24	Sci Rep	www.ncbi.nlm.nih.gov/pubmed/29691431	Biological Insights Into Muscular Strength: Genetic Findings in the UK Biobank.	Hand grip strength	334,825 British ancestry individuals	NA	6p21.32	6	32676776	NA	HLA-DQB1 - MTCO3P1	ENSG00000179344	ENSG00000235040		8393	29348	rs3134986-T	rs3134986	0	3134986	intergenic_variant	1	0.2899	9E-9	8.045757490560675		0.002	[0.0014-0.0026] unit decrease	Affymetrix [15275733] (imputed)	N	grip strength measurement	http://www.ebi.ac.uk/efo/EFO_0006941	GCST005830	Genome-wide genotyping array
2018-07-09	29691431	Tikkanen E	2018-04-24	Sci Rep	www.ncbi.nlm.nih.gov/pubmed/29691431	Biological Insights Into Muscular Strength: Genetic Findings in the UK Biobank.	Hand grip strength	334,825 British ancestry individuals	NA	4p15.31	4	18350275	LCORL	LCORL - LINC02438	ENSG00000178177	ENSG00000248238		328282	822060	rs66679256-T	rs66679256	0	66679256	intergenic_variant	1	0.4461	9E-9	8.045757490560675		0.002	[0.0014-0.0026] unit decrease	Affymetrix [15275733] (imputed)	N	grip strength measurement	http://www.ebi.ac.uk/efo/EFO_0006941	GCST005830	Genome-wide genotyping array
2018-07-09	29691431	Tikkanen E	2018-04-24	Sci Rep	www.ncbi.nlm.nih.gov/pubmed/29691431	Biological Insights Into Muscular Strength: Genetic Findings in the UK Biobank.	Hand grip strength	334,825 British ancestry individuals	NA	4p14	4	38678394	KLF3	KLF3			ENSG00000109787			rs13132853-A	rs13132853	0	13132853	5_prime_UTR_variant	0	0.6352	9E-9	8.045757490560675		0.002	[0.0014-0.0026] unit decrease	Affymetrix [15275733] (imputed)	N	grip strength measurement	http://www.ebi.ac.uk/efo/EFO_0006941	GCST005830	Genome-wide genotyping array
2018-07-09	29691431	Tikkanen E	2018-04-24	Sci Rep	www.ncbi.nlm.nih.gov/pubmed/29691431	Biological Insights Into Muscular Strength: Genetic Findings in the UK Biobank.	Hand grip strength	334,825 British ancestry individuals	NA	4p15.31	4	19094640	LCORL	LCORL - LINC02438	ENSG00000178177	ENSG00000248238		1072647	77695	rs207299-T	rs207299	0	207299	intergenic_variant	1	0.2738	1E-8	8.0		0.002	[0.0014-0.0026] unit increase	Affymetrix [15275733] (imputed)	N	grip strength measurement	http://www.ebi.ac.uk/efo/EFO_0006941	GCST005830	Genome-wide genotyping array
2018-07-09	29691431	Tikkanen E	2018-04-24	Sci Rep	www.ncbi.nlm.nih.gov/pubmed/29691431	Biological Insights Into Muscular Strength: Genetic Findings in the UK Biobank.	Hand grip strength	334,825 British ancestry individuals	NA	14q32.31	14	101065517	NA	MEG9, MIR412			ENSG00000223403, ENSG00000199012			rs61992671-A	rs61992671	0	61992671	mature_miRNA_variant	0	0.5063	1E-8	8.0		0.002	[0.0014-0.0026] unit decrease	Affymetrix [15275733] (imputed)	N	grip strength measurement	http://www.ebi.ac.uk/efo/EFO_0006941	GCST005830	Genome-wide genotyping array
2018-07-09	29691431	Tikkanen E	2018-04-24	Sci Rep	www.ncbi.nlm.nih.gov/pubmed/29691431	Biological Insights Into Muscular Strength: Genetic Findings in the UK Biobank.	Hand grip strength	334,825 British ancestry individuals	NA	3p12.3	3	77621297	ROBO2	ROBO2			ENSG00000185008			rs1523766-A	rs1523766	0	1523766	intron_variant	0	0.4979	1E-8	8.0		0.002	[0.0014-0.0026] unit decrease	Affymetrix [15275733] (imputed)	N	grip strength measurement	http://www.ebi.ac.uk/efo/EFO_0006941	GCST005830	Genome-wide genotyping array
2018-07-09	29691431	Tikkanen E	2018-04-24	Sci Rep	www.ncbi.nlm.nih.gov/pubmed/29691431	Biological Insights Into Muscular Strength: Genetic Findings in the UK Biobank.	Hand grip strength	334,825 British ancestry individuals	NA	4q24	4	101585957	BANK1	BANK1			ENSG00000153064			rs17249398-A	rs17249398	0	17249398	intergenic_variant	0	0.0272	1E-8	8.0		0.005	[0.0032-0.0068] unit decrease	Affymetrix [15275733] (imputed)	N	grip strength measurement	http://www.ebi.ac.uk/efo/EFO_0006941	GCST005830	Genome-wide genotyping array
2018-07-09	29691431	Tikkanen E	2018-04-24	Sci Rep	www.ncbi.nlm.nih.gov/pubmed/29691431	Biological Insights Into Muscular Strength: Genetic Findings in the UK Biobank.	Hand grip strength	334,825 British ancestry individuals	NA	2p23.3	2	24571345	NCOA1	NCOA1			ENSG00000084676			rs77012907-A	rs77012907	0	77012907	intron_variant	0	0.9098	1E-8	8.0		0.003	[0.002-0.004] unit increase	Affymetrix [15275733] (imputed)	N	grip strength measurement	http://www.ebi.ac.uk/efo/EFO_0006941	GCST005830	Genome-wide genotyping array
2018-07-09	29691431	Tikkanen E	2018-04-24	Sci Rep	www.ncbi.nlm.nih.gov/pubmed/29691431	Biological Insights Into Muscular Strength: Genetic Findings in the UK Biobank.	Hand grip strength	334,825 British ancestry individuals	NA	8q23.3	8	115611321	TRPS1	TRPS1			ENSG00000104447			rs62512210-T	rs62512210	0	62512210	intron_variant	0	0.9142	2E-13	12.698970004336019		0.004	[0.003-0.005] unit decrease	Affymetrix [15275733] (imputed)	N	grip strength measurement	http://www.ebi.ac.uk/efo/EFO_0006941	GCST005830	Genome-wide genotyping array
2018-07-09	29691431	Tikkanen E	2018-04-24	Sci Rep	www.ncbi.nlm.nih.gov/pubmed/29691431	Biological Insights Into Muscular Strength: Genetic Findings in the UK Biobank.	Hand grip strength	334,825 British ancestry individuals	NA	2q36.3	2	229758411	DNER	DNER - TRIP12	ENSG00000187957	ENSG00000153827		43830	5424	rs7571826-T	rs7571826	0	7571826	intergenic_variant	1	0.3275	4E-13	12.397940008672037		0.002	[0.0014-0.0026] unit decrease	Affymetrix [15275733] (imputed)	N	grip strength measurement	http://www.ebi.ac.uk/efo/EFO_0006941	GCST005830	Genome-wide genotyping array
2018-07-09	29691431	Tikkanen E	2018-04-24	Sci Rep	www.ncbi.nlm.nih.gov/pubmed/29691431	Biological Insights Into Muscular Strength: Genetic Findings in the UK Biobank.	Hand grip strength	334,825 British ancestry individuals	NA	19q13.32	19	47061386	TMEM160	TMEM160 - ZC3H4	ENSG00000130748	ENSG00000130749		12762	2801	rs11671304-T	rs11671304	0	11671304	intergenic_variant	1	0.6729	4E-13	12.397940008672037		0.002	[0.0014-0.0026] unit decrease	Affymetrix [15275733] (imputed)	N	grip strength measurement	http://www.ebi.ac.uk/efo/EFO_0006941	GCST005830	Genome-wide genotyping array
2018-07-09	29691431	Tikkanen E	2018-04-24	Sci Rep	www.ncbi.nlm.nih.gov/pubmed/29691431	Biological Insights Into Muscular Strength: Genetic Findings in the UK Biobank.	Hand grip strength	334,825 British ancestry individuals	NA	2q31.1	2	174376838	CIR1	CIR1			ENSG00000138433			rs72917544-A	rs72917544	0	72917544	intron_variant	0	0.1861	9E-13	12.045757490560675		0.003	[0.0022-0.0038] unit increase	Affymetrix [15275733] (imputed)	N	grip strength measurement	http://www.ebi.ac.uk/efo/EFO_0006941	GCST005830	Genome-wide genotyping array
2018-07-09	29691431	Tikkanen E	2018-04-24	Sci Rep	www.ncbi.nlm.nih.gov/pubmed/29691431	Biological Insights Into Muscular Strength: Genetic Findings in the UK Biobank.	Hand grip strength	334,825 British ancestry individuals	NA	4p12	4	45173674	GNPDA2	PRDX4P1 - THAP12P9	ENSG00000248987	ENSG00000248320		228713	149579	rs13130484-T	rs13130484	0	13130484	intergenic_variant	1	0.4333	1E-12	12.0		0.002	[0.0014-0.0026] unit decrease	Affymetrix [15275733] (imputed)	N	grip strength measurement	http://www.ebi.ac.uk/efo/EFO_0006941	GCST005830	Genome-wide genotyping array
2018-07-09	29691431	Tikkanen E	2018-04-24	Sci Rep	www.ncbi.nlm.nih.gov/pubmed/29691431	Biological Insights Into Muscular Strength: Genetic Findings in the UK Biobank.	Hand grip strength	334,825 British ancestry individuals	NA	12p12.3	12	14834162	ART4	ART4, C12orf60			ENSG00000111339, ENSG00000182993			rs2287226-A	rs2287226	0	2287226	intron_variant	0	0.6019	1E-12	12.0		0.002	[0.0014-0.0026] unit increase	Affymetrix [15275733] (imputed)	N	grip strength measurement	http://www.ebi.ac.uk/efo/EFO_0006941	GCST005830	Genome-wide genotyping array
2018-07-09	29691431	Tikkanen E	2018-04-24	Sci Rep	www.ncbi.nlm.nih.gov/pubmed/29691431	Biological Insights Into Muscular Strength: Genetic Findings in the UK Biobank.	Hand grip strength	334,825 British ancestry individuals	NA	2q21.3	2	135565106	R3HDM1	R3HDM1			ENSG00000048991			rs6759321-T	rs6759321	0	6759321	intron_variant	0	0.2402	2E-12	11.698970004336019		0.002	[0.0014-0.0026] unit increase	Affymetrix [15275733] (imputed)	N	grip strength measurement	http://www.ebi.ac.uk/efo/EFO_0006941	GCST005830	Genome-wide genotyping array
2018-07-09	29691431	Tikkanen E	2018-04-24	Sci Rep	www.ncbi.nlm.nih.gov/pubmed/29691431	Biological Insights Into Muscular Strength: Genetic Findings in the UK Biobank.	Hand grip strength	334,825 British ancestry individuals	NA	1p31.1	1	77984833	GIPC2	GIPC2, DNAJB4			ENSG00000137960, ENSG00000162616			rs34517439-A	rs34517439	0	34517439	intron_variant	0	0.1247	3E-12	11.522878745280337		0.003	[0.0022-0.0038] unit decrease	Affymetrix [15275733] (imputed)	N	grip strength measurement	http://www.ebi.ac.uk/efo/EFO_0006941	GCST005830	Genome-wide genotyping array
2018-07-09	29691431	Tikkanen E	2018-04-24	Sci Rep	www.ncbi.nlm.nih.gov/pubmed/29691431	Biological Insights Into Muscular Strength: Genetic Findings in the UK Biobank.	Hand grip strength	334,825 British ancestry individuals	NA	10q24.2	10	98012647	CRTAC1	CRTAC1			ENSG00000095713			rs563296-A	rs563296	0	563296	intron_variant	0	0.5598	3E-12	11.522878745280337		0.002	[0.0014-0.0026] unit decrease	Affymetrix [15275733] (imputed)	N	grip strength measurement	http://www.ebi.ac.uk/efo/EFO_0006941	GCST005830	Genome-wide genotyping array
2018-07-09	29691431	Tikkanen E	2018-04-24	Sci Rep	www.ncbi.nlm.nih.gov/pubmed/29691431	Biological Insights Into Muscular Strength: Genetic Findings in the UK Biobank.	Hand grip strength	334,825 British ancestry individuals	NA	1p32.3	1	53574997	GLIS1	GLIS1			ENSG00000174332			rs10788958-C	rs10788958	0	10788958	intron_variant	0	0.3512	4E-12	11.397940008672037		0.002	[0.0014-0.0026] unit decrease	Affymetrix [15275733] (imputed)	N	grip strength measurement	http://www.ebi.ac.uk/efo/EFO_0006941	GCST005830	Genome-wide genotyping array
2018-07-09	29691431	Tikkanen E	2018-04-24	Sci Rep	www.ncbi.nlm.nih.gov/pubmed/29691431	Biological Insights Into Muscular Strength: Genetic Findings in the UK Biobank.	Hand grip strength	334,825 British ancestry individuals	NA	12p12.3	12	14863302	NA	C12orf60			ENSG00000182993			rs10846071-T	rs10846071	0	10846071	intergenic_variant	0	0.3949	4E-12	11.397940008672037		0.002	[0.0014-0.0026] unit decrease	Affymetrix [15275733] (imputed)	N	grip strength measurement	http://www.ebi.ac.uk/efo/EFO_0006941	GCST005830	Genome-wide genotyping array
2018-07-09	29691431	Tikkanen E	2018-04-24	Sci Rep	www.ncbi.nlm.nih.gov/pubmed/29691431	Biological Insights Into Muscular Strength: Genetic Findings in the UK Biobank.	Hand grip strength	334,825 British ancestry individuals	NA	6p21.32	6	32592994	HLA-DRB1	HLA-DRB1 - HLA-DQA1	ENSG00000196126	ENSG00000196735		3146	35185	rs2760975-A	rs2760975	0	2760975	intergenic_variant	1	0.168	5E-12	11.301029995663981		0.003	[0.0022-0.0038] unit decrease	Affymetrix [15275733] (imputed)	N	grip strength measurement	http://www.ebi.ac.uk/efo/EFO_0006941	GCST005830	Genome-wide genotyping array
2018-07-09	29691431	Tikkanen E	2018-04-24	Sci Rep	www.ncbi.nlm.nih.gov/pubmed/29691431	Biological Insights Into Muscular Strength: Genetic Findings in the UK Biobank.	Hand grip strength	334,825 British ancestry individuals	NA	7p22.3	7	2042969	MAD1L1	MAD1L1			ENSG00000002822			rs11766468-A	rs11766468	0	11766468	intron_variant	0	0.1467	8E-12	11.096910013008056		0.003	[0.0022-0.0038] unit increase	Affymetrix [15275733] (imputed)	N	grip strength measurement	http://www.ebi.ac.uk/efo/EFO_0006941	GCST005830	Genome-wide genotyping array
2018-07-09	29691431	Tikkanen E	2018-04-24	Sci Rep	www.ncbi.nlm.nih.gov/pubmed/29691431	Biological Insights Into Muscular Strength: Genetic Findings in the UK Biobank.	Hand grip strength	334,825 British ancestry individuals	NA	6p21.32	6	32606798	HLA-DRB1	HLA-DRB1 - HLA-DQA1	ENSG00000196126	ENSG00000196735		16950	21381	rs113315602-A	rs113315602	0	113315602	intergenic_variant	1	0.9027	9E-12	11.045757490560675		0.003	[0.002-0.004] unit increase	Affymetrix [15275733] (imputed)	N	grip strength measurement	http://www.ebi.ac.uk/efo/EFO_0006941	GCST005830	Genome-wide genotyping array
2018-07-09	29691431	Tikkanen E	2018-04-24	Sci Rep	www.ncbi.nlm.nih.gov/pubmed/29691431	Biological Insights Into Muscular Strength: Genetic Findings in the UK Biobank.	Hand grip strength	334,825 British ancestry individuals	NA	5q35.1	5	171103926	RANBP17	RANBP17			ENSG00000204764			rs245774-A	rs245774	0	245774	intron_variant	0	0.2717	1E-11	11.0		0.002	[0.0014-0.0026] unit increase	Affymetrix [15275733] (imputed)	N	grip strength measurement	http://www.ebi.ac.uk/efo/EFO_0006941	GCST005830	Genome-wide genotyping array
2018-07-09	29691431	Tikkanen E	2018-04-24	Sci Rep	www.ncbi.nlm.nih.gov/pubmed/29691431	Biological Insights Into Muscular Strength: Genetic Findings in the UK Biobank.	Hand grip strength	334,825 British ancestry individuals	NA	12q13.12	12	49862280	BCDIN3D	BCDIN3D - RPL35AP28	ENSG00000186666	ENSG00000242041		19174	893	rs12367809-T	rs12367809	0	12367809	intron_variant	1	0.3684	1E-11	11.0		0.002	[0.0014-0.0026] unit decrease	Affymetrix [15275733] (imputed)	N	grip strength measurement	http://www.ebi.ac.uk/efo/EFO_0006941	GCST005830	Genome-wide genotyping array
2018-07-09	29691431	Tikkanen E	2018-04-24	Sci Rep	www.ncbi.nlm.nih.gov/pubmed/29691431	Biological Insights Into Muscular Strength: Genetic Findings in the UK Biobank.	Hand grip strength	334,825 British ancestry individuals	NA	12q24.31	12	122539929	KNTC1	KNTC1			ENSG00000184445			rs147730268-T	rs147730268	0	147730268	intron_variant	0	0.0883	2E-11	10.698970004336019		0.003	[0.002-0.004] unit increase	Affymetrix [15275733] (imputed)	N	grip strength measurement	http://www.ebi.ac.uk/efo/EFO_0006941	GCST005830	Genome-wide genotyping array
2018-07-09	29691431	Tikkanen E	2018-04-24	Sci Rep	www.ncbi.nlm.nih.gov/pubmed/29691431	Biological Insights Into Muscular Strength: Genetic Findings in the UK Biobank.	Hand grip strength	334,825 British ancestry individuals	NA	19p13.11	19	18350146	PGPEP1	PGPEP1			ENSG00000130517			rs113230003-A	rs113230003	0	113230003	intron_variant	0	0.2596	2E-11	10.698970004336019		0.002	[0.0014-0.0026] unit increase	Affymetrix [15275733] (imputed)	N	grip strength measurement	http://www.ebi.ac.uk/efo/EFO_0006941	GCST005830	Genome-wide genotyping array
2018-07-09	29691431	Tikkanen E	2018-04-24	Sci Rep	www.ncbi.nlm.nih.gov/pubmed/29691431	Biological Insights Into Muscular Strength: Genetic Findings in the UK Biobank.	Hand grip strength	334,825 British ancestry individuals	NA	6p21.32	6	32420769	BTNL2	TSBP1-AS1 - HLA-DRA	ENSG00000225914	ENSG00000204287		13006	19103	rs2213581-T	rs2213581	0	2213581	intron_variant	1	0.2346	2E-11	10.698970004336019		0.002	[0.0014-0.0026] unit increase	Affymetrix [15275733] (imputed)	N	grip strength measurement	http://www.ebi.ac.uk/efo/EFO_0006941	GCST005830	Genome-wide genotyping array
2018-07-09	29691431	Tikkanen E	2018-04-24	Sci Rep	www.ncbi.nlm.nih.gov/pubmed/29691431	Biological Insights Into Muscular Strength: Genetic Findings in the UK Biobank.	Hand grip strength	334,825 British ancestry individuals	NA	6p22.1	6	28886282	TRIM27	LINC01623 - ZNF90P2	ENSG00000225595	ENSG00000233366		21652	2550	rs7755875-A	rs7755875	0	7755875	intergenic_variant	1	0.3193	3E-11	10.522878745280337		0.002	[0.0014-0.0026] unit increase	Affymetrix [15275733] (imputed)	N	grip strength measurement	http://www.ebi.ac.uk/efo/EFO_0006941	GCST005830	Genome-wide genotyping array
2018-07-09	29691431	Tikkanen E	2018-04-24	Sci Rep	www.ncbi.nlm.nih.gov/pubmed/29691431	Biological Insights Into Muscular Strength: Genetic Findings in the UK Biobank.	Hand grip strength	334,825 British ancestry individuals	NA	15q21.3	15	56705998	ZNF280D	ZNF280D			ENSG00000137871			rs12910459-T	rs12910459	0	12910459	intron_variant	0	0.4326	3E-11	10.522878745280337		0.002	[0.0014-0.0026] unit decrease	Affymetrix [15275733] (imputed)	N	grip strength measurement	http://www.ebi.ac.uk/efo/EFO_0006941	GCST005830	Genome-wide genotyping array
2018-07-09	29691431	Tikkanen E	2018-04-24	Sci Rep	www.ncbi.nlm.nih.gov/pubmed/29691431	Biological Insights Into Muscular Strength: Genetic Findings in the UK Biobank.	Hand grip strength	334,825 British ancestry individuals	NA	5q33.2	5	153788035	GRIA1	GRIA1			ENSG00000155511			rs2126165-A	rs2126165	0	2126165	intron_variant	0	0.4889	4E-11	10.397940008672037		0.002	[0.0014-0.0026] unit decrease	Affymetrix [15275733] (imputed)	N	grip strength measurement	http://www.ebi.ac.uk/efo/EFO_0006941	GCST005830	Genome-wide genotyping array
2018-07-09	29691431	Tikkanen E	2018-04-24	Sci Rep	www.ncbi.nlm.nih.gov/pubmed/29691431	Biological Insights Into Muscular Strength: Genetic Findings in the UK Biobank.	Hand grip strength	334,825 British ancestry individuals	NA	6p21.32	6	32129834	FKBPL	FKBPL			ENSG00000204315			rs41268905-A	rs41268905	0	41268905	5_prime_UTR_variant	0	0.1048	4E-11	10.397940008672037		0.003	[0.002-0.004] unit decrease	Affymetrix [15275733] (imputed)	N	grip strength measurement	http://www.ebi.ac.uk/efo/EFO_0006941	GCST005830	Genome-wide genotyping array
2018-07-09	29691431	Tikkanen E	2018-04-24	Sci Rep	www.ncbi.nlm.nih.gov/pubmed/29691431	Biological Insights Into Muscular Strength: Genetic Findings in the UK Biobank.	Hand grip strength	334,825 British ancestry individuals	NA	6p12.3	6	50629665	TFAP2D	DEFB112 - TFAP2D	ENSG00000180872	ENSG00000008197		579736	83861	rs56068671-T	rs56068671	0	56068671	intron_variant	1	0.0832	6E-11	10.221848749616356		0.003	[0.002-0.004] unit increase	Affymetrix [15275733] (imputed)	N	grip strength measurement	http://www.ebi.ac.uk/efo/EFO_0006941	GCST005830	Genome-wide genotyping array
2018-07-09	29691431	Tikkanen E	2018-04-24	Sci Rep	www.ncbi.nlm.nih.gov/pubmed/29691431	Biological Insights Into Muscular Strength: Genetic Findings in the UK Biobank.	Hand grip strength	334,825 British ancestry individuals	NA	16q22.2	16	72000754	DHODH	PKD1L3 - ATP5F1AP3	ENSG00000277481	ENSG00000263232		352	4283	rs12599952-A	rs12599952	0	12599952	intergenic_variant	1	0.3217	7E-11	10.154901959985743		0.002	[0.0014-0.0026] unit increase	Affymetrix [15275733] (imputed)	N	grip strength measurement	http://www.ebi.ac.uk/efo/EFO_0006941	GCST005830	Genome-wide genotyping array
2018-07-09	29691431	Tikkanen E	2018-04-24	Sci Rep	www.ncbi.nlm.nih.gov/pubmed/29691431	Biological Insights Into Muscular Strength: Genetic Findings in the UK Biobank.	Hand grip strength	334,825 British ancestry individuals	NA	3p21.1	3	52979251	SFMBT1	SFMBT1			ENSG00000163935			rs62253653-A	rs62253653	0	62253653	intron_variant	0	0.7036	1E-10	10.0		0.002	[0.0014-0.0026] unit decrease	Affymetrix [15275733] (imputed)	N	grip strength measurement	http://www.ebi.ac.uk/efo/EFO_0006941	GCST005830	Genome-wide genotyping array
2018-07-09	29691431	Tikkanen E	2018-04-24	Sci Rep	www.ncbi.nlm.nih.gov/pubmed/29691431	Biological Insights Into Muscular Strength: Genetic Findings in the UK Biobank.	Hand grip strength	334,825 British ancestry individuals	NA	12q24.31	12	123925982	CCDC92	DNAH10, CCDC92, DNAH10OS			ENSG00000197653, ENSG00000119242, ENSG00000250091			rs4575361-A	rs4575361	0	4575361	non_coding_transcript_exon_variant	0	0.689	1E-10	10.0		0.002	[0.0014-0.0026] unit increase	Affymetrix [15275733] (imputed)	N	grip strength measurement	http://www.ebi.ac.uk/efo/EFO_0006941	GCST005830	Genome-wide genotyping array
2018-07-09	29691431	Tikkanen E	2018-04-24	Sci Rep	www.ncbi.nlm.nih.gov/pubmed/29691431	Biological Insights Into Muscular Strength: Genetic Findings in the UK Biobank.	Hand grip strength	334,825 British ancestry individuals	NA	16p13.3	16	3965728	ADCY9	ADCY9			ENSG00000162104			rs879620-T	rs879620	0	879620	3_prime_UTR_variant	0	0.6152	1E-10	10.0		0.002	[0.0014-0.0026] unit decrease	Affymetrix [15275733] (imputed)	N	grip strength measurement	http://www.ebi.ac.uk/efo/EFO_0006941	GCST005830	Genome-wide genotyping array
2018-07-09	29691431	Tikkanen E	2018-04-24	Sci Rep	www.ncbi.nlm.nih.gov/pubmed/29691431	Biological Insights Into Muscular Strength: Genetic Findings in the UK Biobank.	Hand grip strength	334,825 British ancestry individuals	NA	3q11.2	3	94319241	DHFRL1	NSUN3 - ARMC10P1	ENSG00000178694	ENSG00000178660		187409	187525	rs1454687-C	rs1454687	0	1454687	intergenic_variant	1	0.4846	2E-10	9.698970004336019		0.002	[0.0014-0.0026] unit decrease	Affymetrix [15275733] (imputed)	N	grip strength measurement	http://www.ebi.ac.uk/efo/EFO_0006941	GCST005830	Genome-wide genotyping array
2018-07-09	29691431	Tikkanen E	2018-04-24	Sci Rep	www.ncbi.nlm.nih.gov/pubmed/29691431	Biological Insights Into Muscular Strength: Genetic Findings in the UK Biobank.	Hand grip strength	334,825 British ancestry individuals	NA	1p36.22	1	10333862	KIF1B	KIF1B			ENSG00000054523			rs11121542-A	rs11121542	0	11121542	intron_variant	0	0.122	3E-10	9.522878745280337		0.003	[0.0022-0.0038] unit decrease	Affymetrix [15275733] (imputed)	N	grip strength measurement	http://www.ebi.ac.uk/efo/EFO_0006941	GCST005830	Genome-wide genotyping array
2018-07-09	29691431	Tikkanen E	2018-04-24	Sci Rep	www.ncbi.nlm.nih.gov/pubmed/29691431	Biological Insights Into Muscular Strength: Genetic Findings in the UK Biobank.	Hand grip strength	334,825 British ancestry individuals	NA	6p22.2	6	26285921	HIST1H4H	H4C8 - H3C9P	ENSG00000158406	ENSG00000220875		283	35955	rs34916901-T	rs34916901	0	34916901	non_coding_transcript_exon_variant	1	0.5116	3E-10	9.522878745280337		0.002	[0.0014-0.0026] unit increase	Affymetrix [15275733] (imputed)	N	grip strength measurement	http://www.ebi.ac.uk/efo/EFO_0006941	GCST005830	Genome-wide genotyping array
2018-07-09	29691431	Tikkanen E	2018-04-24	Sci Rep	www.ncbi.nlm.nih.gov/pubmed/29691431	Biological Insights Into Muscular Strength: Genetic Findings in the UK Biobank.	Hand grip strength	334,825 British ancestry individuals	NA	10q25.3	10	117073752	NA	SHTN1			ENSG00000187164			rs3847479-A	rs3847479	0	3847479	intergenic_variant	0	0.1744	4E-10	9.397940008672037		0.002	[0.0012-0.0028] unit decrease	Affymetrix [15275733] (imputed)	N	grip strength measurement	http://www.ebi.ac.uk/efo/EFO_0006941	GCST005830	Genome-wide genotyping array
2018-07-09	29691431	Tikkanen E	2018-04-24	Sci Rep	www.ncbi.nlm.nih.gov/pubmed/29691431	Biological Insights Into Muscular Strength: Genetic Findings in the UK Biobank.	Hand grip strength	334,825 British ancestry individuals	NA	16p11.2	16	29928556	KCTD13	KCTD13-DT			ENSG00000247735			rs12691307-A	rs12691307	0	12691307	non_coding_transcript_exon_variant	0	0.4398	6E-10	9.221848749616356		0.002	[0.0014-0.0026] unit increase	Affymetrix [15275733] (imputed)	N	grip strength measurement	http://www.ebi.ac.uk/efo/EFO_0006941	GCST005830	Genome-wide genotyping array
2018-07-09	29691431	Tikkanen E	2018-04-24	Sci Rep	www.ncbi.nlm.nih.gov/pubmed/29691431	Biological Insights Into Muscular Strength: Genetic Findings in the UK Biobank.	Hand grip strength	334,825 British ancestry individuals	NA	15q24.1	15	73930777	LOXL1	LOXL1			ENSG00000129038			rs62004866-C	rs62004866	0	62004866	intron_variant	0	0.8865	6E-10	9.221848749616356		0.003	[0.0022-0.0038] unit increase	Affymetrix [15275733] (imputed)	N	grip strength measurement	http://www.ebi.ac.uk/efo/EFO_0006941	GCST005830	Genome-wide genotyping array
2018-07-09	29691431	Tikkanen E	2018-04-24	Sci Rep	www.ncbi.nlm.nih.gov/pubmed/29691431	Biological Insights Into Muscular Strength: Genetic Findings in the UK Biobank.	Hand grip strength	334,825 British ancestry individuals	NA	6p22.2	6	26707978	NA	ZNF322 - GUSBP2	ENSG00000181315	ENSG00000241549		48219	170594	rs12195114-A	rs12195114	0	12195114	intron_variant	1	0.7513	7E-10	9.154901959985743		0.002	[0.0014-0.0026] unit decrease	Affymetrix [15275733] (imputed)	N	grip strength measurement	http://www.ebi.ac.uk/efo/EFO_0006941	GCST005830	Genome-wide genotyping array
2018-07-09	29691431	Tikkanen E	2018-04-24	Sci Rep	www.ncbi.nlm.nih.gov/pubmed/29691431	Biological Insights Into Muscular Strength: Genetic Findings in the UK Biobank.	Hand grip strength	334,825 British ancestry individuals	NA	6p21.32	6	32577615	HLA-DRB1	HLA-DRB6 - HLA-DRB1	ENSG00000229391	ENSG00000196126		19429	287	rs35511257-C	rs35511257	0	35511257	intergenic_variant	1	0.0956	7E-10	9.154901959985743		0.003	[0.002-0.004] unit decrease	Affymetrix [15275733] (imputed)	N	grip strength measurement	http://www.ebi.ac.uk/efo/EFO_0006941	GCST005830	Genome-wide genotyping array
2018-07-09	29691431	Tikkanen E	2018-04-24	Sci Rep	www.ncbi.nlm.nih.gov/pubmed/29691431	Biological Insights Into Muscular Strength: Genetic Findings in the UK Biobank.	Hand grip strength	334,825 British ancestry individuals	NA	6p22.3	6	15411834	JARID2	JARID2			ENSG00000008083			rs2237149-A	rs2237149	0	2237149	intron_variant	0	0.4131	8E-10	9.096910013008056		0.002	[0.0014-0.0026] unit increase	Affymetrix [15275733] (imputed)	N	grip strength measurement	http://www.ebi.ac.uk/efo/EFO_0006941	GCST005830	Genome-wide genotyping array
2018-07-09	29691431	Tikkanen E	2018-04-24	Sci Rep	www.ncbi.nlm.nih.gov/pubmed/29691431	Biological Insights Into Muscular Strength: Genetic Findings in the UK Biobank.	Hand grip strength	334,825 British ancestry individuals	NA	5q13.3	5	75638184	ANKDD1B	ANKDD1B			ENSG00000189045			rs34341-A	rs34341	0	34341	intron_variant	0	0.4242	8E-10	9.096910013008056		0.002	[0.0014-0.0026] unit increase	Affymetrix [15275733] (imputed)	N	grip strength measurement	http://www.ebi.ac.uk/efo/EFO_0006941	GCST005830	Genome-wide genotyping array
2018-07-09	29691431	Tikkanen E	2018-04-24	Sci Rep	www.ncbi.nlm.nih.gov/pubmed/29691431	Biological Insights Into Muscular Strength: Genetic Findings in the UK Biobank.	Hand grip strength	334,825 British ancestry individuals	NA	11p14.1	11	27662970	BDNF	BDNF-AS, BDNF			ENSG00000245573, ENSG00000176697			rs11030104-A	rs11030104	0	11030104	intron_variant	0	0.7964	9E-10	9.045757490560675		0.002	[0.0014-0.0026] unit decrease	Affymetrix [15275733] (imputed)	N	grip strength measurement	http://www.ebi.ac.uk/efo/EFO_0006941	GCST005830	Genome-wide genotyping array
2018-07-09	29691431	Tikkanen E	2018-04-24	Sci Rep	www.ncbi.nlm.nih.gov/pubmed/29691431	Biological Insights Into Muscular Strength: Genetic Findings in the UK Biobank.	Hand grip strength	334,825 British ancestry individuals	NA	7q11.22	7	69773507	AUTS2	AUTS2			ENSG00000158321			rs115131074-A	rs115131074	0	115131074	intron_variant	0	0.0481	9E-10	9.045757490560675		0.004	[0.0026-0.0054] unit decrease	Affymetrix [15275733] (imputed)	N	grip strength measurement	http://www.ebi.ac.uk/efo/EFO_0006941	GCST005830	Genome-wide genotyping array
2018-07-09	29691431	Tikkanen E	2018-04-24	Sci Rep	www.ncbi.nlm.nih.gov/pubmed/29691431	Biological Insights Into Muscular Strength: Genetic Findings in the UK Biobank.	Hand grip strength	334,825 British ancestry individuals	NA	11q13.4	11	74589396	POLD3	POLD3			ENSG00000077514			rs72977282-A	rs72977282	0	72977282	intergenic_variant	0	0.4132	9E-10	9.045757490560675		0.002	[0.0014-0.0026] unit decrease	Affymetrix [15275733] (imputed)	N	grip strength measurement	http://www.ebi.ac.uk/efo/EFO_0006941	GCST005830	Genome-wide genotyping array
2018-07-09	29691431	Tikkanen E	2018-04-24	Sci Rep	www.ncbi.nlm.nih.gov/pubmed/29691431	Biological Insights Into Muscular Strength: Genetic Findings in the UK Biobank.	Hand grip strength	334,825 British ancestry individuals	NA	6p21.32	6	32621586	HLA-DQA1	HLA-DRB1 - HLA-DQA1	ENSG00000196126	ENSG00000196735		31738	6593	rs73728611-A	rs73728611	0	73728611	intron_variant	1	0.8765	1E-9	9.0		0.003	[0.0022-0.0038] unit increase	Affymetrix [15275733] (imputed)	N	grip strength measurement	http://www.ebi.ac.uk/efo/EFO_0006941	GCST005830	Genome-wide genotyping array
2018-07-09	29691431	Tikkanen E	2018-04-24	Sci Rep	www.ncbi.nlm.nih.gov/pubmed/29691431	Biological Insights Into Muscular Strength: Genetic Findings in the UK Biobank.	Hand grip strength	334,825 British ancestry individuals	NA	12q24.31	12	121573693	KDM2B	KDM2B			ENSG00000089094			rs181617194-T	rs181617194	0	181617194	intron_variant	0	0.9588	1E-9	9.0		0.005	[0.0034-0.0066] unit decrease	Affymetrix [15275733] (imputed)	N	grip strength measurement	http://www.ebi.ac.uk/efo/EFO_0006941	GCST005830	Genome-wide genotyping array
2018-07-09	29691431	Tikkanen E	2018-04-24	Sci Rep	www.ncbi.nlm.nih.gov/pubmed/29691431	Biological Insights Into Muscular Strength: Genetic Findings in the UK Biobank.	Hand grip strength	334,825 British ancestry individuals	NA	12q24.31	12	122169835	LRRC43	LRRC43			ENSG00000158113			rs7955910-T	rs7955910	0	7955910	intergenic_variant	0	0.4825	1E-9	9.0		0.002	[0.0014-0.0026] unit decrease	Affymetrix [15275733] (imputed)	N	grip strength measurement	http://www.ebi.ac.uk/efo/EFO_0006941	GCST005830	Genome-wide genotyping array
2018-07-09	29691431	Tikkanen E	2018-04-24	Sci Rep	www.ncbi.nlm.nih.gov/pubmed/29691431	Biological Insights Into Muscular Strength: Genetic Findings in the UK Biobank.	Hand grip strength	334,825 British ancestry individuals	NA	3p22.3	3	35682764	ARPP21	ARPP21			ENSG00000172995			rs1513475-T	rs1513475	0	1513475	intron_variant	0	0.6516	2E-9	8.698970004336019		0.002	[0.0014-0.0026] unit decrease	Affymetrix [15275733] (imputed)	N	grip strength measurement	http://www.ebi.ac.uk/efo/EFO_0006941	GCST005830	Genome-wide genotyping array
2018-07-09	29691431	Tikkanen E	2018-04-24	Sci Rep	www.ncbi.nlm.nih.gov/pubmed/29691431	Biological Insights Into Muscular Strength: Genetic Findings in the UK Biobank.	Hand grip strength	334,825 British ancestry individuals	NA	5q21.3	5	108103311	FBXL17	FBXL17			ENSG00000145743			rs40067-A	rs40067	0	40067	intron_variant	0	0.1702	2E-9	8.698970004336019		0.002	[0.0012-0.0028] unit increase	Affymetrix [15275733] (imputed)	N	grip strength measurement	http://www.ebi.ac.uk/efo/EFO_0006941	GCST005830	Genome-wide genotyping array
2018-07-09	29691431	Tikkanen E	2018-04-24	Sci Rep	www.ncbi.nlm.nih.gov/pubmed/29691431	Biological Insights Into Muscular Strength: Genetic Findings in the UK Biobank.	Hand grip strength	334,825 British ancestry individuals	NA	15q24.1	15	72790127	ADPGK	ADPGK-AS1			ENSG00000260898			rs4776614-C	rs4776614	0	4776614	intron_variant	0	0.3268	2E-9	8.698970004336019		0.002	[0.0014-0.0026] unit increase	Affymetrix [15275733] (imputed)	N	grip strength measurement	http://www.ebi.ac.uk/efo/EFO_0006941	GCST005830	Genome-wide genotyping array
2018-07-09	29691431	Tikkanen E	2018-04-24	Sci Rep	www.ncbi.nlm.nih.gov/pubmed/29691431	Biological Insights Into Muscular Strength: Genetic Findings in the UK Biobank.	Hand grip strength	334,825 British ancestry individuals	NA	19p13.11	19	18280361	JUND	JUND			ENSG00000130522			rs7249-T	rs7249	0	7249	3_prime_UTR_variant	0	0.3669	2E-9	8.698970004336019		0.002	[0.0014-0.0026] unit increase	Affymetrix [15275733] (imputed)	N	grip strength measurement	http://www.ebi.ac.uk/efo/EFO_0006941	GCST005830	Genome-wide genotyping array
2018-07-09	29691431	Tikkanen E	2018-04-24	Sci Rep	www.ncbi.nlm.nih.gov/pubmed/29691431	Biological Insights Into Muscular Strength: Genetic Findings in the UK Biobank.	Hand grip strength	334,825 British ancestry individuals	NA	14q32.12	14	93540729	UNC79	UNC79			ENSG00000133958			rs1951716-T	rs1951716	0	1951716	synonymous_variant	0	0.634	2E-9	8.698970004336019		0.002	[0.0014-0.0026] unit decrease	Affymetrix [15275733] (imputed)	N	grip strength measurement	http://www.ebi.ac.uk/efo/EFO_0006941	GCST005830	Genome-wide genotyping array
2018-07-09	29691431	Tikkanen E	2018-04-24	Sci Rep	www.ncbi.nlm.nih.gov/pubmed/29691431	Biological Insights Into Muscular Strength: Genetic Findings in the UK Biobank.	Hand grip strength	334,825 British ancestry individuals	NA	7p15.1	7	28789636	CREB5	CREB5			ENSG00000146592			rs62442203-C	rs62442203	0	62442203	intron_variant	0	0.4039	3E-9	8.522878745280337		0.002	[0.0014-0.0026] unit increase	Affymetrix [15275733] (imputed)	N	grip strength measurement	http://www.ebi.ac.uk/efo/EFO_0006941	GCST005830	Genome-wide genotyping array
2018-07-09	29691431	Tikkanen E	2018-04-24	Sci Rep	www.ncbi.nlm.nih.gov/pubmed/29691431	Biological Insights Into Muscular Strength: Genetic Findings in the UK Biobank.	Hand grip strength	223,215 British ancestry individuals	111,610 British ancestry individuals	5q21.2	5	104596006	RP11-6N13.1	NIHCOLE - RNU6-334P	ENSG00000251026	ENSG00000252881		165761	184282	rs2431112-A	rs2431112	0	2431112	intron_variant	1	0.44	2E-13	12.698970004336019		0.002	[0.0014-0.0026] unit decrease	Affymetrix [15275733] (imputed)	N	grip strength measurement	http://www.ebi.ac.uk/efo/EFO_0006941	GCST005829	Genome-wide genotyping array
2018-07-09	29691431	Tikkanen E	2018-04-24	Sci Rep	www.ncbi.nlm.nih.gov/pubmed/29691431	Biological Insights Into Muscular Strength: Genetic Findings in the UK Biobank.	Hand grip strength	223,215 British ancestry individuals	111,610 British ancestry individuals	18q21.2	18	55643738	TCF4	TCF4			ENSG00000196628			rs660010-C	rs660010	0	660010	intron_variant	0	0.14	2E-12	11.698970004336019		0.003	[0.0022-0.0038] unit increase	Affymetrix [15275733] (imputed)	N	grip strength measurement	http://www.ebi.ac.uk/efo/EFO_0006941	GCST005829	Genome-wide genotyping array
2018-07-09	29691431	Tikkanen E	2018-04-24	Sci Rep	www.ncbi.nlm.nih.gov/pubmed/29691431	Biological Insights Into Muscular Strength: Genetic Findings in the UK Biobank.	Hand grip strength	223,215 British ancestry individuals	111,610 British ancestry individuals	7p14.1	7	39286879	POU6F2	POU6F2			ENSG00000106536			rs4549685-T	rs4549685	0	4549685	intron_variant	0	0.33	2E-12	11.698970004336019		0.002	[0.0014-0.0026] unit increase	Affymetrix [15275733] (imputed)	N	grip strength measurement	http://www.ebi.ac.uk/efo/EFO_0006941	GCST005829	Genome-wide genotyping array
2018-07-09	29691431	Tikkanen E	2018-04-24	Sci Rep	www.ncbi.nlm.nih.gov/pubmed/29691431	Biological Insights Into Muscular Strength: Genetic Findings in the UK Biobank.	Hand grip strength	223,215 British ancestry individuals	111,610 British ancestry individuals	1p31.1	1	78157942	RNFT1P2	GIPC2 - RNFT1P2	ENSG00000137960	ENSG00000233333		19494	12539	rs17391694-T	rs17391694	0	17391694	intergenic_variant	1	0.14	3E-12	11.522878745280337		0.003	[0.002-0.004] unit decrease	Affymetrix [15275733] (imputed)	N	grip strength measurement	http://www.ebi.ac.uk/efo/EFO_0006941	GCST005829	Genome-wide genotyping array
2018-07-09	29691431	Tikkanen E	2018-04-24	Sci Rep	www.ncbi.nlm.nih.gov/pubmed/29691431	Biological Insights Into Muscular Strength: Genetic Findings in the UK Biobank.	Hand grip strength	223,215 British ancestry individuals	111,610 British ancestry individuals	16q22.1	16	69653009	NFAT5	NFAT5			ENSG00000102908			rs6499240-G	rs6499240	0	6499240	intron_variant	0	0.59	4E-12	11.397940008672037		0.002	[0.0014-0.0026] unit decrease	Affymetrix [15275733] (imputed)	N	grip strength measurement	http://www.ebi.ac.uk/efo/EFO_0006941	GCST005829	Genome-wide genotyping array
2018-07-09	29691431	Tikkanen E	2018-04-24	Sci Rep	www.ncbi.nlm.nih.gov/pubmed/29691431	Biological Insights Into Muscular Strength: Genetic Findings in the UK Biobank.	Hand grip strength	223,215 British ancestry individuals	111,610 British ancestry individuals	17q24.2	17	67839885	BPTF	BPTF			ENSG00000171634			rs80135947-C	rs80135947	0	80135947	intron_variant	0	0.2	5E-12	11.301029995663981		0.003	[0.0022-0.0038] unit decrease	Affymetrix [15275733] (imputed)	N	grip strength measurement	http://www.ebi.ac.uk/efo/EFO_0006941	GCST005829	Genome-wide genotyping array
2018-07-09	29691431	Tikkanen E	2018-04-24	Sci Rep	www.ncbi.nlm.nih.gov/pubmed/29691431	Biological Insights Into Muscular Strength: Genetic Findings in the UK Biobank.	Hand grip strength	223,215 British ancestry individuals	111,610 British ancestry individuals	6p21.33	6	31624141	PRRC2A	PRRC2A			ENSG00000204469			rs2260051-T	rs2260051	0	2260051	intron_variant	0	0.56	7E-12	11.154901959985743		0.002	[0.0014-0.0026] unit decrease	Affymetrix [15275733] (imputed)	N	grip strength measurement	http://www.ebi.ac.uk/efo/EFO_0006941	GCST005829	Genome-wide genotyping array
2018-07-09	29691431	Tikkanen E	2018-04-24	Sci Rep	www.ncbi.nlm.nih.gov/pubmed/29691431	Biological Insights Into Muscular Strength: Genetic Findings in the UK Biobank.	Hand grip strength	223,215 British ancestry individuals	111,610 British ancestry individuals	10q26.3	10	129036434	ENSG00000232985	LINC02667 - MGMT	ENSG00000224190	ENSG00000170430		120005	430245	rs1556659-T	rs1556659	0	1556659	non_coding_transcript_exon_variant	1	0.38	1E-11	11.0		0.002	[0.0014-0.0026] unit increase	Affymetrix [15275733] (imputed)	N	grip strength measurement	http://www.ebi.ac.uk/efo/EFO_0006941	GCST005829	Genome-wide genotyping array
2018-07-09	29691431	Tikkanen E	2018-04-24	Sci Rep	www.ncbi.nlm.nih.gov/pubmed/29691431	Biological Insights Into Muscular Strength: Genetic Findings in the UK Biobank.	Hand grip strength	223,215 British ancestry individuals	111,610 British ancestry individuals	15q25.1	15	80696259	ABHD17C	ABHD17C			ENSG00000136379			rs7165759-A	rs7165759	0	7165759	intron_variant	0	0.3	1E-11	11.0		0.002	[0.0014-0.0026] unit increase	Affymetrix [15275733] (imputed)	N	grip strength measurement	http://www.ebi.ac.uk/efo/EFO_0006941	GCST005829	Genome-wide genotyping array
2018-07-09	29691431	Tikkanen E	2018-04-24	Sci Rep	www.ncbi.nlm.nih.gov/pubmed/29691431	Biological Insights Into Muscular Strength: Genetic Findings in the UK Biobank.	Hand grip strength	223,215 British ancestry individuals	111,610 British ancestry individuals	2q21.3	2	134877011	CCNT2-AS1	ACMSD, CCNT2-AS1			ENSG00000153086, ENSG00000224043			rs6738113-A	rs6738113	0	6738113	intron_variant	0	0.36	5E-11	10.301029995663981		0.002	[0.0014-0.0026] unit increase	Affymetrix [15275733] (imputed)	N	grip strength measurement	http://www.ebi.ac.uk/efo/EFO_0006941	GCST005829	Genome-wide genotyping array
2018-07-09	29691431	Tikkanen E	2018-04-24	Sci Rep	www.ncbi.nlm.nih.gov/pubmed/29691431	Biological Insights Into Muscular Strength: Genetic Findings in the UK Biobank.	Hand grip strength	223,215 British ancestry individuals	111,610 British ancestry individuals	2q31.1	2	174376838	CIR1	CIR1			ENSG00000138433			rs72917544-A	rs72917544	0	72917544	intron_variant	0	0.19	2E-10	9.698970004336019		0.003	[0.0022-0.0038] unit increase	Affymetrix [15275733] (imputed)	N	grip strength measurement	http://www.ebi.ac.uk/efo/EFO_0006941	GCST005829	Genome-wide genotyping array
2018-07-09	29691431	Tikkanen E	2018-04-24	Sci Rep	www.ncbi.nlm.nih.gov/pubmed/29691431	Biological Insights Into Muscular Strength: Genetic Findings in the UK Biobank.	Hand grip strength	223,215 British ancestry individuals	111,610 British ancestry individuals	6p21.32	6	32592994	HLA-DRB1	HLA-DRB1 - HLA-DQA1	ENSG00000196126	ENSG00000196735		3146	35185	rs2760975-A	rs2760975	0	2760975	intergenic_variant	1	0.17	1E-9	9.0		0.003	[0.002-0.004] unit decrease	Affymetrix [15275733] (imputed)	N	grip strength measurement	http://www.ebi.ac.uk/efo/EFO_0006941	GCST005829	Genome-wide genotyping array
2018-07-09	29691431	Tikkanen E	2018-04-24	Sci Rep	www.ncbi.nlm.nih.gov/pubmed/29691431	Biological Insights Into Muscular Strength: Genetic Findings in the UK Biobank.	Hand grip strength	223,215 British ancestry individuals	111,610 British ancestry individuals	10q24.2	10	98018469	CRTAC1	CRTAC1			ENSG00000095713			rs2439823-G	rs2439823	0	2439823	intron_variant	0	0.55	3E-9	8.522878745280337		0.002	[0.0014-0.0026] unit decrease	Affymetrix [15275733] (imputed)	N	grip strength measurement	http://www.ebi.ac.uk/efo/EFO_0006941	GCST005829	Genome-wide genotyping array
2018-07-09	29691431	Tikkanen E	2018-04-24	Sci Rep	www.ncbi.nlm.nih.gov/pubmed/29691431	Biological Insights Into Muscular Strength: Genetic Findings in the UK Biobank.	Hand grip strength	223,215 British ancestry individuals	111,610 British ancestry individuals	2q21.3	2	135565106	R3HDM1	R3HDM1			ENSG00000048991			rs6759321-T	rs6759321	0	6759321	intron_variant	0	0.24	3E-9	8.522878745280337		0.002	[0.0012-0.0028] unit increase	Affymetrix [15275733] (imputed)	N	grip strength measurement	http://www.ebi.ac.uk/efo/EFO_0006941	GCST005829	Genome-wide genotyping array
2018-07-09	29691431	Tikkanen E	2018-04-24	Sci Rep	www.ncbi.nlm.nih.gov/pubmed/29691431	Biological Insights Into Muscular Strength: Genetic Findings in the UK Biobank.	Hand grip strength	223,215 British ancestry individuals	111,610 British ancestry individuals	7p22.3	7	2042969	MAD1L1	MAD1L1			ENSG00000002822			rs11766468-A	rs11766468	0	11766468	intron_variant	0	0.15	3E-9	8.522878745280337		0.003	[0.0022-0.0038] unit increase	Affymetrix [15275733] (imputed)	N	grip strength measurement	http://www.ebi.ac.uk/efo/EFO_0006941	GCST005829	Genome-wide genotyping array
2018-07-09	29691431	Tikkanen E	2018-04-24	Sci Rep	www.ncbi.nlm.nih.gov/pubmed/29691431	Biological Insights Into Muscular Strength: Genetic Findings in the UK Biobank.	Hand grip strength	223,215 British ancestry individuals	111,610 British ancestry individuals	16q22.2	16	72000754	PKD1L3	PKD1L3 - ATP5F1AP3	ENSG00000277481	ENSG00000263232		352	4283	rs12599952-A	rs12599952	0	12599952	intergenic_variant	1	0.32	3E-8	7.522878745280337		0.002	[0.0014-0.0026] unit increase	Affymetrix [15275733] (imputed)	N	grip strength measurement	http://www.ebi.ac.uk/efo/EFO_0006941	GCST005829	Genome-wide genotyping array
2020-07-21	32235003	Arbeev KG	2020-04-01	Aging (Albany NY)	www.ncbi.nlm.nih.gov/pubmed/32235003	Genetics of physiological dysregulation: findings from the long life family study using joint models.	Hand grip strength (Mahalanobis distance)	4,608 European ancestry individuals	NA	7q21.11	7	86337830	GRM3	SOCS5P1 - GRM3	ENSG00000236610	ENSG00000198822		120097	306079	rs10231286-?	rs10231286	0	10231286	intergenic_variant	1	NR	5E-8	7.301029995663981				Illumina [1464300]	N	grip strength measurement	http://www.ebi.ac.uk/efo/EFO_0006941	GCST010278	Genome-wide genotyping array
2020-07-21	32235003	Arbeev KG	2020-04-01	Aging (Albany NY)	www.ncbi.nlm.nih.gov/pubmed/32235003	Genetics of physiological dysregulation: findings from the long life family study using joint models.	Hand grip strength (Mahalanobis distance)	4,608 European ancestry individuals	NA	7q21.11	7	86042793	GRM3	LINC00972 - SOCS5P1	ENSG00000225128	ENSG00000236610		553455	173992	rs17160578-?	rs17160578	0	17160578	intron_variant	1	NR	6E-7	6.221848749616356				Illumina [1464300]	N	grip strength measurement	http://www.ebi.ac.uk/efo/EFO_0006941	GCST010278	Genome-wide genotyping array
2020-07-21	32235003	Arbeev KG	2020-04-01	Aging (Albany NY)	www.ncbi.nlm.nih.gov/pubmed/32235003	Genetics of physiological dysregulation: findings from the long life family study using joint models.	Hand grip strength (Mahalanobis distance)	4,608 European ancestry individuals	NA	20p12.2	20	9668426	PAK7	PAK5			ENSG00000101349			rs2423401-?	rs2423401	0	2423401	intron_variant	0	NR	1E-7	7.0				Illumina [1464300]	N	grip strength measurement	http://www.ebi.ac.uk/efo/EFO_0006941	GCST010278	Genome-wide genotyping array
2020-07-21	32235003	Arbeev KG	2020-04-01	Aging (Albany NY)	www.ncbi.nlm.nih.gov/pubmed/32235003	Genetics of physiological dysregulation: findings from the long life family study using joint models.	Hand grip strength (Mahalanobis distance)	4,608 European ancestry individuals	NA	4q32.1	4	156090771	CTSO	FTH1P21 - LINC02272	ENSG00000249013	ENSG00000251283		83783	523354	rs10030044-?	rs10030044	0	10030044	intergenic_variant	1	NR	5E-6	5.301029995663981				Illumina [1464300]	N	grip strength measurement	http://www.ebi.ac.uk/efo/EFO_0006941	GCST010278	Genome-wide genotyping array
2020-07-21	32235003	Arbeev KG	2020-04-01	Aging (Albany NY)	www.ncbi.nlm.nih.gov/pubmed/32235003	Genetics of physiological dysregulation: findings from the long life family study using joint models.	Hand grip strength (Mahalanobis distance)	4,608 European ancestry individuals	NA	5q13.2	5	69473733	OCLN	RPS27P14 - RN7SL616P	ENSG00000244717	ENSG00000266477		3597	5264	rs76915606-?	rs76915606	0	76915606	intergenic_variant	1	NR	5E-6	5.301029995663981				Illumina [1464300]	N	grip strength measurement	http://www.ebi.ac.uk/efo/EFO_0006941	GCST010278	Genome-wide genotyping array
2020-07-21	32235003	Arbeev KG	2020-04-01	Aging (Albany NY)	www.ncbi.nlm.nih.gov/pubmed/32235003	Genetics of physiological dysregulation: findings from the long life family study using joint models.	Hand grip strength (Mahalanobis distance)	4,608 European ancestry individuals	NA	7q21.11	7	86495167	GRM3	SOCS5P1 - GRM3	ENSG00000236610	ENSG00000198822		277434	148742	rs10255211-?	rs10255211	0	10255211	intergenic_variant	1	NR	3E-6	5.522878745280337				Illumina [1464300]	N	grip strength measurement	http://www.ebi.ac.uk/efo/EFO_0006941	GCST010278	Genome-wide genotyping array
2020-07-21	32235003	Arbeev KG	2020-04-01	Aging (Albany NY)	www.ncbi.nlm.nih.gov/pubmed/32235003	Genetics of physiological dysregulation: findings from the long life family study using joint models.	Hand grip strength (Mahalanobis distance)	4,608 European ancestry individuals	NA	11p15.4	11	9049628	SCUBE2	SCUBE2, NRIP3-DT			ENSG00000175356, ENSG00000253973			rs10769988-?	rs10769988	0	10769988	intron_variant	0	NR	7E-6	5.154901959985743				Illumina [1464300]	N	grip strength measurement	http://www.ebi.ac.uk/efo/EFO_0006941	GCST010278	Genome-wide genotyping array
2020-07-21	32235003	Arbeev KG	2020-04-01	Aging (Albany NY)	www.ncbi.nlm.nih.gov/pubmed/32235003	Genetics of physiological dysregulation: findings from the long life family study using joint models.	Hand grip strength (Mahalanobis distance)	4,608 European ancestry individuals	NA	18q12.1	18	30902906	DSC3	MIR302F - RNU6-857P	ENSG00000283218	ENSG00000251702		603946	81200	rs117882408-?	rs117882408	0	117882408	intergenic_variant	1	NR	3E-6	5.522878745280337				Illumina [1464300]	N	grip strength measurement	http://www.ebi.ac.uk/efo/EFO_0006941	GCST010278	Genome-wide genotyping array
2017-08-10	27325353	Matteini AM	2016-06-21	Aging Cell	www.ncbi.nlm.nih.gov/pubmed/27325353	GWAS analysis of handgrip and lower body strength in older adults in the CHARGE consortium.	Hand grip strength	27,581 European ancestry individuals	6,393 individuals	7q31.32	7	121499706	PTPRZ1, FAM3C	CYCSP19 - RN7SKP277	ENSG00000213310	ENSG00000252704		100939	236737	rs1819054-G	rs1819054	0	1819054	intron_variant	1	0.4	6E-7	6.221848749616356		0.25	[0.15-0.35] kg increase	Affymetrix, Illumina [2725778] (imputed)	N	grip strength measurement	http://www.ebi.ac.uk/efo/EFO_0006941	GCST004494	Genome-wide genotyping array
2017-08-10	27325353	Matteini AM	2016-06-21	Aging Cell	www.ncbi.nlm.nih.gov/pubmed/27325353	GWAS analysis of handgrip and lower body strength in older adults in the CHARGE consortium.	Hand grip strength	27,581 European ancestry individuals	6,393 individuals	8p23.2	8	6092608	CSMD1, LOC100287015	RN7SKP159 - MCPH1-DT	ENSG00000222589	ENSG00000246089		181372	222943	rs752045-G	rs752045	0	752045	intron_variant	1	0.18	5E-10	9.301029995663981		0.47	[0.31-0.63] kg increase	Affymetrix, Illumina [2725778] (imputed)	N	grip strength measurement	http://www.ebi.ac.uk/efo/EFO_0006941	GCST004494	Genome-wide genotyping array
2017-08-10	27325353	Matteini AM	2016-06-21	Aging Cell	www.ncbi.nlm.nih.gov/pubmed/27325353	GWAS analysis of handgrip and lower body strength in older adults in the CHARGE consortium.	Hand grip strength	27,581 European ancestry individuals	6,393 individuals	8q12.1	8	56904939	LINC00968, IMPAD1	RPL37P6 - RNU6-13P	ENSG00000241431	ENSG00000206975		316239	12145	rs1508086-T	rs1508086	0	1508086	intergenic_variant	1	0.44	4E-6	5.3979400086720375		0.22	[0.12-0.32] kg increase	Affymetrix, Illumina [2725778] (imputed)	N	grip strength measurement	http://www.ebi.ac.uk/efo/EFO_0006941	GCST004494	Genome-wide genotyping array
2017-08-10	27325353	Matteini AM	2016-06-21	Aging Cell	www.ncbi.nlm.nih.gov/pubmed/27325353	GWAS analysis of handgrip and lower body strength in older adults in the CHARGE consortium.	Hand grip strength	27,581 European ancestry individuals	6,393 individuals	11q13.4	11	73662951	PLEKHB1	PLEKHB1 - RAB6A	ENSG00000021300	ENSG00000175582		132	12687	rs11235843-A	rs11235843	0	11235843	intergenic_variant	1	0.1	1E-6	6.0		0.38	[0.22-0.54] kg decrease	Affymetrix, Illumina [2725778] (imputed)	N	grip strength measurement	http://www.ebi.ac.uk/efo/EFO_0006941	GCST004494	Genome-wide genotyping array
2015-11-14	25637336	Chan JP	2015-02-01	Age (Dordr)	www.ncbi.nlm.nih.gov/pubmed/25637336	Genetics of hand grip strength in mid to late life.	Hand grip strength	2,088 European ancestry individuals	541 European ancestry individuals	21q22.3	21	42001005	ZNF295	ZBTB21			ENSG00000173276			rs8133949-T	rs8133949	0	8133949	intron_variant	0	NR	6E-7	6.221848749616356	(Model 1 - age,sex)	1.142	[0.71-1.58] unit decrease	Affymetrix [at least 549281] (imputed)	N	grip strength measurement	http://www.ebi.ac.uk/efo/EFO_0006941	GCST002770	Genome-wide genotyping array
2015-11-14	25637336	Chan JP	2015-02-01	Age (Dordr)	www.ncbi.nlm.nih.gov/pubmed/25637336	Genetics of hand grip strength in mid to late life.	Hand grip strength	2,088 European ancestry individuals	541 European ancestry individuals	22q13.1	22	40196210	TNRC6B	TNRC6B			ENSG00000100354			rs6001832-G	rs6001832	0	6001832	intron_variant	0	NR	5E-6	5.301029995663981	(Model 1 - age, sex)	1.089	[0.66-1.51] unit decrease	Affymetrix [at least 549281] (imputed)	N	grip strength measurement	http://www.ebi.ac.uk/efo/EFO_0006941	GCST002770	Genome-wide genotyping array
2025-05-20	39169618	Hamid I	2024-08-20	HGG Adv	www.ncbi.nlm.nih.gov/pubmed/39169618	Mid-pass Whole-genome Sequencing in a Malagasy Cohort Uncovers Body Composition Associations.	Muscle mass percentage	214 Malagasy ancestry individuals	NA	13q31.3	13	89846914		LINC02336 - PEX12P1	ENSG00000271395	ENSG00000215418		12640	144917	rs9588779-?	rs9588779	0	9588779	intergenic_variant	1	NR	2E-8	7.698970004336019		1.94	unit increase	NR [12528464] (imputed)	N	weight-to-muscle ratio	http://www.ebi.ac.uk/efo/EFO_0020099	GCST90297842	Genome-wide sequencing
2025-05-20	39169618	Hamid I	2024-08-20	HGG Adv	www.ncbi.nlm.nih.gov/pubmed/39169618	Mid-pass Whole-genome Sequencing in a Malagasy Cohort Uncovers Body Composition Associations.	Muscle mass percentage	214 Malagasy ancestry individuals	NA	17q25.3	17	80547159		RPTOR			ENSG00000141564			rs115215854-?	rs115215854	0	115215854	intron_variant	0	NR	5E-9	8.301029995663981		1.21	unit increase	NR [12528464] (imputed)	N	weight-to-muscle ratio	http://www.ebi.ac.uk/efo/EFO_0020099	GCST90297842	Genome-wide sequencing
2025-05-20	39169618	Hamid I	2024-08-20	HGG Adv	www.ncbi.nlm.nih.gov/pubmed/39169618	Mid-pass Whole-genome Sequencing in a Malagasy Cohort Uncovers Body Composition Associations.	Muscle mass percentage	214 Malagasy ancestry individuals	NA	2p24.3	2	16256096		GACAT3 - CYRIA	ENSG00000236289	ENSG00000197872		168895	293363	rs113251741-?	rs113251741	0	113251741	intron_variant	1	NR	2E-9	8.698970004336019		1.49	unit increase	NR [12528464] (imputed)	N	weight-to-muscle ratio	http://www.ebi.ac.uk/efo/EFO_0020099	GCST90297842	Genome-wide sequencing
2025-05-20	39169618	Hamid I	2024-08-20	HGG Adv	www.ncbi.nlm.nih.gov/pubmed/39169618	Mid-pass Whole-genome Sequencing in a Malagasy Cohort Uncovers Body Composition Associations.	Muscle mass percentage	214 Malagasy ancestry individuals	NA	8q24.13	8	125034853		WASHC5			ENSG00000164961			rs16900241-?	rs16900241	0	16900241	intron_variant	0	NR	1E-9	9.0		1.5	unit increase	NR [12528464] (imputed)	N	weight-to-muscle ratio	http://www.ebi.ac.uk/efo/EFO_0020099	GCST90297842	Genome-wide sequencing
2025-07-02	39789286	Loya H	2025-01-09	Nat Genet	www.ncbi.nlm.nih.gov/pubmed/39789286	A scalable variational inference approach for increased mixed-model association power.	Hand grip strength right (UKB data field 47)	394,642 European ancestry individuals	NA	15q21.3	15	56531715		MNS1 - ZNF280D	ENSG00000138587	ENSG00000137871		66547	98461	rs9652468-A	rs9652468	0	9652468	intron_variant	1	0.24830073	3E-13	12.522878745280337		0.011724719	[0.0084-0.015] unit decrease	NR [13308323] (imputed)	N	grip strength measurement	http://www.ebi.ac.uk/efo/EFO_0006941	GCST90468169	Genome-wide genotyping array
2025-07-02	39789286	Loya H	2025-01-09	Nat Genet	www.ncbi.nlm.nih.gov/pubmed/39789286	A scalable variational inference approach for increased mixed-model association power.	Hand grip strength right (UKB data field 47)	394,642 European ancestry individuals	NA	7p21.1	7	18970187		HDAC9			ENSG00000048052			rs993082-T	rs993082	0	993082	intron_variant	0	0.16287065	2E-13	12.698970004336019		0.013957118	[0.01-0.018] unit increase	NR [13308323] (imputed)	N	grip strength measurement	http://www.ebi.ac.uk/efo/EFO_0006941	GCST90468169	Genome-wide genotyping array
2025-07-02	39789286	Loya H	2025-01-09	Nat Genet	www.ncbi.nlm.nih.gov/pubmed/39789286	A scalable variational inference approach for increased mixed-model association power.	Hand grip strength right (UKB data field 47)	394,642 European ancestry individuals	NA	20q11.22	20	35437976		GDF5			ENSG00000125965			rs143384-G	rs143384	0	143384	5_prime_UTR_variant	0	0.4028474	2E-49	48.69897000433602		0.02082909	[0.018-0.024] unit increase	NR [13308323] (imputed)	N	grip strength measurement	http://www.ebi.ac.uk/efo/EFO_0006941	GCST90468169	Genome-wide genotyping array
2025-07-02	39789286	Loya H	2025-01-09	Nat Genet	www.ncbi.nlm.nih.gov/pubmed/39789286	A scalable variational inference approach for increased mixed-model association power.	Hand grip strength right (UKB data field 47)	394,642 European ancestry individuals	NA											chr17:61736108-T	chr17:61736108	0			1	0.2576906	7E-14	13.154901959985743		0.01205232	[0.0087-0.0154] unit increase	NR [13308323] (imputed)	N	grip strength measurement	http://www.ebi.ac.uk/efo/EFO_0006941	GCST90468169	Genome-wide genotyping array
2025-07-02	39789286	Loya H	2025-01-09	Nat Genet	www.ncbi.nlm.nih.gov/pubmed/39789286	A scalable variational inference approach for increased mixed-model association power.	Hand grip strength right (UKB data field 47)	394,642 European ancestry individuals	NA	17q12	17	38765943		PIP4K2B			ENSG00000276293			rs1043515-G	rs1043515	0	1043515	3_prime_UTR_variant	0	0.56435454	7E-18	17.154901959985743		0.011928508	[0.009-0.0148] unit increase	NR [13308323] (imputed)	N	grip strength measurement	http://www.ebi.ac.uk/efo/EFO_0006941	GCST90468169	Genome-wide genotyping array
2025-07-02	39789286	Loya H	2025-01-09	Nat Genet	www.ncbi.nlm.nih.gov/pubmed/39789286	A scalable variational inference approach for increased mixed-model association power.	Hand grip strength right (UKB data field 47)	394,642 European ancestry individuals	NA	12q14.3	12	65950030		HMGA2			ENSG00000149948			rs10784502-T	rs10784502	0	10784502	intron_variant	0	0.51017326	8E-16	15.096910013008056		0.011229898	[0.0084-0.0141] unit decrease	NR [13308323] (imputed)	N	grip strength measurement	http://www.ebi.ac.uk/efo/EFO_0006941	GCST90468169	Genome-wide genotyping array
2025-07-02	39789286	Loya H	2025-01-09	Nat Genet	www.ncbi.nlm.nih.gov/pubmed/39789286	A scalable variational inference approach for increased mixed-model association power.	Hand grip strength right (UKB data field 47)	394,642 European ancestry individuals	NA	1q25.2	1	176830007		PAPPA2			ENSG00000116183			rs10798483-A	rs10798483	0	10798483	intron_variant	0	0.54740176	2E-22	21.69897000433602		0.01363532	[0.011-0.017] unit increase	NR [13308323] (imputed)	N	grip strength measurement	http://www.ebi.ac.uk/efo/EFO_0006941	GCST90468169	Genome-wide genotyping array
2025-07-02	39789286	Loya H	2025-01-09	Nat Genet	www.ncbi.nlm.nih.gov/pubmed/39789286	A scalable variational inference approach for increased mixed-model association power.	Hand grip strength right (UKB data field 47)	394,642 European ancestry individuals	NA	2q21.3	2	134885149		ACMSD, CCNT2-AS1			ENSG00000153086, ENSG00000224043			rs111674445-A	rs111674445	0	111674445	intron_variant	0	0.3604253	2E-17	16.69897000433602		0.01245881	[0.0095-0.0155] unit increase	NR [13308323] (imputed)	N	grip strength measurement	http://www.ebi.ac.uk/efo/EFO_0006941	GCST90468169	Genome-wide genotyping array
2025-07-02	39789286	Loya H	2025-01-09	Nat Genet	www.ncbi.nlm.nih.gov/pubmed/39789286	A scalable variational inference approach for increased mixed-model association power.	Hand grip strength right (UKB data field 47)	394,642 European ancestry individuals	NA	5q31.1	5	132228943		P4HA2			ENSG00000072682			rs112688207-T	rs112688207	0	112688207	intergenic_variant	0	0.45881194	1E-15	15.0		0.01127837	[0.0084-0.0142] unit increase	NR [13308323] (imputed)	N	grip strength measurement	http://www.ebi.ac.uk/efo/EFO_0006941	GCST90468169	Genome-wide genotyping array
2025-07-02	39789286	Loya H	2025-01-09	Nat Genet	www.ncbi.nlm.nih.gov/pubmed/39789286	A scalable variational inference approach for increased mixed-model association power.	Hand grip strength right (UKB data field 47)	394,642 European ancestry individuals	NA	16p12.1	16	24777324		TNRC6A			ENSG00000090905			rs11639856-A	rs11639856	0	11639856	missense_variant	0	0.1960435	4E-12	11.397940008672037		0.012221874	[0.0086-0.0158] unit decrease	NR [13308323] (imputed)	N	grip strength measurement	http://www.ebi.ac.uk/efo/EFO_0006941	GCST90468169	Genome-wide genotyping array
2025-07-02	39789286	Loya H	2025-01-09	Nat Genet	www.ncbi.nlm.nih.gov/pubmed/39789286	A scalable variational inference approach for increased mixed-model association power.	Hand grip strength right (UKB data field 47)	394,642 European ancestry individuals	NA	16p13.3	16	2091329		PKD1			ENSG00000008710			rs1184357-C	rs1184357	0	1184357	intron_variant	0	0.1680347	7E-18	17.154901959985743		0.016254326	[0.012-0.02] unit decrease	NR [13308323] (imputed)	N	grip strength measurement	http://www.ebi.ac.uk/efo/EFO_0006941	GCST90468169	Genome-wide genotyping array
2025-07-02	39789286	Loya H	2025-01-09	Nat Genet	www.ncbi.nlm.nih.gov/pubmed/39789286	A scalable variational inference approach for increased mixed-model association power.	Hand grip strength right (UKB data field 47)	394,642 European ancestry individuals	NA	10q24.32	10	102748445		WBP1L			ENSG00000166272			rs12763284-G	rs12763284	0	12763284	intron_variant	0	0.4661909	1E-12	12.0		0.009843514	[0.007-0.0127] unit increase	NR [13308323] (imputed)	N	grip strength measurement	http://www.ebi.ac.uk/efo/EFO_0006941	GCST90468169	Genome-wide genotyping array
2025-07-02	39789286	Loya H	2025-01-09	Nat Genet	www.ncbi.nlm.nih.gov/pubmed/39789286	A scalable variational inference approach for increased mixed-model association power.	Hand grip strength right (UKB data field 47)	394,642 European ancestry individuals	NA	11q14.1	11	77671782		RSF1			ENSG00000048649			rs12792400-A	rs12792400	0	12792400	intron_variant	0	0.1690613	2E-12	11.698970004336019		0.0130982585	[0.0093-0.0169] unit increase	NR [13308323] (imputed)	N	grip strength measurement	http://www.ebi.ac.uk/efo/EFO_0006941	GCST90468169	Genome-wide genotyping array
2025-07-02	39789286	Loya H	2025-01-09	Nat Genet	www.ncbi.nlm.nih.gov/pubmed/39789286	A scalable variational inference approach for increased mixed-model association power.	Hand grip strength right (UKB data field 47)	394,642 European ancestry individuals	NA	18q21.1	18	49317553		DYM			ENSG00000141627			rs12957894-G	rs12957894	0	12957894	intron_variant	0	0.4735422	8E-14	13.096910013008056		0.010671425	[0.0078-0.0136] unit increase	NR [13308323] (imputed)	N	grip strength measurement	http://www.ebi.ac.uk/efo/EFO_0006941	GCST90468169	Genome-wide genotyping array
2025-07-02	39789286	Loya H	2025-01-09	Nat Genet	www.ncbi.nlm.nih.gov/pubmed/39789286	A scalable variational inference approach for increased mixed-model association power.	Hand grip strength right (UKB data field 47)	394,642 European ancestry individuals	NA	20q13.13	20	49184292		STAU1			ENSG00000124214			rs13041213-A	rs13041213	0	13041213	intron_variant	0	0.236885	8E-12	11.096910013008056		0.011173639	[0.0078-0.0146] unit increase	NR [13308323] (imputed)	N	grip strength measurement	http://www.ebi.ac.uk/efo/EFO_0006941	GCST90468169	Genome-wide genotyping array
2025-07-02	39789286	Loya H	2025-01-09	Nat Genet	www.ncbi.nlm.nih.gov/pubmed/39789286	A scalable variational inference approach for increased mixed-model association power.	Hand grip strength right (UKB data field 47)	394,642 European ancestry individuals	NA	4q24	4	102267552		SLC39A8			ENSG00000138821			rs13107325-T	rs13107325	0	13107325	missense_variant	0	0.0743611	4E-22	21.397940008672037		0.02580806	[0.02-0.031] unit decrease	NR [13308323] (imputed)	N	grip strength measurement	http://www.ebi.ac.uk/efo/EFO_0006941	GCST90468169	Genome-wide genotyping array
2025-07-02	39789286	Loya H	2025-01-09	Nat Genet	www.ncbi.nlm.nih.gov/pubmed/39789286	A scalable variational inference approach for increased mixed-model association power.	Hand grip strength right (UKB data field 47)	394,642 European ancestry individuals	NA	1q23.2	1	160191011		CASQ1			ENSG00000143318			rs150330307-C	rs150330307	0	150330307	missense_variant	0	0.0319378	2E-14	13.698970004336019		0.030175883	[0.022-0.038] unit decrease	NR [13308323] (imputed)	N	grip strength measurement	http://www.ebi.ac.uk/efo/EFO_0006941	GCST90468169	Genome-wide genotyping array
2025-07-02	39789286	Loya H	2025-01-09	Nat Genet	www.ncbi.nlm.nih.gov/pubmed/39789286	A scalable variational inference approach for increased mixed-model association power.	Hand grip strength right (UKB data field 47)	394,642 European ancestry individuals	NA	2p23.3	2	24818751		CENPO			ENSG00000138092			rs1550115-T	rs1550115	0	1550115	3_prime_UTR_variant	0	0.7483224	5E-21	20.30102999566398		0.015233922	[0.012-0.019] unit increase	NR [13308323] (imputed)	N	grip strength measurement	http://www.ebi.ac.uk/efo/EFO_0006941	GCST90468169	Genome-wide genotyping array
2025-07-02	39789286	Loya H	2025-01-09	Nat Genet	www.ncbi.nlm.nih.gov/pubmed/39789286	A scalable variational inference approach for increased mixed-model association power.	Hand grip strength right (UKB data field 47)	394,642 European ancestry individuals	NA	15q24.3	15	77098528		TSPAN3 - PEAK1	ENSG00000140391	ENSG00000173517		14544	2128	rs17466480-G	rs17466480	0	17466480	intergenic_variant	1	0.3877297	1E-13	13.0		0.01058114	[0.0076-0.0135] unit decrease	NR [13308323] (imputed)	N	grip strength measurement	http://www.ebi.ac.uk/efo/EFO_0006941	GCST90468169	Genome-wide genotyping array
2025-07-02	39789286	Loya H	2025-01-09	Nat Genet	www.ncbi.nlm.nih.gov/pubmed/39789286	A scalable variational inference approach for increased mixed-model association power.	Hand grip strength right (UKB data field 47)	394,642 European ancestry individuals	NA	12q13.11	12	47998650		COL2A1			ENSG00000139219			rs1793958-G	rs1793958	0	1793958	intron_variant	0	0.6234252	7E-12	11.154901959985743		0.009865777	[0.0069-0.0128] unit increase	NR [13308323] (imputed)	N	grip strength measurement	http://www.ebi.ac.uk/efo/EFO_0006941	GCST90468169	Genome-wide genotyping array
2025-07-02	39789286	Loya H	2025-01-09	Nat Genet	www.ncbi.nlm.nih.gov/pubmed/39789286	A scalable variational inference approach for increased mixed-model association power.	Hand grip strength right (UKB data field 47)	394,642 European ancestry individuals	NA	6p21.32	6	32131327		FKBPL - PPT2	ENSG00000204315	ENSG00000221988		257	15253	rs201873552-CG	rs201873552	0	201873552	regulatory_region_variant	1	0.68086308	2E-11	10.698970004336019		0.010149464	[0.007-0.0133] unit decrease	NR [13308323] (imputed)	N	grip strength measurement	http://www.ebi.ac.uk/efo/EFO_0006941	GCST90468169	Genome-wide genotyping array
2025-07-02	39789286	Loya H	2025-01-09	Nat Genet	www.ncbi.nlm.nih.gov/pubmed/39789286	A scalable variational inference approach for increased mixed-model association power.	Hand grip strength right (UKB data field 47)	394,642 European ancestry individuals	NA	9q33.1	9	116588645		ASTN2			ENSG00000148219			rs202070966-ATAT	rs202070966	0	202070966	intron_variant	0	0.6081585	2E-16	15.698970004336019		0.011496516	[0.0086-0.0144] unit decrease	NR [13308323] (imputed)	N	grip strength measurement	http://www.ebi.ac.uk/efo/EFO_0006941	GCST90468169	Genome-wide genotyping array
2025-07-02	39789286	Loya H	2025-01-09	Nat Genet	www.ncbi.nlm.nih.gov/pubmed/39789286	A scalable variational inference approach for increased mixed-model association power.	Hand grip strength right (UKB data field 47)	394,642 European ancestry individuals	NA	5q21.2	5	104596006		NIHCOLE - RNU6-334P	ENSG00000251026	ENSG00000252881		165761	184282	rs2431112-A	rs2431112	0	2431112	intron_variant	1	0.4404868	2E-13	12.698970004336019		0.010320252	[0.0074-0.0132] unit decrease	NR [13308323] (imputed)	N	grip strength measurement	http://www.ebi.ac.uk/efo/EFO_0006941	GCST90468169	Genome-wide genotyping array
2025-07-02	39789286	Loya H	2025-01-09	Nat Genet	www.ncbi.nlm.nih.gov/pubmed/39789286	A scalable variational inference approach for increased mixed-model association power.	Hand grip strength right (UKB data field 47)	394,642 European ancestry individuals	NA	15q26.3	15	98651667		IGF1R			ENSG00000140443			rs2871865-G	rs2871865	0	2871865	intron_variant	0	0.11546797	2E-22	21.69897000433602		0.021134615	[0.017-0.026] unit decrease	NR [13308323] (imputed)	N	grip strength measurement	http://www.ebi.ac.uk/efo/EFO_0006941	GCST90468169	Genome-wide genotyping array
2025-07-02	39789286	Loya H	2025-01-09	Nat Genet	www.ncbi.nlm.nih.gov/pubmed/39789286	A scalable variational inference approach for increased mixed-model association power.	Hand grip strength right (UKB data field 47)	394,642 European ancestry individuals	NA	15q21.3	15	58035149		ALDH1A2			ENSG00000128918			rs2899611-G	rs2899611	0	2899611	intron_variant	0	0.5102611	1E-11	11.0		0.009405587	[0.0065-0.0123] unit decrease	NR [13308323] (imputed)	N	grip strength measurement	http://www.ebi.ac.uk/efo/EFO_0006941	GCST90468169	Genome-wide genotyping array
2025-07-02	39789286	Loya H	2025-01-09	Nat Genet	www.ncbi.nlm.nih.gov/pubmed/39789286	A scalable variational inference approach for increased mixed-model association power.	Hand grip strength right (UKB data field 47)	394,642 European ancestry individuals	NA	1q32.1	1	205717396		NUCKS1			ENSG00000069275			rs34305872-GT	rs34305872	0	34305872	3_prime_UTR_variant	0	0.4305607	4E-14	13.397940008672037		0.010807201	[0.0079-0.0138] unit decrease	NR [13308323] (imputed)	N	grip strength measurement	http://www.ebi.ac.uk/efo/EFO_0006941	GCST90468169	Genome-wide genotyping array
2025-07-02	39789286	Loya H	2025-01-09	Nat Genet	www.ncbi.nlm.nih.gov/pubmed/39789286	A scalable variational inference approach for increased mixed-model association power.	Hand grip strength right (UKB data field 47)	394,642 European ancestry individuals	NA	10q26.3	10	129039010		LINC02667 - MGMT	ENSG00000224190	ENSG00000170430		122581	427669	rs374532236-T	rs374532236	0	374532236	intron_variant	1	0.37830013	2E-27	26.69897000433602		0.015642064	[0.013-0.019] unit increase	NR [13308323] (imputed)	N	grip strength measurement	http://www.ebi.ac.uk/efo/EFO_0006941	GCST90468169	Genome-wide genotyping array
2025-07-02	39789286	Loya H	2025-01-09	Nat Genet	www.ncbi.nlm.nih.gov/pubmed/39789286	A scalable variational inference approach for increased mixed-model association power.	Hand grip strength right (UKB data field 47)	394,642 European ancestry individuals	NA	2p13.3	2	70492938		TGFA			ENSG00000163235			rs3771498-T	rs3771498	0	3771498	intron_variant	0	0.51636532	2E-22	21.69897000433602		0.013728345	[0.011-0.017] unit increase	NR [13308323] (imputed)	N	grip strength measurement	http://www.ebi.ac.uk/efo/EFO_0006941	GCST90468169	Genome-wide genotyping array
2025-07-02	39789286	Loya H	2025-01-09	Nat Genet	www.ncbi.nlm.nih.gov/pubmed/39789286	A scalable variational inference approach for increased mixed-model association power.	Hand grip strength right (UKB data field 47)	394,642 European ancestry individuals	NA	6p24.3	6	7725527		RPL29P1 - BMP6	ENSG00000236512	ENSG00000153162		104649	522	rs3812163-T	rs3812163	0	3812163	intergenic_variant	1	0.4696943	2E-14	13.698970004336019		0.010505154	[0.0076-0.0134] unit increase	NR [13308323] (imputed)	N	grip strength measurement	http://www.ebi.ac.uk/efo/EFO_0006941	GCST90468169	Genome-wide genotyping array
2025-07-02	39789286	Loya H	2025-01-09	Nat Genet	www.ncbi.nlm.nih.gov/pubmed/39789286	A scalable variational inference approach for increased mixed-model association power.	Hand grip strength right (UKB data field 47)	394,642 European ancestry individuals	NA	16q12.2	16	53876349		FTO			ENSG00000140718			rs4784329-C	rs4784329	0	4784329	intron_variant	0	0.4297499	1E-15	15.0		0.0113400025	[0.0084-0.0142] unit decrease	NR [13308323] (imputed)	N	grip strength measurement	http://www.ebi.ac.uk/efo/EFO_0006941	GCST90468169	Genome-wide genotyping array
2025-07-02	39789286	Loya H	2025-01-09	Nat Genet	www.ncbi.nlm.nih.gov/pubmed/39789286	A scalable variational inference approach for increased mixed-model association power.	Hand grip strength right (UKB data field 47)	394,642 European ancestry individuals	NA	18q11.2	18	23147647		CABLES1			ENSG00000134508			rs4800452-T	rs4800452	0	4800452	intron_variant	0	0.78412333	7E-17	16.154901959985743		0.01431324	[0.011-0.018] unit increase	NR [13308323] (imputed)	N	grip strength measurement	http://www.ebi.ac.uk/efo/EFO_0006941	GCST90468169	Genome-wide genotyping array
2025-07-02	39789286	Loya H	2025-01-09	Nat Genet	www.ncbi.nlm.nih.gov/pubmed/39789286	A scalable variational inference approach for increased mixed-model association power.	Hand grip strength right (UKB data field 47)	394,642 European ancestry individuals	NA	1p32.3	1	53606798		GLIS1			ENSG00000174332			rs4927015-A	rs4927015	0	4927015	intron_variant	0	0.5864003	2E-15	14.698970004336019		0.011255786	[0.0083-0.0142] unit increase	NR [13308323] (imputed)	N	grip strength measurement	http://www.ebi.ac.uk/efo/EFO_0006941	GCST90468169	Genome-wide genotyping array
2025-07-02	39789286	Loya H	2025-01-09	Nat Genet	www.ncbi.nlm.nih.gov/pubmed/39789286	A scalable variational inference approach for increased mixed-model association power.	Hand grip strength right (UKB data field 47)	394,642 European ancestry individuals	NA	12p12.3	12	14908491		C12orf60 - ERP27	ENSG00000182993	ENSG00000139055		1905	5548	rs55785959-T	rs55785959	0	55785959	intergenic_variant	1	0.3787006	8E-27	26.096910013008056		0.0154089155	[0.012-0.018] unit decrease	NR [13308323] (imputed)	N	grip strength measurement	http://www.ebi.ac.uk/efo/EFO_0006941	GCST90468169	Genome-wide genotyping array
2025-07-02	39789286	Loya H	2025-01-09	Nat Genet	www.ncbi.nlm.nih.gov/pubmed/39789286	A scalable variational inference approach for increased mixed-model association power.	Hand grip strength right (UKB data field 47)	394,642 European ancestry individuals	NA	11q13.2	11	67132148		KDM2A			ENSG00000173120			rs56088284-G	rs56088284	0	56088284	intron_variant	0	0.0843663	1E-24	24.0		0.02563553	[0.02-0.031] unit decrease	NR [13308323] (imputed)	N	grip strength measurement	http://www.ebi.ac.uk/efo/EFO_0006941	GCST90468169	Genome-wide genotyping array
2025-07-02	39789286	Loya H	2025-01-09	Nat Genet	www.ncbi.nlm.nih.gov/pubmed/39789286	A scalable variational inference approach for increased mixed-model association power.	Hand grip strength right (UKB data field 47)	394,642 European ancestry individuals	NA	11q13.4	11	74668765		POLD3			ENSG00000077514			rs56330626-GT	rs56330626	0	56330626	intergenic_variant	0	0.19754106	4E-27	26.397940008672037		0.019039385	[0.015-0.023] unit increase	NR [13308323] (imputed)	N	grip strength measurement	http://www.ebi.ac.uk/efo/EFO_0006941	GCST90468169	Genome-wide genotyping array
2025-07-02	39789286	Loya H	2025-01-09	Nat Genet	www.ncbi.nlm.nih.gov/pubmed/39789286	A scalable variational inference approach for increased mixed-model association power.	Hand grip strength right (UKB data field 47)	394,642 European ancestry individuals	NA	1q42.13	1	227680773		ZNF678 - ZNF847P	ENSG00000181450	ENSG00000215812		3330	16119	rs56950588-T	rs56950588	0	56950588	intergenic_variant	1	0.1978152	2E-15	14.698970004336019		0.013814113	[0.01-0.017] unit decrease	NR [13308323] (imputed)	N	grip strength measurement	http://www.ebi.ac.uk/efo/EFO_0006941	GCST90468169	Genome-wide genotyping array
2025-07-02	39789286	Loya H	2025-01-09	Nat Genet	www.ncbi.nlm.nih.gov/pubmed/39789286	A scalable variational inference approach for increased mixed-model association power.	Hand grip strength right (UKB data field 47)	394,642 European ancestry individuals	NA	18q21.2	18	55606383		TCF4			ENSG00000196628			rs635538-A	rs635538	0	635538	intron_variant	0	0.91362145	2E-15	14.698970004336019		0.020026706	[0.015-0.025] unit decrease	NR [13308323] (imputed)	N	grip strength measurement	http://www.ebi.ac.uk/efo/EFO_0006941	GCST90468169	Genome-wide genotyping array
2025-07-02	39789286	Loya H	2025-01-09	Nat Genet	www.ncbi.nlm.nih.gov/pubmed/39789286	A scalable variational inference approach for increased mixed-model association power.	Hand grip strength right (UKB data field 47)	394,642 European ancestry individuals	NA	10q22.3	10	79474744		ZCCHC24 - TPRX1P1	ENSG00000165424	ENSG00000259021		29119	24922	rs7071654-G	rs7071654	0	7071654	intergenic_variant	1	0.1583675	6E-12	11.221848749616356		0.013110441	[0.0092-0.017] unit increase	NR [13308323] (imputed)	N	grip strength measurement	http://www.ebi.ac.uk/efo/EFO_0006941	GCST90468169	Genome-wide genotyping array
2025-07-02	39789286	Loya H	2025-01-09	Nat Genet	www.ncbi.nlm.nih.gov/pubmed/39789286	A scalable variational inference approach for increased mixed-model association power.	Hand grip strength right (UKB data field 47)	394,642 European ancestry individuals	NA	12p12.1	12	23918814		SOX5			ENSG00000134532			rs7134283-A	rs7134283	0	7134283	intron_variant	0	0.28363156	7E-13	12.154901959985743		0.011127004	[0.0079-0.0143] unit decrease	NR [13308323] (imputed)	N	grip strength measurement	http://www.ebi.ac.uk/efo/EFO_0006941	GCST90468169	Genome-wide genotyping array
2025-07-02	39789286	Loya H	2025-01-09	Nat Genet	www.ncbi.nlm.nih.gov/pubmed/39789286	A scalable variational inference approach for increased mixed-model association power.	Hand grip strength right (UKB data field 47)	394,642 European ancestry individuals	NA	12q24.31	12	123921324		CCDC92, DNAH10			ENSG00000119242, ENSG00000197653			rs7301953-A	rs7301953	0	7301953	intron_variant	0	0.3113643	5E-12	11.301029995663981		0.0103764925	[0.0073-0.0135] unit decrease	NR [13308323] (imputed)	N	grip strength measurement	http://www.ebi.ac.uk/efo/EFO_0006941	GCST90468169	Genome-wide genotyping array
2025-07-02	39789286	Loya H	2025-01-09	Nat Genet	www.ncbi.nlm.nih.gov/pubmed/39789286	A scalable variational inference approach for increased mixed-model association power.	Hand grip strength right (UKB data field 47)	394,642 European ancestry individuals	NA	2p21	2	43961257		LRPPRC			ENSG00000138095			rs7565148-G	rs7565148	0	7565148	intron_variant	0	0.50179547	6E-12	11.221848749616356		0.009716267	[0.0068-0.0126] unit decrease	NR [13308323] (imputed)	N	grip strength measurement	http://www.ebi.ac.uk/efo/EFO_0006941	GCST90468169	Genome-wide genotyping array
2025-07-02	39789286	Loya H	2025-01-09	Nat Genet	www.ncbi.nlm.nih.gov/pubmed/39789286	A scalable variational inference approach for increased mixed-model association power.	Hand grip strength right (UKB data field 47)	394,642 European ancestry individuals	NA	2p22.1	2	40167739		SLC8A1, SLC8A1-AS1			ENSG00000183023, ENSG00000227028			rs7607992-G	rs7607992	0	7607992	intron_variant	0	0.14140815	1E-12	12.0		0.014317339	[0.01-0.018] unit increase	NR [13308323] (imputed)	N	grip strength measurement	http://www.ebi.ac.uk/efo/EFO_0006941	GCST90468169	Genome-wide genotyping array
2025-07-02	39789286	Loya H	2025-01-09	Nat Genet	www.ncbi.nlm.nih.gov/pubmed/39789286	A scalable variational inference approach for increased mixed-model association power.	Hand grip strength right (UKB data field 47)	394,642 European ancestry individuals	NA	6q23.1	6	130053316		L3MBTL3			ENSG00000198945			rs7740107-A	rs7740107	0	7740107	intron_variant	0	0.73545265	4E-22	21.397940008672037		0.014911451	[0.012-0.018] unit decrease	NR [13308323] (imputed)	N	grip strength measurement	http://www.ebi.ac.uk/efo/EFO_0006941	GCST90468169	Genome-wide genotyping array
2025-07-02	39789286	Loya H	2025-01-09	Nat Genet	www.ncbi.nlm.nih.gov/pubmed/39789286	A scalable variational inference approach for increased mixed-model association power.	Hand grip strength right (UKB data field 47)	394,642 European ancestry individuals	NA	6q16.3	6	104931079		LIN28B-AS1			ENSG00000203809			rs7759938-T	rs7759938	0	7759938	intron_variant	0	0.67757106	4E-13	12.397940008672037		0.010601792	[0.0075-0.0137] unit decrease	NR [13308323] (imputed)	N	grip strength measurement	http://www.ebi.ac.uk/efo/EFO_0006941	GCST90468169	Genome-wide genotyping array
2025-07-02	39789286	Loya H	2025-01-09	Nat Genet	www.ncbi.nlm.nih.gov/pubmed/39789286	A scalable variational inference approach for increased mixed-model association power.	Hand grip strength right (UKB data field 47)	394,642 European ancestry individuals	NA	5q21.1	5	103003035		PAM			ENSG00000145730			rs78408340-G	rs78408340	0	78408340	missense_variant	0	0.00973415	1E-13	13.0		0.052923005	[0.038-0.068] unit decrease	NR [13308323] (imputed)	N	grip strength measurement	http://www.ebi.ac.uk/efo/EFO_0006941	GCST90468169	Genome-wide genotyping array
2025-07-02	39789286	Loya H	2025-01-09	Nat Genet	www.ncbi.nlm.nih.gov/pubmed/39789286	A scalable variational inference approach for increased mixed-model association power.	Hand grip strength right (UKB data field 47)	394,642 European ancestry individuals	NA	6p22.3	6	18403902		RNF144B			ENSG00000137393			rs9396861-A	rs9396861	0	9396861	intron_variant	0	0.598807	4E-12	11.397940008672037		0.009901791	[0.0069-0.0129] unit decrease	NR [13308323] (imputed)	N	grip strength measurement	http://www.ebi.ac.uk/efo/EFO_0006941	GCST90468169	Genome-wide genotyping array
2025-07-02	39789286	Loya H	2025-01-09	Nat Genet	www.ncbi.nlm.nih.gov/pubmed/39789286	A scalable variational inference approach for increased mixed-model association power.	Hand grip strength right (UKB data field 47)	394,642 European ancestry individuals	NA	17q21.31	17	45145925		ACBD4 - HEXIM1	ENSG00000181513	ENSG00000186834		1744	2550	rs9894577-A	rs9894577	0	9894577	intergenic_variant	1	0.3165136	9E-13	12.045757490560675		0.010564832	[0.0075-0.0136] unit decrease	NR [13308323] (imputed)	N	grip strength measurement	http://www.ebi.ac.uk/efo/EFO_0006941	GCST90468169	Genome-wide genotyping array
2025-07-02	39789286	Loya H	2025-01-09	Nat Genet	www.ncbi.nlm.nih.gov/pubmed/39789286	A scalable variational inference approach for increased mixed-model association power.	Hand grip strength right (UKB data field 47)	394,642 European ancestry individuals	NA	10q24.1	10	97242022		ARHGAP19, ARHGAP19-SLIT1			ENSG00000213390, ENSG00000269891			rs11595634-T	rs11595634	0	11595634	intron_variant	0	0.4147839	4E-13	12.397940008672037		0.010587231	[0.0076-0.0136] unit increase	NR [13308323] (imputed)	N	grip strength measurement	http://www.ebi.ac.uk/efo/EFO_0006941	GCST90468169	Genome-wide genotyping array
2025-07-02	39789286	Loya H	2025-01-09	Nat Genet	www.ncbi.nlm.nih.gov/pubmed/39789286	A scalable variational inference approach for increased mixed-model association power.	Hand grip strength right (UKB data field 47)	394,642 European ancestry individuals	NA	4p15.31	4	17923111		LCORL			ENSG00000178177			rs11938781-C	rs11938781	0	11938781	intron_variant	0	0.1631814	1E-21	21.0		0.018085724	[0.014-0.022] unit decrease	NR [13308323] (imputed)	N	grip strength measurement	http://www.ebi.ac.uk/efo/EFO_0006941	GCST90468169	Genome-wide genotyping array
2025-07-02	39789286	Loya H	2025-01-09	Nat Genet	www.ncbi.nlm.nih.gov/pubmed/39789286	A scalable variational inference approach for increased mixed-model association power.	Hand grip strength right (UKB data field 47)	394,642 European ancestry individuals	NA	15q24.1	15	73930777		LOXL1			ENSG00000129038			rs62004866-G	rs62004866	0	62004866	intron_variant	0	0.1130962	7E-17	16.154901959985743		0.01849112	[0.014-0.023] unit decrease	NR [13308323] (imputed)	N	grip strength measurement	http://www.ebi.ac.uk/efo/EFO_0006941	GCST90468169	Genome-wide genotyping array
2025-07-02	39789286	Loya H	2025-01-09	Nat Genet	www.ncbi.nlm.nih.gov/pubmed/39789286	A scalable variational inference approach for increased mixed-model association power.	Hand grip strength right (UKB data field 47)	394,642 European ancestry individuals	NA	3q23	3	141423849		ZBTB38			ENSG00000177311			rs6440006-A	rs6440006	0	6440006	intron_variant	0	0.44758475	4E-13	12.397940008672037		0.010055949	[0.0072-0.013] unit increase	NR [13308323] (imputed)	N	grip strength measurement	http://www.ebi.ac.uk/efo/EFO_0006941	GCST90468169	Genome-wide genotyping array
2025-07-02	39789286	Loya H	2025-01-09	Nat Genet	www.ncbi.nlm.nih.gov/pubmed/39789286	A scalable variational inference approach for increased mixed-model association power.	Hand grip strength right (UKB data field 47)	394,642 European ancestry individuals	NA	7q36.1	7	150845427		AOC1			ENSG00000002726			rs6977081-T	rs6977081	0	6977081	intron_variant	0	0.3314574	2E-15	14.698970004336019		0.01184792	[0.0088-0.0149] unit increase	NR [13308323] (imputed)	N	grip strength measurement	http://www.ebi.ac.uk/efo/EFO_0006941	GCST90468169	Genome-wide genotyping array
2025-07-02	39789286	Loya H	2025-01-09	Nat Genet	www.ncbi.nlm.nih.gov/pubmed/39789286	A scalable variational inference approach for increased mixed-model association power.	Hand grip strength right (UKB data field 47)	394,642 European ancestry individuals	NA	17q21.31	17	44934540		KIF18B			ENSG00000186185			rs755547-A	rs755547	0	755547	synonymous_variant	0	0.18778104	6E-16	15.221848749616356		0.014225616	[0.011-0.018] unit increase	NR [13308323] (imputed)	N	grip strength measurement	http://www.ebi.ac.uk/efo/EFO_0006941	GCST90468169	Genome-wide genotyping array
2025-07-02	39789286	Loya H	2025-01-09	Nat Genet	www.ncbi.nlm.nih.gov/pubmed/39789286	A scalable variational inference approach for increased mixed-model association power.	Hand grip strength right (UKB data field 47)	394,642 European ancestry individuals	NA	17q21.32	17	48226196		SKAP1			ENSG00000141293			rs4534896-A	rs4534896	0	4534896	intron_variant	0	0.1918351	1E-11	11.0		0.011889384	[0.0082-0.0155] unit decrease	NR [13308323] (imputed)	N	grip strength measurement	http://www.ebi.ac.uk/efo/EFO_0006941	GCST90468169	Genome-wide genotyping array
2025-07-02	39789286	Loya H	2025-01-09	Nat Genet	www.ncbi.nlm.nih.gov/pubmed/39789286	A scalable variational inference approach for increased mixed-model association power.	Hand grip strength left (UKB data field 46)	394,642 European ancestry individuals	NA	1q42.13	1	227680773		ZNF678 - ZNF847P	ENSG00000181450	ENSG00000215812		3330	16119	rs56950588-T	rs56950588	0	56950588	intergenic_variant	1	0.1978152	6E-18	17.221848749616356		0.015037555	[0.011-0.019] unit decrease	NR [13308323] (imputed)	N	grip strength measurement	http://www.ebi.ac.uk/efo/EFO_0006941	GCST90468168	Genome-wide genotyping array
2025-07-02	39789286	Loya H	2025-01-09	Nat Genet	www.ncbi.nlm.nih.gov/pubmed/39789286	A scalable variational inference approach for increased mixed-model association power.	Hand grip strength left (UKB data field 46)	394,642 European ancestry individuals	NA	15q24.1	15	73930777		LOXL1			ENSG00000129038			rs62004866-G	rs62004866	0	62004866	intron_variant	0	0.1130962	2E-16	15.698970004336019		0.018067146	[0.013-0.023] unit decrease	NR [13308323] (imputed)	N	grip strength measurement	http://www.ebi.ac.uk/efo/EFO_0006941	GCST90468168	Genome-wide genotyping array
2025-07-02	39789286	Loya H	2025-01-09	Nat Genet	www.ncbi.nlm.nih.gov/pubmed/39789286	A scalable variational inference approach for increased mixed-model association power.	Hand grip strength left (UKB data field 46)	394,642 European ancestry individuals	NA	2q31.1	2	174376754		CIR1			ENSG00000138433			rs6433478-C	rs6433478	0	6433478	intron_variant	0	0.545613	1E-11	11.0		0.009611623	[0.0067-0.0125] unit increase	NR [13308323] (imputed)	N	grip strength measurement	http://www.ebi.ac.uk/efo/EFO_0006941	GCST90468168	Genome-wide genotyping array
2025-07-02	39789286	Loya H	2025-01-09	Nat Genet	www.ncbi.nlm.nih.gov/pubmed/39789286	A scalable variational inference approach for increased mixed-model association power.	Hand grip strength left (UKB data field 46)	394,642 European ancestry individuals	NA	6p24.3	6	7705771		RPL29P1 - BMP6	ENSG00000236512	ENSG00000153162		84893	20278	rs6927500-A	rs6927500	0	6927500	intergenic_variant	1	0.4882608	4E-12	11.397940008672037		0.009401945	[0.0065-0.0123] unit increase	NR [13308323] (imputed)	N	grip strength measurement	http://www.ebi.ac.uk/efo/EFO_0006941	GCST90468168	Genome-wide genotyping array
2025-07-02	39789286	Loya H	2025-01-09	Nat Genet	www.ncbi.nlm.nih.gov/pubmed/39789286	A scalable variational inference approach for increased mixed-model association power.	Hand grip strength left (UKB data field 46)	394,642 European ancestry individuals	NA	7q36.1	7	150845427		AOC1			ENSG00000002726			rs6977081-T	rs6977081	0	6977081	intron_variant	0	0.3314574	6E-19	18.221848749616356		0.013205012	[0.01-0.016] unit increase	NR [13308323] (imputed)	N	grip strength measurement	http://www.ebi.ac.uk/efo/EFO_0006941	GCST90468168	Genome-wide genotyping array
2025-07-02	39789286	Loya H	2025-01-09	Nat Genet	www.ncbi.nlm.nih.gov/pubmed/39789286	A scalable variational inference approach for increased mixed-model association power.	Hand grip strength left (UKB data field 46)	394,642 European ancestry individuals	NA	16q22.1	16	69862624		WWP2			ENSG00000198373			rs7196917-G	rs7196917	0	7196917	intron_variant	0	0.43078536	3E-14	13.522878745280337		0.010719543	[0.0078-0.0136] unit decrease	NR [13308323] (imputed)	N	grip strength measurement	http://www.ebi.ac.uk/efo/EFO_0006941	GCST90468168	Genome-wide genotyping array
2025-07-02	39789286	Loya H	2025-01-09	Nat Genet	www.ncbi.nlm.nih.gov/pubmed/39789286	A scalable variational inference approach for increased mixed-model association power.	Hand grip strength left (UKB data field 46)	394,642 European ancestry individuals	NA	7p12.3	7	46537458		ZNF619P1 - HMGN1P19	ENSG00000224547	ENSG00000224519		391770	97156	rs723149-G	rs723149	0	723149	intergenic_variant	1	0.5637147	2E-11	10.698970004336019		0.00944041	[0.0066-0.0123] unit decrease	NR [13308323] (imputed)	N	grip strength measurement	http://www.ebi.ac.uk/efo/EFO_0006941	GCST90468168	Genome-wide genotyping array
2025-07-02	39789286	Loya H	2025-01-09	Nat Genet	www.ncbi.nlm.nih.gov/pubmed/39789286	A scalable variational inference approach for increased mixed-model association power.	Hand grip strength left (UKB data field 46)	394,642 European ancestry individuals	NA	17q21.31	17	44934540		KIF18B			ENSG00000186185			rs755547-A	rs755547	0	755547	synonymous_variant	0	0.18778104	6E-17	16.221848749616356		0.014685453	[0.011-0.018] unit increase	NR [13308323] (imputed)	N	grip strength measurement	http://www.ebi.ac.uk/efo/EFO_0006941	GCST90468168	Genome-wide genotyping array
2025-07-02	39789286	Loya H	2025-01-09	Nat Genet	www.ncbi.nlm.nih.gov/pubmed/39789286	A scalable variational inference approach for increased mixed-model association power.	Hand grip strength left (UKB data field 46)	394,642 European ancestry individuals	NA	2p13.3	2	70487661		TGFA			ENSG00000163235			rs7571789-C	rs7571789	0	7571789	intron_variant	0	0.52471885	2E-18	17.69897000433602		0.012259556	[0.0094-0.0151] unit increase	NR [13308323] (imputed)	N	grip strength measurement	http://www.ebi.ac.uk/efo/EFO_0006941	GCST90468168	Genome-wide genotyping array
2025-07-02	39789286	Loya H	2025-01-09	Nat Genet	www.ncbi.nlm.nih.gov/pubmed/39789286	A scalable variational inference approach for increased mixed-model association power.	Hand grip strength left (UKB data field 46)	394,642 European ancestry individuals	NA	13q14.3	13	50527438		DLEU1, DLEU7			ENSG00000176124, ENSG00000186047			rs764256111-A	rs764256111	1	67209248	intron_variant	0	0.2133013	1E-17	17.0		0.014399273	[0.011-0.018] unit decrease	NR [13308323] (imputed)	N	grip strength measurement	http://www.ebi.ac.uk/efo/EFO_0006941	GCST90468168	Genome-wide genotyping array
2025-07-02	39789286	Loya H	2025-01-09	Nat Genet	www.ncbi.nlm.nih.gov/pubmed/39789286	A scalable variational inference approach for increased mixed-model association power.	Hand grip strength left (UKB data field 46)	394,642 European ancestry individuals	NA	6q23.1	6	130053316		L3MBTL3			ENSG00000198945			rs7740107-A	rs7740107	0	7740107	intron_variant	0	0.73545265	2E-20	19.69897000433602		0.014108773	[0.011-0.017] unit decrease	NR [13308323] (imputed)	N	grip strength measurement	http://www.ebi.ac.uk/efo/EFO_0006941	GCST90468168	Genome-wide genotyping array
2025-07-02	39789286	Loya H	2025-01-09	Nat Genet	www.ncbi.nlm.nih.gov/pubmed/39789286	A scalable variational inference approach for increased mixed-model association power.	Hand grip strength left (UKB data field 46)	394,642 European ancestry individuals	NA	11q13.2	11	67257063		KDM2A			ENSG00000173120			rs7952436-T	rs7952436	0	7952436	3_prime_UTR_variant	0	0.083539	4E-21	20.397940008672037		0.023921182	[0.019-0.029] unit decrease	NR [13308323] (imputed)	N	grip strength measurement	http://www.ebi.ac.uk/efo/EFO_0006941	GCST90468168	Genome-wide genotyping array
2025-07-02	39789286	Loya H	2025-01-09	Nat Genet	www.ncbi.nlm.nih.gov/pubmed/39789286	A scalable variational inference approach for increased mixed-model association power.	Hand grip strength left (UKB data field 46)	394,642 European ancestry individuals	NA	12q14.3	12	65966384		HMGA2 - MIR6074	ENSG00000149948	ENSG00000276878		93	57236	rs7970350-T	rs7970350	0	7970350	intergenic_variant	1	0.49206257	5E-13	12.301029995663981		0.010039721	[0.0072-0.0129] unit decrease	NR [13308323] (imputed)	N	grip strength measurement	http://www.ebi.ac.uk/efo/EFO_0006941	GCST90468168	Genome-wide genotyping array
2025-07-02	39789286	Loya H	2025-01-09	Nat Genet	www.ncbi.nlm.nih.gov/pubmed/39789286	A scalable variational inference approach for increased mixed-model association power.	Hand grip strength left (UKB data field 46)	394,642 European ancestry individuals	NA	6p21.32	6	32706552		MTCO3P1			ENSG00000235040			rs9275511-A	rs9275511	0	9275511	non_coding_transcript_exon_variant	0	0.44142735	2E-21	20.69897000433602		0.013235926	[0.01-0.016] unit decrease	NR [13308323] (imputed)	N	grip strength measurement	http://www.ebi.ac.uk/efo/EFO_0006941	GCST90468168	Genome-wide genotyping array
2025-07-02	39789286	Loya H	2025-01-09	Nat Genet	www.ncbi.nlm.nih.gov/pubmed/39789286	A scalable variational inference approach for increased mixed-model association power.	Hand grip strength left (UKB data field 46)	394,642 European ancestry individuals	NA											chr11:47720518-C	chr11:47720518	0			1	0.55275398	4E-14	13.397940008672037		0.010776406	[0.0079-0.0137] unit decrease	NR [13308323] (imputed)	N	grip strength measurement	http://www.ebi.ac.uk/efo/EFO_0006941	GCST90468168	Genome-wide genotyping array
2025-07-02	39789286	Loya H	2025-01-09	Nat Genet	www.ncbi.nlm.nih.gov/pubmed/39789286	A scalable variational inference approach for increased mixed-model association power.	Hand grip strength left (UKB data field 46)	394,642 European ancestry individuals	NA	5q31.1	5	132271709		P4HA2, PDLIM4			ENSG00000072682, ENSG00000131435			rs10479000-C	rs10479000	0	10479000	missense_variant	0	0.4617413	1E-14	14.0		0.010838056	[0.008-0.0137] unit increase	NR [13308323] (imputed)	N	grip strength measurement	http://www.ebi.ac.uk/efo/EFO_0006941	GCST90468168	Genome-wide genotyping array
2025-07-02	39789286	Loya H	2025-01-09	Nat Genet	www.ncbi.nlm.nih.gov/pubmed/39789286	A scalable variational inference approach for increased mixed-model association power.	Hand grip strength left (UKB data field 46)	394,642 European ancestry individuals	NA	12p12.3	12	14885854		MGP, C12orf60			ENSG00000111341, ENSG00000182993			rs1800801-T	rs1800801	0	1800801	5_prime_UTR_variant	0	0.37951213	3E-30	29.522878745280337		0.016351812	[0.013-0.019] unit decrease	NR [13308323] (imputed)	N	grip strength measurement	http://www.ebi.ac.uk/efo/EFO_0006941	GCST90468168	Genome-wide genotyping array
2025-07-02	39789286	Loya H	2025-01-09	Nat Genet	www.ncbi.nlm.nih.gov/pubmed/39789286	A scalable variational inference approach for increased mixed-model association power.	Hand grip strength left (UKB data field 46)	394,642 European ancestry individuals	NA	3q23	3	141402972		ZBTB38			ENSG00000177311			rs2871960-C	rs2871960	0	2871960	intron_variant	0	0.44768083	7E-16	15.154901959985743		0.011153502	[0.0083-0.014] unit increase	NR [13308323] (imputed)	N	grip strength measurement	http://www.ebi.ac.uk/efo/EFO_0006941	GCST90468168	Genome-wide genotyping array
2025-07-02	39789286	Loya H	2025-01-09	Nat Genet	www.ncbi.nlm.nih.gov/pubmed/39789286	A scalable variational inference approach for increased mixed-model association power.	Hand grip strength left (UKB data field 46)	394,642 European ancestry individuals	NA	6p21.33	6	31528999		MCCD1			ENSG00000204511			rs3130054-G	rs3130054	0	3130054	5_prime_UTR_variant	0	0.80155686	6E-13	12.221848749616356		0.012157649	[0.0086-0.0158] unit decrease	NR [13308323] (imputed)	N	grip strength measurement	http://www.ebi.ac.uk/efo/EFO_0006941	GCST90468168	Genome-wide genotyping array
2025-07-02	39789286	Loya H	2025-01-09	Nat Genet	www.ncbi.nlm.nih.gov/pubmed/39789286	A scalable variational inference approach for increased mixed-model association power.	Hand grip strength left (UKB data field 46)	394,642 European ancestry individuals	NA	7p21.1	7	18970187		HDAC9			ENSG00000048052			rs993082-T	rs993082	0	993082	intron_variant	0	0.16287065	4E-13	12.397940008672037		0.013713825	[0.0098-0.0176] unit increase	NR [13308323] (imputed)	N	grip strength measurement	http://www.ebi.ac.uk/efo/EFO_0006941	GCST90468168	Genome-wide genotyping array
2025-07-02	39789286	Loya H	2025-01-09	Nat Genet	www.ncbi.nlm.nih.gov/pubmed/39789286	A scalable variational inference approach for increased mixed-model association power.	Hand grip strength right (UKB data field 47)	394,642 European ancestry individuals	NA	17q24.1	17	65565474		AXIN2 - CEP112	ENSG00000168646	ENSG00000154240		3407	70063	rs757558-T	rs757558	0	757558	intron_variant	1	0.1553637	1E-11	11.0		0.013025509	[0.009-0.017] unit decrease	NR [13308323] (imputed)	N	grip strength measurement	http://www.ebi.ac.uk/efo/EFO_0006941	GCST90468169	Genome-wide genotyping array
2025-07-02	39789286	Loya H	2025-01-09	Nat Genet	www.ncbi.nlm.nih.gov/pubmed/39789286	A scalable variational inference approach for increased mixed-model association power.	Hand grip strength right (UKB data field 47)	394,642 European ancestry individuals	NA	13q14.3	13	50527438		DLEU1, DLEU7			ENSG00000176124, ENSG00000186047			rs764256111-A	rs764256111	1	67209248	intron_variant	0	0.2133013	2E-20	19.69897000433602		0.01569799	[0.012-0.019] unit decrease	NR [13308323] (imputed)	N	grip strength measurement	http://www.ebi.ac.uk/efo/EFO_0006941	GCST90468169	Genome-wide genotyping array
2025-07-02	39789286	Loya H	2025-01-09	Nat Genet	www.ncbi.nlm.nih.gov/pubmed/39789286	A scalable variational inference approach for increased mixed-model association power.	Hand grip strength right (UKB data field 47)	394,642 European ancestry individuals	NA	4q31.21	4	144643964		HHIP-AS1			ENSG00000248890			rs7680661-A	rs7680661	0	7680661	intron_variant	0	0.83052433	5E-12	11.301029995663981		0.012838699	[0.009-0.0167] unit increase	NR [13308323] (imputed)	N	grip strength measurement	http://www.ebi.ac.uk/efo/EFO_0006941	GCST90468169	Genome-wide genotyping array
2025-07-02	39789286	Loya H	2025-01-09	Nat Genet	www.ncbi.nlm.nih.gov/pubmed/39789286	A scalable variational inference approach for increased mixed-model association power.	Hand grip strength right (UKB data field 47)	394,642 European ancestry individuals	NA	17q21.31	17	46252739		MAPK8IP1P1 - ARL17B	ENSG00000262500	ENSG00000228696		7695	21445	rs79641193-G	rs79641193	0	79641193	intron_variant	1	0.1980749	1E-16	16.0		0.014785361	[0.011-0.019] unit decrease	NR [13308323] (imputed)	N	grip strength measurement	http://www.ebi.ac.uk/efo/EFO_0006941	GCST90468169	Genome-wide genotyping array
2025-07-02	39789286	Loya H	2025-01-09	Nat Genet	www.ncbi.nlm.nih.gov/pubmed/39789286	A scalable variational inference approach for increased mixed-model association power.	Hand grip strength right (UKB data field 47)	394,642 European ancestry individuals	NA	6p21.32	6	32706552		MTCO3P1			ENSG00000235040			rs9275511-A	rs9275511	0	9275511	non_coding_transcript_exon_variant	0	0.44142735	7E-25	24.154901959985743		0.014475571	[0.012-0.017] unit decrease	NR [13308323] (imputed)	N	grip strength measurement	http://www.ebi.ac.uk/efo/EFO_0006941	GCST90468169	Genome-wide genotyping array
2025-07-02	39789286	Loya H	2025-01-09	Nat Genet	www.ncbi.nlm.nih.gov/pubmed/39789286	A scalable variational inference approach for increased mixed-model association power.	Hand grip strength left (UKB data field 46)	394,642 European ancestry individuals	NA	16q12.2	16	53880018		FTO			ENSG00000140718			rs11076004-A	rs11076004	0	11076004	intron_variant	0	0.4214993	2E-12	11.698970004336019		0.009974342	[0.0071-0.0129] unit decrease	NR [13308323] (imputed)	N	grip strength measurement	http://www.ebi.ac.uk/efo/EFO_0006941	GCST90468168	Genome-wide genotyping array
2025-07-02	39789286	Loya H	2025-01-09	Nat Genet	www.ncbi.nlm.nih.gov/pubmed/39789286	A scalable variational inference approach for increased mixed-model association power.	Hand grip strength left (UKB data field 46)	394,642 European ancestry individuals	NA	2p21	2	43986997		LRPPRC			ENSG00000138095			rs11124957-G	rs11124957	0	11124957	intron_variant	0	0.4968449	7E-14	13.154901959985743		0.010507838	[0.0076-0.0134] unit decrease	NR [13308323] (imputed)	N	grip strength measurement	http://www.ebi.ac.uk/efo/EFO_0006941	GCST90468168	Genome-wide genotyping array
2025-07-02	39789286	Loya H	2025-01-09	Nat Genet	www.ncbi.nlm.nih.gov/pubmed/39789286	A scalable variational inference approach for increased mixed-model association power.	Hand grip strength left (UKB data field 46)	394,642 European ancestry individuals	NA	2p23.3	2	24829308		ADCY3			ENSG00000138031			rs11125803-T	rs11125803	0	11125803	intron_variant	0	0.7401706	5E-17	16.30102999566398		0.013423267	[0.01-0.017] unit increase	NR [13308323] (imputed)	N	grip strength measurement	http://www.ebi.ac.uk/efo/EFO_0006941	GCST90468168	Genome-wide genotyping array
2025-07-02	39789286	Loya H	2025-01-09	Nat Genet	www.ncbi.nlm.nih.gov/pubmed/39789286	A scalable variational inference approach for increased mixed-model association power.	Hand grip strength left (UKB data field 46)	394,642 European ancestry individuals	NA	12q13.11	12	48018355		COL2A1 - SENP1	ENSG00000139219	ENSG00000079387		13666	21429	rs11168357-A	rs11168357	0	11168357	intron_variant	1	0.2459559	2E-11	10.698970004336019		0.010892845	[0.0076-0.0142] unit decrease	NR [13308323] (imputed)	N	grip strength measurement	http://www.ebi.ac.uk/efo/EFO_0006941	GCST90468168	Genome-wide genotyping array
2025-07-02	39789286	Loya H	2025-01-09	Nat Genet	www.ncbi.nlm.nih.gov/pubmed/39789286	A scalable variational inference approach for increased mixed-model association power.	Hand grip strength left (UKB data field 46)	394,642 European ancestry individuals	NA	2q21.3	2	134861788		ACMSD, CCNT2-AS1			ENSG00000153086, ENSG00000224043			rs11441014-TA	rs11441014	0	11441014	intron_variant	0	0.17361283	2E-19	18.69897000433602		0.016772127	[0.013-0.021] unit increase	NR [13308323] (imputed)	N	grip strength measurement	http://www.ebi.ac.uk/efo/EFO_0006941	GCST90468168	Genome-wide genotyping array
2025-07-02	39789286	Loya H	2025-01-09	Nat Genet	www.ncbi.nlm.nih.gov/pubmed/39789286	A scalable variational inference approach for increased mixed-model association power.	Hand grip strength left (UKB data field 46)	394,642 European ancestry individuals	NA	10q24.1	10	97242022		ARHGAP19, ARHGAP19-SLIT1			ENSG00000213390, ENSG00000269891			rs11595634-T	rs11595634	0	11595634	intron_variant	0	0.4147839	7E-12	11.154901959985743		0.010051803	[0.007-0.0131] unit increase	NR [13308323] (imputed)	N	grip strength measurement	http://www.ebi.ac.uk/efo/EFO_0006941	GCST90468168	Genome-wide genotyping array
2025-07-02	39789286	Loya H	2025-01-09	Nat Genet	www.ncbi.nlm.nih.gov/pubmed/39789286	A scalable variational inference approach for increased mixed-model association power.	Hand grip strength left (UKB data field 46)	394,642 European ancestry individuals	NA	11q13.4	11	74917698		XRRA1			ENSG00000166435			rs117042741-T	rs117042741	0	117042741	intron_variant	0	0.04146814	3E-13	12.522878745280337		0.025710754	[0.019-0.033] unit increase	NR [13308323] (imputed)	N	grip strength measurement	http://www.ebi.ac.uk/efo/EFO_0006941	GCST90468168	Genome-wide genotyping array
2025-07-02	39789286	Loya H	2025-01-09	Nat Genet	www.ncbi.nlm.nih.gov/pubmed/39789286	A scalable variational inference approach for increased mixed-model association power.	Hand grip strength left (UKB data field 46)	394,642 European ancestry individuals	NA	17q12	17	38757554		PSMB3			ENSG00000277791			rs12951408-C	rs12951408	0	12951408	intron_variant	0	0.55778033	7E-17	16.154901959985743		0.011555937	[0.0087-0.0144] unit increase	NR [13308323] (imputed)	N	grip strength measurement	http://www.ebi.ac.uk/efo/EFO_0006941	GCST90468168	Genome-wide genotyping array
2025-07-02	39789286	Loya H	2025-01-09	Nat Genet	www.ncbi.nlm.nih.gov/pubmed/39789286	A scalable variational inference approach for increased mixed-model association power.	Hand grip strength left (UKB data field 46)	394,642 European ancestry individuals	NA	4q24	4	102267552		SLC39A8			ENSG00000138821			rs13107325-T	rs13107325	0	13107325	missense_variant	0	0.0743611	1E-18	18.0		0.023587147	[0.018-0.029] unit decrease	NR [13308323] (imputed)	N	grip strength measurement	http://www.ebi.ac.uk/efo/EFO_0006941	GCST90468168	Genome-wide genotyping array
2025-07-02	39789286	Loya H	2025-01-09	Nat Genet	www.ncbi.nlm.nih.gov/pubmed/39789286	A scalable variational inference approach for increased mixed-model association power.	Hand grip strength left (UKB data field 46)	394,642 European ancestry individuals	NA	20q11.22	20	35437976		GDF5			ENSG00000125965			rs143384-G	rs143384	0	143384	5_prime_UTR_variant	0	0.4028474	9E-40	39.045757490560675		0.018521478	[0.016-0.021] unit increase	NR [13308323] (imputed)	N	grip strength measurement	http://www.ebi.ac.uk/efo/EFO_0006941	GCST90468168	Genome-wide genotyping array
2025-07-02	39789286	Loya H	2025-01-09	Nat Genet	www.ncbi.nlm.nih.gov/pubmed/39789286	A scalable variational inference approach for increased mixed-model association power.	Hand grip strength left (UKB data field 46)	394,642 European ancestry individuals	NA	9q33.1	9	116588645		ASTN2			ENSG00000148219			rs202070966-ATAT	rs202070966	0	202070966	intron_variant	0	0.6081585	2E-15	14.698970004336019		0.011133532	[0.0082-0.0141] unit decrease	NR [13308323] (imputed)	N	grip strength measurement	http://www.ebi.ac.uk/efo/EFO_0006941	GCST90468168	Genome-wide genotyping array
2025-07-02	39789286	Loya H	2025-01-09	Nat Genet	www.ncbi.nlm.nih.gov/pubmed/39789286	A scalable variational inference approach for increased mixed-model association power.	Hand grip strength left (UKB data field 46)	394,642 European ancestry individuals	NA	10q24.32	10	102728114		SFXN2			ENSG00000156398			rs2265309-C	rs2265309	0	2265309	intron_variant	0	0.51739752	5E-13	12.301029995663981		0.010090458	[0.0072-0.013] unit decrease	NR [13308323] (imputed)	N	grip strength measurement	http://www.ebi.ac.uk/efo/EFO_0006941	GCST90468168	Genome-wide genotyping array
2025-07-02	39789286	Loya H	2025-01-09	Nat Genet	www.ncbi.nlm.nih.gov/pubmed/39789286	A scalable variational inference approach for increased mixed-model association power.	Hand grip strength left (UKB data field 46)	394,642 European ancestry individuals	NA	16p13.3	16	2106849		PKD1			ENSG00000008710			rs2457533-G	rs2457533	0	2457533	synonymous_variant	0	0.183527	6E-17	16.221848749616356		0.015367424	[0.012-0.019] unit decrease	NR [13308323] (imputed)	N	grip strength measurement	http://www.ebi.ac.uk/efo/EFO_0006941	GCST90468168	Genome-wide genotyping array
2025-07-02	39789286	Loya H	2025-01-09	Nat Genet	www.ncbi.nlm.nih.gov/pubmed/39789286	A scalable variational inference approach for increased mixed-model association power.	Hand grip strength left (UKB data field 46)	394,642 European ancestry individuals	NA	17q21.31	17	46150027		KANSL1			ENSG00000120071			rs2696579-A	rs2696579	0	2696579	intron_variant	0	0.3323599	2E-18	17.69897000433602		0.013776695	[0.01-0.017] unit decrease	NR [13308323] (imputed)	N	grip strength measurement	http://www.ebi.ac.uk/efo/EFO_0006941	GCST90468168	Genome-wide genotyping array
2025-07-02	39789286	Loya H	2025-01-09	Nat Genet	www.ncbi.nlm.nih.gov/pubmed/39789286	A scalable variational inference approach for increased mixed-model association power.	Hand grip strength left (UKB data field 46)	394,642 European ancestry individuals	NA	18q21.1	18	49289808		DYM			ENSG00000141627			rs28452166-C	rs28452166	0	28452166	intron_variant	0	0.44643015	4E-15	14.397940008672037		0.011136384	[0.0082-0.014] unit increase	NR [13308323] (imputed)	N	grip strength measurement	http://www.ebi.ac.uk/efo/EFO_0006941	GCST90468168	Genome-wide genotyping array
2025-07-02	39789286	Loya H	2025-01-09	Nat Genet	www.ncbi.nlm.nih.gov/pubmed/39789286	A scalable variational inference approach for increased mixed-model association power.	Hand grip strength left (UKB data field 46)	394,642 European ancestry individuals	NA	15q26.3	15	98651667		IGF1R			ENSG00000140443			rs2871865-G	rs2871865	0	2871865	intron_variant	0	0.11546797	9E-18	17.045757490560675		0.018434396	[0.014-0.023] unit decrease	NR [13308323] (imputed)	N	grip strength measurement	http://www.ebi.ac.uk/efo/EFO_0006941	GCST90468168	Genome-wide genotyping array
2025-07-02	39789286	Loya H	2025-01-09	Nat Genet	www.ncbi.nlm.nih.gov/pubmed/39789286	A scalable variational inference approach for increased mixed-model association power.	Hand grip strength left (UKB data field 46)	394,642 European ancestry individuals	NA	1q32.3	1	212952357		VASH2			ENSG00000143494			rs2935213-T	rs2935213	0	2935213	intron_variant	0	0.54831976	2E-12	11.698970004336019		0.00979229	[0.0069-0.0127] unit decrease	NR [13308323] (imputed)	N	grip strength measurement	http://www.ebi.ac.uk/efo/EFO_0006941	GCST90468168	Genome-wide genotyping array
2025-07-02	39789286	Loya H	2025-01-09	Nat Genet	www.ncbi.nlm.nih.gov/pubmed/39789286	A scalable variational inference approach for increased mixed-model association power.	Hand grip strength left (UKB data field 46)	394,642 European ancestry individuals	NA	1q32.1	1	205717396		NUCKS1			ENSG00000069275			rs34305872-GT	rs34305872	0	34305872	3_prime_UTR_variant	0	0.4305607	1E-12	12.0		0.010127832	[0.0072-0.0131] unit decrease	NR [13308323] (imputed)	N	grip strength measurement	http://www.ebi.ac.uk/efo/EFO_0006941	GCST90468168	Genome-wide genotyping array
2025-07-02	39789286	Loya H	2025-01-09	Nat Genet	www.ncbi.nlm.nih.gov/pubmed/39789286	A scalable variational inference approach for increased mixed-model association power.	Hand grip strength left (UKB data field 46)	394,642 European ancestry individuals	NA	10q26.3	10	129039009		LINC02667 - MGMT	ENSG00000224190	ENSG00000170430		122580	427670	rs372532055-A	rs372532055	0	372532055	intron_variant	1	0.3673978	7E-26	25.154901959985743		0.015358461	[0.012-0.018] unit increase	NR [13308323] (imputed)	N	grip strength measurement	http://www.ebi.ac.uk/efo/EFO_0006941	GCST90468168	Genome-wide genotyping array
2025-07-02	39789286	Loya H	2025-01-09	Nat Genet	www.ncbi.nlm.nih.gov/pubmed/39789286	A scalable variational inference approach for increased mixed-model association power.	Hand grip strength left (UKB data field 46)	394,642 European ancestry individuals	NA	18q11.2	18	23155497		CABLES1			ENSG00000134508			rs4308051-G	rs4308051	0	4308051	intron_variant	0	0.78761493	1E-15	15.0		0.013732885	[0.01-0.017] unit increase	NR [13308323] (imputed)	N	grip strength measurement	http://www.ebi.ac.uk/efo/EFO_0006941	GCST90468168	Genome-wide genotyping array
2025-07-02	39789286	Loya H	2025-01-09	Nat Genet	www.ncbi.nlm.nih.gov/pubmed/39789286	A scalable variational inference approach for increased mixed-model association power.	Hand grip strength left (UKB data field 46)	394,642 European ancestry individuals	NA	6q22.32	6	126498553		MIR588 - RNU6-200P	ENSG00000207632	ENSG00000201613		13840	91734	rs4418209-G	rs4418209	0	4418209	intron_variant	1	0.4538724	7E-12	11.154901959985743		0.009260994	[0.0064-0.0121] unit increase	NR [13308323] (imputed)	N	grip strength measurement	http://www.ebi.ac.uk/efo/EFO_0006941	GCST90468168	Genome-wide genotyping array
2025-07-02	39789286	Loya H	2025-01-09	Nat Genet	www.ncbi.nlm.nih.gov/pubmed/39789286	A scalable variational inference approach for increased mixed-model association power.	Hand grip strength left (UKB data field 46)	394,642 European ancestry individuals	NA	14q11.2	14	21104681		ZNF219			ENSG00000165804			rs45486304-T	rs45486304	0	45486304	5_prime_UTR_variant	0	0.1404353	1E-12	12.0		0.01427812	[0.01-0.018] unit decrease	NR [13308323] (imputed)	N	grip strength measurement	http://www.ebi.ac.uk/efo/EFO_0006941	GCST90468168	Genome-wide genotyping array
2025-07-02	39789286	Loya H	2025-01-09	Nat Genet	www.ncbi.nlm.nih.gov/pubmed/39789286	A scalable variational inference approach for increased mixed-model association power.	Hand grip strength left (UKB data field 46)	394,642 European ancestry individuals	NA	7p14.1	7	39263697		POU6F2			ENSG00000106536			rs4621706-T	rs4621706	0	4621706	intron_variant	0	0.54497454	3E-14	13.522878745280337		0.010681756	[0.0078-0.0136] unit decrease	NR [13308323] (imputed)	N	grip strength measurement	http://www.ebi.ac.uk/efo/EFO_0006941	GCST90468168	Genome-wide genotyping array
2025-07-02	39789286	Loya H	2025-01-09	Nat Genet	www.ncbi.nlm.nih.gov/pubmed/39789286	A scalable variational inference approach for increased mixed-model association power.	Hand grip strength left (UKB data field 46)	394,642 European ancestry individuals	NA	1p32.3	1	53586251		GLIS1			ENSG00000174332			rs4926604-C	rs4926604	0	4926604	intron_variant	0	0.6531508	5E-19	18.30102999566398		0.013017439	[0.01-0.016] unit increase	NR [13308323] (imputed)	N	grip strength measurement	http://www.ebi.ac.uk/efo/EFO_0006941	GCST90468168	Genome-wide genotyping array
2025-07-02	39789286	Loya H	2025-01-09	Nat Genet	www.ncbi.nlm.nih.gov/pubmed/39789286	A scalable variational inference approach for increased mixed-model association power.	Hand grip strength left (UKB data field 46)	394,642 European ancestry individuals	NA	11q13.4	11	74668765		POLD3			ENSG00000077514			rs56330626-GT	rs56330626	0	56330626	intergenic_variant	0	0.19754106	5E-22	21.30102999566398		0.0171683	[0.014-0.021] unit increase	NR [13308323] (imputed)	N	grip strength measurement	http://www.ebi.ac.uk/efo/EFO_0006941	GCST90468168	Genome-wide genotyping array
2025-07-02	39789286	Loya H	2025-01-09	Nat Genet	www.ncbi.nlm.nih.gov/pubmed/39789286	A scalable variational inference approach for increased mixed-model association power.	Hand grip strength left (UKB data field 46)	394,642 European ancestry individuals	NA											chr11:77499543-T	chr11:77499543	0			1	0.570036	7E-12	11.154901959985743		0.009937722	[0.007-0.0129] unit decrease	NR [13308323] (imputed)	N	grip strength measurement	http://www.ebi.ac.uk/efo/EFO_0006941	GCST90468168	Genome-wide genotyping array
2025-07-02	39789286	Loya H	2025-01-09	Nat Genet	www.ncbi.nlm.nih.gov/pubmed/39789286	A scalable variational inference approach for increased mixed-model association power.	Hand grip strength left (UKB data field 46)	394,642 European ancestry individuals	NA											chr18:53246685-C	chr18:53246685	0			1	0.9087744	4E-15	14.397940008672037		0.019687772	[0.015-0.025] unit decrease	NR [13308323] (imputed)	N	grip strength measurement	http://www.ebi.ac.uk/efo/EFO_0006941	GCST90468168	Genome-wide genotyping array
2025-07-02	39789286	Loya H	2025-01-09	Nat Genet	www.ncbi.nlm.nih.gov/pubmed/39789286	A scalable variational inference approach for increased mixed-model association power.	Hand grip strength left (UKB data field 46)	394,642 European ancestry individuals	NA											chr4:17965264-A	chr4:17965264	0			1	0.1582908	2E-21	20.69897000433602		0.018244822	[0.014-0.022] unit decrease	NR [13308323] (imputed)	N	grip strength measurement	http://www.ebi.ac.uk/efo/EFO_0006941	GCST90468168	Genome-wide genotyping array
2025-07-02	39789286	Loya H	2025-01-09	Nat Genet	www.ncbi.nlm.nih.gov/pubmed/39789286	A scalable variational inference approach for increased mixed-model association power.	Hand grip strength left (UKB data field 46)	394,642 European ancestry individuals	NA	15q21.3	15	56725690		ZNF280D			ENSG00000137871			rs10518870-G	rs10518870	0	10518870	intron_variant	0	0.567261	3E-15	14.522878745280337		0.010982745	[0.0081-0.0139] unit increase	NR [13308323] (imputed)	N	grip strength measurement	http://www.ebi.ac.uk/efo/EFO_0006941	GCST90468168	Genome-wide genotyping array
2025-07-02	39789286	Loya H	2025-01-09	Nat Genet	www.ncbi.nlm.nih.gov/pubmed/39789286	A scalable variational inference approach for increased mixed-model association power.	Hand grip strength left (UKB data field 46)	394,642 European ancestry individuals	NA	1q25.2	1	176841190		PAPPA2			ENSG00000116183			rs10753139-C	rs10753139	0	10753139	intron_variant	0	0.5463334	6E-20	19.221848749616356		0.012741123	[0.0099-0.0156] unit increase	NR [13308323] (imputed)	N	grip strength measurement	http://www.ebi.ac.uk/efo/EFO_0006941	GCST90468168	Genome-wide genotyping array
2025-07-02	39789286	Loya H	2025-01-09	Nat Genet	www.ncbi.nlm.nih.gov/pubmed/39789286	A scalable variational inference approach for increased mixed-model association power.	Hand grip strength left (UKB data field 46)	394,642 European ancestry individuals	NA	17q21.32	17	48599098		HOXB3, HOXB-AS3, HOXB6			ENSG00000120093, ENSG00000233101, ENSG00000108511			rs10853101-A	rs10853101	0	10853101	intron_variant	0	0.72219023	1E-13	13.0		0.0113464575	[0.0082-0.0145] unit increase	NR [13308323] (imputed)	N	grip strength measurement	http://www.ebi.ac.uk/efo/EFO_0006941	GCST90468168	Genome-wide genotyping array
2021-02-18	33510174	Jones G	2021-01-28	Nat Commun	www.ncbi.nlm.nih.gov/pubmed/33510174	Genome-wide meta-analysis of muscle weakness identifies 15 susceptibility loci in older men and women.	Low hand grip strength (60 years and older) (EWGSOP)	14,007 European ancestry male cases, 107,048 European ancestry male controls	NA	4q24	4	102225731	SLC39A8	BANK1 - SLC39A8	ENSG00000153064	ENSG00000138821		150919	25349	rs35225200-C	rs35225200	0	35225200	intron_variant	1	0.08	3E-8	7.522878745280337		0.1289	unit increase	Affymetrix, Illumina [9464541] (imputed)	N	grip strength measurement	http://www.ebi.ac.uk/efo/EFO_0006941	GCST90007528	Genome-wide genotyping array
2021-02-18	33510174	Jones G	2021-01-28	Nat Commun	www.ncbi.nlm.nih.gov/pubmed/33510174	Genome-wide meta-analysis of muscle weakness identifies 15 susceptibility loci in older men and women.	Low hand grip strength (60 years and older) (FNIH)	20,335 European ancestry cases, 236,188 European ancestry controls	NA	6p21.32	6	32592700	HLA-DRB1	HLA-DRB1 - HLA-DQA1	ENSG00000196126	ENSG00000196735		2852	35479	rs34415150-G	rs34415150	0	34415150	intergenic_variant	1	0.18	6E-16	15.221848749616356		0.1158	unit increase	Affymetrix, Illumina [9465622] (imputed)	N	grip strength measurement	http://www.ebi.ac.uk/efo/EFO_0006941	GCST90007529	Genome-wide genotyping array
2021-02-18	33510174	Jones G	2021-01-28	Nat Commun	www.ncbi.nlm.nih.gov/pubmed/33510174	Genome-wide meta-analysis of muscle weakness identifies 15 susceptibility loci in older men and women.	Low hand grip strength (60 years and older) (FNIH)	20,335 European ancestry cases, 236,188 European ancestry controls	NA	2p13.3	2	70490521	TGFA	TGFA			ENSG00000163235			rs3771501-A	rs3771501	0	3771501	intron_variant	0	0.47	5E-11	10.301029995663981		0.0697	unit increase	Affymetrix, Illumina [9465622] (imputed)	N	grip strength measurement	http://www.ebi.ac.uk/efo/EFO_0006941	GCST90007529	Genome-wide genotyping array
2021-02-18	33510174	Jones G	2021-01-28	Nat Commun	www.ncbi.nlm.nih.gov/pubmed/33510174	Genome-wide meta-analysis of muscle weakness identifies 15 susceptibility loci in older men and women.	Low hand grip strength (60 years and older) (FNIH)	20,335 European ancestry cases, 236,188 European ancestry controls	NA	9p24.2	9	4284961	GLIS3	GLIS3			ENSG00000107249			rs1403785912-AT	rs1403785912	0	1403785912	intron_variant	0	0.52	4E-9	8.397940008672037		0.0765	unit increase	Affymetrix, Illumina [9465622] (imputed)	N	grip strength measurement	http://www.ebi.ac.uk/efo/EFO_0006941	GCST90007529	Genome-wide genotyping array
2021-02-18	33510174	Jones G	2021-01-28	Nat Commun	www.ncbi.nlm.nih.gov/pubmed/33510174	Genome-wide meta-analysis of muscle weakness identifies 15 susceptibility loci in older men and women.	Low hand grip strength (60 years and older) (FNIH)	20,335 European ancestry cases, 236,188 European ancestry controls	NA	18q21.1	18	49421171	DYM	DYM			ENSG00000141627			rs12456780-T	rs12456780	0	12456780	intron_variant	0	0.33	1E-8	8.0		0.0633	unit increase	Affymetrix, Illumina [9465622] (imputed)	N	grip strength measurement	http://www.ebi.ac.uk/efo/EFO_0006941	GCST90007529	Genome-wide genotyping array
2021-02-18	33510174	Jones G	2021-01-28	Nat Commun	www.ncbi.nlm.nih.gov/pubmed/33510174	Genome-wide meta-analysis of muscle weakness identifies 15 susceptibility loci in older men and women.	Low hand grip strength (60 years and older) (FNIH)	20,335 European ancestry cases, 236,188 European ancestry controls	NA	4q13.1	4	60589187	AC095061.1	RNU6-1325P - LINC02496	ENSG00000201775	ENSG00000249066		755020	161388	rs191252760-G	rs191252760	0	191252760	intron_variant	1	0.02	3E-8	7.522878745280337		0.1863	unit increase	Affymetrix, Illumina [9465622] (imputed)	N	grip strength measurement	http://www.ebi.ac.uk/efo/EFO_0006941	GCST90007529	Genome-wide genotyping array
2021-02-18	33510174	Jones G	2021-01-28	Nat Commun	www.ncbi.nlm.nih.gov/pubmed/33510174	Genome-wide meta-analysis of muscle weakness identifies 15 susceptibility loci in older men and women.	Low hand grip strength (60 years and older) (EWGSOP)	48,596 European ancestry cases, 207,927 European ancestry controls	NA	1q42.13	1	227589126	ZNF678	ZNF678			ENSG00000181450			rs12140813-T	rs12140813	0	12140813	intron_variant	0	0.1856	5E-8	7.301029995663981		0.0511	[0.033-0.07] unit increase	Affymetrix, Illumina [9457422] (imputed)	N	grip strength measurement	http://www.ebi.ac.uk/efo/EFO_0006941	GCST90007526	Genome-wide genotyping array
2021-02-18	33510174	Jones G	2021-01-28	Nat Commun	www.ncbi.nlm.nih.gov/pubmed/33510174	Genome-wide meta-analysis of muscle weakness identifies 15 susceptibility loci in older men and women.	Low hand grip strength (60 years and older) (EWGSOP)	48,596 European ancestry cases, 207,927 European ancestry controls	NA	2p13.3	2	70476715	TGFA	TGFA			ENSG00000163235			rs958685-A	rs958685	0	958685	intron_variant	0	0.5142	7E-9	8.154901959985743		0.0428	[0.028-0.057] unit decrease	Affymetrix, Illumina [9457422] (imputed)	N	grip strength measurement	http://www.ebi.ac.uk/efo/EFO_0006941	GCST90007526	Genome-wide genotyping array
2021-02-18	33510174	Jones G	2021-01-28	Nat Commun	www.ncbi.nlm.nih.gov/pubmed/33510174	Genome-wide meta-analysis of muscle weakness identifies 15 susceptibility loci in older men and women.	Low hand grip strength (60 years and older) (EWGSOP)	48,596 European ancestry cases, 207,927 European ancestry controls	NA	3q23	3	141374443	ZBTB38	ZBTB38			ENSG00000177311			rs7624084-T	rs7624084	0	7624084	intron_variant	0	0.5577	9E-9	8.045757490560675		0.0428	[0.028-0.057] unit increase	Affymetrix, Illumina [9457422] (imputed)	N	grip strength measurement	http://www.ebi.ac.uk/efo/EFO_0006941	GCST90007526	Genome-wide genotyping array
2021-02-18	33510174	Jones G	2021-01-28	Nat Commun	www.ncbi.nlm.nih.gov/pubmed/33510174	Genome-wide meta-analysis of muscle weakness identifies 15 susceptibility loci in older men and women.	Low hand grip strength (60 years and older) (EWGSOP)	48,596 European ancestry cases, 207,927 European ancestry controls	NA	4q24	4	102267552	SLC39A8	SLC39A8			ENSG00000138821			rs13107325-T	rs13107325	0	13107325	missense_variant	0	0.0739	7E-11	10.154901959985743		0.0897	[0.063-0.117] unit increase	Affymetrix, Illumina [9457422] (imputed)	N	grip strength measurement	http://www.ebi.ac.uk/efo/EFO_0006941	GCST90007526	Genome-wide genotyping array
2021-02-18	33510174	Jones G	2021-01-28	Nat Commun	www.ncbi.nlm.nih.gov/pubmed/33510174	Genome-wide meta-analysis of muscle weakness identifies 15 susceptibility loci in older men and women.	Low hand grip strength (60 years and older) (EWGSOP)	48,596 European ancestry cases, 207,927 European ancestry controls	NA	6p21.32	6	32592700	HLA-DRB1	HLA-DRB1 - HLA-DQA1	ENSG00000196126	ENSG00000196735		2852	35479	rs34415150-A	rs34415150	0	34415150	intergenic_variant	1	0.822	4E-17	16.397940008672037		0.0833	[0.064-0.103] unit decrease	Affymetrix, Illumina [9457422] (imputed)	N	grip strength measurement	http://www.ebi.ac.uk/efo/EFO_0006941	GCST90007526	Genome-wide genotyping array
2021-02-18	33510174	Jones G	2021-01-28	Nat Commun	www.ncbi.nlm.nih.gov/pubmed/33510174	Genome-wide meta-analysis of muscle weakness identifies 15 susceptibility loci in older men and women.	Low hand grip strength (60 years and older) (EWGSOP)	48,596 European ancestry cases, 207,927 European ancestry controls	NA	7q36.1	7	150827593	AOC1	AOC1			ENSG00000002726			rs10952289-T	rs10952289	0	10952289	intron_variant	0	0.6564	2E-8	7.698970004336019		0.0435	[0.028-0.059] unit increase	Affymetrix, Illumina [9457422] (imputed)	N	grip strength measurement	http://www.ebi.ac.uk/efo/EFO_0006941	GCST90007526	Genome-wide genotyping array
2021-02-18	33510174	Jones G	2021-01-28	Nat Commun	www.ncbi.nlm.nih.gov/pubmed/33510174	Genome-wide meta-analysis of muscle weakness identifies 15 susceptibility loci in older men and women.	Low hand grip strength (60 years and older) (EWGSOP)	48,596 European ancestry cases, 207,927 European ancestry controls	NA	11q13.4	11	74683324	RN7SKP297	POLD3 - RN7SKP297	ENSG00000077514	ENSG00000223202		14207	1900	rs11236213-A	rs11236213	0	11236213	regulatory_region_variant	1	0.3136	3E-10	9.522878745280337		0.0504	[0.035-0.066] unit decrease	Affymetrix, Illumina [9457422] (imputed)	N	grip strength measurement	http://www.ebi.ac.uk/efo/EFO_0006941	GCST90007526	Genome-wide genotyping array
2021-02-18	33510174	Jones G	2021-01-28	Nat Commun	www.ncbi.nlm.nih.gov/pubmed/33510174	Genome-wide meta-analysis of muscle weakness identifies 15 susceptibility loci in older men and women.	Low hand grip strength (60 years and older) (EWGSOP)	48,596 European ancestry cases, 207,927 European ancestry controls	NA	12p12.3	12	14879926	C12orf60	C12orf60			ENSG00000182993			rs34464763-A	rs34464763	0	34464763	intergenic_variant	0	0.3943	3E-10	9.522878745280337		0.0544	[0.038-0.071] unit increase	Affymetrix, Illumina [9457422] (imputed)	N	grip strength measurement	http://www.ebi.ac.uk/efo/EFO_0006941	GCST90007526	Genome-wide genotyping array
2021-02-18	33510174	Jones G	2021-01-28	Nat Commun	www.ncbi.nlm.nih.gov/pubmed/33510174	Genome-wide meta-analysis of muscle weakness identifies 15 susceptibility loci in older men and women.	Low hand grip strength (60 years and older) (EWGSOP)	48,596 European ancestry cases, 207,927 European ancestry controls	NA	13q14.3	13	50525441	DLEU1	DLEU7, DLEU1			ENSG00000186047, ENSG00000176124			rs3118903-A	rs3118903	0	3118903	intron_variant	0	0.2185	7E-11	10.154901959985743		0.0575	[0.04-0.075] unit increase	Affymetrix, Illumina [9457422] (imputed)	N	grip strength measurement	http://www.ebi.ac.uk/efo/EFO_0006941	GCST90007526	Genome-wide genotyping array
2021-02-18	33510174	Jones G	2021-01-28	Nat Commun	www.ncbi.nlm.nih.gov/pubmed/33510174	Genome-wide meta-analysis of muscle weakness identifies 15 susceptibility loci in older men and women.	Low hand grip strength (60 years and older) (EWGSOP)	48,596 European ancestry cases, 207,927 European ancestry controls	NA	15q21.3	15	58035149	ALDH1A2	ALDH1A2			ENSG00000128918			rs2899611-T	rs2899611	0	2899611	intron_variant	0	0.4951	6E-9	8.221848749616356		0.0431	[0.029-0.058] unit decrease	Affymetrix, Illumina [9457422] (imputed)	N	grip strength measurement	http://www.ebi.ac.uk/efo/EFO_0006941	GCST90007526	Genome-wide genotyping array
2021-02-18	33510174	Jones G	2021-01-28	Nat Commun	www.ncbi.nlm.nih.gov/pubmed/33510174	Genome-wide meta-analysis of muscle weakness identifies 15 susceptibility loci in older men and women.	Low hand grip strength (60 years and older) (EWGSOP)	48,596 European ancestry cases, 207,927 European ancestry controls	NA	16p12.1	16	24589091	RBBP6	RBBP6 - TNRC6A	ENSG00000122257	ENSG00000090905		16228	21118	rs143459567-T	rs143459567	0	143459567	intergenic_variant	1	0.0386	3E-10	9.522878745280337		0.1185	[0.081-0.156] unit increase	Affymetrix, Illumina [9457422] (imputed)	N	grip strength measurement	http://www.ebi.ac.uk/efo/EFO_0006941	GCST90007526	Genome-wide genotyping array
2021-02-18	33510174	Jones G	2021-01-28	Nat Commun	www.ncbi.nlm.nih.gov/pubmed/33510174	Genome-wide meta-analysis of muscle weakness identifies 15 susceptibility loci in older men and women.	Low hand grip strength (60 years and older) (EWGSOP)	48,596 European ancestry cases, 207,927 European ancestry controls	NA	16q12.2	16	53878452	FTO	FTO			ENSG00000140718			rs8061064-A	rs8061064	0	8061064	intron_variant	0	0.4627	4E-8	7.3979400086720375		0.0407	[0.026-0.055] unit increase	Affymetrix, Illumina [9457422] (imputed)	N	grip strength measurement	http://www.ebi.ac.uk/efo/EFO_0006941	GCST90007526	Genome-wide genotyping array
2021-02-18	33510174	Jones G	2021-01-28	Nat Commun	www.ncbi.nlm.nih.gov/pubmed/33510174	Genome-wide meta-analysis of muscle weakness identifies 15 susceptibility loci in older men and women.	Low hand grip strength (60 years and older) (EWGSOP)	48,596 European ancestry cases, 207,927 European ancestry controls	NA	18q21.1	18	49066038	DYM	DYM			ENSG00000141627			rs62102286-T	rs62102286	0	62102286	intron_variant	0	0.5641	5E-11	10.301029995663981		0.0487	[0.034-0.063] unit increase	Affymetrix, Illumina [9457422] (imputed)	N	grip strength measurement	http://www.ebi.ac.uk/efo/EFO_0006941	GCST90007526	Genome-wide genotyping array
2021-02-18	33510174	Jones G	2021-01-28	Nat Commun	www.ncbi.nlm.nih.gov/pubmed/33510174	Genome-wide meta-analysis of muscle weakness identifies 15 susceptibility loci in older men and women.	Low hand grip strength (60 years and older) (EWGSOP)	48,596 European ancestry cases, 207,927 European ancestry controls	NA	19q13.42	19	55306857	BRSK1	BRSK1			ENSG00000160469			rs79723785-T	rs79723785	0	79723785	intron_variant	0	0.9835	1E-8	8.0		0.1674	[0.11-0.22] unit decrease	Affymetrix, Illumina [9457422] (imputed)	N	grip strength measurement	http://www.ebi.ac.uk/efo/EFO_0006941	GCST90007526	Genome-wide genotyping array
2021-02-18	33510174	Jones G	2021-01-28	Nat Commun	www.ncbi.nlm.nih.gov/pubmed/33510174	Genome-wide meta-analysis of muscle weakness identifies 15 susceptibility loci in older men and women.	Low hand grip strength (60 years and older) (EWGSOP)	48,596 European ancestry cases, 207,927 European ancestry controls	NA	20q11.22	20	35437976	GDF5	GDF5			ENSG00000125965			rs143384-A	rs143384	0	143384	5_prime_UTR_variant	0	0.5912	4E-13	12.397940008672037		0.0545	[0.04-0.069] unit increase	Affymetrix, Illumina [9457422] (imputed)	N	grip strength measurement	http://www.ebi.ac.uk/efo/EFO_0006941	GCST90007526	Genome-wide genotyping array
2021-02-18	33510174	Jones G	2021-01-28	Nat Commun	www.ncbi.nlm.nih.gov/pubmed/33510174	Genome-wide meta-analysis of muscle weakness identifies 15 susceptibility loci in older men and women.	Low hand grip strength (60 years and older) (EWGSOP)	34,589 European ancestry female cases, 100,879 European ancestry female controls	NA	6p21.32	6	32592700	HLA-DRB1	HLA-DRB1 - HLA-DQA1	ENSG00000196126	ENSG00000196735		2852	35479	rs34415150-G	rs34415150	0	34415150	intergenic_variant	1	0.18	1E-16	16.0		0.1001	unit increase	Affymetrix, Illumina [9449805] (imputed)	N	grip strength measurement	http://www.ebi.ac.uk/efo/EFO_0006941	GCST90007527	Genome-wide genotyping array
2021-02-18	33510174	Jones G	2021-01-28	Nat Commun	www.ncbi.nlm.nih.gov/pubmed/33510174	Genome-wide meta-analysis of muscle weakness identifies 15 susceptibility loci in older men and women.	Low hand grip strength (60 years and older) (EWGSOP)	34,589 European ancestry female cases, 100,879 European ancestry female controls	NA	20q11.22	20	35437976	GDF5	GDF5			ENSG00000125965			rs143384-A	rs143384	0	143384	5_prime_UTR_variant	0	0.59	6E-13	12.221848749616356		0.0657	unit increase	Affymetrix, Illumina [9449805] (imputed)	N	grip strength measurement	http://www.ebi.ac.uk/efo/EFO_0006941	GCST90007527	Genome-wide genotyping array
2021-02-18	33510174	Jones G	2021-01-28	Nat Commun	www.ncbi.nlm.nih.gov/pubmed/33510174	Genome-wide meta-analysis of muscle weakness identifies 15 susceptibility loci in older men and women.	Low hand grip strength (60 years and older) (EWGSOP)	34,589 European ancestry female cases, 100,879 European ancestry female controls	NA	13q14.3	13	50504310	DLEU1	DLEU1			ENSG00000176124			rs201754-C	rs201754	0	201754	intron_variant	0	0.22	4E-10	9.397940008672037		0.0668	unit increase	Affymetrix, Illumina [9449805] (imputed)	N	grip strength measurement	http://www.ebi.ac.uk/efo/EFO_0006941	GCST90007527	Genome-wide genotyping array
2021-02-18	33510174	Jones G	2021-01-28	Nat Commun	www.ncbi.nlm.nih.gov/pubmed/33510174	Genome-wide meta-analysis of muscle weakness identifies 15 susceptibility loci in older men and women.	Low hand grip strength (60 years and older) (EWGSOP)	34,589 European ancestry female cases, 100,879 European ancestry female controls	NA	12p12.3	12	14911429	ERP27	C12orf60 - ERP27	ENSG00000182993	ENSG00000139055		4843	2610	rs4764133-T	rs4764133	0	4764133	intergenic_variant	1	0.38	4E-9	8.397940008672037		0.054	unit increase	Affymetrix, Illumina [9449805] (imputed)	N	grip strength measurement	http://www.ebi.ac.uk/efo/EFO_0006941	GCST90007527	Genome-wide genotyping array
2021-02-18	33510174	Jones G	2021-01-28	Nat Commun	www.ncbi.nlm.nih.gov/pubmed/33510174	Genome-wide meta-analysis of muscle weakness identifies 15 susceptibility loci in older men and women.	Low hand grip strength (60 years and older) (EWGSOP)	34,589 European ancestry female cases, 100,879 European ancestry female controls	NA	15q21.3	15	58035149	ALDH1A2	ALDH1A2			ENSG00000128918			rs2899611-G	rs2899611	0	2899611	intron_variant	0	0.51	1E-8	8.0		0.0515	unit increase	Affymetrix, Illumina [9449805] (imputed)	N	grip strength measurement	http://www.ebi.ac.uk/efo/EFO_0006941	GCST90007527	Genome-wide genotyping array
2021-02-18	33510174	Jones G	2021-01-28	Nat Commun	www.ncbi.nlm.nih.gov/pubmed/33510174	Genome-wide meta-analysis of muscle weakness identifies 15 susceptibility loci in older men and women.	Low hand grip strength (60 years and older) (EWGSOP)	34,589 European ancestry female cases, 100,879 European ancestry female controls	NA	11q13.4	11	74683324	RN7SKP297	POLD3 - RN7SKP297	ENSG00000077514	ENSG00000223202		14207	1900	rs11236213-G	rs11236213	0	11236213	regulatory_region_variant	1	0.69	3E-8	7.522878745280337		0.054	unit increase	Affymetrix, Illumina [9449805] (imputed)	N	grip strength measurement	http://www.ebi.ac.uk/efo/EFO_0006941	GCST90007527	Genome-wide genotyping array
2021-02-18	33510174	Jones G	2021-01-28	Nat Commun	www.ncbi.nlm.nih.gov/pubmed/33510174	Genome-wide meta-analysis of muscle weakness identifies 15 susceptibility loci in older men and women.	Low hand grip strength (60 years and older) (EWGSOP)	34,589 European ancestry female cases, 100,879 European ancestry female controls	NA	16p13.3	16	2095786	PKD1	PKD1			ENSG00000008710			rs7185040-C	rs7185040	0	7185040	intron_variant	0	0.18	3E-8	7.522878745280337		0.0642	unit increase	Affymetrix, Illumina [9449805] (imputed)	N	grip strength measurement	http://www.ebi.ac.uk/efo/EFO_0006941	GCST90007527	Genome-wide genotyping array
2021-02-18	33510174	Jones G	2021-01-28	Nat Commun	www.ncbi.nlm.nih.gov/pubmed/33510174	Genome-wide meta-analysis of muscle weakness identifies 15 susceptibility loci in older men and women.	Low hand grip strength (60 years and older) (EWGSOP)	34,589 European ancestry female cases, 100,879 European ancestry female controls	NA	18q21.1	18	49334273	DYM	DYM			ENSG00000141627			rs550258-T	rs550258	0	550258	intron_variant	0	0.35	5E-8	7.301029995663981		0.0511	unit increase	Affymetrix, Illumina [9449805] (imputed)	N	grip strength measurement	http://www.ebi.ac.uk/efo/EFO_0006941	GCST90007527	Genome-wide genotyping array
2021-02-18	33510174	Jones G	2021-01-28	Nat Commun	www.ncbi.nlm.nih.gov/pubmed/33510174	Genome-wide meta-analysis of muscle weakness identifies 15 susceptibility loci in older men and women.	Low hand grip strength (60 years and older) (EWGSOP)	14,007 European ancestry male cases, 107,048 European ancestry male controls	NA	21q22.2	21	40624759	DSCAM	DSCAM-IT1, DSCAM			ENSG00000233756, ENSG00000171587			rs774787160-A	rs774787160	1	59596901	intron_variant	0	0.73	1E-8	8.0		0.0983	unit increase	Affymetrix, Illumina [9464541] (imputed)	N	grip strength measurement	http://www.ebi.ac.uk/efo/EFO_0006941	GCST90007528	Genome-wide genotyping array
2021-02-18	33510174	Jones G	2021-01-28	Nat Commun	www.ncbi.nlm.nih.gov/pubmed/33510174	Genome-wide meta-analysis of muscle weakness identifies 15 susceptibility loci in older men and women.	Low hand grip strength (60 years and older) (EWGSOP)	14,007 European ancestry male cases, 107,048 European ancestry male controls	NA	3p23	3	31146641	hsa-mir-466	GADL1 - MIR466	ENSG00000144644	ENSG00000265376		251880	15063	rs145933237-C	rs145933237	0	145933237	intergenic_variant	1	0.02	2E-8	7.698970004336019		0.2688	unit increase	Affymetrix, Illumina [9464541] (imputed)	N	grip strength measurement	http://www.ebi.ac.uk/efo/EFO_0006941	GCST90007528	Genome-wide genotyping array
2022-03-22	34815687	Wu SE	2021-11-16	J Inflamm Res	www.ncbi.nlm.nih.gov/pubmed/34815687	A Genome-Wide Association Study Identifies Novel Risk Loci for Sarcopenia in a Taiwanese Population.	Low skeletal muscle mass index	35 Taiwanese ancestry cases, 61 Taiwanese ancestry controls	NA	1p12	1	119804153		REG4			ENSG00000134193			rs17024295-?	rs17024295	0	17024295	intron_variant	0	0.1146	9E-6	5.045757490560675		7.198		Affymetrix [NR]	N	muscle measurement	http://www.ebi.ac.uk/efo/EFO_0004515	GCST90096794	Genome-wide genotyping array
2022-03-22	34815687	Wu SE	2021-11-16	J Inflamm Res	www.ncbi.nlm.nih.gov/pubmed/34815687	A Genome-Wide Association Study Identifies Novel Risk Loci for Sarcopenia in a Taiwanese Population.	Low skeletal muscle mass index	35 Taiwanese ancestry cases, 61 Taiwanese ancestry controls	NA	5q11.2	5	58215743		LINC02101			ENSG00000248132			rs79444246-?	rs79444246	0	79444246	intron_variant	0	0.1105	4E-6	5.3979400086720375		8.333		Affymetrix [NR]	N	muscle measurement	http://www.ebi.ac.uk/efo/EFO_0004515	GCST90096794	Genome-wide genotyping array
2022-03-22	34815687	Wu SE	2021-11-16	J Inflamm Res	www.ncbi.nlm.nih.gov/pubmed/34815687	A Genome-Wide Association Study Identifies Novel Risk Loci for Sarcopenia in a Taiwanese Population.	Low hand grip strength	34 Taiwanese ancestry cases, 62 Taiwanese ancestry controls	NA	5q33.1	5	151243179		GM2A			ENSG00000196743			rs60274968-?	rs60274968	0	60274968	intergenic_variant	0	0.05729	4E-6	5.3979400086720375		17.51		Affymetrix [NR]	N	grip strength measurement	http://www.ebi.ac.uk/efo/EFO_0006941	GCST90096796	Genome-wide genotyping array
2022-03-22	34815687	Wu SE	2021-11-16	J Inflamm Res	www.ncbi.nlm.nih.gov/pubmed/34815687	A Genome-Wide Association Study Identifies Novel Risk Loci for Sarcopenia in a Taiwanese Population.	Low hand grip strength	34 Taiwanese ancestry cases, 62 Taiwanese ancestry controls	NA	6p12.2	6	52720734		GSTA8P - GSTA7P	ENSG00000220377	ENSG00000237674		16909	18856	rs6905523-?	rs6905523	0	6905523	intron_variant	1	0.349	4E-6	5.3979400086720375		4.848		Affymetrix [NR]	N	grip strength measurement	http://www.ebi.ac.uk/efo/EFO_0006941	GCST90096796	Genome-wide genotyping array
2022-03-22	34815687	Wu SE	2021-11-16	J Inflamm Res	www.ncbi.nlm.nih.gov/pubmed/34815687	A Genome-Wide Association Study Identifies Novel Risk Loci for Sarcopenia in a Taiwanese Population.	Low hand grip strength	34 Taiwanese ancestry cases, 62 Taiwanese ancestry controls	NA	7p15.3	7	25038924		OSBPL3 - CYCS	ENSG00000070882	ENSG00000172115		57290	79732	rs10282247-?	rs10282247	0	10282247	intron_variant	1	0.05729	4E-6	5.3979400086720375		17.51		Affymetrix [NR]	N	grip strength measurement	http://www.ebi.ac.uk/efo/EFO_0006941	GCST90096796	Genome-wide genotyping array
2022-03-22	34815687	Wu SE	2021-11-16	J Inflamm Res	www.ncbi.nlm.nih.gov/pubmed/34815687	A Genome-Wide Association Study Identifies Novel Risk Loci for Sarcopenia in a Taiwanese Population.	Low hand grip strength	34 Taiwanese ancestry cases, 62 Taiwanese ancestry controls	NA	9p21.3	9	25069109		RMRPP5 - RN7SKP120	ENSG00000223088	ENSG00000222693		163374	19702	rs57247929-?	rs57247929	0	57247929	intergenic_variant	1	0.1053	7E-6	5.154901959985743		7.71		Affymetrix [NR]	N	grip strength measurement	http://www.ebi.ac.uk/efo/EFO_0006941	GCST90096796	Genome-wide genotyping array
2022-03-22	34815687	Wu SE	2021-11-16	J Inflamm Res	www.ncbi.nlm.nih.gov/pubmed/34815687	A Genome-Wide Association Study Identifies Novel Risk Loci for Sarcopenia in a Taiwanese Population.	Low hand grip strength	34 Taiwanese ancestry cases, 62 Taiwanese ancestry controls	NA	9p22.1	9	19452992		ACER2 - MAP1LC3BP1	ENSG00000177076	ENSG00000231909		487	7934	rs7022373-?	rs7022373	0	7022373	intergenic_variant	1	0.1875	8E-8	7.096910013008056		7.336		Affymetrix [NR]	N	grip strength measurement	http://www.ebi.ac.uk/efo/EFO_0006941	GCST90096796	Genome-wide genotyping array
2022-03-22	34815687	Wu SE	2021-11-16	J Inflamm Res	www.ncbi.nlm.nih.gov/pubmed/34815687	A Genome-Wide Association Study Identifies Novel Risk Loci for Sarcopenia in a Taiwanese Population.	Low hand grip strength	34 Taiwanese ancestry cases, 62 Taiwanese ancestry controls	NA	11q12.1	11	55819981		OR5D18			ENSG00000186119			rs11231180-?	rs11231180	0	11231180	missense_variant	0	0.08333	6E-7	6.221848749616356		12.53		Affymetrix [NR]	N	grip strength measurement	http://www.ebi.ac.uk/efo/EFO_0006941	GCST90096796	Genome-wide genotyping array
2022-03-22	34815687	Wu SE	2021-11-16	J Inflamm Res	www.ncbi.nlm.nih.gov/pubmed/34815687	A Genome-Wide Association Study Identifies Novel Risk Loci for Sarcopenia in a Taiwanese Population.	Low hand grip strength	34 Taiwanese ancestry cases, 62 Taiwanese ancestry controls	NA	11q11	11	55396701		OR4A9P - OR4X7P	ENSG00000254891	ENSG00000255077		7229	14825	rs118154365-?	rs118154365	0	118154365	intergenic_variant	1	0.08854	2E-6	5.698970004336019		9.953		Affymetrix [NR]	N	grip strength measurement	http://www.ebi.ac.uk/efo/EFO_0006941	GCST90096796	Genome-wide genotyping array
2022-03-22	34815687	Wu SE	2021-11-16	J Inflamm Res	www.ncbi.nlm.nih.gov/pubmed/34815687	A Genome-Wide Association Study Identifies Novel Risk Loci for Sarcopenia in a Taiwanese Population.	Low hand grip strength	34 Taiwanese ancestry cases, 62 Taiwanese ancestry controls	NA	13q21.33	13	70706251		RNU6-54P - MTCL1P1	ENSG00000202433	ENSG00000226554		246681	217413	rs9572533-?	rs9572533	0	9572533	intergenic_variant	1	0.1562	5E-6	5.301029995663981		5.997		Affymetrix [NR]	N	grip strength measurement	http://www.ebi.ac.uk/efo/EFO_0006941	GCST90096796	Genome-wide genotyping array
2022-03-16	34214102	Sarnowski C	2021-07-02	PLoS One	www.ncbi.nlm.nih.gov/pubmed/34214102	Identification of novel and rare variants associated with handgrip strength using whole genome sequence data from the NHLBI Trans-Omics in Precision Medicine (TOPMed) Program.	Hand grip strength	13,552 European, African American or Afro-Caribbean, Hispanic or Latin American, Asian, Native American, Other ancestry individuals	NA	2q33.1	2	198070149		PLCL1			ENSG00000115896			rs74688411-G	rs74688411	0	74688411	intron_variant	0	0.004	6E-9	8.221848749616356		3.84	kg increase	NR [638486]	N	grip strength measurement	http://www.ebi.ac.uk/efo/EFO_0006941	GCST90095048	Genome-wide sequencing
2022-03-16	34214102	Sarnowski C	2021-07-02	PLoS One	www.ncbi.nlm.nih.gov/pubmed/34214102	Identification of novel and rare variants associated with handgrip strength using whole genome sequence data from the NHLBI Trans-Omics in Precision Medicine (TOPMed) Program.	Hand grip strength	13,552 European, African American or Afro-Caribbean, Hispanic or Latin American, Asian, Native American, Other ancestry individuals	NA	5q35.2	5	174630802		SUMO2P6 - HIGD1AP3	ENSG00000249031	ENSG00000248929		68739	2130	rs377692678-A	rs377692678	0	377692678	intergenic_variant	1	8.0E-4	8E-9	8.096910013008056		8.66	kg decrease	NR [638486]	N	grip strength measurement	http://www.ebi.ac.uk/efo/EFO_0006941	GCST90095048	Genome-wide sequencing
2022-03-16	34214102	Sarnowski C	2021-07-02	PLoS One	www.ncbi.nlm.nih.gov/pubmed/34214102	Identification of novel and rare variants associated with handgrip strength using whole genome sequence data from the NHLBI Trans-Omics in Precision Medicine (TOPMed) Program.	Hand grip strength	13,552 European, African American or Afro-Caribbean, Hispanic or Latin American, Asian, Native American, Other ancestry individuals	NA	7q21.3	7	95524137		ASB4			ENSG00000005981			rs544430450-A	rs544430450	0	544430450	intron_variant	0	0.001	2E-8	7.698970004336019		6.66	kg decrease	NR [638486]	N	grip strength measurement	http://www.ebi.ac.uk/efo/EFO_0006941	GCST90095048	Genome-wide sequencing
2022-03-16	34214102	Sarnowski C	2021-07-02	PLoS One	www.ncbi.nlm.nih.gov/pubmed/34214102	Identification of novel and rare variants associated with handgrip strength using whole genome sequence data from the NHLBI Trans-Omics in Precision Medicine (TOPMed) Program.	Hand grip strength	13,552 European, African American or Afro-Caribbean, Hispanic or Latin American, Asian, Native American, Other ancestry individuals	NA	14q32.2	14	96043941		C14orf132			ENSG00000227051			rs143569685-A	rs143569685	0	143569685	intron_variant	0	0.003	8E-7	6.096910013008056		3.57	kg decrease	NR [638486]	N	grip strength measurement	http://www.ebi.ac.uk/efo/EFO_0006941	GCST90095048	Genome-wide sequencing
2022-03-16	34214102	Sarnowski C	2021-07-02	PLoS One	www.ncbi.nlm.nih.gov/pubmed/34214102	Identification of novel and rare variants associated with handgrip strength using whole genome sequence data from the NHLBI Trans-Omics in Precision Medicine (TOPMed) Program.	Hand grip strength	13,552 European, African American or Afro-Caribbean, Hispanic or Latin American, Asian, Native American, Other ancestry individuals	NA	18q22.3	18	71404509		GTSCR1 - LINC01541	ENSG00000263417	ENSG00000260676		733624	115453	rs185725127-C	rs185725127	0	185725127	intergenic_variant	1	0.001	1E-9	9.0		6.92	kg decrease	NR [638486]	N	grip strength measurement	http://www.ebi.ac.uk/efo/EFO_0006941	GCST90095048	Genome-wide sequencing
2022-03-16	34214102	Sarnowski C	2021-07-02	PLoS One	www.ncbi.nlm.nih.gov/pubmed/34214102	Identification of novel and rare variants associated with handgrip strength using whole genome sequence data from the NHLBI Trans-Omics in Precision Medicine (TOPMed) Program.	Hand grip strength	4878 European ancestry, African American or Afro-Caribbean, Hispanic or Latin American, Asian ancestry, Native American ancestry, Other ancestry men	NA	5q13.3	5	76919524		S100Z			ENSG00000171643			rs577776684-T	rs577776684	0	577776684	intron_variant	0	0.002	2E-8	7.698970004336019		12.22	kg decrease	NR [638486]	N	grip strength measurement	http://www.ebi.ac.uk/efo/EFO_0006941	GCST90095049	Genome-wide sequencing
2022-03-16	34214102	Sarnowski C	2021-07-02	PLoS One	www.ncbi.nlm.nih.gov/pubmed/34214102	Identification of novel and rare variants associated with handgrip strength using whole genome sequence data from the NHLBI Trans-Omics in Precision Medicine (TOPMed) Program.	Hand grip strength	4878 European ancestry, African American or Afro-Caribbean, Hispanic or Latin American, Asian ancestry, Native American ancestry, Other ancestry men	NA	10q23.1	10	85774936		GRID1			ENSG00000182771			rs569475444-C	rs569475444	0	569475444	intron_variant	0	0.005	9E-9	8.045757490560675		8.09	kg decrease	NR [638486]	N	grip strength measurement	http://www.ebi.ac.uk/efo/EFO_0006941	GCST90095049	Genome-wide sequencing
2022-03-16	34214102	Sarnowski C	2021-07-02	PLoS One	www.ncbi.nlm.nih.gov/pubmed/34214102	Identification of novel and rare variants associated with handgrip strength using whole genome sequence data from the NHLBI Trans-Omics in Precision Medicine (TOPMed) Program.	Hand grip strength	4878 European ancestry, African American or Afro-Caribbean, Hispanic or Latin American, Asian ancestry, Native American ancestry, Other ancestry men	NA	11q23.2	11	113977732		HTR3A			ENSG00000166736			rs182799368-T	rs182799368	0	182799368	intron_variant	0	0.003	1E-8	8.0		9.18	kg decrease	NR [638486]	N	grip strength measurement	http://www.ebi.ac.uk/efo/EFO_0006941	GCST90095049	Genome-wide sequencing
2022-03-16	34214102	Sarnowski C	2021-07-02	PLoS One	www.ncbi.nlm.nih.gov/pubmed/34214102	Identification of novel and rare variants associated with handgrip strength using whole genome sequence data from the NHLBI Trans-Omics in Precision Medicine (TOPMed) Program.	Hand grip strength	8674 European ancestry, African American or Afro-Caribbean, Hispanic or Latin American, Asian ancestry, Native American ancestry, Other ancestry women	NA	7q21.3	7	95524137		ASB4			ENSG00000005981			rs544430450-A	rs544430450	0	544430450	intron_variant	0	0.001	2E-7	6.698970004336019		6.37	kg decrease	NR [638486]	N	grip strength measurement	http://www.ebi.ac.uk/efo/EFO_0006941	GCST90095050	Genome-wide sequencing
2022-03-16	34214102	Sarnowski C	2021-07-02	PLoS One	www.ncbi.nlm.nih.gov/pubmed/34214102	Identification of novel and rare variants associated with handgrip strength using whole genome sequence data from the NHLBI Trans-Omics in Precision Medicine (TOPMed) Program.	Hand grip strength	8674 European ancestry, African American or Afro-Caribbean, Hispanic or Latin American, Asian ancestry, Native American ancestry, Other ancestry women	NA	8p12	8	30273968		HSPA8P11 - PPIAP84	ENSG00000248159	ENSG00000254152		32971	75898	rs2958754-A	rs2958754	0	2958754	intergenic_variant	1	0.026	1E-8	8.0		1.63	kg decrease	NR [638486]	N	grip strength measurement	http://www.ebi.ac.uk/efo/EFO_0006941	GCST90095050	Genome-wide sequencing
2022-03-16	34214102	Sarnowski C	2021-07-02	PLoS One	www.ncbi.nlm.nih.gov/pubmed/34214102	Identification of novel and rare variants associated with handgrip strength using whole genome sequence data from the NHLBI Trans-Omics in Precision Medicine (TOPMed) Program.	Hand grip strength	8674 European ancestry, African American or Afro-Caribbean, Hispanic or Latin American, Asian ancestry, Native American ancestry, Other ancestry women	NA	10q26.11	10	119692415		TXNP1 - INPP5F	ENSG00000232823	ENSG00000198825		8592	33620	rs189542078-T	rs189542078	0	189542078	intron_variant	1	0.001	2E-8	7.698970004336019		6.57	kg increase	NR [638486]	N	grip strength measurement	http://www.ebi.ac.uk/efo/EFO_0006941	GCST90095050	Genome-wide sequencing
2022-03-16	34214102	Sarnowski C	2021-07-02	PLoS One	www.ncbi.nlm.nih.gov/pubmed/34214102	Identification of novel and rare variants associated with handgrip strength using whole genome sequence data from the NHLBI Trans-Omics in Precision Medicine (TOPMed) Program.	Hand grip strength	8674 European ancestry, African American or Afro-Caribbean, Hispanic or Latin American, Asian ancestry, Native American ancestry, Other ancestry women	NA	14q32.2	14	96043941		C14orf132			ENSG00000227051			rs143569685-A	rs143569685	0	143569685	intron_variant	0	0.004	1E-8	8.0		3.92	kg decrease	NR [638486]	N	grip strength measurement	http://www.ebi.ac.uk/efo/EFO_0006941	GCST90095050	Genome-wide sequencing
2022-03-16	34214102	Sarnowski C	2021-07-02	PLoS One	www.ncbi.nlm.nih.gov/pubmed/34214102	Identification of novel and rare variants associated with handgrip strength using whole genome sequence data from the NHLBI Trans-Omics in Precision Medicine (TOPMed) Program.	Hand grip strength	8674 European ancestry, African American or Afro-Caribbean, Hispanic or Latin American, Asian ancestry, Native American ancestry, Other ancestry women	NA	18q22.3	18	71404509		GTSCR1 - LINC01541	ENSG00000263417	ENSG00000260676		733624	115453	rs185725127-C	rs185725127	0	185725127	intergenic_variant	1	0.001	3E-8	7.522878745280337		6.4	kg decrease	NR [638486]	N	grip strength measurement	http://www.ebi.ac.uk/efo/EFO_0006941	GCST90095050	Genome-wide sequencing
2022-03-16	34214102	Sarnowski C	2021-07-02	PLoS One	www.ncbi.nlm.nih.gov/pubmed/34214102	Identification of novel and rare variants associated with handgrip strength using whole genome sequence data from the NHLBI Trans-Omics in Precision Medicine (TOPMed) Program.	Hand grip strength	3145 African American or Afro-Caribbean individuals	NA	2q33.1	2	198070149		PLCL1			ENSG00000115896			rs74688411-G	rs74688411	0	74688411	intron_variant	0	0.018	8E-8	7.096910013008056		3.95	kg increase	NR [638486]	N	grip strength measurement	http://www.ebi.ac.uk/efo/EFO_0006941	GCST90095051	Genome-wide sequencing
2022-03-16	34214102	Sarnowski C	2021-07-02	PLoS One	www.ncbi.nlm.nih.gov/pubmed/34214102	Identification of novel and rare variants associated with handgrip strength using whole genome sequence data from the NHLBI Trans-Omics in Precision Medicine (TOPMed) Program.	Hand grip strength	3145 African American or Afro-Caribbean individuals	NA	5q35.2	5	174630802		SUMO2P6 - HIGD1AP3	ENSG00000249031	ENSG00000248929		68739	2130	rs377692678-A	rs377692678	0	377692678	intergenic_variant	1	0.003	4E-6	5.3979400086720375		7.63	kg decrease	NR [638486]	N	grip strength measurement	http://www.ebi.ac.uk/efo/EFO_0006941	GCST90095051	Genome-wide sequencing
2022-03-16	34214102	Sarnowski C	2021-07-02	PLoS One	www.ncbi.nlm.nih.gov/pubmed/34214102	Identification of novel and rare variants associated with handgrip strength using whole genome sequence data from the NHLBI Trans-Omics in Precision Medicine (TOPMed) Program.	Hand grip strength	3145 African American or Afro-Caribbean individuals	NA	7q21.3	7	95524137		ASB4			ENSG00000005981			rs544430450-A	rs544430450	0	544430450	intron_variant	0	0.006	2E-6	5.698970004336019		6.1	kg decrease	NR [638486]	N	grip strength measurement	http://www.ebi.ac.uk/efo/EFO_0006941	GCST90095051	Genome-wide sequencing
2022-03-16	34214102	Sarnowski C	2021-07-02	PLoS One	www.ncbi.nlm.nih.gov/pubmed/34214102	Identification of novel and rare variants associated with handgrip strength using whole genome sequence data from the NHLBI Trans-Omics in Precision Medicine (TOPMed) Program.	Hand grip strength	3145 African American or Afro-Caribbean individuals	NA	14q32.2	14	96043941		C14orf132			ENSG00000227051			rs143569685-A	rs143569685	0	143569685	intron_variant	0	0.014	8E-6	5.096910013008056		3.57	kg decrease	NR [638486]	N	grip strength measurement	http://www.ebi.ac.uk/efo/EFO_0006941	GCST90095051	Genome-wide sequencing
2022-03-16	34214102	Sarnowski C	2021-07-02	PLoS One	www.ncbi.nlm.nih.gov/pubmed/34214102	Identification of novel and rare variants associated with handgrip strength using whole genome sequence data from the NHLBI Trans-Omics in Precision Medicine (TOPMed) Program.	Hand grip strength	3145 African American or Afro-Caribbean individuals	NA	18q22.3	18	71404509		GTSCR1 - LINC01541	ENSG00000263417	ENSG00000260676		733624	115453	rs185725127-C	rs185725127	0	185725127	intergenic_variant	1	0.006	2E-7	6.698970004336019		6.52	kg decrease	NR [638486]	N	grip strength measurement	http://www.ebi.ac.uk/efo/EFO_0006941	GCST90095051	Genome-wide sequencing
2022-03-16	34214102	Sarnowski C	2021-07-02	PLoS One	www.ncbi.nlm.nih.gov/pubmed/34214102	Identification of novel and rare variants associated with handgrip strength using whole genome sequence data from the NHLBI Trans-Omics in Precision Medicine (TOPMed) Program.	Hand grip strength	987 African American or Afro-Caribbean men	NA											rs57776684-T	rs57776684	0	57776684		1	0.011	2E-8	7.698970004336019		13.1	kg decrease	NR [638486]	N	grip strength measurement	http://www.ebi.ac.uk/efo/EFO_0006941	GCST90095052	Genome-wide sequencing
2022-03-16	34214102	Sarnowski C	2021-07-02	PLoS One	www.ncbi.nlm.nih.gov/pubmed/34214102	Identification of novel and rare variants associated with handgrip strength using whole genome sequence data from the NHLBI Trans-Omics in Precision Medicine (TOPMed) Program.	Hand grip strength	987 African American or Afro-Caribbean men	NA	10q23.1	10	85774936		GRID1			ENSG00000182771			rs569475444-C	rs569475444	0	569475444	intron_variant	0	0.024	9E-8	7.045757490560675		8.16	kg decrease	NR [638486]	N	grip strength measurement	http://www.ebi.ac.uk/efo/EFO_0006941	GCST90095052	Genome-wide sequencing
2022-03-16	34214102	Sarnowski C	2021-07-02	PLoS One	www.ncbi.nlm.nih.gov/pubmed/34214102	Identification of novel and rare variants associated with handgrip strength using whole genome sequence data from the NHLBI Trans-Omics in Precision Medicine (TOPMed) Program.	Hand grip strength	987 African American or Afro-Caribbean men	NA	11q23.2	11	113977732		HTR3A			ENSG00000166736			rs182799368-T	rs182799368	0	182799368	intron_variant	0	0.016	2E-7	6.698970004336019		9.19	kg decrease	NR [638486]	N	grip strength measurement	http://www.ebi.ac.uk/efo/EFO_0006941	GCST90095052	Genome-wide sequencing
2022-03-07	34214102	Sarnowski C	2021-07-02	PLoS One	www.ncbi.nlm.nih.gov/pubmed/34214102	Identification of novel and rare variants associated with handgrip strength using whole genome sequence data from the NHLBI Trans-Omics in Precision Medicine (TOPMed) Program.	Hand grip strength	2158 African American or Afro-Caribbean women	NA	8p12	8	30273968		HSPA8P11 - PPIAP84	ENSG00000248159	ENSG00000254152		32971	75898	rs2958754-A	rs2958754	0	2958754	intergenic_variant	1	0.101	2E-6	5.698970004336019		1.55	kg decrease	NR [638486]	N	grip strength measurement	http://www.ebi.ac.uk/efo/EFO_0006941	GCST90095053	Genome-wide sequencing
2022-03-07	34214102	Sarnowski C	2021-07-02	PLoS One	www.ncbi.nlm.nih.gov/pubmed/34214102	Identification of novel and rare variants associated with handgrip strength using whole genome sequence data from the NHLBI Trans-Omics in Precision Medicine (TOPMed) Program.	Hand grip strength	2158 African American or Afro-Caribbean women	NA	10q26.11	10	119692415		TXNP1 - INPP5F	ENSG00000232823	ENSG00000198825		8592	33620	rs189542078-T	rs189542078	0	189542078	intron_variant	1	0.006	8E-7	6.096910013008056		6.29	kg increase	NR [638486]	N	grip strength measurement	http://www.ebi.ac.uk/efo/EFO_0006941	GCST90095053	Genome-wide sequencing
2022-03-07	34214102	Sarnowski C	2021-07-02	PLoS One	www.ncbi.nlm.nih.gov/pubmed/34214102	Identification of novel and rare variants associated with handgrip strength using whole genome sequence data from the NHLBI Trans-Omics in Precision Medicine (TOPMed) Program.	Hand grip strength	2158 African American or Afro-Caribbean women	NA	14q32.2	14	96043941		C14orf132			ENSG00000227051			rs143569685-A	rs143569685	0	143569685	intron_variant	0	0.015	4E-7	6.3979400086720375		3.93	kg decrease	NR [638486]	N	grip strength measurement	http://www.ebi.ac.uk/efo/EFO_0006941	GCST90095053	Genome-wide sequencing
2022-03-07	34214102	Sarnowski C	2021-07-02	PLoS One	www.ncbi.nlm.nih.gov/pubmed/34214102	Identification of novel and rare variants associated with handgrip strength using whole genome sequence data from the NHLBI Trans-Omics in Precision Medicine (TOPMed) Program.	Hand grip strength	2158 African American or Afro-Caribbean women	NA	18q22.3	18	71404509		GTSCR1 - LINC01541	ENSG00000263417	ENSG00000260676		733624	115453	rs185725127-C	rs185725127	0	185725127	intergenic_variant	1	0.006	3E-6	5.522878745280337		5.97	kg decrease	NR [638486]	N	grip strength measurement	http://www.ebi.ac.uk/efo/EFO_0006941	GCST90095053	Genome-wide sequencing
2025-08-21	35241739	Jin H	2022-03-03	Sci Rep	www.ncbi.nlm.nih.gov/pubmed/35241739	Unveiling genetic variants for age-related sarcopenia by conducting a genome-wide association study on Korean cohorts.	Appendicular skeletal muscle mass	1,781 Korean ancestry individuals	NA	3p22.3	3	32007599		OSBPL10			ENSG00000144645			rs6772958-?	rs6772958	0	6772958	intergenic_variant	0	NR	2E-8	7.698970004336019				Affymetrix [2804834] (imputed)	N	muscle measurement	http://www.ebi.ac.uk/efo/EFO_0004515	GCST90104265	Genome-wide genotyping array
2025-08-21	35241739	Jin H	2022-03-03	Sci Rep	www.ncbi.nlm.nih.gov/pubmed/35241739	Unveiling genetic variants for age-related sarcopenia by conducting a genome-wide association study on Korean cohorts.	Appendicular skeletal muscle mass	1,781 Korean ancestry individuals	NA	3p14.3	3	54974413		CACNA2D3			ENSG00000157445			rs11130441-?	rs11130441	0	11130441	intron_variant	0	NR	8E-6	5.096910013008056				Affymetrix [2804834] (imputed)	N	muscle measurement	http://www.ebi.ac.uk/efo/EFO_0004515	GCST90104265	Genome-wide genotyping array
2025-08-21	35241739	Jin H	2022-03-03	Sci Rep	www.ncbi.nlm.nih.gov/pubmed/35241739	Unveiling genetic variants for age-related sarcopenia by conducting a genome-wide association study on Korean cohorts.	Appendicular skeletal muscle mass	1,781 Korean ancestry individuals	NA	4q13.1	4	63682120		LARP1BP1 - TECRL	ENSG00000231442	ENSG00000205678		330648	593137	rs142722457-?	rs142722457	0	142722457	intergenic_variant	1	NR	5E-6	5.301029995663981				Affymetrix [2804834] (imputed)	N	muscle measurement	http://www.ebi.ac.uk/efo/EFO_0004515	GCST90104265	Genome-wide genotyping array
2025-08-21	35241739	Jin H	2022-03-03	Sci Rep	www.ncbi.nlm.nih.gov/pubmed/35241739	Unveiling genetic variants for age-related sarcopenia by conducting a genome-wide association study on Korean cohorts.	Appendicular skeletal muscle mass	1,781 Korean ancestry individuals	NA	1q25.3	1	184013953		COLGALT2			ENSG00000198756			rs12089250-?	rs12089250	0	12089250	intron_variant	0	NR	7E-6	5.154901959985743		0.375	unit increase	Affymetrix [2804834] (imputed)	N	muscle measurement	http://www.ebi.ac.uk/efo/EFO_0004515	GCST90104265	Genome-wide genotyping array
2025-08-21	35241739	Jin H	2022-03-03	Sci Rep	www.ncbi.nlm.nih.gov/pubmed/35241739	Unveiling genetic variants for age-related sarcopenia by conducting a genome-wide association study on Korean cohorts.	Appendicular skeletal muscle mass	1,781 Korean ancestry individuals	NA	2p21	2	46838267		LINC01118			ENSG00000222005			rs1466024-?	rs1466024	0	1466024	intergenic_variant	0	NR	3E-7	6.522878745280337		0.43	unit increase	Affymetrix [2804834] (imputed)	N	muscle measurement	http://www.ebi.ac.uk/efo/EFO_0004515	GCST90104265	Genome-wide genotyping array
2025-08-21	35241739	Jin H	2022-03-03	Sci Rep	www.ncbi.nlm.nih.gov/pubmed/35241739	Unveiling genetic variants for age-related sarcopenia by conducting a genome-wide association study on Korean cohorts.	Appendicular skeletal muscle mass	1,781 Korean ancestry individuals	NA	5q13.2	5	71680676		MCCC2 - CARTPT	ENSG00000131844	ENSG00000164326		21970	38599	rs16870827-?	rs16870827	0	16870827	intergenic_variant	1	NR	1E-6	6.0				Affymetrix [2804834] (imputed)	N	muscle measurement	http://www.ebi.ac.uk/efo/EFO_0004515	GCST90104265	Genome-wide genotyping array
2025-08-21	35241739	Jin H	2022-03-03	Sci Rep	www.ncbi.nlm.nih.gov/pubmed/35241739	Unveiling genetic variants for age-related sarcopenia by conducting a genome-wide association study on Korean cohorts.	Appendicular skeletal muscle mass	1,781 Korean ancestry individuals	NA	6p22.3	6	16694270		ATXN1			ENSG00000124788			rs2146753-?	rs2146753	0	2146753	intron_variant	0	NR	2E-6	5.698970004336019				Affymetrix [2804834] (imputed)	N	muscle measurement	http://www.ebi.ac.uk/efo/EFO_0004515	GCST90104265	Genome-wide genotyping array
2025-08-21	35241739	Jin H	2022-03-03	Sci Rep	www.ncbi.nlm.nih.gov/pubmed/35241739	Unveiling genetic variants for age-related sarcopenia by conducting a genome-wide association study on Korean cohorts.	Appendicular skeletal muscle mass	1,781 Korean ancestry individuals	NA	6p22.1	6	27260003		PRSS16 - CDCA7P1	ENSG00000112812	ENSG00000270935		3357	8110	rs4713078-?	rs4713078	0	4713078	intergenic_variant	1	NR	9E-7	6.045757490560675		0.728	unit increase	Affymetrix [2804834] (imputed)	N	muscle measurement	http://www.ebi.ac.uk/efo/EFO_0004515	GCST90104265	Genome-wide genotyping array
2025-08-21	35241739	Jin H	2022-03-03	Sci Rep	www.ncbi.nlm.nih.gov/pubmed/35241739	Unveiling genetic variants for age-related sarcopenia by conducting a genome-wide association study on Korean cohorts.	Appendicular skeletal muscle mass	1,781 Korean ancestry individuals	NA	17p13.3	17	1239730		ABR - BHLHA9	ENSG00000159842	ENSG00000205899		9992	30714	rs59567306-?	rs59567306	0	59567306	intergenic_variant	1	NR	9E-6	5.045757490560675				Affymetrix [2804834] (imputed)	N	muscle measurement	http://www.ebi.ac.uk/efo/EFO_0004515	GCST90104265	Genome-wide genotyping array
2025-08-21	35241739	Jin H	2022-03-03	Sci Rep	www.ncbi.nlm.nih.gov/pubmed/35241739	Unveiling genetic variants for age-related sarcopenia by conducting a genome-wide association study on Korean cohorts.	Appendicular skeletal muscle mass	1,781 Korean ancestry individuals	NA	19q13.33	19	50247240		MYH14			ENSG00000105357			rs1947424-?	rs1947424	0	1947424	intron_variant	0	NR	6E-6	5.221848749616356				Affymetrix [2804834] (imputed)	N	muscle measurement	http://www.ebi.ac.uk/efo/EFO_0004515	GCST90104265	Genome-wide genotyping array
2025-08-21	35180297	Feitosa MF	2022-02-18	J Gerontol A Biol Sci Med Sci	www.ncbi.nlm.nih.gov/pubmed/35180297	Genetic pleiotropy between pulmonary function and age-related traits: The Long Life Family Study.	Forced expiratory volume and muscle grip strength (pleiotropy)	4,281 European ancestry females	NA	5p14.1	5	28473628		LINC02103 - RNU6-909P	ENSG00000249785	ENSG00000252867		172533	151029	rs80148245-?	rs80148245	0	80148245	intron_variant	1	NR	4E-8	7.3979400086720375				Illumina [81200000] (imputed)	N	grip strength measurement, forced expiratory volume	http://www.ebi.ac.uk/efo/EFO_0006941, http://www.ebi.ac.uk/efo/EFO_0004314	GCST90296041	Genome-wide genotyping array
2025-08-21	35180297	Feitosa MF	2022-02-18	J Gerontol A Biol Sci Med Sci	www.ncbi.nlm.nih.gov/pubmed/35180297	Genetic pleiotropy between pulmonary function and age-related traits: The Long Life Family Study.	Forced vital capacity and muscle grip strength (pleiotropy)	4,281 European ancestry females	NA	5p14.1	5	28473628		LINC02103 - RNU6-909P	ENSG00000249785	ENSG00000252867		172533	151029	rs80148245-?	rs80148245	0	80148245	intron_variant	1	NR	9E-9	8.045757490560675				Illumina [81200000] (imputed)	N	grip strength measurement, vital capacity	http://www.ebi.ac.uk/efo/EFO_0006941, http://www.ebi.ac.uk/efo/EFO_0004312	GCST90296042	Genome-wide genotyping array
2025-08-21	35180297	Feitosa MF	2022-02-18	J Gerontol A Biol Sci Med Sci	www.ncbi.nlm.nih.gov/pubmed/35180297	Genetic pleiotropy between pulmonary function and age-related traits: The Long Life Family Study.	Forced vital capacity and muscle grip strength (pleiotropy)	4,281 European ancestry females	NA	14q12	14	31264601		Y_RNA - HEATR5A	ENSG00000200544	ENSG00000129493		19740	26035	rs117500377-?	rs117500377	0	117500377	intron_variant	1	NR	4E-8	7.3979400086720375				Illumina [81200000] (imputed)	N	grip strength measurement, vital capacity	http://www.ebi.ac.uk/efo/EFO_0006941, http://www.ebi.ac.uk/efo/EFO_0004312	GCST90296042	Genome-wide genotyping array
2025-08-21	35180297	Feitosa MF	2022-02-18	J Gerontol A Biol Sci Med Sci	www.ncbi.nlm.nih.gov/pubmed/35180297	Genetic pleiotropy between pulmonary function and age-related traits: The Long Life Family Study.	Muscle grip strength	3,876 European ancestry individuals	NA	3q29	3	195203401		XXYLT1			ENSG00000173950			rs9870813-?	rs9870813	0	9870813	intron_variant	0	NR	5E-6	5.301029995663981		0.111	[0.064-0.158] kg increase	Illumina [81200000] (imputed)	N	grip strength measurement	http://www.ebi.ac.uk/efo/EFO_0006941	GCST90295996	Genome-wide genotyping array
2025-08-21	35180297	Feitosa MF	2022-02-18	J Gerontol A Biol Sci Med Sci	www.ncbi.nlm.nih.gov/pubmed/35180297	Genetic pleiotropy between pulmonary function and age-related traits: The Long Life Family Study.	Muscle grip strength	2,137 European ancestry females	NA	14q12	14	31264601		Y_RNA - HEATR5A	ENSG00000200544	ENSG00000129493		19740	26035	rs117500377-?	rs117500377	0	117500377	intron_variant	1	NR	2E-6	5.698970004336019		0.626	[0.37-0.88] kg decrease	Illumina [81200000] (imputed)	N	grip strength measurement	http://www.ebi.ac.uk/efo/EFO_0006941	GCST90296032	Genome-wide genotyping array
2025-08-21	35180297	Feitosa MF	2022-02-18	J Gerontol A Biol Sci Med Sci	www.ncbi.nlm.nih.gov/pubmed/35180297	Genetic pleiotropy between pulmonary function and age-related traits: The Long Life Family Study.	Forced expiratory volume and muscle grip strength (pleiotropy)	7,764 European ancestry individuals	NA	3q29	3	195203401		XXYLT1			ENSG00000173950			rs9870813-?	rs9870813	0	9870813	intron_variant	0	NR	7E-9	8.154901959985743				Illumina [81200000] (imputed)	N	grip strength measurement, forced expiratory volume	http://www.ebi.ac.uk/efo/EFO_0006941, http://www.ebi.ac.uk/efo/EFO_0004314	GCST90296005	Genome-wide genotyping array
2025-08-21	35180297	Feitosa MF	2022-02-18	J Gerontol A Biol Sci Med Sci	www.ncbi.nlm.nih.gov/pubmed/35180297	Genetic pleiotropy between pulmonary function and age-related traits: The Long Life Family Study.	Forced expiratory volume and muscle grip strength (pleiotropy)	7,764 European ancestry individuals	NA	8q24.12	8	119209136		MAL2			ENSG00000147676			rs77980484-?	rs77980484	0	77980484	intron_variant	0	NR	5E-8	7.301029995663981				Illumina [81200000] (imputed)	N	grip strength measurement, forced expiratory volume	http://www.ebi.ac.uk/efo/EFO_0006941, http://www.ebi.ac.uk/efo/EFO_0004314	GCST90296005	Genome-wide genotyping array
2023-03-21	35876483	Luo J	2022-07-25	Connect Tissue Res	www.ncbi.nlm.nih.gov/pubmed/35876483	Genome-wide association study of handgrip strength in the Northern Chinese adult twins.	Hand grip strength	135 Northern Chinese ancestry dizygotic twin pairs	NA	2p25.1	2	9919715		TAF1B			ENSG00000115750			rs16867245-?	rs16867245	0	16867245	missense_variant	0	NR	6E-6	5.221848749616356				Illumina [7393353] (imputed)	N	grip strength measurement	http://www.ebi.ac.uk/efo/EFO_0006941	GCST90258643	Genome-wide genotyping array
2023-03-21	35876483	Luo J	2022-07-25	Connect Tissue Res	www.ncbi.nlm.nih.gov/pubmed/35876483	Genome-wide association study of handgrip strength in the Northern Chinese adult twins.	Hand grip strength	135 Northern Chinese ancestry dizygotic twin pairs	NA	7p21.1	7	20832249		RPL23P8 - LINC01162	ENSG00000219451	ENSG00000232790		4496	3077	rs9691964-?	rs9691964	0	9691964	intergenic_variant	1	NR	7E-6	5.154901959985743				Illumina [7393353] (imputed)	N	grip strength measurement	http://www.ebi.ac.uk/efo/EFO_0006941	GCST90258643	Genome-wide genotyping array
2023-03-21	35876483	Luo J	2022-07-25	Connect Tissue Res	www.ncbi.nlm.nih.gov/pubmed/35876483	Genome-wide association study of handgrip strength in the Northern Chinese adult twins.	Hand grip strength	135 Northern Chinese ancestry dizygotic twin pairs	NA	3q24	3	143531414		SLC9A9			ENSG00000181804			rs1371923-?	rs1371923	0	1371923	intron_variant	0	NR	8E-6	5.096910013008056				Illumina [7393353] (imputed)	N	grip strength measurement	http://www.ebi.ac.uk/efo/EFO_0006941	GCST90258643	Genome-wide genotyping array
2023-03-21	35876483	Luo J	2022-07-25	Connect Tissue Res	www.ncbi.nlm.nih.gov/pubmed/35876483	Genome-wide association study of handgrip strength in the Northern Chinese adult twins.	Hand grip strength	135 Northern Chinese ancestry dizygotic twin pairs	NA	3p26.1	3	6789670		GRM7, GRM7-AS3			ENSG00000196277, ENSG00000226258			rs78197531-?	rs78197531	0	78197531	intron_variant	0	NR	9E-6	5.045757490560675				Illumina [7393353] (imputed)	N	grip strength measurement	http://www.ebi.ac.uk/efo/EFO_0006941	GCST90258643	Genome-wide genotyping array
2023-03-21	35876483	Luo J	2022-07-25	Connect Tissue Res	www.ncbi.nlm.nih.gov/pubmed/35876483	Genome-wide association study of handgrip strength in the Northern Chinese adult twins.	Hand grip strength	135 Northern Chinese ancestry dizygotic twin pairs	NA	2p25.2	2	4427689		LINC01304 - NPM1P48	ENSG00000237401	ENSG00000231821		453565	86515	rs7590890-?	rs7590890	0	7590890	intron_variant	1	NR	1E-5	5.0				Illumina [7393353] (imputed)	N	grip strength measurement	http://www.ebi.ac.uk/efo/EFO_0006941	GCST90258643	Genome-wide genotyping array
2023-03-21	35876483	Luo J	2022-07-25	Connect Tissue Res	www.ncbi.nlm.nih.gov/pubmed/35876483	Genome-wide association study of handgrip strength in the Northern Chinese adult twins.	Hand grip strength	135 Northern Chinese ancestry dizygotic twin pairs	NA	4p14	4	38495083		LINC01258			ENSG00000249534			rs181979988-?	rs181979988	0	181979988	intron_variant	0	NR	5E-7	6.301029995663981				Illumina [7393353] (imputed)	N	grip strength measurement	http://www.ebi.ac.uk/efo/EFO_0006941	GCST90258643	Genome-wide genotyping array
2023-03-21	35876483	Luo J	2022-07-25	Connect Tissue Res	www.ncbi.nlm.nih.gov/pubmed/35876483	Genome-wide association study of handgrip strength in the Northern Chinese adult twins.	Hand grip strength	135 Northern Chinese ancestry dizygotic twin pairs	NA	1p21.1	1	103034199		COL11A1			ENSG00000060718			rs12563371-?	rs12563371	0	12563371	intron_variant	0	NR	6E-7	6.221848749616356				Illumina [7393353] (imputed)	N	grip strength measurement	http://www.ebi.ac.uk/efo/EFO_0006941	GCST90258643	Genome-wide genotyping array
2023-03-21	35876483	Luo J	2022-07-25	Connect Tissue Res	www.ncbi.nlm.nih.gov/pubmed/35876483	Genome-wide association study of handgrip strength in the Northern Chinese adult twins.	Hand grip strength	135 Northern Chinese ancestry dizygotic twin pairs	NA	18q21.2	18	50946408		ME2			ENSG00000082212			rs117546604-?	rs117546604	0	117546604	intron_variant	0	NR	6E-7	6.221848749616356				Illumina [7393353] (imputed)	N	grip strength measurement	http://www.ebi.ac.uk/efo/EFO_0006941	GCST90258643	Genome-wide genotyping array
2023-03-21	35876483	Luo J	2022-07-25	Connect Tissue Res	www.ncbi.nlm.nih.gov/pubmed/35876483	Genome-wide association study of handgrip strength in the Northern Chinese adult twins.	Hand grip strength	135 Northern Chinese ancestry dizygotic twin pairs	NA	7p12.2	7	50412158		IKZF1 - RNU6-1091P	ENSG00000185811	ENSG00000200815		7057	23222	rs1868887-?	rs1868887	0	1868887	intergenic_variant	1	NR	1E-6	6.0				Illumina [7393353] (imputed)	N	grip strength measurement	http://www.ebi.ac.uk/efo/EFO_0006941	GCST90258643	Genome-wide genotyping array
2023-03-21	35876483	Luo J	2022-07-25	Connect Tissue Res	www.ncbi.nlm.nih.gov/pubmed/35876483	Genome-wide association study of handgrip strength in the Northern Chinese adult twins.	Hand grip strength	135 Northern Chinese ancestry dizygotic twin pairs	NA	12p12.2	12	20791878		SLCO1C1 - SLCO1B3	ENSG00000139155	ENSG00000111700		38492	18813	rs866159641-?	rs866159641	0	866159641	intergenic_variant	1	NR	2E-6	5.698970004336019				Illumina [7393353] (imputed)	N	grip strength measurement	http://www.ebi.ac.uk/efo/EFO_0006941	GCST90258643	Genome-wide genotyping array
2023-03-21	35876483	Luo J	2022-07-25	Connect Tissue Res	www.ncbi.nlm.nih.gov/pubmed/35876483	Genome-wide association study of handgrip strength in the Northern Chinese adult twins.	Hand grip strength	135 Northern Chinese ancestry dizygotic twin pairs	NA	3p22.3	3	32392262		CMTM7			ENSG00000153551			rs534143679-?	rs534143679	0	534143679	intron_variant	0	NR	2E-6	5.698970004336019				Illumina [7393353] (imputed)	N	grip strength measurement	http://www.ebi.ac.uk/efo/EFO_0006941	GCST90258643	Genome-wide genotyping array
2023-03-21	35876483	Luo J	2022-07-25	Connect Tissue Res	www.ncbi.nlm.nih.gov/pubmed/35876483	Genome-wide association study of handgrip strength in the Northern Chinese adult twins.	Hand grip strength	135 Northern Chinese ancestry dizygotic twin pairs	NA	20p12.2	20	11068157		LINC02871 - RPS11P1	ENSG00000125899	ENSG00000235544		38702	277226	rs79287957-?	rs79287957	0	79287957	intergenic_variant	1	NR	1E-7	7.0				Illumina [7393353] (imputed)	N	grip strength measurement	http://www.ebi.ac.uk/efo/EFO_0006941	GCST90258643	Genome-wide genotyping array
2023-03-21	35876483	Luo J	2022-07-25	Connect Tissue Res	www.ncbi.nlm.nih.gov/pubmed/35876483	Genome-wide association study of handgrip strength in the Northern Chinese adult twins.	Hand grip strength	135 Northern Chinese ancestry dizygotic twin pairs	NA	7p12.1	7	50567186		DDC - GRB10	ENSG00000132437	ENSG00000106070		1718	22877	rs75534602-?	rs75534602	0	75534602	intergenic_variant	1	NR	1E-7	7.0				Illumina [7393353] (imputed)	N	grip strength measurement	http://www.ebi.ac.uk/efo/EFO_0006941	GCST90258643	Genome-wide genotyping array
2023-03-21	35876483	Luo J	2022-07-25	Connect Tissue Res	www.ncbi.nlm.nih.gov/pubmed/35876483	Genome-wide association study of handgrip strength in the Northern Chinese adult twins.	Hand grip strength	135 Northern Chinese ancestry dizygotic twin pairs	NA	3p12.3	3	76390983		ROBO2			ENSG00000185008			rs149538842-?	rs149538842	0	149538842	intron_variant	0	NR	2E-7	6.698970004336019				Illumina [7393353] (imputed)	N	grip strength measurement	http://www.ebi.ac.uk/efo/EFO_0006941	GCST90258643	Genome-wide genotyping array
2023-03-21	35876483	Luo J	2022-07-25	Connect Tissue Res	www.ncbi.nlm.nih.gov/pubmed/35876483	Genome-wide association study of handgrip strength in the Northern Chinese adult twins.	Hand grip strength	135 Northern Chinese ancestry dizygotic twin pairs	NA	18q21.2	18	50993839		ELAC1 - SMAD4	ENSG00000141642	ENSG00000141646		4848	34689	rs79530590-?	rs79530590	0	79530590	intron_variant	1	NR	5E-7	6.301029995663981				Illumina [7393353] (imputed)	N	grip strength measurement	http://www.ebi.ac.uk/efo/EFO_0006941	GCST90258643	Genome-wide genotyping array
2023-03-21	35876483	Luo J	2022-07-25	Connect Tissue Res	www.ncbi.nlm.nih.gov/pubmed/35876483	Genome-wide association study of handgrip strength in the Northern Chinese adult twins.	Hand grip strength	135 Northern Chinese ancestry dizygotic twin pairs	NA	3q21.3	3	128566216		LINC01565			ENSG00000198685			rs145937450-?	rs145937450	0	145937450	intron_variant	0	NR	7E-7	6.154901959985743				Illumina [7393353] (imputed)	N	grip strength measurement	http://www.ebi.ac.uk/efo/EFO_0006941	GCST90258643	Genome-wide genotyping array
2023-03-21	35876483	Luo J	2022-07-25	Connect Tissue Res	www.ncbi.nlm.nih.gov/pubmed/35876483	Genome-wide association study of handgrip strength in the Northern Chinese adult twins.	Hand grip strength	135 Northern Chinese ancestry dizygotic twin pairs	NA	12q21.2	12	76235902		RNU6-1271P - LNCOG	ENSG00000252858	ENSG00000257219		96231	16369	rs374099767-?	rs374099767	0	374099767	intron_variant	1	NR	7E-7	6.154901959985743				Illumina [7393353] (imputed)	N	grip strength measurement	http://www.ebi.ac.uk/efo/EFO_0006941	GCST90258643	Genome-wide genotyping array
2023-03-21	35876483	Luo J	2022-07-25	Connect Tissue Res	www.ncbi.nlm.nih.gov/pubmed/35876483	Genome-wide association study of handgrip strength in the Northern Chinese adult twins.	Hand grip strength	135 Northern Chinese ancestry dizygotic twin pairs	NA	1q44	1	244264241		RN7SL148P - SPMIP3	ENSG00000244066	ENSG00000173728		160031	88394	rs141475535-?	rs141475535	0	141475535	intron_variant	1	NR	8E-7	6.096910013008056				Illumina [7393353] (imputed)	N	grip strength measurement	http://www.ebi.ac.uk/efo/EFO_0006941	GCST90258643	Genome-wide genotyping array
2023-03-21	35876483	Luo J	2022-07-25	Connect Tissue Res	www.ncbi.nlm.nih.gov/pubmed/35876483	Genome-wide association study of handgrip strength in the Northern Chinese adult twins.	Hand grip strength	135 Northern Chinese ancestry dizygotic twin pairs	NA	11p11.2	11	47757073		FNBP4			ENSG00000109920			rs201380943-?	rs201380943	0	201380943	intron_variant	0	NR	8E-7	6.096910013008056				Illumina [7393353] (imputed)	N	grip strength measurement	http://www.ebi.ac.uk/efo/EFO_0006941	GCST90258643	Genome-wide genotyping array
2023-03-21	35876483	Luo J	2022-07-25	Connect Tissue Res	www.ncbi.nlm.nih.gov/pubmed/35876483	Genome-wide association study of handgrip strength in the Northern Chinese adult twins.	Hand grip strength	135 Northern Chinese ancestry dizygotic twin pairs	NA	9p22.3	9	15352412		TTC39B - RPL7P33	ENSG00000155158	ENSG00000215236		45052	8981	rs11795332-?	rs11795332	0	11795332	intergenic_variant	1	NR	8E-7	6.096910013008056				Illumina [7393353] (imputed)	N	grip strength measurement	http://www.ebi.ac.uk/efo/EFO_0006941	GCST90258643	Genome-wide genotyping array
2023-03-21	35876483	Luo J	2022-07-25	Connect Tissue Res	www.ncbi.nlm.nih.gov/pubmed/35876483	Genome-wide association study of handgrip strength in the Northern Chinese adult twins.	Hand grip strength	135 Northern Chinese ancestry dizygotic twin pairs	NA	15q23	15	71304011		THSD4			ENSG00000187720			rs147869550-?	rs147869550	0	147869550	intron_variant	0	NR	8E-7	6.096910013008056				Illumina [7393353] (imputed)	N	grip strength measurement	http://www.ebi.ac.uk/efo/EFO_0006941	GCST90258643	Genome-wide genotyping array
2023-03-21	35876483	Luo J	2022-07-25	Connect Tissue Res	www.ncbi.nlm.nih.gov/pubmed/35876483	Genome-wide association study of handgrip strength in the Northern Chinese adult twins.	Hand grip strength	135 Northern Chinese ancestry dizygotic twin pairs	NA	1p35.2	1	31515799		LINC01226			ENSG00000284543			rs2377856-?	rs2377856	0	2377856	intron_variant	0	NR	1E-6	6.0				Illumina [7393353] (imputed)	N	grip strength measurement	http://www.ebi.ac.uk/efo/EFO_0006941	GCST90258643	Genome-wide genotyping array
2023-03-21	35876483	Luo J	2022-07-25	Connect Tissue Res	www.ncbi.nlm.nih.gov/pubmed/35876483	Genome-wide association study of handgrip strength in the Northern Chinese adult twins.	Hand grip strength	135 Northern Chinese ancestry dizygotic twin pairs	NA	6p12.3	6	50622838		DEFB112 - TFAP2D	ENSG00000180872	ENSG00000008197		572909	90688	rs142907566-?	rs142907566	0	142907566	intron_variant	1	NR	1E-6	6.0				Illumina [7393353] (imputed)	N	grip strength measurement	http://www.ebi.ac.uk/efo/EFO_0006941	GCST90258643	Genome-wide genotyping array
2023-03-21	35876483	Luo J	2022-07-25	Connect Tissue Res	www.ncbi.nlm.nih.gov/pubmed/35876483	Genome-wide association study of handgrip strength in the Northern Chinese adult twins.	Hand grip strength	135 Northern Chinese ancestry dizygotic twin pairs	NA	14q32.31	14	102478381		TECPR2			ENSG00000196663			rs201347778-?	rs201347778	0	201347778	intron_variant	0	NR	2E-6	5.698970004336019				Illumina [7393353] (imputed)	N	grip strength measurement	http://www.ebi.ac.uk/efo/EFO_0006941	GCST90258643	Genome-wide genotyping array
2023-03-21	35876483	Luo J	2022-07-25	Connect Tissue Res	www.ncbi.nlm.nih.gov/pubmed/35876483	Genome-wide association study of handgrip strength in the Northern Chinese adult twins.	Hand grip strength	135 Northern Chinese ancestry dizygotic twin pairs	NA	2q32.1	2	183773356		CACYBPP2 - MIR548AE1	ENSG00000177855	ENSG00000266808		165237	605619	rs13387283-?	rs13387283	0	13387283	intergenic_variant	1	NR	2E-6	5.698970004336019				Illumina [7393353] (imputed)	N	grip strength measurement	http://www.ebi.ac.uk/efo/EFO_0006941	GCST90258643	Genome-wide genotyping array
2023-03-21	35876483	Luo J	2022-07-25	Connect Tissue Res	www.ncbi.nlm.nih.gov/pubmed/35876483	Genome-wide association study of handgrip strength in the Northern Chinese adult twins.	Hand grip strength	135 Northern Chinese ancestry dizygotic twin pairs	NA	13q14.11	13	43152940		DNAJC15 - LINC00400	ENSG00000120675	ENSG00000229928		38727	5691	rs2589312-?	rs2589312	0	2589312	intergenic_variant	1	NR	2E-6	5.698970004336019				Illumina [7393353] (imputed)	N	grip strength measurement	http://www.ebi.ac.uk/efo/EFO_0006941	GCST90258643	Genome-wide genotyping array
2023-03-21	35876483	Luo J	2022-07-25	Connect Tissue Res	www.ncbi.nlm.nih.gov/pubmed/35876483	Genome-wide association study of handgrip strength in the Northern Chinese adult twins.	Hand grip strength	135 Northern Chinese ancestry dizygotic twin pairs	NA	10p14	10	10100691		LINC02670 - ELOCP3	ENSG00000224788	ENSG00000229919		37189	73539	rs200106158-?	rs200106158	0	200106158	intron_variant	1	NR	2E-6	5.698970004336019				Illumina [7393353] (imputed)	N	grip strength measurement	http://www.ebi.ac.uk/efo/EFO_0006941	GCST90258643	Genome-wide genotyping array
2023-03-21	35876483	Luo J	2022-07-25	Connect Tissue Res	www.ncbi.nlm.nih.gov/pubmed/35876483	Genome-wide association study of handgrip strength in the Northern Chinese adult twins.	Hand grip strength	135 Northern Chinese ancestry dizygotic twin pairs	NA	10q26.2	10	126538306		C10orf90			ENSG00000154493			rs35113467-?	rs35113467	0	35113467	intron_variant	0	NR	2E-6	5.698970004336019				Illumina [7393353] (imputed)	N	grip strength measurement	http://www.ebi.ac.uk/efo/EFO_0006941	GCST90258643	Genome-wide genotyping array
2023-03-21	35876483	Luo J	2022-07-25	Connect Tissue Res	www.ncbi.nlm.nih.gov/pubmed/35876483	Genome-wide association study of handgrip strength in the Northern Chinese adult twins.	Hand grip strength	135 Northern Chinese ancestry dizygotic twin pairs	NA	10q24.32	10	102812519		WBP1L			ENSG00000166272			rs284861-?	rs284861	0	284861	intron_variant	0	NR	2E-6	5.698970004336019				Illumina [7393353] (imputed)	N	grip strength measurement	http://www.ebi.ac.uk/efo/EFO_0006941	GCST90258643	Genome-wide genotyping array
2023-03-21	35876483	Luo J	2022-07-25	Connect Tissue Res	www.ncbi.nlm.nih.gov/pubmed/35876483	Genome-wide association study of handgrip strength in the Northern Chinese adult twins.	Hand grip strength	135 Northern Chinese ancestry dizygotic twin pairs	NA	3p26.3	3	526052		CHL1 - LINC01266	ENSG00000134121	ENSG00000224957		116635	10010	rs62229809-?	rs62229809	0	62229809	non_coding_transcript_exon_variant	1	NR	4E-6	5.3979400086720375				Illumina [7393353] (imputed)	N	grip strength measurement	http://www.ebi.ac.uk/efo/EFO_0006941	GCST90258643	Genome-wide genotyping array
2024-03-07	35121771	Choe EK	2022-02-04	Sci Rep	www.ncbi.nlm.nih.gov/pubmed/35121771	Leveraging deep phenotyping from health check-up cohort with 10,000 Korean individuals for phenome-wide association study of 136 traits.	Skeletal muscle mass	9,630 Korean ancestry individuals	NA	2p23.3	2	27508073		GCKR			ENSG00000084734			rs1260326-C	rs1260326	0	1260326	missense_variant	0	0.44636	3E-7	6.522878745280337		0.229999	kg decrease	Affymetrix [6860342] (imputed)	N	muscle measurement	http://www.ebi.ac.uk/efo/EFO_0004515	GCST90104118	Genome-wide genotyping array
2024-03-07	35121771	Choe EK	2022-02-04	Sci Rep	www.ncbi.nlm.nih.gov/pubmed/35121771	Leveraging deep phenotyping from health check-up cohort with 10,000 Korean individuals for phenome-wide association study of 136 traits.	Skeletal muscle mass	9,630 Korean ancestry individuals	NA	3p25.1	3	13824134		WNT7A			ENSG00000154764			rs188007143-C	rs188007143	0	188007143	intron_variant	0	0.015266	1E-7	7.0		0.970316	kg decrease	Affymetrix [6860342] (imputed)	N	muscle measurement	http://www.ebi.ac.uk/efo/EFO_0004515	GCST90104118	Genome-wide genotyping array
2024-03-07	35121771	Choe EK	2022-02-04	Sci Rep	www.ncbi.nlm.nih.gov/pubmed/35121771	Leveraging deep phenotyping from health check-up cohort with 10,000 Korean individuals for phenome-wide association study of 136 traits.	Skeletal muscle mass	9,630 Korean ancestry individuals	NA	16q12.2	16	53806613		FTO			ENSG00000140718			rs12149574-G	rs12149574	0	12149574	intron_variant	0	0.133918	1E-7	7.0		0.352571	kg decrease	Affymetrix [6860342] (imputed)	N	muscle measurement	http://www.ebi.ac.uk/efo/EFO_0004515	GCST90104118	Genome-wide genotyping array
2026-04-22	34662886	Backman JD	2021-10-18	Nature	www.ncbi.nlm.nih.gov/pubmed/34662886	Exome sequencing and analysis of 454,787 UK Biobank participants.	Hand grip strength right (UKB data field 47)	429,337 European ancestry individuals	NA											chr15:44672240-T	chr15:44672240	0			1	1.0E-5	1E-11	11.0		1.506	[-1.943--1.069] unit decrease	Affymetrix, Illumina [546957]	N	grip strength measurement	http://www.ebi.ac.uk/efo/EFO_0006941	GCST90079219	Genome-wide genotyping array, Exome-wide sequencing [UK Biobank/UK BiLEVE Axiom Array]
2026-04-22	34662886	Backman JD	2021-10-18	Nature	www.ncbi.nlm.nih.gov/pubmed/34662886	Exome sequencing and analysis of 454,787 UK Biobank participants.	Hand grip strength right (UKB data field 47)	429,337 European ancestry individuals	NA											chr5:103003035-G	chr5:103003035	0			1	0.009	2E-16	15.698970004336019		0.063	[-0.078--0.048] unit decrease	Affymetrix, Illumina [546957]	N	grip strength measurement	http://www.ebi.ac.uk/efo/EFO_0006941	GCST90079219	Genome-wide genotyping array, Exome-wide sequencing [UK Biobank/UK BiLEVE Axiom Array]
2026-04-22	34662886	Backman JD	2021-10-18	Nature	www.ncbi.nlm.nih.gov/pubmed/34662886	Exome sequencing and analysis of 454,787 UK Biobank participants.	Hand grip strength left (UKB data field 46)	429,288 European ancestry individuals	NA											chr5:103003035-G	chr5:103003035	0			1	0.009	2E-12	11.698970004336019		0.054	[-0.069--0.039] unit decrease	Affymetrix, Illumina [546912]	N	grip strength measurement	http://www.ebi.ac.uk/efo/EFO_0006941	GCST90079216	Genome-wide genotyping array, Exome-wide sequencing [UK Biobank/UK BiLEVE Axiom Array]
2023-06-28	36856146	Attaway AH	2023-03-01	J Cachexia Sarcopenia Muscle	www.ncbi.nlm.nih.gov/pubmed/36856146	Gene polymorphisms associated with heterogeneity and senescence characteristics of sarcopenia in chronic obstructive pulmonary disease.	Hand grip strength in chronic obstructive pulmonary disease	32,426 European ancestry individuals	NA	13q12.11	13	20596530		IFT88			ENSG00000032742			rs4769122-G	rs4769122	0	4769122	intron_variant	0	NR	1E-7	7.0		0.685	[0.43-0.94] unit increase	Affymetrix [NR]	N	grip strength measurement	http://www.ebi.ac.uk/efo/EFO_0006941	GCST90271637	Genome-wide genotyping array
2023-06-28	36856146	Attaway AH	2023-03-01	J Cachexia Sarcopenia Muscle	www.ncbi.nlm.nih.gov/pubmed/36856146	Gene polymorphisms associated with heterogeneity and senescence characteristics of sarcopenia in chronic obstructive pulmonary disease.	Hand grip strength in chronic obstructive pulmonary disease	32,426 European ancestry individuals	NA	16q22.1	16	70479481		FCSK			ENSG00000157353			rs11075764-G	rs11075764	0	11075764	intron_variant	0	NR	2E-7	6.698970004336019		0.5	[0.31-0.69] unit decrease	Affymetrix [NR]	N	grip strength measurement	http://www.ebi.ac.uk/efo/EFO_0006941	GCST90271637	Genome-wide genotyping array
2023-06-28	36856146	Attaway AH	2023-03-01	J Cachexia Sarcopenia Muscle	www.ncbi.nlm.nih.gov/pubmed/36856146	Gene polymorphisms associated with heterogeneity and senescence characteristics of sarcopenia in chronic obstructive pulmonary disease.	Hand grip strength in chronic obstructive pulmonary disease	32,426 European ancestry individuals	NA	3p24.3	3	19933208		EFHB			ENSG00000163576			rs2929350-C	rs2929350	0	2929350	intron_variant	0	NR	7E-7	6.154901959985743		0.452	[0.27-0.63] unit increase	Affymetrix [NR]	N	grip strength measurement	http://www.ebi.ac.uk/efo/EFO_0006941	GCST90271637	Genome-wide genotyping array
2023-06-28	36856146	Attaway AH	2023-03-01	J Cachexia Sarcopenia Muscle	www.ncbi.nlm.nih.gov/pubmed/36856146	Gene polymorphisms associated with heterogeneity and senescence characteristics of sarcopenia in chronic obstructive pulmonary disease.	Hand grip strength in chronic obstructive pulmonary disease	32,426 European ancestry individuals	NA	2q37.1	2	233371012		DGKD			ENSG00000077044			rs758301829-C	rs758301829	0	758301829	intron_variant	0	NR	9E-7	6.045757490560675		0.58	[0.35-0.81] unit decrease	Affymetrix [NR]	N	grip strength measurement	http://www.ebi.ac.uk/efo/EFO_0006941	GCST90271637	Genome-wide genotyping array
2023-06-28	36856146	Attaway AH	2023-03-01	J Cachexia Sarcopenia Muscle	www.ncbi.nlm.nih.gov/pubmed/36856146	Gene polymorphisms associated with heterogeneity and senescence characteristics of sarcopenia in chronic obstructive pulmonary disease.	Sarcopenia in chronic obstructive pulmonary disease (fat-free mass index and hand-grip strength defined)	32,426 European ancestry individuals	NA	5q22.2	5	112232130		EPB41L4A			ENSG00000129595			rs10068315-A	rs10068315	0	10068315	intron_variant	0	NR	8E-7	6.096910013008056		1.228	[1.15-1.31] unit increase	Affymetrix [NR]	N	sarcopenia	http://www.ebi.ac.uk/efo/EFO_1000653	GCST90271639	Genome-wide genotyping array
2023-06-28	36856146	Attaway AH	2023-03-01	J Cachexia Sarcopenia Muscle	www.ncbi.nlm.nih.gov/pubmed/36856146	Gene polymorphisms associated with heterogeneity and senescence characteristics of sarcopenia in chronic obstructive pulmonary disease.	Sarcopenia in chronic obstructive pulmonary disease (fat-free mass index and hand-grip strength defined)	32,426 European ancestry individuals	NA	18q21.33	18	62629852		ZCCHC2 - RN7SL705P	ENSG00000141664	ENSG00000243549		42143	20456	rs5825493-CT	rs5825493	0	5825493	intergenic_variant	1	NR	2E-6	5.698970004336019		1.3	[0.22-2.38] unit increase	Affymetrix [NR]	N	sarcopenia	http://www.ebi.ac.uk/efo/EFO_1000653	GCST90271639	Genome-wide genotyping array
2023-06-28	36856146	Attaway AH	2023-03-01	J Cachexia Sarcopenia Muscle	www.ncbi.nlm.nih.gov/pubmed/36856146	Gene polymorphisms associated with heterogeneity and senescence characteristics of sarcopenia in chronic obstructive pulmonary disease.	Sarcopenia in chronic obstructive pulmonary disease (fat-free mass index and hand-grip strength defined)	32,426 European ancestry individuals	NA	5q35.2	5	175608033		SFXN1 - RN7SKP148	ENSG00000164466	ENSG00000222111		78291	20155	rs890706-T	rs890706	0	890706	intergenic_variant	1	NR	3E-6	5.522878745280337		0.817	[0.73-0.9] unit increase	Affymetrix [NR]	N	sarcopenia	http://www.ebi.ac.uk/efo/EFO_1000653	GCST90271639	Genome-wide genotyping array
2025-07-29	40374629	Schoeler T	2025-05-15	Nat Commun	www.ncbi.nlm.nih.gov/pubmed/40374629	Combining cross-sectional and longitudinal genomic approaches to identify determinants of cognitive and physical decline.	Hand grip strength (baseline)	404,112 European ancestry individuals	NA	6p21.33	6	31380620		ZDHHC20P2			ENSG00000223702			rs9266679-G	rs9266679	0	9266679	non_coding_transcript_exon_variant	0	0.273857	6E-12	11.221848749616356		0.0111755	[0.008-0.0144] unit increase	Affymetrix [9804480] (imputed)	N	grip strength measurement	http://www.ebi.ac.uk/efo/EFO_0006941	GCST90565845	Genome-wide genotyping array
2025-07-29	40374629	Schoeler T	2025-05-15	Nat Commun	www.ncbi.nlm.nih.gov/pubmed/40374629	Combining cross-sectional and longitudinal genomic approaches to identify determinants of cognitive and physical decline.	Hand grip strength (baseline)	404,112 European ancestry individuals	NA	6p21.33	6	31557671		NFKBIL1			ENSG00000204498			rs2230365-C	rs2230365	0	2230365	synonymous_variant	0	0.85947	1E-9	9.0		0.0125461	[0.0085-0.0166] unit increase	Affymetrix [9804480] (imputed)	N	grip strength measurement	http://www.ebi.ac.uk/efo/EFO_0006941	GCST90565845	Genome-wide genotyping array
2025-07-29	40374629	Schoeler T	2025-05-15	Nat Commun	www.ncbi.nlm.nih.gov/pubmed/40374629	Combining cross-sectional and longitudinal genomic approaches to identify determinants of cognitive and physical decline.	Hand grip strength (baseline)	404,112 European ancestry individuals	NA	6p21.33	6	31651875		BAG6			ENSG00000204463			rs805299-T	rs805299	0	805299	5_prime_UTR_variant	0	0.716607	1E-15	15.0		0.0126924	[0.0096-0.0158] unit increase	Affymetrix [9804480] (imputed)	N	grip strength measurement	http://www.ebi.ac.uk/efo/EFO_0006941	GCST90565845	Genome-wide genotyping array
2025-07-29	40374629	Schoeler T	2025-05-15	Nat Commun	www.ncbi.nlm.nih.gov/pubmed/40374629	Combining cross-sectional and longitudinal genomic approaches to identify determinants of cognitive and physical decline.	Hand grip strength (baseline)	404,112 European ancestry individuals	NA	6p21.33	6	31918153		C2			ENSG00000166278			rs3128759-C	rs3128759	0	3128759	intron_variant	0	0.388851	9E-19	18.045757490560675		0.0129326	[0.01-0.016] unit increase	Affymetrix [9804480] (imputed)	N	grip strength measurement	http://www.ebi.ac.uk/efo/EFO_0006941	GCST90565845	Genome-wide genotyping array
2025-07-29	40374629	Schoeler T	2025-05-15	Nat Commun	www.ncbi.nlm.nih.gov/pubmed/40374629	Combining cross-sectional and longitudinal genomic approaches to identify determinants of cognitive and physical decline.	Hand grip strength (baseline)	404,112 European ancestry individuals	NA	6p21.32	6	32170768		AGPAT1, PPT2-EGFL8			ENSG00000204310, ENSG00000258388			rs3130283-A	rs3130283	0	3130283	3_prime_UTR_variant	0	0.148351	2E-13	12.698970004336019		0.0147629	[0.011-0.019] unit increase	Affymetrix [9804480] (imputed)	N	grip strength measurement	http://www.ebi.ac.uk/efo/EFO_0006941	GCST90565845	Genome-wide genotyping array
2025-07-29	40374629	Schoeler T	2025-05-15	Nat Commun	www.ncbi.nlm.nih.gov/pubmed/40374629	Combining cross-sectional and longitudinal genomic approaches to identify determinants of cognitive and physical decline.	Hand grip strength (baseline)	404,112 European ancestry individuals	NA	6p21.32	6	32186934		PBX2			ENSG00000204304			rs41268932-A	rs41268932	0	41268932	intron_variant	0	0.942361	1E-9	9.0		0.0186423	[0.013-0.025] unit increase	Affymetrix [9804480] (imputed)	N	grip strength measurement	http://www.ebi.ac.uk/efo/EFO_0006941	GCST90565845	Genome-wide genotyping array
2025-07-29	40374629	Schoeler T	2025-05-15	Nat Commun	www.ncbi.nlm.nih.gov/pubmed/40374629	Combining cross-sectional and longitudinal genomic approaches to identify determinants of cognitive and physical decline.	Hand grip strength (baseline)	404,112 European ancestry individuals	NA	6p21.32	6	32244878		NOTCH4 - TSBP1-AS1	ENSG00000204301	ENSG00000225914		20767	9762	rs9267951-C	rs9267951	0	9267951	regulatory_region_variant	1	0.726071	8E-11	10.096910013008056		0.0104042	[0.0073-0.0135] unit increase	Affymetrix [9804480] (imputed)	N	grip strength measurement	http://www.ebi.ac.uk/efo/EFO_0006941	GCST90565845	Genome-wide genotyping array
2025-07-29	40374629	Schoeler T	2025-05-15	Nat Commun	www.ncbi.nlm.nih.gov/pubmed/40374629	Combining cross-sectional and longitudinal genomic approaches to identify determinants of cognitive and physical decline.	Hand grip strength (baseline)	404,112 European ancestry individuals	NA	6p21.32	6	32421735		TSBP1-AS1 - HLA-DRA	ENSG00000225914	ENSG00000204287		13972	18137	rs9268560-C	rs9268560	0	9268560	intron_variant	1	0.49031	6E-20	19.221848749616356		0.0130082	[0.01-0.016] unit increase	Affymetrix [9804480] (imputed)	N	grip strength measurement	http://www.ebi.ac.uk/efo/EFO_0006941	GCST90565845	Genome-wide genotyping array
2025-07-29	40374629	Schoeler T	2025-05-15	Nat Commun	www.ncbi.nlm.nih.gov/pubmed/40374629	Combining cross-sectional and longitudinal genomic approaches to identify determinants of cognitive and physical decline.	Hand grip strength (baseline)	404,112 European ancestry individuals	NA	6p21.32	6	32489473		HLA-DRB9 - HLA-DRB5	ENSG00000196301	ENSG00000198502		15973	27872	rs55723336-A	rs55723336	0	55723336	intron_variant	1	0.777382	2E-13	12.698970004336019		0.0147142	[0.011-0.019] unit increase	Affymetrix [9804480] (imputed)	N	grip strength measurement	http://www.ebi.ac.uk/efo/EFO_0006941	GCST90565845	Genome-wide genotyping array
2025-07-29	40374629	Schoeler T	2025-05-15	Nat Commun	www.ncbi.nlm.nih.gov/pubmed/40374629	Combining cross-sectional and longitudinal genomic approaches to identify determinants of cognitive and physical decline.	Hand grip strength (baseline)	404,112 European ancestry individuals	NA	6p21.32	6	32498396		HLA-DRB9 - HLA-DRB5	ENSG00000196301	ENSG00000198502		24896	18949	rs28890929-G	rs28890929	0	28890929	intron_variant	1	0.76642	6E-11	10.221848749616356		0.0135771	[0.0095-0.0176] unit increase	Affymetrix [9804480] (imputed)	N	grip strength measurement	http://www.ebi.ac.uk/efo/EFO_0006941	GCST90565845	Genome-wide genotyping array
2025-07-29	40374629	Schoeler T	2025-05-15	Nat Commun	www.ncbi.nlm.nih.gov/pubmed/40374629	Combining cross-sectional and longitudinal genomic approaches to identify determinants of cognitive and physical decline.	Hand grip strength (baseline)	404,112 European ancestry individuals	NA	6p21.32	6	32517927		HLA-DRB5			ENSG00000198502			rs559451013-T	rs559451013	0	559451013	intron_variant	0	0.827649	2E-11	10.698970004336019		0.0153028	[0.011-0.02] unit increase	Affymetrix [9804480] (imputed)	N	grip strength measurement	http://www.ebi.ac.uk/efo/EFO_0006941	GCST90565845	Genome-wide genotyping array
2025-07-29	40374629	Schoeler T	2025-05-15	Nat Commun	www.ncbi.nlm.nih.gov/pubmed/40374629	Combining cross-sectional and longitudinal genomic approaches to identify determinants of cognitive and physical decline.	Hand grip strength (baseline)	404,112 European ancestry individuals	NA	6p21.32	6	32518499		HLA-DRB5			ENSG00000198502			rs543783795-C	rs543783795	0	543783795	intron_variant	0	0.876871	1E-9	9.0		0.0161622	[0.011-0.021] unit increase	Affymetrix [9804480] (imputed)	N	grip strength measurement	http://www.ebi.ac.uk/efo/EFO_0006941	GCST90565845	Genome-wide genotyping array
2025-07-29	40374629	Schoeler T	2025-05-15	Nat Commun	www.ncbi.nlm.nih.gov/pubmed/40374629	Combining cross-sectional and longitudinal genomic approaches to identify determinants of cognitive and physical decline.	Hand grip strength (baseline)	404,112 European ancestry individuals	NA	6p21.32	6	32518587		HLA-DRB5			ENSG00000198502			rs199682224-G	rs199682224	0	199682224	synonymous_variant	0	0.924804	5E-11	10.301029995663981		0.0217273	[0.015-0.028] unit increase	Affymetrix [9804480] (imputed)	N	grip strength measurement	http://www.ebi.ac.uk/efo/EFO_0006941	GCST90565845	Genome-wide genotyping array
2025-07-29	40374629	Schoeler T	2025-05-15	Nat Commun	www.ncbi.nlm.nih.gov/pubmed/40374629	Combining cross-sectional and longitudinal genomic approaches to identify determinants of cognitive and physical decline.	Hand grip strength (baseline)	404,112 European ancestry individuals	NA	6p21.32	6	32518766		HLA-DRB5			ENSG00000198502			rs544068844-G	rs544068844	0	544068844	intron_variant	0	0.941609	3E-11	10.522878745280337		0.0250638	[0.018-0.032] unit increase	Affymetrix [9804480] (imputed)	N	grip strength measurement	http://www.ebi.ac.uk/efo/EFO_0006941	GCST90565845	Genome-wide genotyping array
2025-07-29	40374629	Schoeler T	2025-05-15	Nat Commun	www.ncbi.nlm.nih.gov/pubmed/40374629	Combining cross-sectional and longitudinal genomic approaches to identify determinants of cognitive and physical decline.	Hand grip strength (baseline)	404,112 European ancestry individuals	NA	6p21.32	6	32521902		HLA-DRB5			ENSG00000198502			rs117108573-C	rs117108573	0	117108573	splice_donor_region_variant	0	0.918456	2E-9	8.698970004336019		0.0167098	[0.011-0.022] unit increase	Affymetrix [9804480] (imputed)	N	grip strength measurement	http://www.ebi.ac.uk/efo/EFO_0006941	GCST90565845	Genome-wide genotyping array
2025-07-29	40374629	Schoeler T	2025-05-15	Nat Commun	www.ncbi.nlm.nih.gov/pubmed/40374629	Combining cross-sectional and longitudinal genomic approaches to identify determinants of cognitive and physical decline.	Hand grip strength (baseline)	404,112 European ancestry individuals	NA	6p21.32	6	32523955		HLA-DRB5			ENSG00000198502			rs113854881-A	rs113854881	0	113854881	intron_variant	0	0.906483	3E-10	9.522878745280337		0.0169235	[0.012-0.022] unit increase	Affymetrix [9804480] (imputed)	N	grip strength measurement	http://www.ebi.ac.uk/efo/EFO_0006941	GCST90565845	Genome-wide genotyping array
2025-07-29	40374629	Schoeler T	2025-05-15	Nat Commun	www.ncbi.nlm.nih.gov/pubmed/40374629	Combining cross-sectional and longitudinal genomic approaches to identify determinants of cognitive and physical decline.	Hand grip strength (baseline)	404,112 European ancestry individuals	NA	6p21.32	6	32555595		HLA-DRB6, HLA-DRB6			ENSG00000290878, ENSG00000229391			rs557315642-A	rs557315642	0	557315642	intron_variant	0	0.932843	5E-9	8.301029995663981		0.0205077	[0.014-0.027] unit increase	Affymetrix [9804480] (imputed)	N	grip strength measurement	http://www.ebi.ac.uk/efo/EFO_0006941	GCST90565845	Genome-wide genotyping array
2025-07-29	40374629	Schoeler T	2025-05-15	Nat Commun	www.ncbi.nlm.nih.gov/pubmed/40374629	Combining cross-sectional and longitudinal genomic approaches to identify determinants of cognitive and physical decline.	Hand grip strength (baseline)	404,112 European ancestry individuals	NA	6p21.32	6	32561641		HLA-DRB6 - HLA-DRB1	ENSG00000229391	ENSG00000196126		3455	16261	rs80024579-C	rs80024579	0	80024579	intergenic_variant	1	0.391095	4E-10	9.397940008672037		0.0108978	[0.0075-0.0143] unit increase	Affymetrix [9804480] (imputed)	N	grip strength measurement	http://www.ebi.ac.uk/efo/EFO_0006941	GCST90565845	Genome-wide genotyping array
2025-07-29	40374629	Schoeler T	2025-05-15	Nat Commun	www.ncbi.nlm.nih.gov/pubmed/40374629	Combining cross-sectional and longitudinal genomic approaches to identify determinants of cognitive and physical decline.	Hand grip strength (baseline)	404,112 European ancestry individuals	NA	6p21.32	6	32567677		HLA-DRB6 - HLA-DRB1	ENSG00000229391	ENSG00000196126		9491	10225	rs555911977-C	rs555911977	0	555911977	intron_variant	1	0.717246	3E-8	7.522878745280337		0.011044	[0.0072-0.0149] unit increase	Affymetrix [9804480] (imputed)	N	grip strength measurement	http://www.ebi.ac.uk/efo/EFO_0006941	GCST90565845	Genome-wide genotyping array
2025-07-29	40374629	Schoeler T	2025-05-15	Nat Commun	www.ncbi.nlm.nih.gov/pubmed/40374629	Combining cross-sectional and longitudinal genomic approaches to identify determinants of cognitive and physical decline.	Hand grip strength (baseline)	404,112 European ancestry individuals	NA	6p21.32	6	32576097		HLA-DRB6 - HLA-DRB1	ENSG00000229391	ENSG00000196126		17911	1805	rs575662827-T	rs575662827	0	575662827	intergenic_variant	1	0.89586	1E-11	11.0		0.0172864	[0.012-0.022] unit increase	Affymetrix [9804480] (imputed)	N	grip strength measurement	http://www.ebi.ac.uk/efo/EFO_0006941	GCST90565845	Genome-wide genotyping array
2025-07-29	40374629	Schoeler T	2025-05-15	Nat Commun	www.ncbi.nlm.nih.gov/pubmed/40374629	Combining cross-sectional and longitudinal genomic approaches to identify determinants of cognitive and physical decline.	Hand grip strength (baseline)	404,112 European ancestry individuals	NA	6p21.32	6	32587462		HLA-DRB1			ENSG00000196126			rs13207809-G	rs13207809	0	13207809	intron_variant	0	0.869338	2E-14	13.698970004336019		0.0175079	[0.013-0.022] unit increase	Affymetrix [9804480] (imputed)	N	grip strength measurement	http://www.ebi.ac.uk/efo/EFO_0006941	GCST90565845	Genome-wide genotyping array
2025-07-29	40374629	Schoeler T	2025-05-15	Nat Commun	www.ncbi.nlm.nih.gov/pubmed/40374629	Combining cross-sectional and longitudinal genomic approaches to identify determinants of cognitive and physical decline.	Hand grip strength (baseline)	404,112 European ancestry individuals	NA	6p21.32	6	32588684		HLA-DRB1			ENSG00000196126			rs145244672-T	rs145244672	0	145244672	intron_variant	0	0.87659	2E-10	9.698970004336019		0.0153227	[0.011-0.02] unit increase	Affymetrix [9804480] (imputed)	N	grip strength measurement	http://www.ebi.ac.uk/efo/EFO_0006941	GCST90565845	Genome-wide genotyping array
2025-07-29	40374629	Schoeler T	2025-05-15	Nat Commun	www.ncbi.nlm.nih.gov/pubmed/40374629	Combining cross-sectional and longitudinal genomic approaches to identify determinants of cognitive and physical decline.	Hand grip strength (baseline)	404,112 European ancestry individuals	NA	6p21.32	6	32589729		HLA-DRB1			ENSG00000196126			rs707953-T	rs707953	0	707953	missense_variant	0	0.484209	6E-11	10.221848749616356		0.011761	[0.0082-0.0153] unit increase	Affymetrix [9804480] (imputed)	N	grip strength measurement	http://www.ebi.ac.uk/efo/EFO_0006941	GCST90565845	Genome-wide genotyping array
2025-07-29	40374629	Schoeler T	2025-05-15	Nat Commun	www.ncbi.nlm.nih.gov/pubmed/40374629	Combining cross-sectional and longitudinal genomic approaches to identify determinants of cognitive and physical decline.	Hand grip strength (baseline)	404,112 European ancestry individuals	NA	6p21.32	6	32589844		HLA-DRB1			ENSG00000196126			rs201175797-T	rs201175797	0	201175797	5_prime_UTR_variant	0	0.8867	1E-8	8.0		0.0162938	[0.011-0.022] unit increase	Affymetrix [9804480] (imputed)	N	grip strength measurement	http://www.ebi.ac.uk/efo/EFO_0006941	GCST90565845	Genome-wide genotyping array
2025-07-29	40374629	Schoeler T	2025-05-15	Nat Commun	www.ncbi.nlm.nih.gov/pubmed/40374629	Combining cross-sectional and longitudinal genomic approaches to identify determinants of cognitive and physical decline.	Hand grip strength (baseline)	404,112 European ancestry individuals	NA	6p21.32	6	32594158		HLA-DRB1 - HLA-DQA1	ENSG00000196126	ENSG00000196735		4310	34021	rs188575117-A	rs188575117	0	188575117	intergenic_variant	1	0.826232	9E-16	15.045757490560675		0.0156649	[0.012-0.019] unit increase	Affymetrix [9804480] (imputed)	N	grip strength measurement	http://www.ebi.ac.uk/efo/EFO_0006941	GCST90565845	Genome-wide genotyping array
2025-07-29	40374629	Schoeler T	2025-05-15	Nat Commun	www.ncbi.nlm.nih.gov/pubmed/40374629	Combining cross-sectional and longitudinal genomic approaches to identify determinants of cognitive and physical decline.	Hand grip strength (baseline)	404,112 European ancestry individuals	NA	16p11.2	16	28857374		SH2B1			ENSG00000178188			rs62037364-G	rs62037364	0	62037364	intergenic_variant	0	0.592752	2E-9	8.698970004336019		0.00868703	[0.0058-0.0115] unit increase	Affymetrix [9804480] (imputed)	N	grip strength measurement	http://www.ebi.ac.uk/efo/EFO_0006941	GCST90565845	Genome-wide genotyping array
2025-07-29	40374629	Schoeler T	2025-05-15	Nat Commun	www.ncbi.nlm.nih.gov/pubmed/40374629	Combining cross-sectional and longitudinal genomic approaches to identify determinants of cognitive and physical decline.	Hand grip strength (baseline)	404,112 European ancestry individuals	NA	16p11.2	16	30037232		TLCD3B			ENSG00000149926			rs35467921-C	rs35467921	0	35467921	intergenic_variant	0	0.598318	4E-10	9.397940008672037		0.00909829	[0.0062-0.0119] unit decrease	Affymetrix [9804480] (imputed)	N	grip strength measurement	http://www.ebi.ac.uk/efo/EFO_0006941	GCST90565845	Genome-wide genotyping array
2025-07-29	40374629	Schoeler T	2025-05-15	Nat Commun	www.ncbi.nlm.nih.gov/pubmed/40374629	Combining cross-sectional and longitudinal genomic approaches to identify determinants of cognitive and physical decline.	Hand grip strength (baseline)	404,112 European ancestry individuals	NA	16p11.2	16	30781068		ZNF629			ENSG00000102870			rs35695082-T	rs35695082	0	35695082	3_prime_UTR_variant	0	0.8388	1E-8	8.0		0.0111137	[0.0073-0.0149] unit decrease	Affymetrix [9804480] (imputed)	N	grip strength measurement	http://www.ebi.ac.uk/efo/EFO_0006941	GCST90565845	Genome-wide genotyping array
2025-07-29	40374629	Schoeler T	2025-05-15	Nat Commun	www.ncbi.nlm.nih.gov/pubmed/40374629	Combining cross-sectional and longitudinal genomic approaches to identify determinants of cognitive and physical decline.	Hand grip strength (baseline)	404,112 European ancestry individuals	NA	16q12.2	16	53876349		FTO			ENSG00000140718			rs4784329-A	rs4784329	0	4784329	intron_variant	0	0.570247	1E-15	15.0		0.0115357	[0.0087-0.0144] unit increase	Affymetrix [9804480] (imputed)	N	grip strength measurement	http://www.ebi.ac.uk/efo/EFO_0006941	GCST90565845	Genome-wide genotyping array
2025-07-29	40374629	Schoeler T	2025-05-15	Nat Commun	www.ncbi.nlm.nih.gov/pubmed/40374629	Combining cross-sectional and longitudinal genomic approaches to identify determinants of cognitive and physical decline.	Hand grip strength (baseline)	404,112 European ancestry individuals	NA	16q22.1	16	69517564		CYB5B - NFAT5	ENSG00000103018	ENSG00000102908		51300	47530	rs8049669-A	rs8049669	0	8049669	intergenic_variant	1	0.430347	1E-11	11.0		0.00992384	[0.007-0.0128] unit decrease	Affymetrix [9804480] (imputed)	N	grip strength measurement	http://www.ebi.ac.uk/efo/EFO_0006941	GCST90565845	Genome-wide genotyping array
2025-07-29	40374629	Schoeler T	2025-05-15	Nat Commun	www.ncbi.nlm.nih.gov/pubmed/40374629	Combining cross-sectional and longitudinal genomic approaches to identify determinants of cognitive and physical decline.	Hand grip strength (baseline)	404,112 European ancestry individuals	NA	16q22.1	16	69862624		WWP2			ENSG00000198373			rs7196917-A	rs7196917	0	7196917	intron_variant	0	0.569199	3E-15	14.522878745280337		0.0113431	[0.0085-0.0142] unit increase	Affymetrix [9804480] (imputed)	N	grip strength measurement	http://www.ebi.ac.uk/efo/EFO_0006941	GCST90565845	Genome-wide genotyping array
2025-07-29	40374629	Schoeler T	2025-05-15	Nat Commun	www.ncbi.nlm.nih.gov/pubmed/40374629	Combining cross-sectional and longitudinal genomic approaches to identify determinants of cognitive and physical decline.	Hand grip strength (baseline)	404,112 European ancestry individuals	NA	16q22.1	16	69946983		WWP2 - CLEC18A	ENSG00000198373	ENSG00000157322		2430	3722	rs2650522-A	rs2650522	0	2650522	intergenic_variant	1	0.275664	9E-9	8.045757490560675		0.00927874	[0.0061-0.0124] unit increase	Affymetrix [9804480] (imputed)	N	grip strength measurement	http://www.ebi.ac.uk/efo/EFO_0006941	GCST90565845	Genome-wide genotyping array
2025-07-29	40374629	Schoeler T	2025-05-15	Nat Commun	www.ncbi.nlm.nih.gov/pubmed/40374629	Combining cross-sectional and longitudinal genomic approaches to identify determinants of cognitive and physical decline.	Hand grip strength (baseline)	404,112 European ancestry individuals	NA	16q22.2	16	72080103		HPR - TXNL4B	ENSG00000261701	ENSG00000140830		2857	4751	rs217181-C	rs217181	0	217181	intron_variant	1	0.805472	1E-10	10.0		0.0116436	[0.0081-0.0152] unit decrease	Affymetrix [9804480] (imputed)	N	grip strength measurement	http://www.ebi.ac.uk/efo/EFO_0006941	GCST90565845	Genome-wide genotyping array
2025-07-29	40374629	Schoeler T	2025-05-15	Nat Commun	www.ncbi.nlm.nih.gov/pubmed/40374629	Combining cross-sectional and longitudinal genomic approaches to identify determinants of cognitive and physical decline.	Hand grip strength (baseline)	404,112 European ancestry individuals	NA	16q24.3	16	89505000		SPG7			ENSG00000197912			rs4785683-G	rs4785683	0	4785683	intron_variant	0	0.451315	1E-9	9.0		0.00877412	[0.006-0.0116] unit increase	Affymetrix [9804480] (imputed)	N	grip strength measurement	http://www.ebi.ac.uk/efo/EFO_0006941	GCST90565845	Genome-wide genotyping array
2025-07-29	40374629	Schoeler T	2025-05-15	Nat Commun	www.ncbi.nlm.nih.gov/pubmed/40374629	Combining cross-sectional and longitudinal genomic approaches to identify determinants of cognitive and physical decline.	Hand grip strength (baseline)	404,112 European ancestry individuals	NA	17q11.2	17	29159655		MYO18A			ENSG00000196535			rs7214252-G	rs7214252	0	7214252	intron_variant	0	0.787285	1E-9	9.0		0.010659	[0.0072-0.0141] unit increase	Affymetrix [9804480] (imputed)	N	grip strength measurement	http://www.ebi.ac.uk/efo/EFO_0006941	GCST90565845	Genome-wide genotyping array
2025-07-29	40374629	Schoeler T	2025-05-15	Nat Commun	www.ncbi.nlm.nih.gov/pubmed/40374629	Combining cross-sectional and longitudinal genomic approaches to identify determinants of cognitive and physical decline.	Hand grip strength (baseline)	404,112 European ancestry individuals	NA	17q11.2	17	30879403		ATAD5			ENSG00000176208			rs6505216-G	rs6505216	0	6505216	intron_variant	0	0.766446	3E-10	9.522878745280337		0.0110563	[0.0076-0.0145] unit increase	Affymetrix [9804480] (imputed)	N	grip strength measurement	http://www.ebi.ac.uk/efo/EFO_0006941	GCST90565845	Genome-wide genotyping array
2025-07-29	40374629	Schoeler T	2025-05-15	Nat Commun	www.ncbi.nlm.nih.gov/pubmed/40374629	Combining cross-sectional and longitudinal genomic approaches to identify determinants of cognitive and physical decline.	Hand grip strength (baseline)	404,112 European ancestry individuals	NA	17q12	17	38688340		EPOP - MIR4734	ENSG00000273604	ENSG00000275238		13383	13922	rs12941165-G	rs12941165	0	12941165	intron_variant	1	0.609567	3E-9	8.522878745280337		0.00867249	[0.0058-0.0115] unit increase	Affymetrix [9804480] (imputed)	N	grip strength measurement	http://www.ebi.ac.uk/efo/EFO_0006941	GCST90565845	Genome-wide genotyping array
2025-07-29	40374629	Schoeler T	2025-05-15	Nat Commun	www.ncbi.nlm.nih.gov/pubmed/40374629	Combining cross-sectional and longitudinal genomic approaches to identify determinants of cognitive and physical decline.	Hand grip strength (baseline)	404,112 European ancestry individuals	NA	17q12	17	38736837		PCGF2			ENSG00000277258			rs111757224-A	rs111757224	0	111757224	intron_variant	0	0.576998	2E-9	8.698970004336019		0.00867048	[0.0058-0.0115] unit decrease	Affymetrix [9804480] (imputed)	N	grip strength measurement	http://www.ebi.ac.uk/efo/EFO_0006941	GCST90565845	Genome-wide genotyping array
2025-07-29	40374629	Schoeler T	2025-05-15	Nat Commun	www.ncbi.nlm.nih.gov/pubmed/40374629	Combining cross-sectional and longitudinal genomic approaches to identify determinants of cognitive and physical decline.	Hand grip strength (baseline)	404,112 European ancestry individuals	NA	17q12	17	38765943		PIP4K2B			ENSG00000276293			rs1043515-A	rs1043515	0	1043515	3_prime_UTR_variant	0	0.435579	2E-20	19.69897000433602		0.0132896	[0.01-0.016] unit decrease	Affymetrix [9804480] (imputed)	N	grip strength measurement	http://www.ebi.ac.uk/efo/EFO_0006941	GCST90565845	Genome-wide genotyping array
2025-07-29	40374629	Schoeler T	2025-05-15	Nat Commun	www.ncbi.nlm.nih.gov/pubmed/40374629	Combining cross-sectional and longitudinal genomic approaches to identify determinants of cognitive and physical decline.	Hand grip strength (baseline)	404,112 European ancestry individuals	NA	17q21.31	17	44620441		FZD2 - SMCO4P1	ENSG00000180340	ENSG00000267384		59179	24970	rs7502699-T	rs7502699	0	7502699	intergenic_variant	1	0.65613	3E-10	9.522878745280337		0.0094312	[0.0065-0.0124] unit decrease	Affymetrix [9804480] (imputed)	N	grip strength measurement	http://www.ebi.ac.uk/efo/EFO_0006941	GCST90565845	Genome-wide genotyping array
2025-07-29	40374629	Schoeler T	2025-05-15	Nat Commun	www.ncbi.nlm.nih.gov/pubmed/40374629	Combining cross-sectional and longitudinal genomic approaches to identify determinants of cognitive and physical decline.	Hand grip strength (baseline)	404,112 European ancestry individuals	NA	17q21.31	17	44934540		KIF18B			ENSG00000186185			rs755547-G	rs755547	0	755547	synonymous_variant	0	0.812217	1E-20	20.0		0.0170511	[0.013-0.021] unit decrease	Affymetrix [9804480] (imputed)	N	grip strength measurement	http://www.ebi.ac.uk/efo/EFO_0006941	GCST90565845	Genome-wide genotyping array
2025-07-29	40374629	Schoeler T	2025-05-15	Nat Commun	www.ncbi.nlm.nih.gov/pubmed/40374629	Combining cross-sectional and longitudinal genomic approaches to identify determinants of cognitive and physical decline.	Hand grip strength (baseline)	404,112 European ancestry individuals	NA	17q21.31	17	44980217		NMT1			ENSG00000136448			rs11871217-C	rs11871217	0	11871217	intron_variant	0	0.658498	6E-9	8.221848749616356		0.00880834	[0.0058-0.0118] unit increase	Affymetrix [9804480] (imputed)	N	grip strength measurement	http://www.ebi.ac.uk/efo/EFO_0006941	GCST90565845	Genome-wide genotyping array
2025-07-29	40374629	Schoeler T	2025-05-15	Nat Commun	www.ncbi.nlm.nih.gov/pubmed/40374629	Combining cross-sectional and longitudinal genomic approaches to identify determinants of cognitive and physical decline.	Hand grip strength (baseline)	404,112 European ancestry individuals	NA	17q21.31	17	45022256		NMT1			ENSG00000136448			rs62065782-C	rs62065782	0	62065782	intergenic_variant	0	0.797956	4E-13	12.397940008672037		0.0129078	[0.0094-0.0164] unit decrease	Affymetrix [9804480] (imputed)	N	grip strength measurement	http://www.ebi.ac.uk/efo/EFO_0006941	GCST90565845	Genome-wide genotyping array
2025-07-29	40374629	Schoeler T	2025-05-15	Nat Commun	www.ncbi.nlm.nih.gov/pubmed/40374629	Combining cross-sectional and longitudinal genomic approaches to identify determinants of cognitive and physical decline.	Hand grip strength (baseline)	404,112 European ancestry individuals	NA	17q21.31	17	45030840		NMT1, DCAKD			ENSG00000136448, ENSG00000172992			rs79811178-G	rs79811178	0	79811178	intron_variant	0	0.929214	2E-8	7.698970004336019		0.0157246	[0.01-0.021] unit increase	Affymetrix [9804480] (imputed)	N	grip strength measurement	http://www.ebi.ac.uk/efo/EFO_0006941	GCST90565845	Genome-wide genotyping array
2025-07-29	40374629	Schoeler T	2025-05-15	Nat Commun	www.ncbi.nlm.nih.gov/pubmed/40374629	Combining cross-sectional and longitudinal genomic approaches to identify determinants of cognitive and physical decline.	Hand grip strength (baseline)	404,112 European ancestry individuals	NA	17q21.31	17	45145925		ACBD4 - HEXIM1	ENSG00000181513	ENSG00000186834		1744	2550	rs9894577-G	rs9894577	0	9894577	intergenic_variant	1	0.683204	2E-13	12.698970004336019		0.011321	[0.0083-0.0143] unit increase	Affymetrix [9804480] (imputed)	N	grip strength measurement	http://www.ebi.ac.uk/efo/EFO_0006941	GCST90565845	Genome-wide genotyping array
2025-07-29	40374629	Schoeler T	2025-05-15	Nat Commun	www.ncbi.nlm.nih.gov/pubmed/40374629	Combining cross-sectional and longitudinal genomic approaches to identify determinants of cognitive and physical decline.	Hand grip strength (baseline)	404,112 European ancestry individuals	NA	17q21.31	17	45438480		PLEKHM1			ENSG00000225190			rs34363898-C	rs34363898	0	34363898	intron_variant	0	0.816757	1E-14	14.0		0.0142897	[0.011-0.018] unit increase	Affymetrix [9804480] (imputed)	N	grip strength measurement	http://www.ebi.ac.uk/efo/EFO_0006941	GCST90565845	Genome-wide genotyping array
2025-07-29	40374629	Schoeler T	2025-05-15	Nat Commun	www.ncbi.nlm.nih.gov/pubmed/40374629	Combining cross-sectional and longitudinal genomic approaches to identify determinants of cognitive and physical decline.	Hand grip strength (baseline)	404,112 European ancestry individuals	NA	17q21.31	17	45714733		LINC02210-CRHR1			ENSG00000263715			rs56406407-T	rs56406407	0	56406407	intron_variant	0	0.777512	3E-16	15.522878745280337		0.0140683	[0.011-0.017] unit increase	Affymetrix [9804480] (imputed)	N	grip strength measurement	http://www.ebi.ac.uk/efo/EFO_0006941	GCST90565845	Genome-wide genotyping array
2025-07-29	40374629	Schoeler T	2025-05-15	Nat Commun	www.ncbi.nlm.nih.gov/pubmed/40374629	Combining cross-sectional and longitudinal genomic approaches to identify determinants of cognitive and physical decline.	Hand grip strength (baseline)	404,112 European ancestry individuals	NA	17q21.31	17	45720994		LINC02210-CRHR1			ENSG00000263715			rs55938136-A	rs55938136	0	55938136	intron_variant	0	0.774033	2E-15	14.698970004336019		0.0135559	[0.01-0.017] unit increase	Affymetrix [9804480] (imputed)	N	grip strength measurement	http://www.ebi.ac.uk/efo/EFO_0006941	GCST90565845	Genome-wide genotyping array
2025-07-29	40374629	Schoeler T	2025-05-15	Nat Commun	www.ncbi.nlm.nih.gov/pubmed/40374629	Combining cross-sectional and longitudinal genomic approaches to identify determinants of cognitive and physical decline.	Hand grip strength (baseline)	404,112 European ancestry individuals	NA	17q21.31	17	45970957		MAPT			ENSG00000186868			rs62063298-G	rs62063298	0	62063298	intron_variant	0	0.776006	2E-15	14.698970004336019		0.0136105	[0.01-0.017] unit increase	Affymetrix [9804480] (imputed)	N	grip strength measurement	http://www.ebi.ac.uk/efo/EFO_0006941	GCST90565845	Genome-wide genotyping array
2025-07-29	40374629	Schoeler T	2025-05-15	Nat Commun	www.ncbi.nlm.nih.gov/pubmed/40374629	Combining cross-sectional and longitudinal genomic approaches to identify determinants of cognitive and physical decline.	Hand grip strength (baseline)	404,112 European ancestry individuals	NA	17q21.31	17	46252739		MAPK8IP1P1 - ARL17B	ENSG00000262500	ENSG00000228696		7695	21445	rs79641193-A	rs79641193	0	79641193	intron_variant	1	0.801951	4E-18	17.397940008672037		0.0161086	[0.012-0.02] unit increase	Affymetrix [9804480] (imputed)	N	grip strength measurement	http://www.ebi.ac.uk/efo/EFO_0006941	GCST90565845	Genome-wide genotyping array
2025-07-29	40374629	Schoeler T	2025-05-15	Nat Commun	www.ncbi.nlm.nih.gov/pubmed/40374629	Combining cross-sectional and longitudinal genomic approaches to identify determinants of cognitive and physical decline.	Hand grip strength (baseline)	404,112 European ancestry individuals	NA	12q12	12	43188590		LINC02461 - ADAMTS20	ENSG00000258331	ENSG00000173157		25480	164181	rs1514665-G	rs1514665	0	1514665	intergenic_variant	1	0.555682	1E-8	8.0		0.00827365	[0.0054-0.0111] unit decrease	Affymetrix [9804480] (imputed)	N	grip strength measurement	http://www.ebi.ac.uk/efo/EFO_0006941	GCST90565845	Genome-wide genotyping array
2025-07-29	40374629	Schoeler T	2025-05-15	Nat Commun	www.ncbi.nlm.nih.gov/pubmed/40374629	Combining cross-sectional and longitudinal genomic approaches to identify determinants of cognitive and physical decline.	Hand grip strength (baseline)	404,112 European ancestry individuals	NA	12q13.11	12	48018355		COL2A1 - SENP1	ENSG00000139219	ENSG00000079387		13666	21429	rs11168357-G	rs11168357	0	11168357	intron_variant	1	0.754145	6E-14	13.221848749616356		0.0124497	[0.0092-0.0157] unit increase	Affymetrix [9804480] (imputed)	N	grip strength measurement	http://www.ebi.ac.uk/efo/EFO_0006941	GCST90565845	Genome-wide genotyping array
2025-07-29	40374629	Schoeler T	2025-05-15	Nat Commun	www.ncbi.nlm.nih.gov/pubmed/40374629	Combining cross-sectional and longitudinal genomic approaches to identify determinants of cognitive and physical decline.	Hand grip strength (baseline)	404,112 European ancestry individuals	NA	12q13.11	12	48278523		OR10AD1 - H1-7	ENSG00000172640	ENSG00000187166		75231	50457	rs7297298-C	rs7297298	0	7297298	non_coding_transcript_exon_variant	1	0.784675	3E-9	8.522878745280337		0.0103257	[0.0069-0.0137] unit increase	Affymetrix [9804480] (imputed)	N	grip strength measurement	http://www.ebi.ac.uk/efo/EFO_0006941	GCST90565845	Genome-wide genotyping array
2025-07-29	40374629	Schoeler T	2025-05-15	Nat Commun	www.ncbi.nlm.nih.gov/pubmed/40374629	Combining cross-sectional and longitudinal genomic approaches to identify determinants of cognitive and physical decline.	Hand grip strength (baseline)	404,112 European ancestry individuals	NA	12q14.3	12	65966384		HMGA2 - MIR6074	ENSG00000149948	ENSG00000276878		93	57236	rs7970350-C	rs7970350	0	7970350	intergenic_variant	1	0.508048	7E-15	14.154901959985743		0.0111166	[0.0083-0.0139] unit increase	Affymetrix [9804480] (imputed)	N	grip strength measurement	http://www.ebi.ac.uk/efo/EFO_0006941	GCST90565845	Genome-wide genotyping array
2025-07-29	40374629	Schoeler T	2025-05-15	Nat Commun	www.ncbi.nlm.nih.gov/pubmed/40374629	Combining cross-sectional and longitudinal genomic approaches to identify determinants of cognitive and physical decline.	Hand grip strength (baseline)	404,112 European ancestry individuals	NA	12q21.2	12	79291446		SYT1			ENSG00000067715			rs7963801-T	rs7963801	0	7963801	intron_variant	0	0.432151	3E-12	11.522878745280337		0.0100882	[0.0073-0.0129] unit increase	Affymetrix [9804480] (imputed)	N	grip strength measurement	http://www.ebi.ac.uk/efo/EFO_0006941	GCST90565845	Genome-wide genotyping array
2025-07-29	40374629	Schoeler T	2025-05-15	Nat Commun	www.ncbi.nlm.nih.gov/pubmed/40374629	Combining cross-sectional and longitudinal genomic approaches to identify determinants of cognitive and physical decline.	Hand grip strength (baseline)	404,112 European ancestry individuals	NA	12q22	12	93714753		CRADD-AS1, CRADD			ENSG00000258274, ENSG00000169372			rs3741675-G	rs3741675	0	3741675	intron_variant	0	0.489496	4E-8	7.3979400086720375		0.00785188	[0.005-0.0107] unit increase	Affymetrix [9804480] (imputed)	N	grip strength measurement	http://www.ebi.ac.uk/efo/EFO_0006941	GCST90565845	Genome-wide genotyping array
2025-07-29	40374629	Schoeler T	2025-05-15	Nat Commun	www.ncbi.nlm.nih.gov/pubmed/40374629	Combining cross-sectional and longitudinal genomic approaches to identify determinants of cognitive and physical decline.	Hand grip strength (baseline)	404,112 European ancestry individuals	NA	12q24.21	12	114656455		OSTF1P1 - Y_RNA	ENSG00000258244	ENSG00000200544		67653	1494	rs11067228-A	rs11067228	0	11067228	regulatory_region_variant	1	0.550253	5E-9	8.301029995663981		0.00836154	[0.0056-0.0112] unit increase	Affymetrix [9804480] (imputed)	N	grip strength measurement	http://www.ebi.ac.uk/efo/EFO_0006941	GCST90565845	Genome-wide genotyping array
2025-07-29	40374629	Schoeler T	2025-05-15	Nat Commun	www.ncbi.nlm.nih.gov/pubmed/40374629	Combining cross-sectional and longitudinal genomic approaches to identify determinants of cognitive and physical decline.	Hand grip strength (baseline)	404,112 European ancestry individuals	NA	12q24.31	12	122961249		ABCB9			ENSG00000150967			rs11061016-G	rs11061016	0	11061016	intron_variant	0	0.965387	4E-9	8.397940008672037		0.0230525	[0.015-0.031] unit increase	Affymetrix [9804480] (imputed)	N	grip strength measurement	http://www.ebi.ac.uk/efo/EFO_0006941	GCST90565845	Genome-wide genotyping array
2025-07-29	40374629	Schoeler T	2025-05-15	Nat Commun	www.ncbi.nlm.nih.gov/pubmed/40374629	Combining cross-sectional and longitudinal genomic approaches to identify determinants of cognitive and physical decline.	Hand grip strength (baseline)	404,112 European ancestry individuals	NA	12q24.31	12	123213425		MPHOSPH9			ENSG00000051825			rs11057195-G	rs11057195	0	11057195	intron_variant	0	0.967941	2E-8	7.698970004336019		0.0227623	[0.015-0.031] unit increase	Affymetrix [9804480] (imputed)	N	grip strength measurement	http://www.ebi.ac.uk/efo/EFO_0006941	GCST90565845	Genome-wide genotyping array
2025-07-29	40374629	Schoeler T	2025-05-15	Nat Commun	www.ncbi.nlm.nih.gov/pubmed/40374629	Combining cross-sectional and longitudinal genomic approaches to identify determinants of cognitive and physical decline.	Hand grip strength (baseline)	404,112 European ancestry individuals	NA	12q24.31	12	123933342		DNAH10, DNAH10OS, CCDC92			ENSG00000197653, ENSG00000250091, ENSG00000119242			rs4930721-C	rs4930721	0	4930721	missense_variant	0	0.688661	6E-12	11.221848749616356		0.0105983	[0.0076-0.0136] unit increase	Affymetrix [9804480] (imputed)	N	grip strength measurement	http://www.ebi.ac.uk/efo/EFO_0006941	GCST90565845	Genome-wide genotyping array
2025-07-29	40374629	Schoeler T	2025-05-15	Nat Commun	www.ncbi.nlm.nih.gov/pubmed/40374629	Combining cross-sectional and longitudinal genomic approaches to identify determinants of cognitive and physical decline.	Hand grip strength (baseline)	404,112 European ancestry individuals	NA	13q14.2	13	50003051		TRIM13, DLEU2			ENSG00000204977, ENSG00000231607			rs2066544-C	rs2066544	0	2066544	intron_variant	0	0.50437	4E-9	8.397940008672037		0.00839664	[0.0056-0.0112] unit increase	Affymetrix [9804480] (imputed)	N	grip strength measurement	http://www.ebi.ac.uk/efo/EFO_0006941	GCST90565845	Genome-wide genotyping array
2025-07-29	40374629	Schoeler T	2025-05-15	Nat Commun	www.ncbi.nlm.nih.gov/pubmed/40374629	Combining cross-sectional and longitudinal genomic approaches to identify determinants of cognitive and physical decline.	Hand grip strength (baseline)	404,112 European ancestry individuals	NA	13q14.3	13	50344909		DLEU1			ENSG00000176124			rs1149851-C	rs1149851	0	1149851	intron_variant	0	0.477277	1E-12	12.0		0.0101099	[0.0073-0.0129] unit decrease	Affymetrix [9804480] (imputed)	N	grip strength measurement	http://www.ebi.ac.uk/efo/EFO_0006941	GCST90565845	Genome-wide genotyping array
2025-07-29	40374629	Schoeler T	2025-05-15	Nat Commun	www.ncbi.nlm.nih.gov/pubmed/40374629	Combining cross-sectional and longitudinal genomic approaches to identify determinants of cognitive and physical decline.	Hand grip strength (baseline)	404,112 European ancestry individuals	NA	13q14.3	13	50542765		DLEU1, DLEU7			ENSG00000176124, ENSG00000186047			rs3118914-G	rs3118914	0	3118914	intergenic_variant	0	0.784292	5E-26	25.30102999566398		0.0182491	[0.015-0.022] unit increase	Affymetrix [9804480] (imputed)	N	grip strength measurement	http://www.ebi.ac.uk/efo/EFO_0006941	GCST90565845	Genome-wide genotyping array
2025-07-29	40374629	Schoeler T	2025-05-15	Nat Commun	www.ncbi.nlm.nih.gov/pubmed/40374629	Combining cross-sectional and longitudinal genomic approaches to identify determinants of cognitive and physical decline.	Hand grip strength (baseline)	404,112 European ancestry individuals	NA	13q14.3	13	50562603		DLEU1, DLEU7			ENSG00000176124, ENSG00000186047			rs978332-C	rs978332	0	978332	intergenic_variant	0	0.278985	1E-10	10.0		0.010236	[0.0071-0.0133] unit increase	Affymetrix [9804480] (imputed)	N	grip strength measurement	http://www.ebi.ac.uk/efo/EFO_0006941	GCST90565845	Genome-wide genotyping array
2025-07-29	40374629	Schoeler T	2025-05-15	Nat Commun	www.ncbi.nlm.nih.gov/pubmed/40374629	Combining cross-sectional and longitudinal genomic approaches to identify determinants of cognitive and physical decline.	Hand grip strength (baseline)	404,112 European ancestry individuals	NA	13q14.3	13	50652818		DLEU7, DLEU1			ENSG00000186047, ENSG00000176124			rs797512-T	rs797512	0	797512	intergenic_variant	0	0.589111	2E-11	10.698970004336019		0.00976133	[0.0069-0.0126] unit increase	Affymetrix [9804480] (imputed)	N	grip strength measurement	http://www.ebi.ac.uk/efo/EFO_0006941	GCST90565845	Genome-wide genotyping array
2025-07-29	40374629	Schoeler T	2025-05-15	Nat Commun	www.ncbi.nlm.nih.gov/pubmed/40374629	Combining cross-sectional and longitudinal genomic approaches to identify determinants of cognitive and physical decline.	Hand grip strength (baseline)	404,112 European ancestry individuals	NA	14q11.2	14	21104681		ZNF219			ENSG00000165804			rs45486304-C	rs45486304	0	45486304	5_prime_UTR_variant	0	0.85961	6E-13	12.221848749616356		0.0147988	[0.011-0.019] unit increase	Affymetrix [9804480] (imputed)	N	grip strength measurement	http://www.ebi.ac.uk/efo/EFO_0006941	GCST90565845	Genome-wide genotyping array
2025-07-29	40374629	Schoeler T	2025-05-15	Nat Commun	www.ncbi.nlm.nih.gov/pubmed/40374629	Combining cross-sectional and longitudinal genomic approaches to identify determinants of cognitive and physical decline.	Hand grip strength (baseline)	404,112 European ancestry individuals	NA	14q13.3	14	36169016		PTCSC3, LINC00609			ENSG00000259104, ENSG00000257585			rs934075-G	rs934075	0	934075	intron_variant	0	0.317124	1E-11	11.0		0.0104082	[0.0074-0.0134] unit increase	Affymetrix [9804480] (imputed)	N	grip strength measurement	http://www.ebi.ac.uk/efo/EFO_0006941	GCST90565845	Genome-wide genotyping array
2025-07-29	40374629	Schoeler T	2025-05-15	Nat Commun	www.ncbi.nlm.nih.gov/pubmed/40374629	Combining cross-sectional and longitudinal genomic approaches to identify determinants of cognitive and physical decline.	Hand grip strength (baseline)	404,112 European ancestry individuals	NA	14q23.1	14	60437039		C14orf39			ENSG00000179008			rs1254319-G	rs1254319	0	1254319	missense_variant	0	0.706148	3E-10	9.522878745280337		0.00991802	[0.0068-0.013] unit decrease	Affymetrix [9804480] (imputed)	N	grip strength measurement	http://www.ebi.ac.uk/efo/EFO_0006941	GCST90565845	Genome-wide genotyping array
2025-07-29	40374629	Schoeler T	2025-05-15	Nat Commun	www.ncbi.nlm.nih.gov/pubmed/40374629	Combining cross-sectional and longitudinal genomic approaches to identify determinants of cognitive and physical decline.	Hand grip strength (baseline)	404,112 European ancestry individuals	NA	14q23.3	14	65043668		FNTB, MAX, CHURC1-FNTB			ENSG00000257365, ENSG00000125952, ENSG00000125954			rs12587257-A	rs12587257	0	12587257	intron_variant	0	0.484401	1E-8	8.0		0.0082109	[0.0054-0.011] unit increase	Affymetrix [9804480] (imputed)	N	grip strength measurement	http://www.ebi.ac.uk/efo/EFO_0006941	GCST90565845	Genome-wide genotyping array
2025-07-29	40374629	Schoeler T	2025-05-15	Nat Commun	www.ncbi.nlm.nih.gov/pubmed/40374629	Combining cross-sectional and longitudinal genomic approaches to identify determinants of cognitive and physical decline.	Hand grip strength (baseline)	404,112 European ancestry individuals	NA	14q24.3	14	74634190		LTBP2 - AREL1	ENSG00000119681	ENSG00000119682		21812	19247	rs7493528-C	rs7493528	0	7493528	intergenic_variant	1	0.530724	3E-8	7.522878745280337		0.00794295	[0.0051-0.0108] unit decrease	Affymetrix [9804480] (imputed)	N	grip strength measurement	http://www.ebi.ac.uk/efo/EFO_0006941	GCST90565845	Genome-wide genotyping array
2025-07-29	40374629	Schoeler T	2025-05-15	Nat Commun	www.ncbi.nlm.nih.gov/pubmed/40374629	Combining cross-sectional and longitudinal genomic approaches to identify determinants of cognitive and physical decline.	Hand grip strength (baseline)	404,112 European ancestry individuals	NA	14q24.3	14	74892523		DLST			ENSG00000119689			rs10146501-T	rs10146501	0	10146501	intron_variant	0	0.655307	6E-9	8.221848749616356		0.00894458	[0.0059-0.012] unit increase	Affymetrix [9804480] (imputed)	N	grip strength measurement	http://www.ebi.ac.uk/efo/EFO_0006941	GCST90565845	Genome-wide genotyping array
2025-07-29	40374629	Schoeler T	2025-05-15	Nat Commun	www.ncbi.nlm.nih.gov/pubmed/40374629	Combining cross-sectional and longitudinal genomic approaches to identify determinants of cognitive and physical decline.	Hand grip strength (baseline)	404,112 European ancestry individuals	NA	14q31.1	14	80131208		NRXN3 - DIO2	ENSG00000021645	ENSG00000211448		262917	66318	rs8012800-G	rs8012800	0	8012800	intergenic_variant	1	0.745417	8E-10	9.096910013008056		0.0100593	[0.0069-0.0133] unit decrease	Affymetrix [9804480] (imputed)	N	grip strength measurement	http://www.ebi.ac.uk/efo/EFO_0006941	GCST90565845	Genome-wide genotyping array
2025-07-29	40374629	Schoeler T	2025-05-15	Nat Commun	www.ncbi.nlm.nih.gov/pubmed/40374629	Combining cross-sectional and longitudinal genomic approaches to identify determinants of cognitive and physical decline.	Hand grip strength (baseline)	404,112 European ancestry individuals	NA	15q21.2	15	51236915		MIR4713HG, CYP19A1			ENSG00000259240, ENSG00000137869			rs700518-T	rs700518	0	700518	synonymous_variant	0	0.486959	1E-9	9.0		0.0086724	[0.0059-0.0115] unit decrease	Affymetrix [9804480] (imputed)	N	grip strength measurement	http://www.ebi.ac.uk/efo/EFO_0006941	GCST90565845	Genome-wide genotyping array
2025-07-29	40374629	Schoeler T	2025-05-15	Nat Commun	www.ncbi.nlm.nih.gov/pubmed/40374629	Combining cross-sectional and longitudinal genomic approaches to identify determinants of cognitive and physical decline.	Hand grip strength (baseline)	404,112 European ancestry individuals	NA	15q21.3	15	56725690		ZNF280D			ENSG00000137871			rs10518870-A	rs10518870	0	10518870	intron_variant	0	0.432717	1E-12	12.0		0.0102871	[0.0075-0.0131] unit decrease	Affymetrix [9804480] (imputed)	N	grip strength measurement	http://www.ebi.ac.uk/efo/EFO_0006941	GCST90565845	Genome-wide genotyping array
2025-07-29	40374629	Schoeler T	2025-05-15	Nat Commun	www.ncbi.nlm.nih.gov/pubmed/40374629	Combining cross-sectional and longitudinal genomic approaches to identify determinants of cognitive and physical decline.	Hand grip strength (baseline)	404,112 European ancestry individuals	NA	15q21.3	15	57008754		TCF12			ENSG00000140262			rs7496293-C	rs7496293	0	7496293	intron_variant	0	0.43483	2E-12	11.698970004336019		0.0101753	[0.0073-0.013] unit decrease	Affymetrix [9804480] (imputed)	N	grip strength measurement	http://www.ebi.ac.uk/efo/EFO_0006941	GCST90565845	Genome-wide genotyping array
2025-07-29	40374629	Schoeler T	2025-05-15	Nat Commun	www.ncbi.nlm.nih.gov/pubmed/40374629	Combining cross-sectional and longitudinal genomic approaches to identify determinants of cognitive and physical decline.	Hand grip strength (baseline)	404,112 European ancestry individuals	NA	9p24.2	9	4289050		GLIS3			ENSG00000107249			rs7034200-C	rs7034200	0	7034200	intron_variant	0	0.521055	2E-8	7.698970004336019		0.00806128	[0.0053-0.0109] unit decrease	Affymetrix [9804480] (imputed)	N	grip strength measurement	http://www.ebi.ac.uk/efo/EFO_0006941	GCST90565845	Genome-wide genotyping array
2025-07-29	40374629	Schoeler T	2025-05-15	Nat Commun	www.ncbi.nlm.nih.gov/pubmed/40374629	Combining cross-sectional and longitudinal genomic approaches to identify determinants of cognitive and physical decline.	Hand grip strength (baseline)	404,112 European ancestry individuals	NA	9p22.3	9	16430785		BNC2			ENSG00000173068			rs12005952-C	rs12005952	0	12005952	intron_variant	0	0.858882	1E-9	9.0		0.0124942	[0.0084-0.0165] unit decrease	Affymetrix [9804480] (imputed)	N	grip strength measurement	http://www.ebi.ac.uk/efo/EFO_0006941	GCST90565845	Genome-wide genotyping array
2025-07-29	40374629	Schoeler T	2025-05-15	Nat Commun	www.ncbi.nlm.nih.gov/pubmed/40374629	Combining cross-sectional and longitudinal genomic approaches to identify determinants of cognitive and physical decline.	Hand grip strength (baseline)	404,112 European ancestry individuals	NA	9p21.1	9	29874519		ME2P1 - LINC01242	ENSG00000230097	ENSG00000280683		47808	514416	rs78248557-T	rs78248557	0	78248557	intron_variant	1	0.987871	3E-8	7.522878745280337		0.0382	[0.025-0.052] unit decrease	Affymetrix [9804480] (imputed)	N	grip strength measurement	http://www.ebi.ac.uk/efo/EFO_0006941	GCST90565845	Genome-wide genotyping array
2025-07-29	40374629	Schoeler T	2025-05-15	Nat Commun	www.ncbi.nlm.nih.gov/pubmed/40374629	Combining cross-sectional and longitudinal genomic approaches to identify determinants of cognitive and physical decline.	Hand grip strength (baseline)	404,112 European ancestry individuals	NA	9q22.32	9	96322511		SLC35D2			ENSG00000130958			rs111821073-C	rs111821073	0	111821073	intron_variant	0	0.843067	1E-10	10.0		0.0127003	[0.0088-0.0166] unit decrease	Affymetrix [9804480] (imputed)	N	grip strength measurement	http://www.ebi.ac.uk/efo/EFO_0006941	GCST90565845	Genome-wide genotyping array
2025-07-29	40374629	Schoeler T	2025-05-15	Nat Commun	www.ncbi.nlm.nih.gov/pubmed/40374629	Combining cross-sectional and longitudinal genomic approaches to identify determinants of cognitive and physical decline.	Hand grip strength (baseline)	404,112 European ancestry individuals	NA	9q33.1	9	116040096		LINC00474 - PAPPA	ENSG00000204148	ENSG00000182752		114376	113695	rs116922558-A	rs116922558	0	116922558	intron_variant	1	0.959754	2E-9	8.698970004336019		0.0222721	[0.015-0.029] unit increase	Affymetrix [9804480] (imputed)	N	grip strength measurement	http://www.ebi.ac.uk/efo/EFO_0006941	GCST90565845	Genome-wide genotyping array
2025-07-29	40374629	Schoeler T	2025-05-15	Nat Commun	www.ncbi.nlm.nih.gov/pubmed/40374629	Combining cross-sectional and longitudinal genomic approaches to identify determinants of cognitive and physical decline.	Hand grip strength (baseline)	404,112 European ancestry individuals	NA	9q33.3	9	124863405		ARPC5L			ENSG00000136950			rs7850013-C	rs7850013	0	7850013	intron_variant	0	0.564836	3E-10	9.522878745280337		0.00908561	[0.0063-0.0119] unit decrease	Affymetrix [9804480] (imputed)	N	grip strength measurement	http://www.ebi.ac.uk/efo/EFO_0006941	GCST90565845	Genome-wide genotyping array
2025-07-29	40374629	Schoeler T	2025-05-15	Nat Commun	www.ncbi.nlm.nih.gov/pubmed/40374629	Combining cross-sectional and longitudinal genomic approaches to identify determinants of cognitive and physical decline.	Hand grip strength (baseline)	404,112 European ancestry individuals	NA	9q33.3	9	125170123		PPP6C			ENSG00000119414			rs7852933-G	rs7852933	0	7852933	intron_variant	0	0.686485	5E-8	7.301029995663981		0.00840144	[0.0054-0.0114] unit decrease	Affymetrix [9804480] (imputed)	N	grip strength measurement	http://www.ebi.ac.uk/efo/EFO_0006941	GCST90565845	Genome-wide genotyping array
2025-07-29	40374629	Schoeler T	2025-05-15	Nat Commun	www.ncbi.nlm.nih.gov/pubmed/40374629	Combining cross-sectional and longitudinal genomic approaches to identify determinants of cognitive and physical decline.	Hand grip strength (baseline)	404,112 European ancestry individuals	NA	9q34.11	9	129125837		PTPA			ENSG00000119383			rs10988217-A	rs10988217	0	10988217	intron_variant	0	0.3958	3E-10	9.522878745280337		0.00927447	[0.0064-0.0122] unit increase	Affymetrix [9804480] (imputed)	N	grip strength measurement	http://www.ebi.ac.uk/efo/EFO_0006941	GCST90565845	Genome-wide genotyping array
2025-07-29	40374629	Schoeler T	2025-05-15	Nat Commun	www.ncbi.nlm.nih.gov/pubmed/40374629	Combining cross-sectional and longitudinal genomic approaches to identify determinants of cognitive and physical decline.	Hand grip strength (baseline)	404,112 European ancestry individuals	NA	10q22.3	10	77889895		DLG5			ENSG00000151208			rs11002322-G	rs11002322	0	11002322	intron_variant	0	0.659707	1E-8	8.0		0.00865704	[0.0057-0.0116] unit increase	Affymetrix [9804480] (imputed)	N	grip strength measurement	http://www.ebi.ac.uk/efo/EFO_0006941	GCST90565845	Genome-wide genotyping array
2025-07-29	40374629	Schoeler T	2025-05-15	Nat Commun	www.ncbi.nlm.nih.gov/pubmed/40374629	Combining cross-sectional and longitudinal genomic approaches to identify determinants of cognitive and physical decline.	Hand grip strength (baseline)	404,112 European ancestry individuals	NA	10q24.1	10	97242022		ARHGAP19, ARHGAP19-SLIT1			ENSG00000213390, ENSG00000269891			rs11595634-A	rs11595634	0	11595634	intron_variant	0	0.585175	7E-15	14.154901959985743		0.0116692	[0.0087-0.0146] unit decrease	Affymetrix [9804480] (imputed)	N	grip strength measurement	http://www.ebi.ac.uk/efo/EFO_0006941	GCST90565845	Genome-wide genotyping array
2025-07-29	40374629	Schoeler T	2025-05-15	Nat Commun	www.ncbi.nlm.nih.gov/pubmed/40374629	Combining cross-sectional and longitudinal genomic approaches to identify determinants of cognitive and physical decline.	Hand grip strength (baseline)	404,112 European ancestry individuals	NA	10q24.32	10	101337699		RNU2-43P - BTRC	ENSG00000222238	ENSG00000166167		29981	16334	rs12098541-A	rs12098541	0	12098541	intron_variant	1	0.594116	4E-8	7.3979400086720375		0.00801741	[0.0052-0.0109] unit increase	Affymetrix [9804480] (imputed)	N	grip strength measurement	http://www.ebi.ac.uk/efo/EFO_0006941	GCST90565845	Genome-wide genotyping array
2025-07-29	40374629	Schoeler T	2025-05-15	Nat Commun	www.ncbi.nlm.nih.gov/pubmed/40374629	Combining cross-sectional and longitudinal genomic approaches to identify determinants of cognitive and physical decline.	Hand grip strength (baseline)	404,112 European ancestry individuals	NA	10q24.32	10	101734655		LINC03046 - FGF8	ENSG00000224817	ENSG00000107831		4514	35454	rs11191105-C	rs11191105	0	11191105	intergenic_variant	1	0.421058	2E-9	8.698970004336019		0.0086559	[0.0058-0.0115] unit decrease	Affymetrix [9804480] (imputed)	N	grip strength measurement	http://www.ebi.ac.uk/efo/EFO_0006941	GCST90565845	Genome-wide genotyping array
2025-07-29	40374629	Schoeler T	2025-05-15	Nat Commun	www.ncbi.nlm.nih.gov/pubmed/40374629	Combining cross-sectional and longitudinal genomic approaches to identify determinants of cognitive and physical decline.	Hand grip strength (baseline)	404,112 European ancestry individuals	NA	10q24.32	10	102078740		HPS6 - LDB1	ENSG00000166189	ENSG00000198728		10704	27749	rs11191208-G	rs11191208	0	11191208	intergenic_variant	1	0.793746	2E-8	7.698970004336019		0.00999675	[0.0065-0.0135] unit decrease	Affymetrix [9804480] (imputed)	N	grip strength measurement	http://www.ebi.ac.uk/efo/EFO_0006941	GCST90565845	Genome-wide genotyping array
2025-07-29	40374629	Schoeler T	2025-05-15	Nat Commun	www.ncbi.nlm.nih.gov/pubmed/40374629	Combining cross-sectional and longitudinal genomic approaches to identify determinants of cognitive and physical decline.	Hand grip strength (baseline)	404,112 European ancestry individuals	NA	10q24.32	10	102367414		GBF1			ENSG00000107862			rs2273555-G	rs2273555	0	2273555	intron_variant	0	0.392433	9E-14	13.045757490560675		0.0108882	[0.008-0.0137] unit decrease	Affymetrix [9804480] (imputed)	N	grip strength measurement	http://www.ebi.ac.uk/efo/EFO_0006941	GCST90565845	Genome-wide genotyping array
2025-07-29	40374629	Schoeler T	2025-05-15	Nat Commun	www.ncbi.nlm.nih.gov/pubmed/40374629	Combining cross-sectional and longitudinal genomic approaches to identify determinants of cognitive and physical decline.	Hand grip strength (baseline)	404,112 European ancestry individuals	NA	10q24.32	10	102477172		ACTR1A			ENSG00000138107			rs61873704-T	rs61873704	0	61873704	intergenic_variant	0	0.639075	1E-8	8.0		0.00845633	[0.0055-0.0114] unit increase	Affymetrix [9804480] (imputed)	N	grip strength measurement	http://www.ebi.ac.uk/efo/EFO_0006941	GCST90565845	Genome-wide genotyping array
2025-07-29	40374629	Schoeler T	2025-05-15	Nat Commun	www.ncbi.nlm.nih.gov/pubmed/40374629	Combining cross-sectional and longitudinal genomic approaches to identify determinants of cognitive and physical decline.	Hand grip strength (baseline)	404,112 European ancestry individuals	NA	10q24.32	10	102728114		SFXN2			ENSG00000156398			rs2265309-T	rs2265309	0	2265309	intron_variant	0	0.482463	6E-15	14.221848749616356		0.0111505	[0.0084-0.0139] unit increase	Affymetrix [9804480] (imputed)	N	grip strength measurement	http://www.ebi.ac.uk/efo/EFO_0006941	GCST90565845	Genome-wide genotyping array
2025-07-29	40374629	Schoeler T	2025-05-15	Nat Commun	www.ncbi.nlm.nih.gov/pubmed/40374629	Combining cross-sectional and longitudinal genomic approaches to identify determinants of cognitive and physical decline.	Hand grip strength (baseline)	404,112 European ancestry individuals	NA	10q24.32	10	102989968		CNNM2			ENSG00000148842			rs10883816-A	rs10883816	0	10883816	intron_variant	0	0.61407	8E-12	11.096910013008056		0.0100161	[0.0071-0.0129] unit decrease	Affymetrix [9804480] (imputed)	N	grip strength measurement	http://www.ebi.ac.uk/efo/EFO_0006941	GCST90565845	Genome-wide genotyping array
2025-07-29	40374629	Schoeler T	2025-05-15	Nat Commun	www.ncbi.nlm.nih.gov/pubmed/40374629	Combining cross-sectional and longitudinal genomic approaches to identify determinants of cognitive and physical decline.	Hand grip strength (baseline)	404,112 European ancestry individuals	NA	10q25.3	10	114378985		AFAP1L2			ENSG00000169129			rs4751671-G	rs4751671	0	4751671	intron_variant	0	0.469315	7E-9	8.154901959985743		0.00831471	[0.0055-0.0111] unit decrease	Affymetrix [9804480] (imputed)	N	grip strength measurement	http://www.ebi.ac.uk/efo/EFO_0006941	GCST90565845	Genome-wide genotyping array
2025-07-29	40374629	Schoeler T	2025-05-15	Nat Commun	www.ncbi.nlm.nih.gov/pubmed/40374629	Combining cross-sectional and longitudinal genomic approaches to identify determinants of cognitive and physical decline.	Hand grip strength (baseline)	404,112 European ancestry individuals	NA	10q26.11	10	119348388		GRK5			ENSG00000198873			rs11198893-G	rs11198893	0	11198893	intron_variant	0	0.905393	7E-9	8.154901959985743		0.01418	[0.0094-0.019] unit decrease	Affymetrix [9804480] (imputed)	N	grip strength measurement	http://www.ebi.ac.uk/efo/EFO_0006941	GCST90565845	Genome-wide genotyping array
2025-07-29	40374629	Schoeler T	2025-05-15	Nat Commun	www.ncbi.nlm.nih.gov/pubmed/40374629	Combining cross-sectional and longitudinal genomic approaches to identify determinants of cognitive and physical decline.	Hand grip strength (baseline)	404,112 European ancestry individuals	NA	10q26.3	10	129039010		LINC02667 - MGMT	ENSG00000224190	ENSG00000170430		122581	427669	rs374532236-C	rs374532236	0	374532236	intron_variant	1	0.621441	8E-32	31.096910013008056		0.0173352	[0.014-0.02] unit decrease	Affymetrix [9804480] (imputed)	N	grip strength measurement	http://www.ebi.ac.uk/efo/EFO_0006941	GCST90565845	Genome-wide genotyping array
2025-07-29	40374629	Schoeler T	2025-05-15	Nat Commun	www.ncbi.nlm.nih.gov/pubmed/40374629	Combining cross-sectional and longitudinal genomic approaches to identify determinants of cognitive and physical decline.	Hand grip strength (baseline)	404,112 European ancestry individuals	NA	11p15.5	11	2147784		IGF2-AS, INS-IGF2, IGF2			ENSG00000099869, ENSG00000129965, ENSG00000167244			rs10770125-A	rs10770125	0	10770125	missense_variant	0	0.521831	4E-9	8.397940008672037		0.00838434	[0.0056-0.0112] unit decrease	Affymetrix [9804480] (imputed)	N	grip strength measurement	http://www.ebi.ac.uk/efo/EFO_0006941	GCST90565845	Genome-wide genotyping array
2025-07-29	40374629	Schoeler T	2025-05-15	Nat Commun	www.ncbi.nlm.nih.gov/pubmed/40374629	Combining cross-sectional and longitudinal genomic approaches to identify determinants of cognitive and physical decline.	Hand grip strength (baseline)	404,112 European ancestry individuals	NA	11p15.3	11	12808206		TEAD1			ENSG00000187079			rs11022507-A	rs11022507	0	11022507	intron_variant	0	0.575698	9E-12	11.045757490560675		0.00988334	[0.007-0.0127] unit decrease	Affymetrix [9804480] (imputed)	N	grip strength measurement	http://www.ebi.ac.uk/efo/EFO_0006941	GCST90565845	Genome-wide genotyping array
2025-07-29	40374629	Schoeler T	2025-05-15	Nat Commun	www.ncbi.nlm.nih.gov/pubmed/40374629	Combining cross-sectional and longitudinal genomic approaches to identify determinants of cognitive and physical decline.	Hand grip strength (baseline)	404,112 European ancestry individuals	NA	11p11.2	11	47701988		AGBL2			ENSG00000165923			rs7117115-A	rs7117115	0	7117115	intron_variant	0	0.562137	1E-12	12.0		0.0103337	[0.0075-0.0132] unit decrease	Affymetrix [9804480] (imputed)	N	grip strength measurement	http://www.ebi.ac.uk/efo/EFO_0006941	GCST90565845	Genome-wide genotyping array
2025-07-29	40374629	Schoeler T	2025-05-15	Nat Commun	www.ncbi.nlm.nih.gov/pubmed/40374629	Combining cross-sectional and longitudinal genomic approaches to identify determinants of cognitive and physical decline.	Hand grip strength (baseline)	404,112 European ancestry individuals	NA	11p11.2	11	48180091		PTPRJ - OR4B1	ENSG00000149177	ENSG00000175619		9252	36719	rs72905558-A	rs72905558	0	72905558	intergenic_variant	1	0.847878	3E-8	7.522878745280337		0.011184	[0.0072-0.0151] unit increase	Affymetrix [9804480] (imputed)	N	grip strength measurement	http://www.ebi.ac.uk/efo/EFO_0006941	GCST90565845	Genome-wide genotyping array
2025-07-29	40374629	Schoeler T	2025-05-15	Nat Commun	www.ncbi.nlm.nih.gov/pubmed/40374629	Combining cross-sectional and longitudinal genomic approaches to identify determinants of cognitive and physical decline.	Hand grip strength (baseline)	404,112 European ancestry individuals	NA	11q13.2	11	66518906		BBS1			ENSG00000174483			rs1671065-T	rs1671065	0	1671065	intron_variant	0	0.400966	2E-8	7.698970004336019		0.00817066	[0.0053-0.011] unit decrease	Affymetrix [9804480] (imputed)	N	grip strength measurement	http://www.ebi.ac.uk/efo/EFO_0006941	GCST90565845	Genome-wide genotyping array
2025-07-29	40374629	Schoeler T	2025-05-15	Nat Commun	www.ncbi.nlm.nih.gov/pubmed/40374629	Combining cross-sectional and longitudinal genomic approaches to identify determinants of cognitive and physical decline.	Hand grip strength (baseline)	404,112 European ancestry individuals	NA	11q13.2	11	66604048		CCS			ENSG00000173992			rs35611839-A	rs35611839	0	35611839	intron_variant	0	0.49747	1E-10	10.0		0.01034	[0.0072-0.0135] unit increase	Affymetrix [9804480] (imputed)	N	grip strength measurement	http://www.ebi.ac.uk/efo/EFO_0006941	GCST90565845	Genome-wide genotyping array
2025-07-29	40374629	Schoeler T	2025-05-15	Nat Commun	www.ncbi.nlm.nih.gov/pubmed/40374629	Combining cross-sectional and longitudinal genomic approaches to identify determinants of cognitive and physical decline.	Hand grip strength (baseline)	404,112 European ancestry individuals	NA	11q13.2	11	66882056		PC			ENSG00000173599			rs35099456-G	rs35099456	0	35099456	intron_variant	0	0.936076	2E-21	20.69897000433602		0.0280142	[0.022-0.034] unit increase	Affymetrix [9804480] (imputed)	N	grip strength measurement	http://www.ebi.ac.uk/efo/EFO_0006941	GCST90565845	Genome-wide genotyping array
2025-07-29	40374629	Schoeler T	2025-05-15	Nat Commun	www.ncbi.nlm.nih.gov/pubmed/40374629	Combining cross-sectional and longitudinal genomic approaches to identify determinants of cognitive and physical decline.	Hand grip strength (baseline)	404,112 European ancestry individuals	NA	11q13.2	11	67063091		RHOD			ENSG00000173156			rs5006007-G	rs5006007	0	5006007	intron_variant	0	0.645154	8E-9	8.096910013008056		0.00858742	[0.0057-0.0115] unit increase	Affymetrix [9804480] (imputed)	N	grip strength measurement	http://www.ebi.ac.uk/efo/EFO_0006941	GCST90565845	Genome-wide genotyping array
2025-07-29	40374629	Schoeler T	2025-05-15	Nat Commun	www.ncbi.nlm.nih.gov/pubmed/40374629	Combining cross-sectional and longitudinal genomic approaches to identify determinants of cognitive and physical decline.	Hand grip strength (baseline)	404,112 European ancestry individuals	NA	11q13.2	11	67132148		KDM2A			ENSG00000173120			rs56088284-A	rs56088284	0	56088284	intron_variant	0	0.915646	2E-27	26.69897000433602		0.0279001	[0.023-0.033] unit increase	Affymetrix [9804480] (imputed)	N	grip strength measurement	http://www.ebi.ac.uk/efo/EFO_0006941	GCST90565845	Genome-wide genotyping array
2025-07-29	40374629	Schoeler T	2025-05-15	Nat Commun	www.ncbi.nlm.nih.gov/pubmed/40374629	Combining cross-sectional and longitudinal genomic approaches to identify determinants of cognitive and physical decline.	Hand grip strength (baseline)	404,112 European ancestry individuals	NA	11q13.2	11	67417254		PPP1CA, CARNS1			ENSG00000172531, ENSG00000172508			rs61734601-G	rs61734601	0	61734601	intron_variant	0	0.915773	4E-27	26.397940008672037		0.0276724	[0.023-0.033] unit increase	Affymetrix [9804480] (imputed)	N	grip strength measurement	http://www.ebi.ac.uk/efo/EFO_0006941	GCST90565845	Genome-wide genotyping array
2025-07-29	40374629	Schoeler T	2025-05-15	Nat Commun	www.ncbi.nlm.nih.gov/pubmed/40374629	Combining cross-sectional and longitudinal genomic approaches to identify determinants of cognitive and physical decline.	Hand grip strength (baseline)	404,112 European ancestry individuals	NA	11q13.2	11	67461675		CABP4			ENSG00000175544			rs546681598-G	rs546681598	0	546681598	3_prime_UTR_variant	0	0.982059	2E-10	9.698970004336019		0.0441705	[0.031-0.058] unit increase	Affymetrix [9804480] (imputed)	N	grip strength measurement	http://www.ebi.ac.uk/efo/EFO_0006941	GCST90565845	Genome-wide genotyping array
2025-07-29	40374629	Schoeler T	2025-05-15	Nat Commun	www.ncbi.nlm.nih.gov/pubmed/40374629	Combining cross-sectional and longitudinal genomic approaches to identify determinants of cognitive and physical decline.	Hand grip strength (baseline)	404,112 European ancestry individuals	NA	11q13.2	11	67673672		ALDH3B2			ENSG00000132746			rs35632190-G	rs35632190	0	35632190	intron_variant	0	0.943106	6E-9	8.221848749616356		0.0179587	[0.012-0.024] unit increase	Affymetrix [9804480] (imputed)	N	grip strength measurement	http://www.ebi.ac.uk/efo/EFO_0006941	GCST90565845	Genome-wide genotyping array
2025-07-29	40374629	Schoeler T	2025-05-15	Nat Commun	www.ncbi.nlm.nih.gov/pubmed/40374629	Combining cross-sectional and longitudinal genomic approaches to identify determinants of cognitive and physical decline.	Hand grip strength (baseline)	404,112 European ancestry individuals	NA	11q13.2	11	68455606		LRP5 - PPP6R3	ENSG00000162337	ENSG00000110075		6331	4869	rs3867143-A	rs3867143	0	3867143	intergenic_variant	1	0.843111	1E-8	8.0		0.0111335	[0.0073-0.015] unit increase	Affymetrix [9804480] (imputed)	N	grip strength measurement	http://www.ebi.ac.uk/efo/EFO_0006941	GCST90565845	Genome-wide genotyping array
2025-07-29	40374629	Schoeler T	2025-05-15	Nat Commun	www.ncbi.nlm.nih.gov/pubmed/40374629	Combining cross-sectional and longitudinal genomic approaches to identify determinants of cognitive and physical decline.	Hand grip strength (baseline)	404,112 European ancestry individuals	NA	11q13.4	11	74561839		POLD3			ENSG00000077514			rs76310549-C	rs76310549	0	76310549	intergenic_variant	0	0.904326	1E-13	13.0		0.018201	[0.013-0.023] unit increase	Affymetrix [9804480] (imputed)	N	grip strength measurement	http://www.ebi.ac.uk/efo/EFO_0006941	GCST90565845	Genome-wide genotyping array
2025-07-29	40374629	Schoeler T	2025-05-15	Nat Commun	www.ncbi.nlm.nih.gov/pubmed/40374629	Combining cross-sectional and longitudinal genomic approaches to identify determinants of cognitive and physical decline.	Hand grip strength (baseline)	404,112 European ancestry individuals	NA	11q13.4	11	74589396		POLD3			ENSG00000077514			rs72977282-T	rs72977282	0	72977282	intergenic_variant	0	0.586853	2E-27	26.69897000433602		0.015765	[0.013-0.019] unit increase	Affymetrix [9804480] (imputed)	N	grip strength measurement	http://www.ebi.ac.uk/efo/EFO_0006941	GCST90565845	Genome-wide genotyping array
2025-07-29	40374629	Schoeler T	2025-05-15	Nat Commun	www.ncbi.nlm.nih.gov/pubmed/40374629	Combining cross-sectional and longitudinal genomic approaches to identify determinants of cognitive and physical decline.	Hand grip strength (baseline)	404,112 European ancestry individuals	NA	11q13.4	11	74665647		POLD3			ENSG00000077514			rs11236202-A	rs11236202	0	11236202	intergenic_variant	0	0.8966	3E-19	18.522878745280337		0.0210556	[0.016-0.026] unit decrease	Affymetrix [9804480] (imputed)	N	grip strength measurement	http://www.ebi.ac.uk/efo/EFO_0006941	GCST90565845	Genome-wide genotyping array
2025-07-29	40374629	Schoeler T	2025-05-15	Nat Commun	www.ncbi.nlm.nih.gov/pubmed/40374629	Combining cross-sectional and longitudinal genomic approaches to identify determinants of cognitive and physical decline.	Hand grip strength (baseline)	404,112 European ancestry individuals	NA	11q13.4	11	74917698		XRRA1			ENSG00000166435			rs117042741-C	rs117042741	0	117042741	intron_variant	0	0.958532	5E-15	14.301029995663981		0.0281258	[0.021-0.035] unit decrease	Affymetrix [9804480] (imputed)	N	grip strength measurement	http://www.ebi.ac.uk/efo/EFO_0006941	GCST90565845	Genome-wide genotyping array
2025-07-29	40374629	Schoeler T	2025-05-15	Nat Commun	www.ncbi.nlm.nih.gov/pubmed/40374629	Combining cross-sectional and longitudinal genomic approaches to identify determinants of cognitive and physical decline.	Hand grip strength (baseline)	404,112 European ancestry individuals	NA	11q14.1	11	77671782		RSF1			ENSG00000048649			rs12792400-G	rs12792400	0	12792400	intron_variant	0	0.830985	6E-14	13.221848749616356		0.0143406	[0.011-0.018] unit decrease	Affymetrix [9804480] (imputed)	N	grip strength measurement	http://www.ebi.ac.uk/efo/EFO_0006941	GCST90565845	Genome-wide genotyping array
2025-07-29	40374629	Schoeler T	2025-05-15	Nat Commun	www.ncbi.nlm.nih.gov/pubmed/40374629	Combining cross-sectional and longitudinal genomic approaches to identify determinants of cognitive and physical decline.	Hand grip strength (baseline)	404,112 European ancestry individuals	NA	11q14.1	11	77957814		INTS4			ENSG00000149262			rs12786855-G	rs12786855	0	12786855	intron_variant	0	0.806008	1E-12	12.0		0.0128508	[0.0093-0.0164] unit decrease	Affymetrix [9804480] (imputed)	N	grip strength measurement	http://www.ebi.ac.uk/efo/EFO_0006941	GCST90565845	Genome-wide genotyping array
2025-07-29	40374629	Schoeler T	2025-05-15	Nat Commun	www.ncbi.nlm.nih.gov/pubmed/40374629	Combining cross-sectional and longitudinal genomic approaches to identify determinants of cognitive and physical decline.	Hand grip strength (baseline)	404,112 European ancestry individuals	NA	11q23.3	11	115931723		LINC02703			ENSG00000257067			rs367164-T	rs367164	0	367164	intron_variant	0	0.628144	1E-8	8.0		0.0084386	[0.0055-0.0113] unit decrease	Affymetrix [9804480] (imputed)	N	grip strength measurement	http://www.ebi.ac.uk/efo/EFO_0006941	GCST90565845	Genome-wide genotyping array
2025-07-29	40374629	Schoeler T	2025-05-15	Nat Commun	www.ncbi.nlm.nih.gov/pubmed/40374629	Combining cross-sectional and longitudinal genomic approaches to identify determinants of cognitive and physical decline.	Hand grip strength (baseline)	404,112 European ancestry individuals	NA	11q25	11	133922749		IGSF9B			ENSG00000080854			rs34845616-G	rs34845616	0	34845616	intron_variant	0	0.752145	1E-10	10.0		0.0106893	[0.0074-0.0139] unit decrease	Affymetrix [9804480] (imputed)	N	grip strength measurement	http://www.ebi.ac.uk/efo/EFO_0006941	GCST90565845	Genome-wide genotyping array
2025-07-29	40374629	Schoeler T	2025-05-15	Nat Commun	www.ncbi.nlm.nih.gov/pubmed/40374629	Combining cross-sectional and longitudinal genomic approaches to identify determinants of cognitive and physical decline.	Hand grip strength (baseline)	404,112 European ancestry individuals	NA	12p13.32	12	4275678		CCND2-AS1, CCND2			ENSG00000255920, ENSG00000118971			rs76895963-T	rs76895963	0	76895963	non_coding_transcript_exon_variant	0	0.979306	9E-13	12.045757490560675		0.0394634	[0.029-0.05] unit decrease	Affymetrix [9804480] (imputed)	N	grip strength measurement	http://www.ebi.ac.uk/efo/EFO_0006941	GCST90565845	Genome-wide genotyping array
2025-07-29	40374629	Schoeler T	2025-05-15	Nat Commun	www.ncbi.nlm.nih.gov/pubmed/40374629	Combining cross-sectional and longitudinal genomic approaches to identify determinants of cognitive and physical decline.	Hand grip strength (baseline)	404,112 European ancestry individuals	NA	12p12.3	12	14810406		SMCO3, C12orf60			ENSG00000179256, ENSG00000182993			rs17834491-T	rs17834491	0	17834491	intron_variant	0	0.796604	5E-8	7.301029995663981		0.00967589	[0.0062-0.0132] unit increase	Affymetrix [9804480] (imputed)	N	grip strength measurement	http://www.ebi.ac.uk/efo/EFO_0006941	GCST90565845	Genome-wide genotyping array
2025-07-29	40374629	Schoeler T	2025-05-15	Nat Commun	www.ncbi.nlm.nih.gov/pubmed/40374629	Combining cross-sectional and longitudinal genomic approaches to identify determinants of cognitive and physical decline.	Hand grip strength (baseline)	404,112 European ancestry individuals	NA	12p12.3	12	14892493		C12orf60			ENSG00000182993			rs4764131-T	rs4764131	0	4764131	intergenic_variant	0	0.619978	2E-32	31.69897000433602		0.0174092	[0.015-0.02] unit increase	Affymetrix [9804480] (imputed)	N	grip strength measurement	http://www.ebi.ac.uk/efo/EFO_0006941	GCST90565845	Genome-wide genotyping array
2025-07-29	40374629	Schoeler T	2025-05-15	Nat Commun	www.ncbi.nlm.nih.gov/pubmed/40374629	Combining cross-sectional and longitudinal genomic approaches to identify determinants of cognitive and physical decline.	Hand grip strength (baseline)	404,112 European ancestry individuals	NA	12p12.3	12	14956637		ARHGDIB			ENSG00000111348			rs918124-T	rs918124	0	918124	intron_variant	0	0.770348	2E-9	8.698970004336019		0.0102618	[0.0069-0.0136] unit increase	Affymetrix [9804480] (imputed)	N	grip strength measurement	http://www.ebi.ac.uk/efo/EFO_0006941	GCST90565845	Genome-wide genotyping array
2025-07-29	40374629	Schoeler T	2025-05-15	Nat Commun	www.ncbi.nlm.nih.gov/pubmed/40374629	Combining cross-sectional and longitudinal genomic approaches to identify determinants of cognitive and physical decline.	Hand grip strength (baseline)	404,112 European ancestry individuals	NA	12p12.1	12	23918814		SOX5			ENSG00000134532			rs7134283-G	rs7134283	0	7134283	intron_variant	0	0.716285	1E-11	11.0		0.0108102	[0.0077-0.0139] unit increase	Affymetrix [9804480] (imputed)	N	grip strength measurement	http://www.ebi.ac.uk/efo/EFO_0006941	GCST90565845	Genome-wide genotyping array
2025-07-29	40374629	Schoeler T	2025-05-15	Nat Commun	www.ncbi.nlm.nih.gov/pubmed/40374629	Combining cross-sectional and longitudinal genomic approaches to identify determinants of cognitive and physical decline.	Hand grip strength (baseline)	404,112 European ancestry individuals	NA	12p12.1	12	24033763		SOX5			ENSG00000134532			rs12823922-A	rs12823922	0	12823922	intron_variant	0	0.7761	2E-9	8.698970004336019		0.0103178	[0.007-0.0137] unit increase	Affymetrix [9804480] (imputed)	N	grip strength measurement	http://www.ebi.ac.uk/efo/EFO_0006941	GCST90565845	Genome-wide genotyping array
2025-07-29	40374629	Schoeler T	2025-05-15	Nat Commun	www.ncbi.nlm.nih.gov/pubmed/40374629	Combining cross-sectional and longitudinal genomic approaches to identify determinants of cognitive and physical decline.	Hand grip strength (baseline)	404,112 European ancestry individuals	NA	12p12.1	12	24047997		SOX5			ENSG00000134532			rs74757488-G	rs74757488	0	74757488	intron_variant	0	0.7813	1E-10	10.0		0.0110555	[0.0077-0.0144] unit decrease	Affymetrix [9804480] (imputed)	N	grip strength measurement	http://www.ebi.ac.uk/efo/EFO_0006941	GCST90565845	Genome-wide genotyping array
2025-07-29	40374629	Schoeler T	2025-05-15	Nat Commun	www.ncbi.nlm.nih.gov/pubmed/40374629	Combining cross-sectional and longitudinal genomic approaches to identify determinants of cognitive and physical decline.	Hand grip strength (baseline)	404,112 European ancestry individuals	NA	12p11.22	12	28193573		CCDC91			ENSG00000123106			rs11049426-A	rs11049426	0	11049426	intron_variant	0	0.697559	6E-9	8.221848749616356		0.00916783	[0.0061-0.0123] unit increase	Affymetrix [9804480] (imputed)	N	grip strength measurement	http://www.ebi.ac.uk/efo/EFO_0006941	GCST90565845	Genome-wide genotyping array
2025-07-29	40374629	Schoeler T	2025-05-15	Nat Commun	www.ncbi.nlm.nih.gov/pubmed/40374629	Combining cross-sectional and longitudinal genomic approaches to identify determinants of cognitive and physical decline.	Hand grip strength (baseline)	404,112 European ancestry individuals	NA	12p11.22	12	28447311		CCDC91			ENSG00000123106			rs11049611-C	rs11049611	0	11049611	intron_variant	0	0.690085	8E-9	8.096910013008056		0.00889965	[0.0059-0.0119] unit increase	Affymetrix [9804480] (imputed)	N	grip strength measurement	http://www.ebi.ac.uk/efo/EFO_0006941	GCST90565845	Genome-wide genotyping array
2025-07-29	40374629	Schoeler T	2025-05-15	Nat Commun	www.ncbi.nlm.nih.gov/pubmed/40374629	Combining cross-sectional and longitudinal genomic approaches to identify determinants of cognitive and physical decline.	Hand grip strength (baseline)	404,112 European ancestry individuals	NA	15q21.3	15	57261476		TCF12			ENSG00000140262			rs5014892-C	rs5014892	0	5014892	intron_variant	0	0.454053	9E-9	8.045757490560675		0.008217	[0.0054-0.011] unit decrease	Affymetrix [9804480] (imputed)	N	grip strength measurement	http://www.ebi.ac.uk/efo/EFO_0006941	GCST90565845	Genome-wide genotyping array
2025-07-29	40374629	Schoeler T	2025-05-15	Nat Commun	www.ncbi.nlm.nih.gov/pubmed/40374629	Combining cross-sectional and longitudinal genomic approaches to identify determinants of cognitive and physical decline.	Hand grip strength (baseline)	404,112 European ancestry individuals	NA	15q21.3	15	58044020		ALDH1A2			ENSG00000128918			rs4238327-C	rs4238327	0	4238327	intron_variant	0	0.543922	1E-11	11.0		0.00965515	[0.0069-0.0125] unit increase	Affymetrix [9804480] (imputed)	N	grip strength measurement	http://www.ebi.ac.uk/efo/EFO_0006941	GCST90565845	Genome-wide genotyping array
2025-07-29	40374629	Schoeler T	2025-05-15	Nat Commun	www.ncbi.nlm.nih.gov/pubmed/40374629	Combining cross-sectional and longitudinal genomic approaches to identify determinants of cognitive and physical decline.	Hand grip strength (baseline)	404,112 European ancestry individuals	NA	15q24.1	15	73822428		INSYN1-AS1 - TBC1D21	ENSG00000260469	ENSG00000167139		51815	51136	rs2061803-G	rs2061803	0	2061803	intergenic_variant	1	0.331583	1E-9	9.0		0.00924538	[0.0063-0.0122] unit increase	Affymetrix [9804480] (imputed)	N	grip strength measurement	http://www.ebi.ac.uk/efo/EFO_0006941	GCST90565845	Genome-wide genotyping array
2025-07-29	40374629	Schoeler T	2025-05-15	Nat Commun	www.ncbi.nlm.nih.gov/pubmed/40374629	Combining cross-sectional and longitudinal genomic approaches to identify determinants of cognitive and physical decline.	Hand grip strength (baseline)	404,112 European ancestry individuals	NA	15q24.1	15	73927205		LOXL1, LOXL1-AS1			ENSG00000129038, ENSG00000261801			rs1048661-G	rs1048661	0	1048661	missense_variant	0	0.660987	2E-15	14.698970004336019		0.0119739	[0.009-0.0149] unit decrease	Affymetrix [9804480] (imputed)	N	grip strength measurement	http://www.ebi.ac.uk/efo/EFO_0006941	GCST90565845	Genome-wide genotyping array
2025-07-29	40374629	Schoeler T	2025-05-15	Nat Commun	www.ncbi.nlm.nih.gov/pubmed/40374629	Combining cross-sectional and longitudinal genomic approaches to identify determinants of cognitive and physical decline.	Hand grip strength (baseline)	404,112 European ancestry individuals	NA	15q24.1	15	73930777		LOXL1			ENSG00000129038			rs62004866-C	rs62004866	0	62004866	intron_variant	0	0.886884	3E-18	17.522878745280337		0.0198407	[0.015-0.024] unit increase	Affymetrix [9804480] (imputed)	N	grip strength measurement	http://www.ebi.ac.uk/efo/EFO_0006941	GCST90565845	Genome-wide genotyping array
2025-07-29	40374629	Schoeler T	2025-05-15	Nat Commun	www.ncbi.nlm.nih.gov/pubmed/40374629	Combining cross-sectional and longitudinal genomic approaches to identify determinants of cognitive and physical decline.	Hand grip strength (baseline)	404,112 European ancestry individuals	NA	15q24.1	15	74044292		PML			ENSG00000140464			rs5742915-T	rs5742915	0	5742915	missense_variant	0	0.538173	1E-16	16.0		0.0118783	[0.0091-0.0147] unit decrease	Affymetrix [9804480] (imputed)	N	grip strength measurement	http://www.ebi.ac.uk/efo/EFO_0006941	GCST90565845	Genome-wide genotyping array
2025-07-29	40374629	Schoeler T	2025-05-15	Nat Commun	www.ncbi.nlm.nih.gov/pubmed/40374629	Combining cross-sectional and longitudinal genomic approaches to identify determinants of cognitive and physical decline.	Hand grip strength (baseline)	404,112 European ancestry individuals	NA	15q24.1	15	74064618		DNM1P33 - GOLGA6A	ENSG00000260096	ENSG00000159289		833	5239	rs554411046-T	rs554411046	0	554411046	non_coding_transcript_exon_variant	1	0.894106	2E-8	7.698970004336019		0.0159963	[0.01-0.022] unit increase	Affymetrix [9804480] (imputed)	N	grip strength measurement	http://www.ebi.ac.uk/efo/EFO_0006941	GCST90565845	Genome-wide genotyping array
2025-07-29	40374629	Schoeler T	2025-05-15	Nat Commun	www.ncbi.nlm.nih.gov/pubmed/40374629	Combining cross-sectional and longitudinal genomic approaches to identify determinants of cognitive and physical decline.	Hand grip strength (baseline)	404,112 European ancestry individuals	NA	15q24.1	15	74179858		STRA6			ENSG00000137868			rs10910-C	rs10910	0	10910	3_prime_UTR_variant	0	0.311452	1E-10	10.0		0.00993709	[0.0069-0.013] unit decrease	Affymetrix [9804480] (imputed)	N	grip strength measurement	http://www.ebi.ac.uk/efo/EFO_0006941	GCST90565845	Genome-wide genotyping array
2025-07-29	40374629	Schoeler T	2025-05-15	Nat Commun	www.ncbi.nlm.nih.gov/pubmed/40374629	Combining cross-sectional and longitudinal genomic approaches to identify determinants of cognitive and physical decline.	Hand grip strength (baseline)	404,112 European ancestry individuals	NA	15q24.2	15	75522047		PTPN9			ENSG00000169410			rs6495182-C	rs6495182	0	6495182	intron_variant	0	0.75264	3E-9	8.522878745280337		0.00982513	[0.0066-0.0131] unit decrease	Affymetrix [9804480] (imputed)	N	grip strength measurement	http://www.ebi.ac.uk/efo/EFO_0006941	GCST90565845	Genome-wide genotyping array
2025-07-29	40374629	Schoeler T	2025-05-15	Nat Commun	www.ncbi.nlm.nih.gov/pubmed/40374629	Combining cross-sectional and longitudinal genomic approaches to identify determinants of cognitive and physical decline.	Hand grip strength (baseline)	404,112 European ancestry individuals	NA	15q24.3	15	77098528		TSPAN3 - PEAK1	ENSG00000140391	ENSG00000173517		14544	2128	rs17466480-A	rs17466480	0	17466480	intergenic_variant	1	0.612137	1E-12	12.0		0.0104088	[0.0075-0.0133] unit increase	Affymetrix [9804480] (imputed)	N	grip strength measurement	http://www.ebi.ac.uk/efo/EFO_0006941	GCST90565845	Genome-wide genotyping array
2025-07-29	40374629	Schoeler T	2025-05-15	Nat Commun	www.ncbi.nlm.nih.gov/pubmed/40374629	Combining cross-sectional and longitudinal genomic approaches to identify determinants of cognitive and physical decline.	Hand grip strength (baseline)	404,112 European ancestry individuals	NA	15q24.3	15	77446340		HMG20A			ENSG00000140382			rs17471252-A	rs17471252	0	17471252	intron_variant	0	0.611908	2E-11	10.698970004336019		0.00977007	[0.0069-0.0126] unit increase	Affymetrix [9804480] (imputed)	N	grip strength measurement	http://www.ebi.ac.uk/efo/EFO_0006941	GCST90565845	Genome-wide genotyping array
2025-07-29	40374629	Schoeler T	2025-05-15	Nat Commun	www.ncbi.nlm.nih.gov/pubmed/40374629	Combining cross-sectional and longitudinal genomic approaches to identify determinants of cognitive and physical decline.	Hand grip strength (baseline)	404,112 European ancestry individuals	NA	15q24.3	15	77654914		LINGO1			ENSG00000169783			rs34268901-C	rs34268901	0	34268901	intron_variant	0	0.903054	3E-8	7.522878745280337		0.0133753	[0.0086-0.0181] unit increase	Affymetrix [9804480] (imputed)	N	grip strength measurement	http://www.ebi.ac.uk/efo/EFO_0006941	GCST90565845	Genome-wide genotyping array
2025-07-29	40374629	Schoeler T	2025-05-15	Nat Commun	www.ncbi.nlm.nih.gov/pubmed/40374629	Combining cross-sectional and longitudinal genomic approaches to identify determinants of cognitive and physical decline.	Hand grip strength (baseline)	404,112 European ancestry individuals	NA	15q24.3	15	77836691		LINGO1 - CSPG4P13	ENSG00000169783	ENSG00000260139		15791	57993	rs11853098-C	rs11853098	0	11853098	non_coding_transcript_exon_variant	1	0.710918	2E-9	8.698970004336019		0.00944734	[0.0064-0.0125] unit decrease	Affymetrix [9804480] (imputed)	N	grip strength measurement	http://www.ebi.ac.uk/efo/EFO_0006941	GCST90565845	Genome-wide genotyping array
2025-07-29	40374629	Schoeler T	2025-05-15	Nat Commun	www.ncbi.nlm.nih.gov/pubmed/40374629	Combining cross-sectional and longitudinal genomic approaches to identify determinants of cognitive and physical decline.	Hand grip strength (baseline)	404,112 European ancestry individuals	NA	15q24.3	15	77861056		LINGO1 - CSPG4P13	ENSG00000169783	ENSG00000260139		40156	33628	rs28623350-G	rs28623350	0	28623350	intergenic_variant	1	0.84428	3E-8	7.522878745280337		0.0113644	[0.0073-0.0154] unit increase	Affymetrix [9804480] (imputed)	N	grip strength measurement	http://www.ebi.ac.uk/efo/EFO_0006941	GCST90565845	Genome-wide genotyping array
2025-07-29	40374629	Schoeler T	2025-05-15	Nat Commun	www.ncbi.nlm.nih.gov/pubmed/40374629	Combining cross-sectional and longitudinal genomic approaches to identify determinants of cognitive and physical decline.	Hand grip strength (baseline)	404,112 European ancestry individuals	NA	15q25.1	15	80695334		ABHD17C			ENSG00000136379			rs117959127-G	rs117959127	0	117959127	5_prime_UTR_variant	0	0.703059	5E-8	7.301029995663981		0.00853707	[0.0055-0.0116] unit decrease	Affymetrix [9804480] (imputed)	N	grip strength measurement	http://www.ebi.ac.uk/efo/EFO_0006941	GCST90565845	Genome-wide genotyping array
2025-07-29	40374629	Schoeler T	2025-05-15	Nat Commun	www.ncbi.nlm.nih.gov/pubmed/40374629	Combining cross-sectional and longitudinal genomic approaches to identify determinants of cognitive and physical decline.	Hand grip strength (baseline)	404,112 European ancestry individuals	NA	15q26.2	15	96344048		SCDAL			ENSG00000275322			rs12914702-G	rs12914702	0	12914702	intron_variant	0	0.698636	1E-9	9.0		0.00989858	[0.0067-0.0131] unit decrease	Affymetrix [9804480] (imputed)	N	grip strength measurement	http://www.ebi.ac.uk/efo/EFO_0006941	GCST90565845	Genome-wide genotyping array
2025-07-29	40374629	Schoeler T	2025-05-15	Nat Commun	www.ncbi.nlm.nih.gov/pubmed/40374629	Combining cross-sectional and longitudinal genomic approaches to identify determinants of cognitive and physical decline.	Hand grip strength (baseline)	404,112 European ancestry individuals	NA	15q26.3	15	98637015		IRAIN			ENSG00000259424			rs12917566-G	rs12917566	0	12917566	intron_variant	0	0.694124	1E-15	15.0		0.0124377	[0.0094-0.0155] unit decrease	Affymetrix [9804480] (imputed)	N	grip strength measurement	http://www.ebi.ac.uk/efo/EFO_0006941	GCST90565845	Genome-wide genotyping array
2025-07-29	40374629	Schoeler T	2025-05-15	Nat Commun	www.ncbi.nlm.nih.gov/pubmed/40374629	Combining cross-sectional and longitudinal genomic approaches to identify determinants of cognitive and physical decline.	Hand grip strength (baseline)	404,112 European ancestry individuals	NA	15q26.3	15	98651667		IGF1R			ENSG00000140443			rs2871865-C	rs2871865	0	2871865	intron_variant	0	0.884497	1E-22	22.0		0.0218264	[0.017-0.026] unit increase	Affymetrix [9804480] (imputed)	N	grip strength measurement	http://www.ebi.ac.uk/efo/EFO_0006941	GCST90565845	Genome-wide genotyping array
2025-07-29	40374629	Schoeler T	2025-05-15	Nat Commun	www.ncbi.nlm.nih.gov/pubmed/40374629	Combining cross-sectional and longitudinal genomic approaches to identify determinants of cognitive and physical decline.	Hand grip strength (baseline)	404,112 European ancestry individuals	NA	15q26.3	15	98660941		IGF1R			ENSG00000140443			rs146465276-C	rs146465276	0	146465276	intron_variant	0	0.983383	7E-10	9.154901959985743		0.0346712	[0.024-0.046] unit increase	Affymetrix [9804480] (imputed)	N	grip strength measurement	http://www.ebi.ac.uk/efo/EFO_0006941	GCST90565845	Genome-wide genotyping array
2025-07-29	40374629	Schoeler T	2025-05-15	Nat Commun	www.ncbi.nlm.nih.gov/pubmed/40374629	Combining cross-sectional and longitudinal genomic approaches to identify determinants of cognitive and physical decline.	Hand grip strength (baseline)	404,112 European ancestry individuals	NA	15q26.3	15	100152748		ADAMTS17			ENSG00000140470			rs72755233-G	rs72755233	0	72755233	missense_variant	0	0.88715	4E-8	7.3979400086720375		0.0123367	[0.0079-0.0167] unit increase	Affymetrix [9804480] (imputed)	N	grip strength measurement	http://www.ebi.ac.uk/efo/EFO_0006941	GCST90565845	Genome-wide genotyping array
2025-07-29	40374629	Schoeler T	2025-05-15	Nat Commun	www.ncbi.nlm.nih.gov/pubmed/40374629	Combining cross-sectional and longitudinal genomic approaches to identify determinants of cognitive and physical decline.	Hand grip strength (baseline)	404,112 European ancestry individuals	NA	16p13.3	16	2128424		PKD1			ENSG00000008710			rs116353685-G	rs116353685	0	116353685	intron_variant	0	0.818877	2E-18	17.69897000433602		0.0163617	[0.013-0.02] unit increase	Affymetrix [9804480] (imputed)	N	grip strength measurement	http://www.ebi.ac.uk/efo/EFO_0006941	GCST90565845	Genome-wide genotyping array
2025-07-29	40374629	Schoeler T	2025-05-15	Nat Commun	www.ncbi.nlm.nih.gov/pubmed/40374629	Combining cross-sectional and longitudinal genomic approaches to identify determinants of cognitive and physical decline.	Hand grip strength (baseline)	404,112 European ancestry individuals	NA	16p13.3	16	3241408		MEFV			ENSG00000103313			rs76749769-C	rs76749769	0	76749769	3_prime_UTR_variant	0	0.907458	3E-8	7.522878745280337		0.0136161	[0.0088-0.0184] unit decrease	Affymetrix [9804480] (imputed)	N	grip strength measurement	http://www.ebi.ac.uk/efo/EFO_0006941	GCST90565845	Genome-wide genotyping array
2025-07-29	40374629	Schoeler T	2025-05-15	Nat Commun	www.ncbi.nlm.nih.gov/pubmed/40374629	Combining cross-sectional and longitudinal genomic approaches to identify determinants of cognitive and physical decline.	Hand grip strength (baseline)	404,112 European ancestry individuals	NA	16p13.13	16	11069759		CLEC16A			ENSG00000038532			rs11648019-A	rs11648019	0	11648019	intron_variant	0	0.770577	1E-8	8.0		0.00972034	[0.0064-0.013] unit decrease	Affymetrix [9804480] (imputed)	N	grip strength measurement	http://www.ebi.ac.uk/efo/EFO_0006941	GCST90565845	Genome-wide genotyping array
2025-07-29	40374629	Schoeler T	2025-05-15	Nat Commun	www.ncbi.nlm.nih.gov/pubmed/40374629	Combining cross-sectional and longitudinal genomic approaches to identify determinants of cognitive and physical decline.	Hand grip strength (baseline)	404,112 European ancestry individuals	NA	16p13.12	16	14298784		Y_RNA - MIR193BHG	ENSG00000200544	ENSG00000262454		23184	2285	rs246181-C	rs246181	0	246181	intergenic_variant	1	0.627159	9E-10	9.045757490560675		0.00909196	[0.0062-0.012] unit decrease	Affymetrix [9804480] (imputed)	N	grip strength measurement	http://www.ebi.ac.uk/efo/EFO_0006941	GCST90565845	Genome-wide genotyping array
2025-07-29	40374629	Schoeler T	2025-05-15	Nat Commun	www.ncbi.nlm.nih.gov/pubmed/40374629	Combining cross-sectional and longitudinal genomic approaches to identify determinants of cognitive and physical decline.	Hand grip strength (baseline)	404,112 European ancestry individuals	NA	16p12.1	16	24808485		TNRC6A			ENSG00000090905			rs11647120-A	rs11647120	0	11647120	intron_variant	0	0.804383	1E-11	11.0		0.0122095	[0.0087-0.0157] unit increase	Affymetrix [9804480] (imputed)	N	grip strength measurement	http://www.ebi.ac.uk/efo/EFO_0006941	GCST90565845	Genome-wide genotyping array
2025-07-29	40374629	Schoeler T	2025-05-15	Nat Commun	www.ncbi.nlm.nih.gov/pubmed/40374629	Combining cross-sectional and longitudinal genomic approaches to identify determinants of cognitive and physical decline.	Hand grip strength (baseline)	404,112 European ancestry individuals	NA	6p21.32	6	32615286		HLA-DRB1 - HLA-DQA1	ENSG00000196126	ENSG00000196735		25438	12893	rs3129756-A	rs3129756	0	3129756	intergenic_variant	1	0.621084	3E-16	15.522878745280337		0.012464	[0.0095-0.0155] unit increase	Affymetrix [9804480] (imputed)	N	grip strength measurement	http://www.ebi.ac.uk/efo/EFO_0006941	GCST90565845	Genome-wide genotyping array
2025-07-29	40374629	Schoeler T	2025-05-15	Nat Commun	www.ncbi.nlm.nih.gov/pubmed/40374629	Combining cross-sectional and longitudinal genomic approaches to identify determinants of cognitive and physical decline.	Hand grip strength (baseline)	404,112 European ancestry individuals	NA	6p21.32	6	32630313		HLA-DQA1			ENSG00000196735			rs1281943-T	rs1281943	0	1281943	intergenic_variant	0	0.911196	5E-11	10.301029995663981		0.0170918	[0.012-0.022] unit increase	Affymetrix [9804480] (imputed)	N	grip strength measurement	http://www.ebi.ac.uk/efo/EFO_0006941	GCST90565845	Genome-wide genotyping array
2025-07-29	40374629	Schoeler T	2025-05-15	Nat Commun	www.ncbi.nlm.nih.gov/pubmed/40374629	Combining cross-sectional and longitudinal genomic approaches to identify determinants of cognitive and physical decline.	Hand grip strength (baseline)	404,112 European ancestry individuals	NA	6p21.32	6	32649216		HLA-DQA1 - HLA-DQB1	ENSG00000196735	ENSG00000179344		2154	10251	rs555746221-T	rs555746221	0	555746221	intergenic_variant	1	0.745521	4E-10	9.397940008672037		0.0116119	[0.008-0.0153] unit increase	Affymetrix [9804480] (imputed)	N	grip strength measurement	http://www.ebi.ac.uk/efo/EFO_0006941	GCST90565845	Genome-wide genotyping array
2025-07-29	40374629	Schoeler T	2025-05-15	Nat Commun	www.ncbi.nlm.nih.gov/pubmed/40374629	Combining cross-sectional and longitudinal genomic approaches to identify determinants of cognitive and physical decline.	Hand grip strength (baseline)	404,112 European ancestry individuals	NA	6p21.32	6	32651367		HLA-DQA1 - HLA-DQB1	ENSG00000196735	ENSG00000179344		4305	8100	rs575147125-T	rs575147125	0	575147125	intergenic_variant	1	0.835891	5E-10	9.301029995663981		0.0138026	[0.0095-0.0181] unit increase	Affymetrix [9804480] (imputed)	N	grip strength measurement	http://www.ebi.ac.uk/efo/EFO_0006941	GCST90565845	Genome-wide genotyping array
2025-07-29	40374629	Schoeler T	2025-05-15	Nat Commun	www.ncbi.nlm.nih.gov/pubmed/40374629	Combining cross-sectional and longitudinal genomic approaches to identify determinants of cognitive and physical decline.	Hand grip strength (baseline)	404,112 European ancestry individuals	NA	6p21.32	6	32652772		HLA-DQA1 - HLA-DQB1	ENSG00000196735	ENSG00000179344		5710	6695	rs2858877-C	rs2858877	0	2858877	intergenic_variant	1	0.827937	2E-16	15.698970004336019		0.0172056	[0.013-0.021] unit increase	Affymetrix [9804480] (imputed)	N	grip strength measurement	http://www.ebi.ac.uk/efo/EFO_0006941	GCST90565845	Genome-wide genotyping array
2025-07-29	40374629	Schoeler T	2025-05-15	Nat Commun	www.ncbi.nlm.nih.gov/pubmed/40374629	Combining cross-sectional and longitudinal genomic approaches to identify determinants of cognitive and physical decline.	Hand grip strength (baseline)	404,112 European ancestry individuals	NA	6p21.32	6	32652987		HLA-DQA1 - HLA-DQB1	ENSG00000196735	ENSG00000179344		5925	6480	rs77062257-A	rs77062257	0	77062257	intergenic_variant	1	0.756206	4E-11	10.397940008672037		0.0120402	[0.0085-0.0156] unit increase	Affymetrix [9804480] (imputed)	N	grip strength measurement	http://www.ebi.ac.uk/efo/EFO_0006941	GCST90565845	Genome-wide genotyping array
2025-07-29	40374629	Schoeler T	2025-05-15	Nat Commun	www.ncbi.nlm.nih.gov/pubmed/40374629	Combining cross-sectional and longitudinal genomic approaches to identify determinants of cognitive and physical decline.	Hand grip strength (baseline)	404,112 European ancestry individuals	NA	6p21.32	6	32656738		HLA-DQA1 - HLA-DQB1	ENSG00000196735	ENSG00000179344		9676	2729	rs185774274-T	rs185774274	0	185774274	intergenic_variant	1	0.779707	5E-12	11.301029995663981		0.0136058	[0.0097-0.0175] unit increase	Affymetrix [9804480] (imputed)	N	grip strength measurement	http://www.ebi.ac.uk/efo/EFO_0006941	GCST90565845	Genome-wide genotyping array
2025-07-29	40374629	Schoeler T	2025-05-15	Nat Commun	www.ncbi.nlm.nih.gov/pubmed/40374629	Combining cross-sectional and longitudinal genomic approaches to identify determinants of cognitive and physical decline.	Hand grip strength (baseline)	404,112 European ancestry individuals	NA	6p21.32	6	32676198		HLA-DQB1 - MTCO3P1	ENSG00000179344	ENSG00000235040		7815	29926	rs140768369-A	rs140768369	0	140768369	intergenic_variant	1	0.875294	1E-8	8.0		0.0137335	[0.009-0.0184] unit increase	Affymetrix [9804480] (imputed)	N	grip strength measurement	http://www.ebi.ac.uk/efo/EFO_0006941	GCST90565845	Genome-wide genotyping array
2025-07-29	40374629	Schoeler T	2025-05-15	Nat Commun	www.ncbi.nlm.nih.gov/pubmed/40374629	Combining cross-sectional and longitudinal genomic approaches to identify determinants of cognitive and physical decline.	Hand grip strength (baseline)	404,112 European ancestry individuals	NA	6p21.32	6	32678336		HLA-DQB1 - MTCO3P1	ENSG00000179344	ENSG00000235040		9953	27788	rs146422992-G	rs146422992	0	146422992	intergenic_variant	1	0.844068	9E-9	8.045757490560675		0.0130112	[0.0086-0.0174] unit increase	Affymetrix [9804480] (imputed)	N	grip strength measurement	http://www.ebi.ac.uk/efo/EFO_0006941	GCST90565845	Genome-wide genotyping array
2025-07-29	40374629	Schoeler T	2025-05-15	Nat Commun	www.ncbi.nlm.nih.gov/pubmed/40374629	Combining cross-sectional and longitudinal genomic approaches to identify determinants of cognitive and physical decline.	Hand grip strength (baseline)	404,112 European ancestry individuals	NA	6p21.32	6	32686464		HLA-DQB1 - MTCO3P1	ENSG00000179344	ENSG00000235040		18081	19660	rs113457465-T	rs113457465	0	113457465	intergenic_variant	1	0.92208	2E-8	7.698970004336019		0.0155956	[0.01-0.021] unit increase	Affymetrix [9804480] (imputed)	N	grip strength measurement	http://www.ebi.ac.uk/efo/EFO_0006941	GCST90565845	Genome-wide genotyping array
2025-07-29	40374629	Schoeler T	2025-05-15	Nat Commun	www.ncbi.nlm.nih.gov/pubmed/40374629	Combining cross-sectional and longitudinal genomic approaches to identify determinants of cognitive and physical decline.	Hand grip strength (baseline)	404,112 European ancestry individuals	NA	6p21.32	6	32706552		MTCO3P1			ENSG00000235040			rs9275511-G	rs9275511	0	9275511	non_coding_transcript_exon_variant	0	0.558437	3E-21	20.522878745280337		0.0139514	[0.011-0.017] unit increase	Affymetrix [9804480] (imputed)	N	grip strength measurement	http://www.ebi.ac.uk/efo/EFO_0006941	GCST90565845	Genome-wide genotyping array
2025-07-29	40374629	Schoeler T	2025-05-15	Nat Commun	www.ncbi.nlm.nih.gov/pubmed/40374629	Combining cross-sectional and longitudinal genomic approaches to identify determinants of cognitive and physical decline.	Hand grip strength (baseline)	404,112 European ancestry individuals	NA	6p21.32	6	32776663		HLA-DQB2 - HLA-DOB	ENSG00000232629	ENSG00000241106		13120	36100	rs28724893-T	rs28724893	0	28724893	intergenic_variant	1	0.498083	1E-8	8.0		0.00811991	[0.0053-0.0109] unit increase	Affymetrix [9804480] (imputed)	N	grip strength measurement	http://www.ebi.ac.uk/efo/EFO_0006941	GCST90565845	Genome-wide genotyping array
2025-07-29	40374629	Schoeler T	2025-05-15	Nat Commun	www.ncbi.nlm.nih.gov/pubmed/40374629	Combining cross-sectional and longitudinal genomic approaches to identify determinants of cognitive and physical decline.	Hand grip strength (baseline)	404,112 European ancestry individuals	NA	6p21.31	6	34602037		ILRUN			ENSG00000196821			rs9469813-T	rs9469813	0	9469813	intron_variant	0	0.879169	5E-9	8.301029995663981		0.0127656	[0.0085-0.0171] unit increase	Affymetrix [9804480] (imputed)	N	grip strength measurement	http://www.ebi.ac.uk/efo/EFO_0006941	GCST90565845	Genome-wide genotyping array
2025-07-29	40374629	Schoeler T	2025-05-15	Nat Commun	www.ncbi.nlm.nih.gov/pubmed/40374629	Combining cross-sectional and longitudinal genomic approaches to identify determinants of cognitive and physical decline.	Hand grip strength (baseline)	404,112 European ancestry individuals	NA	6p21.31	6	35023191		ANKS1A			ENSG00000064999			rs1880090-C	rs1880090	0	1880090	intron_variant	0	0.257635	3E-8	7.522878745280337		0.00909715	[0.0059-0.0123] unit decrease	Affymetrix [9804480] (imputed)	N	grip strength measurement	http://www.ebi.ac.uk/efo/EFO_0006941	GCST90565845	Genome-wide genotyping array
2025-07-29	40374629	Schoeler T	2025-05-15	Nat Commun	www.ncbi.nlm.nih.gov/pubmed/40374629	Combining cross-sectional and longitudinal genomic approaches to identify determinants of cognitive and physical decline.	Hand grip strength (baseline)	404,112 European ancestry individuals	NA	6p21.31	6	35427233		PPARD			ENSG00000112033			rs3734254-C	rs3734254	0	3734254	3_prime_UTR_variant	0	0.206618	3E-8	7.522878745280337		0.00982792	[0.0064-0.0133] unit decrease	Affymetrix [9804480] (imputed)	N	grip strength measurement	http://www.ebi.ac.uk/efo/EFO_0006941	GCST90565845	Genome-wide genotyping array
2025-07-29	40374629	Schoeler T	2025-05-15	Nat Commun	www.ncbi.nlm.nih.gov/pubmed/40374629	Combining cross-sectional and longitudinal genomic approaches to identify determinants of cognitive and physical decline.	Hand grip strength (baseline)	404,112 European ancestry individuals	NA	6q13	6	72349252		RIMS1			ENSG00000079841			rs2807504-G	rs2807504	0	2807504	intron_variant	0	0.277558	3E-10	9.522878745280337		0.010041	[0.0069-0.0132] unit decrease	Affymetrix [9804480] (imputed)	N	grip strength measurement	http://www.ebi.ac.uk/efo/EFO_0006941	GCST90565845	Genome-wide genotyping array
2025-07-29	40374629	Schoeler T	2025-05-15	Nat Commun	www.ncbi.nlm.nih.gov/pubmed/40374629	Combining cross-sectional and longitudinal genomic approaches to identify determinants of cognitive and physical decline.	Hand grip strength (baseline)	404,112 European ancestry individuals	NA	6q14.1	6	80348111		BCKDHB			ENSG00000083123			rs9352824-A	rs9352824	0	9352824	intergenic_variant	0	0.857728	5E-9	8.301029995663981		0.0119251	[0.0079-0.0159] unit decrease	Affymetrix [9804480] (imputed)	N	grip strength measurement	http://www.ebi.ac.uk/efo/EFO_0006941	GCST90565845	Genome-wide genotyping array
2025-07-29	40374629	Schoeler T	2025-05-15	Nat Commun	www.ncbi.nlm.nih.gov/pubmed/40374629	Combining cross-sectional and longitudinal genomic approaches to identify determinants of cognitive and physical decline.	Hand grip strength (baseline)	404,112 European ancestry individuals	NA	6q22.31	6	125769231		HEY2 - NCOA7	ENSG00000135547	ENSG00000111912		7962	11712	rs9388451-T	rs9388451	0	9388451	intergenic_variant	1	0.481195	3E-8	7.522878745280337		0.00789389	[0.0051-0.0107] unit decrease	Affymetrix [9804480] (imputed)	N	grip strength measurement	http://www.ebi.ac.uk/efo/EFO_0006941	GCST90565845	Genome-wide genotyping array
2025-07-29	40374629	Schoeler T	2025-05-15	Nat Commun	www.ncbi.nlm.nih.gov/pubmed/40374629	Combining cross-sectional and longitudinal genomic approaches to identify determinants of cognitive and physical decline.	Hand grip strength (baseline)	404,112 European ancestry individuals	NA	6q22.32	6	126530014		MIR588 - RNU6-200P	ENSG00000207632	ENSG00000201613		45301	60273	rs1490384-C	rs1490384	0	1490384	intron_variant	1	0.501874	2E-11	10.698970004336019		0.00955466	[0.0068-0.0124] unit decrease	Affymetrix [9804480] (imputed)	N	grip strength measurement	http://www.ebi.ac.uk/efo/EFO_0006941	GCST90565845	Genome-wide genotyping array
2025-07-29	40374629	Schoeler T	2025-05-15	Nat Commun	www.ncbi.nlm.nih.gov/pubmed/40374629	Combining cross-sectional and longitudinal genomic approaches to identify determinants of cognitive and physical decline.	Hand grip strength (baseline)	404,112 European ancestry individuals	NA	6q23.1	6	130053316		L3MBTL3			ENSG00000198945			rs7740107-T	rs7740107	0	7740107	intron_variant	0	0.264673	2E-22	21.69897000433602		0.0157387	[0.013-0.019] unit increase	Affymetrix [9804480] (imputed)	N	grip strength measurement	http://www.ebi.ac.uk/efo/EFO_0006941	GCST90565845	Genome-wide genotyping array
2025-07-29	40374629	Schoeler T	2025-05-15	Nat Commun	www.ncbi.nlm.nih.gov/pubmed/40374629	Combining cross-sectional and longitudinal genomic approaches to identify determinants of cognitive and physical decline.	Hand grip strength (baseline)	404,112 European ancestry individuals	NA	6q23.2	6	132059755		LINC01013			ENSG00000228495			rs9493175-C	rs9493175	0	9493175	intron_variant	0	0.854663	5E-11	10.301029995663981		0.0133441	[0.0094-0.0173] unit increase	Affymetrix [9804480] (imputed)	N	grip strength measurement	http://www.ebi.ac.uk/efo/EFO_0006941	GCST90565845	Genome-wide genotyping array
2025-07-29	40374629	Schoeler T	2025-05-15	Nat Commun	www.ncbi.nlm.nih.gov/pubmed/40374629	Combining cross-sectional and longitudinal genomic approaches to identify determinants of cognitive and physical decline.	Hand grip strength (baseline)	404,112 European ancestry individuals	NA	6q25.1	6	149588797		GINM1			ENSG00000055211			rs9322189-T	rs9322189	0	9322189	intron_variant	0	0.660656	8E-11	10.096910013008056		0.00978082	[0.0068-0.0127] unit increase	Affymetrix [9804480] (imputed)	N	grip strength measurement	http://www.ebi.ac.uk/efo/EFO_0006941	GCST90565845	Genome-wide genotyping array
2025-07-29	40374629	Schoeler T	2025-05-15	Nat Commun	www.ncbi.nlm.nih.gov/pubmed/40374629	Combining cross-sectional and longitudinal genomic approaches to identify determinants of cognitive and physical decline.	Hand grip strength (baseline)	404,112 European ancestry individuals	NA	6q25.1	6	149838917		LRP11			ENSG00000120256			rs4870050-G	rs4870050	0	4870050	intron_variant	0	0.651814	3E-10	9.522878745280337		0.0094703	[0.0065-0.0124] unit increase	Affymetrix [9804480] (imputed)	N	grip strength measurement	http://www.ebi.ac.uk/efo/EFO_0006941	GCST90565845	Genome-wide genotyping array
2025-07-29	40374629	Schoeler T	2025-05-15	Nat Commun	www.ncbi.nlm.nih.gov/pubmed/40374629	Combining cross-sectional and longitudinal genomic approaches to identify determinants of cognitive and physical decline.	Hand grip strength (baseline)	404,112 European ancestry individuals	NA	6q25.3	6	155311710		TFB1M			ENSG00000029639			rs721101-T	rs721101	0	721101	intron_variant	0	0.727007	6E-11	10.221848749616356		0.0104847	[0.0073-0.0136] unit decrease	Affymetrix [9804480] (imputed)	N	grip strength measurement	http://www.ebi.ac.uk/efo/EFO_0006941	GCST90565845	Genome-wide genotyping array
2025-07-29	40374629	Schoeler T	2025-05-15	Nat Commun	www.ncbi.nlm.nih.gov/pubmed/40374629	Combining cross-sectional and longitudinal genomic approaches to identify determinants of cognitive and physical decline.	Hand grip strength (baseline)	404,112 European ancestry individuals	NA	6q25.3	6	158388676		TULP4			ENSG00000130338			rs341141-A	rs341141	0	341141	intron_variant	0	0.568232	2E-9	8.698970004336019		0.00865695	[0.0058-0.0115] unit increase	Affymetrix [9804480] (imputed)	N	grip strength measurement	http://www.ebi.ac.uk/efo/EFO_0006941	GCST90565845	Genome-wide genotyping array
2025-07-29	40374629	Schoeler T	2025-05-15	Nat Commun	www.ncbi.nlm.nih.gov/pubmed/40374629	Combining cross-sectional and longitudinal genomic approaches to identify determinants of cognitive and physical decline.	Hand grip strength (baseline)	404,112 European ancestry individuals	NA	6q25.3	6	158477942		TULP4			ENSG00000130338			rs139901797-T	rs139901797	0	139901797	intron_variant	0	0.94123	1E-10	10.0		0.019511	[0.014-0.025] unit increase	Affymetrix [9804480] (imputed)	N	grip strength measurement	http://www.ebi.ac.uk/efo/EFO_0006941	GCST90565845	Genome-wide genotyping array
2025-07-29	40374629	Schoeler T	2025-05-15	Nat Commun	www.ncbi.nlm.nih.gov/pubmed/40374629	Combining cross-sectional and longitudinal genomic approaches to identify determinants of cognitive and physical decline.	Hand grip strength (baseline)	404,112 European ancestry individuals	NA	7p22.3	7	2790864		GNA12			ENSG00000146535			rs7790322-C	rs7790322	0	7790322	intron_variant	0	0.583473	1E-9	9.0		0.00885043	[0.006-0.0117] unit increase	Affymetrix [9804480] (imputed)	N	grip strength measurement	http://www.ebi.ac.uk/efo/EFO_0006941	GCST90565845	Genome-wide genotyping array
2025-07-29	40374629	Schoeler T	2025-05-15	Nat Commun	www.ncbi.nlm.nih.gov/pubmed/40374629	Combining cross-sectional and longitudinal genomic approaches to identify determinants of cognitive and physical decline.	Hand grip strength (baseline)	404,112 European ancestry individuals	NA	7p22.1	7	4656213		CYP3A54P - FOXK1	ENSG00000261809	ENSG00000164916		144180	26082	rs11981566-A	rs11981566	0	11981566	intron_variant	1	0.783425	4E-9	8.397940008672037		0.0102206	[0.0068-0.0136] unit increase	Affymetrix [9804480] (imputed)	N	grip strength measurement	http://www.ebi.ac.uk/efo/EFO_0006941	GCST90565845	Genome-wide genotyping array
2025-07-29	40374629	Schoeler T	2025-05-15	Nat Commun	www.ncbi.nlm.nih.gov/pubmed/40374629	Combining cross-sectional and longitudinal genomic approaches to identify determinants of cognitive and physical decline.	Hand grip strength (baseline)	404,112 European ancestry individuals	NA	7p21.1	7	18970187		HDAC9			ENSG00000048052			rs993082-C	rs993082	0	993082	intron_variant	0	0.837193	2E-15	14.698970004336019		0.0154277	[0.012-0.019] unit decrease	Affymetrix [9804480] (imputed)	N	grip strength measurement	http://www.ebi.ac.uk/efo/EFO_0006941	GCST90565845	Genome-wide genotyping array
2025-07-29	40374629	Schoeler T	2025-05-15	Nat Commun	www.ncbi.nlm.nih.gov/pubmed/40374629	Combining cross-sectional and longitudinal genomic approaches to identify determinants of cognitive and physical decline.	Hand grip strength (baseline)	404,112 European ancestry individuals	NA	7p15.3	7	23356367		IGF2BP3			ENSG00000136231			rs274062-C	rs274062	0	274062	intron_variant	0	0.336345	2E-8	7.698970004336019		0.00848165	[0.0055-0.0115] unit increase	Affymetrix [9804480] (imputed)	N	grip strength measurement	http://www.ebi.ac.uk/efo/EFO_0006941	GCST90565845	Genome-wide genotyping array
2025-07-29	40374629	Schoeler T	2025-05-15	Nat Commun	www.ncbi.nlm.nih.gov/pubmed/40374629	Combining cross-sectional and longitudinal genomic approaches to identify determinants of cognitive and physical decline.	Hand grip strength (baseline)	404,112 European ancestry individuals	NA	7p14.1	7	39052662		POU6F2			ENSG00000106536			rs1525797-G	rs1525797	0	1525797	intron_variant	0	0.311435	3E-8	7.522878745280337		0.00860507	[0.0056-0.0116] unit increase	Affymetrix [9804480] (imputed)	N	grip strength measurement	http://www.ebi.ac.uk/efo/EFO_0006941	GCST90565845	Genome-wide genotyping array
2025-07-29	40374629	Schoeler T	2025-05-15	Nat Commun	www.ncbi.nlm.nih.gov/pubmed/40374629	Combining cross-sectional and longitudinal genomic approaches to identify determinants of cognitive and physical decline.	Hand grip strength (baseline)	404,112 European ancestry individuals	NA	7p14.1	7	39147471		POU6F2			ENSG00000106536			rs1525793-G	rs1525793	0	1525793	intron_variant	0	0.670275	4E-9	8.397940008672037		0.0089359	[0.006-0.0119] unit increase	Affymetrix [9804480] (imputed)	N	grip strength measurement	http://www.ebi.ac.uk/efo/EFO_0006941	GCST90565845	Genome-wide genotyping array
2025-07-29	40374629	Schoeler T	2025-05-15	Nat Commun	www.ncbi.nlm.nih.gov/pubmed/40374629	Combining cross-sectional and longitudinal genomic approaches to identify determinants of cognitive and physical decline.	Hand grip strength (baseline)	404,112 European ancestry individuals	NA	7p14.1	7	39263697		POU6F2			ENSG00000106536			rs4621706-C	rs4621706	0	4621706	intron_variant	0	0.455023	3E-15	14.522878745280337		0.0113772	[0.0086-0.0142] unit increase	Affymetrix [9804480] (imputed)	N	grip strength measurement	http://www.ebi.ac.uk/efo/EFO_0006941	GCST90565845	Genome-wide genotyping array
2025-07-29	40374629	Schoeler T	2025-05-15	Nat Commun	www.ncbi.nlm.nih.gov/pubmed/40374629	Combining cross-sectional and longitudinal genomic approaches to identify determinants of cognitive and physical decline.	Hand grip strength (baseline)	404,112 European ancestry individuals	NA	7p12.3	7	46217862		ZNF619P1 - HMGN1P19	ENSG00000224547	ENSG00000224519		72174	416752	rs28613848-G	rs28613848	0	28613848	intergenic_variant	1	0.463866	6E-10	9.221848749616356		0.0088621	[0.0061-0.0117] unit decrease	Affymetrix [9804480] (imputed)	N	grip strength measurement	http://www.ebi.ac.uk/efo/EFO_0006941	GCST90565845	Genome-wide genotyping array
2025-07-29	40374629	Schoeler T	2025-05-15	Nat Commun	www.ncbi.nlm.nih.gov/pubmed/40374629	Combining cross-sectional and longitudinal genomic approaches to identify determinants of cognitive and physical decline.	Hand grip strength (baseline)	404,112 European ancestry individuals	NA	7p12.3	7	46619715		ZNF619P1 - HMGN1P19	ENSG00000224547	ENSG00000224519		474027	14899	rs9648088-C	rs9648088	0	9648088	intergenic_variant	1	0.776335	2E-8	7.698970004336019		0.00963587	[0.0063-0.013] unit decrease	Affymetrix [9804480] (imputed)	N	grip strength measurement	http://www.ebi.ac.uk/efo/EFO_0006941	GCST90565845	Genome-wide genotyping array
2025-07-29	40374629	Schoeler T	2025-05-15	Nat Commun	www.ncbi.nlm.nih.gov/pubmed/40374629	Combining cross-sectional and longitudinal genomic approaches to identify determinants of cognitive and physical decline.	Hand grip strength (baseline)	404,112 European ancestry individuals	NA	7q22.1	7	100580151		LRCH4			ENSG00000077454			rs117763269-G	rs117763269	0	117763269	intron_variant	0	0.981166	2E-8	7.698970004336019		0.0300414	[0.02-0.041] unit increase	Affymetrix [9804480] (imputed)	N	grip strength measurement	http://www.ebi.ac.uk/efo/EFO_0006941	GCST90565845	Genome-wide genotyping array
2025-07-29	40374629	Schoeler T	2025-05-15	Nat Commun	www.ncbi.nlm.nih.gov/pubmed/40374629	Combining cross-sectional and longitudinal genomic approaches to identify determinants of cognitive and physical decline.	Hand grip strength (baseline)	404,112 European ancestry individuals	NA	7q31.31	7	121120988		CPED1			ENSG00000106034			rs78333001-C	rs78333001	0	78333001	intron_variant	0	0.433104	3E-10	9.522878745280337		0.00969692	[0.0067-0.0127] unit decrease	Affymetrix [9804480] (imputed)	N	grip strength measurement	http://www.ebi.ac.uk/efo/EFO_0006941	GCST90565845	Genome-wide genotyping array
2025-07-29	40374629	Schoeler T	2025-05-15	Nat Commun	www.ncbi.nlm.nih.gov/pubmed/40374629	Combining cross-sectional and longitudinal genomic approaches to identify determinants of cognitive and physical decline.	Hand grip strength (baseline)	404,112 European ancestry individuals	NA	7q31.32	7	124042750		TMEM229A - SSU72L6	ENSG00000234224	ENSG00000230268		9683	433567	rs1468310-G	rs1468310	0	1468310	intron_variant	1	0.648054	3E-8	7.522878745280337		0.00831774	[0.0054-0.0113] unit increase	Affymetrix [9804480] (imputed)	N	grip strength measurement	http://www.ebi.ac.uk/efo/EFO_0006941	GCST90565845	Genome-wide genotyping array
2025-07-29	40374629	Schoeler T	2025-05-15	Nat Commun	www.ncbi.nlm.nih.gov/pubmed/40374629	Combining cross-sectional and longitudinal genomic approaches to identify determinants of cognitive and physical decline.	Hand grip strength (baseline)	404,112 European ancestry individuals	NA	7q31.33	7	124210365		TMEM229A - SSU72L6	ENSG00000234224	ENSG00000230268		177298	265952	rs2159570-C	rs2159570	0	2159570	intron_variant	1	0.535232	1E-8	8.0		0.00816159	[0.0054-0.011] unit decrease	Affymetrix [9804480] (imputed)	N	grip strength measurement	http://www.ebi.ac.uk/efo/EFO_0006941	GCST90565845	Genome-wide genotyping array
2025-07-29	40374629	Schoeler T	2025-05-15	Nat Commun	www.ncbi.nlm.nih.gov/pubmed/40374629	Combining cross-sectional and longitudinal genomic approaches to identify determinants of cognitive and physical decline.	Hand grip strength (baseline)	404,112 European ancestry individuals	NA	7q31.33	7	124985278		POT1-AS1			ENSG00000224897			rs36191266-T	rs36191266	0	36191266	intron_variant	0	0.402452	5E-8	7.301029995663981		0.00799509	[0.0051-0.0109] unit decrease	Affymetrix [9804480] (imputed)	N	grip strength measurement	http://www.ebi.ac.uk/efo/EFO_0006941	GCST90565845	Genome-wide genotyping array
2025-07-29	40374629	Schoeler T	2025-05-15	Nat Commun	www.ncbi.nlm.nih.gov/pubmed/40374629	Combining cross-sectional and longitudinal genomic approaches to identify determinants of cognitive and physical decline.	Hand grip strength (baseline)	404,112 European ancestry individuals	NA	7q32.1	7	127766572		SND1			ENSG00000197157			rs11536594-A	rs11536594	0	11536594	intron_variant	0	0.444078	7E-10	9.154901959985743		0.00886164	[0.006-0.0117] unit decrease	Affymetrix [9804480] (imputed)	N	grip strength measurement	http://www.ebi.ac.uk/efo/EFO_0006941	GCST90565845	Genome-wide genotyping array
2025-07-29	40374629	Schoeler T	2025-05-15	Nat Commun	www.ncbi.nlm.nih.gov/pubmed/40374629	Combining cross-sectional and longitudinal genomic approaches to identify determinants of cognitive and physical decline.	Hand grip strength (baseline)	404,112 European ancestry individuals	NA	7q32.1	7	128019237		SND1			ENSG00000197157			rs17151668-G	rs17151668	0	17151668	intron_variant	0	0.727857	9E-9	8.045757490560675		0.00920272	[0.0061-0.0123] unit increase	Affymetrix [9804480] (imputed)	N	grip strength measurement	http://www.ebi.ac.uk/efo/EFO_0006941	GCST90565845	Genome-wide genotyping array
2025-07-29	40374629	Schoeler T	2025-05-15	Nat Commun	www.ncbi.nlm.nih.gov/pubmed/40374629	Combining cross-sectional and longitudinal genomic approaches to identify determinants of cognitive and physical decline.	Hand grip strength (baseline)	404,112 European ancestry individuals	NA	7q36.1	7	150845427		AOC1			ENSG00000002726			rs6977081-G	rs6977081	0	6977081	intron_variant	0	0.668511	7E-21	20.154901959985743		0.0143093	[0.011-0.017] unit decrease	Affymetrix [9804480] (imputed)	N	grip strength measurement	http://www.ebi.ac.uk/efo/EFO_0006941	GCST90565845	Genome-wide genotyping array
2025-07-29	40374629	Schoeler T	2025-05-15	Nat Commun	www.ncbi.nlm.nih.gov/pubmed/40374629	Combining cross-sectional and longitudinal genomic approaches to identify determinants of cognitive and physical decline.	Hand grip strength (baseline)	404,112 European ancestry individuals	NA	7q36.1	7	150846046		AOC1			ENSG00000002726			rs877120-C	rs877120	0	877120	intron_variant	0	0.838232	4E-8	7.3979400086720375		0.0107398	[0.0069-0.0146] unit increase	Affymetrix [9804480] (imputed)	N	grip strength measurement	http://www.ebi.ac.uk/efo/EFO_0006941	GCST90565845	Genome-wide genotyping array
2025-07-29	40374629	Schoeler T	2025-05-15	Nat Commun	www.ncbi.nlm.nih.gov/pubmed/40374629	Combining cross-sectional and longitudinal genomic approaches to identify determinants of cognitive and physical decline.	Hand grip strength (baseline)	404,112 European ancestry individuals	NA	8p21.2	8	26541127		DPYSL2			ENSG00000092964			rs1899494-C	rs1899494	0	1899494	intron_variant	0	0.739308	9E-9	8.045757490560675		0.00933003	[0.0061-0.0125] unit increase	Affymetrix [9804480] (imputed)	N	grip strength measurement	http://www.ebi.ac.uk/efo/EFO_0006941	GCST90565845	Genome-wide genotyping array
2025-07-29	40374629	Schoeler T	2025-05-15	Nat Commun	www.ncbi.nlm.nih.gov/pubmed/40374629	Combining cross-sectional and longitudinal genomic approaches to identify determinants of cognitive and physical decline.	Hand grip strength (baseline)	404,112 European ancestry individuals	NA	8q12.1	8	56752460		RPL37P6 - RNU6-13P	ENSG00000241431	ENSG00000206975		163760	164624	rs4737446-G	rs4737446	0	4737446	intergenic_variant	1	0.305728	3E-11	10.522878745280337		0.0103464	[0.0073-0.0134] unit decrease	Affymetrix [9804480] (imputed)	N	grip strength measurement	http://www.ebi.ac.uk/efo/EFO_0006941	GCST90565845	Genome-wide genotyping array
2025-07-29	40374629	Schoeler T	2025-05-15	Nat Commun	www.ncbi.nlm.nih.gov/pubmed/40374629	Combining cross-sectional and longitudinal genomic approaches to identify determinants of cognitive and physical decline.	Hand grip strength (baseline)	404,112 European ancestry individuals	NA	8q21.13	8	77283466		HIGD1AP18 - PKIA-AS1	ENSG00000253952	ENSG00000254266		269438	884167	rs4320526-G	rs4320526	0	4320526	intergenic_variant	1	0.299573	6E-9	8.221848749616356		0.00904917	[0.006-0.0121] unit increase	Affymetrix [9804480] (imputed)	N	grip strength measurement	http://www.ebi.ac.uk/efo/EFO_0006941	GCST90565845	Genome-wide genotyping array
2025-07-29	40374629	Schoeler T	2025-05-15	Nat Commun	www.ncbi.nlm.nih.gov/pubmed/40374629	Combining cross-sectional and longitudinal genomic approaches to identify determinants of cognitive and physical decline.	Hand grip strength (baseline)	404,112 European ancestry individuals	NA	8q21.13	8	78188745		PKIA-AS1			ENSG00000254266			rs62517351-C	rs62517351	0	62517351	intron_variant	0	0.862493	2E-8	7.698970004336019		0.0116025	[0.0075-0.0157] unit increase	Affymetrix [9804480] (imputed)	N	grip strength measurement	http://www.ebi.ac.uk/efo/EFO_0006941	GCST90565845	Genome-wide genotyping array
2025-07-29	40374629	Schoeler T	2025-05-15	Nat Commun	www.ncbi.nlm.nih.gov/pubmed/40374629	Combining cross-sectional and longitudinal genomic approaches to identify determinants of cognitive and physical decline.	Hand grip strength (baseline)	404,112 European ancestry individuals	NA	8q21.2	8	85489967		CA2 - REXO1L8P	ENSG00000104267	ENSG00000270971		8474	152810	rs1845253-C	rs1845253	0	1845253	intergenic_variant	1	0.380574	5E-10	9.301029995663981		0.00916828	[0.0063-0.0121] unit increase	Affymetrix [9804480] (imputed)	N	grip strength measurement	http://www.ebi.ac.uk/efo/EFO_0006941	GCST90565845	Genome-wide genotyping array
2025-07-29	40374629	Schoeler T	2025-05-15	Nat Commun	www.ncbi.nlm.nih.gov/pubmed/40374629	Combining cross-sectional and longitudinal genomic approaches to identify determinants of cognitive and physical decline.	Hand grip strength (baseline)	404,112 European ancestry individuals	NA	8q21.3	8	88431817		RNA5SP272 - RLIG1P3	ENSG00000251904	ENSG00000250962		35270	53293	rs7820710-A	rs7820710	0	7820710	intron_variant	1	0.806668	1E-9	9.0		0.0110227	[0.0075-0.0146] unit increase	Affymetrix [9804480] (imputed)	N	grip strength measurement	http://www.ebi.ac.uk/efo/EFO_0006941	GCST90565845	Genome-wide genotyping array
2025-07-29	40374629	Schoeler T	2025-05-15	Nat Commun	www.ncbi.nlm.nih.gov/pubmed/40374629	Combining cross-sectional and longitudinal genomic approaches to identify determinants of cognitive and physical decline.	Hand grip strength (baseline)	404,112 European ancestry individuals	NA	2p13.3	2	70434776		BRD7P6 - TGFA	ENSG00000235289	ENSG00000163235		78861	12508	rs557161836-T	rs557161836	0	557161836	intergenic_variant	1	0.544445	4E-10	9.397940008672037		0.0101266	[0.007-0.0133] unit increase	Affymetrix [9804480] (imputed)	N	grip strength measurement	http://www.ebi.ac.uk/efo/EFO_0006941	GCST90565845	Genome-wide genotyping array
2025-07-29	40374629	Schoeler T	2025-05-15	Nat Commun	www.ncbi.nlm.nih.gov/pubmed/40374629	Combining cross-sectional and longitudinal genomic approaches to identify determinants of cognitive and physical decline.	Hand grip strength (baseline)	404,112 European ancestry individuals	NA	2q11.2	2	99042040		TSGA10			ENSG00000135951			rs10179910-A	rs10179910	0	10179910	intron_variant	0	0.712512	2E-10	9.698970004336019		0.0101199	[0.007-0.0132] unit increase	Affymetrix [9804480] (imputed)	N	grip strength measurement	http://www.ebi.ac.uk/efo/EFO_0006941	GCST90565845	Genome-wide genotyping array
2025-07-29	40374629	Schoeler T	2025-05-15	Nat Commun	www.ncbi.nlm.nih.gov/pubmed/40374629	Combining cross-sectional and longitudinal genomic approaches to identify determinants of cognitive and physical decline.	Hand grip strength (baseline)	404,112 European ancestry individuals	NA	2q14.3	2	124593182		CNTNAP5			ENSG00000155052			rs201941082-A	rs201941082	0	201941082	intron_variant	0	0.605525	3E-8	7.522878745280337		0.00817925	[0.0053-0.0111] unit decrease	Affymetrix [9804480] (imputed)	N	grip strength measurement	http://www.ebi.ac.uk/efo/EFO_0006941	GCST90565845	Genome-wide genotyping array
2025-07-29	40374629	Schoeler T	2025-05-15	Nat Commun	www.ncbi.nlm.nih.gov/pubmed/40374629	Combining cross-sectional and longitudinal genomic approaches to identify determinants of cognitive and physical decline.	Hand grip strength (baseline)	404,112 European ancestry individuals	NA	2q21.3	2	135516008		ZRANB3			ENSG00000121988			rs6735329-T	rs6735329	0	6735329	intron_variant	0	0.759859	3E-15	14.522878745280337		0.013318	[0.01-0.017] unit decrease	Affymetrix [9804480] (imputed)	N	grip strength measurement	http://www.ebi.ac.uk/efo/EFO_0006941	GCST90565845	Genome-wide genotyping array
2025-07-29	40374629	Schoeler T	2025-05-15	Nat Commun	www.ncbi.nlm.nih.gov/pubmed/40374629	Combining cross-sectional and longitudinal genomic approaches to identify determinants of cognitive and physical decline.	Hand grip strength (baseline)	404,112 European ancestry individuals	NA	2q21.3	2	135770464		UBXN4			ENSG00000144224			rs2304601-C	rs2304601	0	2304601	intron_variant	0	0.89454	2E-14	13.698970004336019		0.0178499	[0.013-0.022] unit decrease	Affymetrix [9804480] (imputed)	N	grip strength measurement	http://www.ebi.ac.uk/efo/EFO_0006941	GCST90565845	Genome-wide genotyping array
2025-07-29	40374629	Schoeler T	2025-05-15	Nat Commun	www.ncbi.nlm.nih.gov/pubmed/40374629	Combining cross-sectional and longitudinal genomic approaches to identify determinants of cognitive and physical decline.	Hand grip strength (baseline)	404,112 European ancestry individuals	NA	20q11.23	20	36010404		CNBD2			ENSG00000149646			rs62213165-A	rs62213165	0	62213165	intron_variant	0	0.947916	1E-9	9.0		0.0203488	[0.014-0.027] unit increase	Affymetrix [9804480] (imputed)	N	grip strength measurement	http://www.ebi.ac.uk/efo/EFO_0006941	GCST90565845	Genome-wide genotyping array
2025-07-29	40374629	Schoeler T	2025-05-15	Nat Commun	www.ncbi.nlm.nih.gov/pubmed/40374629	Combining cross-sectional and longitudinal genomic approaches to identify determinants of cognitive and physical decline.	Hand grip strength (baseline)	404,112 European ancestry individuals	NA	9q34.11	9	130576771		ASS1 - FUBP3	ENSG00000130707	ENSG00000107164		74410	2194	rs7040344-C	rs7040344	0	7040344	intergenic_variant	1	0.646862	3E-9	8.522878745280337		0.00889143	[0.0059-0.0118] unit increase	Affymetrix [9804480] (imputed)	N	grip strength measurement	http://www.ebi.ac.uk/efo/EFO_0006941	GCST90565845	Genome-wide genotyping array
2025-07-29	40374629	Schoeler T	2025-05-15	Nat Commun	www.ncbi.nlm.nih.gov/pubmed/40374629	Combining cross-sectional and longitudinal genomic approaches to identify determinants of cognitive and physical decline.	Hand grip strength (baseline)	404,112 European ancestry individuals	NA	9q34.2	9	133278860		ABO - Y_RNA	ENSG00000175164	ENSG00000200544		2836	23610	rs649129-C	rs649129	0	649129	intergenic_variant	1	0.792009	2E-9	8.698970004336019		0.0105907	[0.0071-0.014] unit increase	Affymetrix [9804480] (imputed)	N	grip strength measurement	http://www.ebi.ac.uk/efo/EFO_0006941	GCST90565845	Genome-wide genotyping array
2025-07-29	40374629	Schoeler T	2025-05-15	Nat Commun	www.ncbi.nlm.nih.gov/pubmed/40374629	Combining cross-sectional and longitudinal genomic approaches to identify determinants of cognitive and physical decline.	Hand grip strength (baseline)	404,112 European ancestry individuals	NA	10q22.3	10	79474744		ZCCHC24 - TPRX1P1	ENSG00000165424	ENSG00000259021		29119	24922	rs7071654-A	rs7071654	0	7071654	intergenic_variant	1	0.841711	7E-11	10.154901959985743		0.0127758	[0.0089-0.0166] unit decrease	Affymetrix [9804480] (imputed)	N	grip strength measurement	http://www.ebi.ac.uk/efo/EFO_0006941	GCST90565845	Genome-wide genotyping array
2025-07-29	40374629	Schoeler T	2025-05-15	Nat Commun	www.ncbi.nlm.nih.gov/pubmed/40374629	Combining cross-sectional and longitudinal genomic approaches to identify determinants of cognitive and physical decline.	Hand grip strength (baseline)	404,112 European ancestry individuals	NA	10q24.32	10	101985078		ARMH3			ENSG00000120029			rs11191169-T	rs11191169	0	11191169	intron_variant	0	0.436164	4E-10	9.397940008672037		0.00909136	[0.0062-0.0119] unit decrease	Affymetrix [9804480] (imputed)	N	grip strength measurement	http://www.ebi.ac.uk/efo/EFO_0006941	GCST90565845	Genome-wide genotyping array
2025-07-29	40374629	Schoeler T	2025-05-15	Nat Commun	www.ncbi.nlm.nih.gov/pubmed/40374629	Combining cross-sectional and longitudinal genomic approaches to identify determinants of cognitive and physical decline.	Hand grip strength (baseline)	404,112 European ancestry individuals	NA	4q24	4	101848651		BANK1			ENSG00000153064			rs12506564-A	rs12506564	0	12506564	intron_variant	0	0.615156	3E-8	7.522878745280337		0.00814823	[0.0053-0.011] unit increase	Affymetrix [9804480] (imputed)	N	grip strength measurement	http://www.ebi.ac.uk/efo/EFO_0006941	GCST90565845	Genome-wide genotyping array
2025-07-29	40374629	Schoeler T	2025-05-15	Nat Commun	www.ncbi.nlm.nih.gov/pubmed/40374629	Combining cross-sectional and longitudinal genomic approaches to identify determinants of cognitive and physical decline.	Hand grip strength (baseline)	404,112 European ancestry individuals	NA	4q24	4	102226665		BANK1 - SLC39A8	ENSG00000153064	ENSG00000138821		151853	24415	rs11941622-A	rs11941622	0	11941622	intron_variant	1	0.525205	5E-10	9.301029995663981		0.00917309	[0.0063-0.0121] unit increase	Affymetrix [9804480] (imputed)	N	grip strength measurement	http://www.ebi.ac.uk/efo/EFO_0006941	GCST90565845	Genome-wide genotyping array
2025-07-29	40374629	Schoeler T	2025-05-15	Nat Commun	www.ncbi.nlm.nih.gov/pubmed/40374629	Combining cross-sectional and longitudinal genomic approaches to identify determinants of cognitive and physical decline.	Hand grip strength (baseline)	404,112 European ancestry individuals	NA	4q24	4	102267552		SLC39A8			ENSG00000138821			rs13107325-C	rs13107325	0	13107325	missense_variant	0	0.925548	1E-20	20.0		0.0253772	[0.02-0.031] unit increase	Affymetrix [9804480] (imputed)	N	grip strength measurement	http://www.ebi.ac.uk/efo/EFO_0006941	GCST90565845	Genome-wide genotyping array
2025-07-29	40374629	Schoeler T	2025-05-15	Nat Commun	www.ncbi.nlm.nih.gov/pubmed/40374629	Combining cross-sectional and longitudinal genomic approaches to identify determinants of cognitive and physical decline.	Hand grip strength (baseline)	404,112 European ancestry individuals	NA	4q31.21	4	144645712		HHIP-AS1			ENSG00000248890			rs13106087-T	rs13106087	0	13106087	intron_variant	0	0.170047	3E-11	10.522878745280337		0.0126589	[0.0089-0.0164] unit decrease	Affymetrix [9804480] (imputed)	N	grip strength measurement	http://www.ebi.ac.uk/efo/EFO_0006941	GCST90565845	Genome-wide genotyping array
2025-07-29	40374629	Schoeler T	2025-05-15	Nat Commun	www.ncbi.nlm.nih.gov/pubmed/40374629	Combining cross-sectional and longitudinal genomic approaches to identify determinants of cognitive and physical decline.	Hand grip strength (baseline)	404,112 European ancestry individuals	NA	14q12	14	27192444		NOVA1-DT			ENSG00000257842			rs1245463-A	rs1245463	0	1245463	intron_variant	0	0.387255	4E-9	8.397940008672037		0.00863766	[0.0058-0.0115] unit decrease	Affymetrix [9804480] (imputed)	N	grip strength measurement	http://www.ebi.ac.uk/efo/EFO_0006941	GCST90565845	Genome-wide genotyping array
2025-07-29	40374629	Schoeler T	2025-05-15	Nat Commun	www.ncbi.nlm.nih.gov/pubmed/40374629	Combining cross-sectional and longitudinal genomic approaches to identify determinants of cognitive and physical decline.	Hand grip strength (baseline)	404,112 European ancestry individuals	NA	14q24.1	14	68305893		RAD51B			ENSG00000182185			rs1108590-A	rs1108590	0	1108590	intron_variant	0	0.351554	4E-9	8.397940008672037		0.00878561	[0.0059-0.0117] unit decrease	Affymetrix [9804480] (imputed)	N	grip strength measurement	http://www.ebi.ac.uk/efo/EFO_0006941	GCST90565845	Genome-wide genotyping array
2025-07-29	40374629	Schoeler T	2025-05-15	Nat Commun	www.ncbi.nlm.nih.gov/pubmed/40374629	Combining cross-sectional and longitudinal genomic approaches to identify determinants of cognitive and physical decline.	Hand grip strength (baseline)	404,112 European ancestry individuals	NA	7p15.3	7	23082620		HYCC1 - KLHL7-DT	ENSG00000122591	ENSG00000230658		68490	17594	rs11769549-T	rs11769549	0	11769549	intergenic_variant	1	0.936704	1E-9	9.0		0.0179847	[0.012-0.024] unit decrease	Affymetrix [9804480] (imputed)	N	grip strength measurement	http://www.ebi.ac.uk/efo/EFO_0006941	GCST90565845	Genome-wide genotyping array
2025-07-29	40374629	Schoeler T	2025-05-15	Nat Commun	www.ncbi.nlm.nih.gov/pubmed/40374629	Combining cross-sectional and longitudinal genomic approaches to identify determinants of cognitive and physical decline.	Hand grip strength (baseline)	404,112 European ancestry individuals	NA	7p15.2	7	27830163		TAX1BP1			ENSG00000106052			rs6948467-G	rs6948467	0	6948467	intergenic_variant	0	0.607188	2E-8	7.698970004336019		0.00826355	[0.0054-0.0111] unit increase	Affymetrix [9804480] (imputed)	N	grip strength measurement	http://www.ebi.ac.uk/efo/EFO_0006941	GCST90565845	Genome-wide genotyping array
2025-07-29	40374629	Schoeler T	2025-05-15	Nat Commun	www.ncbi.nlm.nih.gov/pubmed/40374629	Combining cross-sectional and longitudinal genomic approaches to identify determinants of cognitive and physical decline.	Hand grip strength (baseline)	404,112 European ancestry individuals	NA	7p12.3	7	46537458		ZNF619P1 - HMGN1P19	ENSG00000224547	ENSG00000224519		391770	97156	rs723149-A	rs723149	0	723149	intergenic_variant	1	0.436388	4E-11	10.397940008672037		0.00949639	[0.0067-0.0123] unit increase	Affymetrix [9804480] (imputed)	N	grip strength measurement	http://www.ebi.ac.uk/efo/EFO_0006941	GCST90565845	Genome-wide genotyping array
2025-07-29	40374629	Schoeler T	2025-05-15	Nat Commun	www.ncbi.nlm.nih.gov/pubmed/40374629	Combining cross-sectional and longitudinal genomic approaches to identify determinants of cognitive and physical decline.	Hand grip strength (baseline)	404,112 European ancestry individuals	NA	5q21.1	5	103126186		PPIP5K2			ENSG00000145725			rs115246607-T	rs115246607	0	115246607	intron_variant	0	0.949825	1E-8	8.0		0.0191309	[0.013-0.026] unit increase	Affymetrix [9804480] (imputed)	N	grip strength measurement	http://www.ebi.ac.uk/efo/EFO_0006941	GCST90565845	Genome-wide genotyping array
2025-07-29	40374629	Schoeler T	2025-05-15	Nat Commun	www.ncbi.nlm.nih.gov/pubmed/40374629	Combining cross-sectional and longitudinal genomic approaches to identify determinants of cognitive and physical decline.	Hand grip strength (baseline)	404,112 European ancestry individuals	NA	5q23.2	5	123415153		CEP120			ENSG00000168944			rs6595447-T	rs6595447	0	6595447	intron_variant	0	0.807328	2E-9	8.698970004336019		0.0108059	[0.0073-0.0144] unit increase	Affymetrix [9804480] (imputed)	N	grip strength measurement	http://www.ebi.ac.uk/efo/EFO_0006941	GCST90565845	Genome-wide genotyping array
2025-07-29	40374629	Schoeler T	2025-05-15	Nat Commun	www.ncbi.nlm.nih.gov/pubmed/40374629	Combining cross-sectional and longitudinal genomic approaches to identify determinants of cognitive and physical decline.	Hand grip strength (baseline)	404,112 European ancestry individuals	NA	5q31.1	5	132371737		SLC22A5			ENSG00000197375			rs2631360-G	rs2631360	0	2631360	intron_variant	0	0.479892	2E-16	15.698970004336019		0.011743	[0.0089-0.0145] unit increase	Affymetrix [9804480] (imputed)	N	grip strength measurement	http://www.ebi.ac.uk/efo/EFO_0006941	GCST90565845	Genome-wide genotyping array
2025-07-29	40374629	Schoeler T	2025-05-15	Nat Commun	www.ncbi.nlm.nih.gov/pubmed/40374629	Combining cross-sectional and longitudinal genomic approaches to identify determinants of cognitive and physical decline.	Hand grip strength (baseline)	404,112 European ancestry individuals	NA	21q22.2	21	38697901		ERG - LINC00114	ENSG00000157554	ENSG00000223806		36121	35989	rs2226685-T	rs2226685	0	2226685	intergenic_variant	1	0.241993	8E-11	10.096910013008056		0.0108354	[0.0076-0.0141] unit decrease	Affymetrix [9804480] (imputed)	N	grip strength measurement	http://www.ebi.ac.uk/efo/EFO_0006941	GCST90565845	Genome-wide genotyping array
2025-07-29	40374629	Schoeler T	2025-05-15	Nat Commun	www.ncbi.nlm.nih.gov/pubmed/40374629	Combining cross-sectional and longitudinal genomic approaches to identify determinants of cognitive and physical decline.	Hand grip strength (baseline)	404,112 European ancestry individuals	NA	22q12.2	22	29735908		ZMAT5			ENSG00000100319			rs3788417-G	rs3788417	0	3788417	intron_variant	0	0.768716	5E-8	7.301029995663981		0.009234	[0.0059-0.0125] unit increase	Affymetrix [9804480] (imputed)	N	grip strength measurement	http://www.ebi.ac.uk/efo/EFO_0006941	GCST90565845	Genome-wide genotyping array
2025-07-29	40374629	Schoeler T	2025-05-15	Nat Commun	www.ncbi.nlm.nih.gov/pubmed/40374629	Combining cross-sectional and longitudinal genomic approaches to identify determinants of cognitive and physical decline.	Hand grip strength (baseline)	404,112 European ancestry individuals	NA	22q13.1	22	40215008		TNRC6B			ENSG00000100354			rs28722029-G	rs28722029	0	28722029	intron_variant	0	0.675028	7E-9	8.154901959985743		0.00882324	[0.0058-0.0118] unit increase	Affymetrix [9804480] (imputed)	N	grip strength measurement	http://www.ebi.ac.uk/efo/EFO_0006941	GCST90565845	Genome-wide genotyping array
2025-07-29	40374629	Schoeler T	2025-05-15	Nat Commun	www.ncbi.nlm.nih.gov/pubmed/40374629	Combining cross-sectional and longitudinal genomic approaches to identify determinants of cognitive and physical decline.	Hand grip strength (baseline)	404,112 European ancestry individuals	NA	22q13.2	22	41963298		SMIM45 - SEPTIN3	ENSG00000205704	ENSG00000100167		4356	6145	rs1984419-T	rs1984419	0	1984419	intergenic_variant	1	0.658233	3E-8	7.522878745280337		0.00830354	[0.0054-0.0112] unit increase	Affymetrix [9804480] (imputed)	N	grip strength measurement	http://www.ebi.ac.uk/efo/EFO_0006941	GCST90565845	Genome-wide genotyping array
2025-07-29	40374629	Schoeler T	2025-05-15	Nat Commun	www.ncbi.nlm.nih.gov/pubmed/40374629	Combining cross-sectional and longitudinal genomic approaches to identify determinants of cognitive and physical decline.	Hand grip strength (baseline)	404,112 European ancestry individuals	NA	22q13.31	22	45319056		FAM118A			ENSG00000100376			rs6006984-T	rs6006984	0	6006984	intron_variant	0	0.725752	1E-10	10.0		0.0103011	[0.0072-0.0134] unit decrease	Affymetrix [9804480] (imputed)	N	grip strength measurement	http://www.ebi.ac.uk/efo/EFO_0006941	GCST90565845	Genome-wide genotyping array
2025-07-29	40374629	Schoeler T	2025-05-15	Nat Commun	www.ncbi.nlm.nih.gov/pubmed/40374629	Combining cross-sectional and longitudinal genomic approaches to identify determinants of cognitive and physical decline.	Hand grip strength (baseline)	404,112 European ancestry individuals	NA	10q26.13	10	122474768		HTRA1			ENSG00000166033			rs2672591-A	rs2672591	0	2672591	intron_variant	0	0.5178	4E-9	8.397940008672037		0.00843554	[0.0056-0.0112] unit increase	Affymetrix [9804480] (imputed)	N	grip strength measurement	http://www.ebi.ac.uk/efo/EFO_0006941	GCST90565845	Genome-wide genotyping array
2025-07-29	40374629	Schoeler T	2025-05-15	Nat Commun	www.ncbi.nlm.nih.gov/pubmed/40374629	Combining cross-sectional and longitudinal genomic approaches to identify determinants of cognitive and physical decline.	Hand grip strength (baseline)	404,112 European ancestry individuals	NA	8q21.13	8	77915382		HIGD1AP18 - PKIA-AS1	ENSG00000253952	ENSG00000254266		901354	252251	rs1486925-T	rs1486925	0	1486925	intron_variant	1	0.683173	5E-10	9.301029995663981		0.009555	[0.0065-0.0126] unit increase	Affymetrix [9804480] (imputed)	N	grip strength measurement	http://www.ebi.ac.uk/efo/EFO_0006941	GCST90565845	Genome-wide genotyping array
2025-07-29	40374629	Schoeler T	2025-05-15	Nat Commun	www.ncbi.nlm.nih.gov/pubmed/40374629	Combining cross-sectional and longitudinal genomic approaches to identify determinants of cognitive and physical decline.	Hand grip strength (baseline)	404,112 European ancestry individuals	NA	11p11.2	11	46013915		PHF21A			ENSG00000135365			rs4237660-T	rs4237660	0	4237660	intron_variant	0	0.659199	2E-8	7.698970004336019		0.00840641	[0.0055-0.0113] unit increase	Affymetrix [9804480] (imputed)	N	grip strength measurement	http://www.ebi.ac.uk/efo/EFO_0006941	GCST90565845	Genome-wide genotyping array
2025-07-29	40374629	Schoeler T	2025-05-15	Nat Commun	www.ncbi.nlm.nih.gov/pubmed/40374629	Combining cross-sectional and longitudinal genomic approaches to identify determinants of cognitive and physical decline.	Hand grip strength (baseline)	404,112 European ancestry individuals	NA	11p11.2	11	47370563		SPI1			ENSG00000066336			rs7928419-G	rs7928419	0	7928419	intron_variant	0	0.328181	2E-9	8.698970004336019		0.00916195	[0.0062-0.0121] unit decrease	Affymetrix [9804480] (imputed)	N	grip strength measurement	http://www.ebi.ac.uk/efo/EFO_0006941	GCST90565845	Genome-wide genotyping array
2025-07-29	40374629	Schoeler T	2025-05-15	Nat Commun	www.ncbi.nlm.nih.gov/pubmed/40374629	Combining cross-sectional and longitudinal genomic approaches to identify determinants of cognitive and physical decline.	Hand grip strength (baseline)	404,112 European ancestry individuals	NA	11q13.2	11	66194027		PACS1			ENSG00000175115			rs56223081-G	rs56223081	0	56223081	intron_variant	0	0.945927	8E-15	14.096910013008056		0.025122	[0.019-0.031] unit increase	Affymetrix [9804480] (imputed)	N	grip strength measurement	http://www.ebi.ac.uk/efo/EFO_0006941	GCST90565845	Genome-wide genotyping array
2025-07-29	40374629	Schoeler T	2025-05-15	Nat Commun	www.ncbi.nlm.nih.gov/pubmed/40374629	Combining cross-sectional and longitudinal genomic approaches to identify determinants of cognitive and physical decline.	Hand grip strength (baseline)	404,112 European ancestry individuals	NA	8q23.1	8	109338692		ENY2			ENSG00000120533			rs34824085-A	rs34824085	0	34824085	intron_variant	0	0.829292	9E-12	11.045757490560675		0.0129261	[0.0092-0.0166] unit increase	Affymetrix [9804480] (imputed)	N	grip strength measurement	http://www.ebi.ac.uk/efo/EFO_0006941	GCST90565845	Genome-wide genotyping array
2025-07-29	40374629	Schoeler T	2025-05-15	Nat Commun	www.ncbi.nlm.nih.gov/pubmed/40374629	Combining cross-sectional and longitudinal genomic approaches to identify determinants of cognitive and physical decline.	Hand grip strength (baseline)	404,112 European ancestry individuals	NA	11q13.2	11	66609564		CCS - RNU4-39P	ENSG00000173992	ENSG00000199325		3545	5400	rs7119588-T	rs7119588	0	7119588	intergenic_variant	1	0.94179	2E-19	18.69897000433602		0.0284539	[0.022-0.035] unit increase	Affymetrix [9804480] (imputed)	N	grip strength measurement	http://www.ebi.ac.uk/efo/EFO_0006941	GCST90565845	Genome-wide genotyping array
2025-07-29	40374629	Schoeler T	2025-05-15	Nat Commun	www.ncbi.nlm.nih.gov/pubmed/40374629	Combining cross-sectional and longitudinal genomic approaches to identify determinants of cognitive and physical decline.	Hand grip strength (baseline)	404,112 European ancestry individuals	NA	9q22.32	9	94845391		AOPEP			ENSG00000148120			rs12344157-C	rs12344157	0	12344157	intron_variant	0	0.938222	3E-8	7.522878745280337		0.0164108	[0.011-0.022] unit increase	Affymetrix [9804480] (imputed)	N	grip strength measurement	http://www.ebi.ac.uk/efo/EFO_0006941	GCST90565845	Genome-wide genotyping array
2025-07-29	40374629	Schoeler T	2025-05-15	Nat Commun	www.ncbi.nlm.nih.gov/pubmed/40374629	Combining cross-sectional and longitudinal genomic approaches to identify determinants of cognitive and physical decline.	Hand grip strength (baseline)	404,112 European ancestry individuals	NA	9q33.1	9	116582804		ASTN2			ENSG00000148219			rs7856625-C	rs7856625	0	7856625	non_coding_transcript_exon_variant	0	0.391411	3E-16	15.522878745280337		0.0119487	[0.0091-0.0148] unit increase	Affymetrix [9804480] (imputed)	N	grip strength measurement	http://www.ebi.ac.uk/efo/EFO_0006941	GCST90565845	Genome-wide genotyping array
2025-07-29	40374629	Schoeler T	2025-05-15	Nat Commun	www.ncbi.nlm.nih.gov/pubmed/40374629	Combining cross-sectional and longitudinal genomic approaches to identify determinants of cognitive and physical decline.	Hand grip strength (baseline)	404,112 European ancestry individuals	NA	6p21.33	6	30875089		DDR1-DT			ENSG00000237775			rs77485342-C	rs77485342	0	77485342	non_coding_transcript_exon_variant	0	0.981379	1E-9	9.0		0.0321261	[0.022-0.042] unit decrease	Affymetrix [9804480] (imputed)	N	grip strength measurement	http://www.ebi.ac.uk/efo/EFO_0006941	GCST90565845	Genome-wide genotyping array
2025-07-29	40374629	Schoeler T	2025-05-15	Nat Commun	www.ncbi.nlm.nih.gov/pubmed/40374629	Combining cross-sectional and longitudinal genomic approaches to identify determinants of cognitive and physical decline.	Hand grip strength (baseline)	404,112 European ancestry individuals	NA	3p13	3	71115814		FOXP1			ENSG00000114861			rs71298370-G	rs71298370	0	71298370	intron_variant	0	0.913174	8E-12	11.096910013008056		0.0176771	[0.013-0.023] unit decrease	Affymetrix [9804480] (imputed)	N	grip strength measurement	http://www.ebi.ac.uk/efo/EFO_0006941	GCST90565845	Genome-wide genotyping array
2025-07-29	40374629	Schoeler T	2025-05-15	Nat Commun	www.ncbi.nlm.nih.gov/pubmed/40374629	Combining cross-sectional and longitudinal genomic approaches to identify determinants of cognitive and physical decline.	Hand grip strength (baseline)	404,112 European ancestry individuals	NA	6p21.33	6	31468270		HCP5			ENSG00000206337			rs2518028-T	rs2518028	0	2518028	intron_variant	0	0.354409	1E-18	18.0		0.01324	[0.01-0.016] unit increase	Affymetrix [9804480] (imputed)	N	grip strength measurement	http://www.ebi.ac.uk/efo/EFO_0006941	GCST90565845	Genome-wide genotyping array
2025-07-29	40374629	Schoeler T	2025-05-15	Nat Commun	www.ncbi.nlm.nih.gov/pubmed/40374629	Combining cross-sectional and longitudinal genomic approaches to identify determinants of cognitive and physical decline.	Hand grip strength (baseline)	404,112 European ancestry individuals	NA	3q27.1	3	184283358		ECE2, EEF1AKMT4-ECE2			ENSG00000145194, ENSG00000284917			rs56172794-C	rs56172794	0	56172794	intron_variant	0	0.508424	2E-9	8.698970004336019		0.00856846	[0.0058-0.0114] unit increase	Affymetrix [9804480] (imputed)	N	grip strength measurement	http://www.ebi.ac.uk/efo/EFO_0006941	GCST90565845	Genome-wide genotyping array
2025-07-29	40374629	Schoeler T	2025-05-15	Nat Commun	www.ncbi.nlm.nih.gov/pubmed/40374629	Combining cross-sectional and longitudinal genomic approaches to identify determinants of cognitive and physical decline.	Hand grip strength (baseline)	404,112 European ancestry individuals	NA	6p21.33	6	31873426		SLC44A4			ENSG00000204385			rs192741093-G	rs192741093	0	192741093	intron_variant	0	0.985729	6E-11	10.221848749616356		0.0430279	[0.03-0.056] unit decrease	Affymetrix [9804480] (imputed)	N	grip strength measurement	http://www.ebi.ac.uk/efo/EFO_0006941	GCST90565845	Genome-wide genotyping array
2025-07-29	40374629	Schoeler T	2025-05-15	Nat Commun	www.ncbi.nlm.nih.gov/pubmed/40374629	Combining cross-sectional and longitudinal genomic approaches to identify determinants of cognitive and physical decline.	Hand grip strength (baseline)	404,112 European ancestry individuals	NA	6p21.32	6	32146203		FKBPL - PPT2	ENSG00000204315	ENSG00000221988		15133	377	rs4713506-G	rs4713506	0	4713506	intergenic_variant	1	0.745809	2E-22	21.69897000433602		0.0159852	[0.013-0.019] unit increase	Affymetrix [9804480] (imputed)	N	grip strength measurement	http://www.ebi.ac.uk/efo/EFO_0006941	GCST90565845	Genome-wide genotyping array
2025-07-29	40374629	Schoeler T	2025-05-15	Nat Commun	www.ncbi.nlm.nih.gov/pubmed/40374629	Combining cross-sectional and longitudinal genomic approaches to identify determinants of cognitive and physical decline.	Hand grip strength (baseline)	404,112 European ancestry individuals	NA	2q24.3	2	168847150		NOSTRIN, SPC25			ENSG00000163072, ENSG00000152253			rs531864-C	rs531864	0	531864	intron_variant	0	0.650284	7E-9	8.154901959985743		0.00872349	[0.0058-0.0117] unit decrease	Affymetrix [9804480] (imputed)	N	grip strength measurement	http://www.ebi.ac.uk/efo/EFO_0006941	GCST90565845	Genome-wide genotyping array
2025-07-29	40374629	Schoeler T	2025-05-15	Nat Commun	www.ncbi.nlm.nih.gov/pubmed/40374629	Combining cross-sectional and longitudinal genomic approaches to identify determinants of cognitive and physical decline.	Hand grip strength (baseline)	404,112 European ancestry individuals	NA	2q35	2	219117942		NHEJ1			ENSG00000187736			rs7585868-G	rs7585868	0	7585868	intron_variant	0	0.90311	3E-8	7.522878745280337		0.0133792	[0.0086-0.0181] unit increase	Affymetrix [9804480] (imputed)	N	grip strength measurement	http://www.ebi.ac.uk/efo/EFO_0006941	GCST90565845	Genome-wide genotyping array
2025-07-29	40374629	Schoeler T	2025-05-15	Nat Commun	www.ncbi.nlm.nih.gov/pubmed/40374629	Combining cross-sectional and longitudinal genomic approaches to identify determinants of cognitive and physical decline.	Hand grip strength (baseline)	404,112 European ancestry individuals	NA	3p22.2	3	38533000		EXOG			ENSG00000157036			rs6792762-G	rs6792762	0	6792762	intergenic_variant	0	0.582029	2E-11	10.698970004336019		0.00977292	[0.0069-0.0126] unit increase	Affymetrix [9804480] (imputed)	N	grip strength measurement	http://www.ebi.ac.uk/efo/EFO_0006941	GCST90565845	Genome-wide genotyping array
2025-07-29	40374629	Schoeler T	2025-05-15	Nat Commun	www.ncbi.nlm.nih.gov/pubmed/40374629	Combining cross-sectional and longitudinal genomic approaches to identify determinants of cognitive and physical decline.	Hand grip strength (baseline)	404,112 European ancestry individuals	NA	6q16.3	6	104931079		LIN28B-AS1			ENSG00000203809			rs7759938-C	rs7759938	0	7759938	intron_variant	0	0.322466	1E-11	11.0		0.0103904	[0.0074-0.0134] unit increase	Affymetrix [9804480] (imputed)	N	grip strength measurement	http://www.ebi.ac.uk/efo/EFO_0006941	GCST90565845	Genome-wide genotyping array
2025-07-29	40374629	Schoeler T	2025-05-15	Nat Commun	www.ncbi.nlm.nih.gov/pubmed/40374629	Combining cross-sectional and longitudinal genomic approaches to identify determinants of cognitive and physical decline.	Hand grip strength (baseline)	404,112 European ancestry individuals	NA	6q21	6	109489394		ZBTB24-DT			ENSG00000223537			rs9400285-C	rs9400285	0	9400285	intron_variant	0	0.745797	4E-8	7.3979400086720375		0.00901921	[0.0058-0.0122] unit decrease	Affymetrix [9804480] (imputed)	N	grip strength measurement	http://www.ebi.ac.uk/efo/EFO_0006941	GCST90565845	Genome-wide genotyping array
2025-07-29	40374629	Schoeler T	2025-05-15	Nat Commun	www.ncbi.nlm.nih.gov/pubmed/40374629	Combining cross-sectional and longitudinal genomic approaches to identify determinants of cognitive and physical decline.	Hand grip strength (baseline)	404,112 European ancestry individuals	NA	19q13.12	19	36438378		ZFP82 - ZNF566	ENSG00000181007	ENSG00000186017		19711	6741	rs2967527-G	rs2967527	0	2967527	intergenic_variant	1	0.698787	2E-9	8.698970004336019		0.00932896	[0.0063-0.0124] unit decrease	Affymetrix [9804480] (imputed)	N	grip strength measurement	http://www.ebi.ac.uk/efo/EFO_0006941	GCST90565845	Genome-wide genotyping array
2025-07-29	40374629	Schoeler T	2025-05-15	Nat Commun	www.ncbi.nlm.nih.gov/pubmed/40374629	Combining cross-sectional and longitudinal genomic approaches to identify determinants of cognitive and physical decline.	Hand grip strength (baseline)	404,112 European ancestry individuals	NA	19q13.12	19	36885854		ZNF345			ENSG00000251247			rs10403906-G	rs10403906	0	10403906	intron_variant	0	0.5212	3E-10	9.522878745280337		0.00899554	[0.0062-0.0118] unit increase	Affymetrix [9804480] (imputed)	N	grip strength measurement	http://www.ebi.ac.uk/efo/EFO_0006941	GCST90565845	Genome-wide genotyping array
2025-07-29	40374629	Schoeler T	2025-05-15	Nat Commun	www.ncbi.nlm.nih.gov/pubmed/40374629	Combining cross-sectional and longitudinal genomic approaches to identify determinants of cognitive and physical decline.	Hand grip strength (baseline)	404,112 European ancestry individuals	NA	19q13.12	19	37202862		ZNF585B			ENSG00000245680			rs12462716-C	rs12462716	0	12462716	intron_variant	0	0.853424	5E-9	8.301029995663981		0.0118067	[0.0079-0.0158] unit decrease	Affymetrix [9804480] (imputed)	N	grip strength measurement	http://www.ebi.ac.uk/efo/EFO_0006941	GCST90565845	Genome-wide genotyping array
2025-07-29	40374629	Schoeler T	2025-05-15	Nat Commun	www.ncbi.nlm.nih.gov/pubmed/40374629	Combining cross-sectional and longitudinal genomic approaches to identify determinants of cognitive and physical decline.	Hand grip strength (baseline)	404,112 European ancestry individuals	NA	19q13.12	19	37266101		LINC01535			ENSG00000226686			rs375770875-T	rs375770875	0	375770875	splice_polypyrimidine_tract_variant	0	0.542407	2E-8	7.698970004336019		0.00826333	[0.0054-0.0111] unit increase	Affymetrix [9804480] (imputed)	N	grip strength measurement	http://www.ebi.ac.uk/efo/EFO_0006941	GCST90565845	Genome-wide genotyping array
2025-07-29	40374629	Schoeler T	2025-05-15	Nat Commun	www.ncbi.nlm.nih.gov/pubmed/40374629	Combining cross-sectional and longitudinal genomic approaches to identify determinants of cognitive and physical decline.	Hand grip strength (baseline)	404,112 European ancestry individuals	NA	19q13.12	19	37566604		ZNF571-AS1, ZNF540, ZNF571			ENSG00000267470, ENSG00000171817, ENSG00000180479			rs8101610-G	rs8101610	0	8101610	intron_variant	0	0.61297	6E-9	8.221848749616356		0.00850661	[0.0056-0.0114] unit increase	Affymetrix [9804480] (imputed)	N	grip strength measurement	http://www.ebi.ac.uk/efo/EFO_0006941	GCST90565845	Genome-wide genotyping array
2025-07-29	40374629	Schoeler T	2025-05-15	Nat Commun	www.ncbi.nlm.nih.gov/pubmed/40374629	Combining cross-sectional and longitudinal genomic approaches to identify determinants of cognitive and physical decline.	Hand grip strength (baseline)	404,112 European ancestry individuals	NA	19q13.13	19	37950496		SIPA1L3			ENSG00000105738			rs17249336-C	rs17249336	0	17249336	intron_variant	0	0.649042	1E-8	8.0		0.00850482	[0.0056-0.0114] unit increase	Affymetrix [9804480] (imputed)	N	grip strength measurement	http://www.ebi.ac.uk/efo/EFO_0006941	GCST90565845	Genome-wide genotyping array
2025-07-29	40374629	Schoeler T	2025-05-15	Nat Commun	www.ncbi.nlm.nih.gov/pubmed/40374629	Combining cross-sectional and longitudinal genomic approaches to identify determinants of cognitive and physical decline.	Hand grip strength (baseline)	404,112 European ancestry individuals	NA	19q13.32	19	44907187		APOE			ENSG00000130203			rs769450-G	rs769450	0	769450	intron_variant	0	0.603756	6E-9	8.221848749616356		0.00845913	[0.0056-0.0113] unit decrease	Affymetrix [9804480] (imputed)	N	grip strength measurement	http://www.ebi.ac.uk/efo/EFO_0006941	GCST90565845	Genome-wide genotyping array
2025-07-29	40374629	Schoeler T	2025-05-15	Nat Commun	www.ncbi.nlm.nih.gov/pubmed/40374629	Combining cross-sectional and longitudinal genomic approaches to identify determinants of cognitive and physical decline.	Hand grip strength (baseline)	404,112 European ancestry individuals	NA	19q13.32	19	45499198		PPM1N			ENSG00000213889			rs3745821-G	rs3745821	0	3745821	synonymous_variant	0	0.932047	4E-12	11.397940008672037		0.0196503	[0.014-0.025] unit increase	Affymetrix [9804480] (imputed)	N	grip strength measurement	http://www.ebi.ac.uk/efo/EFO_0006941	GCST90565845	Genome-wide genotyping array
2025-07-29	40374629	Schoeler T	2025-05-15	Nat Commun	www.ncbi.nlm.nih.gov/pubmed/40374629	Combining cross-sectional and longitudinal genomic approaches to identify determinants of cognitive and physical decline.	Hand grip strength (baseline)	404,112 European ancestry individuals	NA	19q13.41	19	51717960		HAS1			ENSG00000105509			rs4363950-A	rs4363950	0	4363950	intron_variant	0	0.291741	1E-13	13.0		0.011643	[0.0086-0.0147] unit decrease	Affymetrix [9804480] (imputed)	N	grip strength measurement	http://www.ebi.ac.uk/efo/EFO_0006941	GCST90565845	Genome-wide genotyping array
2025-07-29	40374629	Schoeler T	2025-05-15	Nat Commun	www.ncbi.nlm.nih.gov/pubmed/40374629	Combining cross-sectional and longitudinal genomic approaches to identify determinants of cognitive and physical decline.	Hand grip strength (baseline)	404,112 European ancestry individuals	NA	19q13.42	19	55368304		IL11			ENSG00000095752			rs4252548-C	rs4252548	0	4252548	missense_variant	0	0.978554	4E-10	9.397940008672037		0.0306455	[0.021-0.04] unit increase	Affymetrix [9804480] (imputed)	N	grip strength measurement	http://www.ebi.ac.uk/efo/EFO_0006941	GCST90565845	Genome-wide genotyping array
2025-07-29	40374629	Schoeler T	2025-05-15	Nat Commun	www.ncbi.nlm.nih.gov/pubmed/40374629	Combining cross-sectional and longitudinal genomic approaches to identify determinants of cognitive and physical decline.	Hand grip strength (baseline)	404,112 European ancestry individuals	NA	20p12.1	20	13281840		ISM1			ENSG00000101230			rs719628-T	rs719628	0	719628	intron_variant	0	0.74415	3E-10	9.522878745280337		0.010297	[0.0071-0.0135] unit decrease	Affymetrix [9804480] (imputed)	N	grip strength measurement	http://www.ebi.ac.uk/efo/EFO_0006941	GCST90565845	Genome-wide genotyping array
2025-07-29	40374629	Schoeler T	2025-05-15	Nat Commun	www.ncbi.nlm.nih.gov/pubmed/40374629	Combining cross-sectional and longitudinal genomic approaches to identify determinants of cognitive and physical decline.	Hand grip strength (baseline)	404,112 European ancestry individuals	NA	20q11.22	20	34369410		ITCH			ENSG00000078747			rs3746455-G	rs3746455	0	3746455	5_prime_UTR_variant	0	0.490349	2E-18	17.69897000433602		0.0125262	[0.0097-0.0153] unit increase	Affymetrix [9804480] (imputed)	N	grip strength measurement	http://www.ebi.ac.uk/efo/EFO_0006941	GCST90565845	Genome-wide genotyping array
2025-07-29	40374629	Schoeler T	2025-05-15	Nat Commun	www.ncbi.nlm.nih.gov/pubmed/40374629	Combining cross-sectional and longitudinal genomic approaches to identify determinants of cognitive and physical decline.	Hand grip strength (baseline)	404,112 European ancestry individuals	NA	20q11.22	20	34636370		PIGU			ENSG00000101464			rs6058094-C	rs6058094	0	6058094	intron_variant	0	0.549914	2E-22	21.69897000433602		0.013978	[0.011-0.017] unit decrease	Affymetrix [9804480] (imputed)	N	grip strength measurement	http://www.ebi.ac.uk/efo/EFO_0006941	GCST90565845	Genome-wide genotyping array
2025-07-29	40374629	Schoeler T	2025-05-15	Nat Commun	www.ncbi.nlm.nih.gov/pubmed/40374629	Combining cross-sectional and longitudinal genomic approaches to identify determinants of cognitive and physical decline.	Hand grip strength (baseline)	404,112 European ancestry individuals	NA	20q11.22	20	34941963		GSS			ENSG00000100983			rs2273684-T	rs2273684	0	2273684	intron_variant	0	0.554537	8E-24	23.096910013008056		0.0145344	[0.012-0.017] unit decrease	Affymetrix [9804480] (imputed)	N	grip strength measurement	http://www.ebi.ac.uk/efo/EFO_0006941	GCST90565845	Genome-wide genotyping array
2025-07-29	40374629	Schoeler T	2025-05-15	Nat Commun	www.ncbi.nlm.nih.gov/pubmed/40374629	Combining cross-sectional and longitudinal genomic approaches to identify determinants of cognitive and physical decline.	Hand grip strength (baseline)	404,112 European ancestry individuals	NA	20q11.22	20	35226063		MMP24OS			ENSG00000126005			rs34421624-T	rs34421624	0	34421624	regulatory_region_variant	0	0.798517	6E-10	9.221848749616356		0.0110985	[0.0076-0.0146] unit decrease	Affymetrix [9804480] (imputed)	N	grip strength measurement	http://www.ebi.ac.uk/efo/EFO_0006941	GCST90565845	Genome-wide genotyping array
2025-07-29	40374629	Schoeler T	2025-05-15	Nat Commun	www.ncbi.nlm.nih.gov/pubmed/40374629	Combining cross-sectional and longitudinal genomic approaches to identify determinants of cognitive and physical decline.	Hand grip strength (baseline)	404,112 European ancestry individuals	NA	20q11.22	20	35236029		MMP24, MMP24OS			ENSG00000125966, ENSG00000126005			rs2425020-T	rs2425020	0	2425020	intron_variant	0	0.256944	2E-9	8.698970004336019		0.0100436	[0.0068-0.0133] unit decrease	Affymetrix [9804480] (imputed)	N	grip strength measurement	http://www.ebi.ac.uk/efo/EFO_0006941	GCST90565845	Genome-wide genotyping array
2025-07-29	40374629	Schoeler T	2025-05-15	Nat Commun	www.ncbi.nlm.nih.gov/pubmed/40374629	Combining cross-sectional and longitudinal genomic approaches to identify determinants of cognitive and physical decline.	Hand grip strength (baseline)	404,112 European ancestry individuals	NA	20q11.22	20	35291675		FAM83C			ENSG00000125998			rs2425050-A	rs2425050	0	2425050	intron_variant	0	0.774413	2E-16	15.698970004336019		0.0139525	[0.011-0.017] unit decrease	Affymetrix [9804480] (imputed)	N	grip strength measurement	http://www.ebi.ac.uk/efo/EFO_0006941	GCST90565845	Genome-wide genotyping array
2025-07-29	40374629	Schoeler T	2025-05-15	Nat Commun	www.ncbi.nlm.nih.gov/pubmed/40374629	Combining cross-sectional and longitudinal genomic approaches to identify determinants of cognitive and physical decline.	Hand grip strength (baseline)	404,112 European ancestry individuals	NA	20q11.22	20	35371344		UQCC1			ENSG00000101019			rs568259398-G	rs568259398	0	568259398	intron_variant	0	0.829657	1E-9	9.0		0.0140084	[0.0095-0.0185] unit increase	Affymetrix [9804480] (imputed)	N	grip strength measurement	http://www.ebi.ac.uk/efo/EFO_0006941	GCST90565845	Genome-wide genotyping array
2025-07-29	40374629	Schoeler T	2025-05-15	Nat Commun	www.ncbi.nlm.nih.gov/pubmed/40374629	Combining cross-sectional and longitudinal genomic approaches to identify determinants of cognitive and physical decline.	Hand grip strength (baseline)	404,112 European ancestry individuals	NA	20q11.22	20	35437976		GDF5			ENSG00000125965			rs143384-A	rs143384	0	143384	5_prime_UTR_variant	0	0.597245	2E-52	51.69897000433602		0.0221114	[0.019-0.025] unit decrease	Affymetrix [9804480] (imputed)	N	grip strength measurement	http://www.ebi.ac.uk/efo/EFO_0006941	GCST90565845	Genome-wide genotyping array
2025-07-29	40374629	Schoeler T	2025-05-15	Nat Commun	www.ncbi.nlm.nih.gov/pubmed/40374629	Combining cross-sectional and longitudinal genomic approaches to identify determinants of cognitive and physical decline.	Hand grip strength (baseline)	404,112 European ancestry individuals	NA	20q11.22	20	35491154		CEP250			ENSG00000126001			rs41301827-C	rs41301827	0	41301827	intron_variant	0	0.978389	2E-9	8.698970004336019		0.0303379	[0.02-0.04] unit increase	Affymetrix [9804480] (imputed)	N	grip strength measurement	http://www.ebi.ac.uk/efo/EFO_0006941	GCST90565845	Genome-wide genotyping array
2025-07-29	40374629	Schoeler T	2025-05-15	Nat Commun	www.ncbi.nlm.nih.gov/pubmed/40374629	Combining cross-sectional and longitudinal genomic approaches to identify determinants of cognitive and physical decline.	Hand grip strength (baseline)	404,112 European ancestry individuals	NA	20q11.22	20	35705777		RBM39			ENSG00000131051			rs2425073-A	rs2425073	0	2425073	intron_variant	0	0.828065	8E-13	12.096910013008056		0.013564	[0.0099-0.0173] unit decrease	Affymetrix [9804480] (imputed)	N	grip strength measurement	http://www.ebi.ac.uk/efo/EFO_0006941	GCST90565845	Genome-wide genotyping array
2025-07-29	40374629	Schoeler T	2025-05-15	Nat Commun	www.ncbi.nlm.nih.gov/pubmed/40374629	Combining cross-sectional and longitudinal genomic approaches to identify determinants of cognitive and physical decline.	Hand grip strength (baseline)	404,112 European ancestry individuals	NA	20q11.23	20	35958736		SCAND1, CNBD2			ENSG00000171222, ENSG00000149646			rs6058378-G	rs6058378	0	6058378	intergenic_variant	0	0.836274	1E-10	10.0		0.0124052	[0.0086-0.0162] unit decrease	Affymetrix [9804480] (imputed)	N	grip strength measurement	http://www.ebi.ac.uk/efo/EFO_0006941	GCST90565845	Genome-wide genotyping array
2025-07-29	40374629	Schoeler T	2025-05-15	Nat Commun	www.ncbi.nlm.nih.gov/pubmed/40374629	Combining cross-sectional and longitudinal genomic approaches to identify determinants of cognitive and physical decline.	Hand grip strength (baseline)	404,112 European ancestry individuals	NA	20q13.13	20	48938545		ARFGEF2			ENSG00000124198			rs11906450-A	rs11906450	0	11906450	intron_variant	0	0.752512	1E-11	11.0		0.0111682	[0.0079-0.0144] unit decrease	Affymetrix [9804480] (imputed)	N	grip strength measurement	http://www.ebi.ac.uk/efo/EFO_0006941	GCST90565845	Genome-wide genotyping array
2025-07-29	40374629	Schoeler T	2025-05-15	Nat Commun	www.ncbi.nlm.nih.gov/pubmed/40374629	Combining cross-sectional and longitudinal genomic approaches to identify determinants of cognitive and physical decline.	Hand grip strength (baseline)	404,112 European ancestry individuals	NA	20q13.13	20	49189555		STAU1 - DDX27	ENSG00000124214	ENSG00000124228		1138	29792	rs3795075-G	rs3795075	0	3795075	intergenic_variant	1	0.759554	7E-11	10.154901959985743		0.0108792	[0.0076-0.0141] unit decrease	Affymetrix [9804480] (imputed)	N	grip strength measurement	http://www.ebi.ac.uk/efo/EFO_0006941	GCST90565845	Genome-wide genotyping array
2025-07-29	40374629	Schoeler T	2025-05-15	Nat Commun	www.ncbi.nlm.nih.gov/pubmed/40374629	Combining cross-sectional and longitudinal genomic approaches to identify determinants of cognitive and physical decline.	Hand grip strength (baseline)	404,112 European ancestry individuals	NA	20q13.33	20	63953461		UCKL1, UCKL1-AS1			ENSG00000198276, ENSG00000280213			rs817316-A	rs817316	0	817316	non_coding_transcript_exon_variant	0	0.599273	4E-8	7.3979400086720375		0.00798125	[0.0051-0.0108] unit decrease	Affymetrix [9804480] (imputed)	N	grip strength measurement	http://www.ebi.ac.uk/efo/EFO_0006941	GCST90565845	Genome-wide genotyping array
2025-07-29	40374629	Schoeler T	2025-05-15	Nat Commun	www.ncbi.nlm.nih.gov/pubmed/40374629	Combining cross-sectional and longitudinal genomic approaches to identify determinants of cognitive and physical decline.	Hand grip strength (baseline)	404,112 European ancestry individuals	NA	17q21.31	17	46712837		NSF			ENSG00000073969			rs169201-A	rs169201	0	169201	intron_variant	0	0.784423	3E-14	13.522878745280337		0.013159	[0.0098-0.0166] unit increase	Affymetrix [9804480] (imputed)	N	grip strength measurement	http://www.ebi.ac.uk/efo/EFO_0006941	GCST90565845	Genome-wide genotyping array
2025-07-29	40374629	Schoeler T	2025-05-15	Nat Commun	www.ncbi.nlm.nih.gov/pubmed/40374629	Combining cross-sectional and longitudinal genomic approaches to identify determinants of cognitive and physical decline.	Hand grip strength (baseline)	404,112 European ancestry individuals	NA	17q21.32	17	47801367		TBX21 - OSBPL7	ENSG00000073861	ENSG00000006025		55241	6000	rs4793658-A	rs4793658	0	4793658	intergenic_variant	1	0.889505	7E-9	8.154901959985743		0.0137921	[0.0091-0.0185] unit increase	Affymetrix [9804480] (imputed)	N	grip strength measurement	http://www.ebi.ac.uk/efo/EFO_0006941	GCST90565845	Genome-wide genotyping array
2025-07-29	40374629	Schoeler T	2025-05-15	Nat Commun	www.ncbi.nlm.nih.gov/pubmed/40374629	Combining cross-sectional and longitudinal genomic approaches to identify determinants of cognitive and physical decline.	Hand grip strength (baseline)	404,112 European ancestry individuals	NA	17q21.32	17	47975427		CDK5RAP3			ENSG00000108465			rs2597172-A	rs2597172	0	2597172	intron_variant	0	0.259594	2E-10	9.698970004336019		0.010397	[0.0072-0.0136] unit decrease	Affymetrix [9804480] (imputed)	N	grip strength measurement	http://www.ebi.ac.uk/efo/EFO_0006941	GCST90565845	Genome-wide genotyping array
2025-07-29	40374629	Schoeler T	2025-05-15	Nat Commun	www.ncbi.nlm.nih.gov/pubmed/40374629	Combining cross-sectional and longitudinal genomic approaches to identify determinants of cognitive and physical decline.	Hand grip strength (baseline)	404,112 European ancestry individuals	NA	17q21.32	17	48226196		SKAP1			ENSG00000141293			rs4534896-G	rs4534896	0	4534896	intron_variant	0	0.808089	3E-15	14.522878745280337		0.014319	[0.011-0.018] unit increase	Affymetrix [9804480] (imputed)	N	grip strength measurement	http://www.ebi.ac.uk/efo/EFO_0006941	GCST90565845	Genome-wide genotyping array
2025-07-29	40374629	Schoeler T	2025-05-15	Nat Commun	www.ncbi.nlm.nih.gov/pubmed/40374629	Combining cross-sectional and longitudinal genomic approaches to identify determinants of cognitive and physical decline.	Hand grip strength (baseline)	404,112 European ancestry individuals	NA	17q21.32	17	48586488		HOXB3, HOXB-AS3			ENSG00000120093, ENSG00000233101			rs4793937-G	rs4793937	0	4793937	intron_variant	0	0.821425	2E-15	14.698970004336019		0.0148743	[0.011-0.019] unit increase	Affymetrix [9804480] (imputed)	N	grip strength measurement	http://www.ebi.ac.uk/efo/EFO_0006941	GCST90565845	Genome-wide genotyping array
2025-07-29	40374629	Schoeler T	2025-05-15	Nat Commun	www.ncbi.nlm.nih.gov/pubmed/40374629	Combining cross-sectional and longitudinal genomic approaches to identify determinants of cognitive and physical decline.	Hand grip strength (baseline)	404,112 European ancestry individuals	NA	17q23.3	17	63615834		FAM136DP - MAP3K3	ENSG00000270587	ENSG00000198909		4650	6547	rs6504167-G	rs6504167	0	6504167	intergenic_variant	1	0.723434	4E-12	11.397940008672037		0.0110945	[0.008-0.0142] unit decrease	Affymetrix [9804480] (imputed)	N	grip strength measurement	http://www.ebi.ac.uk/efo/EFO_0006941	GCST90565845	Genome-wide genotyping array
2025-07-29	40374629	Schoeler T	2025-05-15	Nat Commun	www.ncbi.nlm.nih.gov/pubmed/40374629	Combining cross-sectional and longitudinal genomic approaches to identify determinants of cognitive and physical decline.	Hand grip strength (baseline)	404,112 European ancestry individuals	NA	17q23.3	17	63886848		GH2 - CSH1	ENSG00000136487	ENSG00000136488		4904	8061	rs28479295-C	rs28479295	0	28479295	intron_variant	1	0.703536	3E-9	8.522878745280337		0.00933533	[0.0062-0.0124] unit decrease	Affymetrix [9804480] (imputed)	N	grip strength measurement	http://www.ebi.ac.uk/efo/EFO_0006941	GCST90565845	Genome-wide genotyping array
2025-07-29	40374629	Schoeler T	2025-05-15	Nat Commun	www.ncbi.nlm.nih.gov/pubmed/40374629	Combining cross-sectional and longitudinal genomic approaches to identify determinants of cognitive and physical decline.	Hand grip strength (baseline)	404,112 European ancestry individuals	NA	17q23.3	17	63918913		GH1 - CD79B	ENSG00000259384	ENSG00000007312		74	9825	rs11568828-T	rs11568828	0	11568828	intron_variant	1	0.882966	1E-10	10.0		0.0152771	[0.011-0.02] unit increase	Affymetrix [9804480] (imputed)	N	grip strength measurement	http://www.ebi.ac.uk/efo/EFO_0006941	GCST90565845	Genome-wide genotyping array
2025-07-29	40374629	Schoeler T	2025-05-15	Nat Commun	www.ncbi.nlm.nih.gov/pubmed/40374629	Combining cross-sectional and longitudinal genomic approaches to identify determinants of cognitive and physical decline.	Hand grip strength (baseline)	404,112 European ancestry individuals	NA	17q23.3	17	63940061		SCN4A			ENSG00000007314			rs2532111-A	rs2532111	0	2532111	3_prime_UTR_variant	0	0.361193	1E-13	13.0		0.0111075	[0.0082-0.014] unit decrease	Affymetrix [9804480] (imputed)	N	grip strength measurement	http://www.ebi.ac.uk/efo/EFO_0006941	GCST90565845	Genome-wide genotyping array
2025-07-29	40374629	Schoeler T	2025-05-15	Nat Commun	www.ncbi.nlm.nih.gov/pubmed/40374629	Combining cross-sectional and longitudinal genomic approaches to identify determinants of cognitive and physical decline.	Hand grip strength (baseline)	404,112 European ancestry individuals	NA	17q24.1	17	65565474		AXIN2 - CEP112	ENSG00000168646	ENSG00000154240		3407	70063	rs757558-G	rs757558	0	757558	intron_variant	1	0.844621	2E-10	9.698970004336019		0.0125528	[0.0087-0.0164] unit increase	Affymetrix [9804480] (imputed)	N	grip strength measurement	http://www.ebi.ac.uk/efo/EFO_0006941	GCST90565845	Genome-wide genotyping array
2025-07-29	40374629	Schoeler T	2025-05-15	Nat Commun	www.ncbi.nlm.nih.gov/pubmed/40374629	Combining cross-sectional and longitudinal genomic approaches to identify determinants of cognitive and physical decline.	Hand grip strength (baseline)	404,112 European ancestry individuals	NA	17q25.3	17	79810469		LINC01977			ENSG00000262772			rs2587505-T	rs2587505	0	2587505	intergenic_variant	0	0.579825	4E-12	11.397940008672037		0.0100464	[0.0072-0.0129] unit increase	Affymetrix [9804480] (imputed)	N	grip strength measurement	http://www.ebi.ac.uk/efo/EFO_0006941	GCST90565845	Genome-wide genotyping array
2025-07-29	40374629	Schoeler T	2025-05-15	Nat Commun	www.ncbi.nlm.nih.gov/pubmed/40374629	Combining cross-sectional and longitudinal genomic approaches to identify determinants of cognitive and physical decline.	Hand grip strength (baseline)	404,112 European ancestry individuals	NA	17q25.3	17	81120022		AATK			ENSG00000181409			rs36000545-A	rs36000545	0	36000545	missense_variant	0	0.606068	2E-8	7.698970004336019		0.00835294	[0.0055-0.0112] unit increase	Affymetrix [9804480] (imputed)	N	grip strength measurement	http://www.ebi.ac.uk/efo/EFO_0006941	GCST90565845	Genome-wide genotyping array
2025-07-29	40374629	Schoeler T	2025-05-15	Nat Commun	www.ncbi.nlm.nih.gov/pubmed/40374629	Combining cross-sectional and longitudinal genomic approaches to identify determinants of cognitive and physical decline.	Hand grip strength (baseline)	404,112 European ancestry individuals	NA	18p11.21	18	13002310		CEP192			ENSG00000101639			rs9964912-G	rs9964912	0	9964912	intron_variant	0	0.428325	4E-8	7.3979400086720375		0.00800056	[0.0052-0.0108] unit increase	Affymetrix [9804480] (imputed)	N	grip strength measurement	http://www.ebi.ac.uk/efo/EFO_0006941	GCST90565845	Genome-wide genotyping array
2025-07-29	40374629	Schoeler T	2025-05-15	Nat Commun	www.ncbi.nlm.nih.gov/pubmed/40374629	Combining cross-sectional and longitudinal genomic approaches to identify determinants of cognitive and physical decline.	Hand grip strength (baseline)	404,112 European ancestry individuals	NA	18p11.21	18	13483799		LDLRAD4			ENSG00000168675			rs4797782-T	rs4797782	0	4797782	intron_variant	0	0.576937	9E-9	8.045757490560675		0.00831454	[0.0055-0.0111] unit increase	Affymetrix [9804480] (imputed)	N	grip strength measurement	http://www.ebi.ac.uk/efo/EFO_0006941	GCST90565845	Genome-wide genotyping array
2025-07-29	40374629	Schoeler T	2025-05-15	Nat Commun	www.ncbi.nlm.nih.gov/pubmed/40374629	Combining cross-sectional and longitudinal genomic approaches to identify determinants of cognitive and physical decline.	Hand grip strength (baseline)	404,112 European ancestry individuals	NA	18q11.2	18	23155497		CABLES1			ENSG00000134508			rs4308051-T	rs4308051	0	4308051	intron_variant	0	0.212344	1E-18	18.0		0.0153411	[0.012-0.019] unit decrease	Affymetrix [9804480] (imputed)	N	grip strength measurement	http://www.ebi.ac.uk/efo/EFO_0006941	GCST90565845	Genome-wide genotyping array
2025-07-29	40374629	Schoeler T	2025-05-15	Nat Commun	www.ncbi.nlm.nih.gov/pubmed/40374629	Combining cross-sectional and longitudinal genomic approaches to identify determinants of cognitive and physical decline.	Hand grip strength (baseline)	404,112 European ancestry individuals	NA	18q12.1	18	33910970		NOL4			ENSG00000101746			rs66517261-A	rs66517261	0	66517261	intron_variant	0	0.778265	1E-8	8.0		0.00984306	[0.0065-0.0132] unit increase	Affymetrix [9804480] (imputed)	N	grip strength measurement	http://www.ebi.ac.uk/efo/EFO_0006941	GCST90565845	Genome-wide genotyping array
2025-07-29	40374629	Schoeler T	2025-05-15	Nat Commun	www.ncbi.nlm.nih.gov/pubmed/40374629	Combining cross-sectional and longitudinal genomic approaches to identify determinants of cognitive and physical decline.	Hand grip strength (baseline)	404,112 European ancestry individuals	NA	18q12.2	18	37565159		CELF4			ENSG00000101489			rs11082011-C	rs11082011	0	11082011	intron_variant	0	0.331612	2E-8	7.698970004336019		0.00858306	[0.0056-0.0116] unit decrease	Affymetrix [9804480] (imputed)	N	grip strength measurement	http://www.ebi.ac.uk/efo/EFO_0006941	GCST90565845	Genome-wide genotyping array
2025-07-29	40374629	Schoeler T	2025-05-15	Nat Commun	www.ncbi.nlm.nih.gov/pubmed/40374629	Combining cross-sectional and longitudinal genomic approaches to identify determinants of cognitive and physical decline.	Hand grip strength (baseline)	404,112 European ancestry individuals	NA	18q21.1	18	49076594		DYM			ENSG00000141627			rs10520770-T	rs10520770	0	10520770	intron_variant	0	0.551265	3E-15	14.522878745280337		0.0113059	[0.0085-0.0141] unit decrease	Affymetrix [9804480] (imputed)	N	grip strength measurement	http://www.ebi.ac.uk/efo/EFO_0006941	GCST90565845	Genome-wide genotyping array
2025-07-29	40374629	Schoeler T	2025-05-15	Nat Commun	www.ncbi.nlm.nih.gov/pubmed/40374629	Combining cross-sectional and longitudinal genomic approaches to identify determinants of cognitive and physical decline.	Hand grip strength (baseline)	404,112 European ancestry individuals	NA	18q21.1	18	49418097		DYM			ENSG00000141627			rs11663141-G	rs11663141	0	11663141	intron_variant	0	0.562885	2E-14	13.698970004336019		0.0110194	[0.0082-0.0138] unit decrease	Affymetrix [9804480] (imputed)	N	grip strength measurement	http://www.ebi.ac.uk/efo/EFO_0006941	GCST90565845	Genome-wide genotyping array
2025-07-29	40374629	Schoeler T	2025-05-15	Nat Commun	www.ncbi.nlm.nih.gov/pubmed/40374629	Combining cross-sectional and longitudinal genomic approaches to identify determinants of cognitive and physical decline.	Hand grip strength (baseline)	404,112 European ancestry individuals	NA	18q21.2	18	55235854		TCF4			ENSG00000196628			rs1261070-A	rs1261070	0	1261070	intron_variant	0	0.0856792	7E-13	12.154901959985743		0.0182617	[0.013-0.023] unit increase	Affymetrix [9804480] (imputed)	N	grip strength measurement	http://www.ebi.ac.uk/efo/EFO_0006941	GCST90565845	Genome-wide genotyping array
2025-07-29	40374629	Schoeler T	2025-05-15	Nat Commun	www.ncbi.nlm.nih.gov/pubmed/40374629	Combining cross-sectional and longitudinal genomic approaches to identify determinants of cognitive and physical decline.	Hand grip strength (baseline)	404,112 European ancestry individuals	NA	18q21.2	18	55606383		TCF4			ENSG00000196628			rs635538-G	rs635538	0	635538	intron_variant	0	0.0864107	6E-18	17.221848749616356		0.0219569	[0.017-0.027] unit increase	Affymetrix [9804480] (imputed)	N	grip strength measurement	http://www.ebi.ac.uk/efo/EFO_0006941	GCST90565845	Genome-wide genotyping array
2025-07-29	40374629	Schoeler T	2025-05-15	Nat Commun	www.ncbi.nlm.nih.gov/pubmed/40374629	Combining cross-sectional and longitudinal genomic approaches to identify determinants of cognitive and physical decline.	Hand grip strength (baseline)	404,112 European ancestry individuals	NA	18q21.32	18	60178844		RNU4-17P - MC4R	ENSG00000202468	ENSG00000166603		15137	192218	rs663640-C	rs663640	0	663640	intergenic_variant	1	0.780095	3E-12	11.522878745280337		0.0120033	[0.0086-0.0154] unit decrease	Affymetrix [9804480] (imputed)	N	grip strength measurement	http://www.ebi.ac.uk/efo/EFO_0006941	GCST90565845	Genome-wide genotyping array
2025-07-29	40374629	Schoeler T	2025-05-15	Nat Commun	www.ncbi.nlm.nih.gov/pubmed/40374629	Combining cross-sectional and longitudinal genomic approaches to identify determinants of cognitive and physical decline.	Hand grip strength (baseline)	404,112 European ancestry individuals	NA	19p13.3	19	2186758		DOT1L			ENSG00000104885			rs8108461-T	rs8108461	0	8108461	intron_variant	0	0.42779	6E-10	9.221848749616356		0.00894125	[0.0061-0.0118] unit decrease	Affymetrix [9804480] (imputed)	N	grip strength measurement	http://www.ebi.ac.uk/efo/EFO_0006941	GCST90565845	Genome-wide genotyping array
2025-07-29	40374629	Schoeler T	2025-05-15	Nat Commun	www.ncbi.nlm.nih.gov/pubmed/40374629	Combining cross-sectional and longitudinal genomic approaches to identify determinants of cognitive and physical decline.	Hand grip strength (baseline)	404,112 European ancestry individuals	NA	19p13.2	19	8605262		ADAMTS10			ENSG00000142303			rs62621197-C	rs62621197	0	62621197	missense_variant	0	0.963595	4E-9	8.397940008672037		0.023157	[0.015-0.031] unit increase	Affymetrix [9804480] (imputed)	N	grip strength measurement	http://www.ebi.ac.uk/efo/EFO_0006941	GCST90565845	Genome-wide genotyping array
2025-07-29	40374629	Schoeler T	2025-05-15	Nat Commun	www.ncbi.nlm.nih.gov/pubmed/40374629	Combining cross-sectional and longitudinal genomic approaches to identify determinants of cognitive and physical decline.	Hand grip strength (baseline)	404,112 European ancestry individuals	NA	19p13.11	19	18281833		JUND - MIR3188	ENSG00000130522	ENSG00000267959		211	244	rs41523455-C	rs41523455	0	41523455	regulatory_region_variant	1	0.632459	2E-8	7.698970004336019		0.00837454	[0.0055-0.0113] unit decrease	Affymetrix [9804480] (imputed)	N	grip strength measurement	http://www.ebi.ac.uk/efo/EFO_0006941	GCST90565845	Genome-wide genotyping array
2025-07-29	40374629	Schoeler T	2025-05-15	Nat Commun	www.ncbi.nlm.nih.gov/pubmed/40374629	Combining cross-sectional and longitudinal genomic approaches to identify determinants of cognitive and physical decline.	Hand grip strength (baseline)	404,112 European ancestry individuals	NA	1p36.22	1	10489571		PEX14			ENSG00000142655			rs585870-C	rs585870	0	585870	intron_variant	0	0.314134	4E-10	9.397940008672037		0.00962494	[0.0066-0.0126] unit increase	Affymetrix [9804480] (imputed)	N	grip strength measurement	http://www.ebi.ac.uk/efo/EFO_0006941	GCST90565845	Genome-wide genotyping array
2025-07-29	40374629	Schoeler T	2025-05-15	Nat Commun	www.ncbi.nlm.nih.gov/pubmed/40374629	Combining cross-sectional and longitudinal genomic approaches to identify determinants of cognitive and physical decline.	Hand grip strength (baseline)	404,112 European ancestry individuals	NA	1p36.22	1	10573432		PEX14			ENSG00000142655			rs78507554-A	rs78507554	0	78507554	intron_variant	0	0.855088	2E-9	8.698970004336019		0.0122358	[0.0083-0.0162] unit increase	Affymetrix [9804480] (imputed)	N	grip strength measurement	http://www.ebi.ac.uk/efo/EFO_0006941	GCST90565845	Genome-wide genotyping array
2025-07-29	40374629	Schoeler T	2025-05-15	Nat Commun	www.ncbi.nlm.nih.gov/pubmed/40374629	Combining cross-sectional and longitudinal genomic approaches to identify determinants of cognitive and physical decline.	Hand grip strength (baseline)	404,112 European ancestry individuals	NA	1p36.12	1	22164837		WNT4 - MIR4418	ENSG00000162552	ENSG00000266564		20868	101402	rs2744755-T	rs2744755	0	2744755	intron_variant	1	0.646876	5E-10	9.301029995663981		0.00928743	[0.0064-0.0122] unit increase	Affymetrix [9804480] (imputed)	N	grip strength measurement	http://www.ebi.ac.uk/efo/EFO_0006941	GCST90565845	Genome-wide genotyping array
2025-07-29	40374629	Schoeler T	2025-05-15	Nat Commun	www.ncbi.nlm.nih.gov/pubmed/40374629	Combining cross-sectional and longitudinal genomic approaches to identify determinants of cognitive and physical decline.	Hand grip strength (baseline)	404,112 European ancestry individuals	NA	1p36.12	1	22997863		LACTBL1 - TEX46	ENSG00000215906	ENSG00000227868		24997	12971	rs12036324-T	rs12036324	0	12036324	intergenic_variant	1	0.673236	3E-10	9.522878745280337		0.00962545	[0.0066-0.0126] unit increase	Affymetrix [9804480] (imputed)	N	grip strength measurement	http://www.ebi.ac.uk/efo/EFO_0006941	GCST90565845	Genome-wide genotyping array
2025-07-29	40374629	Schoeler T	2025-05-15	Nat Commun	www.ncbi.nlm.nih.gov/pubmed/40374629	Combining cross-sectional and longitudinal genomic approaches to identify determinants of cognitive and physical decline.	Hand grip strength (baseline)	404,112 European ancestry individuals	NA	1p35.2	1	31608913		TINAGL1 - HCRTR1	ENSG00000142910	ENSG00000121764		21224	8747	rs10798876-C	rs10798876	0	10798876	intergenic_variant	1	0.446696	1E-10	10.0		0.00930285	[0.0065-0.0121] unit decrease	Affymetrix [9804480] (imputed)	N	grip strength measurement	http://www.ebi.ac.uk/efo/EFO_0006941	GCST90565845	Genome-wide genotyping array
2025-07-29	40374629	Schoeler T	2025-05-15	Nat Commun	www.ncbi.nlm.nih.gov/pubmed/40374629	Combining cross-sectional and longitudinal genomic approaches to identify determinants of cognitive and physical decline.	Hand grip strength (baseline)	404,112 European ancestry individuals	NA	1p34.3	1	34338898		C1orf94 - MIR552	ENSG00000142698	ENSG00000207941		119767	330701	rs1342160-G	rs1342160	0	1342160	intergenic_variant	1	0.603555	7E-10	9.154901959985743		0.00901032	[0.0061-0.0119] unit increase	Affymetrix [9804480] (imputed)	N	grip strength measurement	http://www.ebi.ac.uk/efo/EFO_0006941	GCST90565845	Genome-wide genotyping array
2025-07-29	40374629	Schoeler T	2025-05-15	Nat Commun	www.ncbi.nlm.nih.gov/pubmed/40374629	Combining cross-sectional and longitudinal genomic approaches to identify determinants of cognitive and physical decline.	Hand grip strength (baseline)	404,112 European ancestry individuals	NA	1p34.2	1	41104787		SCMH1			ENSG00000010803			rs475390-G	rs475390	0	475390	intron_variant	0	0.22442	8E-12	11.096910013008056		0.011707	[0.0083-0.0151] unit increase	Affymetrix [9804480] (imputed)	N	grip strength measurement	http://www.ebi.ac.uk/efo/EFO_0006941	GCST90565845	Genome-wide genotyping array
2025-07-29	40374629	Schoeler T	2025-05-15	Nat Commun	www.ncbi.nlm.nih.gov/pubmed/40374629	Combining cross-sectional and longitudinal genomic approaches to identify determinants of cognitive and physical decline.	Hand grip strength (baseline)	404,112 European ancestry individuals	NA	1p32.3	1	53586251		GLIS1			ENSG00000174332			rs4926604-T	rs4926604	0	4926604	intron_variant	0	0.346784	6E-20	19.221848749616356		0.013781	[0.011-0.017] unit decrease	Affymetrix [9804480] (imputed)	N	grip strength measurement	http://www.ebi.ac.uk/efo/EFO_0006941	GCST90565845	Genome-wide genotyping array
2025-07-29	40374629	Schoeler T	2025-05-15	Nat Commun	www.ncbi.nlm.nih.gov/pubmed/40374629	Combining cross-sectional and longitudinal genomic approaches to identify determinants of cognitive and physical decline.	Hand grip strength (baseline)	404,112 European ancestry individuals	NA	1p31.1	1	77811292		MIGA1			ENSG00000180488			rs4121165-G	rs4121165	0	4121165	non_coding_transcript_exon_variant	0	0.788319	2E-8	7.698970004336019		0.00978191	[0.0064-0.0132] unit increase	Affymetrix [9804480] (imputed)	N	grip strength measurement	http://www.ebi.ac.uk/efo/EFO_0006941	GCST90565845	Genome-wide genotyping array
2025-07-29	40374629	Schoeler T	2025-05-15	Nat Commun	www.ncbi.nlm.nih.gov/pubmed/40374629	Combining cross-sectional and longitudinal genomic approaches to identify determinants of cognitive and physical decline.	Hand grip strength (baseline)	404,112 European ancestry individuals	NA	1p22.2	1	88434281		PKN2-AS1			ENSG00000237505			rs4335354-C	rs4335354	0	4335354	intron_variant	0	0.681499	3E-10	9.522878745280337		0.00969995	[0.0067-0.0127] unit increase	Affymetrix [9804480] (imputed)	N	grip strength measurement	http://www.ebi.ac.uk/efo/EFO_0006941	GCST90565845	Genome-wide genotyping array
2025-07-29	40374629	Schoeler T	2025-05-15	Nat Commun	www.ncbi.nlm.nih.gov/pubmed/40374629	Combining cross-sectional and longitudinal genomic approaches to identify determinants of cognitive and physical decline.	Hand grip strength (baseline)	404,112 European ancestry individuals	NA	1q21.2	1	150538184		FALEC - ADAMTSL4-AS2	ENSG00000228126	ENSG00000237781		917	10378	rs6693567-C	rs6693567	0	6693567	regulatory_region_variant	1	0.267284	3E-13	12.522878745280337		0.0117724	[0.0086-0.0149] unit increase	Affymetrix [9804480] (imputed)	N	grip strength measurement	http://www.ebi.ac.uk/efo/EFO_0006941	GCST90565845	Genome-wide genotyping array
2025-07-29	40374629	Schoeler T	2025-05-15	Nat Commun	www.ncbi.nlm.nih.gov/pubmed/40374629	Combining cross-sectional and longitudinal genomic approaches to identify determinants of cognitive and physical decline.	Hand grip strength (baseline)	404,112 European ancestry individuals	NA	1q23.2	1	160191011		CASQ1			ENSG00000143318			rs150330307-T	rs150330307	0	150330307	missense_variant	0	0.968001	2E-16	15.698970004336019		0.0332524	[0.025-0.041] unit increase	Affymetrix [9804480] (imputed)	N	grip strength measurement	http://www.ebi.ac.uk/efo/EFO_0006941	GCST90565845	Genome-wide genotyping array
2025-07-29	40374629	Schoeler T	2025-05-15	Nat Commun	www.ncbi.nlm.nih.gov/pubmed/40374629	Combining cross-sectional and longitudinal genomic approaches to identify determinants of cognitive and physical decline.	Hand grip strength (baseline)	404,112 European ancestry individuals	NA	1q23.3	1	164613474		PBX1			ENSG00000185630			rs77344187-A	rs77344187	0	77344187	intron_variant	0	0.905416	4E-8	7.3979400086720375		0.0134426	[0.0087-0.0182] unit increase	Affymetrix [9804480] (imputed)	N	grip strength measurement	http://www.ebi.ac.uk/efo/EFO_0006941	GCST90565845	Genome-wide genotyping array
2025-07-29	40374629	Schoeler T	2025-05-15	Nat Commun	www.ncbi.nlm.nih.gov/pubmed/40374629	Combining cross-sectional and longitudinal genomic approaches to identify determinants of cognitive and physical decline.	Hand grip strength (baseline)	404,112 European ancestry individuals	NA	1q25.2	1	176552519		PAPPA2			ENSG00000116183			rs10913200-G	rs10913200	0	10913200	intron_variant	0	0.971181	2E-9	8.698970004336019		0.0256681	[0.017-0.034] unit increase	Affymetrix [9804480] (imputed)	N	grip strength measurement	http://www.ebi.ac.uk/efo/EFO_0006941	GCST90565845	Genome-wide genotyping array
2025-07-29	40374629	Schoeler T	2025-05-15	Nat Commun	www.ncbi.nlm.nih.gov/pubmed/40374629	Combining cross-sectional and longitudinal genomic approaches to identify determinants of cognitive and physical decline.	Hand grip strength (baseline)	404,112 European ancestry individuals	NA	1q25.2	1	176842737		PAPPA2			ENSG00000116183			rs1044299-C	rs1044299	0	1044299	3_prime_UTR_variant	0	0.453719	1E-24	24.0		0.0147345	[0.012-0.018] unit decrease	Affymetrix [9804480] (imputed)	N	grip strength measurement	http://www.ebi.ac.uk/efo/EFO_0006941	GCST90565845	Genome-wide genotyping array
2025-07-29	40374629	Schoeler T	2025-05-15	Nat Commun	www.ncbi.nlm.nih.gov/pubmed/40374629	Combining cross-sectional and longitudinal genomic approaches to identify determinants of cognitive and physical decline.	Hand grip strength (baseline)	404,112 European ancestry individuals	NA	1q25.2	1	176850551		PAPPA2 - ASTN1	ENSG00000116183	ENSG00000152092		4950	6751	rs144003758-A	rs144003758	0	144003758	intergenic_variant	1	0.975018	6E-9	8.221848749616356		0.0275689	[0.018-0.037] unit increase	Affymetrix [9804480] (imputed)	N	grip strength measurement	http://www.ebi.ac.uk/efo/EFO_0006941	GCST90565845	Genome-wide genotyping array
2025-07-29	40374629	Schoeler T	2025-05-15	Nat Commun	www.ncbi.nlm.nih.gov/pubmed/40374629	Combining cross-sectional and longitudinal genomic approaches to identify determinants of cognitive and physical decline.	Hand grip strength (baseline)	404,112 European ancestry individuals	NA	1q25.3	1	184065982		TSEN15			ENSG00000198860			rs1952256-A	rs1952256	0	1952256	intron_variant	0	0.653013	3E-9	8.522878745280337		0.00886675	[0.0059-0.0118] unit decrease	Affymetrix [9804480] (imputed)	N	grip strength measurement	http://www.ebi.ac.uk/efo/EFO_0006941	GCST90565845	Genome-wide genotyping array
2025-07-29	40374629	Schoeler T	2025-05-15	Nat Commun	www.ncbi.nlm.nih.gov/pubmed/40374629	Combining cross-sectional and longitudinal genomic approaches to identify determinants of cognitive and physical decline.	Hand grip strength (baseline)	404,112 European ancestry individuals	NA	1q25.3	1	184702964		EDEM3			ENSG00000116406			rs78444298-G	rs78444298	0	78444298	missense_variant	0	0.980317	1E-10	10.0		0.0334282	[0.023-0.044] unit increase	Affymetrix [9804480] (imputed)	N	grip strength measurement	http://www.ebi.ac.uk/efo/EFO_0006941	GCST90565845	Genome-wide genotyping array
2025-07-29	40374629	Schoeler T	2025-05-15	Nat Commun	www.ncbi.nlm.nih.gov/pubmed/40374629	Combining cross-sectional and longitudinal genomic approaches to identify determinants of cognitive and physical decline.	Hand grip strength (baseline)	404,112 European ancestry individuals	NA	1q25.3	1	185118502		TRMT1L			ENSG00000121486			rs12030554-A	rs12030554	0	12030554	3_prime_UTR_variant	0	0.686768	3E-9	8.522878745280337		0.00909678	[0.0061-0.0121] unit decrease	Affymetrix [9804480] (imputed)	N	grip strength measurement	http://www.ebi.ac.uk/efo/EFO_0006941	GCST90565845	Genome-wide genotyping array
2025-07-29	40374629	Schoeler T	2025-05-15	Nat Commun	www.ncbi.nlm.nih.gov/pubmed/40374629	Combining cross-sectional and longitudinal genomic approaches to identify determinants of cognitive and physical decline.	Hand grip strength (baseline)	404,112 European ancestry individuals	NA	1q31.2	1	191004694		LINC01720 - HNRNPA1P46	ENSG00000231175	ENSG00000228020		203036	141331	rs55862282-C	rs55862282	0	55862282	intron_variant	1	0.881624	3E-8	7.522878745280337		0.0123198	[0.008-0.0167] unit decrease	Affymetrix [9804480] (imputed)	N	grip strength measurement	http://www.ebi.ac.uk/efo/EFO_0006941	GCST90565845	Genome-wide genotyping array
2025-07-29	40374629	Schoeler T	2025-05-15	Nat Commun	www.ncbi.nlm.nih.gov/pubmed/40374629	Combining cross-sectional and longitudinal genomic approaches to identify determinants of cognitive and physical decline.	Hand grip strength (baseline)	404,112 European ancestry individuals	NA	1q32.1	1	201047168		CACNA1S			ENSG00000081248			rs3850625-G	rs3850625	0	3850625	missense_variant	0	0.881387	4E-12	11.397940008672037		0.0153356	[0.011-0.02] unit increase	Affymetrix [9804480] (imputed)	N	grip strength measurement	http://www.ebi.ac.uk/efo/EFO_0006941	GCST90565845	Genome-wide genotyping array
2025-07-29	40374629	Schoeler T	2025-05-15	Nat Commun	www.ncbi.nlm.nih.gov/pubmed/40374629	Combining cross-sectional and longitudinal genomic approaches to identify determinants of cognitive and physical decline.	Hand grip strength (baseline)	404,112 European ancestry individuals	NA	1q32.1	1	205692277		Metazoa_SRP - NUCKS1	ENSG00000275978	ENSG00000069275		7970	20545	rs58838397-G	rs58838397	0	58838397	intron_variant	1	0.861443	7E-9	8.154901959985743		0.0119339	[0.0079-0.016] unit decrease	Affymetrix [9804480] (imputed)	N	grip strength measurement	http://www.ebi.ac.uk/efo/EFO_0006941	GCST90565845	Genome-wide genotyping array
2025-07-29	40374629	Schoeler T	2025-05-15	Nat Commun	www.ncbi.nlm.nih.gov/pubmed/40374629	Combining cross-sectional and longitudinal genomic approaches to identify determinants of cognitive and physical decline.	Hand grip strength (baseline)	404,112 European ancestry individuals	NA	1q32.1	1	205745244		NUCKS1			ENSG00000069275			rs823130-C	rs823130	0	823130	intron_variant	0	0.565394	3E-17	16.522878745280337		0.0121895	[0.0094-0.015] unit increase	Affymetrix [9804480] (imputed)	N	grip strength measurement	http://www.ebi.ac.uk/efo/EFO_0006941	GCST90565845	Genome-wide genotyping array
2025-07-29	40374629	Schoeler T	2025-05-15	Nat Commun	www.ncbi.nlm.nih.gov/pubmed/40374629	Combining cross-sectional and longitudinal genomic approaches to identify determinants of cognitive and physical decline.	Hand grip strength (baseline)	404,112 European ancestry individuals	NA	1q32.2	1	208801219		LINC01717 - LINC01774	ENSG00000232812	ENSG00000236950		64933	171181	rs12127013-C	rs12127013	0	12127013	intron_variant	1	0.867011	4E-9	8.397940008672037		0.0124776	[0.0083-0.0166] unit increase	Affymetrix [9804480] (imputed)	N	grip strength measurement	http://www.ebi.ac.uk/efo/EFO_0006941	GCST90565845	Genome-wide genotyping array
2025-07-29	40374629	Schoeler T	2025-05-15	Nat Commun	www.ncbi.nlm.nih.gov/pubmed/40374629	Combining cross-sectional and longitudinal genomic approaches to identify determinants of cognitive and physical decline.	Hand grip strength (baseline)	404,112 European ancestry individuals	NA	1q32.3	1	212684961		LINC02773 - BATF3	ENSG00000237980	ENSG00000123685		12907	1456	rs17019573-G	rs17019573	0	17019573	intergenic_variant	1	0.930239	2E-9	8.698970004336019		0.0169906	[0.011-0.023] unit increase	Affymetrix [9804480] (imputed)	N	grip strength measurement	http://www.ebi.ac.uk/efo/EFO_0006941	GCST90565845	Genome-wide genotyping array
2025-07-29	40374629	Schoeler T	2025-05-15	Nat Commun	www.ncbi.nlm.nih.gov/pubmed/40374629	Combining cross-sectional and longitudinal genomic approaches to identify determinants of cognitive and physical decline.	Hand grip strength (baseline)	404,112 European ancestry individuals	NA	1p36.22	1	9988093		NMNAT1 - RBP7	ENSG00000173614	ENSG00000162444		2592	8961	rs139490379-G	rs139490379	0	139490379	intergenic_variant	1	0.960846	5E-9	8.301029995663981		0.0224538	[0.015-0.03] unit increase	Affymetrix [9804480] (imputed)	N	grip strength measurement	http://www.ebi.ac.uk/efo/EFO_0006941	GCST90565845	Genome-wide genotyping array
2025-07-29	40374629	Schoeler T	2025-05-15	Nat Commun	www.ncbi.nlm.nih.gov/pubmed/40374629	Combining cross-sectional and longitudinal genomic approaches to identify determinants of cognitive and physical decline.	Hand grip strength (baseline)	404,112 European ancestry individuals	NA	7q22.1	7	100351036		STAG3L5P-PVRIG2P-PILRB			ENSG00000272752			rs112698075-T	rs112698075	0	112698075	intron_variant	0	0.726908	1E-9	9.0		0.0100589	[0.0068-0.0133] unit increase	Affymetrix [9804480] (imputed)	N	grip strength measurement	http://www.ebi.ac.uk/efo/EFO_0006941	GCST90565845	Genome-wide genotyping array
2025-07-29	40374629	Schoeler T	2025-05-15	Nat Commun	www.ncbi.nlm.nih.gov/pubmed/40374629	Combining cross-sectional and longitudinal genomic approaches to identify determinants of cognitive and physical decline.	Hand grip strength (baseline)	404,112 European ancestry individuals	NA	7q31.31	7	121014393		CPED1			ENSG00000106034			rs74608755-A	rs74608755	0	74608755	intron_variant	0	0.770633	2E-10	9.698970004336019		0.0107477	[0.0074-0.0141] unit decrease	Affymetrix [9804480] (imputed)	N	grip strength measurement	http://www.ebi.ac.uk/efo/EFO_0006941	GCST90565845	Genome-wide genotyping array
2025-07-29	40374629	Schoeler T	2025-05-15	Nat Commun	www.ncbi.nlm.nih.gov/pubmed/40374629	Combining cross-sectional and longitudinal genomic approaches to identify determinants of cognitive and physical decline.	Hand grip strength (baseline)	404,112 European ancestry individuals	NA	7q34	7	140760345		BRAF			ENSG00000157764			rs11768253-A	rs11768253	0	11768253	intron_variant	0	0.797609	5E-9	8.301029995663981		0.0103711	[0.0069-0.0139] unit decrease	Affymetrix [9804480] (imputed)	N	grip strength measurement	http://www.ebi.ac.uk/efo/EFO_0006941	GCST90565845	Genome-wide genotyping array
2025-07-29	40374629	Schoeler T	2025-05-15	Nat Commun	www.ncbi.nlm.nih.gov/pubmed/40374629	Combining cross-sectional and longitudinal genomic approaches to identify determinants of cognitive and physical decline.	Hand grip strength (baseline)	404,112 European ancestry individuals	NA	8p21.3	8	22745941		EGR3-AS1, PEBP4			ENSG00000253125, ENSG00000134020			rs59116179-C	rs59116179	0	59116179	intron_variant	0	0.38446	1E-9	9.0		0.00890811	[0.006-0.0118] unit decrease	Affymetrix [9804480] (imputed)	N	grip strength measurement	http://www.ebi.ac.uk/efo/EFO_0006941	GCST90565845	Genome-wide genotyping array
2025-07-29	40374629	Schoeler T	2025-05-15	Nat Commun	www.ncbi.nlm.nih.gov/pubmed/40374629	Combining cross-sectional and longitudinal genomic approaches to identify determinants of cognitive and physical decline.	Hand grip strength (baseline)	404,112 European ancestry individuals	NA	1q24.3	1	170925980		FMO1-AS1			ENSG00000231424			rs6427274-C	rs6427274	0	6427274	intron_variant	0	0.611071	5E-9	8.301029995663981		0.00857701	[0.0057-0.0115] unit increase	Affymetrix [9804480] (imputed)	N	grip strength measurement	http://www.ebi.ac.uk/efo/EFO_0006941	GCST90565845	Genome-wide genotyping array
2025-07-29	40374629	Schoeler T	2025-05-15	Nat Commun	www.ncbi.nlm.nih.gov/pubmed/40374629	Combining cross-sectional and longitudinal genomic approaches to identify determinants of cognitive and physical decline.	Hand grip strength (baseline)	404,112 European ancestry individuals	NA	1p36.22	1	10175888		UBE4B			ENSG00000130939			rs2180184-T	rs2180184	0	2180184	intron_variant	0	0.624734	1E-9	9.0		0.00899904	[0.0061-0.0119] unit decrease	Affymetrix [9804480] (imputed)	N	grip strength measurement	http://www.ebi.ac.uk/efo/EFO_0006941	GCST90565845	Genome-wide genotyping array
2025-07-29	40374629	Schoeler T	2025-05-15	Nat Commun	www.ncbi.nlm.nih.gov/pubmed/40374629	Combining cross-sectional and longitudinal genomic approaches to identify determinants of cognitive and physical decline.	Hand grip strength (baseline)	404,112 European ancestry individuals	NA	1p36.22	1	10318358		KIF1B			ENSG00000054523			rs6693965-G	rs6693965	0	6693965	intron_variant	0	0.87303	2E-14	13.698970004336019		0.0164906	[0.012-0.021] unit increase	Affymetrix [9804480] (imputed)	N	grip strength measurement	http://www.ebi.ac.uk/efo/EFO_0006941	GCST90565845	Genome-wide genotyping array
2025-07-29	40374629	Schoeler T	2025-05-15	Nat Commun	www.ncbi.nlm.nih.gov/pubmed/40374629	Combining cross-sectional and longitudinal genomic approaches to identify determinants of cognitive and physical decline.	Hand grip strength (baseline)	404,112 European ancestry individuals	NA	5q23.3	5	131087866		ARL2BPP4 - HINT1	ENSG00000249312	ENSG00000169567		557977	67517	rs4705885-G	rs4705885	0	4705885	intron_variant	1	0.625747	9E-9	8.045757490560675		0.0085677	[0.0057-0.0115] unit decrease	Affymetrix [9804480] (imputed)	N	grip strength measurement	http://www.ebi.ac.uk/efo/EFO_0006941	GCST90565845	Genome-wide genotyping array
2025-07-29	40374629	Schoeler T	2025-05-15	Nat Commun	www.ncbi.nlm.nih.gov/pubmed/40374629	Combining cross-sectional and longitudinal genomic approaches to identify determinants of cognitive and physical decline.	Hand grip strength (baseline)	404,112 European ancestry individuals	NA	5q31.1	5	131237730		HINT1 - CDC42SE2	ENSG00000169567	ENSG00000158985		13262	7763	rs4706015-G	rs4706015	0	4706015	intergenic_variant	1	0.838151	8E-11	10.096910013008056		0.0125972	[0.0088-0.0164] unit increase	Affymetrix [9804480] (imputed)	N	grip strength measurement	http://www.ebi.ac.uk/efo/EFO_0006941	GCST90565845	Genome-wide genotyping array
2025-07-29	40374629	Schoeler T	2025-05-15	Nat Commun	www.ncbi.nlm.nih.gov/pubmed/40374629	Combining cross-sectional and longitudinal genomic approaches to identify determinants of cognitive and physical decline.	Hand grip strength (baseline)	404,112 European ancestry individuals	NA	5q31.1	5	131581568		RAPGEF6			ENSG00000158987			rs4706026-G	rs4706026	0	4706026	intron_variant	0	0.827939	1E-10	10.0		0.0122637	[0.0085-0.016] unit increase	Affymetrix [9804480] (imputed)	N	grip strength measurement	http://www.ebi.ac.uk/efo/EFO_0006941	GCST90565845	Genome-wide genotyping array
2025-07-29	40374629	Schoeler T	2025-05-15	Nat Commun	www.ncbi.nlm.nih.gov/pubmed/40374629	Combining cross-sectional and longitudinal genomic approaches to identify determinants of cognitive and physical decline.	Hand grip strength (baseline)	404,112 European ancestry individuals	NA	5q31.1	5	131911899		MEIKIN			ENSG00000239642			rs10057128-T	rs10057128	0	10057128	intron_variant	0	0.163229	2E-10	9.698970004336019		0.0123251	[0.0085-0.0161] unit decrease	Affymetrix [9804480] (imputed)	N	grip strength measurement	http://www.ebi.ac.uk/efo/EFO_0006941	GCST90565845	Genome-wide genotyping array
2025-07-29	40374629	Schoeler T	2025-05-15	Nat Commun	www.ncbi.nlm.nih.gov/pubmed/40374629	Combining cross-sectional and longitudinal genomic approaches to identify determinants of cognitive and physical decline.	Hand grip strength (baseline)	404,112 European ancestry individuals	NA	5q31.1	5	132067045		IL3 - CSF2	ENSG00000164399	ENSG00000164400		3841	6744	rs3091338-C	rs3091338	0	3091338	intron_variant	1	0.570473	1E-8	8.0		0.00824888	[0.0054-0.0111] unit decrease	Affymetrix [9804480] (imputed)	N	grip strength measurement	http://www.ebi.ac.uk/efo/EFO_0006941	GCST90565845	Genome-wide genotyping array
2025-07-29	40374629	Schoeler T	2025-05-15	Nat Commun	www.ncbi.nlm.nih.gov/pubmed/40374629	Combining cross-sectional and longitudinal genomic approaches to identify determinants of cognitive and physical decline.	Hand grip strength (baseline)	404,112 European ancestry individuals	NA	5q31.1	5	133138361		HSPA4 - RPL6P15	ENSG00000170606	ENSG00000240611		31912	33857	rs9687371-T	rs9687371	0	9687371	intergenic_variant	1	0.380323	2E-8	7.698970004336019		0.00845816	[0.0055-0.0114] unit increase	Affymetrix [9804480] (imputed)	N	grip strength measurement	http://www.ebi.ac.uk/efo/EFO_0006941	GCST90565845	Genome-wide genotyping array
2025-07-29	40374629	Schoeler T	2025-05-15	Nat Commun	www.ncbi.nlm.nih.gov/pubmed/40374629	Combining cross-sectional and longitudinal genomic approaches to identify determinants of cognitive and physical decline.	Hand grip strength (baseline)	404,112 European ancestry individuals	NA	5q31.3	5	141637772		RELL2			ENSG00000164620			rs976552-A	rs976552	0	976552	5_prime_UTR_variant	0	0.760042	3E-8	7.522878745280337		0.00927937	[0.006-0.0126] unit decrease	Affymetrix [9804480] (imputed)	N	grip strength measurement	http://www.ebi.ac.uk/efo/EFO_0006941	GCST90565845	Genome-wide genotyping array
2025-07-29	40374629	Schoeler T	2025-05-15	Nat Commun	www.ncbi.nlm.nih.gov/pubmed/40374629	Combining cross-sectional and longitudinal genomic approaches to identify determinants of cognitive and physical decline.	Hand grip strength (baseline)	404,112 European ancestry individuals	NA	5q31.3	5	142435245		SPRY4-AS1			ENSG00000231185			rs57192456-A	rs57192456	0	57192456	intron_variant	0	0.738645	7E-9	8.154901959985743		0.00946159	[0.0063-0.0127] unit increase	Affymetrix [9804480] (imputed)	N	grip strength measurement	http://www.ebi.ac.uk/efo/EFO_0006941	GCST90565845	Genome-wide genotyping array
2025-07-29	40374629	Schoeler T	2025-05-15	Nat Commun	www.ncbi.nlm.nih.gov/pubmed/40374629	Combining cross-sectional and longitudinal genomic approaches to identify determinants of cognitive and physical decline.	Hand grip strength (baseline)	404,112 European ancestry individuals	NA	5q33.2	5	153685434		GRIA1			ENSG00000155511			rs13169333-T	rs13169333	0	13169333	intron_variant	0	0.739214	2E-10	9.698970004336019		0.0103506	[0.0072-0.0135] unit decrease	Affymetrix [9804480] (imputed)	N	grip strength measurement	http://www.ebi.ac.uk/efo/EFO_0006941	GCST90565845	Genome-wide genotyping array
2025-07-29	40374629	Schoeler T	2025-05-15	Nat Commun	www.ncbi.nlm.nih.gov/pubmed/40374629	Combining cross-sectional and longitudinal genomic approaches to identify determinants of cognitive and physical decline.	Hand grip strength (baseline)	404,112 European ancestry individuals	NA	5q33.2	5	153942208		LINC01861 - FAM114A2	ENSG00000251183	ENSG00000055147		43221	47940	rs286969-A	rs286969	0	286969	intergenic_variant	1	0.386043	2E-10	9.698970004336019		0.00936504	[0.0065-0.0122] unit decrease	Affymetrix [9804480] (imputed)	N	grip strength measurement	http://www.ebi.ac.uk/efo/EFO_0006941	GCST90565845	Genome-wide genotyping array
2025-07-29	40374629	Schoeler T	2025-05-15	Nat Commun	www.ncbi.nlm.nih.gov/pubmed/40374629	Combining cross-sectional and longitudinal genomic approaches to identify determinants of cognitive and physical decline.	Hand grip strength (baseline)	404,112 European ancestry individuals	NA	5q34	5	168817251		SLIT3			ENSG00000184347			rs67968410-G	rs67968410	0	67968410	intron_variant	0	0.827986	5E-9	8.301029995663981		0.0110078	[0.0073-0.0147] unit increase	Affymetrix [9804480] (imputed)	N	grip strength measurement	http://www.ebi.ac.uk/efo/EFO_0006941	GCST90565845	Genome-wide genotyping array
2025-07-29	40374629	Schoeler T	2025-05-15	Nat Commun	www.ncbi.nlm.nih.gov/pubmed/40374629	Combining cross-sectional and longitudinal genomic approaches to identify determinants of cognitive and physical decline.	Hand grip strength (baseline)	404,112 European ancestry individuals	NA	5q35.1	5	171768029		FGF18 - SMIM23	ENSG00000156427	ENSG00000185662		310403	14403	rs249516-A	rs249516	0	249516	intergenic_variant	1	0.566672	3E-10	9.522878745280337		0.00908602	[0.0063-0.0119] unit decrease	Affymetrix [9804480] (imputed)	N	grip strength measurement	http://www.ebi.ac.uk/efo/EFO_0006941	GCST90565845	Genome-wide genotyping array
2025-07-29	40374629	Schoeler T	2025-05-15	Nat Commun	www.ncbi.nlm.nih.gov/pubmed/40374629	Combining cross-sectional and longitudinal genomic approaches to identify determinants of cognitive and physical decline.	Hand grip strength (baseline)	404,112 European ancestry individuals	NA	6p24.3	6	7718832		RPL29P1 - BMP6	ENSG00000236512	ENSG00000153162		97954	7217	rs11243202-T	rs11243202	0	11243202	intergenic_variant	1	0.512809	2E-17	16.69897000433602		0.0122001	[0.0094-0.015] unit decrease	Affymetrix [9804480] (imputed)	N	grip strength measurement	http://www.ebi.ac.uk/efo/EFO_0006941	GCST90565845	Genome-wide genotyping array
2025-07-29	40374629	Schoeler T	2025-05-15	Nat Commun	www.ncbi.nlm.nih.gov/pubmed/40374629	Combining cross-sectional and longitudinal genomic approaches to identify determinants of cognitive and physical decline.	Hand grip strength (baseline)	404,112 European ancestry individuals	NA	6p24.1	6	12903725		PHACTR1			ENSG00000112137			rs9349379-A	rs9349379	0	9349379	intron_variant	0	0.59495	2E-8	7.698970004336019		0.00816879	[0.0053-0.011] unit decrease	Affymetrix [9804480] (imputed)	N	grip strength measurement	http://www.ebi.ac.uk/efo/EFO_0006941	GCST90565845	Genome-wide genotyping array
2025-07-29	40374629	Schoeler T	2025-05-15	Nat Commun	www.ncbi.nlm.nih.gov/pubmed/40374629	Combining cross-sectional and longitudinal genomic approaches to identify determinants of cognitive and physical decline.	Hand grip strength (baseline)	404,112 European ancestry individuals	NA	6p22.3	6	15429500		JARID2			ENSG00000008083			rs4085876-C	rs4085876	0	4085876	intron_variant	0	0.640783	2E-10	9.698970004336019		0.00948341	[0.0066-0.0124] unit decrease	Affymetrix [9804480] (imputed)	N	grip strength measurement	http://www.ebi.ac.uk/efo/EFO_0006941	GCST90565845	Genome-wide genotyping array
2025-07-29	40374629	Schoeler T	2025-05-15	Nat Commun	www.ncbi.nlm.nih.gov/pubmed/40374629	Combining cross-sectional and longitudinal genomic approaches to identify determinants of cognitive and physical decline.	Hand grip strength (baseline)	404,112 European ancestry individuals	NA	6p22.3	6	19839184		ID4			ENSG00000172201			rs41271299-C	rs41271299	0	41271299	3_prime_UTR_variant	0	0.948319	8E-12	11.096910013008056		0.0220039	[0.016-0.028] unit decrease	Affymetrix [9804480] (imputed)	N	grip strength measurement	http://www.ebi.ac.uk/efo/EFO_0006941	GCST90565845	Genome-wide genotyping array
2025-07-29	40374629	Schoeler T	2025-05-15	Nat Commun	www.ncbi.nlm.nih.gov/pubmed/40374629	Combining cross-sectional and longitudinal genomic approaches to identify determinants of cognitive and physical decline.	Hand grip strength (baseline)	404,112 European ancestry individuals	NA	6p22.3	6	22523766		CASC15			ENSG00000272168			rs56126921-G	rs56126921	0	56126921	intergenic_variant	0	0.802505	2E-9	8.698970004336019		0.010736	[0.0072-0.0142] unit decrease	Affymetrix [9804480] (imputed)	N	grip strength measurement	http://www.ebi.ac.uk/efo/EFO_0006941	GCST90565845	Genome-wide genotyping array
2025-07-29	40374629	Schoeler T	2025-05-15	Nat Commun	www.ncbi.nlm.nih.gov/pubmed/40374629	Combining cross-sectional and longitudinal genomic approaches to identify determinants of cognitive and physical decline.	Hand grip strength (baseline)	404,112 European ancestry individuals	NA	6p22.2	6	27001642		LARRPM, LINC00240			ENSG00000287966, ENSG00000224843			rs555962624-T	rs555962624	0	555962624	non_coding_transcript_exon_variant	0	0.985003	2E-10	9.698970004336019		0.0397298	[0.028-0.052] unit decrease	Affymetrix [9804480] (imputed)	N	grip strength measurement	http://www.ebi.ac.uk/efo/EFO_0006941	GCST90565845	Genome-wide genotyping array
2025-07-29	40374629	Schoeler T	2025-05-15	Nat Commun	www.ncbi.nlm.nih.gov/pubmed/40374629	Combining cross-sectional and longitudinal genomic approaches to identify determinants of cognitive and physical decline.	Hand grip strength (baseline)	404,112 European ancestry individuals	NA	6p22.1	6	27953340		OR2W6P - OR2B6	ENSG00000168126	ENSG00000124657		14937	3901	rs79017541-T	rs79017541	0	79017541	intergenic_variant	1	0.9831	1E-8	8.0		0.0317204	[0.021-0.043] unit decrease	Affymetrix [9804480] (imputed)	N	grip strength measurement	http://www.ebi.ac.uk/efo/EFO_0006941	GCST90565845	Genome-wide genotyping array
2025-07-29	40374629	Schoeler T	2025-05-15	Nat Commun	www.ncbi.nlm.nih.gov/pubmed/40374629	Combining cross-sectional and longitudinal genomic approaches to identify determinants of cognitive and physical decline.	Hand grip strength (baseline)	404,112 European ancestry individuals	NA	6p22.1	6	28885333		LINC01623 - ZNF90P2	ENSG00000225595	ENSG00000233366		20703	3499	rs112330545-G	rs112330545	0	112330545	intergenic_variant	1	0.983411	4E-8	7.3979400086720375		0.0309266	[0.02-0.042] unit decrease	Affymetrix [9804480] (imputed)	N	grip strength measurement	http://www.ebi.ac.uk/efo/EFO_0006941	GCST90565845	Genome-wide genotyping array
2025-07-29	40374629	Schoeler T	2025-05-15	Nat Commun	www.ncbi.nlm.nih.gov/pubmed/40374629	Combining cross-sectional and longitudinal genomic approaches to identify determinants of cognitive and physical decline.	Hand grip strength (baseline)	404,112 European ancestry individuals	NA	6p22.1	6	29188557		LINC03003			ENSG00000290496			rs116825011-G	rs116825011	0	116825011	intergenic_variant	0	0.983377	8E-9	8.096910013008056		0.0324366	[0.021-0.043] unit decrease	Affymetrix [9804480] (imputed)	N	grip strength measurement	http://www.ebi.ac.uk/efo/EFO_0006941	GCST90565845	Genome-wide genotyping array
2025-07-29	40374629	Schoeler T	2025-05-15	Nat Commun	www.ncbi.nlm.nih.gov/pubmed/40374629	Combining cross-sectional and longitudinal genomic approaches to identify determinants of cognitive and physical decline.	Hand grip strength (baseline)	404,112 European ancestry individuals	NA	6p21.33	6	31059559		HCG22			ENSG00000228789			rs2517521-A	rs2517521	0	2517521	non_coding_transcript_exon_variant	0	0.145448	4E-8	7.3979400086720375		0.0111388	[0.0072-0.0151] unit increase	Affymetrix [9804480] (imputed)	N	grip strength measurement	http://www.ebi.ac.uk/efo/EFO_0006941	GCST90565845	Genome-wide genotyping array
2025-07-29	40374629	Schoeler T	2025-05-15	Nat Commun	www.ncbi.nlm.nih.gov/pubmed/40374629	Combining cross-sectional and longitudinal genomic approaches to identify determinants of cognitive and physical decline.	Hand grip strength (baseline)	404,112 European ancestry individuals	NA	6p21.33	6	31061678		HCG22			ENSG00000228789			rs9262651-C	rs9262651	0	9262651	intron_variant	0	0.761187	8E-11	10.096910013008056		0.0108284	[0.0076-0.0141] unit increase	Affymetrix [9804480] (imputed)	N	grip strength measurement	http://www.ebi.ac.uk/efo/EFO_0006941	GCST90565845	Genome-wide genotyping array
2025-07-29	40374629	Schoeler T	2025-05-15	Nat Commun	www.ncbi.nlm.nih.gov/pubmed/40374629	Combining cross-sectional and longitudinal genomic approaches to identify determinants of cognitive and physical decline.	Hand grip strength (baseline)	404,112 European ancestry individuals	NA	6p21.33	6	31336145		LINC02571 - HLA-B	ENSG00000256166	ENSG00000234745		34503	17722	rs28752924-T	rs28752924	0	28752924	intron_variant	1	0.758959	6E-10	9.221848749616356		0.0123432	[0.0084-0.0163] unit increase	Affymetrix [9804480] (imputed)	N	grip strength measurement	http://www.ebi.ac.uk/efo/EFO_0006941	GCST90565845	Genome-wide genotyping array
2025-07-29	40374629	Schoeler T	2025-05-15	Nat Commun	www.ncbi.nlm.nih.gov/pubmed/40374629	Combining cross-sectional and longitudinal genomic approaches to identify determinants of cognitive and physical decline.	Hand grip strength (baseline)	404,112 European ancestry individuals	NA	6p21.33	6	31361109		HLA-B			ENSG00000234745			rs7772305-A	rs7772305	0	7772305	non_coding_transcript_exon_variant	0	0.749407	2E-8	7.698970004336019		0.00921348	[0.006-0.0124] unit increase	Affymetrix [9804480] (imputed)	N	grip strength measurement	http://www.ebi.ac.uk/efo/EFO_0006941	GCST90565845	Genome-wide genotyping array
2025-07-29	40374629	Schoeler T	2025-05-15	Nat Commun	www.ncbi.nlm.nih.gov/pubmed/40374629	Combining cross-sectional and longitudinal genomic approaches to identify determinants of cognitive and physical decline.	Hand grip strength (baseline)	404,112 European ancestry individuals	NA	1q32.3	1	212952357		VASH2			ENSG00000143494			rs2935213-G	rs2935213	0	2935213	intron_variant	0	0.451752	2E-12	11.698970004336019		0.0101268	[0.0073-0.013] unit increase	Affymetrix [9804480] (imputed)	N	grip strength measurement	http://www.ebi.ac.uk/efo/EFO_0006941	GCST90565845	Genome-wide genotyping array
2025-07-29	40374629	Schoeler T	2025-05-15	Nat Commun	www.ncbi.nlm.nih.gov/pubmed/40374629	Combining cross-sectional and longitudinal genomic approaches to identify determinants of cognitive and physical decline.	Hand grip strength (baseline)	404,112 European ancestry individuals	NA	1q41	1	215350660		KCNK2 - VDAC1P10	ENSG00000082482	ENSG00000232809		113570	25824	rs931899-A	rs931899	0	931899	intergenic_variant	1	0.845502	3E-8	7.522878745280337		0.011812	[0.0076-0.016] unit increase	Affymetrix [9804480] (imputed)	N	grip strength measurement	http://www.ebi.ac.uk/efo/EFO_0006941	GCST90565845	Genome-wide genotyping array
2025-07-29	40374629	Schoeler T	2025-05-15	Nat Commun	www.ncbi.nlm.nih.gov/pubmed/40374629	Combining cross-sectional and longitudinal genomic approaches to identify determinants of cognitive and physical decline.	Hand grip strength (baseline)	404,112 European ancestry individuals	NA	1q42.13	1	227680773		ZNF678 - ZNF847P	ENSG00000181450	ENSG00000215812		3330	16119	rs56950588-G	rs56950588	0	56950588	intergenic_variant	1	0.802255	3E-16	15.522878745280337		0.0146795	[0.011-0.018] unit increase	Affymetrix [9804480] (imputed)	N	grip strength measurement	http://www.ebi.ac.uk/efo/EFO_0006941	GCST90565845	Genome-wide genotyping array
2025-07-29	40374629	Schoeler T	2025-05-15	Nat Commun	www.ncbi.nlm.nih.gov/pubmed/40374629	Combining cross-sectional and longitudinal genomic approaches to identify determinants of cognitive and physical decline.	Hand grip strength (baseline)	404,112 European ancestry individuals	NA	2p24.1	2	20352232		PUM2			ENSG00000055917			rs10195153-G	rs10195153	0	10195153	intergenic_variant	0	0.965765	7E-9	8.154901959985743		0.0227886	[0.015-0.03] unit decrease	Affymetrix [9804480] (imputed)	N	grip strength measurement	http://www.ebi.ac.uk/efo/EFO_0006941	GCST90565845	Genome-wide genotyping array
2025-07-29	40374629	Schoeler T	2025-05-15	Nat Commun	www.ncbi.nlm.nih.gov/pubmed/40374629	Combining cross-sectional and longitudinal genomic approaches to identify determinants of cognitive and physical decline.	Hand grip strength (baseline)	404,112 European ancestry individuals	NA	2p24.1	2	23689531		KLHL29			ENSG00000119771			rs2551347-C	rs2551347	0	2551347	intron_variant	0	0.254682	5E-15	14.301029995663981		0.0128446	[0.0096-0.0161] unit decrease	Affymetrix [9804480] (imputed)	N	grip strength measurement	http://www.ebi.ac.uk/efo/EFO_0006941	GCST90565845	Genome-wide genotyping array
2025-07-29	40374629	Schoeler T	2025-05-15	Nat Commun	www.ncbi.nlm.nih.gov/pubmed/40374629	Combining cross-sectional and longitudinal genomic approaches to identify determinants of cognitive and physical decline.	Hand grip strength (baseline)	404,112 European ancestry individuals	NA	2p23.3	2	24470601		ITSN2 - NCOA1	ENSG00000198399	ENSG00000084676		109794	20391	rs12623207-G	rs12623207	0	12623207	intron_variant	1	0.227337	3E-14	13.522878745280337		0.0129644	[0.0096-0.0163] unit decrease	Affymetrix [9804480] (imputed)	N	grip strength measurement	http://www.ebi.ac.uk/efo/EFO_0006941	GCST90565845	Genome-wide genotyping array
2025-07-29	40374629	Schoeler T	2025-05-15	Nat Commun	www.ncbi.nlm.nih.gov/pubmed/40374629	Combining cross-sectional and longitudinal genomic approaches to identify determinants of cognitive and physical decline.	Hand grip strength (baseline)	404,112 European ancestry individuals	NA	2p23.3	2	24652014		NCOA1			ENSG00000084676			rs55722016-A	rs55722016	0	55722016	intron_variant	0	0.798703	5E-12	11.301029995663981		0.0122832	[0.0088-0.0158] unit decrease	Affymetrix [9804480] (imputed)	N	grip strength measurement	http://www.ebi.ac.uk/efo/EFO_0006941	GCST90565845	Genome-wide genotyping array
2025-07-29	40374629	Schoeler T	2025-05-15	Nat Commun	www.ncbi.nlm.nih.gov/pubmed/40374629	Combining cross-sectional and longitudinal genomic approaches to identify determinants of cognitive and physical decline.	Hand grip strength (baseline)	404,112 European ancestry individuals	NA	2p23.3	2	24791220		PTRHD1			ENSG00000184924			rs67722327-C	rs67722327	0	67722327	intron_variant	0	0.911674	9E-9	8.045757490560675		0.0144674	[0.0095-0.0194] unit increase	Affymetrix [9804480] (imputed)	N	grip strength measurement	http://www.ebi.ac.uk/efo/EFO_0006941	GCST90565845	Genome-wide genotyping array
2025-07-29	40374629	Schoeler T	2025-05-15	Nat Commun	www.ncbi.nlm.nih.gov/pubmed/40374629	Combining cross-sectional and longitudinal genomic approaches to identify determinants of cognitive and physical decline.	Hand grip strength (baseline)	404,112 European ancestry individuals	NA	2p23.3	2	24829308		ADCY3			ENSG00000138031			rs11125803-C	rs11125803	0	11125803	intron_variant	0	0.259852	8E-22	21.096910013008056		0.015663	[0.012-0.019] unit decrease	Affymetrix [9804480] (imputed)	N	grip strength measurement	http://www.ebi.ac.uk/efo/EFO_0006941	GCST90565845	Genome-wide genotyping array
2025-07-29	40374629	Schoeler T	2025-05-15	Nat Commun	www.ncbi.nlm.nih.gov/pubmed/40374629	Combining cross-sectional and longitudinal genomic approaches to identify determinants of cognitive and physical decline.	Hand grip strength (baseline)	404,112 European ancestry individuals	NA	2p23.3	2	24915171		ADCY3			ENSG00000138031			rs6737082-A	rs6737082	0	6737082	intron_variant	0	0.512268	1E-16	16.0		0.011844	[0.009-0.0146] unit increase	Affymetrix [9804480] (imputed)	N	grip strength measurement	http://www.ebi.ac.uk/efo/EFO_0006941	GCST90565845	Genome-wide genotyping array
2025-07-29	40374629	Schoeler T	2025-05-15	Nat Commun	www.ncbi.nlm.nih.gov/pubmed/40374629	Combining cross-sectional and longitudinal genomic approaches to identify determinants of cognitive and physical decline.	Hand grip strength (baseline)	404,112 European ancestry individuals	NA	2p23.3	2	25259029		DNMT3A			ENSG00000119772			rs1369703-T	rs1369703	0	1369703	intron_variant	0	0.582823	4E-11	10.397940008672037		0.00956726	[0.0067-0.0124] unit decrease	Affymetrix [9804480] (imputed)	N	grip strength measurement	http://www.ebi.ac.uk/efo/EFO_0006941	GCST90565845	Genome-wide genotyping array
2025-07-29	40374629	Schoeler T	2025-05-15	Nat Commun	www.ncbi.nlm.nih.gov/pubmed/40374629	Combining cross-sectional and longitudinal genomic approaches to identify determinants of cognitive and physical decline.	Hand grip strength (baseline)	404,112 European ancestry individuals	NA	2p22.3	2	33135781		LTBP1			ENSG00000049323			rs4670893-G	rs4670893	0	4670893	intron_variant	0	0.292894	1E-8	8.0		0.00895388	[0.0059-0.012] unit decrease	Affymetrix [9804480] (imputed)	N	grip strength measurement	http://www.ebi.ac.uk/efo/EFO_0006941	GCST90565845	Genome-wide genotyping array
2025-07-29	40374629	Schoeler T	2025-05-15	Nat Commun	www.ncbi.nlm.nih.gov/pubmed/40374629	Combining cross-sectional and longitudinal genomic approaches to identify determinants of cognitive and physical decline.	Hand grip strength (baseline)	404,112 European ancestry individuals	NA	2p22.1	2	40167739		SLC8A1, SLC8A1-AS1			ENSG00000183023, ENSG00000227028			rs7607992-C	rs7607992	0	7607992	intron_variant	0	0.858597	3E-12	11.522878745280337		0.0143195	[0.01-0.018] unit decrease	Affymetrix [9804480] (imputed)	N	grip strength measurement	http://www.ebi.ac.uk/efo/EFO_0006941	GCST90565845	Genome-wide genotyping array
2025-07-29	40374629	Schoeler T	2025-05-15	Nat Commun	www.ncbi.nlm.nih.gov/pubmed/40374629	Combining cross-sectional and longitudinal genomic approaches to identify determinants of cognitive and physical decline.	Hand grip strength (baseline)	404,112 European ancestry individuals	NA	2p21	2	42037546		LINC02898 - PKDCC	ENSG00000205086	ENSG00000162878		80740	10475	rs10210654-G	rs10210654	0	10210654	intergenic_variant	1	0.80867	8E-10	9.096910013008056		0.0112218	[0.0076-0.0148] unit decrease	Affymetrix [9804480] (imputed)	N	grip strength measurement	http://www.ebi.ac.uk/efo/EFO_0006941	GCST90565845	Genome-wide genotyping array
2025-07-29	40374629	Schoeler T	2025-05-15	Nat Commun	www.ncbi.nlm.nih.gov/pubmed/40374629	Combining cross-sectional and longitudinal genomic approaches to identify determinants of cognitive and physical decline.	Hand grip strength (baseline)	404,112 European ancestry individuals	NA	6p21.32	6	32494373		HLA-DRB9 - HLA-DRB5	ENSG00000196301	ENSG00000198502		20873	22972	rs192091605-C	rs192091605	0	192091605	intron_variant	1	0.796554	2E-10	9.698970004336019		0.0138708	[0.0096-0.0181] unit increase	Affymetrix [9804480] (imputed)	N	grip strength measurement	http://www.ebi.ac.uk/efo/EFO_0006941	GCST90565845	Genome-wide genotyping array
2025-07-29	40374629	Schoeler T	2025-05-15	Nat Commun	www.ncbi.nlm.nih.gov/pubmed/40374629	Combining cross-sectional and longitudinal genomic approaches to identify determinants of cognitive and physical decline.	Hand grip strength (baseline)	404,112 European ancestry individuals	NA	12q13.11	12	46402739		SLC38A4-AS1			ENSG00000257261			rs2131371-A	rs2131371	0	2131371	intron_variant	0	0.298824	5E-11	10.301029995663981		0.0102215	[0.0072-0.0133] unit decrease	Affymetrix [9804480] (imputed)	N	grip strength measurement	http://www.ebi.ac.uk/efo/EFO_0006941	GCST90565845	Genome-wide genotyping array
2025-07-29	40374629	Schoeler T	2025-05-15	Nat Commun	www.ncbi.nlm.nih.gov/pubmed/40374629	Combining cross-sectional and longitudinal genomic approaches to identify determinants of cognitive and physical decline.	Hand grip strength (baseline)	404,112 European ancestry individuals	NA	16q24.1	16	84833798		CRISPLD2			ENSG00000103196			rs8055199-G	rs8055199	0	8055199	intron_variant	0	0.337484	3E-8	7.522878745280337		0.00841755	[0.0055-0.0114] unit increase	Affymetrix [9804480] (imputed)	N	grip strength measurement	http://www.ebi.ac.uk/efo/EFO_0006941	GCST90565845	Genome-wide genotyping array
2025-07-29	40374629	Schoeler T	2025-05-15	Nat Commun	www.ncbi.nlm.nih.gov/pubmed/40374629	Combining cross-sectional and longitudinal genomic approaches to identify determinants of cognitive and physical decline.	Hand grip strength (baseline)	404,112 European ancestry individuals	NA	6p25.2	6	2680498		MYLK4			ENSG00000145949			rs2038760-C	rs2038760	0	2038760	intron_variant	0	0.830102	2E-9	8.698970004336019		0.011487	[0.0077-0.0152] unit increase	Affymetrix [9804480] (imputed)	N	grip strength measurement	http://www.ebi.ac.uk/efo/EFO_0006941	GCST90565845	Genome-wide genotyping array
2025-07-29	40374629	Schoeler T	2025-05-15	Nat Commun	www.ncbi.nlm.nih.gov/pubmed/40374629	Combining cross-sectional and longitudinal genomic approaches to identify determinants of cognitive and physical decline.	Hand grip strength (baseline)	404,112 European ancestry individuals	NA	6p22.3	6	18403902		RNF144B			ENSG00000137393			rs9396861-C	rs9396861	0	9396861	intron_variant	0	0.40125	7E-13	12.154901959985743		0.0106904	[0.0078-0.0136] unit increase	Affymetrix [9804480] (imputed)	N	grip strength measurement	http://www.ebi.ac.uk/efo/EFO_0006941	GCST90565845	Genome-wide genotyping array
2025-07-29	40374629	Schoeler T	2025-05-15	Nat Commun	www.ncbi.nlm.nih.gov/pubmed/40374629	Combining cross-sectional and longitudinal genomic approaches to identify determinants of cognitive and physical decline.	Hand grip strength (baseline)	404,112 European ancestry individuals	NA	6p22.1	6	27518881		ZNF184 - HNRNPA1P1	ENSG00000096654	ENSG00000218347		45740	4195	rs79577505-G	rs79577505	0	79577505	intron_variant	1	0.98294	1E-9	9.0		0.033663	[0.023-0.044] unit decrease	Affymetrix [9804480] (imputed)	N	grip strength measurement	http://www.ebi.ac.uk/efo/EFO_0006941	GCST90565845	Genome-wide genotyping array
2025-07-29	40374629	Schoeler T	2025-05-15	Nat Commun	www.ncbi.nlm.nih.gov/pubmed/40374629	Combining cross-sectional and longitudinal genomic approaches to identify determinants of cognitive and physical decline.	Hand grip strength (baseline)	404,112 European ancestry individuals	NA	2p14	2	65436033		LINC02934			ENSG00000204929			rs1807337-G	rs1807337	0	1807337	intergenic_variant	0	0.593179	3E-8	7.522878745280337		0.00801638	[0.0052-0.0109] unit increase	Affymetrix [9804480] (imputed)	N	grip strength measurement	http://www.ebi.ac.uk/efo/EFO_0006941	GCST90565845	Genome-wide genotyping array
2025-07-29	40374629	Schoeler T	2025-05-15	Nat Commun	www.ncbi.nlm.nih.gov/pubmed/40374629	Combining cross-sectional and longitudinal genomic approaches to identify determinants of cognitive and physical decline.	Hand grip strength (baseline)	404,112 European ancestry individuals	NA	2p21	2	43968133		LRPPRC			ENSG00000138095			rs10175281-G	rs10175281	0	10175281	intron_variant	0	0.501906	9E-17	16.045757490560675		0.0119013	[0.0091-0.0147] unit increase	Affymetrix [9804480] (imputed)	N	grip strength measurement	http://www.ebi.ac.uk/efo/EFO_0006941	GCST90565845	Genome-wide genotyping array
2025-07-29	40374629	Schoeler T	2025-05-15	Nat Commun	www.ncbi.nlm.nih.gov/pubmed/40374629	Combining cross-sectional and longitudinal genomic approaches to identify determinants of cognitive and physical decline.	Hand grip strength (baseline)	404,112 European ancestry individuals	NA	2p16.1	2	59743525		RNA5SP94 - MIR4432HG	ENSG00000252726	ENSG00000228590		48656	567761	rs1442883-C	rs1442883	0	1442883	intron_variant	1	0.746159	5E-11	10.301029995663981		0.0107921	[0.0076-0.014] unit increase	Affymetrix [9804480] (imputed)	N	grip strength measurement	http://www.ebi.ac.uk/efo/EFO_0006941	GCST90565845	Genome-wide genotyping array
2025-07-29	40374629	Schoeler T	2025-05-15	Nat Commun	www.ncbi.nlm.nih.gov/pubmed/40374629	Combining cross-sectional and longitudinal genomic approaches to identify determinants of cognitive and physical decline.	Hand grip strength (baseline)	404,112 European ancestry individuals	NA	2p16.1	2	60499292		BCL11A			ENSG00000119866			rs62142646-C	rs62142646	0	62142646	intron_variant	0	0.616957	9E-10	9.045757490560675		0.00908198	[0.0062-0.012] unit decrease	Affymetrix [9804480] (imputed)	N	grip strength measurement	http://www.ebi.ac.uk/efo/EFO_0006941	GCST90565845	Genome-wide genotyping array
2025-07-29	40374629	Schoeler T	2025-05-15	Nat Commun	www.ncbi.nlm.nih.gov/pubmed/40374629	Combining cross-sectional and longitudinal genomic approaches to identify determinants of cognitive and physical decline.	Hand grip strength (baseline)	404,112 European ancestry individuals	NA	2p14	2	68210670		PPP3R1			ENSG00000221823			rs75483778-A	rs75483778	0	75483778	intron_variant	0	0.919494	1E-12	12.0		0.0185901	[0.013-0.024] unit increase	Affymetrix [9804480] (imputed)	N	grip strength measurement	http://www.ebi.ac.uk/efo/EFO_0006941	GCST90565845	Genome-wide genotyping array
2025-07-29	40374629	Schoeler T	2025-05-15	Nat Commun	www.ncbi.nlm.nih.gov/pubmed/40374629	Combining cross-sectional and longitudinal genomic approaches to identify determinants of cognitive and physical decline.	Hand grip strength (baseline)	404,112 European ancestry individuals	NA	3p13	3	71623515		FOXP1-DT - EIF4E3	ENSG00000270562	ENSG00000163412		36106	51899	rs844219-T	rs844219	0	844219	intron_variant	1	0.584259	2E-8	7.698970004336019		0.00818476	[0.0053-0.011] unit decrease	Affymetrix [9804480] (imputed)	N	grip strength measurement	http://www.ebi.ac.uk/efo/EFO_0006941	GCST90565845	Genome-wide genotyping array
2025-07-29	40374629	Schoeler T	2025-05-15	Nat Commun	www.ncbi.nlm.nih.gov/pubmed/40374629	Combining cross-sectional and longitudinal genomic approaches to identify determinants of cognitive and physical decline.	Hand grip strength (baseline)	404,112 European ancestry individuals	NA	3p13	3	72348128		LINC00877 - RYBP	ENSG00000241163	ENSG00000163602		68182	23697	rs9809116-A	rs9809116	0	9809116	regulatory_region_variant	1	0.592666	4E-8	7.3979400086720375		0.00803605	[0.0052-0.0109] unit increase	Affymetrix [9804480] (imputed)	N	grip strength measurement	http://www.ebi.ac.uk/efo/EFO_0006941	GCST90565845	Genome-wide genotyping array
2025-07-29	40374629	Schoeler T	2025-05-15	Nat Commun	www.ncbi.nlm.nih.gov/pubmed/40374629	Combining cross-sectional and longitudinal genomic approaches to identify determinants of cognitive and physical decline.	Hand grip strength (baseline)	404,112 European ancestry individuals	NA	3p12.1	3	85581401		CADM2			ENSG00000175161			rs1551042-A	rs1551042	0	1551042	intron_variant	0	0.35207	5E-9	8.301029995663981		0.00873422	[0.0058-0.0117] unit increase	Affymetrix [9804480] (imputed)	N	grip strength measurement	http://www.ebi.ac.uk/efo/EFO_0006941	GCST90565845	Genome-wide genotyping array
2025-07-29	40374629	Schoeler T	2025-05-15	Nat Commun	www.ncbi.nlm.nih.gov/pubmed/40374629	Combining cross-sectional and longitudinal genomic approaches to identify determinants of cognitive and physical decline.	Hand grip strength (baseline)	404,112 European ancestry individuals	NA	3q21.3	3	128480819		GATA2			ENSG00000179348			rs10934857-G	rs10934857	0	10934857	3_prime_UTR_variant	0	0.740246	6E-9	8.221848749616356		0.0094885	[0.0063-0.0127] unit decrease	Affymetrix [9804480] (imputed)	N	grip strength measurement	http://www.ebi.ac.uk/efo/EFO_0006941	GCST90565845	Genome-wide genotyping array
2025-07-29	40374629	Schoeler T	2025-05-15	Nat Commun	www.ncbi.nlm.nih.gov/pubmed/40374629	Combining cross-sectional and longitudinal genomic approaches to identify determinants of cognitive and physical decline.	Hand grip strength (baseline)	404,112 European ancestry individuals	NA	3q22.1	3	132454437		DNAJC13			ENSG00000138246			rs146992118-G	rs146992118	0	146992118	intron_variant	0	0.900006	1E-8	8.0		0.0135736	[0.0089-0.0183] unit decrease	Affymetrix [9804480] (imputed)	N	grip strength measurement	http://www.ebi.ac.uk/efo/EFO_0006941	GCST90565845	Genome-wide genotyping array
2025-07-29	40374629	Schoeler T	2025-05-15	Nat Commun	www.ncbi.nlm.nih.gov/pubmed/40374629	Combining cross-sectional and longitudinal genomic approaches to identify determinants of cognitive and physical decline.	Hand grip strength (baseline)	404,112 European ancestry individuals	NA	3q23	3	141402972		ZBTB38			ENSG00000177311			rs2871960-A	rs2871960	0	2871960	intron_variant	0	0.552239	8E-16	15.096910013008056		0.0115545	[0.0087-0.0144] unit decrease	Affymetrix [9804480] (imputed)	N	grip strength measurement	http://www.ebi.ac.uk/efo/EFO_0006941	GCST90565845	Genome-wide genotyping array
2025-07-29	40374629	Schoeler T	2025-05-15	Nat Commun	www.ncbi.nlm.nih.gov/pubmed/40374629	Combining cross-sectional and longitudinal genomic approaches to identify determinants of cognitive and physical decline.	Hand grip strength (baseline)	404,112 European ancestry individuals	NA	3q26.2	3	169436723		MECOM			ENSG00000085276			rs1528293-A	rs1528293	0	1528293	intron_variant	0	0.48694	1E-8	8.0		0.00809759	[0.0053-0.0109] unit decrease	Affymetrix [9804480] (imputed)	N	grip strength measurement	http://www.ebi.ac.uk/efo/EFO_0006941	GCST90565845	Genome-wide genotyping array
2025-07-29	40374629	Schoeler T	2025-05-15	Nat Commun	www.ncbi.nlm.nih.gov/pubmed/40374629	Combining cross-sectional and longitudinal genomic approaches to identify determinants of cognitive and physical decline.	Hand grip strength (baseline)	404,112 European ancestry individuals	NA	3q27.2	3	185830875		IGF2BP2 - TRA2B	ENSG00000073792	ENSG00000136527		5814	83683	rs2194411-G	rs2194411	0	2194411	intergenic_variant	1	0.87205	2E-9	8.698970004336019		0.012968	[0.0087-0.0172] unit decrease	Affymetrix [9804480] (imputed)	N	grip strength measurement	http://www.ebi.ac.uk/efo/EFO_0006941	GCST90565845	Genome-wide genotyping array
2025-07-29	40374629	Schoeler T	2025-05-15	Nat Commun	www.ncbi.nlm.nih.gov/pubmed/40374629	Combining cross-sectional and longitudinal genomic approaches to identify determinants of cognitive and physical decline.	Hand grip strength (baseline)	404,112 European ancestry individuals	NA	3q27.2	3	185905387		IGF2BP2 - TRA2B	ENSG00000073792	ENSG00000136527		80326	9171	rs58874665-C	rs58874665	0	58874665	intergenic_variant	1	0.568163	2E-8	7.698970004336019		0.00813702	[0.0053-0.011] unit decrease	Affymetrix [9804480] (imputed)	N	grip strength measurement	http://www.ebi.ac.uk/efo/EFO_0006941	GCST90565845	Genome-wide genotyping array
2025-07-29	40374629	Schoeler T	2025-05-15	Nat Commun	www.ncbi.nlm.nih.gov/pubmed/40374629	Combining cross-sectional and longitudinal genomic approaches to identify determinants of cognitive and physical decline.	Hand grip strength (baseline)	404,112 European ancestry individuals	NA	3q29	3	193785537		COX6A1P5 - LINC02038	ENSG00000223986	ENSG00000229155		19534	33296	rs9847951-C	rs9847951	0	9847951	intergenic_variant	1	0.560034	3E-9	8.522878745280337		0.00861425	[0.0058-0.0115] unit increase	Affymetrix [9804480] (imputed)	N	grip strength measurement	http://www.ebi.ac.uk/efo/EFO_0006941	GCST90565845	Genome-wide genotyping array
2025-07-29	40374629	Schoeler T	2025-05-15	Nat Commun	www.ncbi.nlm.nih.gov/pubmed/40374629	Combining cross-sectional and longitudinal genomic approaches to identify determinants of cognitive and physical decline.	Hand grip strength (baseline)	404,112 European ancestry individuals	NA	4p16.3	4	1003210		IDUA			ENSG00000127415			rs113289555-G	rs113289555	0	113289555	intron_variant	0	0.766044	2E-11	10.698970004336019		0.0114535	[0.0081-0.0148] unit increase	Affymetrix [9804480] (imputed)	N	grip strength measurement	http://www.ebi.ac.uk/efo/EFO_0006941	GCST90565845	Genome-wide genotyping array
2025-07-29	40374629	Schoeler T	2025-05-15	Nat Commun	www.ncbi.nlm.nih.gov/pubmed/40374629	Combining cross-sectional and longitudinal genomic approaches to identify determinants of cognitive and physical decline.	Hand grip strength (baseline)	404,112 European ancestry individuals	NA	4p16.3	4	1347765		UVSSA			ENSG00000163945			rs111391498-A	rs111391498	0	111391498	splice_donor_5th_base_variant	0	0.951591	5E-8	7.301029995663981		0.0180979	[0.012-0.025] unit increase	Affymetrix [9804480] (imputed)	N	grip strength measurement	http://www.ebi.ac.uk/efo/EFO_0006941	GCST90565845	Genome-wide genotyping array
2025-07-29	40374629	Schoeler T	2025-05-15	Nat Commun	www.ncbi.nlm.nih.gov/pubmed/40374629	Combining cross-sectional and longitudinal genomic approaches to identify determinants of cognitive and physical decline.	Hand grip strength (baseline)	404,112 European ancestry individuals	NA	4p15.31	4	17965491		LCORL			ENSG00000178177			rs34588175-G	rs34588175	0	34588175	intron_variant	0	0.843077	2E-26	25.69897000433602		0.020837	[0.017-0.025] unit increase	Affymetrix [9804480] (imputed)	N	grip strength measurement	http://www.ebi.ac.uk/efo/EFO_0006941	GCST90565845	Genome-wide genotyping array
2025-07-29	40374629	Schoeler T	2025-05-15	Nat Commun	www.ncbi.nlm.nih.gov/pubmed/40374629	Combining cross-sectional and longitudinal genomic approaches to identify determinants of cognitive and physical decline.	Hand grip strength (baseline)	404,112 European ancestry individuals	NA	4p15.31	4	18006138		LCORL			ENSG00000178177			rs112743014-A	rs112743014	0	112743014	intron_variant	0	0.77403	2E-15	14.698970004336019		0.0135964	[0.01-0.017] unit decrease	Affymetrix [9804480] (imputed)	N	grip strength measurement	http://www.ebi.ac.uk/efo/EFO_0006941	GCST90565845	Genome-wide genotyping array
2025-07-29	40374629	Schoeler T	2025-05-15	Nat Commun	www.ncbi.nlm.nih.gov/pubmed/40374629	Combining cross-sectional and longitudinal genomic approaches to identify determinants of cognitive and physical decline.	Hand grip strength (baseline)	404,112 European ancestry individuals	NA	4p15.1	4	30862864		PCDH7			ENSG00000169851			rs13150968-A	rs13150968	0	13150968	intron_variant	0	0.744452	1E-12	12.0		0.0115988	[0.0084-0.0148] unit increase	Affymetrix [9804480] (imputed)	N	grip strength measurement	http://www.ebi.ac.uk/efo/EFO_0006941	GCST90565845	Genome-wide genotyping array
2025-07-29	40374629	Schoeler T	2025-05-15	Nat Commun	www.ncbi.nlm.nih.gov/pubmed/40374629	Combining cross-sectional and longitudinal genomic approaches to identify determinants of cognitive and physical decline.	Hand grip strength (baseline)	404,112 European ancestry individuals	NA	4q24	4	101944147		BANK1			ENSG00000153064			rs13126505-G	rs13126505	0	13126505	intron_variant	0	0.929824	2E-15	14.698970004336019		0.0226665	[0.017-0.028] unit increase	Affymetrix [9804480] (imputed)	N	grip strength measurement	http://www.ebi.ac.uk/efo/EFO_0006941	GCST90565845	Genome-wide genotyping array
2025-07-29	40374629	Schoeler T	2025-05-15	Nat Commun	www.ncbi.nlm.nih.gov/pubmed/40374629	Combining cross-sectional and longitudinal genomic approaches to identify determinants of cognitive and physical decline.	Hand grip strength (baseline)	404,112 European ancestry individuals	NA	4q26	4	118834466		SEC24D			ENSG00000150961			rs114924396-A	rs114924396	0	114924396	intron_variant	0	0.944988	7E-9	8.154901959985743		0.0182524	[0.012-0.024] unit increase	Affymetrix [9804480] (imputed)	N	grip strength measurement	http://www.ebi.ac.uk/efo/EFO_0006941	GCST90565845	Genome-wide genotyping array
2025-07-29	40374629	Schoeler T	2025-05-15	Nat Commun	www.ncbi.nlm.nih.gov/pubmed/40374629	Combining cross-sectional and longitudinal genomic approaches to identify determinants of cognitive and physical decline.	Hand grip strength (baseline)	404,112 European ancestry individuals	NA	4q31.3	4	153923289		SFRP2 - DCHS2	ENSG00000145423	ENSG00000197410		134206	308453	rs6826242-C	rs6826242	0	6826242	intron_variant	1	0.511623	4E-10	9.397940008672037		0.00897427	[0.0062-0.0118] unit increase	Affymetrix [9804480] (imputed)	N	grip strength measurement	http://www.ebi.ac.uk/efo/EFO_0006941	GCST90565845	Genome-wide genotyping array
2025-07-29	40374629	Schoeler T	2025-05-15	Nat Commun	www.ncbi.nlm.nih.gov/pubmed/40374629	Combining cross-sectional and longitudinal genomic approaches to identify determinants of cognitive and physical decline.	Hand grip strength (baseline)	404,112 European ancestry individuals	NA	5p13.1	5	39402545		DAB2			ENSG00000153071			rs6882168-C	rs6882168	0	6882168	intron_variant	0	0.660992	9E-11	10.045757490560675		0.0098088	[0.0068-0.0128] unit increase	Affymetrix [9804480] (imputed)	N	grip strength measurement	http://www.ebi.ac.uk/efo/EFO_0006941	GCST90565845	Genome-wide genotyping array
2025-07-29	40374629	Schoeler T	2025-05-15	Nat Commun	www.ncbi.nlm.nih.gov/pubmed/40374629	Combining cross-sectional and longitudinal genomic approaches to identify determinants of cognitive and physical decline.	Hand grip strength (baseline)	404,112 European ancestry individuals	NA	5q11.2	5	52990180		ITGA2, ITGA2-AS1			ENSG00000164171, ENSG00000249899			rs26681-C	rs26681	0	26681	intron_variant	0	0.344405	2E-8	7.698970004336019		0.00844465	[0.0055-0.0114] unit increase	Affymetrix [9804480] (imputed)	N	grip strength measurement	http://www.ebi.ac.uk/efo/EFO_0006941	GCST90565845	Genome-wide genotyping array
2025-07-29	40374629	Schoeler T	2025-05-15	Nat Commun	www.ncbi.nlm.nih.gov/pubmed/40374629	Combining cross-sectional and longitudinal genomic approaches to identify determinants of cognitive and physical decline.	Hand grip strength (baseline)	404,112 European ancestry individuals	NA	5q11.2	5	53556101		FST - NDUFS4	ENSG00000134363	ENSG00000164258		68967	4532	rs1559266-C	rs1559266	0	1559266	intergenic_variant	1	0.230977	1E-10	10.0		0.0108588	[0.0075-0.0142] unit decrease	Affymetrix [9804480] (imputed)	N	grip strength measurement	http://www.ebi.ac.uk/efo/EFO_0006941	GCST90565845	Genome-wide genotyping array
2025-07-29	40374629	Schoeler T	2025-05-15	Nat Commun	www.ncbi.nlm.nih.gov/pubmed/40374629	Combining cross-sectional and longitudinal genomic approaches to identify determinants of cognitive and physical decline.	Hand grip strength (baseline)	404,112 European ancestry individuals	NA	5q11.2	5	53834658		LINC02105 - ASS1P9	ENSG00000250447	ENSG00000217791		14936	24508	rs4865789-C	rs4865789	0	4865789	intergenic_variant	1	0.599096	1E-11	11.0		0.00990054	[0.007-0.0128] unit increase	Affymetrix [9804480] (imputed)	N	grip strength measurement	http://www.ebi.ac.uk/efo/EFO_0006941	GCST90565845	Genome-wide genotyping array
2025-07-29	40374629	Schoeler T	2025-05-15	Nat Commun	www.ncbi.nlm.nih.gov/pubmed/40374629	Combining cross-sectional and longitudinal genomic approaches to identify determinants of cognitive and physical decline.	Hand grip strength (baseline)	404,112 European ancestry individuals	NA	5q13.1	5	68525119		PIK3R1 - LINC02198	ENSG00000145675	ENSG00000249352		223298	257844	rs13356200-T	rs13356200	0	13356200	intron_variant	1	0.607611	3E-10	9.522878745280337		0.00924367	[0.0064-0.0121] unit increase	Affymetrix [9804480] (imputed)	N	grip strength measurement	http://www.ebi.ac.uk/efo/EFO_0006941	GCST90565845	Genome-wide genotyping array
2025-07-29	40374629	Schoeler T	2025-05-15	Nat Commun	www.ncbi.nlm.nih.gov/pubmed/40374629	Combining cross-sectional and longitudinal genomic approaches to identify determinants of cognitive and physical decline.	Hand grip strength (baseline)	404,112 European ancestry individuals	NA	5q14.3	5	89006513		MEF2C-AS1			ENSG00000248309			rs4916663-A	rs4916663	0	4916663	intron_variant	0	0.612058	6E-9	8.221848749616356		0.00851157	[0.0056-0.0114] unit increase	Affymetrix [9804480] (imputed)	N	grip strength measurement	http://www.ebi.ac.uk/efo/EFO_0006941	GCST90565845	Genome-wide genotyping array
2025-07-29	40374629	Schoeler T	2025-05-15	Nat Commun	www.ncbi.nlm.nih.gov/pubmed/40374629	Combining cross-sectional and longitudinal genomic approaches to identify determinants of cognitive and physical decline.	Hand grip strength (baseline)	404,112 European ancestry individuals	NA	5q21.2	5	104596006		NIHCOLE - RNU6-334P	ENSG00000251026	ENSG00000252881		165761	184282	rs2431112-G	rs2431112	0	2431112	intron_variant	1	0.559378	5E-11	10.301029995663981		0.00945186	[0.0066-0.0123] unit increase	Affymetrix [9804480] (imputed)	N	grip strength measurement	http://www.ebi.ac.uk/efo/EFO_0006941	GCST90565845	Genome-wide genotyping array
2025-07-29	40374629	Schoeler T	2025-05-15	Nat Commun	www.ncbi.nlm.nih.gov/pubmed/40374629	Combining cross-sectional and longitudinal genomic approaches to identify determinants of cognitive and physical decline.	Hand grip strength (baseline)	404,112 European ancestry individuals	NA	2p13.3	2	70368333		BRD7P6 - TGFA	ENSG00000235289	ENSG00000163235		12418	78951	rs1478645-G	rs1478645	0	1478645	intron_variant	1	0.266941	1E-8	8.0		0.00918725	[0.006-0.0123] unit decrease	Affymetrix [9804480] (imputed)	N	grip strength measurement	http://www.ebi.ac.uk/efo/EFO_0006941	GCST90565845	Genome-wide genotyping array
2025-07-29	40374629	Schoeler T	2025-05-15	Nat Commun	www.ncbi.nlm.nih.gov/pubmed/40374629	Combining cross-sectional and longitudinal genomic approaches to identify determinants of cognitive and physical decline.	Hand grip strength (baseline)	404,112 European ancestry individuals	NA	2p13.3	2	70492938		TGFA			ENSG00000163235			rs3771498-C	rs3771498	0	3771498	intron_variant	0	0.48363	5E-23	22.30102999566398		0.0141261	[0.011-0.017] unit decrease	Affymetrix [9804480] (imputed)	N	grip strength measurement	http://www.ebi.ac.uk/efo/EFO_0006941	GCST90565845	Genome-wide genotyping array
2025-07-29	40374629	Schoeler T	2025-05-15	Nat Commun	www.ncbi.nlm.nih.gov/pubmed/40374629	Combining cross-sectional and longitudinal genomic approaches to identify determinants of cognitive and physical decline.	Hand grip strength (baseline)	404,112 European ancestry individuals	NA	2p13.2	2	71380409		ZNF638			ENSG00000075292			rs17693408-G	rs17693408	0	17693408	intron_variant	0	0.433794	3E-9	8.522878745280337		0.00856688	[0.0057-0.0114] unit increase	Affymetrix [9804480] (imputed)	N	grip strength measurement	http://www.ebi.ac.uk/efo/EFO_0006941	GCST90565845	Genome-wide genotyping array
2025-07-29	40374629	Schoeler T	2025-05-15	Nat Commun	www.ncbi.nlm.nih.gov/pubmed/40374629	Combining cross-sectional and longitudinal genomic approaches to identify determinants of cognitive and physical decline.	Hand grip strength (baseline)	404,112 European ancestry individuals	NA	2q11.2	2	99872203		AFF3			ENSG00000144218			rs28682406-A	rs28682406	0	28682406	intron_variant	0	0.573499	4E-8	7.3979400086720375		0.00795356	[0.0051-0.0108] unit decrease	Affymetrix [9804480] (imputed)	N	grip strength measurement	http://www.ebi.ac.uk/efo/EFO_0006941	GCST90565845	Genome-wide genotyping array
2025-07-29	40374629	Schoeler T	2025-05-15	Nat Commun	www.ncbi.nlm.nih.gov/pubmed/40374629	Combining cross-sectional and longitudinal genomic approaches to identify determinants of cognitive and physical decline.	Hand grip strength (baseline)	404,112 European ancestry individuals	NA	2q21.3	2	134615381		TMEM163			ENSG00000152128			rs35564151-G	rs35564151	0	35564151	intron_variant	0	0.462776	3E-10	9.522878745280337		0.0090929	[0.0063-0.0119] unit increase	Affymetrix [9804480] (imputed)	N	grip strength measurement	http://www.ebi.ac.uk/efo/EFO_0006941	GCST90565845	Genome-wide genotyping array
2025-07-29	40374629	Schoeler T	2025-05-15	Nat Commun	www.ncbi.nlm.nih.gov/pubmed/40374629	Combining cross-sectional and longitudinal genomic approaches to identify determinants of cognitive and physical decline.	Hand grip strength (baseline)	404,112 European ancestry individuals	NA	2q21.3	2	134916800		CCNT2-AS1			ENSG00000224043			rs12463645-T	rs12463645	0	12463645	intron_variant	0	0.641288	8E-21	20.096910013008056		0.0139566	[0.011-0.017] unit decrease	Affymetrix [9804480] (imputed)	N	grip strength measurement	http://www.ebi.ac.uk/efo/EFO_0006941	GCST90565845	Genome-wide genotyping array
2025-07-29	40374629	Schoeler T	2025-05-15	Nat Commun	www.ncbi.nlm.nih.gov/pubmed/40374629	Combining cross-sectional and longitudinal genomic approaches to identify determinants of cognitive and physical decline.	Hand grip strength (baseline)	404,112 European ancestry individuals	NA	2q21.3	2	135244930		ZRANB3			ENSG00000121988			rs1900741-C	rs1900741	0	1900741	intron_variant	0	0.860979	2E-13	12.698970004336019		0.0153883	[0.011-0.019] unit decrease	Affymetrix [9804480] (imputed)	N	grip strength measurement	http://www.ebi.ac.uk/efo/EFO_0006941	GCST90565845	Genome-wide genotyping array
2025-07-29	40374629	Schoeler T	2025-05-15	Nat Commun	www.ncbi.nlm.nih.gov/pubmed/40374629	Combining cross-sectional and longitudinal genomic approaches to identify determinants of cognitive and physical decline.	Hand grip strength (baseline)	404,112 European ancestry individuals	NA	2q21.3	2	136026774		DARS1-AS1			ENSG00000231890			rs4954387-A	rs4954387	0	4954387	intron_variant	0	0.776282	5E-10	9.301029995663981		0.010884	[0.0074-0.0143] unit decrease	Affymetrix [9804480] (imputed)	N	grip strength measurement	http://www.ebi.ac.uk/efo/EFO_0006941	GCST90565845	Genome-wide genotyping array
2025-07-29	40374629	Schoeler T	2025-05-15	Nat Commun	www.ncbi.nlm.nih.gov/pubmed/40374629	Combining cross-sectional and longitudinal genomic approaches to identify determinants of cognitive and physical decline.	Hand grip strength (baseline)	404,112 European ancestry individuals	NA	2q22.3	2	143491336		ARHGAP15			ENSG00000075884			rs34030812-T	rs34030812	0	34030812	intron_variant	0	0.633317	9E-9	8.045757490560675		0.00853603	[0.0056-0.0114] unit increase	Affymetrix [9804480] (imputed)	N	grip strength measurement	http://www.ebi.ac.uk/efo/EFO_0006941	GCST90565845	Genome-wide genotyping array
2025-07-29	40374629	Schoeler T	2025-05-15	Nat Commun	www.ncbi.nlm.nih.gov/pubmed/40374629	Combining cross-sectional and longitudinal genomic approaches to identify determinants of cognitive and physical decline.	Hand grip strength (baseline)	404,112 European ancestry individuals	NA	2q23.3	2	151496329		RIF1, NEB			ENSG00000080345, ENSG00000183091			rs7575451-C	rs7575451	0	7575451	missense_variant	0	0.349314	2E-11	10.698970004336019		0.00999416	[0.0071-0.0129] unit increase	Affymetrix [9804480] (imputed)	N	grip strength measurement	http://www.ebi.ac.uk/efo/EFO_0006941	GCST90565845	Genome-wide genotyping array
2025-07-29	40374629	Schoeler T	2025-05-15	Nat Commun	www.ncbi.nlm.nih.gov/pubmed/40374629	Combining cross-sectional and longitudinal genomic approaches to identify determinants of cognitive and physical decline.	Hand grip strength (baseline)	404,112 European ancestry individuals	NA	2q31.1	2	174376754		CIR1			ENSG00000138433			rs6433478-T	rs6433478	0	6433478	intron_variant	0	0.454476	3E-11	10.522878745280337		0.0096205	[0.0068-0.0124] unit decrease	Affymetrix [9804480] (imputed)	N	grip strength measurement	http://www.ebi.ac.uk/efo/EFO_0006941	GCST90565845	Genome-wide genotyping array
2025-07-29	40374629	Schoeler T	2025-05-15	Nat Commun	www.ncbi.nlm.nih.gov/pubmed/40374629	Combining cross-sectional and longitudinal genomic approaches to identify determinants of cognitive and physical decline.	Hand grip strength (baseline)	404,112 European ancestry individuals	NA	2q31.2	2	178389603		OSBPL6			ENSG00000079156			rs1434095-T	rs1434095	0	1434095	intron_variant	0	0.125071	2E-10	9.698970004336019		0.0137974	[0.0095-0.0181] unit decrease	Affymetrix [9804480] (imputed)	N	grip strength measurement	http://www.ebi.ac.uk/efo/EFO_0006941	GCST90565845	Genome-wide genotyping array
2025-07-29	40374629	Schoeler T	2025-05-15	Nat Commun	www.ncbi.nlm.nih.gov/pubmed/40374629	Combining cross-sectional and longitudinal genomic approaches to identify determinants of cognitive and physical decline.	Hand grip strength (baseline)	404,112 European ancestry individuals	NA	2q31.2	2	178681132		TTN-AS1, TTN			ENSG00000237298, ENSG00000155657			rs36051007-C	rs36051007	0	36051007	missense_variant	0	0.683366	7E-10	9.154901959985743		0.00944971	[0.0064-0.0125] unit decrease	Affymetrix [9804480] (imputed)	N	grip strength measurement	http://www.ebi.ac.uk/efo/EFO_0006941	GCST90565845	Genome-wide genotyping array
2025-07-29	40374629	Schoeler T	2025-05-15	Nat Commun	www.ncbi.nlm.nih.gov/pubmed/40374629	Combining cross-sectional and longitudinal genomic approaches to identify determinants of cognitive and physical decline.	Hand grip strength (baseline)	404,112 European ancestry individuals	NA	2q33.1	2	198094879		PLCL1			ENSG00000115896			rs3755333-G	rs3755333	0	3755333	intron_variant	0	0.585773	4E-8	7.3979400086720375		0.00803372	[0.0052-0.0109] unit decrease	Affymetrix [9804480] (imputed)	N	grip strength measurement	http://www.ebi.ac.uk/efo/EFO_0006941	GCST90565845	Genome-wide genotyping array
2025-07-29	40374629	Schoeler T	2025-05-15	Nat Commun	www.ncbi.nlm.nih.gov/pubmed/40374629	Combining cross-sectional and longitudinal genomic approaches to identify determinants of cognitive and physical decline.	Hand grip strength (baseline)	404,112 European ancestry individuals	NA	2q33.1	2	198370940		LINC01923, PLCL1			ENSG00000236653, ENSG00000115896			rs1981612-C	rs1981612	0	1981612	intron_variant	0	0.541624	6E-12	11.221848749616356		0.0099972	[0.0071-0.0128] unit decrease	Affymetrix [9804480] (imputed)	N	grip strength measurement	http://www.ebi.ac.uk/efo/EFO_0006941	GCST90565845	Genome-wide genotyping array
2025-07-29	40374629	Schoeler T	2025-05-15	Nat Commun	www.ncbi.nlm.nih.gov/pubmed/40374629	Combining cross-sectional and longitudinal genomic approaches to identify determinants of cognitive and physical decline.	Hand grip strength (baseline)	404,112 European ancestry individuals	NA	2q33.1	2	198718355		PLCL1 - RNU7-147P	ENSG00000115896	ENSG00000238698		145774	472704	rs113368975-G	rs113368975	0	113368975	intron_variant	1	0.948434	4E-8	7.3979400086720375		0.0191193	[0.012-0.026] unit decrease	Affymetrix [9804480] (imputed)	N	grip strength measurement	http://www.ebi.ac.uk/efo/EFO_0006941	GCST90565845	Genome-wide genotyping array
2025-07-29	40374629	Schoeler T	2025-05-15	Nat Commun	www.ncbi.nlm.nih.gov/pubmed/40374629	Combining cross-sectional and longitudinal genomic approaches to identify determinants of cognitive and physical decline.	Hand grip strength (baseline)	404,112 European ancestry individuals	NA	2q33.1	2	200273059		MAIP1 - SPATS2L	ENSG00000162972	ENSG00000196141		264519	32822	rs17630248-T	rs17630248	0	17630248	intergenic_variant	1	0.651958	6E-11	10.221848749616356		0.00982743	[0.0069-0.0128] unit increase	Affymetrix [9804480] (imputed)	N	grip strength measurement	http://www.ebi.ac.uk/efo/EFO_0006941	GCST90565845	Genome-wide genotyping array
2025-07-29	40374629	Schoeler T	2025-05-15	Nat Commun	www.ncbi.nlm.nih.gov/pubmed/40374629	Combining cross-sectional and longitudinal genomic approaches to identify determinants of cognitive and physical decline.	Hand grip strength (baseline)	404,112 European ancestry individuals	NA	2q35	2	217288117		TESHL, DIRC3			ENSG00000223874, ENSG00000231672			rs10164712-G	rs10164712	0	10164712	intron_variant	0	0.806853	1E-12	12.0		0.0128513	[0.0093-0.0164] unit increase	Affymetrix [9804480] (imputed)	N	grip strength measurement	http://www.ebi.ac.uk/efo/EFO_0006941	GCST90565845	Genome-wide genotyping array
2025-07-29	40374629	Schoeler T	2025-05-15	Nat Commun	www.ncbi.nlm.nih.gov/pubmed/40374629	Combining cross-sectional and longitudinal genomic approaches to identify determinants of cognitive and physical decline.	Hand grip strength (baseline)	404,112 European ancestry individuals	NA	3p26.1	3	4716902		ITPR1			ENSG00000150995			rs901850-G	rs901850	0	901850	intron_variant	0	0.744278	3E-8	7.522878745280337		0.00909112	[0.0059-0.0123] unit decrease	Affymetrix [9804480] (imputed)	N	grip strength measurement	http://www.ebi.ac.uk/efo/EFO_0006941	GCST90565845	Genome-wide genotyping array
2025-07-29	40374629	Schoeler T	2025-05-15	Nat Commun	www.ncbi.nlm.nih.gov/pubmed/40374629	Combining cross-sectional and longitudinal genomic approaches to identify determinants of cognitive and physical decline.	Hand grip strength (baseline)	404,112 European ancestry individuals	NA	3p25.1	3	13734897		LINC00620			ENSG00000224514			rs2974396-G	rs2974396	0	2974396	intron_variant	0	0.725248	8E-9	8.096910013008056		0.00921906	[0.0061-0.0124] unit decrease	Affymetrix [9804480] (imputed)	N	grip strength measurement	http://www.ebi.ac.uk/efo/EFO_0006941	GCST90565845	Genome-wide genotyping array
2025-07-29	40374629	Schoeler T	2025-05-15	Nat Commun	www.ncbi.nlm.nih.gov/pubmed/40374629	Combining cross-sectional and longitudinal genomic approaches to identify determinants of cognitive and physical decline.	Hand grip strength (baseline)	404,112 European ancestry individuals	NA	3p21.2	3	51425726		DCAF1			ENSG00000145041			rs146381464-C	rs146381464	0	146381464	intron_variant	0	0.976506	5E-8	7.301029995663981		0.0259229	[0.017-0.035] unit decrease	Affymetrix [9804480] (imputed)	N	grip strength measurement	http://www.ebi.ac.uk/efo/EFO_0006941	GCST90565845	Genome-wide genotyping array
2025-07-29	40374629	Schoeler T	2025-05-15	Nat Commun	www.ncbi.nlm.nih.gov/pubmed/40374629	Combining cross-sectional and longitudinal genomic approaches to identify determinants of cognitive and physical decline.	Hand grip strength (baseline)	404,112 European ancestry individuals	NA	3p21.2	3	51742088		GRM2 - IQCF6	ENSG00000164082	ENSG00000214686		23472	36473	rs141829833-C	rs141829833	0	141829833	intergenic_variant	1	0.976781	1E-8	8.0		0.0273802	[0.018-0.037] unit decrease	Affymetrix [9804480] (imputed)	N	grip strength measurement	http://www.ebi.ac.uk/efo/EFO_0006941	GCST90565845	Genome-wide genotyping array
2025-07-29	40374629	Schoeler T	2025-05-15	Nat Commun	www.ncbi.nlm.nih.gov/pubmed/40374629	Combining cross-sectional and longitudinal genomic approaches to identify determinants of cognitive and physical decline.	Hand grip strength (baseline)	404,112 European ancestry individuals	NA	3p21.1	3	53069139		RFT1			ENSG00000163933			rs2564924-C	rs2564924	0	2564924	intron_variant	0	0.443612	3E-12	11.522878745280337		0.0100297	[0.0072-0.0128] unit increase	Affymetrix [9804480] (imputed)	N	grip strength measurement	http://www.ebi.ac.uk/efo/EFO_0006941	GCST90565845	Genome-wide genotyping array
2025-07-29	40374629	Schoeler T	2025-05-15	Nat Commun	www.ncbi.nlm.nih.gov/pubmed/40374629	Combining cross-sectional and longitudinal genomic approaches to identify determinants of cognitive and physical decline.	Hand grip strength (baseline)	404,112 European ancestry individuals	NA	3p13	3	71081048		FOXP1			ENSG00000114861			rs57644674-G	rs57644674	0	57644674	intron_variant	0	0.779533	8E-9	8.096910013008056		0.00996511	[0.0066-0.0133] unit increase	Affymetrix [9804480] (imputed)	N	grip strength measurement	http://www.ebi.ac.uk/efo/EFO_0006941	GCST90565845	Genome-wide genotyping array
2025-07-29	40374629	Schoeler T	2025-05-15	Nat Commun	www.ncbi.nlm.nih.gov/pubmed/40374629	Combining cross-sectional and longitudinal genomic approaches to identify determinants of cognitive and physical decline.	Hand grip strength (baseline)	404,112 European ancestry individuals	NA	3p13	3	71327503		FOXP1			ENSG00000114861			rs57963523-T	rs57963523	0	57963523	intron_variant	0	0.568466	7E-9	8.154901959985743		0.00880451	[0.0058-0.0118] unit decrease	Affymetrix [9804480] (imputed)	N	grip strength measurement	http://www.ebi.ac.uk/efo/EFO_0006941	GCST90565845	Genome-wide genotyping array
